Date,Actual,Predicted,MAE,MSE,RMSE,MAPE,R2
2018-04-26,87.10052490234375,81.46679,10.681025314527993,177.6559432485816,13.3287637554494,4.35737666750146,0.988311754234839
2018-04-27,88.54203796386719,81.22638,10.681025314527993,177.6559432485816,13.3287637554494,4.35737666750146,0.988311754234839
2018-04-30,86.4167251586914,81.95638,10.681025314527993,177.6559432485816,13.3287637554494,4.35737666750146,0.988311754234839
2018-05-01,87.7843246459961,82.19811,10.681025314527993,177.6559432485816,13.3287637554494,4.35737666750146,0.988311754234839
2018-05-02,86.40750885009766,81.979294,10.681025314527993,177.6559432485816,13.3287637554494,4.35737666750146,0.988311754234839
2018-05-03,86.92496490478516,82.016785,10.681025314527993,177.6559432485816,13.3287637554494,4.35737666750146,0.988311754234839
2018-05-04,87.93215942382812,81.4757,10.681025314527993,177.6559432485816,13.3287637554494,4.35737666750146,0.988311754234839
2018-05-07,88.91168212890625,81.85389,10.681025314527993,177.6559432485816,13.3287637554494,4.35737666750146,0.988311754234839
2018-05-08,88.53280639648438,82.02897,10.681025314527993,177.6559432485816,13.3287637554494,4.35737666750146,0.988311754234839
2018-05-09,89.57697296142578,82.45492,10.681025314527993,177.6559432485816,13.3287637554494,4.35737666750146,0.988311754234839
2018-05-10,90.47332763671876,82.49368,10.681025314527993,177.6559432485816,13.3287637554494,4.35737666750146,0.988311754234839
2018-05-11,90.27924346923828,82.76705,10.681025314527993,177.6559432485816,13.3287637554494,4.35737666750146,0.988311754234839
2018-05-14,90.58417510986328,82.56988,10.681025314527993,177.6559432485816,13.3287637554494,4.35737666750146,0.988311754234839
2018-05-15,89.92813110351562,83.53706,10.681025314527993,177.6559432485816,13.3287637554494,4.35737666750146,0.988311754234839
2018-05-16,90.16011810302734,83.59309,10.681025314527993,177.6559432485816,13.3287637554494,4.35737666750146,0.988311754234839
2018-05-17,89.25991058349611,84.335976,10.681025314527993,177.6559432485816,13.3287637554494,4.35737666750146,0.988311754234839
2018-05-18,89.42694091796875,84.84715,10.681025314527993,177.6559432485816,13.3287637554494,4.35737666750146,0.988311754234839
2018-05-21,90.57775115966795,84.27583,10.681025314527993,177.6559432485816,13.3287637554494,4.35737666750146,0.988311754234839
2018-05-22,90.48495483398438,84.768616,10.681025314527993,177.6559432485816,13.3287637554494,4.35737666750146,0.988311754234839
2018-05-23,91.56148529052734,84.99948,10.681025314527993,177.6559432485816,13.3287637554494,4.35737666750146,0.988311754234839
2018-05-24,91.23666381835938,85.804504,10.681025314527993,177.6559432485816,13.3287637554494,4.35737666750146,0.988311754234839
2018-05-25,91.28307342529295,86.77639,10.681025314527993,177.6559432485816,13.3287637554494,4.35737666750146,0.988311754234839
2018-05-29,90.95826721191406,85.92631,10.681025314527993,177.6559432485816,13.3287637554494,4.35737666750146,0.988311754234839
2018-05-30,91.83062744140624,86.519066,10.681025314527993,177.6559432485816,13.3287637554494,4.35737666750146,0.988311754234839
2018-05-31,91.728515625,86.602516,10.681025314527993,177.6559432485816,13.3287637554494,4.35737666750146,0.988311754234839
2018-06-01,93.53822326660156,86.168304,10.681025314527993,177.6559432485816,13.3287637554494,4.35737666750146,0.988311754234839
2018-06-04,94.35490417480467,86.213,10.681025314527993,177.6559432485816,13.3287637554494,4.35737666750146,0.988311754234839
2018-06-05,94.8375015258789,85.37115,10.681025314527993,177.6559432485816,13.3287637554494,4.35737666750146,0.988311754234839
2018-06-06,95.11591339111328,86.102615,10.681025314527993,177.6559432485816,13.3287637554494,4.35737666750146,0.988311754234839
2018-06-07,93.62174987792967,86.86723,10.681025314527993,177.6559432485816,13.3287637554494,4.35737666750146,0.988311754234839
2018-06-08,94.31780242919922,86.96443,10.681025314527993,177.6559432485816,13.3287637554494,4.35737666750146,0.988311754234839
2018-06-11,93.77954864501952,87.76761,10.681025314527993,177.6559432485816,13.3287637554494,4.35737666750146,0.988311754234839
2018-06-12,94.02084350585938,87.14179,10.681025314527993,177.6559432485816,13.3287637554494,4.35737666750146,0.988311754234839
2018-06-13,93.59391784667967,86.9415,10.681025314527993,177.6559432485816,13.3287637554494,4.35737666750146,0.988311754234839
2018-06-14,94.12289428710938,87.04445,10.681025314527993,177.6559432485816,13.3287637554494,4.35737666750146,0.988311754234839
2018-06-15,92.92572784423828,86.87987,10.681025314527993,177.6559432485816,13.3287637554494,4.35737666750146,0.988311754234839
2018-06-18,93.60318756103516,87.66014,10.681025314527993,177.6559432485816,13.3287637554494,4.35737666750146,0.988311754234839
2018-06-19,93.60318756103516,87.78365,10.681025314527993,177.6559432485816,13.3287637554494,4.35737666750146,0.988311754234839
2018-06-20,94.54052734375,88.41081,10.681025314527993,177.6559432485816,13.3287637554494,4.35737666750146,0.988311754234839
2018-06-21,93.86304473876952,88.15789,10.681025314527993,177.6559432485816,13.3287637554494,4.35737666750146,0.988311754234839
2018-06-22,93.18558502197266,88.63369,10.681025314527993,177.6559432485816,13.3287637554494,4.35737666750146,0.988311754234839
2018-06-25,91.31092071533205,88.372665,10.681025314527993,177.6559432485816,13.3287637554494,4.35737666750146,0.988311754234839
2018-06-26,91.95126342773438,88.45638,10.681025314527993,177.6559432485816,13.3287637554494,4.35737666750146,0.988311754234839
2018-06-27,90.52207946777344,88.5636,10.681025314527993,177.6559432485816,13.3287637554494,4.35737666750146,0.988311754234839
2018-06-28,91.53363800048828,88.23843,10.681025314527993,177.6559432485816,13.3287637554494,4.35737666750146,0.988311754234839
2018-06-29,91.51508331298828,88.29027,10.681025314527993,177.6559432485816,13.3287637554494,4.35737666750146,0.988311754234839
2018-07-02,92.8143539428711,88.85764,10.681025314527993,177.6559432485816,13.3287637554494,4.35737666750146,0.988311754234839
2018-07-03,91.9234390258789,88.61693,10.681025314527993,177.6559432485816,13.3287637554494,4.35737666750146,0.988311754234839
2018-07-05,92.58235168457033,88.64165,10.681025314527993,177.6559432485816,13.3287637554494,4.35737666750146,0.988311754234839
2018-07-06,93.8816146850586,88.3776,10.681025314527993,177.6559432485816,13.3287637554494,4.35737666750146,0.988311754234839
2018-07-09,94.52198028564452,88.492134,10.681025314527993,177.6559432485816,13.3287637554494,4.35737666750146,0.988311754234839
2018-07-10,94.77253723144533,88.48624,10.681025314527993,177.6559432485816,13.3287637554494,4.35737666750146,0.988311754234839
2018-07-11,94.6426239013672,88.49907,10.681025314527993,177.6559432485816,13.3287637554494,4.35737666750146,0.988311754234839
2018-07-12,96.69361877441408,88.66451,10.681025314527993,177.6559432485816,13.3287637554494,4.35737666750146,0.988311754234839
2018-07-13,97.84437561035156,89.144585,10.681025314527993,177.6559432485816,13.3287637554494,4.35737666750146,0.988311754234839
2018-07-16,97.36180114746094,89.13668,10.681025314527993,177.6559432485816,13.3287637554494,4.35737666750146,0.988311754234839
2018-07-17,98.32699584960938,89.86167,10.681025314527993,177.6559432485816,13.3287637554494,4.35737666750146,0.988311754234839
2018-07-18,97.55670166015624,90.17695,10.681025314527993,177.6559432485816,13.3287637554494,4.35737666750146,0.988311754234839
2018-07-19,96.88848114013672,90.7965,10.681025314527993,177.6559432485816,13.3287637554494,4.35737666750146,0.988311754234839
2018-07-20,98.62394714355467,90.556,10.681025314527993,177.6559432485816,13.3287637554494,4.35737666750146,0.988311754234839
2018-07-23,100.20165252685548,90.45123,10.681025314527993,177.6559432485816,13.3287637554494,4.35737666750146,0.988311754234839
2018-07-24,99.91392517089844,90.68775,10.681025314527993,177.6559432485816,13.3287637554494,4.35737666750146,0.988311754234839
2018-07-25,102.8558578491211,91.51898,10.681025314527993,177.6559432485816,13.3287637554494,4.35737666750146,0.988311754234839
2018-07-26,101.73291778564452,91.80731,10.681025314527993,177.6559432485816,13.3287637554494,4.35737666750146,0.988311754234839
2018-07-27,99.93250274658205,92.829544,10.681025314527993,177.6559432485816,13.3287637554494,4.35737666750146,0.988311754234839
2018-07-30,97.78873443603514,92.48296,10.681025314527993,177.6559432485816,13.3287637554494,4.35737666750146,0.988311754234839
2018-07-31,98.44762420654295,92.4205,10.681025314527993,177.6559432485816,13.3287637554494,4.35737666750146,0.988311754234839
2018-08-01,98.63323211669922,92.31359,10.681025314527993,177.6559432485816,13.3287637554494,4.35737666750146,0.988311754234839
2018-08-02,99.83042907714844,92.51072,10.681025314527993,177.6559432485816,13.3287637554494,4.35737666750146,0.988311754234839
2018-08-03,100.26659393310548,91.989006,10.681025314527993,177.6559432485816,13.3287637554494,4.35737666750146,0.988311754234839
2018-08-06,100.35013580322266,91.940636,10.681025314527993,177.6559432485816,13.3287637554494,4.35737666750146,0.988311754234839
2018-08-07,101.04615020751952,92.09421,10.681025314527993,177.6559432485816,13.3287637554494,4.35737666750146,0.988311754234839
2018-08-08,101.61228942871094,92.29576,10.681025314527993,177.6559432485816,13.3287637554494,4.35737666750146,0.988311754234839
2018-08-09,101.77931213378906,92.94429,10.681025314527993,177.6559432485816,13.3287637554494,4.35737666750146,0.988311754234839
2018-08-10,101.15753936767578,93.43476,10.681025314527993,177.6559432485816,13.3287637554494,4.35737666750146,0.988311754234839
2018-08-13,100.42436981201172,93.83733,10.681025314527993,177.6559432485816,13.3287637554494,4.35737666750146,0.988311754234839
2018-08-14,101.67725372314452,94.2123,10.681025314527993,177.6559432485816,13.3287637554494,4.35737666750146,0.988311754234839
2018-08-15,100.29843139648438,94.319534,10.681025314527993,177.6559432485816,13.3287637554494,4.35737666750146,0.988311754234839
2018-08-16,100.27981567382812,94.519295,10.681025314527993,177.6559432485816,13.3287637554494,4.35737666750146,0.988311754234839
2018-08-17,100.2239227294922,94.33618,10.681025314527993,177.6559432485816,13.3287637554494,4.35737666750146,0.988311754234839
2018-08-20,99.56246185302734,95.0382,10.681025314527993,177.6559432485816,13.3287637554494,4.35737666750146,0.988311754234839
2018-08-21,98.73332977294922,95.76076,10.681025314527993,177.6559432485816,13.3287637554494,4.35737666750146,0.988311754234839
2018-08-22,99.7394561767578,96.109055,10.681025314527993,177.6559432485816,13.3287637554494,4.35737666750146,0.988311754234839
2018-08-23,100.20526885986328,95.62242,10.681025314527993,177.6559432485816,13.3287637554494,4.35737666750146,0.988311754234839
2018-08-24,100.98786163330078,95.96819,10.681025314527993,177.6559432485816,13.3287637554494,4.35737666750146,0.988311754234839
2018-08-27,102.10578918457033,95.649765,10.681025314527993,177.6559432485816,13.3287637554494,4.35737666750146,0.988311754234839
2018-08-28,102.72064208984376,96.07016,10.681025314527993,177.6559432485816,13.3287637554494,4.35737666750146,0.988311754234839
2018-08-29,104.3603057861328,96.087685,10.681025314527993,177.6559432485816,13.3287637554494,4.35737666750146,0.988311754234839
2018-08-30,104.29510498046876,96.4555,10.681025314527993,177.6559432485816,13.3287637554494,4.35737666750146,0.988311754234839
2018-08-31,104.64909362792967,96.82983,10.681025314527993,177.6559432485816,13.3287637554494,4.35737666750146,0.988311754234839
2018-09-04,104.07150268554689,97.44326,10.681025314527993,177.6559432485816,13.3287637554494,4.35737666750146,0.988311754234839
2018-09-05,101.0716781616211,97.84136,10.681025314527993,177.6559432485816,13.3287637554494,4.35737666750146,0.988311754234839
2018-09-06,101.30460357666016,97.68449,10.681025314527993,177.6559432485816,13.3287637554494,4.35737666750146,0.988311754234839
2018-09-07,100.8108367919922,96.514145,10.681025314527993,177.6559432485816,13.3287637554494,4.35737666750146,0.988311754234839
2018-09-10,101.90082550048828,96.314514,10.681025314527993,177.6559432485816,13.3287637554494,4.35737666750146,0.988311754234839
2018-09-11,103.63363647460938,96.01245,10.681025314527993,177.6559432485816,13.3287637554494,4.35737666750146,0.988311754234839
2018-09-12,104.07150268554689,96.45843,10.681025314527993,177.6559432485816,13.3287637554494,4.35737666750146,0.988311754234839
2018-09-13,105.189453125,97.29399,10.681025314527993,177.6559432485816,13.3287637554494,4.35737666750146,0.988311754234839
2018-09-14,105.61802673339844,97.741455,10.681025314527993,177.6559432485816,13.3287637554494,4.35737666750146,0.988311754234839
2018-09-17,104.4720993041992,98.61508,10.681025314527993,177.6559432485816,13.3287637554494,4.35737666750146,0.988311754234839
2018-09-18,105.46895599365234,97.92382,10.681025314527993,177.6559432485816,13.3287637554494,4.35737666750146,0.988311754234839
2018-09-19,104.06217956542969,97.46057,10.681025314527993,177.6559432485816,13.3287637554494,4.35737666750146,0.988311754234839
2018-09-20,105.80432891845705,97.64122,10.681025314527993,177.6559432485816,13.3287637554494,4.35737666750146,0.988311754234839
2018-09-21,106.44715118408205,96.9729,10.681025314527993,177.6559432485816,13.3287637554494,4.35737666750146,0.988311754234839
2018-09-24,106.82913208007812,97.675804,10.681025314527993,177.6559432485816,13.3287637554494,4.35737666750146,0.988311754234839
2018-09-25,106.62417602539062,97.895226,10.681025314527993,177.6559432485816,13.3287637554494,4.35737666750146,0.988311754234839
2018-09-26,106.1863021850586,98.2757,10.681025314527993,177.6559432485816,13.3287637554494,4.35737666750146,0.988311754234839
2018-09-27,106.58690643310548,99.26852,10.681025314527993,177.6559432485816,13.3287637554494,4.35737666750146,0.988311754234839
2018-09-28,106.54962158203122,99.29627,10.681025314527993,177.6559432485816,13.3287637554494,4.35737666750146,0.988311754234839
2018-10-01,107.704833984375,99.38633,10.681025314527993,177.6559432485816,13.3287637554494,4.35737666750146,0.988311754234839
2018-10-02,107.27628326416016,99.51901,10.681025314527993,177.6559432485816,13.3287637554494,4.35737666750146,0.988311754234839
2018-10-03,107.294921875,99.54224,10.681025314527993,177.6559432485816,13.3287637554494,4.35737666750146,0.988311754234839
2018-10-04,105.0776596069336,100.46723,10.681025314527993,177.6559432485816,13.3287637554494,4.35737666750146,0.988311754234839
2018-10-05,104.46277618408205,100.69705,10.681025314527993,177.6559432485816,13.3287637554494,4.35737666750146,0.988311754234839
2018-10-08,103.2702865600586,100.61801,10.681025314527993,177.6559432485816,13.3287637554494,4.35737666750146,0.988311754234839
2018-10-09,104.58390045166016,100.82233,10.681025314527993,177.6559432485816,13.3287637554494,4.35737666750146,0.988311754234839
2018-10-10,98.90098571777344,100.44561,10.681025314527993,177.6559432485816,13.3287637554494,4.35737666750146,0.988311754234839
2018-10-11,98.66810607910156,100.50899,10.681025314527993,177.6559432485816,13.3287637554494,4.35737666750146,0.988311754234839
2018-10-12,102.07785034179688,99.82236,10.681025314527993,177.6559432485816,13.3287637554494,4.35737666750146,0.988311754234839
2018-10-15,100.24252319335938,99.636246,10.681025314527993,177.6559432485816,13.3287637554494,4.35737666750146,0.988311754234839
2018-10-16,103.41004943847656,98.86687,10.681025314527993,177.6559432485816,13.3287637554494,4.35737666750146,0.988311754234839
2018-10-17,103.1398696899414,98.00932,10.681025314527993,177.6559432485816,13.3287637554494,4.35737666750146,0.988311754234839
2018-10-18,101.08101654052734,98.99697,10.681025314527993,177.6559432485816,13.3287637554494,4.35737666750146,0.988311754234839
2018-10-19,101.23008728027342,99.48712,10.681025314527993,177.6559432485816,13.3287637554494,4.35737666750146,0.988311754234839
2018-10-22,102.13373565673828,99.492546,10.681025314527993,177.6559432485816,13.3287637554494,4.35737666750146,0.988311754234839
2018-10-23,100.70835876464844,99.6909,10.681025314527993,177.6559432485816,13.3287637554494,4.35737666750146,0.988311754234839
2018-10-24,95.3235855102539,99.27608,10.681025314527993,177.6559432485816,13.3287637554494,4.35737666750146,0.988311754234839
2018-10-25,100.89469146728517,98.88011,10.681025314527993,177.6559432485816,13.3287637554494,4.35737666750146,0.988311754234839
2018-10-26,99.64630126953122,98.034,10.681025314527993,177.6559432485816,13.3287637554494,4.35737666750146,0.988311754234839
2018-10-29,96.74896240234376,98.313705,10.681025314527993,177.6559432485816,13.3287637554494,4.35737666750146,0.988311754234839
2018-10-30,96.63717651367188,97.3812,10.681025314527993,177.6559432485816,13.3287637554494,4.35737666750146,0.988311754234839
2018-10-31,99.5065460205078,97.04731,10.681025314527993,177.6559432485816,13.3287637554494,4.35737666750146,0.988311754234839
2018-11-01,98.67741394042967,98.32019,10.681025314527993,177.6559432485816,13.3287637554494,4.35737666750146,0.988311754234839
2018-11-02,98.90098571777344,98.827484,10.681025314527993,177.6559432485816,13.3287637554494,4.35737666750146,0.988311754234839
2018-11-05,100.15870666503906,97.33044,10.681025314527993,177.6559432485816,13.3287637554494,4.35737666750146,0.988311754234839
2018-11-06,100.3543472290039,97.85683,10.681025314527993,177.6559432485816,13.3287637554494,4.35737666750146,0.988311754234839
2018-11-07,104.3044204711914,96.03823,10.681025314527993,177.6559432485816,13.3287637554494,4.35737666750146,0.988311754234839
2018-11-08,104.1087875366211,97.32149,10.681025314527993,177.6559432485816,13.3287637554494,4.35737666750146,0.988311754234839
2018-11-09,102.07785034179688,98.074295,10.681025314527993,177.6559432485816,13.3287637554494,4.35737666750146,0.988311754234839
2018-11-12,99.56246185302734,97.47989,10.681025314527993,177.6559432485816,13.3287637554494,4.35737666750146,0.988311754234839
2018-11-13,99.62767791748048,98.205345,10.681025314527993,177.6559432485816,13.3287637554494,4.35737666750146,0.988311754234839
2018-11-14,98.21484375,97.594284,10.681025314527993,177.6559432485816,13.3287637554494,4.35737666750146,0.988311754234839
2018-11-15,100.37619018554688,97.30609,10.681025314527993,177.6559432485816,13.3287637554494,4.35737666750146,0.988311754234839
2018-11-16,101.32118988037111,96.10433,10.681025314527993,177.6559432485816,13.3287637554494,4.35737666750146,0.988311754234839
2018-11-19,97.88737487792967,95.560875,10.681025314527993,177.6559432485816,13.3287637554494,4.35737666750146,0.988311754234839
2018-11-20,95.16464233398438,95.73385,10.681025314527993,177.6559432485816,13.3287637554494,4.35737666750146,0.988311754234839
2018-11-21,96.47454833984376,96.45688,10.681025314527993,177.6559432485816,13.3287637554494,4.35737666750146,0.988311754234839
2018-11-23,96.43712615966795,97.12339,10.681025314527993,177.6559432485816,13.3287637554494,4.35737666750146,0.988311754234839
2018-11-26,99.61832427978516,96.427795,10.681025314527993,177.6559432485816,13.3287637554494,4.35737666750146,0.988311754234839
2018-11-27,100.24520111083984,94.71222,10.681025314527993,177.6559432485816,13.3287637554494,4.35737666750146,0.988311754234839
2018-11-28,103.96907043457033,95.99915,10.681025314527993,177.6559432485816,13.3287637554494,4.35737666750146,0.988311754234839
2018-11-29,103.0989227294922,96.383736,10.681025314527993,177.6559432485816,13.3287637554494,4.35737666750146,0.988311754234839
2018-11-30,103.75386810302734,95.12004,10.681025314527993,177.6559432485816,13.3287637554494,4.35737666750146,0.988311754234839
2018-12-03,104.87664794921876,95.5483,10.681025314527993,177.6559432485816,13.3287637554494,4.35737666750146,0.988311754234839
2018-12-04,101.5363998413086,95.435005,10.681025314527993,177.6559432485816,13.3287637554494,4.35737666750146,0.988311754234839
2018-12-06,102.16326904296876,96.712875,10.681025314527993,177.6559432485816,13.3287637554494,4.35737666750146,0.988311754234839
2018-12-07,98.07450103759766,96.53692,10.681025314527993,177.6559432485816,13.3287637554494,4.35737666750146,0.988311754234839
2018-12-10,100.66625213623048,96.13684,10.681025314527993,177.6559432485816,13.3287637554494,4.35737666750146,0.988311754234839
2018-12-11,101.60189056396484,96.33823,10.681025314527993,177.6559432485816,13.3287637554494,4.35737666750146,0.988311754234839
2018-12-12,102.0603485107422,95.8553,10.681025314527993,177.6559432485816,13.3287637554494,4.35737666750146,0.988311754234839
2018-12-13,102.40655517578124,97.61894,10.681025314527993,177.6559432485816,13.3287637554494,4.35737666750146,0.988311754234839
2018-12-14,99.20661926269533,97.07228,10.681025314527993,177.6559432485816,13.3287637554494,4.35737666750146,0.988311754234839
2018-12-17,96.2686996459961,97.83214,10.681025314527993,177.6559432485816,13.3287637554494,4.35737666750146,0.988311754234839
2018-12-18,97.27921295166016,98.72008,10.681025314527993,177.6559432485816,13.3287637554494,4.35737666750146,0.988311754234839
2018-12-19,97.01721954345703,97.0404,10.681025314527993,177.6559432485816,13.3287637554494,4.35737666750146,0.988311754234839
2018-12-20,94.9775161743164,97.38983,10.681025314527993,177.6559432485816,13.3287637554494,4.35737666750146,0.988311754234839
2018-12-21,91.90859985351562,96.32466,10.681025314527993,177.6559432485816,13.3287637554494,4.35737666750146,0.988311754234839
2018-12-24,88.07246398925781,95.49669,10.681025314527993,177.6559432485816,13.3287637554494,4.35737666750146,0.988311754234839
2018-12-26,94.0886459350586,95.19595,10.681025314527993,177.6559432485816,13.3287637554494,4.35737666750146,0.988311754234839
2018-12-27,94.6687469482422,92.814644,10.681025314527993,177.6559432485816,13.3287637554494,4.35737666750146,0.988311754234839
2018-12-28,93.92957305908205,93.51262,10.681025314527993,177.6559432485816,13.3287637554494,4.35737666750146,0.988311754234839
2018-12-31,95.03363800048828,93.354996,10.681025314527993,177.6559432485816,13.3287637554494,4.35737666750146,0.988311754234839
2019-01-02,94.61260986328124,93.133865,10.681025314527993,177.6559432485816,13.3287637554494,4.35737666750146,0.988311754234839
2019-01-03,91.13197326660156,94.04835,10.681025314527993,177.6559432485816,13.3287637554494,4.35737666750146,0.988311754234839
2019-01-04,95.37049102783205,92.475266,10.681025314527993,177.6559432485816,13.3287637554494,4.35737666750146,0.988311754234839
2019-01-07,95.49211883544922,90.3471,10.681025314527993,177.6559432485816,13.3287637554494,4.35737666750146,0.988311754234839
2019-01-08,96.18449401855467,90.87378,10.681025314527993,177.6559432485816,13.3287637554494,4.35737666750146,0.988311754234839
2019-01-09,97.55989074707033,92.31161,10.681025314527993,177.6559432485816,13.3287637554494,4.35737666750146,0.988311754234839
2019-01-10,96.93299102783205,93.83326,10.681025314527993,177.6559432485816,13.3287637554494,4.35737666750146,0.988311754234839
2019-01-11,96.18449401855467,94.59468,10.681025314527993,177.6559432485816,13.3287637554494,4.35737666750146,0.988311754234839
2019-01-14,95.48273468017578,93.520226,10.681025314527993,177.6559432485816,13.3287637554494,4.35737666750146,0.988311754234839
2019-01-15,98.25228881835938,93.063835,10.681025314527993,177.6559432485816,13.3287637554494,4.35737666750146,0.988311754234839
2019-01-16,98.5984344482422,92.67075,10.681025314527993,177.6559432485816,13.3287637554494,4.35737666750146,0.988311754234839
2019-01-17,99.29086303710938,93.2114,10.681025314527993,177.6559432485816,13.3287637554494,4.35737666750146,0.988311754234839
2019-01-18,100.77853393554688,92.397964,10.681025314527993,177.6559432485816,13.3287637554494,4.35737666750146,0.988311754234839
2019-01-22,98.87918090820312,92.1742,10.681025314527993,177.6559432485816,13.3287637554494,4.35737666750146,0.988311754234839
2019-01-23,99.84286499023438,94.26336,10.681025314527993,177.6559432485816,13.3287637554494,4.35737666750146,0.988311754234839
2019-01-24,99.36566925048828,94.557106,10.681025314527993,177.6559432485816,13.3287637554494,4.35737666750146,0.988311754234839
2019-01-25,100.27328491210938,96.254074,10.681025314527993,177.6559432485816,13.3287637554494,4.35737666750146,0.988311754234839
2019-01-28,98.31776428222656,94.6269,10.681025314527993,177.6559432485816,13.3287637554494,4.35737666750146,0.988311754234839
2019-01-29,96.31549835205078,93.90566,10.681025314527993,177.6559432485816,13.3287637554494,4.35737666750146,0.988311754234839
2019-01-30,99.53411102294922,93.45265,10.681025314527993,177.6559432485816,13.3287637554494,4.35737666750146,0.988311754234839
2019-01-31,97.70960235595705,92.70807,10.681025314527993,177.6559432485816,13.3287637554494,4.35737666750146,0.988311754234839
2019-02-01,96.16576385498048,93.07828,10.681025314527993,177.6559432485816,13.3287637554494,4.35737666750146,0.988311754234839
2019-02-04,98.935302734375,92.44297,10.681025314527993,177.6559432485816,13.3287637554494,4.35737666750146,0.988311754234839
2019-02-05,100.32006072998048,92.21673,10.681025314527993,177.6559432485816,13.3287637554494,4.35737666750146,0.988311754234839
2019-02-06,99.20661926269533,93.204285,10.681025314527993,177.6559432485816,13.3287637554494,4.35737666750146,0.988311754234839
2019-02-07,98.49553680419922,92.037865,10.681025314527993,177.6559432485816,13.3287637554494,4.35737666750146,0.988311754234839
2019-02-08,98.86980438232422,92.32594,10.681025314527993,177.6559432485816,13.3287637554494,4.35737666750146,0.988311754234839
2019-02-11,98.47681427001952,92.85313,10.681025314527993,177.6559432485816,13.3287637554494,4.35737666750146,0.988311754234839
2019-02-12,100.01130676269533,93.86224,10.681025314527993,177.6559432485816,13.3287637554494,4.35737666750146,0.988311754234839
2019-02-13,99.9364242553711,93.97345,10.681025314527993,177.6559432485816,13.3287637554494,4.35737666750146,0.988311754234839
2019-02-14,100.02063751220705,92.47483,10.681025314527993,177.6559432485816,13.3287637554494,4.35737666750146,0.988311754234839
2019-02-15,101.25572204589844,94.22777,10.681025314527993,177.6559432485816,13.3287637554494,4.35737666750146,0.988311754234839
2019-02-19,101.20889282226562,93.35636,10.681025314527993,177.6559432485816,13.3287637554494,4.35737666750146,0.988311754234839
2019-02-20,100.68270874023438,94.92911,10.681025314527993,177.6559432485816,13.3287637554494,4.35737666750146,0.988311754234839
2019-02-21,102.80631256103516,96.050964,10.681025314527993,177.6559432485816,13.3287637554494,4.35737666750146,0.988311754234839
2019-02-22,104.27216339111328,96.05237,10.681025314527993,177.6559432485816,13.3287637554494,4.35737666750146,0.988311754234839
2019-02-25,104.85472106933594,96.59029,10.681025314527993,177.6559432485816,13.3287637554494,4.35737666750146,0.988311754234839
2019-02-26,105.57826232910156,96.44824,10.681025314527993,177.6559432485816,13.3287637554494,4.35737666750146,0.988311754234839
2019-02-27,105.39973449707033,96.784454,10.681025314527993,177.6559432485816,13.3287637554494,4.35737666750146,0.988311754234839
2019-02-28,105.2681884765625,97.74604,10.681025314527993,177.6559432485816,13.3287637554494,4.35737666750146,0.988311754234839
2019-03-01,105.73797607421876,97.55691,10.681025314527993,177.6559432485816,13.3287637554494,4.35737666750146,0.988311754234839
2019-03-04,105.48429107666016,97.933266,10.681025314527993,177.6559432485816,13.3287637554494,4.35737666750146,0.988311754234839
2019-03-05,104.95809173583986,99.238396,10.681025314527993,177.6559432485816,13.3287637554494,4.35737666750146,0.988311754234839
2019-03-06,105.0050811767578,98.322525,10.681025314527993,177.6559432485816,13.3287637554494,4.35737666750146,0.988311754234839
2019-03-07,103.72715759277344,98.25462,10.681025314527993,177.6559432485816,13.3287637554494,4.35737666750146,0.988311754234839
2019-03-08,103.83990478515624,97.57636,10.681025314527993,177.6559432485816,13.3287637554494,4.35737666750146,0.988311754234839
2019-03-11,106.01988983154295,97.2307,10.681025314527993,177.6559432485816,13.3287637554494,4.35737666750146,0.988311754234839
2019-03-12,106.76219940185547,98.21871,10.681025314527993,177.6559432485816,13.3287637554494,4.35737666750146,0.988311754234839
2019-03-13,107.58907318115234,98.14288,10.681025314527993,177.6559432485816,13.3287637554494,4.35737666750146,0.988311754234839
2019-03-14,107.67366790771484,98.29816,10.681025314527993,177.6559432485816,13.3287637554494,4.35737666750146,0.988311754234839
2019-03-15,108.91399383544922,99.06625,10.681025314527993,177.6559432485816,13.3287637554494,4.35737666750146,0.988311754234839
2019-03-18,110.47379302978516,98.52999,10.681025314527993,177.6559432485816,13.3287637554494,4.35737666750146,0.988311754234839
2019-03-19,110.54896545410156,99.00915,10.681025314527993,177.6559432485816,13.3287637554494,4.35737666750146,0.988311754234839
2019-03-20,110.42681121826172,98.834724,10.681025314527993,177.6559432485816,13.3287637554494,4.35737666750146,0.988311754234839
2019-03-21,112.96383666992188,99.65934,10.681025314527993,177.6559432485816,13.3287637554494,4.35737666750146,0.988311754234839
2019-03-22,109.98517608642578,100.89643,10.681025314527993,177.6559432485816,13.3287637554494,4.35737666750146,0.988311754234839
2019-03-25,110.55836486816406,100.53947,10.681025314527993,177.6559432485816,13.3287637554494,4.35737666750146,0.988311754234839
2019-03-26,110.79326629638672,100.46541,10.681025314527993,177.6559432485816,13.3287637554494,4.35737666750146,0.988311754234839
2019-03-27,109.72207641601562,101.359146,10.681025314527993,177.6559432485816,13.3287637554494,4.35737666750146,0.988311754234839
2019-03-28,109.87242126464844,102.29114,10.681025314527993,177.6559432485816,13.3287637554494,4.35737666750146,0.988311754234839
2019-03-29,110.82147216796876,102.70186,10.681025314527993,177.6559432485816,13.3287637554494,4.35737666750146,0.988311754234839
2019-04-01,111.83627319335938,102.97652,10.681025314527993,177.6559432485816,13.3287637554494,4.35737666750146,0.988311754234839
2019-04-02,111.99601745605467,103.82997,10.681025314527993,177.6559432485816,13.3287637554494,4.35737666750146,0.988311754234839
2019-04-03,112.72892761230467,103.31565,10.681025314527993,177.6559432485816,13.3287637554494,4.35737666750146,0.988311754234839
2019-04-04,112.15577697753906,103.954185,10.681025314527993,177.6559432485816,13.3287637554494,4.35737666750146,0.988311754234839
2019-04-05,112.65374755859376,104.724464,10.681025314527993,177.6559432485816,13.3287637554494,4.35737666750146,0.988311754234839
2019-04-08,112.69136810302734,105.11121,10.681025314527993,177.6559432485816,13.3287637554494,4.35737666750146,0.988311754234839
2019-04-09,112.0805892944336,105.19274,10.681025314527993,177.6559432485816,13.3287637554494,4.35737666750146,0.988311754234839
2019-04-10,112.93567657470705,104.81754,10.681025314527993,177.6559432485816,13.3287637554494,4.35737666750146,0.988311754234839
2019-04-11,113.06719207763672,105.061714,10.681025314527993,177.6559432485816,13.3287637554494,4.35737666750146,0.988311754234839
2019-04-12,113.64978790283205,105.06852,10.681025314527993,177.6559432485816,13.3287637554494,4.35737666750146,0.988311754234839
2019-04-15,113.7437515258789,105.05916,10.681025314527993,177.6559432485816,13.3287637554494,4.35737666750146,0.988311754234839
2019-04-16,113.48062133789062,105.48819,10.681025314527993,177.6559432485816,13.3287637554494,4.35737666750146,0.988311754234839
2019-04-17,114.42028045654295,105.896484,10.681025314527993,177.6559432485816,13.3287637554494,4.35737666750146,0.988311754234839
2019-04-18,115.92373657226562,106.56061,10.681025314527993,177.6559432485816,13.3287637554494,4.35737666750146,0.988311754234839
2019-04-22,116.2901840209961,106.48924,10.681025314527993,177.6559432485816,13.3287637554494,4.35737666750146,0.988311754234839
2019-04-23,117.8687744140625,107.06718,10.681025314527993,177.6559432485816,13.3287637554494,4.35737666750146,0.988311754234839
2019-04-24,117.46473693847656,107.15481,10.681025314527993,177.6559432485816,13.3287637554494,4.35737666750146,0.988311754234839
2019-04-25,121.35484313964844,107.88189,10.681025314527993,177.6559432485816,13.3287637554494,4.35737666750146,0.988311754234839
2019-04-26,122.0501708984375,108.20464,10.681025314527993,177.6559432485816,13.3287637554494,4.35737666750146,0.988311754234839
2019-04-29,121.93743896484376,109.011604,10.681025314527993,177.6559432485816,13.3287637554494,4.35737666750146,0.988311754234839
2019-04-30,122.71734619140624,109.13243,10.681025314527993,177.6559432485816,13.3287637554494,4.35737666750146,0.988311754234839
2019-05-01,120.1614990234375,109.936905,10.681025314527993,177.6559432485816,13.3287637554494,4.35737666750146,0.988311754234839
2019-05-02,118.59229278564452,110.56087,10.681025314527993,177.6559432485816,13.3287637554494,4.35737666750146,0.988311754234839
2019-05-03,121.11991119384766,110.46866,10.681025314527993,177.6559432485816,13.3287637554494,4.35737666750146,0.988311754234839
2019-05-06,120.41519927978516,110.77484,10.681025314527993,177.6559432485816,13.3287637554494,4.35737666750146,0.988311754234839
2019-05-07,117.94393157958984,111.14573,10.681025314527993,177.6559432485816,13.3287637554494,4.35737666750146,0.988311754234839
2019-05-08,117.93455505371094,111.13945,10.681025314527993,177.6559432485816,13.3287637554494,4.35737666750146,0.988311754234839
2019-05-09,117.92517852783205,111.934296,10.681025314527993,177.6559432485816,13.3287637554494,4.35737666750146,0.988311754234839
2019-05-10,119.45677947998048,112.586296,10.681025314527993,177.6559432485816,13.3287637554494,4.35737666750146,0.988311754234839
2019-05-13,115.90492248535156,112.17204,10.681025314527993,177.6559432485816,13.3287637554494,4.35737666750146,0.988311754234839
2019-05-14,117.2016372680664,112.228806,10.681025314527993,177.6559432485816,13.3287637554494,4.35737666750146,0.988311754234839
2019-05-15,118.8520736694336,111.7186,10.681025314527993,177.6559432485816,13.3287637554494,4.35737666750146,0.988311754234839
2019-05-16,121.59656524658205,112.54422,10.681025314527993,177.6559432485816,13.3287637554494,4.35737666750146,0.988311754234839
2019-05-17,120.78549194335938,111.82802,10.681025314527993,177.6559432485816,13.3287637554494,4.35737666750146,0.988311754234839
2019-05-20,119.04071807861328,110.73102,10.681025314527993,177.6559432485816,13.3287637554494,4.35737666750146,0.988311754234839
2019-05-21,119.68204498291016,111.38911,10.681025314527993,177.6559432485816,13.3287637554494,4.35737666750146,0.988311754234839
2019-05-22,120.4082489013672,112.296,10.681025314527993,177.6559432485816,13.3287637554494,4.35737666750146,0.988311754234839
2019-05-23,119.00299072265624,112.95897,10.681025314527993,177.6559432485816,13.3287637554494,4.35737666750146,0.988311754234839
2019-05-24,119.05960083007812,113.03663,10.681025314527993,177.6559432485816,13.3287637554494,4.35737666750146,0.988311754234839
2019-05-28,118.9841537475586,112.23766,10.681025314527993,177.6559432485816,13.3287637554494,4.35737666750146,0.988311754234839
2019-05-29,117.83353424072266,113.10836,10.681025314527993,177.6559432485816,13.3287637554494,4.35737666750146,0.988311754234839
2019-05-30,118.57859802246094,113.58373,10.681025314527993,177.6559432485816,13.3287637554494,4.35737666750146,0.988311754234839
2019-05-31,116.64519500732422,113.58662,10.681025314527993,177.6559432485816,13.3287637554494,4.35737666750146,0.988311754234839
2019-06-03,113.02362060546876,114.57727,10.681025314527993,177.6559432485816,13.3287637554494,4.35737666750146,0.988311754234839
2019-06-04,116.1547622680664,113.819916,10.681025314527993,177.6559432485816,13.3287637554494,4.35737666750146,0.988311754234839
2019-06-05,118.67291259765624,114.07434,10.681025314527993,177.6559432485816,13.3287637554494,4.35737666750146,0.988311754234839
2019-06-06,120.54969787597656,115.05341,10.681025314527993,177.6559432485816,13.3287637554494,4.35737666750146,0.988311754234839
2019-06-07,123.92610931396484,114.06256,10.681025314527993,177.6559432485816,13.3287637554494,4.35737666750146,0.988311754234839
2019-06-10,125.05785369873048,113.976425,10.681025314527993,177.6559432485816,13.3287637554494,4.35737666750146,0.988311754234839
2019-06-11,124.5863037109375,114.04082,10.681025314527993,177.6559432485816,13.3287637554494,4.35737666750146,0.988311754234839
2019-06-12,124.01097106933594,115.224396,10.681025314527993,177.6559432485816,13.3287637554494,4.35737666750146,0.988311754234839
2019-06-13,124.79377746582033,115.33116,10.681025314527993,177.6559432485816,13.3287637554494,4.35737666750146,0.988311754234839
2019-06-14,124.9163589477539,115.44171,10.681025314527993,177.6559432485816,13.3287637554494,4.35737666750146,0.988311754234839
2019-06-17,125.29359436035156,114.84876,10.681025314527993,177.6559432485816,13.3287637554494,4.35737666750146,0.988311754234839
2019-06-18,127.47223663330078,115.70436,10.681025314527993,177.6559432485816,13.3287637554494,4.35737666750146,0.988311754234839
2019-06-19,127.97209930419922,116.72779,10.681025314527993,177.6559432485816,13.3287637554494,4.35737666750146,0.988311754234839
2019-06-20,129.16036987304688,117.02554,10.681025314527993,177.6559432485816,13.3287637554494,4.35737666750146,0.988311754234839
2019-06-21,129.17929077148438,116.5635,10.681025314527993,177.6559432485816,13.3287637554494,4.35737666750146,0.988311754234839
2019-06-24,129.9431915283203,117.59534,10.681025314527993,177.6559432485816,13.3287637554494,4.35737666750146,0.988311754234839
2019-06-25,125.840576171875,118.89172,10.681025314527993,177.6559432485816,13.3287637554494,4.35737666750146,0.988311754234839
2019-06-26,126.31218719482422,119.59879,10.681025314527993,177.6559432485816,13.3287637554494,4.35737666750146,0.988311754234839
2019-06-27,126.51969146728516,118.745094,10.681025314527993,177.6559432485816,13.3287637554494,4.35737666750146,0.988311754234839
2019-06-28,126.34052276611328,118.21708,10.681025314527993,177.6559432485816,13.3287637554494,4.35737666750146,0.988311754234839
2019-07-01,127.96263885498048,118.618256,10.681025314527993,177.6559432485816,13.3287637554494,4.35737666750146,0.988311754234839
2019-07-02,128.8114471435547,118.098076,10.681025314527993,177.6559432485816,13.3287637554494,4.35737666750146,0.988311754234839
2019-07-03,129.6414031982422,118.46612,10.681025314527993,177.6559432485816,13.3287637554494,4.35737666750146,0.988311754234839
2019-07-05,129.2641143798828,118.74335,10.681025314527993,177.6559432485816,13.3287637554494,4.35737666750146,0.988311754234839
2019-07-08,129.16986083984375,119.2898,10.681025314527993,177.6559432485816,13.3287637554494,4.35737666750146,0.988311754234839
2019-07-09,128.69825744628906,120.579895,10.681025314527993,177.6559432485816,13.3287637554494,4.35737666750146,0.988311754234839
2019-07-10,130.00926208496094,120.088554,10.681025314527993,177.6559432485816,13.3287637554494,4.35737666750146,0.988311754234839
2019-07-11,130.52793884277344,120.31784,10.681025314527993,177.6559432485816,13.3287637554494,4.35737666750146,0.988311754234839
2019-07-12,130.99948120117188,120.49378,10.681025314527993,177.6559432485816,13.3287637554494,4.35737666750146,0.988311754234839
2019-07-15,130.99948120117188,120.08364,10.681025314527993,177.6559432485816,13.3287637554494,4.35737666750146,0.988311754234839
2019-07-16,129.2830047607422,121.28228,10.681025314527993,177.6559432485816,13.3287637554494,4.35737666750146,0.988311754234839
2019-07-17,128.51905822753906,122.109795,10.681025314527993,177.6559432485816,13.3287637554494,4.35737666750146,0.988311754234839
2019-07-18,128.66055297851562,123.18128,10.681025314527993,177.6559432485816,13.3287637554494,4.35737666750146,0.988311754234839
2019-07-19,128.8491973876953,124.25145,10.681025314527993,177.6559432485816,13.3287637554494,4.35737666750146,0.988311754234839
2019-07-22,130.5562286376953,123.71254,10.681025314527993,177.6559432485816,13.3287637554494,4.35737666750146,0.988311754234839
2019-07-23,131.3672637939453,123.241165,10.681025314527993,177.6559432485816,13.3287637554494,4.35737666750146,0.988311754234839
2019-07-24,132.71597290039062,122.317604,10.681025314527993,177.6559432485816,13.3287637554494,4.35737666750146,0.988311754234839
2019-07-25,132.21609497070312,122.68358,10.681025314527993,177.6559432485816,13.3287637554494,4.35737666750146,0.988311754234839
2019-07-26,133.30072021484375,123.312675,10.681025314527993,177.6559432485816,13.3287637554494,4.35737666750146,0.988311754234839
2019-07-29,133.00833129882812,124.154396,10.681025314527993,177.6559432485816,13.3287637554494,4.35737666750146,0.988311754234839
2019-07-30,132.36700439453125,125.601074,10.681025314527993,177.6559432485816,13.3287637554494,4.35737666750146,0.988311754234839
2019-07-31,128.51905822753906,126.3733,10.681025314527993,177.6559432485816,13.3287637554494,4.35737666750146,0.988311754234839
2019-08-01,130.20724487304688,126.07596,10.681025314527993,177.6559432485816,13.3287637554494,4.35737666750146,0.988311754234839
2019-08-02,129.11322021484375,125.21202,10.681025314527993,177.6559432485816,13.3287637554494,4.35737666750146,0.988311754234839
2019-08-05,124.69001007080078,125.05214,10.681025314527993,177.6559432485816,13.3287637554494,4.35737666750146,0.988311754234839
2019-08-06,127.0289535522461,123.7056,10.681025314527993,177.6559432485816,13.3287637554494,4.35737666750146,0.988311754234839
2019-08-07,127.58541870117188,124.157745,10.681025314527993,177.6559432485816,13.3287637554494,4.35737666750146,0.988311754234839
2019-08-08,130.99008178710938,124.553444,10.681025314527993,177.6559432485816,13.3287637554494,4.35737666750146,0.988311754234839
2019-08-09,129.87716674804688,124.52316,10.681025314527993,177.6559432485816,13.3287637554494,4.35737666750146,0.988311754234839
2019-08-12,128.06637573242188,124.87024,10.681025314527993,177.6559432485816,13.3287637554494,4.35737666750146,0.988311754234839
2019-08-13,130.71656799316406,124.54694,10.681025314527993,177.6559432485816,13.3287637554494,4.35737666750146,0.988311754234839
2019-08-14,126.7800750732422,124.35025,10.681025314527993,177.6559432485816,13.3287637554494,4.35737666750146,0.988311754234839
2019-08-15,126.49617767333984,124.26723,10.681025314527993,177.6559432485816,13.3287637554494,4.35737666750146,0.988311754234839
2019-08-16,128.81455993652344,122.768906,10.681025314527993,177.6559432485816,13.3287637554494,4.35737666750146,0.988311754234839
2019-08-19,130.97206115722656,123.18296,10.681025314527993,177.6559432485816,13.3287637554494,4.35737666750146,0.988311754234839
2019-08-20,129.8837890625,123.80954,10.681025314527993,177.6559432485816,13.3287637554494,4.35737666750146,0.988311754234839
2019-08-21,131.33157348632812,123.542496,10.681025314527993,177.6559432485816,13.3287637554494,4.35737666750146,0.988311754234839
2019-08-22,130.3759002685547,124.450775,10.681025314527993,177.6559432485816,13.3287637554494,4.35737666750146,0.988311754234839
2019-08-23,126.22183227539062,125.00504,10.681025314527993,177.6559432485816,13.3287637554494,4.35737666750146,0.988311754234839
2019-08-26,128.17108154296875,124.50923,10.681025314527993,177.6559432485816,13.3287637554494,4.35737666750146,0.988311754234839
2019-08-27,128.445556640625,124.55184,10.681025314527993,177.6559432485816,13.3287637554494,4.35737666750146,0.988311754234839
2019-08-28,128.27517700195312,124.5758,10.681025314527993,177.6559432485816,13.3287637554494,4.35737666750146,0.988311754234839
2019-08-29,130.6976318359375,125.0292,10.681025314527993,177.6559432485816,13.3287637554494,4.35737666750146,0.988311754234839
2019-08-30,130.4515838623047,124.748604,10.681025314527993,177.6559432485816,13.3287637554494,4.35737666750146,0.988311754234839
2019-09-03,128.72943115234375,125.69467,10.681025314527993,177.6559432485816,13.3287637554494,4.35737666750146,0.988311754234839
2019-09-04,130.23394775390625,126.95025,10.681025314527993,177.6559432485816,13.3287637554494,4.35737666750146,0.988311754234839
2019-09-05,132.52394104003906,126.35737,10.681025314527993,177.6559432485816,13.3287637554494,4.35737666750146,0.988311754234839
2019-09-06,131.6249542236328,126.47939,10.681025314527993,177.6559432485816,13.3287637554494,4.35737666750146,0.988311754234839
2019-09-09,130.12989807128906,125.13664,10.681025314527993,177.6559432485816,13.3287637554494,4.35737666750146,0.988311754234839
2019-09-10,128.76727294921875,124.79523,10.681025314527993,177.6559432485816,13.3287637554494,4.35737666750146,0.988311754234839
2019-09-11,128.80511474609375,125.63233,10.681025314527993,177.6559432485816,13.3287637554494,4.35737666750146,0.988311754234839
2019-09-12,130.12989807128906,125.125275,10.681025314527993,177.6559432485816,13.3287637554494,4.35737666750146,0.988311754234839
2019-09-13,129.9406280517578,124.58881,10.681025314527993,177.6559432485816,13.3287637554494,4.35737666750146,0.988311754234839
2019-09-16,129.00384521484375,125.2261,10.681025314527993,177.6559432485816,13.3287637554494,4.35737666750146,0.988311754234839
2019-09-17,130.00680541992188,126.026535,10.681025314527993,177.6559432485816,13.3287637554494,4.35737666750146,0.988311754234839
2019-09-18,131.076171875,125.603035,10.681025314527993,177.6559432485816,13.3287637554494,4.35737666750146,0.988311754234839
2019-09-19,133.48910522460938,126.095245,10.681025314527993,177.6559432485816,13.3287637554494,4.35737666750146,0.988311754234839
2019-09-20,131.94674682617188,125.49377,10.681025314527993,177.6559432485816,13.3287637554494,4.35737666750146,0.988311754234839
2019-09-23,131.66282653808594,126.02496,10.681025314527993,177.6559432485816,13.3287637554494,4.35737666750146,0.988311754234839
2019-09-24,129.99740600585938,126.13865,10.681025314527993,177.6559432485816,13.3287637554494,4.35737666750146,0.988311754234839
2019-09-25,131.87095642089844,125.90954,10.681025314527993,177.6559432485816,13.3287637554494,4.35737666750146,0.988311754234839
2019-09-26,132.0413360595703,125.66982,10.681025314527993,177.6559432485816,13.3287637554494,4.35737666750146,0.988311754234839
2019-09-27,130.32864379882812,125.998505,10.681025314527993,177.6559432485816,13.3287637554494,4.35737666750146,0.988311754234839
2019-09-30,131.55874633789062,125.9467,10.681025314527993,177.6559432485816,13.3287637554494,4.35737666750146,0.988311754234839
2019-10-01,129.70407104492188,125.829666,10.681025314527993,177.6559432485816,13.3287637554494,4.35737666750146,0.988311754234839
2019-10-02,127.41410064697266,127.801865,10.681025314527993,177.6559432485816,13.3287637554494,4.35737666750146,0.988311754234839
2019-10-03,128.95654296875,126.582535,10.681025314527993,177.6559432485816,13.3287637554494,4.35737666750146,0.988311754234839
2019-10-04,130.6976318359375,125.288704,10.681025314527993,177.6559432485816,13.3287637554494,4.35737666750146,0.988311754234839
2019-10-07,129.75135803222656,125.45525,10.681025314527993,177.6559432485816,13.3287637554494,4.35737666750146,0.988311754234839
2019-10-08,128.37930297851562,125.19421,10.681025314527993,177.6559432485816,13.3287637554494,4.35737666750146,0.988311754234839
2019-10-09,130.8112030029297,127.219925,10.681025314527993,177.6559432485816,13.3287637554494,4.35737666750146,0.988311754234839
2019-10-10,131.6249542236328,127.02078,10.681025314527993,177.6559432485816,13.3287637554494,4.35737666750146,0.988311754234839
2019-10-11,132.1737823486328,127.015686,10.681025314527993,177.6559432485816,13.3287637554494,4.35737666750146,0.988311754234839
2019-10-14,132.05079650878906,127.14989,10.681025314527993,177.6559432485816,13.3287637554494,4.35737666750146,0.988311754234839
2019-10-15,133.9622344970703,126.62453,10.681025314527993,177.6559432485816,13.3287637554494,4.35737666750146,0.988311754234839
2019-10-16,132.86453247070312,127.50354,10.681025314527993,177.6559432485816,13.3287637554494,4.35737666750146,0.988311754234839
2019-10-17,132.1833038330078,126.41666,10.681025314527993,177.6559432485816,13.3287637554494,4.35737666750146,0.988311754234839
2019-10-18,130.02578735351562,125.89703,10.681025314527993,177.6559432485816,13.3287637554494,4.35737666750146,0.988311754234839
2019-10-21,130.99098205566406,127.475395,10.681025314527993,177.6559432485816,13.3287637554494,4.35737666750146,0.988311754234839
2019-10-22,129.0417022705078,126.70751,10.681025314527993,177.6559432485816,13.3287637554494,4.35737666750146,0.988311754234839
2019-10-23,129.8649139404297,126.975395,10.681025314527993,177.6559432485816,13.3287637554494,4.35737666750146,0.988311754234839
2019-10-24,132.41983032226562,126.1424,10.681025314527993,177.6559432485816,13.3287637554494,4.35737666750146,0.988311754234839
2019-10-25,133.16738891601562,126.62945,10.681025314527993,177.6559432485816,13.3287637554494,4.35737666750146,0.988311754234839
2019-10-28,136.4414520263672,126.92292,10.681025314527993,177.6559432485816,13.3287637554494,4.35737666750146,0.988311754234839
2019-10-29,135.15452575683594,127.38314,10.681025314527993,177.6559432485816,13.3287637554494,4.35737666750146,0.988311754234839
2019-10-30,136.83888244628906,128.18619,10.681025314527993,177.6559432485816,13.3287637554494,4.35737666750146,0.988311754234839
2019-10-31,135.66549682617188,128.77693,10.681025314527993,177.6559432485816,13.3287637554494,4.35737666750146,0.988311754234839
2019-11-01,135.99671936035156,129.1369,10.681025314527993,177.6559432485816,13.3287637554494,4.35737666750146,0.988311754234839
2019-11-04,136.7820739746094,127.73216,10.681025314527993,177.6559432485816,13.3287637554494,4.35737666750146,0.988311754234839
2019-11-05,136.6969451904297,127.9422,10.681025314527993,177.6559432485816,13.3287637554494,4.35737666750146,0.988311754234839
2019-11-06,136.31842041015625,128.42537,10.681025314527993,177.6559432485816,13.3287637554494,4.35737666750146,0.988311754234839
2019-11-07,136.50767517089844,128.53516,10.681025314527993,177.6559432485816,13.3287637554494,4.35737666750146,0.988311754234839
2019-11-08,138.1163330078125,128.95064,10.681025314527993,177.6559432485816,13.3287637554494,4.35737666750146,0.988311754234839
2019-11-11,138.25828552246094,129.60693,10.681025314527993,177.6559432485816,13.3287637554494,4.35737666750146,0.988311754234839
2019-11-12,139.16665649414062,129.43884,10.681025314527993,177.6559432485816,13.3287637554494,4.35737666750146,0.988311754234839
2019-11-13,139.39376831054688,129.5714,10.681025314527993,177.6559432485816,13.3287637554494,4.35737666750146,0.988311754234839
2019-11-14,140.1034698486328,130.29254,10.681025314527993,177.6559432485816,13.3287637554494,4.35737666750146,0.988311754234839
2019-11-15,141.91087341308594,130.4477,10.681025314527993,177.6559432485816,13.3287637554494,4.35737666750146,0.988311754234839
2019-11-18,142.2609405517578,131.72665,10.681025314527993,177.6559432485816,13.3287637554494,4.35737666750146,0.988311754234839
2019-11-19,142.3082275390625,131.77235,10.681025314527993,177.6559432485816,13.3287637554494,4.35737666750146,0.988311754234839
2019-11-20,142.06138610839844,131.69905,10.681025314527993,177.6559432485816,13.3287637554494,4.35737666750146,0.988311754234839
2019-11-21,141.92845153808594,132.19208,10.681025314527993,177.6559432485816,13.3287637554494,4.35737666750146,0.988311754234839
2019-11-22,142.03292846679685,132.77016,10.681025314527993,177.6559432485816,13.3287637554494,4.35737666750146,0.988311754234839
2019-11-25,143.5900421142578,133.23608,10.681025314527993,177.6559432485816,13.3287637554494,4.35737666750146,0.988311754234839
2019-11-26,144.3496551513672,132.52757,10.681025314527993,177.6559432485816,13.3287637554494,4.35737666750146,0.988311754234839
2019-11-27,144.62501525878906,132.58394,10.681025314527993,177.6559432485816,13.3287637554494,4.35737666750146,0.988311754234839
2019-11-29,143.7324981689453,133.3815,10.681025314527993,177.6559432485816,13.3287637554494,4.35737666750146,0.988311754234839
2019-12-02,141.9949493408203,133.95284,10.681025314527993,177.6559432485816,13.3287637554494,4.35737666750146,0.988311754234839
2019-12-03,141.76708984375,134.18005,10.681025314527993,177.6559432485816,13.3287637554494,4.35737666750146,0.988311754234839
2019-12-04,142.27978515625,134.66763,10.681025314527993,177.6559432485816,13.3287637554494,4.35737666750146,0.988311754234839
2019-12-05,142.355712890625,134.7727,10.681025314527993,177.6559432485816,13.3287637554494,4.35737666750146,0.988311754234839
2019-12-06,144.0837860107422,136.1575,10.681025314527993,177.6559432485816,13.3287637554494,4.35737666750146,0.988311754234839
2019-12-09,143.71347045898438,135.8829,10.681025314527993,177.6559432485816,13.3287637554494,4.35737666750146,0.988311754234839
2019-12-10,143.49513244628906,136.27438,10.681025314527993,177.6559432485816,13.3287637554494,4.35737666750146,0.988311754234839
2019-12-11,144.0363311767578,136.01187,10.681025314527993,177.6559432485816,13.3287637554494,4.35737666750146,0.988311754234839
2019-12-12,145.49851989746094,135.54317,10.681025314527993,177.6559432485816,13.3287637554494,4.35737666750146,0.988311754234839
2019-12-13,146.72337341308594,135.86057,10.681025314527993,177.6559432485816,13.3287637554494,4.35737666750146,0.988311754234839
2019-12-16,147.67286682128906,135.92752,10.681025314527993,177.6559432485816,13.3287637554494,4.35737666750146,0.988311754234839
2019-12-17,146.87522888183594,136.94893,10.681025314527993,177.6559432485816,13.3287637554494,4.35737666750146,0.988311754234839
2019-12-18,146.57144165039062,137.25017,10.681025314527993,177.6559432485816,13.3287637554494,4.35737666750146,0.988311754234839
2019-12-19,147.84376525878906,137.75346,10.681025314527993,177.6559432485816,13.3287637554494,4.35737666750146,0.988311754234839
2019-12-20,149.45785522460938,137.85799,10.681025314527993,177.6559432485816,13.3287637554494,4.35737666750146,0.988311754234839
2019-12-23,149.45785522460938,138.1134,10.681025314527993,177.6559432485816,13.3287637554494,4.35737666750146,0.988311754234839
2019-12-24,149.42933654785156,139.12808,10.681025314527993,177.6559432485816,13.3287637554494,4.35737666750146,0.988311754234839
2019-12-26,150.65420532226562,139.8663,10.681025314527993,177.6559432485816,13.3287637554494,4.35737666750146,0.988311754234839
2019-12-27,150.92958068847656,140.44225,10.681025314527993,177.6559432485816,13.3287637554494,4.35737666750146,0.988311754234839
2019-12-30,149.62875366210938,141.04053,10.681025314527993,177.6559432485816,13.3287637554494,4.35737666750146,0.988311754234839
2019-12-31,149.73316955566406,140.44829,10.681025314527993,177.6559432485816,13.3287637554494,4.35737666750146,0.988311754234839
2020-01-02,152.50567626953125,141.02017,10.681025314527993,177.6559432485816,13.3287637554494,4.35737666750146,0.988311754234839
2020-01-03,150.60671997070312,141.34608,10.681025314527993,177.6559432485816,13.3287637554494,4.35737666750146,0.988311754234839
2020-01-06,150.99600219726562,141.35081,10.681025314527993,177.6559432485816,13.3287637554494,4.35737666750146,0.988311754234839
2020-01-07,149.6192626953125,141.74182,10.681025314527993,177.6559432485816,13.3287637554494,4.35737666750146,0.988311754234839
2020-01-08,152.00247192382812,141.72441,10.681025314527993,177.6559432485816,13.3287637554494,4.35737666750146,0.988311754234839
2020-01-09,153.90138244628906,142.65071,10.681025314527993,177.6559432485816,13.3287637554494,4.35737666750146,0.988311754234839
2020-01-10,153.1893310546875,142.80139,10.681025314527993,177.6559432485816,13.3287637554494,4.35737666750146,0.988311754234839
2020-01-13,155.03131103515625,142.9521,10.681025314527993,177.6559432485816,13.3287637554494,4.35737666750146,0.988311754234839
2020-01-14,153.9394073486328,142.92052,10.681025314527993,177.6559432485816,13.3287637554494,4.35737666750146,0.988311754234839
2020-01-15,154.93634033203125,143.21844,10.681025314527993,177.6559432485816,13.3287637554494,4.35737666750146,0.988311754234839
2020-01-16,157.77529907226562,143.38206,10.681025314527993,177.6559432485816,13.3287637554494,4.35737666750146,0.988311754234839
2020-01-17,158.65829467773438,144.16342,10.681025314527993,177.6559432485816,13.3287637554494,4.35737666750146,0.988311754234839
2020-01-21,158.08863830566406,145.57724,10.681025314527993,177.6559432485816,13.3287637554494,4.35737666750146,0.988311754234839
2020-01-22,157.3290252685547,145.59769,10.681025314527993,177.6559432485816,13.3287637554494,4.35737666750146,0.988311754234839
2020-01-23,158.29751586914062,146.45955,10.681025314527993,177.6559432485816,13.3287637554494,4.35737666750146,0.988311754234839
2020-01-24,156.702392578125,146.93399,10.681025314527993,177.6559432485816,13.3287637554494,4.35737666750146,0.988311754234839
2020-01-27,154.08184814453125,146.94142,10.681025314527993,177.6559432485816,13.3287637554494,4.35737666750146,0.988311754234839
2020-01-28,157.10122680664062,146.68147,10.681025314527993,177.6559432485816,13.3287637554494,4.35737666750146,0.988311754234839
2020-01-29,159.55079650878906,146.88033,10.681025314527993,177.6559432485816,13.3287637554494,4.35737666750146,0.988311754234839
2020-01-30,164.0513916015625,148.55896,10.681025314527993,177.6559432485816,13.3287637554494,4.35737666750146,0.988311754234839
2020-01-31,161.63021850585938,149.04202,10.681025314527993,177.6559432485816,13.3287637554494,4.35737666750146,0.988311754234839
2020-02-03,165.570556640625,148.95193,10.681025314527993,177.6559432485816,13.3287637554494,4.35737666750146,0.988311754234839
2020-02-04,171.02056884765625,150.01921,10.681025314527993,177.6559432485816,13.3287637554494,4.35737666750146,0.988311754234839
2020-02-05,170.81170654296875,151.6302,10.681025314527993,177.6559432485816,13.3287637554494,4.35737666750146,0.988311754234839
2020-02-06,174.353271484375,152.99234,10.681025314527993,177.6559432485816,13.3287637554494,4.35737666750146,0.988311754234839
2020-02-07,174.60012817382812,153.25826,10.681025314527993,177.6559432485816,13.3287637554494,4.35737666750146,0.988311754234839
2020-02-10,179.1671142578125,154.66518,10.681025314527993,177.6559432485816,13.3287637554494,4.35737666750146,0.988311754234839
2020-02-11,175.12234497070312,155.84538,10.681025314527993,177.6559432485816,13.3287637554494,4.35737666750146,0.988311754234839
2020-02-12,175.3787384033203,157.10466,10.681025314527993,177.6559432485816,13.3287637554494,4.35737666750146,0.988311754234839
2020-02-13,174.4292449951172,157.70305,10.681025314527993,177.6559432485816,13.3287637554494,4.35737666750146,0.988311754234839
2020-02-14,175.98635864257812,158.08069,10.681025314527993,177.6559432485816,13.3287637554494,4.35737666750146,0.988311754234839
2020-02-18,177.77134704589844,158.93253,10.681025314527993,177.6559432485816,13.3287637554494,4.35737666750146,0.988311754234839
2020-02-19,178.3045196533203,160.09848,10.681025314527993,177.6559432485816,13.3287637554494,4.35737666750146,0.988311754234839
2020-02-20,175.58163452148438,161.39288,10.681025314527993,177.6559432485816,13.3287637554494,4.35737666750146,0.988311754234839
2020-02-21,170.03103637695312,161.87555,10.681025314527993,177.6559432485816,13.3287637554494,4.35737666750146,0.988311754234839
2020-02-24,162.7000427246094,161.3933,10.681025314527993,177.6559432485816,13.3287637554494,4.35737666750146,0.988311754234839
2020-02-25,160.0151824951172,161.78331,10.681025314527993,177.6559432485816,13.3287637554494,4.35737666750146,0.988311754234839
2020-02-26,162.01455688476562,161.41293,10.681025314527993,177.6559432485816,13.3287637554494,4.35737666750146,0.988311754234839
2020-02-27,150.59918212890625,160.0981,10.681025314527993,177.6559432485816,13.3287637554494,4.35737666750146,0.988311754234839
2020-02-28,154.24563598632812,158.58376,10.681025314527993,177.6559432485816,13.3287637554494,4.35737666750146,0.988311754234839
2020-03-02,164.50898742675778,157.18643,10.681025314527993,177.6559432485816,13.3287637554494,4.35737666750146,0.988311754234839
2020-03-03,156.6258087158203,158.53728,10.681025314527993,177.6559432485816,13.3287637554494,4.35737666750146,0.988311754234839
2020-03-04,162.37635803222656,157.61865,10.681025314527993,177.6559432485816,13.3287637554494,4.35737666750146,0.988311754234839
2020-03-05,158.3014678955078,154.92456,10.681025314527993,177.6559432485816,13.3287637554494,4.35737666750146,0.988311754234839
2020-03-06,153.82675170898438,157.4009,10.681025314527993,177.6559432485816,13.3287637554494,4.35737666750146,0.988311754234839
2020-03-09,143.40151977539062,157.7719,10.681025314527993,177.6559432485816,13.3287637554494,4.35737666750146,0.988311754234839
2020-03-10,153.2078399658203,156.44388,10.681025314527993,177.6559432485816,13.3287637554494,4.35737666750146,0.988311754234839
2020-03-11,146.26724243164062,155.25444,10.681025314527993,177.6559432485816,13.3287637554494,4.35737666750146,0.988311754234839
2020-03-12,132.3955078125,155.32594,10.681025314527993,177.6559432485816,13.3287637554494,4.35737666750146,0.988311754234839
2020-03-13,151.21807861328125,153.57437,10.681025314527993,177.6559432485816,13.3287637554494,4.35737666750146,0.988311754234839
2020-03-16,128.92994689941406,154.28546,10.681025314527993,177.6559432485816,13.3287637554494,4.35737666750146,0.988311754234839
2020-03-17,139.54560852050784,156.28853,10.681025314527993,177.6559432485816,13.3287637554494,4.35737666750146,0.988311754234839
2020-03-18,133.6713104248047,151.42308,10.681025314527993,177.6559432485816,13.3287637554494,4.35737666750146,0.988311754234839
2020-03-19,135.8705596923828,151.08858,10.681025314527993,177.6559432485816,13.3287637554494,4.35737666750146,0.988311754234839
2020-03-20,130.7675018310547,152.36713,10.681025314527993,177.6559432485816,13.3287637554494,4.35737666750146,0.988311754234839
2020-03-23,129.46310424804688,148.3698,10.681025314527993,177.6559432485816,13.3287637554494,4.35737666750146,0.988311754234839
2020-03-24,141.2307586669922,147.18126,10.681025314527993,177.6559432485816,13.3287637554494,4.35737666750146,0.988311754234839
2020-03-25,139.8787841796875,147.27411,10.681025314527993,177.6559432485816,13.3287637554494,4.35737666750146,0.988311754234839
2020-03-26,148.6283721923828,144.67831,10.681025314527993,177.6559432485816,13.3287637554494,4.35737666750146,0.988311754234839
2020-03-27,142.52554321289062,147.1721,10.681025314527993,177.6559432485816,13.3287637554494,4.35737666750146,0.988311754234839
2020-03-30,152.5509490966797,148.71228,10.681025314527993,177.6559432485816,13.3287637554494,4.35737666750146,0.988311754234839
2020-03-31,150.15171813964844,149.623,10.681025314527993,177.6559432485816,13.3287637554494,4.35737666750146,0.988311754234839
2020-04-01,144.82009887695312,148.76392,10.681025314527993,177.6559432485816,13.3287637554494,4.35737666750146,0.988311754234839
2020-04-02,147.81912231445312,147.01263,10.681025314527993,177.6559432485816,13.3287637554494,4.35737666750146,0.988311754234839
2020-04-03,146.45761108398438,146.08488,10.681025314527993,177.6559432485816,13.3287637554494,4.35737666750146,0.988311754234839
2020-04-06,157.34938049316406,144.31595,10.681025314527993,177.6559432485816,13.3287637554494,4.35737666750146,0.988311754234839
2020-04-07,155.65472412109375,145.5508,10.681025314527993,177.6559432485816,13.3287637554494,4.35737666750146,0.988311754234839
2020-04-08,157.21607971191406,144.58586,10.681025314527993,177.6559432485816,13.3287637554494,4.35737666750146,0.988311754234839
2020-04-09,157.22561645507812,147.70465,10.681025314527993,177.6559432485816,13.3287637554494,4.35737666750146,0.988311754234839
2020-04-13,157.57786560058594,151.67996,10.681025314527993,177.6559432485816,13.3287637554494,4.35737666750146,0.988311754234839
2020-04-14,165.37535095214844,150.55228,10.681025314527993,177.6559432485816,13.3287637554494,4.35737666750146,0.988311754234839
2020-04-15,163.64259338378906,151.58876,10.681025314527993,177.6559432485816,13.3287637554494,4.35737666750146,0.988311754234839
2020-04-16,168.5552978515625,149.14612,10.681025314527993,177.6559432485816,13.3287637554494,4.35737666750146,0.988311754234839
2020-04-17,170.04052734375,148.4775,10.681025314527993,177.6559432485816,13.3287637554494,4.35737666750146,0.988311754234839
2020-04-20,166.6702423095703,147.61064,10.681025314527993,177.6559432485816,13.3287637554494,4.35737666750146,0.988311754234839
2020-04-21,159.77720642089844,151.9425,10.681025314527993,177.6559432485816,13.3287637554494,4.35737666750146,0.988311754234839
2020-04-22,165.20404052734375,150.89238,10.681025314527993,177.6559432485816,13.3287637554494,4.35737666750146,0.988311754234839
2020-04-23,163.20462036132812,152.0688,10.681025314527993,177.6559432485816,13.3287637554494,4.35737666750146,0.988311754234839
2020-04-24,166.18466186523438,151.39275,10.681025314527993,177.6559432485816,13.3287637554494,4.35737666750146,0.988311754234839
2020-04-27,165.70858764648438,152.1994,10.681025314527993,177.6559432485816,13.3287637554494,4.35737666750146,0.988311754234839
2020-04-28,161.67179870605466,153.8042,10.681025314527993,177.6559432485816,13.3287637554494,4.35737666750146,0.988311754234839
2020-04-29,168.9265899658203,150.92323,10.681025314527993,177.6559432485816,13.3287637554494,4.35737666750146,0.988311754234839
2020-04-30,170.62132263183594,154.81105,10.681025314527993,177.6559432485816,13.3287637554494,4.35737666750146,0.988311754234839
2020-05-01,166.20372009277344,152.87119,10.681025314527993,177.6559432485816,13.3287637554494,4.35737666750146,0.988311754234839
2020-05-04,170.26905822753906,158.23532,10.681025314527993,177.6559432485816,13.3287637554494,4.35737666750146,0.988311754234839
2020-05-05,172.09703063964844,157.77919,10.681025314527993,177.6559432485816,13.3287637554494,4.35737666750146,0.988311754234839
2020-05-06,173.791748046875,158.14803,10.681025314527993,177.6559432485816,13.3287637554494,4.35737666750146,0.988311754234839
2020-05-07,174.80093383789062,159.09776,10.681025314527993,177.6559432485816,13.3287637554494,4.35737666750146,0.988311754234839
2020-05-08,175.82917785644528,159.54733,10.681025314527993,177.6559432485816,13.3287637554494,4.35737666750146,0.988311754234839
2020-05-11,177.7904510498047,163.0151,10.681025314527993,177.6559432485816,13.3287637554494,4.35737666750146,0.988311754234839
2020-05-12,173.7631072998047,160.81618,10.681025314527993,177.6559432485816,13.3287637554494,4.35737666750146,0.988311754234839
2020-05-13,171.13543701171875,162.0749,10.681025314527993,177.6559432485816,13.3287637554494,4.35737666750146,0.988311754234839
2020-05-14,171.8780975341797,163.37994,10.681025314527993,177.6559432485816,13.3287637554494,4.35737666750146,0.988311754234839
2020-05-15,174.38198852539062,163.67267,10.681025314527993,177.6559432485816,13.3287637554494,4.35737666750146,0.988311754234839
2020-05-18,176.04815673828125,165.06297,10.681025314527993,177.6559432485816,13.3287637554494,4.35737666750146,0.988311754234839
2020-05-19,174.82948303222656,162.62648,10.681025314527993,177.6559432485816,13.3287637554494,4.35737666750146,0.988311754234839
2020-05-20,177.2545166015625,167.38918,10.681025314527993,177.6559432485816,13.3287637554494,4.35737666750146,0.988311754234839
2020-05-21,175.1254119873047,168.61797,10.681025314527993,177.6559432485816,13.3287637554494,4.35737666750146,0.988311754234839
2020-05-22,175.2018280029297,166.34184,10.681025314527993,177.6559432485816,13.3287637554494,4.35737666750146,0.988311754234839
2020-05-26,173.3496551513672,169.04875,10.681025314527993,177.6559432485816,13.3287637554494,4.35737666750146,0.988311754234839
2020-05-27,173.57876586914062,166.65811,10.681025314527993,177.6559432485816,13.3287637554494,4.35737666750146,0.988311754234839
2020-05-28,173.18736267089844,169.41371,10.681025314527993,177.6559432485816,13.3287637554494,4.35737666750146,0.988311754234839
2020-05-29,174.95358276367188,166.829,10.681025314527993,177.6559432485816,13.3287637554494,4.35737666750146,0.988311754234839
2020-06-01,174.55259704589844,164.07217,10.681025314527993,177.6559432485816,13.3287637554494,4.35737666750146,0.988311754234839
2020-06-02,176.53848266601565,166.02203,10.681025314527993,177.6559432485816,13.3287637554494,4.35737666750146,0.988311754234839
2020-06-03,176.96810913085938,163.81433,10.681025314527993,177.6559432485816,13.3287637554494,4.35737666750146,0.988311754234839
2020-06-04,174.6385498046875,166.21796,10.681025314527993,177.6559432485816,13.3287637554494,4.35737666750146,0.988311754234839
2020-06-05,178.7247314453125,164.43646,10.681025314527993,177.6559432485816,13.3287637554494,4.35737666750146,0.988311754234839
2020-06-08,179.832275390625,168.37761,10.681025314527993,177.6559432485816,13.3287637554494,4.35737666750146,0.988311754234839
2020-06-09,181.20704650878903,168.31964,10.681025314527993,177.6559432485816,13.3287637554494,4.35737666750146,0.988311754234839
2020-06-10,187.92832946777344,167.1103,10.681025314527993,177.6559432485816,13.3287637554494,4.35737666750146,0.988311754234839
2020-06-11,177.83688354492188,167.56151,10.681025314527993,177.6559432485816,13.3287637554494,4.35737666750146,0.988311754234839
2020-06-12,179.24029541015628,167.802,10.681025314527993,177.6559432485816,13.3287637554494,4.35737666750146,0.988311754234839
2020-06-15,180.3860015869141,169.71312,10.681025314527993,177.6559432485816,13.3287637554494,4.35737666750146,0.988311754234839
2020-06-16,184.80638122558597,169.03377,10.681025314527993,177.6559432485816,13.3287637554494,4.35737666750146,0.988311754234839
2020-06-17,185.4460601806641,170.29953,10.681025314527993,177.6559432485816,13.3287637554494,4.35737666750146,0.988311754234839
2020-06-18,187.43185424804688,171.02893,10.681025314527993,177.6559432485816,13.3287637554494,4.35737666750146,0.988311754234839
2020-06-19,186.31483459472656,172.52487,10.681025314527993,177.6559432485816,13.3287637554494,4.35737666750146,0.988311754234839
2020-06-22,191.4894561767578,173.49377,10.681025314527993,177.6559432485816,13.3287637554494,4.35737666750146,0.988311754234839
2020-06-23,192.7688140869141,171.83264,10.681025314527993,177.6559432485816,13.3287637554494,4.35737666750146,0.988311754234839
2020-06-24,188.88308715820312,173.45915,10.681025314527993,177.6559432485816,13.3287637554494,4.35737666750146,0.988311754234839
2020-06-25,191.26986694335935,174.75833,10.681025314527993,177.6559432485816,13.3287637554494,4.35737666750146,0.988311754234839
2020-06-26,187.44143676757807,176.85204,10.681025314527993,177.6559432485816,13.3287637554494,4.35737666750146,0.988311754234839
2020-06-29,189.45591735839844,177.71495,10.681025314527993,177.6559432485816,13.3287637554494,4.35737666750146,0.988311754234839
2020-06-30,194.29638671875,179.78734,10.681025314527993,177.6559432485816,13.3287637554494,4.35737666750146,0.988311754234839
2020-07-01,195.43247985839844,177.60045,10.681025314527993,177.6559432485816,13.3287637554494,4.35737666750146,0.988311754234839
2020-07-02,196.92179870605472,177.70367,10.681025314527993,177.6559432485816,13.3287637554494,4.35737666750146,0.988311754234839
2020-07-06,201.16082763671875,178.75809,10.681025314527993,177.6559432485816,13.3287637554494,4.35737666750146,0.988311754234839
2020-07-07,198.8217620849609,179.65569,10.681025314527993,177.6559432485816,13.3287637554494,4.35737666750146,0.988311754234839
2020-07-08,203.19439697265625,183.7233,10.681025314527993,177.6559432485816,13.3287637554494,4.35737666750146,0.988311754234839
2020-07-09,204.6169586181641,181.88298,10.681025314527993,177.6559432485816,13.3287637554494,4.35737666750146,0.988311754234839
2020-07-10,203.9963531494141,182.34029,10.681025314527993,177.6559432485816,13.3287637554494,4.35737666750146,0.988311754234839
2020-07-13,197.69520568847656,184.85011,10.681025314527993,177.6559432485816,13.3287637554494,4.35737666750146,0.988311754234839
2020-07-14,198.91722106933597,185.42381,10.681025314527993,177.6559432485816,13.3287637554494,4.35737666750146,0.988311754234839
2020-07-15,198.6212921142578,185.85751,10.681025314527993,177.6559432485816,13.3287637554494,4.35737666750146,0.988311754234839
2020-07-16,194.6877899169922,185.17929,10.681025314527993,177.6559432485816,13.3287637554494,4.35737666750146,0.988311754234839
2020-07-17,193.6949005126953,184.91855,10.681025314527993,177.6559432485816,13.3287637554494,4.35737666750146,0.988311754234839
2020-07-20,202.0201110839844,186.38033,10.681025314527993,177.6559432485816,13.3287637554494,4.35737666750146,0.988311754234839
2020-07-21,199.2990875244141,188.52995,10.681025314527993,177.6559432485816,13.3287637554494,4.35737666750146,0.988311754234839
2020-07-22,202.1632843017578,188.62173,10.681025314527993,177.6559432485816,13.3287637554494,4.35737666750146,0.988311754234839
2020-07-23,193.37022399902347,187.0681,10.681025314527993,177.6559432485816,13.3287637554494,4.35737666750146,0.988311754234839
2020-07-24,192.1864318847656,189.20921,10.681025314527993,177.6559432485816,13.3287637554494,4.35737666750146,0.988311754234839
2020-07-27,194.6209259033203,188.1021,10.681025314527993,177.6559432485816,13.3287637554494,4.35737666750146,0.988311754234839
2020-07-28,192.87380981445312,188.4034,10.681025314527993,177.6559432485816,13.3287637554494,4.35737666750146,0.988311754234839
2020-07-29,194.8214263916016,188.7879,10.681025314527993,177.6559432485816,13.3287637554494,4.35737666750146,0.988311754234839
2020-07-30,194.66867065429688,189.47308,10.681025314527993,177.6559432485816,13.3287637554494,4.35737666750146,0.988311754234839
2020-07-31,195.7284240722656,190.09065,10.681025314527993,177.6559432485816,13.3287637554494,4.35737666750146,0.988311754234839
2020-08-03,206.73643493652344,190.77534,10.681025314527993,177.6559432485816,13.3287637554494,4.35737666750146,0.988311754234839
2020-08-04,203.63357543945312,189.17807,10.681025314527993,177.6559432485816,13.3287637554494,4.35737666750146,0.988311754234839
2020-08-05,203.29942321777344,191.22606,10.681025314527993,177.6559432485816,13.3287637554494,4.35737666750146,0.988311754234839
2020-08-06,206.55502319335935,189.93242,10.681025314527993,177.6559432485816,13.3287637554494,4.35737666750146,0.988311754234839
2020-08-07,202.8602294921875,191.44098,10.681025314527993,177.6559432485816,13.3287637554494,4.35737666750146,0.988311754234839
2020-08-10,198.8217620849609,193.81084,10.681025314527993,177.6559432485816,13.3287637554494,4.35737666750146,0.988311754234839
2020-08-11,194.17222595214844,193.9814,10.681025314527993,177.6559432485816,13.3287637554494,4.35737666750146,0.988311754234839
2020-08-12,199.7191925048828,193.34775,10.681025314527993,177.6559432485816,13.3287637554494,4.35737666750146,0.988311754234839
2020-08-13,199.25135803222656,194.18597,10.681025314527993,177.6559432485816,13.3287637554494,4.35737666750146,0.988311754234839
2020-08-14,199.44232177734372,194.49544,10.681025314527993,177.6559432485816,13.3287637554494,4.35737666750146,0.988311754234839
2020-08-17,200.75982666015625,195.5829,10.681025314527993,177.6559432485816,13.3287637554494,4.35737666750146,0.988311754234839
2020-08-18,201.915054321289,195.39688,10.681025314527993,177.6559432485816,13.3287637554494,4.35737666750146,0.988311754234839
2020-08-19,200.6900787353516,194.69771,10.681025314527993,177.6559432485816,13.3287637554494,4.35737666750146,0.988311754234839
2020-08-20,205.3603973388672,194.69229,10.681025314527993,177.6559432485816,13.3287637554494,4.35737666750146,0.988311754234839
2020-08-21,203.86740112304688,196.098,10.681025314527993,177.6559432485816,13.3287637554494,4.35737666750146,0.988311754234839
2020-08-24,204.50863647460935,196.50551,10.681025314527993,177.6559432485816,13.3287637554494,4.35737666750146,0.988311754234839
2020-08-25,207.1692047119141,193.59692,10.681025314527993,177.6559432485816,13.3287637554494,4.35737666750146,0.988311754234839
2020-08-26,211.64813232421878,195.25015,10.681025314527993,177.6559432485816,13.3287637554494,4.35737666750146,0.988311754234839
2020-08-27,216.8448028564453,196.6145,10.681025314527993,177.6559432485816,13.3287637554494,4.35737666750146,0.988311754234839
2020-08-28,219.07467651367188,199.13396,10.681025314527993,177.6559432485816,13.3287637554494,4.35737666750146,0.988311754234839
2020-08-31,215.8398895263672,199.49774,10.681025314527993,177.6559432485816,13.3287637554494,4.35737666750146,0.988311754234839
2020-09-01,217.50515747070312,198.36087,10.681025314527993,177.6559432485816,13.3287637554494,4.35737666750146,0.988311754234839
2020-09-02,221.69696044921875,201.55368,10.681025314527993,177.6559432485816,13.3287637554494,4.35737666750146,0.988311754234839
2020-09-03,207.9635162353516,201.51125,10.681025314527993,177.6559432485816,13.3287637554494,4.35737666750146,0.988311754234839
2020-09-04,205.0445556640625,199.1231,10.681025314527993,177.6559432485816,13.3287637554494,4.35737666750146,0.988311754234839
2020-09-08,193.95252990722656,198.93533,10.681025314527993,177.6559432485816,13.3287637554494,4.35737666750146,0.988311754234839
2020-09-09,202.21177673339844,200.53844,10.681025314527993,177.6559432485816,13.3287637554494,4.35737666750146,0.988311754234839
2020-09-10,196.54611206054688,202.90912,10.681025314527993,177.6559432485816,13.3287637554494,4.35737666750146,0.988311754234839
2020-09-11,195.263671875,201.68056,10.681025314527993,177.6559432485816,13.3287637554494,4.35737666750146,0.988311754234839
2020-09-14,196.5843811035156,199.26096,10.681025314527993,177.6559432485816,13.3287637554494,4.35737666750146,0.988311754234839
2020-09-15,199.80958557128903,201.30563,10.681025314527993,177.6559432485816,13.3287637554494,4.35737666750146,0.988311754234839
2020-09-16,196.2398834228516,201.67685,10.681025314527993,177.6559432485816,13.3287637554494,4.35737666750146,0.988311754234839
2020-09-17,194.19178771972656,199.63774,10.681025314527993,177.6559432485816,13.3287637554494,4.35737666750146,0.988311754234839
2020-09-18,191.78013610839844,197.79704,10.681025314527993,177.6559432485816,13.3287637554494,4.35737666750146,0.988311754234839
2020-09-21,193.8376617431641,196.43456,10.681025314527993,177.6559432485816,13.3287637554494,4.35737666750146,0.988311754234839
2020-09-22,198.50804138183597,197.80632,10.681025314527993,177.6559432485816,13.3287637554494,4.35737666750146,0.988311754234839
2020-09-23,191.97146606445312,197.07587,10.681025314527993,177.6559432485816,13.3287637554494,4.35737666750146,0.988311754234839
2020-09-24,194.45980834960935,196.96072,10.681025314527993,177.6559432485816,13.3287637554494,4.35737666750146,0.988311754234839
2020-09-25,198.8908843994141,196.07541,10.681025314527993,177.6559432485816,13.3287637554494,4.35737666750146,0.988311754234839
2020-09-28,200.4412384033203,196.72891,10.681025314527993,177.6559432485816,13.3287637554494,4.35737666750146,0.988311754234839
2020-09-29,198.35491943359372,199.92903,10.681025314527993,177.6559432485816,13.3287637554494,4.35737666750146,0.988311754234839
2020-09-30,201.29298400878903,197.89638,10.681025314527993,177.6559432485816,13.3287637554494,4.35737666750146,0.988311754234839
2020-10-01,203.3314971923828,198.29207,10.681025314527993,177.6559432485816,13.3287637554494,4.35737666750146,0.988311754234839
2020-10-02,197.33087158203125,198.2769,10.681025314527993,177.6559432485816,13.3287637554494,4.35737666750146,0.988311754234839
2020-10-05,201.3408660888672,198.01436,10.681025314527993,177.6559432485816,13.3287637554494,4.35737666750146,0.988311754234839
2020-10-06,197.06292724609372,200.23235,10.681025314527993,177.6559432485816,13.3287637554494,4.35737666750146,0.988311754234839
2020-10-07,200.8145294189453,201.99944,10.681025314527993,177.6559432485816,13.3287637554494,4.35737666750146,0.988311754234839
2020-10-08,201.53224182128903,199.13135,10.681025314527993,177.6559432485816,13.3287637554494,4.35737666750146,0.988311754234839
2020-10-09,206.5375213623047,202.23982,10.681025314527993,177.6559432485816,13.3287637554494,4.35737666750146,0.988311754234839
2020-10-12,211.8873748779297,201.85834,10.681025314527993,177.6559432485816,13.3287637554494,4.35737666750146,0.988311754234839
2020-10-13,213.28463745117188,202.543,10.681025314527993,177.6559432485816,13.3287637554494,4.35737666750146,0.988311754234839
2020-10-14,211.3705596923828,199.56744,10.681025314527993,177.6559432485816,13.3287637554494,4.35737666750146,0.988311754234839
2020-10-15,210.2221221923828,200.3287,10.681025314527993,177.6559432485816,13.3287637554494,4.35737666750146,0.988311754234839
2020-10-16,210.2221221923828,202.37718,10.681025314527993,177.6559432485816,13.3287637554494,4.35737666750146,0.988311754234839
2020-10-19,205.015869140625,202.77472,10.681025314527993,177.6559432485816,13.3287637554494,4.35737666750146,0.988311754234839
2020-10-20,205.4273681640625,201.94304,10.681025314527993,177.6559432485816,13.3287637554494,4.35737666750146,0.988311754234839
2020-10-21,205.5709228515625,199.98157,10.681025314527993,177.6559432485816,13.3287637554494,4.35737666750146,0.988311754234839
2020-10-22,205.65707397460935,203.57504,10.681025314527993,177.6559432485816,13.3287637554494,4.35737666750146,0.988311754234839
2020-10-23,206.93948364257804,203.06606,10.681025314527993,177.6559432485816,13.3287637554494,4.35737666750146,0.988311754234839
2020-10-26,201.05372619628903,202.46983,10.681025314527993,177.6559432485816,13.3287637554494,4.35737666750146,0.988311754234839
2020-10-27,204.08755493164065,199.22481,10.681025314527993,177.6559432485816,13.3287637554494,4.35737666750146,0.988311754234839
2020-10-28,193.9716796875,200.94008,10.681025314527993,177.6559432485816,13.3287637554494,4.35737666750146,0.988311754234839
2020-10-29,195.924072265625,199.44112,10.681025314527993,177.6559432485816,13.3287637554494,4.35737666750146,0.988311754234839
2020-10-30,193.7707061767578,196.02174,10.681025314527993,177.6559432485816,13.3287637554494,4.35737666750146,0.988311754234839
2020-11-02,193.63674926757807,195.49586,10.681025314527993,177.6559432485816,13.3287637554494,4.35737666750146,0.988311754234839
2020-11-03,197.5605316162109,194.89323,10.681025314527993,177.6559432485816,13.3287637554494,4.35737666750146,0.988311754234839
2020-11-04,207.09262084960935,196.86203,10.681025314527993,177.6559432485816,13.3287637554494,4.35737666750146,0.988311754234839
2020-11-05,213.6961669921875,196.70319,10.681025314527993,177.6559432485816,13.3287637554494,4.35737666750146,0.988311754234839
2020-11-06,214.10769653320312,197.67,10.681025314527993,177.6559432485816,13.3287637554494,4.35737666750146,0.988311754234839
2020-11-09,209.00669860839844,200.0959,10.681025314527993,177.6559432485816,13.3287637554494,4.35737666750146,0.988311754234839
2020-11-10,201.94378662109372,203.09369,10.681025314527993,177.6559432485816,13.3287637554494,4.35737666750146,0.988311754234839
2020-11-11,207.2457427978516,201.30045,10.681025314527993,177.6559432485816,13.3287637554494,4.35737666750146,0.988311754234839
2020-11-12,206.1834716796875,203.36716,10.681025314527993,177.6559432485816,13.3287637554494,4.35737666750146,0.988311754234839
2020-11-13,207.2074737548828,200.98907,10.681025314527993,177.6559432485816,13.3287637554494,4.35737666750146,0.988311754234839
2020-11-16,207.89651489257807,202.3269,10.681025314527993,177.6559432485816,13.3287637554494,4.35737666750146,0.988311754234839
2020-11-17,205.24557495117188,203.51797,10.681025314527993,177.6559432485816,13.3287637554494,4.35737666750146,0.988311754234839
2020-11-18,202.53965759277344,204.55313,10.681025314527993,177.6559432485816,13.3287637554494,4.35737666750146,0.988311754234839
2020-11-19,203.82540893554688,208.5209,10.681025314527993,177.6559432485816,13.3287637554494,4.35737666750146,0.988311754234839
2020-11-20,201.87754821777344,207.38217,10.681025314527993,177.6559432485816,13.3287637554494,4.35737666750146,0.988311754234839
2020-11-23,201.6089324951172,207.47676,10.681025314527993,177.6559432485816,13.3287637554494,4.35737666750146,0.988311754234839
2020-11-24,205.20718383789065,206.16504,10.681025314527993,177.6559432485816,13.3287637554494,4.35737666750146,0.988311754234839
2020-11-25,205.2167510986328,204.62857,10.681025314527993,177.6559432485816,13.3287637554494,4.35737666750146,0.988311754234839
2020-11-27,206.52169799804688,203.22908,10.681025314527993,177.6559432485816,13.3287637554494,4.35737666750146,0.988311754234839
2020-11-30,205.4086761474609,200.98654,10.681025314527993,177.6559432485816,13.3287637554494,4.35737666750146,0.988311754234839
2020-12-01,207.4620819091797,200.69496,10.681025314527993,177.6559432485816,13.3287637554494,4.35737666750146,0.988311754234839
2020-12-02,206.65606689453125,203.88803,10.681025314527993,177.6559432485816,13.3287637554494,4.35737666750146,0.988311754234839
2020-12-03,205.57179260253903,205.3305,10.681025314527993,177.6559432485816,13.3287637554494,4.35737666750146,0.988311754234839
2020-12-04,205.6869354248047,203.40146,10.681025314527993,177.6559432485816,13.3287637554494,4.35737666750146,0.988311754234839
2020-12-07,205.6197662353516,201.30032,10.681025314527993,177.6559432485816,13.3287637554494,4.35737666750146,0.988311754234839
2020-12-08,207.2701416015625,199.73347,10.681025314527993,177.6559432485816,13.3287637554494,4.35737666750146,0.988311754234839
2020-12-09,203.2305145263672,198.97334,10.681025314527993,177.6559432485816,13.3287637554494,4.35737666750146,0.988311754234839
2020-12-10,202.0023193359375,199.87595,10.681025314527993,177.6559432485816,13.3287637554494,4.35737666750146,0.988311754234839
2020-12-11,204.6314392089844,199.54532,10.681025314527993,177.6559432485816,13.3287637554494,4.35737666750146,0.988311754234839
2020-12-14,205.533447265625,200.87643,10.681025314527993,177.6559432485816,13.3287637554494,4.35737666750146,0.988311754234839
2020-12-15,205.4662628173828,203.38715,10.681025314527993,177.6559432485816,13.3287637554494,4.35737666750146,0.988311754234839
2020-12-16,210.4078826904297,204.1616,10.681025314527993,177.6559432485816,13.3287637554494,4.35737666750146,0.988311754234839
2020-12-17,210.54220581054688,202.85207,10.681025314527993,177.6559432485816,13.3287637554494,4.35737666750146,0.988311754234839
2020-12-18,209.7458038330078,203.97775,10.681025314527993,177.6559432485816,13.3287637554494,4.35737666750146,0.988311754234839
2020-12-21,213.58395385742188,202.07846,10.681025314527993,177.6559432485816,13.3287637554494,4.35737666750146,0.988311754234839
2020-12-22,214.8793487548828,203.09834,10.681025314527993,177.6559432485816,13.3287637554494,4.35737666750146,0.988311754234839
2020-12-23,212.07745361328125,204.00696,10.681025314527993,177.6559432485816,13.3287637554494,4.35737666750146,0.988311754234839
2020-12-24,213.7374725341797,203.97408,10.681025314527993,177.6559432485816,13.3287637554494,4.35737666750146,0.988311754234839
2020-12-28,215.85807800292966,205.42021,10.681025314527993,177.6559432485816,13.3287637554494,4.35737666750146,0.988311754234839
2020-12-29,215.080810546875,208.7517,10.681025314527993,177.6559432485816,13.3287637554494,4.35737666750146,0.988311754234839
2020-12-30,212.71075439453125,207.90923,10.681025314527993,177.6559432485816,13.3287637554494,4.35737666750146,0.988311754234839
2020-12-31,213.4208068847656,207.32036,10.681025314527993,177.6559432485816,13.3287637554494,4.35737666750146,0.988311754234839
2021-01-04,208.88221740722656,208.04108,10.681025314527993,177.6559432485816,13.3287637554494,4.35737666750146,0.988311754234839
2021-01-05,209.08370971679688,207.69629,10.681025314527993,177.6559432485816,13.3287637554494,4.35737666750146,0.988311754234839
2021-01-06,203.66232299804688,209.06442,10.681025314527993,177.6559432485816,13.3287637554494,4.35737666750146,0.988311754234839
2021-01-07,209.4579162597656,207.82187,10.681025314527993,177.6559432485816,13.3287637554494,4.35737666750146,0.988311754234839
2021-01-08,210.734130859375,208.43155,10.681025314527993,177.6559432485816,13.3287637554494,4.35737666750146,0.988311754234839
2021-01-11,208.69027709960935,208.3753,10.681025314527993,177.6559432485816,13.3287637554494,4.35737666750146,0.988311754234839
2021-01-12,206.23385620117188,207.41843,10.681025314527993,177.6559432485816,13.3287637554494,4.35737666750146,0.988311754234839
2021-01-13,207.58682250976557,206.18576,10.681025314527993,177.6559432485816,13.3287637554494,4.35737666750146,0.988311754234839
2021-01-14,204.4011383056641,204.28464,10.681025314527993,177.6559432485816,13.3287637554494,4.35737666750146,0.988311754234839
2021-01-15,204.0461578369141,205.0752,10.681025314527993,177.6559432485816,13.3287637554494,4.35737666750146,0.988311754234839
2021-01-19,207.6828155517578,203.86566,10.681025314527993,177.6559432485816,13.3287637554494,4.35737666750146,0.988311754234839
2021-01-20,215.2631683349609,205.39569,10.681025314527993,177.6559432485816,13.3287637554494,4.35737666750146,0.988311754234839
2021-01-21,215.86767578125,204.62846,10.681025314527993,177.6559432485816,13.3287637554494,4.35737666750146,0.988311754234839
2021-01-22,216.80796813964844,206.25824,10.681025314527993,177.6559432485816,13.3287637554494,4.35737666750146,0.988311754234839
2021-01-25,220.24317932128903,204.77464,10.681025314527993,177.6559432485816,13.3287637554494,4.35737666750146,0.988311754234839
2021-01-26,222.92987060546875,206.73877,10.681025314527993,177.6559432485816,13.3287637554494,4.35737666750146,0.988311754234839
2021-01-27,223.476806640625,208.13213,10.681025314527993,177.6559432485816,13.3287637554494,4.35737666750146,0.988311754234839
2021-01-28,229.26283264160162,208.88829,10.681025314527993,177.6559432485816,13.3287637554494,4.35737666750146,0.988311754234839
2021-01-29,222.5748291015625,212.20663,10.681025314527993,177.6559432485816,13.3287637554494,4.35737666750146,0.988311754234839
2021-02-01,229.95367431640625,213.9646,10.681025314527993,177.6559432485816,13.3287637554494,4.35737666750146,0.988311754234839
2021-02-02,229.8193817138672,212.58421,10.681025314527993,177.6559432485816,13.3287637554494,4.35737666750146,0.988311754234839
2021-02-03,233.1681365966797,214.91562,10.681025314527993,177.6559432485816,13.3287637554494,4.35737666750146,0.988311754234839
2021-02-04,232.2181854248047,214.3879,10.681025314527993,177.6559432485816,13.3287637554494,4.35737666750146,0.988311754234839
2021-02-05,232.4005279541016,215.8259,10.681025314527993,177.6559432485816,13.3287637554494,4.35737666750146,0.988311754234839
2021-02-08,232.65963745117188,218.31444,10.681025314527993,177.6559432485816,13.3287637554494,4.35737666750146,0.988311754234839
2021-02-09,233.9070281982422,218.64925,10.681025314527993,177.6559432485816,13.3287637554494,4.35737666750146,0.988311754234839
2021-02-10,232.99545288085935,219.48438,10.681025314527993,177.6559432485816,13.3287637554494,4.35737666750146,0.988311754234839
2021-02-11,234.59793090820312,219.6225,10.681025314527993,177.6559432485816,13.3287637554494,4.35737666750146,0.988311754234839
2021-02-12,235.0776824951172,218.54813,10.681025314527993,177.6559432485816,13.3287637554494,4.35737666750146,0.988311754234839
2021-02-16,233.83984375,219.9512,10.681025314527993,177.6559432485816,13.3287637554494,4.35737666750146,0.988311754234839
2021-02-17,234.8593292236328,219.9923,10.681025314527993,177.6559432485816,13.3287637554494,4.35737666750146,0.988311754234839
2021-02-18,234.4649658203125,221.38335,10.681025314527993,177.6559432485816,13.3287637554494,4.35737666750146,0.988311754234839
2021-02-19,231.75286865234372,220.96349,10.681025314527993,177.6559432485816,13.3287637554494,4.35737666750146,0.988311754234839
2021-02-22,225.53993225097656,220.51268,10.681025314527993,177.6559432485816,13.3287637554494,4.35737666750146,0.988311754234839
2021-02-23,224.34735107421875,221.9954,10.681025314527993,177.6559432485816,13.3287637554494,4.35737666750146,0.988311754234839
2021-02-24,225.5784149169922,220.49902,10.681025314527993,177.6559432485816,13.3287637554494,4.35737666750146,0.988311754234839
2021-02-25,220.2311248779297,219.137,10.681025314527993,177.6559432485816,13.3287637554494,4.35737666750146,0.988311754234839
2021-02-26,223.49136352539065,217.03561,10.681025314527993,177.6559432485816,13.3287637554494,4.35737666750146,0.988311754234839
2021-03-01,227.87696838378903,216.4456,10.681025314527993,177.6559432485816,13.3287637554494,4.35737666750146,0.988311754234839
2021-03-02,224.9244079589844,220.22176,10.681025314527993,177.6559432485816,13.3287637554494,4.35737666750146,0.988311754234839
2021-03-03,218.8557891845703,220.65283,10.681025314527993,177.6559432485816,13.3287637554494,4.35737666750146,0.988311754234839
2021-03-04,218.0575408935547,219.9199,10.681025314527993,177.6559432485816,13.3287637554494,4.35737666750146,0.988311754234839
2021-03-05,222.74124145507807,221.159,10.681025314527993,177.6559432485816,13.3287637554494,4.35737666750146,0.988311754234839
2021-03-08,218.69227600097656,221.49515,10.681025314527993,177.6559432485816,13.3287637554494,4.35737666750146,0.988311754234839
2021-03-09,224.8378448486328,219.94215,10.681025314527993,177.6559432485816,13.3287637554494,4.35737666750146,0.988311754234839
2021-03-10,223.5298614501953,218.63593,10.681025314527993,177.6559432485816,13.3287637554494,4.35737666750146,0.988311754234839
2021-03-11,228.0596923828125,220.5267,10.681025314527993,177.6559432485816,13.3287637554494,4.35737666750146,0.988311754234839
2021-03-12,226.7324981689453,222.26721,10.681025314527993,177.6559432485816,13.3287637554494,4.35737666750146,0.988311754234839
2021-03-15,225.82846069335935,223.83481,10.681025314527993,177.6559432485816,13.3287637554494,4.35737666750146,0.988311754234839
2021-03-16,228.61752319335935,225.24191,10.681025314527993,177.6559432485816,13.3287637554494,4.35737666750146,0.988311754234839
2021-03-17,227.97312927246094,225.03671,10.681025314527993,177.6559432485816,13.3287637554494,4.35737666750146,0.988311754234839
2021-03-18,221.8948974609375,225.2918,10.681025314527993,177.6559432485816,13.3287637554494,4.35737666750146,0.988311754234839
2021-03-19,221.5390625,226.0535,10.681025314527993,177.6559432485816,13.3287637554494,4.35737666750146,0.988311754234839
2021-03-22,226.9633331298828,223.16112,10.681025314527993,177.6559432485816,13.3287637554494,4.35737666750146,0.988311754234839
2021-03-23,228.49249267578125,225.90717,10.681025314527993,177.6559432485816,13.3287637554494,4.35737666750146,0.988311754234839
2021-03-24,226.4535980224609,224.7765,10.681025314527993,177.6559432485816,13.3287637554494,4.35737666750146,0.988311754234839
2021-03-25,223.4529571533203,225.54045,10.681025314527993,177.6559432485816,13.3287637554494,4.35737666750146,0.988311754234839
2021-03-26,227.43460083007807,226.52486,10.681025314527993,177.6559432485816,13.3287637554494,4.35737666750146,0.988311754234839
2021-03-29,226.2420196533203,225.82951,10.681025314527993,177.6559432485816,13.3287637554494,4.35737666750146,0.988311754234839
2021-03-30,222.981689453125,224.4613,10.681025314527993,177.6559432485816,13.3287637554494,4.35737666750146,0.988311754234839
2021-03-31,226.7517242431641,222.0421,10.681025314527993,177.6559432485816,13.3287637554494,4.35737666750146,0.988311754234839
2021-04-01,233.0800628662109,221.39522,10.681025314527993,177.6559432485816,13.3287637554494,4.35737666750146,0.988311754234839
2021-04-05,239.54299926757807,223.5024,10.681025314527993,177.6559432485816,13.3287637554494,4.35737666750146,0.988311754234839
2021-04-06,238.3793029785156,221.84119,10.681025314527993,177.6559432485816,13.3287637554494,4.35737666750146,0.988311754234839
2021-04-07,240.34124755859372,223.4921,10.681025314527993,177.6559432485816,13.3287637554494,4.35737666750146,0.988311754234839
2021-04-08,243.5631256103516,224.4856,10.681025314527993,177.6559432485816,13.3287637554494,4.35737666750146,0.988311754234839
2021-04-09,246.0636749267578,226.38626,10.681025314527993,177.6559432485816,13.3287637554494,4.35737666750146,0.988311754234839
2021-04-12,246.12139892578125,228.17183,10.681025314527993,177.6559432485816,13.3287637554494,4.35737666750146,0.988311754234839
2021-04-13,248.6026763916016,227.10103,10.681025314527993,177.6559432485816,13.3287637554494,4.35737666750146,0.988311754234839
2021-04-14,245.81362915039062,227.89314,10.681025314527993,177.6559432485816,13.3287637554494,4.35737666750146,0.988311754234839
2021-04-15,249.57400512695312,229.64987,10.681025314527993,177.6559432485816,13.3287637554494,4.35737666750146,0.988311754234839
2021-04-16,250.76663208007807,228.4866,10.681025314527993,177.6559432485816,13.3287637554494,4.35737666750146,0.988311754234839
2021-04-19,248.84310913085935,232.40027,10.681025314527993,177.6559432485816,13.3287637554494,4.35737666750146,0.988311754234839
2021-04-20,248.3814849853516,234.14471,10.681025314527993,177.6559432485816,13.3287637554494,4.35737666750146,0.988311754234839
2021-04-21,250.6127777099609,235.02766,10.681025314527993,177.6559432485816,13.3287637554494,4.35737666750146,0.988311754234839
2021-04-22,247.33319091796875,237.09972,10.681025314527993,177.6559432485816,13.3287637554494,4.35737666750146,0.988311754234839
2021-04-23,251.16094970703125,237.07333,10.681025314527993,177.6559432485816,13.3287637554494,4.35737666750146,0.988311754234839
2021-04-26,251.54563903808597,237.86107,10.681025314527993,177.6559432485816,13.3287637554494,4.35737666750146,0.988311754234839
2021-04-27,251.9495391845703,236.79729,10.681025314527993,177.6559432485816,13.3287637554494,4.35737666750146,0.988311754234839
2021-04-28,244.82302856445312,236.46867,10.681025314527993,177.6559432485816,13.3287637554494,4.35737666750146,0.988311754234839
2021-04-29,242.85142517089844,239.28987,10.681025314527993,177.6559432485816,13.3287637554494,4.35737666750146,0.988311754234839
2021-04-30,242.53402709960938,240.90292,10.681025314527993,177.6559432485816,13.3287637554494,4.35737666750146,0.988311754234839
2021-05-03,242.22628784179688,240.74744,10.681025314527993,177.6559432485816,13.3287637554494,4.35737666750146,0.988311754234839
2021-05-04,238.3119964599609,238.01665,10.681025314527993,177.6559432485816,13.3287637554494,4.35737666750146,0.988311754234839
2021-05-05,237.0424652099609,237.48798,10.681025314527993,177.6559432485816,13.3287637554494,4.35737666750146,0.988311754234839
2021-05-06,240.17774963378903,239.16678,10.681025314527993,177.6559432485816,13.3287637554494,4.35737666750146,0.988311754234839
2021-05-07,242.80337524414065,237.5807,10.681025314527993,177.6559432485816,13.3287637554494,4.35737666750146,0.988311754234839
2021-05-10,237.7252655029297,235.79688,10.681025314527993,177.6559432485816,13.3287637554494,4.35737666750146,0.988311754234839
2021-05-11,236.81163024902344,236.41658,10.681025314527993,177.6559432485816,13.3287637554494,4.35737666750146,0.988311754234839
2021-05-12,229.85818481445312,238.21739,10.681025314527993,177.6559432485816,13.3287637554494,4.35737666750146,0.988311754234839
2021-05-13,233.7340087890625,240.1161,10.681025314527993,177.6559432485816,13.3287637554494,4.35737666750146,0.988311754234839
2021-05-14,238.658203125,236.61343,10.681025314527993,177.6559432485816,13.3287637554494,4.35737666750146,0.988311754234839
2021-05-17,235.80181884765625,236.92229,10.681025314527993,177.6559432485816,13.3287637554494,4.35737666750146,0.988311754234839
2021-05-18,233.7821350097656,236.43817,10.681025314527993,177.6559432485816,13.3287637554494,4.35737666750146,0.988311754234839
2021-05-19,234.36053466796872,236.57285,10.681025314527993,177.6559432485816,13.3287637554494,4.35737666750146,0.988311754234839
2021-05-20,237.5994415283203,236.66309,10.681025314527993,177.6559432485816,13.3287637554494,4.35737666750146,0.988311754234839
2021-05-21,236.336669921875,237.30196,10.681025314527993,177.6559432485816,13.3287637554494,4.35737666750146,0.988311754234839
2021-05-24,241.74452209472656,237.95007,10.681025314527993,177.6559432485816,13.3287637554494,4.35737666750146,0.988311754234839
2021-05-25,242.65066528320312,237.42632,10.681025314527993,177.6559432485816,13.3287637554494,4.35737666750146,0.988311754234839
2021-05-26,242.428955078125,238.02971,10.681025314527993,177.6559432485816,13.3287637554494,4.35737666750146,0.988311754234839
2021-05-27,240.3274688720703,239.84377,10.681025314527993,177.6559432485816,13.3287637554494,4.35737666750146,0.988311754234839
2021-05-28,240.6841735839844,240.18623,10.681025314527993,177.6559432485816,13.3287637554494,4.35737666750146,0.988311754234839
2021-06-01,238.4863128662109,239.2727,10.681025314527993,177.6559432485816,13.3287637554494,4.35737666750146,0.988311754234839
2021-06-02,238.38995361328125,238.73286,10.681025314527993,177.6559432485816,13.3287637554494,4.35737666750146,0.988311754234839
2021-06-03,236.85717773437503,238.95876,10.681025314527993,177.6559432485816,13.3287637554494,4.35737666750146,0.988311754234839
2021-06-04,241.7541656494141,243.00877,10.681025314527993,177.6559432485816,13.3287637554494,4.35737666750146,0.988311754234839
2021-06-07,244.66534423828125,240.66197,10.681025314527993,177.6559432485816,13.3287637554494,4.35737666750146,0.988311754234839
2021-06-08,243.47006225585935,238.22777,10.681025314527993,177.6559432485816,13.3287637554494,4.35737666750146,0.988311754234839
2021-06-09,244.4532623291016,237.81316,10.681025314527993,177.6559432485816,13.3287637554494,4.35737666750146,0.988311754234839
2021-06-10,247.9717712402344,238.28514,10.681025314527993,177.6559432485816,13.3287637554494,4.35737666750146,0.988311754234839
2021-06-11,248.598388671875,239.73639,10.681025314527993,177.6559432485816,13.3287637554494,4.35737666750146,0.988311754234839
2021-06-14,250.5262908935547,238.49306,10.681025314527993,177.6559432485816,13.3287637554494,4.35737666750146,0.988311754234839
2021-06-15,249.05137634277344,237.58052,10.681025314527993,177.6559432485816,13.3287637554494,4.35737666750146,0.988311754234839
2021-06-16,248.1067352294922,241.06793,10.681025314527993,177.6559432485816,13.3287637554494,4.35737666750146,0.988311754234839
2021-06-17,251.4998779296875,241.6163,10.681025314527993,177.6559432485816,13.3287637554494,4.35737666750146,0.988311754234839
2021-06-18,250.08287048339844,240.58434,10.681025314527993,177.6559432485816,13.3287637554494,4.35737666750146,0.988311754234839
2021-06-21,253.1676177978516,240.23213,10.681025314527993,177.6559432485816,13.3287637554494,4.35737666750146,0.988311754234839
2021-06-22,255.94386291503903,240.2372,10.681025314527993,177.6559432485816,13.3287637554494,4.35737666750146,0.988311754234839
2021-06-23,255.71246337890625,241.66388,10.681025314527993,177.6559432485816,13.3287637554494,4.35737666750146,0.988311754234839
2021-06-24,257.0812683105469,242.76544,10.681025314527993,177.6559432485816,13.3287637554494,4.35737666750146,0.988311754234839
2021-06-25,255.47146606445312,242.48335,10.681025314527993,177.6559432485816,13.3287637554494,4.35737666750146,0.988311754234839
2021-06-28,259.0380859375,245.83842,10.681025314527993,177.6559432485816,13.3287637554494,4.35737666750146,0.988311754234839
2021-06-29,261.6215209960937,245.62715,10.681025314527993,177.6559432485816,13.3287637554494,4.35737666750146,0.988311754234839
2021-06-30,261.1395874023437,247.28748,10.681025314527993,177.6559432485816,13.3287637554494,4.35737666750146,0.988311754234839
2021-07-01,261.8143920898437,247.77997,10.681025314527993,177.6559432485816,13.3287637554494,4.35737666750146,0.988311754234839
2021-07-02,267.6463623046875,248.6438,10.681025314527993,177.6559432485816,13.3287637554494,4.35737666750146,0.988311754234839
2021-07-06,267.6560974121094,250.73323,10.681025314527993,177.6559432485816,13.3287637554494,4.35737666750146,0.988311754234839
2021-07-07,269.8442077636719,250.92186,10.681025314527993,177.6559432485816,13.3287637554494,4.35737666750146,0.988311754234839
2021-07-08,267.4247131347656,252.57558,10.681025314527993,177.6559432485816,13.3287637554494,4.35737666750146,0.988311754234839
2021-07-09,267.92596435546875,254.16615,10.681025314527993,177.6559432485816,13.3287637554494,4.35737666750146,0.988311754234839
2021-07-12,267.32830810546875,254.21468,10.681025314527993,177.6559432485816,13.3287637554494,4.35737666750146,0.988311754234839
2021-07-13,270.8564147949219,254.03297,10.681025314527993,177.6559432485816,13.3287637554494,4.35737666750146,0.988311754234839
2021-07-14,272.33123779296875,253.13492,10.681025314527993,177.6559432485816,13.3287637554494,4.35737666750146,0.988311754234839
2021-07-15,270.90460205078125,255.84763,10.681025314527993,177.6559432485816,13.3287637554494,4.35737666750146,0.988311754234839
2021-07-16,270.6347351074219,257.7076,10.681025314527993,177.6559432485816,13.3287637554494,4.35737666750146,0.988311754234839
2021-07-19,267.02947998046875,257.95224,10.681025314527993,177.6559432485816,13.3287637554494,4.35737666750146,0.988311754234839
2021-07-20,269.2561950683594,260.85828,10.681025314527993,177.6559432485816,13.3287637554494,4.35737666750146,0.988311754234839
2021-07-21,271.26129150390625,259.70212,10.681025314527993,177.6559432485816,13.3287637554494,4.35737666750146,0.988311754234839
2021-07-22,275.83056640625,259.51532,10.681025314527993,177.6559432485816,13.3287637554494,4.35737666750146,0.988311754234839
2021-07-23,279.2333679199219,258.50204,10.681025314527993,177.6559432485816,13.3287637554494,4.35737666750146,0.988311754234839
2021-07-26,278.6356811523437,258.4208,10.681025314527993,177.6559432485816,13.3287637554494,4.35737666750146,0.988311754234839
2021-07-27,276.2161560058594,261.0146,10.681025314527993,177.6559432485816,13.3287637554494,4.35737666750146,0.988311754234839
2021-07-28,275.9076232910156,261.9977,10.681025314527993,177.6559432485816,13.3287637554494,4.35737666750146,0.988311754234839
2021-07-29,276.17755126953125,262.7548,10.681025314527993,177.6559432485816,13.3287637554494,4.35737666750146,0.988311754234839
2021-07-30,274.6448974609375,263.50974,10.681025314527993,177.6559432485816,13.3287637554494,4.35737666750146,0.988311754234839
2021-08-02,274.5580749511719,264.38196,10.681025314527993,177.6559432485816,13.3287637554494,4.35737666750146,0.988311754234839
2021-08-03,276.7751770019532,263.62192,10.681025314527993,177.6559432485816,13.3287637554494,4.35737666750146,0.988311754234839
2021-08-04,276.187255859375,264.43268,10.681025314527993,177.6559432485816,13.3287637554494,4.35737666750146,0.988311754234839
2021-08-05,279.0887145996094,264.61578,10.681025314527993,177.6559432485816,13.3287637554494,4.35737666750146,0.988311754234839
2021-08-06,279.0309143066406,266.24185,10.681025314527993,177.6559432485816,13.3287637554494,4.35737666750146,0.988311754234839
2021-08-09,277.94158935546875,267.30872,10.681025314527993,177.6559432485816,13.3287637554494,4.35737666750146,0.988311754234839
2021-08-10,276.1197204589844,268.2302,10.681025314527993,177.6559432485816,13.3287637554494,4.35737666750146,0.988311754234839
2021-08-11,276.61138916015625,268.10126,10.681025314527993,177.6559432485816,13.3287637554494,4.35737666750146,0.988311754234839
2021-08-12,279.3682861328125,269.35104,10.681025314527993,177.6559432485816,13.3287637554494,4.35737666750146,0.988311754234839
2021-08-13,282.2987670898437,269.8202,10.681025314527993,177.6559432485816,13.3287637554494,4.35737666750146,0.988311754234839
2021-08-16,283.9857177734375,268.1908,10.681025314527993,177.6559432485816,13.3287637554494,4.35737666750146,0.988311754234839
2021-08-17,282.5205078125,270.16885,10.681025314527993,177.6559432485816,13.3287637554494,4.35737666750146,0.988311754234839
2021-08-18,280.7916564941406,271.44666,10.681025314527993,177.6559432485816,13.3287637554494,4.35737666750146,0.988311754234839
2021-08-19,286.625244140625,272.3227,10.681025314527993,177.6559432485816,13.3287637554494,4.35737666750146,0.988311754234839
2021-08-20,293.9557189941406,272.4278,10.681025314527993,177.6559432485816,13.3287637554494,4.35737666750146,0.988311754234839
2021-08-23,294.23583984375,272.96365,10.681025314527993,177.6559432485816,13.3287637554494,4.35737666750146,0.988311754234839
2021-08-24,292.27520751953125,273.6794,10.681025314527993,177.6559432485816,13.3287637554494,4.35737666750146,0.988311754234839
2021-08-25,291.6861267089844,276.53458,10.681025314527993,177.6559432485816,13.3287637554494,4.35737666750146,0.988311754234839
2021-08-26,288.8658447265625,276.34946,10.681025314527993,177.6559432485816,13.3287637554494,4.35737666750146,0.988311754234839
2021-08-27,289.4743347167969,277.69647,10.681025314527993,177.6559432485816,13.3287637554494,4.35737666750146,0.988311754234839
2021-08-30,293.21206665039057,277.2156,10.681025314527993,177.6559432485816,13.3287637554494,4.35737666750146,0.988311754234839
2021-08-31,291.5604553222656,278.30823,10.681025314527993,177.6559432485816,13.3287637554494,4.35737666750146,0.988311754234839
2021-09-01,291.51226806640625,280.7308,10.681025314527993,177.6559432485816,13.3287637554494,4.35737666750146,0.988311754234839
2021-09-02,290.8554077148437,281.01318,10.681025314527993,177.6559432485816,13.3287637554494,4.35737666750146,0.988311754234839
2021-09-03,290.8458251953125,282.33566,10.681025314527993,177.6559432485816,13.3287637554494,4.35737666750146,0.988311754234839
2021-09-07,289.9185485839844,281.65756,10.681025314527993,177.6559432485816,13.3287637554494,4.35737666750146,0.988311754234839
2021-09-08,289.9476013183594,279.95856,10.681025314527993,177.6559432485816,13.3287637554494,4.35737666750146,0.988311754234839
2021-09-09,287.0888366699219,280.57056,10.681025314527993,177.6559432485816,13.3287637554494,4.35737666750146,0.988311754234839
2021-09-10,285.6014099121094,281.90356,10.681025314527993,177.6559432485816,13.3287637554494,4.35737666750146,0.988311754234839
2021-09-13,286.8376159667969,282.28326,10.681025314527993,177.6559432485816,13.3287637554494,4.35737666750146,0.988311754234839
2021-09-14,289.5419616699219,282.40378,10.681025314527993,177.6559432485816,13.3287637554494,4.35737666750146,0.988311754234839
2021-09-15,294.3999938964844,282.17523,10.681025314527993,177.6559432485816,13.3287637554494,4.35737666750146,0.988311754234839
2021-09-16,294.7863464355469,283.3887,10.681025314527993,177.6559432485816,13.3287637554494,4.35737666750146,0.988311754234839
2021-09-17,289.6192321777344,284.48468,10.681025314527993,177.6559432485816,13.3287637554494,4.35737666750146,0.988311754234839
2021-09-20,284.2396545410156,284.89047,10.681025314527993,177.6559432485816,13.3287637554494,4.35737666750146,0.988311754234839
2021-09-21,284.7225036621094,283.26218,10.681025314527993,177.6559432485816,13.3287637554494,4.35737666750146,0.988311754234839
2021-09-22,288.3733825683594,283.66446,10.681025314527993,177.6559432485816,13.3287637554494,4.35737666750146,0.988311754234839
2021-09-23,289.31982421875,284.50705,10.681025314527993,177.6559432485816,13.3287637554494,4.35737666750146,0.988311754234839
2021-09-24,289.1170349121094,283.95963,10.681025314527993,177.6559432485816,13.3287637554494,4.35737666750146,0.988311754234839
2021-09-27,284.1141052246094,285.45755,10.681025314527993,177.6559432485816,13.3287637554494,4.35737666750146,0.988311754234839
2021-09-28,273.8281555175781,286.20224,10.681025314527993,177.6559432485816,13.3287637554494,4.35737666750146,0.988311754234839
2021-09-29,274.291748046875,286.31677,10.681025314527993,177.6559432485816,13.3287637554494,4.35737666750146,0.988311754234839
2021-09-30,272.2828063964844,285.50314,10.681025314527993,177.6559432485816,13.3287637554494,4.35737666750146,0.988311754234839
2021-10-01,279.2173767089844,284.7369,10.681025314527993,177.6559432485816,13.3287637554494,4.35737666750146,0.988311754234839
2021-10-04,273.4320983886719,283.77322,10.681025314527993,177.6559432485816,13.3287637554494,4.35737666750146,0.988311754234839
2021-10-05,278.8890075683594,284.57574,10.681025314527993,177.6559432485816,13.3287637554494,4.35737666750146,0.988311754234839
2021-10-06,283.0903015136719,284.41742,10.681025314527993,177.6559432485816,13.3287637554494,4.35737666750146,0.988311754234839
2021-10-07,284.7707824707031,283.0178,10.681025314527993,177.6559432485816,13.3287637554494,4.35737666750146,0.988311754234839
2021-10-08,284.7707824707031,282.8056,10.681025314527993,177.6559432485816,13.3287637554494,4.35737666750146,0.988311754234839
2021-10-11,284.1720886230469,283.14374,10.681025314527993,177.6559432485816,13.3287637554494,4.35737666750146,0.988311754234839
2021-10-12,282.8681640625,285.3164,10.681025314527993,177.6559432485816,13.3287637554494,4.35737666750146,0.988311754234839
2021-10-13,286.1809387207031,286.80658,10.681025314527993,177.6559432485816,13.3287637554494,4.35737666750146,0.988311754234839
2021-10-14,292.40069580078125,284.86487,10.681025314527993,177.6559432485816,13.3287637554494,4.35737666750146,0.988311754234839
2021-10-15,293.8109130859375,284.61612,10.681025314527993,177.6559432485816,13.3287637554494,4.35737666750146,0.988311754234839
2021-10-18,296.7856140136719,283.4732,10.681025314527993,177.6559432485816,13.3287637554494,4.35737666750146,0.988311754234839
2021-10-19,297.69342041015625,284.86185,10.681025314527993,177.6559432485816,13.3287637554494,4.35737666750146,0.988311754234839
2021-10-20,296.9014587402344,286.9354,10.681025314527993,177.6559432485816,13.3287637554494,4.35737666750146,0.988311754234839
2021-10-21,300.136962890625,288.31845,10.681025314527993,177.6559432485816,13.3287637554494,4.35737666750146,0.988311754234839
2021-10-22,298.5916442871094,288.8987,10.681025314527993,177.6559432485816,13.3287637554494,4.35737666750146,0.988311754234839
2021-10-25,297.59686279296875,289.92673,10.681025314527993,177.6559432485816,13.3287637554494,4.35737666750146,0.988311754234839
2021-10-26,299.5091857910156,290.52457,10.681025314527993,177.6559432485816,13.3287637554494,4.35737666750146,0.988311754234839
2021-10-27,312.1228332519531,291.1239,10.681025314527993,177.6559432485816,13.3287637554494,4.35737666750146,0.988311754234839
2021-10-28,313.2624206542969,291.01746,10.681025314527993,177.6559432485816,13.3287637554494,4.35737666750146,0.988311754234839
2021-10-29,320.2839050292969,291.53973,10.681025314527993,177.6559432485816,13.3287637554494,4.35737666750146,0.988311754234839
2021-11-01,318.1108093261719,291.49054,10.681025314527993,177.6559432485816,13.3287637554494,4.35737666750146,0.988311754234839
2021-11-02,321.74224853515625,297.30508,10.681025314527993,177.6559432485816,13.3287637554494,4.35737666750146,0.988311754234839
2021-11-03,322.5825500488281,299.269,10.681025314527993,177.6559432485816,13.3287637554494,4.35737666750146,0.988311754234839
2021-11-04,324.9390563964844,299.97928,10.681025314527993,177.6559432485816,13.3287637554494,4.35737666750146,0.988311754234839
2021-11-05,324.57217407226557,298.6016,10.681025314527993,177.6559432485816,13.3287637554494,4.35737666750146,0.988311754234839
2021-11-08,325.4703063964844,298.72604,10.681025314527993,177.6559432485816,13.3287637554494,4.35737666750146,0.988311754234839
2021-11-09,324.46588134765625,299.59903,10.681025314527993,177.6559432485816,13.3287637554494,4.35737666750146,0.988311754234839
2021-11-10,319.4918212890625,301.92758,10.681025314527993,177.6559432485816,13.3287637554494,4.35737666750146,0.988311754234839
2021-11-11,321.0661315917969,303.09262,10.681025314527993,177.6559432485816,13.3287637554494,4.35737666750146,0.988311754234839
2021-11-12,325.2095947265625,304.42328,10.681025314527993,177.6559432485816,13.3287637554494,4.35737666750146,0.988311754234839
2021-11-15,324.5817565917969,307.86215,10.681025314527993,177.6559432485816,13.3287637554494,4.35737666750146,0.988311754234839
2021-11-16,327.9042053222656,308.01263,10.681025314527993,177.6559432485816,13.3287637554494,4.35737666750146,0.988311754234839
2021-11-17,328.126708984375,308.39603,10.681025314527993,177.6559432485816,13.3287637554494,4.35737666750146,0.988311754234839
2021-11-18,330.20703125,307.82697,10.681025314527993,177.6559432485816,13.3287637554494,4.35737666750146,0.988311754234839
2021-11-19,331.9873962402344,308.12173,10.681025314527993,177.6559432485816,13.3287637554494,4.35737666750146,0.988311754234839
2021-11-22,328.8136901855469,308.43118,10.681025314527993,177.6559432485816,13.3287637554494,4.35737666750146,0.988311754234839
2021-11-23,326.7334899902344,311.66196,10.681025314527993,177.6559432485816,13.3287637554494,4.35737666750146,0.988311754234839
2021-11-24,326.9559020996094,314.3779,10.681025314527993,177.6559432485816,13.3287637554494,4.35737666750146,0.988311754234839
2021-11-26,318.99267578125,315.43576,10.681025314527993,177.6559432485816,13.3287637554494,4.35737666750146,0.988311754234839
2021-11-29,325.7174377441406,316.7866,10.681025314527993,177.6559432485816,13.3287637554494,4.35737666750146,0.988311754234839
2021-11-30,319.87322998046875,314.2151,10.681025314527993,177.6559432485816,13.3287637554494,4.35737666750146,0.988311754234839
2021-12-01,319.3797912597656,314.61185,10.681025314527993,177.6559432485816,13.3287637554494,4.35737666750146,0.988311754234839
2021-12-02,318.80886840820307,313.41003,10.681025314527993,177.6559432485816,13.3287637554494,4.35737666750146,0.988311754234839
2021-12-03,312.5390014648437,314.7401,10.681025314527993,177.6559432485816,13.3287637554494,4.35737666750146,0.988311754234839
2021-12-06,315.6159362792969,317.52045,10.681025314527993,177.6559432485816,13.3287637554494,4.35737666750146,0.988311754234839
2021-12-07,324.06280517578125,318.64288,10.681025314527993,177.6559432485816,13.3287637554494,4.35737666750146,0.988311754234839
2021-12-08,324.1112976074219,318.12424,10.681025314527993,177.6559432485816,13.3287637554494,4.35737666750146,0.988311754234839
2021-12-09,322.3018493652344,319.15717,10.681025314527993,177.6559432485816,13.3287637554494,4.35737666750146,0.988311754234839
2021-12-10,331.4359130859375,318.06653,10.681025314527993,177.6559432485816,13.3287637554494,4.35737666750146,0.988311754234839
2021-12-13,328.3976745605469,320.1878,10.681025314527993,177.6559432485816,13.3287637554494,4.35737666750146,0.988311754234839
2021-12-14,317.6961669921875,320.47766,10.681025314527993,177.6559432485816,13.3287637554494,4.35737666750146,0.988311754234839
2021-12-15,323.8016662597656,317.78693,10.681025314527993,177.6559432485816,13.3287637554494,4.35737666750146,0.988311754234839
2021-12-16,314.3677062988281,319.35815,10.681025314527993,177.6559432485816,13.3287637554494,4.35737666750146,0.988311754234839
2021-12-17,313.3033142089844,319.86414,10.681025314527993,177.6559432485816,13.3287637554494,4.35737666750146,0.988311754234839
2021-12-20,309.5394287109375,318.36172,10.681025314527993,177.6559432485816,13.3287637554494,4.35737666750146,0.988311754234839
2021-12-21,316.6802673339844,315.85883,10.681025314527993,177.6559432485816,13.3287637554494,4.35737666750146,0.988311754234839
2021-12-22,322.398681640625,317.40817,10.681025314527993,177.6559432485816,13.3287637554494,4.35737666750146,0.988311754234839
2021-12-23,323.84033203125,316.36398,10.681025314527993,177.6559432485816,13.3287637554494,4.35737666750146,0.988311754234839
2021-12-27,331.3487548828125,317.32803,10.681025314527993,177.6559432485816,13.3287637554494,4.35737666750146,0.988311754234839
2021-12-28,330.1877136230469,320.38528,10.681025314527993,177.6559432485816,13.3287637554494,4.35737666750146,0.988311754234839
2021-12-29,330.8649597167969,321.64282,10.681025314527993,177.6559432485816,13.3287637554494,4.35737666750146,0.988311754234839
2021-12-30,328.3202209472656,323.4794,10.681025314527993,177.6559432485816,13.3287637554494,4.35737666750146,0.988311754234839
2021-12-31,325.41748046875006,322.82422,10.681025314527993,177.6559432485816,13.3287637554494,4.35737666750146,0.988311754234839
2022-01-03,323.8984069824219,321.61426,10.681025314527993,177.6559432485816,13.3287637554494,4.35737666750146,0.988311754234839
2022-01-04,318.3444519042969,320.6207,10.681025314527993,177.6559432485816,13.3287637554494,4.35737666750146,0.988311754234839
2022-01-05,306.1239013671875,320.9636,10.681025314527993,177.6559432485816,13.3287637554494,4.35737666750146,0.988311754234839
2022-01-06,303.7049255371094,318.67365,10.681025314527993,177.6559432485816,13.3287637554494,4.35737666750146,0.988311754234839
2022-01-07,303.8597717285156,318.18555,10.681025314527993,177.6559432485816,13.3287637554494,4.35737666750146,0.988311754234839
2022-01-10,304.0822448730469,318.74155,10.681025314527993,177.6559432485816,13.3287637554494,4.35737666750146,0.988311754234839
2022-01-11,304.7692565917969,316.5988,10.681025314527993,177.6559432485816,13.3287637554494,4.35737666750146,0.988311754234839
2022-01-12,307.9525451660156,315.46558,10.681025314527993,177.6559432485816,13.3287637554494,4.35737666750146,0.988311754234839
2022-01-13,294.91925048828125,314.7899,10.681025314527993,177.6559432485816,13.3287637554494,4.35737666750146,0.988311754234839
2022-01-14,300.144287109375,315.67273,10.681025314527993,177.6559432485816,13.3287637554494,4.35737666750146,0.988311754234839
2022-01-18,292.8389892578125,312.9902,10.681025314527993,177.6559432485816,13.3287637554494,4.35737666750146,0.988311754234839
2022-01-19,293.49688720703125,314.98145,10.681025314527993,177.6559432485816,13.3287637554494,4.35737666750146,0.988311754234839
2022-01-20,291.82293701171875,312.80032,10.681025314527993,177.6559432485816,13.3287637554494,4.35737666750146,0.988311754234839
2022-01-21,286.4335021972656,312.5638,10.681025314527993,177.6559432485816,13.3287637554494,4.35737666750146,0.988311754234839
2022-01-24,286.76251220703125,310.47284,10.681025314527993,177.6559432485816,13.3287637554494,4.35737666750146,0.988311754234839
2022-01-25,279.1379699707031,306.76498,10.681025314527993,177.6559432485816,13.3287637554494,4.35737666750146,0.988311754234839
2022-01-26,287.0915222167969,304.55798,10.681025314527993,177.6559432485816,13.3287637554494,4.35737666750146,0.988311754234839
2022-01-27,290.12002563476557,300.59857,10.681025314527993,177.6559432485816,13.3287637554494,4.35737666750146,0.988311754234839
2022-01-28,298.2671203613281,300.4745,10.681025314527993,177.6559432485816,13.3287637554494,4.35737666750146,0.988311754234839
2022-01-31,300.89895629882807,302.20004,10.681025314527993,177.6559432485816,13.3287637554494,4.35737666750146,0.988311754234839
2022-02-01,298.7509460449219,302.80005,10.681025314527993,177.6559432485816,13.3287637554494,4.35737666750146,0.988311754234839
2022-02-02,303.29852294921875,308.97864,10.681025314527993,177.6559432485816,13.3287637554494,4.35737666750146,0.988311754234839
2022-02-03,291.4844055175781,308.00058,10.681025314527993,177.6559432485816,13.3287637554494,4.35737666750146,0.988311754234839
2022-02-04,296.0223693847656,310.81775,10.681025314527993,177.6559432485816,13.3287637554494,4.35737666750146,0.988311754234839
2022-02-07,291.1942138671875,310.8501,10.681025314527993,177.6559432485816,13.3287637554494,4.35737666750146,0.988311754234839
2022-02-08,294.6869812011719,308.743,10.681025314527993,177.6559432485816,13.3287637554494,4.35737666750146,0.988311754234839
2022-02-09,301.1214294433594,307.20624,10.681025314527993,177.6559432485816,13.3287637554494,4.35737666750146,0.988311754234839
2022-02-10,292.5777587890625,305.36774,10.681025314527993,177.6559432485816,13.3287637554494,4.35737666750146,0.988311754234839
2022-02-11,285.4756774902344,304.54654,10.681025314527993,177.6559432485816,13.3287637554494,4.35737666750146,0.988311754234839
2022-02-14,285.4369812011719,304.30212,10.681025314527993,177.6559432485816,13.3287637554494,4.35737666750146,0.988311754234839
2022-02-15,290.7296447753906,301.2749,10.681025314527993,177.6559432485816,13.3287637554494,4.35737666750146,0.988311754234839
2022-02-16,290.39028930664057,301.42923,10.681025314527993,177.6559432485816,13.3287637554494,4.35737666750146,0.988311754234839
2022-02-17,281.8870849609375,298.78024,10.681025314527993,177.6559432485816,13.3287637554494,4.35737666750146,0.988311754234839
2022-02-18,279.1722106933594,300.2392,10.681025314527993,177.6559432485816,13.3287637554494,4.35737666750146,0.988311754234839
2022-02-22,278.96856689453125,297.1537,10.681025314527993,177.6559432485816,13.3287637554494,4.35737666750146,0.988311754234839
2022-02-23,271.7452087402344,298.55017,10.681025314527993,177.6559432485816,13.3287637554494,4.35737666750146,0.988311754234839
2022-02-24,285.629638671875,297.51172,10.681025314527993,177.6559432485816,13.3287637554494,4.35737666750146,0.988311754234839
2022-02-25,288.2669372558594,290.634,10.681025314527993,177.6559432485816,13.3287637554494,4.35737666750146,0.988311754234839
2022-02-28,289.7018737792969,293.32,10.681025314527993,177.6559432485816,13.3287637554494,4.35737666750146,0.988311754234839
2022-03-01,285.9786682128906,287.62653,10.681025314527993,177.6559432485816,13.3287637554494,4.35737666750146,0.988311754234839
2022-03-02,291.059326171875,288.87454,10.681025314527993,177.6559432485816,13.3287637554494,4.35737666750146,0.988311754234839
2022-03-03,286.9191589355469,288.0515,10.681025314527993,177.6559432485816,13.3287637554494,4.35737666750146,0.988311754234839
2022-03-04,281.04351806640625,285.91577,10.681025314527993,177.6559432485816,13.3287637554494,4.35737666750146,0.988311754234839
2022-03-07,270.4265441894531,286.2642,10.681025314527993,177.6559432485816,13.3287637554494,4.35737666750146,0.988311754234839
2022-03-08,267.4596252441406,288.71136,10.681025314527993,177.6559432485816,13.3287637554494,4.35737666750146,0.988311754234839
2022-03-09,279.7248840332031,290.42557,10.681025314527993,177.6559432485816,13.3287637554494,4.35737666750146,0.988311754234839
2022-03-10,276.90338134765625,287.92923,10.681025314527993,177.6559432485816,13.3287637554494,4.35737666750146,0.988311754234839
2022-03-11,271.55133056640625,287.3147,10.681025314527993,177.6559432485816,13.3287637554494,4.35737666750146,0.988311754234839
2022-03-14,268.0317077636719,287.19516,10.681025314527993,177.6559432485816,13.3287637554494,4.35737666750146,0.988311754234839
2022-03-15,278.4159240722656,291.17902,10.681025314527993,177.6559432485816,13.3287637554494,4.35737666750146,0.988311754234839
2022-03-16,285.4356994628906,289.31277,10.681025314527993,177.6559432485816,13.3287637554494,4.35737666750146,0.988311754234839
2022-03-17,286.2405090332031,288.41922,10.681025314527993,177.6559432485816,13.3287637554494,4.35737666750146,0.988311754234839
2022-03-18,291.2919921875,285.7301,10.681025314527993,177.6559432485816,13.3287637554494,4.35737666750146,0.988311754234839
2022-03-21,290.0606384277344,286.5633,10.681025314527993,177.6559432485816,13.3287637554494,4.35737666750146,0.988311754234839
2022-03-22,294.8116149902344,292.32706,10.681025314527993,177.6559432485816,13.3287637554494,4.35737666750146,0.988311754234839
2022-03-23,290.38055419921875,289.74176,10.681025314527993,177.6559432485816,13.3287637554494,4.35737666750146,0.988311754234839
2022-03-24,294.85040283203125,293.15494,10.681025314527993,177.6559432485816,13.3287637554494,4.35737666750146,0.988311754234839
2022-03-25,294.4430847167969,292.3174,10.681025314527993,177.6559432485816,13.3287637554494,4.35737666750146,0.988311754234839
2022-03-28,301.24957275390625,290.57758,10.681025314527993,177.6559432485816,13.3287637554494,4.35737666750146,0.988311754234839
2022-03-29,305.8164367675781,291.58978,10.681025314527993,177.6559432485816,13.3287637554494,4.35737666750146,0.988311754234839
2022-03-30,304.31353759765625,291.45288,10.681025314527993,177.6559432485816,13.3287637554494,4.35737666750146,0.988311754234839
2022-03-31,298.9322814941406,290.03952,10.681025314527993,177.6559432485816,13.3287637554494,4.35737666750146,0.988311754234839
2022-04-01,300.0085754394531,291.63803,10.681025314527993,177.6559432485816,13.3287637554494,4.35737666750146,0.988311754234839
2022-04-04,305.3897705078125,291.529,10.681025314527993,177.6559432485816,13.3287637554494,4.35737666750146,0.988311754234839
2022-04-05,301.4241943359375,297.7453,10.681025314527993,177.6559432485816,13.3287637554494,4.35737666750146,0.988311754234839
2022-04-06,290.39028930664057,294.75378,10.681025314527993,177.6559432485816,13.3287637554494,4.35737666750146,0.988311754234839
2022-04-07,292.20343017578125,293.44092,10.681025314527993,177.6559432485816,13.3287637554494,4.35737666750146,0.988311754234839
2022-04-08,287.9372253417969,291.53043,10.681025314527993,177.6559432485816,13.3287637554494,4.35737666750146,0.988311754234839
2022-04-11,276.5834350585937,294.54684,10.681025314527993,177.6559432485816,13.3287637554494,4.35737666750146,0.988311754234839
2022-04-12,273.48077392578125,295.67313,10.681025314527993,177.6559432485816,13.3287637554494,4.35737666750146,0.988311754234839
2022-04-13,278.87164306640625,285.59717,10.681025314527993,177.6559432485816,13.3287637554494,4.35737666750146,0.988311754234839
2022-04-14,271.3186340332031,285.45428,10.681025314527993,177.6559432485816,13.3287637554494,4.35737666750146,0.988311754234839
2022-04-18,271.9875793457031,280.92166,10.681025314527993,177.6559432485816,13.3287637554494,4.35737666750146,0.988311754234839
2022-04-19,276.62216186523443,282.38205,10.681025314527993,177.6559432485816,13.3287637554494,4.35737666750146,0.988311754234839
2022-04-20,277.6499328613281,282.85855,10.681025314527993,177.6559432485816,13.3287637554494,4.35737666750146,0.988311754234839
2022-04-21,272.26873779296875,279.94907,10.681025314527993,177.6559432485816,13.3287637554494,4.35737666750146,0.988311754234839
2022-04-22,265.69500732421875,283.60306,10.681025314527993,177.6559432485816,13.3287637554494,4.35737666750146,0.988311754234839
2022-04-25,272.1815185546875,284.53418,10.681025314527993,177.6559432485816,13.3287637554494,4.35737666750146,0.988311754234839
2022-04-26,262.0008544921875,283.90912,10.681025314527993,177.6559432485816,13.3287637554494,4.35737666750146,0.988311754234839
2022-04-27,274.6054382324219,279.5238,10.681025314527993,177.6559432485816,13.3287637554494,4.35737666750146,0.988311754234839
2022-04-28,280.8205261230469,277.43384,10.681025314527993,177.6559432485816,13.3287637554494,4.35737666750146,0.988311754234839
2022-04-29,269.078857421875,281.195,10.681025314527993,177.6559432485816,13.3287637554494,4.35737666750146,0.988311754234839
2022-05-02,275.8174743652344,283.09106,10.681025314527993,177.6559432485816,13.3287637554494,4.35737666750146,0.988311754234839
2022-05-03,273.2092590332031,278.82016,10.681025314527993,177.6559432485816,13.3287637554494,4.35737666750146,0.988311754234839
2022-05-04,281.1598205566406,282.41953,10.681025314527993,177.6559432485816,13.3287637554494,4.35737666750146,0.988311754234839
2022-05-05,268.9140014648437,281.10873,10.681025314527993,177.6559432485816,13.3287637554494,4.35737666750146,0.988311754234839
2022-05-06,266.3736572265625,281.59195,10.681025314527993,177.6559432485816,13.3287637554494,4.35737666750146,0.988311754234839
2022-05-09,256.5325012207031,283.25464,10.681025314527993,177.6559432485816,13.3287637554494,4.35737666750146,0.988311754234839
2022-05-10,261.302734375,282.4945,10.681025314527993,177.6559432485816,13.3287637554494,4.35737666750146,0.988311754234839
2022-05-11,252.6250457763672,284.3998,10.681025314527993,177.6559432485816,13.3287637554494,4.35737666750146,0.988311754234839
2022-05-12,247.5831756591797,282.96915,10.681025314527993,177.6559432485816,13.3287637554494,4.35737666750146,0.988311754234839
2022-05-13,253.17767333984372,277.4384,10.681025314527993,177.6559432485816,13.3287637554494,4.35737666750146,0.988311754234839
2022-05-16,253.5460662841797,276.23947,10.681025314527993,177.6559432485816,13.3287637554494,4.35737666750146,0.988311754234839
2022-05-17,258.7043151855469,275.78036,10.681025314527993,177.6559432485816,13.3287637554494,4.35737666750146,0.988311754234839
2022-05-18,246.9255828857422,272.41638,10.681025314527993,177.6559432485816,13.3287637554494,4.35737666750146,0.988311754234839
2022-05-19,246.01205444335935,269.92676,10.681025314527993,177.6559432485816,13.3287637554494,4.35737666750146,0.988311754234839
2022-05-20,245.4483795166016,266.05682,10.681025314527993,177.6559432485816,13.3287637554494,4.35737666750146,0.988311754234839
2022-05-23,253.31056213378903,265.97308,10.681025314527993,177.6559432485816,13.3287637554494,4.35737666750146,0.988311754234839
2022-05-24,252.30955505371088,262.283,10.681025314527993,177.6559432485816,13.3287637554494,4.35737666750146,0.988311754234839
2022-05-25,255.12796020507807,261.2664,10.681025314527993,177.6559432485816,13.3287637554494,4.35737666750146,0.988311754234839
2022-05-26,258.4127502441406,256.81616,10.681025314527993,177.6559432485816,13.3287637554494,4.35737666750146,0.988311754234839
2022-05-27,265.5460510253906,258.52072,10.681025314527993,177.6559432485816,13.3287637554494,4.35737666750146,0.988311754234839
2022-05-31,264.21466064453125,263.3858,10.681025314527993,177.6559432485816,13.3287637554494,4.35737666750146,0.988311754234839
2022-06-01,264.7491455078125,262.70258,10.681025314527993,177.6559432485816,13.3287637554494,4.35737666750146,0.988311754234839
2022-06-02,266.8483581542969,259.34042,10.681025314527993,177.6559432485816,13.3287637554494,4.35737666750146,0.988311754234839
2022-06-03,262.41668701171875,257.93637,10.681025314527993,177.6559432485816,13.3287637554494,4.35737666750146,0.988311754234839
2022-06-06,261.1824645996094,261.16635,10.681025314527993,177.6559432485816,13.3287637554494,4.35737666750146,0.988311754234839
2022-06-07,264.8268737792969,262.8703,10.681025314527993,177.6559432485816,13.3287637554494,4.35737666750146,0.988311754234839
2022-06-08,262.7957763671875,264.4181,10.681025314527993,177.6559432485816,13.3287637554494,4.35737666750146,0.988311754234839
2022-06-09,257.33404541015625,263.89087,10.681025314527993,177.6559432485816,13.3287637554494,4.35737666750146,0.988311754234839
2022-06-10,245.8662872314453,267.9248,10.681025314527993,177.6559432485816,13.3287637554494,4.35737666750146,0.988311754234839
2022-06-13,235.43841552734372,269.53027,10.681025314527993,177.6559432485816,13.3287637554494,4.35737666750146,0.988311754234839
2022-06-14,237.60562133789065,268.34772,10.681025314527993,177.6559432485816,13.3287637554494,4.35737666750146,0.988311754234839
2022-06-15,244.67091369628903,261.7492,10.681025314527993,177.6559432485816,13.3287637554494,4.35737666750146,0.988311754234839
2022-06-16,238.07211303710935,257.77795,10.681025314527993,177.6559432485816,13.3287637554494,4.35737666750146,0.988311754234839
2022-06-17,240.6766510009766,259.40128,10.681025314527993,177.6559432485816,13.3287637554494,4.35737666750146,0.988311754234839
2022-06-21,246.5951690673828,255.46196,10.681025314527993,177.6559432485816,13.3287637554494,4.35737666750146,0.988311754234839
2022-06-22,246.00230407714844,258.0615,10.681025314527993,177.6559432485816,13.3287637554494,4.35737666750146,0.988311754234839
2022-06-23,251.5709686279297,251.91862,10.681025314527993,177.6559432485816,13.3287637554494,4.35737666750146,0.988311754234839
2022-06-24,260.1620483398437,253.10583,10.681025314527993,177.6559432485816,13.3287637554494,4.35737666750146,0.988311754234839
2022-06-27,257.43121337890625,254.40868,10.681025314527993,177.6559432485816,13.3287637554494,4.35737666750146,0.988311754234839
2022-06-28,249.25799560546875,255.13895,10.681025314527993,177.6559432485816,13.3287637554494,4.35737666750146,0.988311754234839
2022-06-29,252.9316253662109,252.48544,10.681025314527993,177.6559432485816,13.3287637554494,4.35737666750146,0.988311754234839
2022-06-30,249.59814453125,253.12602,10.681025314527993,177.6559432485816,13.3287637554494,4.35737666750146,0.988311754234839
2022-07-01,252.27069091796872,252.62927,10.681025314527993,177.6559432485816,13.3287637554494,4.35737666750146,0.988311754234839
2022-07-05,255.44862365722656,249.47179,10.681025314527993,177.6559432485816,13.3287637554494,4.35737666750146,0.988311754234839
2022-07-06,258.7139892578125,248.3069,10.681025314527993,177.6559432485816,13.3287637554494,4.35737666750146,0.988311754234839
2022-07-07,260.84234619140625,254.6365,10.681025314527993,177.6559432485816,13.3287637554494,4.35737666750146,0.988311754234839
2022-07-08,260.1231689453125,256.10007,10.681025314527993,177.6559432485816,13.3287637554494,4.35737666750146,0.988311754234839
2022-07-11,257.0619506835937,255.4348,10.681025314527993,177.6559432485816,13.3287637554494,4.35737666750146,0.988311754234839
2022-07-12,246.52713012695312,259.57404,10.681025314527993,177.6559432485816,13.3287637554494,4.35737666750146,0.988311754234839
2022-07-13,245.60386657714844,257.5252,10.681025314527993,177.6559432485816,13.3287637554494,4.35737666750146,0.988311754234839
2022-07-14,246.9255828857422,261.13522,10.681025314527993,177.6559432485816,13.3287637554494,4.35737666750146,0.988311754234839
2022-07-15,249.49127197265625,257.56033,10.681025314527993,177.6559432485816,13.3287637554494,4.35737666750146,0.988311754234839
2022-07-18,247.0908050537109,254.69249,10.681025314527993,177.6559432485816,13.3287637554494,4.35737666750146,0.988311754234839
2022-07-19,252.22210693359372,255.41591,10.681025314527993,177.6559432485816,13.3287637554494,4.35737666750146,0.988311754234839
2022-07-20,254.88497924804688,259.07495,10.681025314527993,177.6559432485816,13.3287637554494,4.35737666750146,0.988311754234839
2022-07-21,257.38262939453125,256.7989,10.681025314527993,177.6559432485816,13.3287637554494,4.35737666750146,0.988311754234839
2022-07-22,253.0287170410156,253.71178,10.681025314527993,177.6559432485816,13.3287637554494,4.35737666750146,0.988311754234839
2022-07-25,251.54183959960935,253.40372,10.681025314527993,177.6559432485816,13.3287637554494,4.35737666750146,0.988311754234839
2022-07-26,244.80694580078125,249.77231,10.681025314527993,177.6559432485816,13.3287637554494,4.35737666750146,0.988311754234839
2022-07-27,261.1728210449219,252.10092,10.681025314527993,177.6559432485816,13.3287637554494,4.35737666750146,0.988311754234839
2022-07-28,268.6268005371094,248.8454,10.681025314527993,177.6559432485816,13.3287637554494,4.35737666750146,0.988311754234839
2022-07-29,272.8348999023437,252.18176,10.681025314527993,177.6559432485816,13.3287637554494,4.35737666750146,0.988311754234839
2022-08-01,270.1817626953125,253.03255,10.681025314527993,177.6559432485816,13.3287637554494,4.35737666750146,0.988311754234839
2022-08-02,267.0816345214844,255.13857,10.681025314527993,177.6559432485816,13.3287637554494,4.35737666750146,0.988311754234839
2022-08-03,274.51617431640625,257.72025,10.681025314527993,177.6559432485816,13.3287637554494,4.35737666750146,0.988311754234839
2022-08-04,275.6629333496094,257.2174,10.681025314527993,177.6559432485816,13.3287637554494,4.35737666750146,0.988311754234839
2022-08-05,274.9437561035156,255.9895,10.681025314527993,177.6559432485816,13.3287637554494,4.35737666750146,0.988311754234839
2022-08-08,272.4267272949218,254.57826,10.681025314527993,177.6559432485816,13.3287637554494,4.35737666750146,0.988311754234839
2022-08-09,274.3509216308594,255.95477,10.681025314527993,177.6559432485816,13.3287637554494,4.35737666750146,0.988311754234839
2022-08-10,281.0178527832031,260.147,10.681025314527993,177.6559432485816,13.3287637554494,4.35737666750146,0.988311754234839
2022-08-11,278.93804931640625,261.86456,10.681025314527993,177.6559432485816,13.3287637554494,4.35737666750146,0.988311754234839
2022-08-12,283.6903381347656,261.70578,10.681025314527993,177.6559432485816,13.3287637554494,4.35737666750146,0.988311754234839
2022-08-15,285.2064208984375,263.48224,10.681025314527993,177.6559432485816,13.3287637554494,4.35737666750146,0.988311754234839
2022-08-16,284.4678649902344,270.0363,10.681025314527993,177.6559432485816,13.3287637554494,4.35737666750146,0.988311754234839
2022-08-17,283.71786499023443,271.88742,10.681025314527993,177.6559432485816,13.3287637554494,4.35737666750146,0.988311754234839
2022-08-18,282.5979309082031,270.21515,10.681025314527993,177.6559432485816,13.3287637554494,4.35737666750146,0.988311754234839
2022-08-19,278.6828918457031,268.52063,10.681025314527993,177.6559432485816,13.3287637554494,4.35737666750146,0.988311754234839
2022-08-22,270.5020446777344,267.7229,10.681025314527993,177.6559432485816,13.3287637554494,4.35737666750146,0.988311754234839
2022-08-23,269.22625732421875,268.47827,10.681025314527993,177.6559432485816,13.3287637554494,4.35737666750146,0.988311754234839
2022-08-24,268.5932006835937,269.82144,10.681025314527993,177.6559432485816,13.3287637554494,4.35737666750146,0.988311754234839
2022-08-25,271.5733642578125,266.49802,10.681025314527993,177.6559432485816,13.3287637554494,4.35737666750146,0.988311754234839
2022-08-26,261.0941467285156,266.55063,10.681025314527993,177.6559432485816,13.3287637554494,4.35737666750146,0.988311754234839
2022-08-29,258.30877685546875,267.46472,10.681025314527993,177.6559432485816,13.3287637554494,4.35737666750146,0.988311754234839
2022-08-30,256.1077575683594,267.22165,10.681025314527993,177.6559432485816,13.3287637554494,4.35737666750146,0.988311754234839
2022-08-31,254.6468811035156,266.04782,10.681025314527993,177.6559432485816,13.3287637554494,4.35737666750146,0.988311754234839
2022-09-01,253.6048126220703,260.481,10.681025314527993,177.6559432485816,13.3287637554494,4.35737666750146,0.988311754234839
2022-09-02,249.37803649902344,257.36658,10.681025314527993,177.6559432485816,13.3287637554494,4.35737666750146,0.988311754234839
2022-09-06,246.6413726806641,258.53757,10.681025314527993,177.6559432485816,13.3287637554494,4.35737666750146,0.988311754234839
2022-09-07,251.35504150390625,261.31238,10.681025314527993,177.6559432485816,13.3287637554494,4.35737666750146,0.988311754234839
2022-09-08,251.77381896972656,260.15906,10.681025314527993,177.6559432485816,13.3287637554494,4.35737666750146,0.988311754234839
2022-09-09,257.5588073730469,261.88007,10.681025314527993,177.6559432485816,13.3287637554494,4.35737666750146,0.988311754234839
2022-09-12,259.691650390625,259.04996,10.681025314527993,177.6559432485816,13.3287637554494,4.35737666750146,0.988311754234839
2022-09-13,245.4142303466797,261.02383,10.681025314527993,177.6559432485816,13.3287637554494,4.35737666750146,0.988311754234839
2022-09-14,245.6382598876953,260.0777,10.681025314527993,177.6559432485816,13.3287637554494,4.35737666750146,0.988311754234839
2022-09-15,238.97671508789065,258.68808,10.681025314527993,177.6559432485816,13.3287637554494,4.35737666750146,0.988311754234839
2022-09-16,238.3534698486328,260.3303,10.681025314527993,177.6559432485816,13.3287637554494,4.35737666750146,0.988311754234839
2022-09-19,238.13917541503903,258.177,10.681025314527993,177.6559432485816,13.3287637554494,4.35737666750146,0.988311754234839
2022-09-20,236.12319946289065,258.8455,10.681025314527993,177.6559432485816,13.3287637554494,4.35737666750146,0.988311754234839
2022-09-21,232.71450805664065,259.04678,10.681025314527993,177.6559432485816,13.3287637554494,4.35737666750146,0.988311754234839
2022-09-22,234.69154357910162,259.62747,10.681025314527993,177.6559432485816,13.3287637554494,4.35737666750146,0.988311754234839
2022-09-23,231.7114105224609,257.19174,10.681025314527993,177.6559432485816,13.3287637554494,4.35737666750146,0.988311754234839
2022-09-26,231.2537078857422,254.0004,10.681025314527993,177.6559432485816,13.3287637554494,4.35737666750146,0.988311754234839
2022-09-27,230.2408142089844,253.58005,10.681025314527993,177.6559432485816,13.3287637554494,4.35737666750146,0.988311754234839
2022-09-28,234.7792053222656,252.67705,10.681025314527993,177.6559432485816,13.3287637554494,4.35737666750146,0.988311754234839
2022-09-29,231.3023834228516,252.56435,10.681025314527993,177.6559432485816,13.3287637554494,4.35737666750146,0.988311754234839
2022-09-30,226.8223876953125,248.05971,10.681025314527993,177.6559432485816,13.3287637554494,4.35737666750146,0.988311754234839
2022-10-03,234.4578399658203,244.1995,10.681025314527993,177.6559432485816,13.3287637554494,4.35737666750146,0.988311754234839
2022-10-04,242.3854217529297,243.83395,10.681025314527993,177.6559432485816,13.3287637554494,4.35737666750146,0.988311754234839
2022-10-05,242.6970367431641,243.49785,10.681025314527993,177.6559432485816,13.3287637554494,4.35737666750146,0.988311754234839
2022-10-06,240.34994506835935,242.66145,10.681025314527993,177.6559432485816,13.3287637554494,4.35737666750146,0.988311754234839
2022-10-07,228.12745666503903,242.47177,10.681025314527993,177.6559432485816,13.3287637554494,4.35737666750146,0.988311754234839
2022-10-10,223.26763916015628,243.2838,10.681025314527993,177.6559432485816,13.3287637554494,4.35737666750146,0.988311754234839
2022-10-11,219.5278778076172,242.02223,10.681025314527993,177.6559432485816,13.3287637554494,4.35737666750146,0.988311754234839
2022-10-12,219.85899353027344,239.22118,10.681025314527993,177.6559432485816,13.3287637554494,4.35737666750146,0.988311754234839
2022-10-13,228.12745666503903,235.60216,10.681025314527993,177.6559432485816,13.3287637554494,4.35737666750146,0.988311754234839
2022-10-14,222.59567260742188,233.79532,10.681025314527993,177.6559432485816,13.3287637554494,4.35737666750146,0.988311754234839
2022-10-17,231.33155822753903,234.90523,10.681025314527993,177.6559432485816,13.3287637554494,4.35737666750146,0.988311754234839
2022-10-18,232.2762908935547,236.31064,10.681025314527993,177.6559432485816,13.3287637554494,4.35737666750146,0.988311754234839
2022-10-19,230.30897521972656,238.6779,10.681025314527993,177.6559432485816,13.3287637554494,4.35737666750146,0.988311754234839
2022-10-20,229.98757934570312,239.15627,10.681025314527993,177.6559432485816,13.3287637554494,4.35737666750146,0.988311754234839
2022-10-21,235.80178833007807,235.15338,10.681025314527993,177.6559432485816,13.3287637554494,4.35737666750146,0.988311754234839
2022-10-24,240.7979431152344,235.9862,10.681025314527993,177.6559432485816,13.3287637554494,4.35737666750146,0.988311754234839
2022-10-25,244.1189422607422,235.46768,10.681025314527993,177.6559432485816,13.3287637554494,4.35737666750146,0.988311754234839
2022-10-26,225.2836456298828,235.11119,10.681025314527993,177.6559432485816,13.3287637554494,4.35737666750146,0.988311754234839
2022-10-27,220.8328857421875,234.92093,10.681025314527993,177.6559432485816,13.3287637554494,4.35737666750146,0.988311754234839
2022-10-28,229.7148895263672,233.75992,10.681025314527993,177.6559432485816,13.3287637554494,4.35737666750146,0.988311754234839
2022-10-31,226.07249450683597,238.75183,10.681025314527993,177.6559432485816,13.3287637554494,4.35737666750146,0.988311754234839
2022-11-01,222.2158203125,236.85884,10.681025314527993,177.6559432485816,13.3287637554494,4.35737666750146,0.988311754234839
2022-11-02,214.3564300537109,234.42476,10.681025314527993,177.6559432485816,13.3287637554494,4.35737666750146,0.988311754234839
2022-11-03,208.6590881347656,232.1597,10.681025314527993,177.6559432485816,13.3287637554494,4.35737666750146,0.988311754234839
2022-11-04,215.61279296875003,233.05368,10.681025314527993,177.6559432485816,13.3287637554494,4.35737666750146,0.988311754234839
2022-11-07,221.9236602783203,229.58012,10.681025314527993,177.6559432485816,13.3287637554494,4.35737666750146,0.988311754234839
2022-11-08,222.8975372314453,227.14658,10.681025314527993,177.6559432485816,13.3287637554494,4.35737666750146,0.988311754234839
2022-11-09,218.6513671875,227.51167,10.681025314527993,177.6559432485816,13.3287637554494,4.35737666750146,0.988311754234839
2022-11-10,236.6393585205078,227.48613,10.681025314527993,177.6559432485816,13.3287637554494,4.35737666750146,0.988311754234839
2022-11-11,240.6615753173828,231.44812,10.681025314527993,177.6559432485816,13.3287637554494,4.35737666750146,0.988311754234839
2022-11-14,235.24673461914065,234.73207,10.681025314527993,177.6559432485816,13.3287637554494,4.35737666750146,0.988311754234839
2022-11-15,235.6557464599609,227.96425,10.681025314527993,177.6559432485816,13.3287637554494,4.35737666750146,0.988311754234839
2022-11-16,236.08544921875,227.00754,10.681025314527993,177.6559432485816,13.3287637554494,4.35737666750146,0.988311754234839
2022-11-17,236.0366058349609,230.48555,10.681025314527993,177.6559432485816,13.3287637554494,4.35737666750146,0.988311754234839
2022-11-18,235.58734130859372,229.6927,10.681025314527993,177.6559432485816,13.3287637554494,4.35737666750146,0.988311754234839
2022-11-21,236.39796447753903,229.54105,10.681025314527993,177.6559432485816,13.3287637554494,4.35737666750146,0.988311754234839
2022-11-22,239.30838012695312,228.88797,10.681025314527993,177.6559432485816,13.3287637554494,4.35737666750146,0.988311754234839
2022-11-23,241.79884338378903,229.70522,10.681025314527993,177.6559432485816,13.3287637554494,4.35737666750146,0.988311754234839
2022-11-25,241.71095275878903,236.79391,10.681025314527993,177.6559432485816,13.3287637554494,4.35737666750146,0.988311754234839
2022-11-28,236.11471557617185,238.63907,10.681025314527993,177.6559432485816,13.3287637554494,4.35737666750146,0.988311754234839
2022-11-29,234.71815490722656,236.92294,10.681025314527993,177.6559432485816,13.3287637554494,4.35737666750146,0.988311754234839
2022-11-30,249.1822967529297,235.57288,10.681025314527993,177.6559432485816,13.3287637554494,4.35737666750146,0.988311754234839
2022-12-01,248.74282836914065,235.36188,10.681025314527993,177.6559432485816,13.3287637554494,4.35737666750146,0.988311754234839
2022-12-02,249.0651092529297,239.57437,10.681025314527993,177.6559432485816,13.3287637554494,4.35737666750146,0.988311754234839
2022-12-05,244.357666015625,235.62357,10.681025314527993,177.6559432485816,13.3287637554494,4.35737666750146,0.988311754234839
2022-12-06,239.3962860107422,235.41046,10.681025314527993,177.6559432485816,13.3287637554494,4.35737666750146,0.988311754234839
2022-12-07,238.66380310058597,237.07779,10.681025314527993,177.6559432485816,13.3287637554494,4.35737666750146,0.988311754234839
2022-12-08,241.62303161621094,236.67058,10.681025314527993,177.6559432485816,13.3287637554494,4.35737666750146,0.988311754234839
2022-12-09,239.68927001953125,236.85991,10.681025314527993,177.6559432485816,13.3287637554494,4.35737666750146,0.988311754234839
2022-12-12,246.61370849609372,230.08784,10.681025314527993,177.6559432485816,13.3287637554494,4.35737666750146,0.988311754234839
2022-12-13,250.92074584960935,228.91335,10.681025314527993,177.6559432485816,13.3287637554494,4.35737666750146,0.988311754234839
2022-12-14,251.21372985839844,235.21655,10.681025314527993,177.6559432485816,13.3287637554494,4.35737666750146,0.988311754234839
2022-12-15,243.19541931152344,236.87408,10.681025314527993,177.6559432485816,13.3287637554494,4.35737666750146,0.988311754234839
2022-12-16,238.97630310058597,237.59724,10.681025314527993,177.6559432485816,13.3287637554494,4.35737666750146,0.988311754234839
2022-12-19,234.83534240722653,236.05344,10.681025314527993,177.6559432485816,13.3287637554494,4.35737666750146,0.988311754234839
2022-12-20,236.153823852539,237.67395,10.681025314527993,177.6559432485816,13.3287637554494,4.35737666750146,0.988311754234839
2022-12-21,238.72238159179685,239.97362,10.681025314527993,177.6559432485816,13.3287637554494,4.35737666750146,0.988311754234839
2022-12-22,232.6281280517578,234.38698,10.681025314527993,177.6559432485816,13.3287637554494,4.35737666750146,0.988311754234839
2022-12-23,233.1555328369141,233.5177,10.681025314527993,177.6559432485816,13.3287637554494,4.35737666750146,0.988311754234839
2022-12-27,231.4268493652344,234.52287,10.681025314527993,177.6559432485816,13.3287637554494,4.35737666750146,0.988311754234839
2022-12-28,229.05355834960935,236.2671,10.681025314527993,177.6559432485816,13.3287637554494,4.35737666750146,0.988311754234839
2022-12-29,235.38226318359372,237.69746,10.681025314527993,177.6559432485816,13.3287637554494,4.35737666750146,0.988311754234839
2022-12-30,234.2200469970703,230.74435,10.681025314527993,177.6559432485816,13.3287637554494,4.35737666750146,0.988311754234839
2023-01-03,233.98562622070312,232.77837,10.681025314527993,177.6559432485816,13.3287637554494,4.35737666750146,0.988311754234839
2023-01-04,223.75035095214844,236.84096,10.681025314527993,177.6559432485816,13.3287637554494,4.35737666750146,0.988311754234839
2023-01-05,217.1189117431641,235.86855,10.681025314527993,177.6559432485816,13.3287637554494,4.35737666750146,0.988311754234839
2023-01-06,219.677734375,236.00963,10.681025314527993,177.6559432485816,13.3287637554494,4.35737666750146,0.988311754234839
2023-01-09,221.8166046142578,234.16689,10.681025314527993,177.6559432485816,13.3287637554494,4.35737666750146,0.988311754234839
2023-01-10,223.50621032714844,232.40845,10.681025314527993,177.6559432485816,13.3287637554494,4.35737666750146,0.988311754234839
2023-01-11,230.26460266113284,235.19937,10.681025314527993,177.6559432485816,13.3287637554494,4.35737666750146,0.988311754234839
2023-01-12,232.9406280517578,232.12517,10.681025314527993,177.6559432485816,13.3287637554494,4.35737666750146,0.988311754234839
2023-01-13,233.64378356933597,234.1317,10.681025314527993,177.6559432485816,13.3287637554494,4.35737666750146,0.988311754234839
2023-01-17,234.73768615722656,233.29744,10.681025314527993,177.6559432485816,13.3287637554494,4.35737666750146,0.988311754234839
2023-01-18,230.30368041992188,233.68234,10.681025314527993,177.6559432485816,13.3287637554494,4.35737666750146,0.988311754234839
2023-01-19,226.51426696777344,232.53494,10.681025314527993,177.6559432485816,13.3287637554494,4.35737666750146,0.988311754234839
2023-01-20,234.6107177734375,228.95854,10.681025314527993,177.6559432485816,13.3287637554494,4.35737666750146,0.988311754234839
2023-01-23,236.91554260253903,230.69844,10.681025314527993,177.6559432485816,13.3287637554494,4.35737666750146,0.988311754234839
2023-01-24,236.38818359375,230.64291,10.681025314527993,177.6559432485816,13.3287637554494,4.35737666750146,0.988311754234839
2023-01-25,234.9915924072266,232.8392,10.681025314527993,177.6559432485816,13.3287637554494,4.35737666750146,0.988311754234839
2023-01-26,242.2090606689453,233.25623,10.681025314527993,177.6559432485816,13.3287637554494,4.35737666750146,0.988311754234839
2023-01-27,242.3653106689453,234.3253,10.681025314527993,177.6559432485816,13.3287637554494,4.35737666750146,0.988311754234839
2023-01-30,237.04254150390625,236.28749,10.681025314527993,177.6559432485816,13.3287637554494,4.35737666750146,0.988311754234839
2023-01-31,242.02346801757807,232.22531,10.681025314527993,177.6559432485816,13.3287637554494,4.35737666750146,0.988311754234839
2023-02-01,246.84811401367188,230.7505,10.681025314527993,177.6559432485816,13.3287637554494,4.35737666750146,0.988311754234839
2023-02-02,258.4214172363281,232.90233,10.681025314527993,177.6559432485816,13.3287637554494,4.35737666750146,0.988311754234839
2023-02-03,252.31735229492188,234.30042,10.681025314527993,177.6559432485816,13.3287637554494,4.35737666750146,0.988311754234839
2023-02-06,250.77423095703125,239.31885,10.681025314527993,177.6559432485816,13.3287637554494,4.35737666750146,0.988311754234839
2023-02-07,261.3122863769531,239.73369,10.681025314527993,177.6559432485816,13.3287637554494,4.35737666750146,0.988311754234839
2023-02-08,260.5017395019531,240.13055,10.681025314527993,177.6559432485816,13.3287637554494,4.35737666750146,0.988311754234839
2023-02-09,257.4642944335937,243.2968,10.681025314527993,177.6559432485816,13.3287637554494,4.35737666750146,0.988311754234839
2023-02-10,256.9564514160156,239.41908,10.681025314527993,177.6559432485816,13.3287637554494,4.35737666750146,0.988311754234839
2023-02-13,264.9844970703125,240.17076,10.681025314527993,177.6559432485816,13.3287637554494,4.35737666750146,0.988311754234839
2023-02-14,265.81463623046875,241.25922,10.681025314527993,177.6559432485816,13.3287637554494,4.35737666750146,0.988311754234839
2023-02-15,263.6900329589844,241.3689,10.681025314527993,177.6559432485816,13.3287637554494,4.35737666750146,0.988311754234839
2023-02-16,256.669921875,244.48834,10.681025314527993,177.6559432485816,13.3287637554494,4.35737666750146,0.988311754234839
2023-02-17,252.66542053222656,243.93454,10.681025314527993,177.6559432485816,13.3287637554494,4.35737666750146,0.988311754234839
2023-02-21,247.3881072998047,243.48778,10.681025314527993,177.6559432485816,13.3287637554494,4.35737666750146,0.988311754234839
2023-02-22,246.25233459472656,244.96744,10.681025314527993,177.6559432485816,13.3287637554494,4.35737666750146,0.988311754234839
2023-02-23,249.44418334960935,246.74661,10.681025314527993,177.6559432485816,13.3287637554494,4.35737666750146,0.988311754234839
2023-02-24,244.01019287109372,248.05157,10.681025314527993,177.6559432485816,13.3287637554494,4.35737666750146,0.988311754234839
2023-02-27,244.93055725097656,244.71556,10.681025314527993,177.6559432485816,13.3287637554494,4.35737666750146,0.988311754234839
2023-02-28,244.20602416992188,244.28845,10.681025314527993,177.6559432485816,13.3287637554494,4.35737666750146,0.988311754234839
2023-03-01,241.1218414306641,245.32962,10.681025314527993,177.6559432485816,13.3287637554494,4.35737666750146,0.988311754234839
2023-03-02,245.86068725585935,244.13931,10.681025314527993,177.6559432485816,13.3287637554494,4.35737666750146,0.988311754234839
2023-03-03,249.9532928466797,241.3448,10.681025314527993,177.6559432485816,13.3287637554494,4.35737666750146,0.988311754234839
2023-03-06,251.50027465820312,240.5717,10.681025314527993,177.6559432485816,13.3287637554494,4.35737666750146,0.988311754234839
2023-03-07,248.83712768554688,247.13708,10.681025314527993,177.6559432485816,13.3287637554494,4.35737666750146,0.988311754234839
2023-03-08,248.39654541015625,248.22171,10.681025314527993,177.6559432485816,13.3287637554494,4.35737666750146,0.988311754234839
2023-03-09,247.04537963867188,246.36235,10.681025314527993,177.6559432485816,13.3287637554494,4.35737666750146,0.988311754234839
2023-03-10,243.3933563232422,243.7845,10.681025314527993,177.6559432485816,13.3287637554494,4.35737666750146,0.988311754234839
2023-03-13,248.61192321777344,244.31584,10.681025314527993,177.6559432485816,13.3287637554494,4.35737666750146,0.988311754234839
2023-03-14,255.33839416503903,247.62466,10.681025314527993,177.6559432485816,13.3287637554494,4.35737666750146,0.988311754234839
2023-03-15,259.89111328125,248.15889,10.681025314527993,177.6559432485816,13.3287637554494,4.35737666750146,0.988311754234839
2023-03-16,270.4262390136719,247.195,10.681025314527993,177.6559432485816,13.3287637554494,4.35737666750146,0.988311754234839
2023-03-17,273.5885925292969,249.3914,10.681025314527993,177.6559432485816,13.3287637554494,4.35737666750146,0.988311754234839
2023-03-20,266.5391845703125,254.86635,10.681025314527993,177.6559432485816,13.3287637554494,4.35737666750146,0.988311754234839
2023-03-21,268.0567626953125,252.26308,10.681025314527993,177.6559432485816,13.3287637554494,4.35737666750146,0.988311754234839
2023-03-22,266.597900390625,252.51604,10.681025314527993,177.6559432485816,13.3287637554494,4.35737666750146,0.988311754234839
2023-03-23,271.85565185546875,254.80353,10.681025314527993,177.6559432485816,13.3287637554494,4.35737666750146,0.988311754234839
2023-03-24,274.70489501953125,256.4681,10.681025314527993,177.6559432485816,13.3287637554494,4.35737666750146,0.988311754234839
2023-03-27,270.6024169921875,258.3537,10.681025314527993,177.6559432485816,13.3287637554494,4.35737666750146,0.988311754234839
2023-03-28,269.4765014648437,256.0549,10.681025314527993,177.6559432485816,13.3287637554494,4.35737666750146,0.988311754234839
2023-03-29,274.6461181640625,257.61838,10.681025314527993,177.6559432485816,13.3287637554494,4.35737666750146,0.988311754234839
2023-03-30,278.1120910644531,258.97113,10.681025314527993,177.6559432485816,13.3287637554494,4.35737666750146,0.988311754234839
2023-03-31,282.2732238769531,257.98376,10.681025314527993,177.6559432485816,13.3287637554494,4.35737666750146,0.988311754234839
2023-04-03,281.2255554199219,255.83435,10.681025314527993,177.6559432485816,13.3287637554494,4.35737666750146,0.988311754234839
2023-04-04,281.1766357421875,257.4196,10.681025314527993,177.6559432485816,13.3287637554494,4.35737666750146,0.988311754234839
2023-04-05,278.3960876464844,262.03204,10.681025314527993,177.6559432485816,13.3287637554494,4.35737666750146,0.988311754234839
2023-04-06,285.5042724609375,262.80182,10.681025314527993,177.6559432485816,13.3287637554494,4.35737666750146,0.988311754234839
2023-04-10,283.3404846191406,260.93616,10.681025314527993,177.6559432485816,13.3287637554494,4.35737666750146,0.988311754234839
2023-04-11,276.9176025390625,261.8855,10.681025314527993,177.6559432485816,13.3287637554494,4.35737666750146,0.988311754234839
2023-04-12,277.5637512207031,261.6529,10.681025314527993,177.6559432485816,13.3287637554494,4.35737666750146,0.988311754234839
2023-04-13,283.7810363769531,264.11423,10.681025314527993,177.6559432485816,13.3287637554494,4.35737666750146,0.988311754234839
2023-04-14,280.158447265625,264.25464,10.681025314527993,177.6559432485816,13.3287637554494,4.35737666750146,0.988311754234839
2023-04-17,282.7628173828125,262.67865,10.681025314527993,177.6559432485816,13.3287637554494,4.35737666750146,0.988311754234839
2023-04-18,282.341796875,262.68866,10.681025314527993,177.6559432485816,13.3287637554494,4.35737666750146,0.988311754234839
2023-04-19,282.420166015625,266.1876,10.681025314527993,177.6559432485816,13.3287637554494,4.35737666750146,0.988311754234839
2023-04-20,280.1289978027344,266.69864,10.681025314527993,177.6559432485816,13.3287637554494,4.35737666750146,0.988311754234839
2023-04-21,279.786376953125,266.72336,10.681025314527993,177.6559432485816,13.3287637554494,4.35737666750146,0.988311754234839
2023-04-24,275.8797302246094,267.6687,10.681025314527993,177.6559432485816,13.3287637554494,4.35737666750146,0.988311754234839
2023-04-25,269.6625061035156,269.77704,10.681025314527993,177.6559432485816,13.3287637554494,4.35737666750146,0.988311754234839
2023-04-26,289.1954650878906,272.70255,10.681025314527993,177.6559432485816,13.3287637554494,4.35737666750146,0.988311754234839
2023-04-27,298.45770263671875,274.41025,10.681025314527993,177.6559432485816,13.3287637554494,4.35737666750146,0.988311754234839
2023-04-28,300.8369140625,277.3046,10.681025314527993,177.6559432485816,13.3287637554494,4.35737666750146,0.988311754234839
2023-05-01,299.1724548339844,275.50394,10.681025314527993,177.6559432485816,13.3287637554494,4.35737666750146,0.988311754234839
2023-05-02,299.0255432128906,275.61966,10.681025314527993,177.6559432485816,13.3287637554494,4.35737666750146,0.988311754234839
2023-05-03,298.0366821289062,280.9734,10.681025314527993,177.6559432485816,13.3287637554494,4.35737666750146,0.988311754234839
2023-05-04,299.0255432128906,280.2039,10.681025314527993,177.6559432485816,13.3287637554494,4.35737666750146,0.988311754234839
2023-05-05,304.1560363769531,282.10046,10.681025314527993,177.6559432485816,13.3287637554494,4.35737666750146,0.988311754234839
2023-05-08,302.19781494140625,283.40915,10.681025314527993,177.6559432485816,13.3287637554494,4.35737666750146,0.988311754234839
2023-05-09,300.58233642578125,285.5456,10.681025314527993,177.6559432485816,13.3287637554494,4.35737666750146,0.988311754234839
2023-05-10,305.7812805175781,288.78387,10.681025314527993,177.6559432485816,13.3287637554494,4.35737666750146,0.988311754234839
2023-05-11,303.62725830078125,287.47818,10.681025314527993,177.6559432485816,13.3287637554494,4.35737666750146,0.988311754234839
2023-05-12,302.5111694335937,287.37604,10.681025314527993,177.6559432485816,13.3287637554494,4.35737666750146,0.988311754234839
2023-05-15,302.99090576171875,287.34857,10.681025314527993,177.6559432485816,13.3287637554494,4.35737666750146,0.988311754234839
2023-05-16,305.2232360839844,289.713,10.681025314527993,177.6559432485816,13.3287637554494,4.35737666750146,0.988311754234839
2023-05-17,308.1080322265625,292.60248,10.681025314527993,177.6559432485816,13.3287637554494,4.35737666750146,0.988311754234839
2023-05-18,312.54327392578125,289.0371,10.681025314527993,177.6559432485816,13.3287637554494,4.35737666750146,0.988311754234839
2023-05-19,312.3666076660156,287.20465,10.681025314527993,177.6559432485816,13.3287637554494,4.35737666750146,0.988311754234839
2023-05-22,315.1533203125,288.06683,10.681025314527993,177.6559432485816,13.3287637554494,4.35737666750146,0.988311754234839
2023-05-23,309.344482421875,289.75983,10.681025314527993,177.6559432485816,13.3287637554494,4.35737666750146,0.988311754234839
2023-05-24,307.9609375,295.52472,10.681025314527993,177.6559432485816,13.3287637554494,4.35737666750146,0.988311754234839
2023-05-25,319.8044128417969,293.34125,10.681025314527993,177.6559432485816,13.3287637554494,4.35737666750146,0.988311754234839
2023-05-26,326.6435852050781,294.299,10.681025314527993,177.6559432485816,13.3287637554494,4.35737666750146,0.988311754234839
2023-05-30,324.9951477050781,296.81747,10.681025314527993,177.6559432485816,13.3287637554494,4.35737666750146,0.988311754234839
2023-05-31,322.2281188964844,296.2186,10.681025314527993,177.6559432485816,13.3287637554494,4.35737666750146,0.988311754234839
2023-06-01,326.3394470214844,296.78668,10.681025314527993,177.6559432485816,13.3287637554494,4.35737666750146,0.988311754234839
2023-06-02,329.1065368652344,299.03394,10.681025314527993,177.6559432485816,13.3287637554494,4.35737666750146,0.988311754234839
2023-06-05,329.6363830566406,299.3225,10.681025314527993,177.6559432485816,13.3287637554494,4.35737666750146,0.988311754234839
2023-06-06,327.4188232421875,304.6703,10.681025314527993,177.6559432485816,13.3287637554494,4.35737666750146,0.988311754234839
2023-06-07,317.3121032714844,307.88422,10.681025314527993,177.6559432485816,13.3287637554494,4.35737666750146,0.988311754234839
2023-06-08,319.1568603515625,311.05222,10.681025314527993,177.6559432485816,13.3287637554494,4.35737666750146,0.988311754234839
2023-06-09,320.6581115722656,309.9485,10.681025314527993,177.6559432485816,13.3287637554494,4.35737666750146,0.988311754234839
2023-06-12,325.62310791015625,309.31876,10.681025314527993,177.6559432485816,13.3287637554494,4.35737666750146,0.988311754234839
2023-06-13,328.017333984375,309.30438,10.681025314527993,177.6559432485816,13.3287637554494,4.35737666750146,0.988311754234839
2023-06-14,331.01007080078125,307.13327,10.681025314527993,177.6559432485816,13.3287637554494,4.35737666750146,0.988311754234839
2023-06-15,341.56817626953125,311.50256,10.681025314527993,177.6559432485816,13.3287637554494,4.35737666750146,0.988311754234839
2023-06-16,335.906494140625,314.0446,10.681025314527993,177.6559432485816,13.3287637554494,4.35737666750146,0.988311754234839
2023-06-20,331.70672607421875,316.04083,10.681025314527993,177.6559432485816,13.3287637554494,4.35737666750146,0.988311754234839
2023-06-21,327.30108642578125,317.0938,10.681025314527993,177.6559432485816,13.3287637554494,4.35737666750146,0.988311754234839
2023-06-22,333.3356628417969,317.6912,10.681025314527993,177.6559432485816,13.3287637554494,4.35737666750146,0.988311754234839
2023-06-23,328.7336120605469,320.12814,10.681025314527993,177.6559432485816,13.3287637554494,4.35737666750146,0.988311754234839
2023-06-26,322.43408203125,319.93057,10.681025314527993,177.6559432485816,13.3287637554494,4.35737666750146,0.988311754234839
2023-06-27,328.2921447753906,316.70685,10.681025314527993,177.6559432485816,13.3287637554494,4.35737666750146,0.988311754234839
2023-06-28,329.54806518554693,317.38513,10.681025314527993,177.6559432485816,13.3287637554494,4.35737666750146,0.988311754234839
2023-06-29,328.76300048828125,319.92563,10.681025314527993,177.6559432485816,13.3287637554494,4.35737666750146,0.988311754234839
2023-06-30,334.1501159667969,322.88782,10.681025314527993,177.6559432485816,13.3287637554494,4.35737666750146,0.988311754234839
2023-07-03,331.6478881835937,322.1165,10.681025314527993,177.6559432485816,13.3287637554494,4.35737666750146,0.988311754234839
2023-07-05,331.8049011230469,321.06693,10.681025314527993,177.6559432485816,13.3287637554494,4.35737666750146,0.988311754234839
2023-07-06,334.8663635253906,319.82108,10.681025314527993,177.6559432485816,13.3287637554494,4.35737666750146,0.988311754234839
2023-07-07,330.8923645019531,320.52524,10.681025314527993,177.6559432485816,13.3287637554494,4.35737666750146,0.988311754234839
2023-07-10,325.603515625,323.56494,10.681025314527993,177.6559432485816,13.3287637554494,4.35737666750146,0.988311754234839
2023-07-11,326.2314758300782,321.6202,10.681025314527993,177.6559432485816,13.3287637554494,4.35737666750146,0.988311754234839
2023-07-12,330.872802734375,323.35104,10.681025314527993,177.6559432485816,13.3287637554494,4.35737666750146,0.988311754234839
2023-07-13,336.2303161621094,327.5245,10.681025314527993,177.6559432485816,13.3287637554494,4.35737666750146,0.988311754234839
2023-07-14,338.7618713378906,326.5081,10.681025314527993,177.6559432485816,13.3287637554494,4.35737666750146,0.988311754234839
2023-07-17,339.24267578125,324.3877,10.681025314527993,177.6559432485816,13.3287637554494,4.35737666750146,0.988311754234839
2023-07-18,352.7445068359375,322.39404,10.681025314527993,177.6559432485816,13.3287637554494,4.35737666750146,0.988311754234839
2023-07-19,348.417236328125,325.56082,10.681025314527993,177.6559432485816,13.3287637554494,4.35737666750146,0.988311754234839
2023-07-20,340.3612976074219,330.22656,10.681025314527993,177.6559432485816,13.3287637554494,4.35737666750146,0.988311754234839
2023-07-21,337.3194274902344,331.2736,10.681025314527993,177.6559432485816,13.3287637554494,4.35737666750146,0.988311754234839
2023-07-24,338.6343078613281,331.0652,10.681025314527993,177.6559432485816,13.3287637554494,4.35737666750146,0.988311754234839
2023-07-25,344.3941955566406,333.86575,10.681025314527993,177.6559432485816,13.3287637554494,4.35737666750146,0.988311754234839
2023-07-26,331.4320678710937,334.69833,10.681025314527993,177.6559432485816,13.3287637554494,4.35737666750146,0.988311754234839
2023-07-27,324.51434326171875,335.3854,10.681025314527993,177.6559432485816,13.3287637554494,4.35737666750146,0.988311754234839
2023-07-28,332.0207824707031,332.215,10.681025314527993,177.6559432485816,13.3287637554494,4.35737666750146,0.988311754234839
2023-07-31,329.6167907714844,332.81317,10.681025314527993,177.6559432485816,13.3287637554494,4.35737666750146,0.988311754234839
2023-08-01,330.0289306640625,334.09708,10.681025314527993,177.6559432485816,13.3287637554494,4.35737666750146,0.988311754234839
2023-08-02,321.35479736328125,330.6409,10.681025314527993,177.6559432485816,13.3287637554494,4.35737666750146,0.988311754234839
2023-08-03,320.53051757812506,329.8905,10.681025314527993,177.6559432485816,13.3287637554494,4.35737666750146,0.988311754234839
2023-08-04,321.62945556640625,327.88364,10.681025314527993,177.6559432485816,13.3287637554494,4.35737666750146,0.988311754234839
2023-08-07,323.9158020019531,329.33948,10.681025314527993,177.6559432485816,13.3287637554494,4.35737666750146,0.988311754234839
2023-08-08,319.9319763183594,330.49622,10.681025314527993,177.6559432485816,13.3287637554494,4.35737666750146,0.988311754234839
2023-08-09,316.1836242675781,328.17334,10.681025314527993,177.6559432485816,13.3287637554494,4.35737666750146,0.988311754234839
2023-08-10,316.8704833984375,327.74792,10.681025314527993,177.6559432485816,13.3287637554494,4.35737666750146,0.988311754234839
2023-08-11,314.9865417480468,328.35773,10.681025314527993,177.6559432485816,13.3287637554494,4.35737666750146,0.988311754234839
2023-08-14,317.9596862792969,329.92462,10.681025314527993,177.6559432485816,13.3287637554494,4.35737666750146,0.988311754234839
2023-08-15,315.82049560546875,326.6014,10.681025314527993,177.6559432485816,13.3287637554494,4.35737666750146,0.988311754234839
2023-08-16,315.0536193847657,321.14508,10.681025314527993,177.6559432485816,13.3287637554494,4.35737666750146,0.988311754234839
2023-08-17,311.59234619140625,323.31314,10.681025314527993,177.6559432485816,13.3287637554494,4.35737666750146,0.988311754234839
2023-08-18,311.19903564453125,324.30392,10.681025314527993,177.6559432485816,13.3287637554494,4.35737666750146,0.988311754234839
2023-08-21,316.5089111328125,325.72037,10.681025314527993,177.6559432485816,13.3287637554494,4.35737666750146,0.988311754234839
2023-08-22,317.0791931152344,322.1774,10.681025314527993,177.6559432485816,13.3287637554494,4.35737666750146,0.988311754234839
2023-08-23,321.54345703125,321.10034,10.681025314527993,177.6559432485816,13.3287637554494,4.35737666750146,0.988311754234839
2023-08-24,314.6307678222656,327.49927,10.681025314527993,177.6559432485816,13.3287637554494,4.35737666750146,0.988311754234839
2023-08-25,317.590576171875,331.28375,10.681025314527993,177.6559432485816,13.3287637554494,4.35737666750146,0.988311754234839
2023-08-28,318.298583984375,329.48566,10.681025314527993,177.6559432485816,13.3287637554494,4.35737666750146,0.988311754234839
2023-08-29,322.929931640625,324.28116,10.681025314527993,177.6559432485816,13.3287637554494,4.35737666750146,0.988311754234839
2023-08-30,323.3036193847656,325.16412,10.681025314527993,177.6559432485816,13.3287637554494,4.35737666750146,0.988311754234839
2023-08-31,322.2908020019531,326.36078,10.681025314527993,177.6559432485816,13.3287637554494,4.35737666750146,0.988311754234839
2023-09-01,323.1758117675781,325.91626,10.681025314527993,177.6559432485816,13.3287637554494,4.35737666750146,0.988311754234839
2023-09-05,327.98419189453125,324.8123,10.681025314527993,177.6559432485816,13.3287637554494,4.35737666750146,0.988311754234839
2023-09-06,327.3253479003906,324.43192,10.681025314527993,177.6559432485816,13.3287637554494,4.35737666750146,0.988311754234839
2023-09-07,324.4049072265625,329.05435,10.681025314527993,177.6559432485816,13.3287637554494,4.35737666750146,0.988311754234839
2023-09-08,328.6921691894531,328.178,10.681025314527993,177.6559432485816,13.3287637554494,4.35737666750146,0.988311754234839
2023-09-11,332.3009948730469,326.89865,10.681025314527993,177.6559432485816,13.3287637554494,4.35737666750146,0.988311754234839
2023-09-12,326.2339172363281,326.5762,10.681025314527993,177.6559432485816,13.3287637554494,4.35737666750146,0.988311754234839
2023-09-13,330.4522705078125,327.68842,10.681025314527993,177.6559432485816,13.3287637554494,4.35737666750146,0.988311754234839
2023-09-14,333.04821777343744,325.6586,10.681025314527993,177.6559432485816,13.3287637554494,4.35737666750146,0.988311754234839
2023-09-15,324.709716796875,325.70844,10.681025314527993,177.6559432485816,13.3287637554494,4.35737666750146,0.988311754234839
2023-09-18,323.5691223144531,327.1306,10.681025314527993,177.6559432485816,13.3287637554494,4.35737666750146,0.988311754234839
2023-09-19,323.1659240722656,324.67624,10.681025314527993,177.6559432485816,13.3287637554494,4.35737666750146,0.988311754234839
2023-09-20,315.4173889160156,326.4944,10.681025314527993,177.6559432485816,13.3287637554494,4.35737666750146,0.988311754234839
2023-09-21,314.1981811523437,321.77847,10.681025314527993,177.6559432485816,13.3287637554494,4.35737666750146,0.988311754234839
2023-09-22,311.7201843261719,318.90308,10.681025314527993,177.6559432485816,13.3287637554494,4.35737666750146,0.988311754234839
2023-09-25,312.2413330078125,323.9649,10.681025314527993,177.6559432485816,13.3287637554494,4.35737666750146,0.988311754234839
2023-09-26,306.93145751953125,320.62625,10.681025314527993,177.6559432485816,13.3287637554494,4.35737666750146,0.988311754234839
2023-09-27,307.5705871582031,319.5099,10.681025314527993,177.6559432485816,13.3287637554494,4.35737666750146,0.988311754234839
2023-09-28,308.4064636230469,317.7526,10.681025314527993,177.6559432485816,13.3287637554494,4.35737666750146,0.988311754234839
2023-09-29,310.4811706542969,319.49426,10.681025314527993,177.6559432485816,13.3287637554494,4.35737666750146,0.988311754234839
2023-10-02,316.43023681640625,320.72363,10.681025314527993,177.6559432485816,13.3287637554494,4.35737666750146,0.988311754234839
2023-10-03,308.1605834960937,317.18546,10.681025314527993,177.6559432485816,13.3287637554494,4.35737666750146,0.988311754234839
2023-10-04,313.6376647949219,318.1824,10.681025314527993,177.6559432485816,13.3287637554494,4.35737666750146,0.988311754234839
2023-10-05,314.0309753417969,319.07858,10.681025314527993,177.6559432485816,13.3287637554494,4.35737666750146,0.988311754234839
2023-10-06,321.7991638183594,320.142,10.681025314527993,177.6559432485816,13.3287637554494,4.35737666750146,0.988311754234839
2023-10-09,324.3164367675781,320.597,10.681025314527993,177.6559432485816,13.3287637554494,4.35737666750146,0.988311754234839
2023-10-10,322.91033935546875,319.30753,10.681025314527993,177.6559432485816,13.3287637554494,4.35737666750146,0.988311754234839
2023-10-11,326.8730163574219,321.1236,10.681025314527993,177.6559432485816,13.3287637554494,4.35737666750146,0.988311754234839
2023-10-12,325.6340637207031,324.42337,10.681025314527993,177.6559432485816,13.3287637554494,4.35737666750146,0.988311754234839
2023-10-13,322.26129150390625,324.08286,10.681025314527993,177.6559432485816,13.3287637554494,4.35737666750146,0.988311754234839
2023-10-16,327.0893859863281,324.7528,10.681025314527993,177.6559432485816,13.3287637554494,4.35737666750146,0.988311754234839
2023-10-17,326.51904296875,323.82513,10.681025314527993,177.6559432485816,13.3287637554494,4.35737666750146,0.988311754234839
2023-10-18,324.6015930175781,326.04404,10.681025314527993,177.6559432485816,13.3287637554494,4.35737666750146,0.988311754234839
2023-10-19,325.7914123535156,325.90982,10.681025314527993,177.6559432485816,13.3287637554494,4.35737666750146,0.988311754234839
2023-10-20,321.2190246582031,326.87997,10.681025314527993,177.6559432485816,13.3287637554494,4.35737666750146,0.988311754234839
2023-10-23,323.82476806640625,326.38577,10.681025314527993,177.6559432485816,13.3287637554494,4.35737666750146,0.988311754234839
2023-10-24,325.0145874023437,326.40186,10.681025314527993,177.6559432485816,13.3287637554494,4.35737666750146,0.988311754234839
2023-10-25,334.9853515625,326.5202,10.681025314527993,177.6559432485816,13.3287637554494,4.35737666750146,0.988311754234839
2023-10-26,322.41864013671875,325.9036,10.681025314527993,177.6559432485816,13.3287637554494,4.35737666750146,0.988311754234839
2023-10-27,324.3065795898437,325.7437,10.681025314527993,177.6559432485816,13.3287637554494,4.35737666750146,0.988311754234839
2023-10-30,331.6814270019531,323.15402,10.681025314527993,177.6559432485816,13.3287637554494,4.35737666750146,0.988311754234839
2023-10-31,332.4681396484375,323.1648,10.681025314527993,177.6559432485816,13.3287637554494,4.35737666750146,0.988311754234839
2023-11-01,340.2952575683594,323.1345,10.681025314527993,177.6559432485816,13.3287637554494,4.35737666750146,0.988311754234839
2023-11-02,342.5077514648437,323.01447,10.681025314527993,177.6559432485816,13.3287637554494,4.35737666750146,0.988311754234839
2023-11-03,346.9129638671875,324.5899,10.681025314527993,177.6559432485816,13.3287637554494,4.35737666750146,0.988311754234839
2023-11-06,350.5807800292969,325.6851,10.681025314527993,177.6559432485816,13.3287637554494,4.35737666750146,0.988311754234839
2023-11-07,354.5140075683594,326.4037,10.681025314527993,177.6559432485816,13.3287637554494,4.35737666750146,0.988311754234839
2023-11-08,357.1394348144531,328.46472,10.681025314527993,177.6559432485816,13.3287637554494,4.35737666750146,0.988311754234839
2023-11-09,354.6712951660156,329.2683,10.681025314527993,177.6559432485816,13.3287637554494,4.35737666750146,0.988311754234839
2023-11-10,363.50146484375,329.38892,10.681025314527993,177.6559432485816,13.3287637554494,4.35737666750146,0.988311754234839
2023-11-13,360.5613708496094,333.94406,10.681025314527993,177.6559432485816,13.3287637554494,4.35737666750146,0.988311754234839
2023-11-14,364.0914611816406,335.67062,10.681025314527993,177.6559432485816,13.3287637554494,4.35737666750146,0.988311754234839
2023-11-15,364.2392272949219,336.27307,10.681025314527993,177.6559432485816,13.3287637554494,4.35737666750146,0.988311754234839
2023-11-16,370.6437377929688,338.23575,10.681025314527993,177.6559432485816,13.3287637554494,4.35737666750146,0.988311754234839
2023-11-17,364.4165954589844,340.40164,10.681025314527993,177.6559432485816,13.3287637554494,4.35737666750146,0.988311754234839
2023-11-20,371.8951110839844,346.02438,10.681025314527993,177.6559432485816,13.3287637554494,4.35737666750146,0.988311754234839
2023-11-21,367.58935546875,345.93585,10.681025314527993,177.6559432485816,13.3287637554494,4.35737666750146,0.988311754234839
2023-11-22,372.2990417480469,347.8933,10.681025314527993,177.6559432485816,13.3287637554494,4.35737666750146,0.988311754234839
2023-11-24,371.88525390625,346.8315,10.681025314527993,177.6559432485816,13.3287637554494,4.35737666750146,0.988311754234839
2023-11-27,373.04791259765625,350.5014,10.681025314527993,177.6559432485816,13.3287637554494,4.35737666750146,0.988311754234839
2023-11-28,377.0779113769531,352.40622,10.681025314527993,177.6559432485816,13.3287637554494,4.35737666750146,0.988311754234839
2023-11-29,373.2843933105469,352.9873,10.681025314527993,177.6559432485816,13.3287637554494,4.35737666750146,0.988311754234839
2023-11-30,373.3434753417969,353.14795,10.681025314527993,177.6559432485816,13.3287637554494,4.35737666750146,0.988311754234839
2023-12-01,369.0081787109375,356.2953,10.681025314527993,177.6559432485816,13.3287637554494,4.35737666750146,0.988311754234839
2023-12-04,363.717041015625,356.48956,10.681025314527993,177.6559432485816,13.3287637554494,4.35737666750146,0.988311754234839
2023-12-05,367.04736328125,356.95526,10.681025314527993,177.6559432485816,13.3287637554494,4.35737666750146,0.988311754234839
2023-12-06,363.3820190429688,353.96124,10.681025314527993,177.6559432485816,13.3287637554494,4.35737666750146,0.988311754234839
2023-12-07,365.50048828125,354.78497,10.681025314527993,177.6559432485816,13.3287637554494,4.35737666750146,0.988311754234839
2023-12-08,368.7322387695313,355.89706,10.681025314527993,177.6559432485816,13.3287637554494,4.35737666750146,0.988311754234839
2023-12-11,365.8453369140625,353.9699,10.681025314527993,177.6559432485816,13.3287637554494,4.35737666750146,0.988311754234839
2023-12-12,368.8800354003906,357.756,10.681025314527993,177.6559432485816,13.3287637554494,4.35737666750146,0.988311754234839
2023-12-13,368.8702087402344,355.19363,10.681025314527993,177.6559432485816,13.3287637554494,4.35737666750146,0.988311754234839
2023-12-14,360.55419921875006,360.14822,10.681025314527993,177.6559432485816,13.3287637554494,4.35737666750146,0.988311754234839
2023-12-15,365.2836608886719,359.6455,10.681025314527993,177.6559432485816,13.3287637554494,4.35737666750146,0.988311754234839
2023-12-18,367.17547607421875,356.3524,10.681025314527993,177.6559432485816,13.3287637554494,4.35737666750146,0.988311754234839
2023-12-19,367.7764892578125,361.3387,10.681025314527993,177.6559432485816,13.3287637554494,4.35737666750146,0.988311754234839
2023-12-20,365.1752624511719,358.319,10.681025314527993,177.6559432485816,13.3287637554494,4.35737666750146,0.988311754234839
2023-12-21,368.0523986816406,361.18063,10.681025314527993,177.6559432485816,13.3287637554494,4.35737666750146,0.988311754234839
2023-12-22,369.07708740234375,361.25717,10.681025314527993,177.6559432485816,13.3287637554494,4.35737666750146,0.988311754234839
2023-12-26,369.1559448242188,362.68286,10.681025314527993,177.6559432485816,13.3287637554494,4.35737666750146,0.988311754234839
2023-12-27,368.5746154785156,365.40784,10.681025314527993,177.6559432485816,13.3287637554494,4.35737666750146,0.988311754234839
2023-12-28,369.7668762207031,365.16666,10.681025314527993,177.6559432485816,13.3287637554494,4.35737666750146,0.988311754234839
2023-12-29,370.51568603515625,366.56155,10.681025314527993,177.6559432485816,13.3287637554494,4.35737666750146,0.988311754234839
2024-01-02,365.4215698242188,365.8902,10.681025314527993,177.6559432485816,13.3287637554494,4.35737666750146,0.988311754234839
2024-01-03,365.1556091308594,366.06247,10.681025314527993,177.6559432485816,13.3287637554494,4.35737666750146,0.988311754234839
2024-01-04,362.53466796875,367.7754,10.681025314527993,177.6559432485816,13.3287637554494,4.35737666750146,0.988311754234839
2024-01-05,362.3474731445313,365.4655,10.681025314527993,177.6559432485816,13.3287637554494,4.35737666750146,0.988311754234839
2024-01-08,369.1854553222656,366.46793,10.681025314527993,177.6559432485816,13.3287637554494,4.35737666750146,0.988311754234839
2024-01-09,370.2693786621094,368.13458,10.681025314527993,177.6559432485816,13.3287637554494,4.35737666750146,0.988311754234839
2024-01-10,377.1467895507813,365.71466,10.681025314527993,177.6559432485816,13.3287637554494,4.35737666750146,0.988311754234839
2024-01-11,378.9794921875,366.8903,10.681025314527993,177.6559432485816,13.3287637554494,4.35737666750146,0.988311754234839
2024-01-12,382.7630310058594,363.93112,10.681025314527993,177.6559432485816,13.3287637554494,4.35737666750146,0.988311754234839
2024-01-16,384.53665161132807,366.4603,10.681025314527993,177.6559432485816,13.3287637554494,4.35737666750146,0.988311754234839
2024-01-17,383.7483825683594,367.97244,10.681025314527993,177.6559432485816,13.3287637554494,4.35737666750146,0.988311754234839
2024-01-18,388.0836791992188,368.38522,10.681025314527993,177.6559432485816,13.3287637554494,4.35737666750146,0.988311754234839
2024-01-19,392.813232421875,369.48608,10.681025314527993,177.6559432485816,13.3287637554494,4.35737666750146,0.988311754234839
2024-01-22,390.6849365234375,371.28836,10.681025314527993,177.6559432485816,13.3287637554494,4.35737666750146,0.988311754234839
2024-01-23,393.0398254394531,374.20703,10.681025314527993,177.6559432485816,13.3287637554494,4.35737666750146,0.988311754234839
2024-01-24,396.6460876464844,374.38885,10.681025314527993,177.6559432485816,13.3287637554494,4.35737666750146,0.988311754234839
2024-01-25,398.9220886230469,376.00433,10.681025314527993,177.6559432485816,13.3287637554494,4.35737666750146,0.988311754234839
2024-01-26,397.9959106445313,376.794,10.681025314527993,177.6559432485816,13.3287637554494,4.35737666750146,0.988311754234839
2024-01-29,403.7008666992188,378.75537,10.681025314527993,177.6559432485816,13.3287637554494,4.35737666750146,0.988311754234839
2024-01-30,402.5874633789063,380.25894,10.681025314527993,177.6559432485816,13.3287637554494,4.35737666750146,0.988311754234839
2024-01-31,391.73916625976557,382.723,10.681025314527993,177.6559432485816,13.3287637554494,4.35737666750146,0.988311754234839
2024-02-01,397.84814453125,382.7014,10.681025314527993,177.6559432485816,13.3287637554494,4.35737666750146,0.988311754234839
2024-02-02,405.1788635253906,385.24374,10.681025314527993,177.6559432485816,13.3287637554494,4.35737666750146,0.988311754234839
2024-02-05,399.690673828125,387.65576,10.681025314527993,177.6559432485816,13.3287637554494,4.35737666750146,0.988311754234839
2024-02-06,399.5330200195313,385.71014,10.681025314527993,177.6559432485816,13.3287637554494,4.35737666750146,0.988311754234839
2024-02-07,407.9672546386719,387.0394,10.681025314527993,177.6559432485816,13.3287637554494,4.35737666750146,0.988311754234839
2024-02-08,408.0263366699219,388.70227,10.681025314527993,177.6559432485816,13.3287637554494,4.35737666750146,0.988311754234839
2024-02-09,414.3717346191406,391.79736,10.681025314527993,177.6559432485816,13.3287637554494,4.35737666750146,0.988311754234839
2024-02-12,409.1595153808594,389.1659,10.681025314527993,177.6559432485816,13.3287637554494,4.35737666750146,0.988311754234839
2024-02-13,400.3508605957031,390.99942,10.681025314527993,177.6559432485816,13.3287637554494,4.35737666750146,0.988311754234839
2024-02-14,404.2203674316406,393.2013,10.681025314527993,177.6559432485816,13.3287637554494,4.35737666750146,0.988311754234839
2024-02-15,401.3280944824219,392.30664,10.681025314527993,177.6559432485816,13.3287637554494,4.35737666750146,0.988311754234839
2024-02-16,398.86029052734375,394.03705,10.681025314527993,177.6559432485816,13.3287637554494,4.35737666750146,0.988311754234839
2024-02-20,397.60656738281256,392.48584,10.681025314527993,177.6559432485816,13.3287637554494,4.35737666750146,0.988311754234839
2024-02-21,397.00439453125,392.8624,10.681025314527993,177.6559432485816,13.3287637554494,4.35737666750146,0.988311754234839
2024-02-22,406.3526000976562,397.3465,10.681025314527993,177.6559432485816,13.3287637554494,4.35737666750146,0.988311754234839
2024-02-23,405.0594177246094,397.52475,10.681025314527993,177.6559432485816,13.3287637554494,4.35737666750146,0.988311754234839
2024-02-26,402.2955017089844,396.90283,10.681025314527993,177.6559432485816,13.3287637554494,4.35737666750146,0.988311754234839
2024-02-27,402.23626708984375,396.5843,10.681025314527993,177.6559432485816,13.3287637554494,4.35737666750146,0.988311754234839
2024-02-28,402.47314453124994,396.47592,10.681025314527993,177.6559432485816,13.3287637554494,4.35737666750146,0.988311754234839
2024-02-29,408.3170166015625,397.56104,10.681025314527993,177.6559432485816,13.3287637554494,4.35737666750146,0.988311754234839
2024-03-01,410.1530456542969,399.21964,10.681025314527993,177.6559432485816,13.3287637554494,4.35737666750146,0.988311754234839
2024-03-04,409.58053588867193,399.59897,10.681025314527993,177.6559432485816,13.3287637554494,4.35737666750146,0.988311754234839
2024-03-05,397.4684753417969,399.24777,10.681025314527993,177.6559432485816,13.3287637554494,4.35737666750146,0.988311754234839
2024-03-06,396.9156188964844,402.8149,10.681025314527993,177.6559432485816,13.3287637554494,4.35737666750146,0.988311754234839
2024-03-07,403.8749084472656,403.96686,10.681025314527993,177.6559432485816,13.3287637554494,4.35737666750146,0.988311754234839
2024-03-08,400.9924621582032,402.75012,10.681025314527993,177.6559432485816,13.3287637554494,4.35737666750146,0.988311754234839
2024-03-11,399.3143310546875,402.181,10.681025314527993,177.6559432485816,13.3287637554494,4.35737666750146,0.988311754234839
2024-03-12,409.9358825683594,397.54553,10.681025314527993,177.6559432485816,13.3287637554494,4.35737666750146,0.988311754234839
2024-03-13,409.7581787109375,403.39206,10.681025314527993,177.6559432485816,13.3287637554494,4.35737666750146,0.988311754234839
2024-03-14,419.74798583984375,406.1495,10.681025314527993,177.6559432485816,13.3287637554494,4.35737666750146,0.988311754234839
2024-03-15,411.0612182617188,402.38956,10.681025314527993,177.6559432485816,13.3287637554494,4.35737666750146,0.988311754234839
2024-03-18,411.9496154785156,404.00113,10.681025314527993,177.6559432485816,13.3287637554494,4.35737666750146,0.988311754234839
2024-03-19,415.9869995117188,405.3003,10.681025314527993,177.6559432485816,13.3287637554494,4.35737666750146,0.988311754234839
2024-03-20,419.7578125,410.11935,10.681025314527993,177.6559432485816,13.3287637554494,4.35737666750146,0.988311754234839
2024-03-21,423.8446044921875,409.1613,10.681025314527993,177.6559432485816,13.3287637554494,4.35737666750146,0.988311754234839
2024-03-22,423.22265625,405.4291,10.681025314527993,177.6559432485816,13.3287637554494,4.35737666750146,0.988311754234839
2024-03-25,417.4183349609375,406.00317,10.681025314527993,177.6559432485816,13.3287637554494,4.35737666750146,0.988311754234839
2024-03-26,416.223876953125,408.49896,10.681025314527993,177.6559432485816,13.3287637554494,4.35737666750146,0.988311754234839
2024-03-27,416.0067443847656,409.51733,10.681025314527993,177.6559432485816,13.3287637554494,4.35737666750146,0.988311754234839
2024-03-28,415.30584716796875,409.58444,10.681025314527993,177.6559432485816,13.3287637554494,4.35737666750146,0.988311754234839
2024-04-01,419.1063232421875,407.86142,10.681025314527993,177.6559432485816,13.3287637554494,4.35737666750146,0.988311754234839
2024-04-02,416.0165710449219,410.58862,10.681025314527993,177.6559432485816,13.3287637554494,4.35737666750146,0.988311754234839
2024-04-03,415.0393371582031,412.51706,10.681025314527993,177.6559432485816,13.3287637554494,4.35737666750146,0.988311754234839
2024-04-04,412.5024108886719,414.2896,10.681025314527993,177.6559432485816,13.3287637554494,4.35737666750146,0.988311754234839
2024-04-05,420.0440979003906,413.8391,10.681025314527993,177.6559432485816,13.3287637554494,4.35737666750146,0.988311754234839
2024-04-08,419.1260681152344,411.80756,10.681025314527993,177.6559432485816,13.3287637554494,4.35737666750146,0.988311754234839
2024-04-09,420.7943115234375,414.533,10.681025314527993,177.6559432485816,13.3287637554494,4.35737666750146,0.988311754234839
2024-04-10,417.81317138671886,415.54144,10.681025314527993,177.6559432485816,13.3287637554494,4.35737666750146,0.988311754234839
2024-04-11,422.4230651855469,415.41727,10.681025314527993,177.6559432485816,13.3287637554494,4.35737666750146,0.988311754234839
2024-04-12,416.4706726074219,416.606,10.681025314527993,177.6559432485816,13.3287637554494,4.35737666750146,0.988311754234839
2024-04-15,408.3170166015625,412.6845,10.681025314527993,177.6559432485816,13.3287637554494,4.35737666750146,0.988311754234839
2024-04-16,409.2449035644531,413.89758,10.681025314527993,177.6559432485816,13.3287637554494,4.35737666750146,0.988311754234839
2024-04-17,406.5401611328125,414.4814,10.681025314527993,177.6559432485816,13.3287637554494,4.35737666750146,0.988311754234839
2024-04-18,399.0675659179688,412.72504,10.681025314527993,177.6559432485816,13.3287637554494,4.35737666750146,0.988311754234839
2024-04-19,393.98382568359375,414.19193,10.681025314527993,177.6559432485816,13.3287637554494,4.35737666750146,0.988311754234839
2024-04-22,395.8001708984375,411.46982,10.681025314527993,177.6559432485816,13.3287637554494,4.35737666750146,0.988311754234839
2024-04-23,402.3250732421875,414.0428,10.681025314527993,177.6559432485816,13.3287637554494,4.35737666750146,0.988311754234839
2024-04-24,403.7958984375,416.41187,10.681025314527993,177.6559432485816,13.3287637554494,4.35737666750146,0.988311754234839
2024-04-25,393.9048767089844,412.0092,10.681025314527993,177.6559432485816,13.3287637554494,4.35737666750146,0.988311754234839
2024-04-26,401.0912170410156,413.46497,10.681025314527993,177.6559432485816,13.3287637554494,4.35737666750146,0.988311754234839
2024-04-29,397.0735473632813,412.50253,10.681025314527993,177.6559432485816,13.3287637554494,4.35737666750146,0.988311754234839
2024-04-30,384.31982421875006,409.86697,10.681025314527993,177.6559432485816,13.3287637554494,4.35737666750146,0.988311754234839
2024-05-01,389.85760498046886,411.24887,10.681025314527993,177.6559432485816,13.3287637554494,4.35737666750146,0.988311754234839
2024-05-02,392.7203063964844,407.74075,10.681025314527993,177.6559432485816,13.3287637554494,4.35737666750146,0.988311754234839
2024-05-03,401.4268493652344,411.4951,10.681025314527993,177.6559432485816,13.3287637554494,4.35737666750146,0.988311754234839
2024-05-06,408.2183227539063,406.88083,10.681025314527993,177.6559432485816,13.3287637554494,4.35737666750146,0.988311754234839
2024-05-07,404.0722961425781,406.03235,10.681025314527993,177.6559432485816,13.3287637554494,4.35737666750146,0.988311754234839
2024-05-08,405.2568359375,408.80975,10.681025314527993,177.6559432485816,13.3287637554494,4.35737666750146,0.988311754234839
2024-05-09,407.0140075683594,408.2058,10.681025314527993,177.6559432485816,13.3287637554494,4.35737666750146,0.988311754234839
2024-05-10,409.4028015136719,409.5995,10.681025314527993,177.6559432485816,13.3287637554494,4.35737666750146,0.988311754234839
2024-05-13,408.39593505859375,410.32083,10.681025314527993,177.6559432485816,13.3287637554494,4.35737666750146,0.988311754234839
2024-05-14,411.1994323730469,412.22842,10.681025314527993,177.6559432485816,13.3287637554494,4.35737666750146,0.988311754234839
2024-05-15,418.38873291015625,413.67093,10.681025314527993,177.6559432485816,13.3287637554494,4.35737666750146,0.988311754234839
2024-05-16,416.3219299316406,410.93945,10.681025314527993,177.6559432485816,13.3287637554494,4.35737666750146,0.988311754234839
2024-05-17,415.5505981445313,413.00616,10.681025314527993,177.6559432485816,13.3287637554494,4.35737666750146,0.988311754234839
2024-05-20,420.6237182617188,413.37863,10.681025314527993,177.6559432485816,13.3287637554494,4.35737666750146,0.988311754234839
2024-05-21,424.28271484375,413.8491,10.681025314527993,177.6559432485816,13.3287637554494,4.35737666750146,0.988311754234839
2024-05-22,425.7462768554688,417.67816,10.681025314527993,177.6559432485816,13.3287637554494,4.35737666750146,0.988311754234839
2024-05-23,422.2653198242188,412.98605,10.681025314527993,177.6559432485816,13.3287637554494,4.35737666750146,0.988311754234839
2024-05-24,425.3902587890625,418.0096,10.681025314527993,177.6559432485816,13.3287637554494,4.35737666750146,0.988311754234839
2024-05-28,425.5485534667969,415.18213,10.681025314527993,177.6559432485816,13.3287637554494,4.35737666750146,0.988311754234839
2024-05-29,424.4113159179688,411.85175,10.681025314527993,177.6559432485816,13.3287637554494,4.35737666750146,0.988311754234839
2024-05-30,410.0720520019531,415.1393,10.681025314527993,177.6559432485816,13.3287637554494,4.35737666750146,0.988311754234839
2024-05-31,410.5269470214844,417.05777,10.681025314527993,177.6559432485816,13.3287637554494,4.35737666750146,0.988311754234839
2024-06-03,408.9347534179688,418.81918,10.681025314527993,177.6559432485816,13.3287637554494,4.35737666750146,0.988311754234839
2024-06-04,411.45654296875,417.2846,10.681025314527993,177.6559432485816,13.3287637554494,4.35737666750146,0.988311754234839
2024-06-05,419.3085021972656,414.62827,10.681025314527993,177.6559432485816,13.3287637554494,4.35737666750146,0.988311754234839
2024-06-06,419.8128356933594,414.57523,10.681025314527993,177.6559432485816,13.3287637554494,4.35737666750146,0.988311754234839
2024-06-07,419.1502685546875,414.30853,10.681025314527993,177.6559432485816,13.3287637554494,4.35737666750146,0.988311754234839
2024-06-10,423.1256408691406,410.45743,10.681025314527993,177.6559432485816,13.3287637554494,4.35737666750146,0.988311754234839
2024-06-11,427.8823547363281,411.838,10.681025314527993,177.6559432485816,13.3287637554494,4.35737666750146,0.988311754234839
2024-06-12,436.16943359375,415.90897,10.681025314527993,177.6559432485816,13.3287637554494,4.35737666750146,0.988311754234839
2024-06-13,436.68365478515625,418.60757,10.681025314527993,177.6559432485816,13.3287637554494,4.35737666750146,0.988311754234839
2024-06-14,437.6626892089844,417.966,10.681025314527993,177.6559432485816,13.3287637554494,4.35737666750146,0.988311754234839
2024-06-17,443.39837646484375,421.46115,10.681025314527993,177.6559432485816,13.3287637554494,4.35737666750146,0.988311754234839
2024-06-18,441.390869140625,425.11462,10.681025314527993,177.6559432485816,13.3287637554494,4.35737666750146,0.988311754234839
2024-06-20,440.7580261230469,426.20612,10.681025314527993,177.6559432485816,13.3287637554494,4.35737666750146,0.988311754234839
2024-06-21,444.792724609375,423.85913,10.681025314527993,177.6559432485816,13.3287637554494,4.35737666750146,0.988311754234839
2024-06-24,442.7061767578125,424.5995,10.681025314527993,177.6559432485816,13.3287637554494,4.35737666750146,0.988311754234839
2024-06-25,445.9497680664063,430.8325,10.681025314527993,177.6559432485816,13.3287637554494,4.35737666750146,0.988311754234839
2024-06-26,447.1463623046875,432.8483,10.681025314527993,177.6559432485816,13.3287637554494,4.35737666750146,0.988311754234839
2024-06-27,447.8287048339844,433.5144,10.681025314527993,177.6559432485816,13.3287637554494,4.35737666750146,0.988311754234839
2024-06-28,441.9941101074219,434.5205,10.681025314527993,177.6559432485816,13.3287637554494,4.35737666750146,0.988311754234839
2024-07-01,451.6656799316406,437.86118,10.681025314527993,177.6559432485816,13.3287637554494,4.35737666750146,0.988311754234839
2024-07-02,454.1874084472656,439.76263,10.681025314527993,177.6559432485816,13.3287637554494,4.35737666750146,0.988311754234839
2024-07-03,455.6608581542969,440.82715,10.681025314527993,177.6559432485816,13.3287637554494,4.35737666750146,0.988311754234839
2024-07-05,462.3755798339844,437.0357,10.681025314527993,177.6559432485816,13.3287637554494,4.35737666750146,0.988311754234839
2024-07-08,461.0702209472656,441.7625,10.681025314527993,177.6559432485816,13.3287637554494,4.35737666750146,0.988311754234839
2024-07-09,454.4444885253906,443.81836,10.681025314527993,177.6559432485816,13.3287637554494,4.35737666750146,0.988311754234839
2024-07-10,461.080078125,441.90643,10.681025314527993,177.6559432485816,13.3287637554494,4.35737666750146,0.988311754234839
2024-07-11,449.6582336425781,440.9879,10.681025314527993,177.6559432485816,13.3287637554494,4.35737666750146,0.988311754234839
2024-07-12,448.5208740234375,439.26047,10.681025314527993,177.6559432485816,13.3287637554494,4.35737666750146,0.988311754234839
2024-07-15,448.9263916015625,438.9676,10.681025314527993,177.6559432485816,13.3287637554494,4.35737666750146,0.988311754234839
2024-07-16,444.53558349609375,438.783,10.681025314527993,177.6559432485816,13.3287637554494,4.35737666750146,0.988311754234839
2024-07-17,438.6021118164063,440.36847,10.681025314527993,177.6559432485816,13.3287637554494,4.35737666750146,0.988311754234839
2024-07-18,435.4870910644531,440.80283,10.681025314527993,177.6559432485816,13.3287637554494,4.35737666750146,0.988311754234839
2024-07-19,432.2632141113281,442.26794,10.681025314527993,177.6559432485816,13.3287637554494,4.35737666750146,0.988311754234839
2024-07-22,438.0285949707031,441.66766,10.681025314527993,177.6559432485816,13.3287637554494,4.35737666750146,0.988311754234839
2024-07-23,439.91741943359375,439.81778,10.681025314527993,177.6559432485816,13.3287637554494,4.35737666750146,0.988311754234839
2024-07-24,424.1442565917969,439.1221,10.681025314527993,177.6559432485816,13.3287637554494,4.35737666750146,0.988311754234839
2024-07-25,413.76068115234375,438.378,10.681025314527993,177.6559432485816,13.3287637554494,4.35737666750146,0.988311754234839
2024-07-26,420.5545043945313,437.84372,10.681025314527993,177.6559432485816,13.3287637554494,4.35737666750146,0.988311754234839
2024-07-29,421.9983520507813,437.9719,10.681025314527993,177.6559432485816,13.3287637554494,4.35737666750146,0.988311754234839
2024-07-30,418.2306213378906,438.8735,10.681025314527993,177.6559432485816,13.3287637554494,4.35737666750146,0.988311754234839
2024-07-31,413.7112426757813,435.32178,10.681025314527993,177.6559432485816,13.3287637554494,4.35737666750146,0.988311754234839
2024-08-01,412.4849548339844,434.2267,10.681025314527993,177.6559432485816,13.3287637554494,4.35737666750146,0.988311754234839
2024-08-02,403.9605407714844,435.90033,10.681025314527993,177.6559432485816,13.3287637554494,4.35737666750146,0.988311754234839
2024-08-05,390.7684631347656,434.69574,10.681025314527993,177.6559432485816,13.3287637554494,4.35737666750146,0.988311754234839
2024-08-06,395.1790466308594,432.00253,10.681025314527993,177.6559432485816,13.3287637554494,4.35737666750146,0.988311754234839
2024-08-07,394.0121154785156,431.6832,10.681025314527993,177.6559432485816,13.3287637554494,4.35737666750146,0.988311754234839
2024-08-08,398.2248840332031,429.21536,10.681025314527993,177.6559432485816,13.3287637554494,4.35737666750146,0.988311754234839
2024-08-09,401.5179443359375,430.1511,10.681025314527993,177.6559432485816,13.3287637554494,4.35737666750146,0.988311754234839
2024-08-12,402.2991943359375,428.5891,10.681025314527993,177.6559432485816,13.3287637554494,4.35737666750146,0.988311754234839
2024-08-13,409.4194030761719,426.709,10.681025314527993,177.6559432485816,13.3287637554494,4.35737666750146,0.988311754234839
2024-08-14,412.23773193359375,426.5116,10.681025314527993,177.6559432485816,13.3287637554494,4.35737666750146,0.988311754234839
2024-08-15,417.1119384765625,425.8856,10.681025314527993,177.6559432485816,13.3287637554494,4.35737666750146,0.988311754234839
2024-08-16,414.5757751464843,429.9106,10.681025314527993,177.6559432485816,13.3287637554494,4.35737666750146,0.988311754234839
2024-08-19,417.6073303222656,427.8031,10.681025314527993,177.6559432485816,13.3287637554494,4.35737666750146,0.988311754234839
2024-08-20,420.846923828125,424.07632,10.681025314527993,177.6559432485816,13.3287637554494,4.35737666750146,0.988311754234839
2024-08-21,420.1930847167969,422.86334,10.681025314527993,177.6559432485816,13.3287637554494,4.35737666750146,0.988311754234839
2024-08-22,411.6829833984375,423.82004,10.681025314527993,177.6559432485816,13.3287637554494,4.35737666750146,0.988311754234839
2024-08-23,412.9114379882813,424.3657,10.681025314527993,177.6559432485816,13.3287637554494,4.35737666750146,0.988311754234839
2024-08-26,409.6421508789063,424.61386,10.681025314527993,177.6559432485816,13.3287637554494,4.35737666750146,0.988311754234839
2024-08-27,409.9888610839844,423.70227,10.681025314527993,177.6559432485816,13.3287637554494,4.35737666750146,0.988311754234839
2024-08-28,406.7790222167969,426.2508,10.681025314527993,177.6559432485816,13.3287637554494,4.35737666750146,0.988311754234839
2024-08-29,409.2755737304688,425.4656,10.681025314527993,177.6559432485816,13.3287637554494,4.35737666750146,0.988311754234839
2024-08-30,413.2582092285156,421.6231,10.681025314527993,177.6559432485816,13.3287637554494,4.35737666750146,0.988311754234839
2024-09-03,405.6298522949219,419.23492,10.681025314527993,177.6559432485816,13.3287637554494,4.35737666750146,0.988311754234839
2024-09-04,405.0948791503906,420.13367,10.681025314527993,177.6559432485816,13.3287637554494,4.35737666750146,0.988311754234839
2024-09-05,404.589599609375,419.77115,10.681025314527993,177.6559432485816,13.3287637554494,4.35737666750146,0.988311754234839
2024-09-06,397.96185302734375,417.90125,10.681025314527993,177.6559432485816,13.3287637554494,4.35737666750146,0.988311754234839
2024-09-09,401.9444885253906,415.76572,10.681025314527993,177.6559432485816,13.3287637554494,4.35737666750146,0.988311754234839
2024-09-10,410.3455505371094,412.73245,10.681025314527993,177.6559432485816,13.3287637554494,4.35737666750146,0.988311754234839
2024-09-11,419.1032409667969,413.36783,10.681025314527993,177.6559432485816,13.3287637554494,4.35737666750146,0.988311754234839
2024-09-12,423.02642822265625,411.89832,10.681025314527993,177.6559432485816,13.3287637554494,4.35737666750146,0.988311754234839
2024-09-13,426.5830383300781,407.19025,10.681025314527993,177.6559432485816,13.3287637554494,4.35737666750146,0.988311754234839
2024-09-16,427.3260498046875,412.09128,10.681025314527993,177.6559432485816,13.3287637554494,4.35737666750146,0.988311754234839
2024-09-17,431.1005554199219,416.65814,10.681025314527993,177.6559432485816,13.3287637554494,4.35737666750146,0.988311754234839
2024-09-18,426.8009338378906,416.02347,10.681025314527993,177.6559432485816,13.3287637554494,4.35737666750146,0.988311754234839
2024-09-19,434.607666015625,418.2948,10.681025314527993,177.6559432485816,13.3287637554494,4.35737666750146,0.988311754234839
2024-09-20,431.2194519042969,420.81143,10.681025314527993,177.6559432485816,13.3287637554494,4.35737666750146,0.988311754234839
2024-09-23,429.475830078125,427.06592,10.681025314527993,177.6559432485816,13.3287637554494,4.35737666750146,0.988311754234839
2024-09-24,425.1762390136719,427.29422,10.681025314527993,177.6559432485816,13.3287637554494,4.35737666750146,0.988311754234839
2024-09-25,428.0888671875,426.7619,10.681025314527993,177.6559432485816,13.3287637554494,4.35737666750146,0.988311754234839
2024-09-26,427.29632568359375,426.74423,10.681025314527993,177.6559432485816,13.3287637554494,4.35737666750146,0.988311754234839
2024-09-27,424.0368957519531,429.63385,10.681025314527993,177.6559432485816,13.3287637554494,4.35737666750146,0.988311754234839
2024-09-30,426.2957153320313,430.4266,10.681025314527993,177.6559432485816,13.3287637554494,4.35737666750146,0.988311754234839
2024-10-01,416.7751770019531,427.93777,10.681025314527993,177.6559432485816,13.3287637554494,4.35737666750146,0.988311754234839
2024-10-02,413.2482604980469,431.7015,10.681025314527993,177.6559432485816,13.3287637554494,4.35737666750146,0.988311754234839
2024-10-03,412.6637573242188,429.69446,10.681025314527993,177.6559432485816,13.3287637554494,4.35737666750146,0.988311754234839
2024-10-04,412.1882629394531,426.67484,10.681025314527993,177.6559432485816,13.3287637554494,4.35737666750146,0.988311754234839
2024-10-07,405.7289123535156,425.73877,10.681025314527993,177.6559432485816,13.3287637554494,4.35737666750146,0.988311754234839
2024-10-08,410.8507995605469,423.09238,10.681025314527993,177.6559432485816,13.3287637554494,4.35737666750146,0.988311754234839
2024-10-09,413.5751953125,423.67175,10.681025314527993,177.6559432485816,13.3287637554494,4.35737666750146,0.988311754234839
2024-10-10,411.9702453613281,425.53012,10.681025314527993,177.6559432485816,13.3287637554494,4.35737666750146,0.988311754234839
2024-10-11,412.4458618164063,421.282,10.681025314527993,177.6559432485816,13.3287637554494,4.35737666750146,0.988311754234839
2024-10-14,415.2395935058594,420.50665,10.681025314527993,177.6559432485816,13.3287637554494,4.35737666750146,0.988311754234839
2024-10-15,414.84326171875,417.01508,10.681025314527993,177.6559432485816,13.3287637554494,4.35737666750146,0.988311754234839
2024-10-16,412.2476806640625,415.87906,10.681025314527993,177.6559432485816,13.3287637554494,4.35737666750146,0.988311754234839
2024-10-17,412.8421020507813,413.98282,10.681025314527993,177.6559432485816,13.3287637554494,4.35737666750146,0.988311754234839
2024-10-18,414.2687072753906,413.66077,10.681025314527993,177.6559432485816,13.3287637554494,4.35737666750146,0.988311754234839
2024-10-21,414.8829345703125,418.7575,10.681025314527993,177.6559432485816,13.3287637554494,4.35737666750146,0.988311754234839
2024-10-22,423.53167724609375,418.1497,10.681025314527993,177.6559432485816,13.3287637554494,4.35737666750146,0.988311754234839
2024-10-23,420.6487731933594,421.02835,10.681025314527993,177.6559432485816,13.3287637554494,4.35737666750146,0.988311754234839
2024-10-24,420.77752685546875,421.24142,10.681025314527993,177.6559432485816,13.3287637554494,4.35737666750146,0.988311754234839
2024-10-25,424.1657104492188,419.8048,10.681025314527993,177.6559432485816,13.3287637554494,4.35737666750146,0.988311754234839
2024-10-28,422.6202087402344,421.25745,10.681025314527993,177.6559432485816,13.3287637554494,4.35737666750146,0.988311754234839
2024-10-29,427.93035888671875,421.48026,10.681025314527993,177.6559432485816,13.3287637554494,4.35737666750146,0.988311754234839
2024-10-30,428.5049743652344,422.75693,10.681025314527993,177.6559432485816,13.3287637554494,4.35737666750146,0.988311754234839
2024-10-31,402.568603515625,425.5032,10.681025314527993,177.6559432485816,13.3287637554494,4.35737666750146,0.988311754234839
2024-11-01,406.5511779785156,426.74994,10.681025314527993,177.6559432485816,13.3287637554494,4.35737666750146,0.988311754234839
2024-11-04,404.6589050292969,425.73544,10.681025314527993,177.6559432485816,13.3287637554494,4.35737666750146,0.988311754234839
2024-11-05,407.6310424804688,428.40988,10.681025314527993,177.6559432485816,13.3287637554494,4.35737666750146,0.988311754234839
2024-11-06,416.2698974609375,421.65497,10.681025314527993,177.6559432485816,13.3287637554494,4.35737666750146,0.988311754234839
2024-11-07,421.4710388183594,420.8998,10.681025314527993,177.6559432485816,13.3287637554494,4.35737666750146,0.988311754234839
2024-11-08,418.6079406738281,420.1782,10.681025314527993,177.6559432485816,13.3287637554494,4.35737666750146,0.988311754234839
2024-11-11,414.1201171875,423.81494,10.681025314527993,177.6559432485816,13.3287637554494,4.35737666750146,0.988311754234839
2024-11-12,419.09338378906256,421.29373,10.681025314527993,177.6559432485816,13.3287637554494,4.35737666750146,0.988311754234839
2024-11-13,421.2431640625,419.2788,10.681025314527993,177.6559432485816,13.3287637554494,4.35737666750146,0.988311754234839
2024-11-14,422.91744995117193,418.78464,10.681025314527993,177.6559432485816,13.3287637554494,4.35737666750146,0.988311754234839
2024-11-15,411.1381530761719,416.18564,10.681025314527993,177.6559432485816,13.3287637554494,4.35737666750146,0.988311754234839
2024-11-18,411.8910217285156,416.89093,10.681025314527993,177.6559432485816,13.3287637554494,4.35737666750146,0.988311754234839
2024-11-19,413.9021606445313,417.44376,10.681025314527993,177.6559432485816,13.3287637554494,4.35737666750146,0.988311754234839
2024-11-20,411.62353515625,415.70557,10.681025314527993,177.6559432485816,13.3287637554494,4.35737666750146,0.988311754234839
2024-11-21,409.8466491699219,415.61017,10.681025314527993,177.6559432485816,13.3287637554494,4.35737666750146,0.988311754234839
2024-11-22,413.9463806152344,416.91318,10.681025314527993,177.6559432485816,13.3287637554494,4.35737666750146,0.988311754234839
2024-11-25,415.7232971191406,415.69403,10.681025314527993,177.6559432485816,13.3287637554494,4.35737666750146,0.988311754234839
2024-11-26,424.8559265136718,417.71625,10.681025314527993,177.6559432485816,13.3287637554494,4.35737666750146,0.988311754234839
2024-11-27,419.89251708984375,416.16544,10.681025314527993,177.6559432485816,13.3287637554494,4.35737666750146,0.988311754234839
2024-11-29,420.359130859375,418.19946,10.681025314527993,177.6559432485816,13.3287637554494,4.35737666750146,0.988311754234839
2024-12-02,427.8240356445313,422.36392,10.681025314527993,177.6559432485816,13.3287637554494,4.35737666750146,0.988311754234839
2024-12-03,428.04241943359375,424.24594,10.681025314527993,177.6559432485816,13.3287637554494,4.35737666750146,0.988311754234839
2024-12-04,434.21685791015625,427.3859,10.681025314527993,177.6559432485816,13.3287637554494,4.35737666750146,0.988311754234839
2024-12-05,439.3787841796875,426.52084,10.681025314527993,177.6559432485816,13.3287637554494,4.35737666750146,0.988311754234839
2024-12-06,440.3218078613281,428.01688,10.681025314527993,177.6559432485816,13.3287637554494,4.35737666750146,0.988311754234839
2024-12-09,442.7538757324219,428.1545,10.681025314527993,177.6559432485816,13.3287637554494,4.35737666750146,0.988311754234839
2024-12-10,440.0835876464844,429.96854,10.681025314527993,177.6559432485816,13.3287637554494,4.35737666750146,0.988311754234839
2024-12-11,445.70214843750006,430.62778,10.681025314527993,177.6559432485816,13.3287637554494,4.35737666750146,0.988311754234839
2024-12-12,446.2679748535156,429.90952,10.681025314527993,177.6559432485816,13.3287637554494,4.35737666750146,0.988311754234839
2024-12-13,443.9947204589844,429.88318,10.681025314527993,177.6559432485816,13.3287637554494,4.35737666750146,0.988311754234839
2024-12-16,448.2831115722656,430.3667,10.681025314527993,177.6559432485816,13.3287637554494,4.35737666750146,0.988311754234839
2024-12-17,451.132080078125,434.61914,10.681025314527993,177.6559432485816,13.3287637554494,4.35737666750146,0.988311754234839
2024-12-18,434.1870727539063,437.01068,10.681025314527993,177.6559432485816,13.3287637554494,4.35737666750146,0.988311754234839
2024-12-19,433.8297424316406,437.74786,10.681025314527993,177.6559432485816,13.3287637554494,4.35737666750146,0.988311754234839
2024-12-20,433.4028625488281,435.0083,10.681025314527993,177.6559432485816,13.3287637554494,4.35737666750146,0.988311754234839
2024-12-23,432.0627746582031,439.3242,10.681025314527993,177.6559432485816,13.3287637554494,4.35737666750146,0.988311754234839
2024-12-24,436.1128845214844,433.86508,10.681025314527993,177.6559432485816,13.3287637554494,4.35737666750146,0.988311754234839
2024-12-26,434.90179443359375,431.25064,10.681025314527993,177.6559432485816,13.3287637554494,4.35737666750146,0.988311754234839
2024-12-27,427.3773193359375,429.02368,10.681025314527993,177.6559432485816,13.3287637554494,4.35737666750146,0.988311754234839
2024-12-30,421.7190551757813,429.78583,10.681025314527993,177.6559432485816,13.3287637554494,4.35737666750146,0.988311754234839
2024-12-31,418.4134521484375,432.64468,10.681025314527993,177.6559432485816,13.3287637554494,4.35737666750146,0.988311754234839
2025-01-02,415.5148315429688,430.01508,10.681025314527993,177.6559432485816,13.3287637554494,4.35737666750146,0.988311754234839
2025-01-03,420.2499084472656,429.27194,10.681025314527993,177.6559432485816,13.3287637554494,4.35737666750146,0.988311754234839
2025-01-06,424.7169799804688,427.6401,10.681025314527993,177.6559432485816,13.3287637554494,4.35737666750146,0.988311754234839
2025-01-07,419.2770690917969,426.85214,10.681025314527993,177.6559432485816,13.3287637554494,4.35737666750146,0.988311754234839
2025-01-08,421.4510192871094,429.99374,10.681025314527993,177.6559432485816,13.3287637554494,4.35737666750146,0.988311754234839
2025-01-10,415.88214111328136,427.8408,10.681025314527993,177.6559432485816,13.3287637554494,4.35737666750146,0.988311754234839
2025-01-13,414.1350402832031,428.56287,10.681025314527993,177.6559432485816,13.3287637554494,4.35737666750146,0.988311754234839
2025-01-14,412.6261901855469,432.93155,10.681025314527993,177.6559432485816,13.3287637554494,4.35737666750146,0.988311754234839
2025-01-15,423.18820190429693,427.32394,10.681025314527993,177.6559432485816,13.3287637554494,4.35737666750146,0.988311754234839
2025-01-16,421.4708862304688,428.0246,10.681025314527993,177.6559432485816,13.3287637554494,4.35737666750146,0.988311754234839
2025-01-17,425.8883056640625,428.9179,10.681025314527993,177.6559432485816,13.3287637554494,4.35737666750146,0.988311754234839
2025-01-21,425.3621826171875,426.33084,10.681025314527993,177.6559432485816,13.3287637554494,4.35737666750146,0.988311754234839
2025-01-22,442.9326171875,432.20395,10.681025314527993,177.6559432485816,13.3287637554494,4.35737666750146,0.988311754234839
2025-01-23,443.4388427734375,432.93677,10.681025314527993,177.6559432485816,13.3287637554494,4.35737666750146,0.988311754234839
2025-01-24,440.8082580566406,435.12604,10.681025314527993,177.6559432485816,13.3287637554494,4.35737666750146,0.988311754234839
2025-01-27,431.37783813476557,434.4461,10.681025314527993,177.6559432485816,13.3287637554494,4.35737666750146,0.988311754234839
2025-01-28,443.9252624511719,437.18445,10.681025314527993,177.6559432485816,13.3287637554494,4.35737666750146,0.988311754234839
2025-01-29,439.0909118652344,435.22266,10.681025314527993,177.6559432485816,13.3287637554494,4.35737666750146,0.988311754234839
2025-01-30,411.95111083984375,438.33487,10.681025314527993,177.6559432485816,13.3287637554494,4.35737666750146,0.988311754234839
2025-01-31,412.0205993652344,436.55182,10.681025314527993,177.6559432485816,13.3287637554494,4.35737666750146,0.988311754234839
2025-02-03,407.9109497070313,433.55005,10.681025314527993,177.6559432485816,13.3287637554494,4.35737666750146,0.988311754234839
2025-02-04,409.35028076171875,437.05954,10.681025314527993,177.6559432485816,13.3287637554494,4.35737666750146,0.988311754234839
2025-02-05,410.2635803222656,431.26727,10.681025314527993,177.6559432485816,13.3287637554494,4.35737666750146,0.988311754234839
2025-02-06,412.7750244140625,427.1136,10.681025314527993,177.6559432485816,13.3287637554494,4.35737666750146,0.988311754234839
2025-02-07,406.7494812011719,428.72086,10.681025314527993,177.6559432485816,13.3287637554494,4.35737666750146,0.988311754234839
2025-02-10,409.2013854980469,426.55423,10.681025314527993,177.6559432485816,13.3287637554494,4.35737666750146,0.988311754234839
2025-02-11,408.4271240234375,424.92285,10.681025314527993,177.6559432485816,13.3287637554494,4.35737666750146,0.988311754234839
2025-02-12,406.0447082519531,424.31586,10.681025314527993,177.6559432485816,13.3287637554494,4.35737666750146,0.988311754234839
2025-02-13,407.5337219238281,417.42783,10.681025314527993,177.6559432485816,13.3287637554494,4.35737666750146,0.988311754234839
2025-02-14,405.4391479492188,415.3869,10.681025314527993,177.6559432485816,13.3287637554494,4.35737666750146,0.988311754234839
2025-02-18,406.6403198242188,415.03284,10.681025314527993,177.6559432485816,13.3287637554494,4.35737666750146,0.988311754234839
2025-02-19,411.7327575683594,416.0615,10.681025314527993,177.6559432485816,13.3287637554494,4.35737666750146,0.988311754234839
2025-02-20,413.9110412597656,417.5978,10.681025314527993,177.6559432485816,13.3287637554494,4.35737666750146,0.988311754234839
2025-02-21,406.0332946777344,413.6485,10.681025314527993,177.6559432485816,13.3287637554494,4.35737666750146,0.988311754234839
2025-02-24,401.8457336425781,414.96466,10.681025314527993,177.6559432485816,13.3287637554494,4.35737666750146,0.988311754234839
2025-02-25,395.77825927734375,416.0453,10.681025314527993,177.6559432485816,13.3287637554494,4.35737666750146,0.988311754234839
2025-02-26,397.5985412597656,416.92188,10.681025314527993,177.6559432485816,13.3287637554494,4.35737666750146,0.988311754234839
2025-02-27,390.4368896484375,414.2129,10.681025314527993,177.6559432485816,13.3287637554494,4.35737666750146,0.988311754234839
2025-02-28,394.87310791015625,412.92685,10.681025314527993,177.6559432485816,13.3287637554494,4.35737666750146,0.988311754234839
2025-03-03,386.4184265136719,418.50446,10.681025314527993,177.6559432485816,13.3287637554494,4.35737666750146,0.988311754234839
2025-03-04,386.5377807617188,424.36246,10.681025314527993,177.6559432485816,13.3287637554494,4.35737666750146,0.988311754234839
2025-03-05,398.881591796875,420.77393,10.681025314527993,177.6559432485816,13.3287637554494,4.35737666750146,0.988311754234839
2025-03-06,394.773681640625,415.93872,10.681025314527993,177.6559432485816,13.3287637554494,4.35737666750146,0.988311754234839
2025-03-07,391.2127380371094,418.28207,10.681025314527993,177.6559432485816,13.3287637554494,4.35737666750146,0.988311754234839
2025-03-10,378.13287353515625,413.9281,10.681025314527993,177.6559432485816,13.3287637554494,4.35737666750146,0.988311754234839
2025-03-11,378.42132568359375,415.942,10.681025314527993,177.6559432485816,13.3287637554494,4.35737666750146,0.988311754234839
2025-03-12,381.2262878417969,409.92502,10.681025314527993,177.6559432485816,13.3287637554494,4.35737666750146,0.988311754234839
2025-03-13,376.7502746582031,407.29788,10.681025314527993,177.6559432485816,13.3287637554494,4.35737666750146,0.988311754234839
2025-03-14,386.4880676269532,403.6824,10.681025314527993,177.6559432485816,13.3287637554494,4.35737666750146,0.988311754234839
2025-03-17,386.6273498535156,402.168,10.681025314527993,177.6559432485816,13.3287637554494,4.35737666750146,0.988311754234839
2025-03-18,381.4749450683594,401.10782,10.681025314527993,177.6559432485816,13.3287637554494,4.35737666750146,0.988311754234839
2025-03-19,385.75201416015625,402.82272,10.681025314527993,177.6559432485816,13.3287637554494,4.35737666750146,0.988311754234839
2025-03-20,384.7772521972656,405.05066,10.681025314527993,177.6559432485816,13.3287637554494,4.35737666750146,0.988311754234839
2025-03-21,389.1736450195313,401.53873,10.681025314527993,177.6559432485816,13.3287637554494,4.35737666750146,0.988311754234839
2025-03-24,390.9839477539063,399.192,10.681025314527993,177.6559432485816,13.3287637554494,4.35737666750146,0.988311754234839
2025-03-25,393.0528869628906,397.0907,10.681025314527993,177.6559432485816,13.3287637554494,4.35737666750146,0.988311754234839
2025-03-26,387.89056396484375,398.13864,10.681025314527993,177.6559432485816,13.3287637554494,4.35737666750146,0.988311754234839
2025-03-27,388.4972839355469,393.65076,10.681025314527993,177.6559432485816,13.3287637554494,4.35737666750146,0.988311754234839
2025-03-28,376.7800903320313,393.77274,10.681025314527993,177.6559432485816,13.3287637554494,4.35737666750146,0.988311754234839
2025-03-31,373.3883056640625,395.82596,10.681025314527993,177.6559432485816,13.3287637554494,4.35737666750146,0.988311754234839
2025-04-01,380.1520385742188,398.9697,10.681025314527993,177.6559432485816,13.3287637554494,4.35737666750146,0.988311754234839
2025-04-02,380.1023254394531,397.6628,10.681025314527993,177.6559432485816,13.3287637554494,4.35737666750146,0.988311754234839
2025-04-03,371.1204223632813,392.48724,10.681025314527993,177.6559432485816,13.3287637554494,4.35737666750146,0.988311754234839
2025-04-04,357.92120361328125,390.01532,10.681025314527993,177.6559432485816,13.3287637554494,4.35737666750146,0.988311754234839
2025-04-07,355.9517822265625,390.80344,10.681025314527993,177.6559432485816,13.3287637554494,4.35737666750146,0.988311754234839
2025-04-08,352.6693420410157,391.8017,10.681025314527993,177.6559432485816,13.3287637554494,4.35737666750146,0.988311754234839
2025-04-09,388.4077758789063,387.69968,10.681025314527993,177.6559432485816,13.3287637554494,4.35737666750146,0.988311754234839
2025-04-10,379.3164978027344,388.5937,10.681025314527993,177.6559432485816,13.3287637554494,4.35737666750146,0.988311754234839
2025-04-11,386.378662109375,388.6431,10.681025314527993,177.6559432485816,13.3287637554494,4.35737666750146,0.988311754234839
2025-04-14,385.7420654296875,390.3516,10.681025314527993,177.6559432485816,13.3287637554494,4.35737666750146,0.988311754234839
2025-04-15,383.6731567382813,390.18976,10.681025314527993,177.6559432485816,13.3287637554494,4.35737666750146,0.988311754234839
2025-04-16,369.62841796875,391.31537,10.681025314527993,177.6559432485816,13.3287637554494,4.35737666750146,0.988311754234839
2025-04-17,365.81884765625,385.52182,10.681025314527993,177.6559432485816,13.3287637554494,4.35737666750146,0.988311754234839
2025-04-21,357.205078125,383.12042,10.681025314527993,177.6559432485816,13.3287637554494,4.35737666750146,0.988311754234839
2025-04-22,364.864013671875,382.95477,10.681025314527993,177.6559432485816,13.3287637554494,4.35737666750146,0.988311754234839
2025-04-23,372.3936462402344,379.13,10.681025314527993,177.6559432485816,13.3287637554494,4.35737666750146,0.988311754234839
2025-04-24,385.2347412109375,381.7197,10.681025314527993,177.6559432485816,13.3287637554494,4.35737666750146,0.988311754234839
2025-04-25,389.7605285644531,377.19797,10.681025314527993,177.6559432485816,13.3287637554494,4.35737666750146,0.988311754234839
2025-04-28,389.0741882324219,382.0244,10.681025314527993,177.6559432485816,13.3287637554494,4.35737666750146,0.988311754234839
2025-04-29,391.9388427734375,386.14484,10.681025314527993,177.6559432485816,13.3287637554494,4.35737666750146,0.988311754234839
2025-04-30,393.15234375,390.43155,10.681025314527993,177.6559432485816,13.3287637554494,4.35737666750146,0.988311754234839
2025-05-01,423.1316223144531,392.58438,10.681025314527993,177.6559432485816,13.3287637554494,4.35737666750146,0.988311754234839
2025-05-02,432.95892333984375,386.48346,10.681025314527993,177.6559432485816,13.3287637554494,4.35737666750146,0.988311754234839
2025-05-05,433.8442077636719,391.241,10.681025314527993,177.6559432485816,13.3287637554494,4.35737666750146,0.988311754234839
2025-05-06,430.99945068359375,396.6543,10.681025314527993,177.6559432485816,13.3287637554494,4.35737666750146,0.988311754234839
2025-05-07,431.0392456054688,399.68842,10.681025314527993,177.6559432485816,13.3287637554494,4.35737666750146,0.988311754234839
2025-05-08,435.83358764648443,407.8371,10.681025314527993,177.6559432485816,13.3287637554494,4.35737666750146,0.988311754234839
2025-05-09,436.3905334472656,398.92853,10.681025314527993,177.6559432485816,13.3287637554494,4.35737666750146,0.988311754234839
2025-05-12,446.8644104003906,405.15094,10.681025314527993,177.6559432485816,13.3287637554494,4.35737666750146,0.988311754234839
2025-05-13,446.74505615234375,407.17838,10.681025314527993,177.6559432485816,13.3287637554494,4.35737666750146,0.988311754234839
2025-05-14,450.5247802734375,406.52795,10.681025314527993,177.6559432485816,13.3287637554494,4.35737666750146,0.988311754234839
2025-05-15,451.5411987304688,409.51346,10.681025314527993,177.6559432485816,13.3287637554494,4.35737666750146,0.988311754234839
2025-05-16,452.6772155761719,411.63535,10.681025314527993,177.6559432485816,13.3287637554494,4.35737666750146,0.988311754234839
2025-05-19,457.2610473632813,417.0191,10.681025314527993,177.6559432485816,13.3287637554494,4.35737666750146,0.988311754234839
2025-05-20,456.5635375976562,421.7667,10.681025314527993,177.6559432485816,13.3287637554494,4.35737666750146,0.988311754234839
2025-05-21,450.983154296875,420.469,10.681025314527993,177.6559432485816,13.3287637554494,4.35737666750146,0.988311754234839
2025-05-22,453.26513671875,425.9112,10.681025314527993,177.6559432485816,13.3287637554494,4.35737666750146,0.988311754234839
2025-05-23,448.6015625,425.06665,10.681025314527993,177.6559432485816,13.3287637554494,4.35737666750146,0.988311754234839
2025-05-27,459.0746765136719,423.35822,10.681025314527993,177.6559432485816,13.3287637554494,4.35737666750146,0.988311754234839
2025-05-28,455.7563781738281,421.74164,10.681025314527993,177.6559432485816,13.3287637554494,4.35737666750146,0.988311754234839
2025-05-29,457.0717468261719,418.2662,10.681025314527993,177.6559432485816,13.3287637554494,4.35737666750146,0.988311754234839
2025-05-30,458.7458190917969,424.37378,10.681025314527993,177.6559432485816,13.3287637554494,4.35737666750146,0.988311754234839
2025-06-02,460.3502197265625,422.1364,10.681025314527993,177.6559432485816,13.3287637554494,4.35737666750146,0.988311754234839
2025-06-03,461.3467102050781,428.61905,10.681025314527993,177.6559432485816,13.3287637554494,4.35737666750146,0.988311754234839
2025-06-04,462.2435302734375,432.79498,10.681025314527993,177.6559432485816,13.3287637554494,4.35737666750146,0.988311754234839
2025-06-05,466.0401611328125,440.2914,10.681025314527993,177.6559432485816,13.3287637554494,4.35737666750146,0.988311754234839
2025-06-06,468.730712890625,441.83383,10.681025314527993,177.6559432485816,13.3287637554494,4.35737666750146,0.988311754234839
2025-06-09,471.0924072265625,441.28226,10.681025314527993,177.6559432485816,13.3287637554494,4.35737666750146,0.988311754234839
2025-06-10,469.2688293457031,441.7226,10.681025314527993,177.6559432485816,13.3287637554494,4.35737666750146,0.988311754234839
2025-06-11,470.96286010742193,444.4647,10.681025314527993,177.6559432485816,13.3287637554494,4.35737666750146,0.988311754234839
2025-06-12,477.1909484863281,447.3343,10.681025314527993,177.6559432485816,13.3287637554494,4.35737666750146,0.988311754234839
2025-06-13,473.2946472167969,453.1426,10.681025314527993,177.6559432485816,13.3287637554494,4.35737666750146,0.988311754234839
2025-06-16,477.46002197265625,457.1236,10.681025314527993,177.6559432485816,13.3287637554494,4.35737666750146,0.988311754234839
2025-06-17,476.3638610839844,456.25638,10.681025314527993,177.6559432485816,13.3287637554494,4.35737666750146,0.988311754234839
2025-06-18,478.5561218261719,458.95627,10.681025314527993,177.6559432485816,13.3287637554494,4.35737666750146,0.988311754234839
2025-06-20,475.72610473632807,451.1301,10.681025314527993,177.6559432485816,13.3287637554494,4.35737666750146,0.988311754234839
2025-06-23,484.2959289550781,458.20026,10.681025314527993,177.6559432485816,13.3287637554494,4.35737666750146,0.988311754234839
2025-06-24,488.3915100097656,462.34042,10.681025314527993,177.6559432485816,13.3287637554494,4.35737666750146,0.988311754234839
2025-06-25,490.5439453125,467.75317,10.681025314527993,177.6559432485816,13.3287637554494,4.35737666750146,0.988311754234839
2025-06-26,495.705810546875,470.20792,10.681025314527993,177.6559432485816,13.3287637554494,4.35737666750146,0.988311754234839
2025-06-27,494.20111083984375,469.0654,10.681025314527993,177.6559432485816,13.3287637554494,4.35737666750146,0.988311754234839
2025-06-30,495.66595458984375,471.2393,10.681025314527993,177.6559432485816,13.3287637554494,4.35737666750146,0.988311754234839
2025-07-01,490.3247375488281,468.7079,10.681025314527993,177.6559432485816,13.3287637554494,4.35737666750146,0.988311754234839
2025-07-02,489.36810302734375,466.56915,10.681025314527993,177.6559432485816,13.3287637554494,4.35737666750146,0.988311754234839
2025-07-03,497.0909423828125,468.50134,10.681025314527993,177.6559432485816,13.3287637554494,4.35737666750146,0.988311754234839
2025-07-07,495.974853515625,471.14615,10.681025314527993,177.6559432485816,13.3287637554494,4.35737666750146,0.988311754234839
2025-07-08,494.8786926269531,473.15268,10.681025314527993,177.6559432485816,13.3287637554494,4.35737666750146,0.988311754234839
2025-07-09,501.74456787109375,473.48447,10.681025314527993,177.6559432485816,13.3287637554494,4.35737666750146,0.988311754234839
2025-07-10,499.7216796875,472.16464,10.681025314527993,177.6559432485816,13.3287637554494,4.35737666750146,0.988311754234839
2025-07-11,501.5552368164063,477.0455,10.681025314527993,177.6559432485816,13.3287637554494,4.35737666750146,0.988311754234839
2025-07-14,501.2562561035156,472.48987,10.681025314527993,177.6559432485816,13.3287637554494,4.35737666750146,0.988311754234839
2025-07-15,504.0464477539063,476.07376,10.681025314527993,177.6559432485816,13.3287637554494,4.35737666750146,0.988311754234839
2025-07-16,503.8471374511719,477.51257,10.681025314527993,177.6559432485816,13.3287637554494,4.35737666750146,0.988311754234839
2025-07-17,509.9058532714844,482.0074,10.681025314527993,177.6559432485816,13.3287637554494,4.35737666750146,0.988311754234839
2025-07-18,508.26162719726557,484.7755,10.681025314527993,177.6559432485816,13.3287637554494,4.35737666750146,0.988311754234839
2025-07-21,508.27157592773443,483.89386,10.681025314527993,177.6559432485816,13.3287637554494,4.35737666750146,0.988311754234839
2025-07-22,503.49838256835943,486.61105,10.681025314527993,177.6559432485816,13.3287637554494,4.35737666750146,0.988311754234839
2025-07-23,504.0962829589844,487.1719,10.681025314527993,177.6559432485816,13.3287637554494,4.35737666750146,0.988311754234839
2025-07-24,509.0887145996094,491.9722,10.681025314527993,177.6559432485816,13.3287637554494,4.35737666750146,0.988311754234839
2025-07-25,511.9088439941406,492.66852,10.681025314527993,177.6559432485816,13.3287637554494,4.35737666750146,0.988311754234839
2025-07-28,510.7030334472656,492.48355,10.681025314527993,177.6559432485816,13.3287637554494,4.35737666750146,0.988311754234839
2025-07-29,510.7727966308594,495.71304,10.681025314527993,177.6559432485816,13.3287637554494,4.35737666750146,0.988311754234839
2025-07-30,511.4404296875,495.4297,10.681025314527993,177.6559432485816,13.3287637554494,4.35737666750146,0.988311754234839
2025-07-31,531.62939453125,499.0396,10.681025314527993,177.6559432485816,13.3287637554494,4.35737666750146,0.988311754234839
2025-08-01,522.2723388671875,501.09665,10.681025314527993,177.6559432485816,13.3287637554494,4.35737666750146,0.988311754234839
2025-08-04,533.7619018554688,503.42157,10.681025314527993,177.6559432485816,13.3287637554494,4.35737666750146,0.988311754234839
2025-08-05,525.8995361328125,504.99255,10.681025314527993,177.6559432485816,13.3287637554494,4.35737666750146,0.988311754234839
2025-08-06,523.0994262695312,509.84705,10.681025314527993,177.6559432485816,13.3287637554494,4.35737666750146,0.988311754234839
2025-08-07,519.0138549804688,510.0092,10.681025314527993,177.6559432485816,13.3287637554494,4.35737666750146,0.988311754234839
2025-08-08,520.2095947265625,509.98834,10.681025314527993,177.6559432485816,13.3287637554494,4.35737666750146,0.988311754234839
2025-08-11,519.9405517578125,508.9925,10.681025314527993,177.6559432485816,13.3287637554494,4.35737666750146,0.988311754234839
2025-08-12,527.3843383789062,509.5243,10.681025314527993,177.6559432485816,13.3287637554494,4.35737666750146,0.988311754234839
2025-08-13,518.7547607421875,510.09332,10.681025314527993,177.6559432485816,13.3287637554494,4.35737666750146,0.988311754234839
2025-08-14,520.6480102539062,513.5651,10.681025314527993,177.6559432485816,13.3287637554494,4.35737666750146,0.988311754234839
2025-08-15,518.3461303710938,511.6722,10.681025314527993,177.6559432485816,13.3287637554494,4.35737666750146,0.988311754234839
2025-08-18,515.286865234375,515.83966,10.681025314527993,177.6559432485816,13.3287637554494,4.35737666750146,0.988311754234839
2025-08-19,507.9826049804688,514.6377,10.681025314527993,177.6559432485816,13.3287637554494,4.35737666750146,0.988311754234839
2025-08-20,503.9468078613281,516.404,10.681025314527993,177.6559432485816,13.3287637554494,4.35737666750146,0.988311754234839
2025-08-21,503.2980041503906,514.66724,10.681025314527993,177.6559432485816,13.3287637554494,4.35737666750146,0.988311754234839
2025-08-22,506.2824401855469,512.28516,10.681025314527993,177.6559432485816,13.3287637554494,4.35737666750146,0.988311754234839
2025-08-25,503.3179931640625,511.98984,10.681025314527993,177.6559432485816,13.3287637554494,4.35737666750146,0.988311754234839
2025-08-26,501.1021423339844,511.32712,10.681025314527993,177.6559432485816,13.3287637554494,4.35737666750146,0.988311754234839
2025-08-27,505.7933349609375,513.4434,10.681025314527993,177.6559432485816,13.3287637554494,4.35737666750146,0.988311754234839
2025-08-28,508.68792724609375,513.75757,10.681025314527993,177.6559432485816,13.3287637554494,4.35737666750146,0.988311754234839
2025-08-29,505.7434387207031,511.86795,10.681025314527993,177.6559432485816,13.3287637554494,4.35737666750146,0.988311754234839
2025-09-02,504.1763610839844,511.3609,10.681025314527993,177.6559432485816,13.3287637554494,4.35737666750146,0.988311754234839
2025-09-03,504.4059448242188,509.3398,10.681025314527993,177.6559432485816,13.3287637554494,4.35737666750146,0.988311754234839
2025-09-04,507.0210571289063,511.38205,10.681025314527993,177.6559432485816,13.3287637554494,4.35737666750146,0.988311754234839
2025-09-05,494.0752868652344,510.43002,10.681025314527993,177.6559432485816,13.3287637554494,4.35737666750146,0.988311754234839
2025-09-08,497.2693176269531,514.0626,10.681025314527993,177.6559432485816,13.3287637554494,4.35737666750146,0.988311754234839
2025-09-09,497.4789123535156,512.746,10.681025314527993,177.6559432485816,13.3287637554494,4.35737666750146,0.988311754234839
2025-09-10,499.4352416992188,515.4667,10.681025314527993,177.6559432485816,13.3287637554494,4.35737666750146,0.988311754234839
2025-09-11,500.0740661621094,513.32227,10.681025314527993,177.6559432485816,13.3287637554494,4.35737666750146,0.988311754234839
2025-09-12,508.9474487304688,513.2343,10.681025314527993,177.6559432485816,13.3287637554494,4.35737666750146,0.988311754234839
2025-09-15,514.397216796875,514.4593,10.681025314527993,177.6559432485816,13.3287637554494,4.35737666750146,0.988311754234839
2025-09-16,508.0890502929688,513.8369,10.681025314527993,177.6559432485816,13.3287637554494,4.35737666750146,0.988311754234839
2025-09-17,509.06719970703125,513.7673,10.681025314527993,177.6559432485816,13.3287637554494,4.35737666750146,0.988311754234839
2025-09-18,507.5001525878906,514.34216,10.681025314527993,177.6559432485816,13.3287637554494,4.35737666750146,0.988311754234839
2025-09-19,516.96240234375,517.7474,10.681025314527993,177.6559432485816,13.3287637554494,4.35737666750146,0.988311754234839
2025-09-22,513.4889526367188,515.2844,10.681025314527993,177.6559432485816,13.3287637554494,4.35737666750146,0.988311754234839
2025-09-23,508.2787170410156,516.2906,10.681025314527993,177.6559432485816,13.3287637554494,4.35737666750146,0.988311754234839
2025-09-24,509.1969604492188,517.3747,10.681025314527993,177.6559432485816,13.3287637554494,4.35737666750146,0.988311754234839
2025-09-25,506.0827941894531,518.9625,10.681025314527993,177.6559432485816,13.3287637554494,4.35737666750146,0.988311754234839
2025-09-26,510.5045166015625,518.26556,10.681025314527993,177.6559432485816,13.3287637554494,4.35737666750146,0.988311754234839
2025-09-29,513.6386108398438,513.4656,10.681025314527993,177.6559432485816,13.3287637554494,4.35737666750146,0.988311754234839
2025-09-30,516.982421875,511.5932,10.681025314527993,177.6559432485816,13.3287637554494,4.35737666750146,0.988311754234839
2025-10-01,518.7391357421875,515.45734,10.681025314527993,177.6559432485816,13.3287637554494,4.35737666750146,0.988311754234839
2025-10-02,514.7765502929688,512.7176,10.681025314527993,177.6559432485816,13.3287637554494,4.35737666750146,0.988311754234839
2025-10-03,516.3834838867188,515.96594,10.681025314527993,177.6559432485816,13.3287637554494,4.35737666750146,0.988311754234839
2025-10-06,527.5825805664062,516.0336,10.681025314527993,177.6559432485816,13.3287637554494,4.35737666750146,0.988311754234839
2025-10-07,523.0010986328125,517.7187,10.681025314527993,177.6559432485816,13.3287637554494,4.35737666750146,0.988311754234839
2025-10-08,523.8695068359375,519.1132,10.681025314527993,177.6559432485816,13.3287637554494,4.35737666750146,0.988311754234839
2025-10-09,521.4241333007812,514.3485,10.681025314527993,177.6559432485816,13.3287637554494,4.35737666750146,0.988311754234839
2025-10-10,510.0054626464844,520.8465,10.681025314527993,177.6559432485816,13.3287637554494,4.35737666750146,0.988311754234839
2025-10-13,513.0896606445312,518.81635,10.681025314527993,177.6559432485816,13.3287637554494,4.35737666750146,0.988311754234839
2025-10-14,512.610595703125,515.9659,10.681025314527993,177.6559432485816,13.3287637554494,4.35737666750146,0.988311754234839
2025-10-15,512.4708251953125,517.7723,10.681025314527993,177.6559432485816,13.3287637554494,4.35737666750146,0.988311754234839
2025-10-16,510.65423583984375,515.2002,10.681025314527993,177.6559432485816,13.3287637554494,4.35737666750146,0.988311754234839
2025-10-17,512.62060546875,517.79724,10.681025314527993,177.6559432485816,13.3287637554494,4.35737666750146,0.988311754234839
2025-10-20,515.8245239257812,516.4396,10.681025314527993,177.6559432485816,13.3287637554494,4.35737666750146,0.988311754234839
2025-10-21,516.6929321289062,517.84906,10.681025314527993,177.6559432485816,13.3287637554494,4.35737666750146,0.988311754234839
2025-10-22,519.5675659179688,520.7931,10.681025314527993,177.6559432485816,13.3287637554494,4.35737666750146,0.988311754234839
2025-10-23,519.5875244140625,525.225,10.681025314527993,177.6559432485816,13.3287637554494,4.35737666750146,0.988311754234839
2025-10-24,522.6318359375,523.58307,10.681025314527993,177.6559432485816,13.3287637554494,4.35737666750146,0.988311754234839
2025-10-27,530.527099609375,525.1105,10.681025314527993,177.6559432485816,13.3287637554494,4.35737666750146,0.988311754234839
2025-10-28,541.057373046875,522.7235,10.681025314527993,177.6559432485816,13.3287637554494,4.35737666750146,0.988311754234839
2025-10-29,540.538330078125,524.7458,10.681025314527993,177.6559432485816,13.3287637554494,4.35737666750146,0.988311754234839
2025-10-30,524.77783203125,523.9759,10.681025314527993,177.6559432485816,13.3287637554494,4.35737666750146,0.988311754234839
2025-10-31,516.8426513671875,525.0847,10.681025314527993,177.6559432485816,13.3287637554494,4.35737666750146,0.988311754234839
2025-11-03,516.0641479492188,529.14685,10.681025314527993,177.6559432485816,13.3287637554494,4.35737666750146,0.988311754234839
2025-11-04,513.3692016601562,528.2603,10.681025314527993,177.6559432485816,13.3287637554494,4.35737666750146,0.988311754234839
2025-11-05,506.2125549316406,525.9358,10.681025314527993,177.6559432485816,13.3287637554494,4.35737666750146,0.988311754234839
2025-11-06,496.1713562011719,523.0012,10.681025314527993,177.6559432485816,13.3287637554494,4.35737666750146,0.988311754234839
2025-11-07,495.8918762207031,523.5097,10.681025314527993,177.6559432485816,13.3287637554494,4.35737666750146,0.988311754234839
2025-11-10,505.0547180175781,525.4731,10.681025314527993,177.6559432485816,13.3287637554494,4.35737666750146,0.988311754234839
2025-11-11,507.7297058105469,522.3839,10.681025314527993,177.6559432485816,13.3287637554494,4.35737666750146,0.988311754234839
2025-11-12,510.1851501464844,521.62775,10.681025314527993,177.6559432485816,13.3287637554494,4.35737666750146,0.988311754234839
2025-11-13,502.3497924804688,521.82446,10.681025314527993,177.6559432485816,13.3287637554494,4.35737666750146,0.988311754234839
2025-11-14,509.22689819335943,523.0058,10.681025314527993,177.6559432485816,13.3287637554494,4.35737666750146,0.988311754234839
2025-11-17,506.54193115234375,521.05493,10.681025314527993,177.6559432485816,13.3287637554494,4.35737666750146,0.988311754234839
2025-11-18,492.8675537109375,517.89294,10.681025314527993,177.6559432485816,13.3287637554494,4.35737666750146,0.988311754234839
2025-11-19,486.2099914550781,513.93384,10.681025314527993,177.6559432485816,13.3287637554494,4.35737666750146,0.988311754234839
2025-11-20,478.4299926757813,511.53357,10.681025314527993,177.6559432485816,13.3287637554494,4.35737666750146,0.988311754234839
2025-11-21,472.1199951171875,510.90707,10.681025314527993,177.6559432485816,13.3287637554494,4.35737666750146,0.988311754234839
2025-11-24,473.99999999999994,511.27942,10.681025314527993,177.6559432485816,13.3287637554494,4.35737666750146,0.988311754234839
2025-11-25,476.989990234375,505.2883,10.681025314527993,177.6559432485816,13.3287637554494,4.35737666750146,0.988311754234839
2025-11-26,485.5,504.56976,10.681025314527993,177.6559432485816,13.3287637554494,4.35737666750146,0.988311754234839
2025-11-28,492.010009765625,501.85107,10.681025314527993,177.6559432485816,13.3287637554494,4.35737666750146,0.988311754234839
2025-12-01,486.739990234375,506.37485,10.681025314527993,177.6559432485816,13.3287637554494,4.35737666750146,0.988311754234839
2025-12-02,490.0,510.45364,10.681025314527993,177.6559432485816,13.3287637554494,4.35737666750146,0.988311754234839
2025-12-03,477.7300109863281,505.01785,10.681025314527993,177.6559432485816,13.3287637554494,4.35737666750146,0.988311754234839
2025-12-04,480.8399963378906,506.01135,10.681025314527993,177.6559432485816,13.3287637554494,4.35737666750146,0.988311754234839
2025-12-05,483.1600036621094,504.9788,10.681025314527993,177.6559432485816,13.3287637554494,4.35737666750146,0.988311754234839
2025-12-08,491.0199890136719,507.88773,10.681025314527993,177.6559432485816,13.3287637554494,4.35737666750146,0.988311754234839
2025-12-09,492.0199890136719,507.73007,10.681025314527993,177.6559432485816,13.3287637554494,4.35737666750146,0.988311754234839
2025-12-10,478.55999755859375,501.66226,10.681025314527993,177.6559432485816,13.3287637554494,4.35737666750146,0.988311754234839
2025-12-11,483.4700012207031,502.3817,10.681025314527993,177.6559432485816,13.3287637554494,4.35737666750146,0.988311754234839
2025-12-12,478.5299987792969,503.06964,10.681025314527993,177.6559432485816,13.3287637554494,4.35737666750146,0.988311754234839
2025-12-15,474.8200073242188,501.31467,10.681025314527993,177.6559432485816,13.3287637554494,4.35737666750146,0.988311754234839
2025-12-16,476.3900146484375,497.94852,10.681025314527993,177.6559432485816,13.3287637554494,4.35737666750146,0.988311754234839
2025-12-17,476.1199951171875,494.26495,10.681025314527993,177.6559432485816,13.3287637554494,4.35737666750146,0.988311754234839
2025-12-18,483.9800109863281,499.4506,10.681025314527993,177.6559432485816,13.3287637554494,4.35737666750146,0.988311754234839
2025-12-19,485.9200134277344,502.24185,10.681025314527993,177.6559432485816,13.3287637554494,4.35737666750146,0.988311754234839
2025-12-22,484.9200134277344,499.01315,10.681025314527993,177.6559432485816,13.3287637554494,4.35737666750146,0.988311754234839
2025-12-23,486.8500061035156,500.31906,10.681025314527993,177.6559432485816,13.3287637554494,4.35737666750146,0.988311754234839
2025-12-24,488.0199890136719,498.94208,10.681025314527993,177.6559432485816,13.3287637554494,4.35737666750146,0.988311754234839
2025-12-26,487.7099914550781,499.79007,10.681025314527993,177.6559432485816,13.3287637554494,4.35737666750146,0.988311754234839
2025-12-29,487.1000061035156,496.45905,10.681025314527993,177.6559432485816,13.3287637554494,4.35737666750146,0.988311754234839
2025-12-30,487.4800109863281,491.94232,10.681025314527993,177.6559432485816,13.3287637554494,4.35737666750146,0.988311754234839
2025-12-31,483.6199951171875,491.1781,10.681025314527993,177.6559432485816,13.3287637554494,4.35737666750146,0.988311754234839
2026-01-02,472.9400024414063,486.1747,10.681025314527993,177.6559432485816,13.3287637554494,4.35737666750146,0.988311754234839
2026-01-05,472.8500061035156,487.87436,10.681025314527993,177.6559432485816,13.3287637554494,4.35737666750146,0.988311754234839
2026-01-06,478.510009765625,484.98798,10.681025314527993,177.6559432485816,13.3287637554494,4.35737666750146,0.988311754234839
2026-01-07,483.4700012207031,489.21283,10.681025314527993,177.6559432485816,13.3287637554494,4.35737666750146,0.988311754234839
2026-01-08,478.10998535156256,491.66638,10.681025314527993,177.6559432485816,13.3287637554494,4.35737666750146,0.988311754234839
