Date,Actual,Predicted,MAE,MSE,RMSE,MAPE,R2
2017-01-03,26.770885467529297,27.961962059667098,82.56881005248634,10751.715537632486,103.69047949369549,54.12352576585009,-1.1688456243860612
2017-01-04,26.74092102050781,27.976949365893542,82.56881005248634,10751.715537632486,103.69047949369549,54.12352576585009,-1.1688456243860612
2017-01-05,26.87690544128418,27.985367796303976,82.56881005248634,10751.715537632486,103.69047949369549,54.12352576585009,-1.1688456243860612
2017-01-06,27.176536560058597,27.982466443848132,82.56881005248634,10751.715537632486,103.69047949369549,54.12352576585009,-1.1688456243860612
2017-01-09,27.425460815429688,28.011720573848226,82.56881005248634,10751.715537632486,103.69047949369549,54.12352576585009,-1.1688456243860612
2017-01-10,27.45311737060547,28.006002588140767,82.56881005248634,10751.715537632486,103.69047949369549,54.12352576585009,-1.1688456243860612
2017-01-11,27.60062789916992,28.01251718213887,82.56881005248634,10751.715537632486,103.69047949369549,54.12352576585009,-1.1688456243860612
2017-01-12,27.48538589477539,28.012253469809707,82.56881005248634,10751.715537632486,103.69047949369549,54.12352576585009,-1.1688456243860612
2017-01-13,27.43698501586914,28.000720879686398,82.56881005248634,10751.715537632486,103.69047949369549,54.12352576585009,-1.1688456243860612
2017-01-17,27.65825080871582,27.995348079247034,82.56881005248634,10751.715537632486,103.69047949369549,54.12352576585009,-1.1688456243860612
2017-01-18,27.65594482421875,27.99719035713151,82.56881005248634,10751.715537632486,103.69047949369549,54.12352576585009,-1.1688456243860612
2017-01-19,27.607542037963867,27.99364943285481,82.56881005248634,10751.715537632486,103.69047949369549,54.12352576585009,-1.1688456243860612
2017-01-20,27.65825080871582,27.980362088345554,82.56881005248634,10751.715537632486,103.69047949369549,54.12352576585009,-1.1688456243860612
2017-01-23,27.676692962646484,27.991131797162815,82.56881005248634,10751.715537632486,103.69047949369549,54.12352576585009,-1.1688456243860612
2017-01-24,27.651338577270508,27.984276653135066,82.56881005248634,10751.715537632486,103.69047949369549,54.12352576585009,-1.1688456243860612
2017-01-25,28.09156036376953,27.99240269990221,82.56881005248634,10751.715537632486,103.69047949369549,54.12352576585009,-1.1688456243860612
2017-01-26,28.10539436340332,27.9965332832004,82.56881005248634,10751.715537632486,103.69047949369549,54.12352576585009,-1.1688456243860612
2017-01-27,28.10769462585449,27.99213763964657,82.56881005248634,10751.715537632486,103.69047949369549,54.12352576585009,-1.1688456243860612
2017-01-30,28.033939361572266,28.034766958178665,82.56881005248634,10751.715537632486,103.69047949369549,54.12352576585009,-1.1688456243860612
2017-01-31,27.96940422058105,28.039435741273987,82.56881005248634,10751.715537632486,103.69047949369549,54.12352576585009,-1.1688456243860612
2017-02-01,29.674997329711918,28.059093501584897,82.56881005248634,10751.715537632486,103.69047949369549,54.12352576585009,-1.1688456243860612
2017-02-02,29.624292373657227,28.07449299430092,82.56881005248634,10751.715537632486,103.69047949369549,54.12352576585009,-1.1688456243860612
2017-02-03,29.75105857849121,28.080840526664552,82.56881005248634,10751.715537632486,103.69047949369549,54.12352576585009,-1.1688456243860612
2017-02-06,30.02994537353516,28.150177915882967,82.56881005248634,10751.715537632486,103.69047949369549,54.12352576585009,-1.1688456243860612
2017-02-07,30.31574821472168,28.161251363626377,82.56881005248634,10751.715537632486,103.69047949369549,54.12352576585009,-1.1688456243860612
2017-02-08,30.433298110961918,28.185820210622513,82.56881005248634,10751.715537632486,103.69047949369549,54.12352576585009,-1.1688456243860612
2017-02-09,30.6531982421875,28.204549406720087,82.56881005248634,10751.715537632486,103.69047949369549,54.12352576585009,-1.1688456243860612
2017-02-10,30.583759307861328,28.212600301984992,82.56881005248634,10751.715537632486,103.69047949369549,54.12352576585009,-1.1688456243860612
2017-02-13,30.854597091674805,28.277494316956844,82.56881005248634,10751.715537632486,103.69047949369549,54.12352576585009,-1.1688456243860612
2017-02-14,31.25506401062012,28.28418082458471,82.56881005248634,10751.715537632486,103.69047949369549,54.12352576585009,-1.1688456243860612
2017-02-15,31.36848258972168,28.303145156321303,82.56881005248634,10751.715537632486,103.69047949369549,54.12352576585009,-1.1688456243860612
2017-02-16,31.331453323364254,28.315242528347156,82.56881005248634,10751.715537632486,103.69047949369549,54.12352576585009,-1.1688456243860612
2017-02-17,31.417102813720703,28.315849874154814,82.56881005248634,10751.715537632486,103.69047949369549,54.12352576585009,-1.1688456243860612
2017-02-21,31.643966674804688,28.354374854071793,82.56881005248634,10751.715537632486,103.69047949369549,54.12352576585009,-1.1688456243860612
2017-02-22,31.73887252807617,28.365497704703497,82.56881005248634,10751.715537632486,103.69047949369549,54.12352576585009,-1.1688456243860612
2017-02-23,31.6046199798584,28.370393908160644,82.56881005248634,10751.715537632486,103.69047949369549,54.12352576585009,-1.1688456243860612
2017-02-24,31.63470268249512,28.364644607713345,82.56881005248634,10751.715537632486,103.69047949369549,54.12352576585009,-1.1688456243860612
2017-02-27,31.69720458984375,28.392340213786326,82.56881005248634,10751.715537632486,103.69047949369549,54.12352576585009,-1.1688456243860612
2017-02-28,31.711088180541992,28.389222011588263,82.56881005248634,10751.715537632486,103.69047949369549,54.12352576585009,-1.1688456243860612
2017-03-01,32.359249114990234,28.40017126160081,82.56881005248634,10751.715537632486,103.69047949369549,54.12352576585009,-1.1688456243860612
2017-03-02,32.16712188720703,28.406258660356812,82.56881005248634,10751.715537632486,103.69047949369549,54.12352576585009,-1.1688456243860612
2017-03-03,32.356929779052734,28.403014928062575,82.56881005248634,10751.715537632486,103.69047949369549,54.12352576585009,-1.1688456243860612
2017-03-06,32.25507736206055,28.445057820728913,82.56881005248634,10751.715537632486,103.69047949369549,54.12352576585009,-1.1688456243860612
2017-03-07,32.2967643737793,28.448488335978706,82.56881005248634,10751.715537632486,103.69047949369549,54.12352576585009,-1.1688456243860612
2017-03-08,32.17637634277344,28.466551451924946,82.56881005248634,10751.715537632486,103.69047949369549,54.12352576585009,-1.1688456243860612
2017-03-09,32.10230255126953,28.480101346737467,82.56881005248634,10751.715537632486,103.69047949369549,54.12352576585009,-1.1688456243860612
2017-03-10,32.20877456665039,28.484443891110214,82.56881005248634,10751.715537632486,103.69047949369549,54.12352576585009,-1.1688456243860612
2017-03-13,32.222679138183594,28.547753338310212,82.56881005248634,10751.715537632486,103.69047949369549,54.12352576585009,-1.1688456243860612
2017-03-14,32.174068450927734,28.5570798290504,82.56881005248634,10751.715537632486,103.69047949369549,54.12352576585009,-1.1688456243860612
2017-03-15,32.51434326171875,28.58014035076875,82.56881005248634,10751.715537632486,103.69047949369549,54.12352576585009,-1.1688456243860612
2017-03-16,32.56758117675781,28.597646028730686,82.56881005248634,10751.715537632486,103.69047949369549,54.12352576585009,-1.1688456243860612
2017-03-17,32.40555953979492,28.604790972172136,82.56881005248634,10751.715537632486,103.69047949369549,54.12352576585009,-1.1688456243860612
2017-03-20,32.74582290649414,28.668993027513878,82.56881005248634,10751.715537632486,103.69047949369549,54.12352576585009,-1.1688456243860612
2017-03-21,32.370819091796875,28.67609666710791,82.56881005248634,10751.715537632486,103.69047949369549,54.12352576585009,-1.1688456243860612
2017-03-22,32.7365608215332,28.69575666626724,82.56881005248634,10751.715537632486,103.69047949369549,54.12352576585009,-1.1688456243860612
2017-03-23,32.62082290649414,28.70878425804571,82.56881005248634,10751.715537632486,103.69047949369549,54.12352576585009,-1.1688456243860612
2017-03-24,32.55601119995117,28.710503157571708,82.56881005248634,10751.715537632486,103.69047949369549,54.12352576585009,-1.1688456243860612
2017-03-27,32.61156463623047,28.754385217456754,82.56881005248634,10751.715537632486,103.69047949369549,54.12352576585009,-1.1688456243860612
2017-03-28,33.287498474121094,28.7539967942617,82.56881005248634,10751.715537632486,103.69047949369549,54.12352576585009,-1.1688456243860612
2017-03-29,33.361576080322266,28.76613934481843,82.56881005248634,10751.715537632486,103.69047949369549,54.12352576585009,-1.1688456243860612
2017-03-30,33.31760025024414,28.771823632059792,82.56881005248634,10751.715537632486,103.69047949369549,54.12352576585009,-1.1688456243860612
2017-03-31,33.25510025024414,28.766563965975998,82.56881005248634,10751.715537632486,103.69047949369549,54.12352576585009,-1.1688456243860612
2017-04-03,33.26435089111328,28.793356650036664,82.56881005248634,10751.715537632486,103.69047949369549,54.12352576585009,-1.1688456243860612
2017-04-04,33.51203918457031,28.78899120682947,82.56881005248634,10751.715537632486,103.69047949369549,54.12352576585009,-1.1688456243860612
2017-04-05,33.33842849731445,28.798164675397686,82.56881005248634,10751.715537632486,103.69047949369549,54.12352576585009,-1.1688456243860612
2017-04-06,33.25510025024414,28.801929285173514,82.56881005248634,10751.715537632486,103.69047949369549,54.12352576585009,-1.1688456243860612
2017-04-07,33.18102264404297,28.79580753094566,82.56881005248634,10751.715537632486,103.69047949369549,54.12352576585009,-1.1688456243860612
2017-04-10,33.14166641235352,28.825953215818465,82.56881005248634,10751.715537632486,103.69047949369549,54.12352576585009,-1.1688456243860612
2017-04-11,32.785179138183594,28.824399993729863,82.56881005248634,10751.715537632486,103.69047949369549,54.12352576585009,-1.1688456243860612
2017-04-12,32.82452774047852,28.837026162612382,82.56881005248634,10751.715537632486,103.69047949369549,54.12352576585009,-1.1688456243860612
2017-04-13,32.65091323852539,28.844729951904284,82.56881005248634,10751.715537632486,103.69047949369549,54.12352576585009,-1.1688456243860612
2017-04-17,32.831478118896484,28.885954361015823,82.56881005248634,10751.715537632486,103.69047949369549,54.12352576585009,-1.1688456243860612
2017-04-18,32.68563461303711,28.8882002178016,82.56881005248634,10751.715537632486,103.69047949369549,54.12352576585009,-1.1688456243860612
2017-04-19,32.565269470214844,28.904108829954318,82.56881005248634,10751.715537632486,103.69047949369549,54.12352576585009,-1.1688456243860612
2017-04-20,32.97267532348633,28.91444912719567,82.56881005248634,10751.715537632486,103.69047949369549,54.12352576585009,-1.1688456243860612
2017-04-21,32.93333053588867,28.91447081566044,82.56881005248634,10751.715537632486,103.69047949369549,54.12352576585009,-1.1688456243860612
2017-04-24,33.250465393066406,28.958064892455887,82.56881005248634,10751.715537632486,103.69047949369549,54.12352576585009,-1.1688456243860612
2017-04-25,33.45649337768555,28.95870401789811,82.56881005248634,10751.715537632486,103.69047949369549,54.12352576585009,-1.1688456243860612
2017-04-26,33.25971603393555,28.972167111899893,82.56881005248634,10751.715537632486,103.69047949369549,54.12352576585009,-1.1688456243860612
2017-04-27,33.28518295288086,28.979298296837197,82.56881005248634,10751.715537632486,103.69047949369549,54.12352576585009,-1.1688456243860612
2017-04-28,33.252777099609375,28.97545020829372,82.56881005248634,10751.715537632486,103.69047949369549,54.12352576585009,-1.1688456243860612
2017-05-01,33.9310302734375,29.0048438104058,82.56881005248634,10751.715537632486,103.69047949369549,54.12352576585009,-1.1688456243860612
2017-05-02,34.14630126953125,29.00042702500895,82.56881005248634,10751.715537632486,103.69047949369549,54.12352576585009,-1.1688456243860612
2017-05-03,34.04214096069336,29.008967543775732,82.56881005248634,10751.715537632486,103.69047949369549,54.12352576585009,-1.1688456243860612
2017-05-04,33.91944885253906,29.01148883462324,82.56881005248634,10751.715537632486,103.69047949369549,54.12352576585009,-1.1688456243860612
2017-05-05,34.48196792602539,29.003516580086178,82.56881005248634,10751.715537632486,103.69047949369549,54.12352576585009,-1.1688456243860612
2017-05-08,35.41947937011719,29.024972633407213,82.56881005248634,10751.715537632486,103.69047949369549,54.12352576585009,-1.1688456243860612
2017-05-09,35.64632034301758,29.019790607312956,82.56881005248634,10751.715537632486,103.69047949369549,54.12352576585009,-1.1688456243860612
2017-05-10,35.477352142333984,29.028640588533158,82.56881005248634,10751.715537632486,103.69047949369549,54.12352576585009,-1.1688456243860612
2017-05-11,35.78416061401367,29.032580123418434,82.56881005248634,10751.715537632486,103.69047949369549,54.12352576585009,-1.1688456243860612
2017-05-12,36.283912658691406,29.02713527532923,82.56881005248634,10751.715537632486,103.69047949369549,54.12352576585009,-1.1688456243860612
2017-05-15,36.1909294128418,29.062321886221905,82.56881005248634,10751.715537632486,103.69047949369549,54.12352576585009,-1.1688456243860612
2017-05-16,36.13747787475586,29.063435002253716,82.56881005248634,10751.715537632486,103.69047949369549,54.12352576585009,-1.1688456243860612
2017-05-17,34.92414855957031,29.07920107574798,82.56881005248634,10751.715537632486,103.69047949369549,54.12352576585009,-1.1688456243860612
2017-05-18,35.4564208984375,29.090498793765597,82.56881005248634,10751.715537632486,103.69047949369549,54.12352576585009,-1.1688456243860612
2017-05-19,35.57728958129883,29.092657919821,82.56881005248634,10751.715537632486,103.69047949369549,54.12352576585009,-1.1688456243860612
2017-05-22,35.79345703125,29.150023982426085,82.56881005248634,10751.715537632486,103.69047949369549,54.12352576585009,-1.1688456243860612
2017-05-23,35.74930191040039,29.157610963506592,82.56881005248634,10751.715537632486,103.69047949369549,54.12352576585009,-1.1688456243860612
2017-05-24,35.64237976074219,29.17905540521616,82.56881005248634,10751.715537632486,103.69047949369549,54.12352576585009,-1.1688456243860612
2017-05-25,35.76557159423828,29.19505794867171,82.56881005248634,10751.715537632486,103.69047949369549,54.12352576585009,-1.1688456243860612
2017-05-26,35.70513153076172,29.20079356417268,82.56881005248634,10751.715537632486,103.69047949369549,54.12352576585009,-1.1688456243860612
2017-05-30,35.719085693359375,29.266726509619737,82.56881005248634,10751.715537632486,103.69047949369549,54.12352576585009,-1.1688456243860612
2017-05-31,35.50756072998047,29.28487904255571,82.56881005248634,10751.715537632486,103.69047949369549,54.12352576585009,-1.1688456243860612
2017-06-01,35.605194091796875,29.296223535103824,82.56881005248634,10751.715537632486,103.69047949369549,54.12352576585009,-1.1688456243860612
2017-06-02,36.13282775878906,29.29602459107638,82.56881005248634,10751.715537632486,103.69047949369549,54.12352576585009,-1.1688456243860612
2017-06-05,35.77952575683594,29.332179415557675,82.56881005248634,10751.715537632486,103.69047949369549,54.12352576585009,-1.1688456243860612
2017-06-06,35.900386810302734,29.328393022223,82.56881005248634,10751.715537632486,103.69047949369549,54.12352576585009,-1.1688456243860612
2017-06-07,36.114234924316406,29.336663948065265,82.56881005248634,10751.715537632486,103.69047949369549,54.12352576585009,-1.1688456243860612
2017-06-08,36.02589797973633,29.337981390951818,82.56881005248634,10751.715537632486,103.69047949369549,54.12352576585009,-1.1688456243860612
2017-06-09,34.62893295288086,29.32785112282046,82.56881005248634,10751.715537632486,103.69047949369549,54.12352576585009,-1.1688456243860612
2017-06-12,33.80145263671875,29.337144292600453,82.56881005248634,10751.715537632486,103.69047949369549,54.12352576585009,-1.1688456243860612
2017-06-13,34.07340621948242,29.32610608056085,82.56881005248634,10751.715537632486,103.69047949369549,54.12352576585009,-1.1688456243860612
2017-06-14,33.741024017333984,29.32828776614877,82.56881005248634,10751.715537632486,103.69047949369549,54.12352576585009,-1.1688456243860612
2017-06-15,33.53879165649414,29.32482452214874,82.56881005248634,10751.715537632486,103.69047949369549,54.12352576585009,-1.1688456243860612
2017-06-16,33.06925582885742,29.311335176509434,82.56881005248634,10751.715537632486,103.69047949369549,54.12352576585009,-1.1688456243860612
2017-06-19,34.01530838012695,29.31966500411852,82.56881005248634,10751.715537632486,103.69047949369549,54.12352576585009,-1.1688456243860612
2017-06-20,33.70615768432617,29.311348219884774,82.56881005248634,10751.715537632486,103.69047949369549,54.12352576585009,-1.1688456243860612
2017-06-21,33.90605545043945,29.317680657931632,82.56881005248634,10751.715537632486,103.69047949369549,54.12352576585009,-1.1688456243860612
2017-06-22,33.85026550292969,29.319689170532452,82.56881005248634,10751.715537632486,103.69047949369549,54.12352576585009,-1.1688456243860612
2017-06-23,34.00135803222656,29.31285289026731,82.56881005248634,10751.715537632486,103.69047949369549,54.12352576585009,-1.1688456243860612
2017-06-26,33.894432067871094,29.346451926913105,82.56881005248634,10751.715537632486,103.69047949369549,54.12352576585009,-1.1688456243860612
2017-06-27,33.408634185791016,29.347644419889935,82.56881005248634,10751.715537632486,103.69047949369549,54.12352576585009,-1.1688456243860612
2017-06-28,33.89675521850586,29.36366166706597,82.56881005248634,10751.715537632486,103.69047949369549,54.12352576585009,-1.1688456243860612
2017-06-29,33.397003173828125,29.375307148838363,82.56881005248634,10751.715537632486,103.69047949369549,54.12352576585009,-1.1688456243860612
2017-06-30,33.47604751586914,29.37784312843919,82.56881005248634,10751.715537632486,103.69047949369549,54.12352576585009,-1.1688456243860612
2017-07-03,33.35517501831055,29.43601617978764,82.56881005248634,10751.715537632486,103.69047949369549,54.12352576585009,-1.1688456243860612
2017-07-05,33.492313385009766,29.465085150818606,82.56881005248634,10751.715537632486,103.69047949369549,54.12352576585009,-1.1688456243860612
2017-07-06,33.17619323730469,29.48097803415969,82.56881005248634,10751.715537632486,103.69047949369549,54.12352576585009,-1.1688456243860612
2017-07-07,33.513221740722656,29.48656949603759,82.56881005248634,10751.715537632486,103.69047949369549,54.12352576585009,-1.1688456243860612
2017-07-10,33.7177734375,29.546810116457067,82.56881005248634,10751.715537632486,103.69047949369549,54.12352576585009,-1.1688456243860612
2017-07-11,33.8270149230957,29.552965324929527,82.56881005248634,10751.715537632486,103.69047949369549,54.12352576585009,-1.1688456243860612
2017-07-12,33.875823974609375,29.571938429545906,82.56881005248634,10751.715537632486,103.69047949369549,54.12352576585009,-1.1688456243860612
2017-07-13,34.347686767578125,29.584585496544328,82.56881005248634,10751.715537632486,103.69047949369549,54.12352576585009,-1.1688456243860612
2017-07-14,34.64288330078125,29.5862720274177,82.56881005248634,10751.715537632486,103.69047949369549,54.12352576585009,-1.1688456243860612
2017-07-17,34.763755798339844,29.632480411199023,82.56881005248634,10751.715537632486,103.69047949369549,54.12352576585009,-1.1688456243860612
2017-07-18,34.8846321105957,29.63374816472163,82.56881005248634,10751.715537632486,103.69047949369549,54.12352576585009,-1.1688456243860612
2017-07-19,35.103118896484375,29.648000246760436,82.56881005248634,10751.715537632486,103.69047949369549,54.12352576585009,-1.1688456243860612
2017-07-20,34.945068359375,29.6562394856222,82.56881005248634,10751.715537632486,103.69047949369549,54.12352576585009,-1.1688456243860612
2017-07-21,34.92878723144531,29.65396133050364,82.56881005248634,10751.715537632486,103.69047949369549,54.12352576585009,-1.1688456243860612
2017-07-24,35.351844787597656,29.6919117212256,82.56881005248634,10751.715537632486,103.69047949369549,54.12352576585009,-1.1688456243860612
2017-07-25,35.50292205810547,29.69184080310495,82.56881005248634,10751.715537632486,103.69047949369549,54.12352576585009,-1.1688456243860612
2017-07-26,35.670257568359375,29.705495998443865,82.56881005248634,10751.715537632486,103.69047949369549,54.12352576585009,-1.1688456243860612
2017-07-27,34.996185302734375,29.71386111357804,82.56881005248634,10751.715537632486,103.69047949369549,54.12352576585009,-1.1688456243860612
2017-07-28,34.74980163574219,29.712387452201828,82.56881005248634,10751.715537632486,103.69047949369549,54.12352576585009,-1.1688456243860612
2017-07-31,34.57082748413086,29.756054126161455,82.56881005248634,10751.715537632486,103.69047949369549,54.12352576585009,-1.1688456243860612
2017-08-01,34.87765121459961,29.75864667309702,82.56881005248634,10751.715537632486,103.69047949369549,54.12352576585009,-1.1688456243860612
2017-08-02,36.52565002441406,29.77514325597146,82.56881005248634,10751.715537632486,103.69047949369549,54.12352576585009,-1.1688456243860612
2017-08-03,36.16072082519531,29.78639837990683,82.56881005248634,10751.715537632486,103.69047949369549,54.12352576585009,-1.1688456243860612
2017-08-04,36.35132598876953,29.787734676332565,82.56881005248634,10751.715537632486,103.69047949369549,54.12352576585009,-1.1688456243860612
2017-08-07,36.913822174072266,29.838166894517826,82.56881005248634,10751.715537632486,103.69047949369549,54.12352576585009,-1.1688456243860612
2017-08-08,37.20901870727539,29.842127703450664,82.56881005248634,10751.715537632486,103.69047949369549,54.12352576585009,-1.1688456243860612
2017-08-09,37.43681716918945,29.85942626635864,82.56881005248634,10751.715537632486,103.69047949369549,54.12352576585009,-1.1688456243860612
2017-08-10,36.24439239501953,29.870874842722657,82.56881005248634,10751.715537632486,103.69047949369549,54.12352576585009,-1.1688456243860612
2017-08-11,36.748416900634766,29.871777117959105,82.56881005248634,10751.715537632486,103.69047949369549,54.12352576585009,-1.1688456243860612
2017-08-14,37.30147933959961,29.91730978964545,82.56881005248634,10751.715537632486,103.69047949369549,54.12352576585009,-1.1688456243860612
2017-08-15,37.70984649658203,29.918607865599036,82.56881005248634,10751.715537632486,103.69047949369549,54.12352576585009,-1.1688456243860612
2017-08-16,37.55816268920898,29.932864463091388,82.56881005248634,10751.715537632486,103.69047949369549,54.12352576585009,-1.1688456243860612
2017-08-17,36.83710479736328,29.940997945052917,82.56881005248634,10751.715537632486,103.69047949369549,54.12352576585009,-1.1688456243860612
2017-08-18,36.75309753417969,29.938429742110355,82.56881005248634,10751.715537632486,103.69047949369549,54.12352576585009,-1.1688456243860612
2017-08-21,36.6854248046875,29.973883255834355,82.56881005248634,10751.715537632486,103.69047949369549,54.12352576585009,-1.1688456243860612
2017-08-22,37.28513717651367,29.972351914374116,82.56881005248634,10751.715537632486,103.69047949369549,54.12352576585009,-1.1688456243860612
2017-08-23,37.331809997558594,29.984237453253545,82.56881005248634,10751.715537632486,103.69047949369549,54.12352576585009,-1.1688456243860612
2017-08-24,37.166133880615234,29.990555369067827,82.56881005248634,10751.715537632486,103.69047949369549,54.12352576585009,-1.1688456243860612
2017-08-25,37.30380630493164,29.986806459797684,82.56881005248634,10751.715537632486,103.69047949369549,54.12352576585009,-1.1688456243860612
2017-08-28,37.67949676513672,30.022994818538788,82.56881005248634,10751.715537632486,103.69047949369549,54.12352576585009,-1.1688456243860612
2017-08-29,38.01552963256836,30.023168162677038,82.56881005248634,10751.715537632486,103.69047949369549,54.12352576585009,-1.1688456243860612
2017-08-30,38.11821746826172,30.037441433098913,82.56881005248634,10751.715537632486,103.69047949369549,54.12352576585009,-1.1688456243860612
2017-08-31,38.2698974609375,30.046764284662537,82.56881005248634,10751.715537632486,103.69047949369549,54.12352576585009,-1.1688456243860612
2017-09-01,38.28155517578125,30.0465484495526,82.56881005248634,10751.715537632486,103.69047949369549,54.12352576585009,-1.1688456243860612
2017-09-05,37.82186126708984,30.099886124845504,82.56881005248634,10751.715537632486,103.69047949369549,54.12352576585009,-1.1688456243860612
2017-09-06,37.78218460083008,30.11839313875773,82.56881005248634,10751.715537632486,103.69047949369549,54.12352576585009,-1.1688456243860612
2017-09-07,37.630496978759766,30.13163734724387,82.56881005248634,10751.715537632486,103.69047949369549,54.12352576585009,-1.1688456243860612
2017-09-08,37.01678085327149,30.134880024791503,82.56881005248634,10751.715537632486,103.69047949369549,54.12352576585009,-1.1688456243860612
2017-09-11,37.68650817871094,30.189925920719027,82.56881005248634,10751.715537632486,103.69047949369549,54.12352576585009,-1.1688456243860612
2017-09-12,37.53716278076172,30.194861157483494,82.56881005248634,10751.715537632486,103.69047949369549,54.12352576585009,-1.1688456243860612
2017-09-13,37.25479507446289,30.212762456016343,82.56881005248634,10751.715537632486,103.69047949369549,54.12352576585009,-1.1688456243860612
2017-09-14,36.93510055541992,30.224394736990302,82.56881005248634,10751.715537632486,103.69047949369549,54.12352576585009,-1.1688456243860612
2017-09-15,37.3084716796875,30.225020166872167,82.56881005248634,10751.715537632486,103.69047949369549,54.12352576585009,-1.1688456243860612
2017-09-18,37.02611923217773,30.266650581100816,82.56881005248634,10751.715537632486,103.69047949369549,54.12352576585009,-1.1688456243860612
2017-09-19,37.04010772705078,30.265562554914496,82.56881005248634,10751.715537632486,103.69047949369549,54.12352576585009,-1.1688456243860612
2017-09-20,36.41940689086914,30.276882729164114,82.56881005248634,10751.715537632486,103.69047949369549,54.12352576585009,-1.1688456243860612
2017-09-21,35.79402542114258,30.281539782130118,82.56881005248634,10751.715537632486,103.69047949369549,54.12352576585009,-1.1688456243860612
2017-09-22,35.44400405883789,30.274975799484434,82.56881005248634,10751.715537632486,103.69047949369549,54.12352576585009,-1.1688456243860612
2017-09-25,35.13128662109375,30.295687000600648,82.56881005248634,10751.715537632486,103.69047949369549,54.12352576585009,-1.1688456243860612
2017-09-26,35.73567581176758,30.288493034529843,82.56881005248634,10751.715537632486,103.69047949369549,54.12352576585009,-1.1688456243860612
2017-09-27,35.990028381347656,30.29444925825982,82.56881005248634,10751.715537632486,103.69047949369549,54.12352576585009,-1.1688456243860612
2017-09-28,35.76834487915039,30.294647488515555,82.56881005248634,10751.715537632486,103.69047949369549,54.12352576585009,-1.1688456243860612
2017-09-29,35.964359283447266,30.284671102404594,82.56881005248634,10751.715537632486,103.69047949369549,54.12352576585009,-1.1688456243860612
2017-10-02,35.892024993896484,30.302419830990996,82.56881005248634,10751.715537632486,103.69047949369549,54.12352576585009,-1.1688456243860612
2017-10-03,36.0483627319336,30.296833976580757,82.56881005248634,10751.715537632486,103.69047949369549,54.12352576585009,-1.1688456243860612
2017-10-04,35.81501770019531,30.305693723734827,82.56881005248634,10751.715537632486,103.69047949369549,54.12352576585009,-1.1688456243860612
2017-10-05,36.26071548461914,30.310035362622266,82.56881005248634,10751.715537632486,103.69047949369549,54.12352576585009,-1.1688456243860612
2017-10-06,36.23971176147461,30.305351645323654,82.56881005248634,10751.715537632486,103.69047949369549,54.12352576585009,-1.1688456243860612
2017-10-09,36.36572265625,30.344491292547787,82.56881005248634,10751.715537632486,103.69047949369549,54.12352576585009,-1.1688456243860612
2017-10-10,36.37972640991211,30.347279075322437,82.56881005248634,10751.715537632486,103.69047949369549,54.12352576585009,-1.1688456243860612
2017-10-11,36.53141784667969,30.36478670312461,82.56881005248634,10751.715537632486,103.69047949369549,54.12352576585009,-1.1688456243860612
2017-10-12,36.40306854248047,30.37782350851938,82.56881005248634,10751.715537632486,103.69047949369549,54.12352576585009,-1.1688456243860612
2017-10-13,36.63409423828125,30.381651547178468,82.56881005248634,10751.715537632486,103.69047949369549,54.12352576585009,-1.1688456243860612
2017-10-16,37.3084716796875,30.442997849703595,82.56881005248634,10751.715537632486,103.69047949369549,54.12352576585009,-1.1688456243860612
2017-10-17,37.44613265991211,30.451405727519568,82.56881005248634,10751.715537632486,103.69047949369549,54.12352576585009,-1.1688456243860612
2017-10-18,37.28046798706055,30.473361448312524,82.56881005248634,10751.715537632486,103.69047949369549,54.12352576585009,-1.1688456243860612
2017-10-19,36.39840316772461,30.489549566050524,82.56881005248634,10751.715537632486,103.69047949369549,54.12352576585009,-1.1688456243860612
2017-10-20,36.46139907836914,30.495142168730876,82.56881005248634,10751.715537632486,103.69047949369549,54.12352576585009,-1.1688456243860612
2017-10-23,36.4427375793457,30.553135126154825,82.56881005248634,10751.715537632486,103.69047949369549,54.12352576585009,-1.1688456243860612
2017-10-24,36.65976333618164,30.55763200823881,82.56881005248634,10751.715537632486,103.69047949369549,54.12352576585009,-1.1688456243860612
2017-10-25,36.49873733520508,30.574421924251197,82.56881005248634,10751.715537632486,103.69047949369549,54.12352576585009,-1.1688456243860612
2017-10-26,36.73208236694336,30.584328678967836,82.56881005248634,10751.715537632486,103.69047949369549,54.12352576585009,-1.1688456243860612
2017-10-27,38.0482063293457,30.58269498543107,82.56881005248634,10751.715537632486,103.69047949369549,54.12352576585009,-1.1688456243860612
2017-10-30,38.90460205078125,30.61541350049663,82.56881005248634,10751.715537632486,103.69047949369549,54.12352576585009,-1.1688456243860612
2017-10-31,39.44597625732422,30.611060209091438,82.56881005248634,10751.715537632486,103.69047949369549,54.12352576585009,-1.1688456243860612
2017-11-01,38.94428634643555,30.619192090727807,82.56881005248634,10751.715537632486,103.69047949369549,54.12352576585009,-1.1688456243860612
2017-11-02,39.22897720336914,30.620872481439797,82.56881005248634,10751.715537632486,103.69047949369549,54.12352576585009,-1.1688456243860612
2017-11-03,40.25339126586914,30.611671844165038,82.56881005248634,10751.715537632486,103.69047949369549,54.12352576585009,-1.1688456243860612
2017-11-06,40.66176223754883,30.62761427024712,82.56881005248634,10751.715537632486,103.69047949369549,54.12352576585009,-1.1688456243860612
2017-11-07,40.79242706298828,30.620158149111777,82.56881005248634,10751.715537632486,103.69047949369549,54.12352576585009,-1.1688456243860612
2017-11-08,41.126121520996094,30.62660240361919,82.56881005248634,10751.715537632486,103.69047949369549,54.12352576585009,-1.1688456243860612
2017-11-09,41.042118072509766,30.62805411312216,82.56881005248634,10751.715537632486,103.69047949369549,54.12352576585009,-1.1688456243860612
2017-11-10,40.90629577636719,30.620085972581638,82.56881005248634,10751.715537632486,103.69047949369549,54.12352576585009,-1.1688456243860612
2017-11-13,40.74235534667969,30.64789699794265,82.56881005248634,10751.715537632486,103.69047949369549,54.12352576585009,-1.1688456243860612
2017-11-14,40.126426696777344,30.646728414726756,82.56881005248634,10751.715537632486,103.69047949369549,54.12352576585009,-1.1688456243860612
2017-11-15,39.5971565246582,30.66034419141084,82.56881005248634,10751.715537632486,103.69047949369549,54.12352576585009,-1.1688456243860612
2017-11-16,40.07022857666016,30.669640684031915,82.56881005248634,10751.715537632486,103.69047949369549,54.12352576585009,-1.1688456243860612
2017-11-17,39.847747802734375,30.66995999904406,82.56881005248634,10751.715537632486,103.69047949369549,54.12352576585009,-1.1688456243860612
2017-11-20,39.80794525146485,30.722824930927146,82.56881005248634,10751.715537632486,103.69047949369549,54.12352576585009,-1.1688456243860612
2017-11-21,40.54798126220703,30.72924624175826,82.56881005248634,10751.715537632486,103.69047949369549,54.12352576585009,-1.1688456243860612
2017-11-22,40.97421646118164,30.74968138444963,82.56881005248634,10751.715537632486,103.69047949369549,54.12352576585009,-1.1688456243860612
2017-11-24,40.97655487060547,30.769827211292267,82.56881005248634,10751.715537632486,103.69047949369549,54.12352576585009,-1.1688456243860612
2017-11-27,40.770450592041016,30.828538964501185,82.56881005248634,10751.715537632486,103.69047949369549,54.12352576585009,-1.1688456243860612
2017-11-28,40.53157806396485,30.833937765782572,82.56881005248634,10751.715537632486,103.69047949369549,54.12352576585009,-1.1688456243860612
2017-11-29,39.69084548950195,30.851852312504505,82.56881005248634,10751.715537632486,103.69047949369549,54.12352576585009,-1.1688456243860612
2017-11-30,40.245872497558594,30.86302900671135,82.56881005248634,10751.715537632486,103.69047949369549,54.12352576585009,-1.1688456243860612
2017-12-01,40.05852890014648,30.86272784042116,82.56881005248634,10751.715537632486,103.69047949369549,54.12352576585009,-1.1688456243860612
2017-12-04,39.76577377319336,30.898960685882795,82.56881005248634,10751.715537632486,103.69047949369549,54.12352576585009,-1.1688456243860612
2017-12-05,39.728302001953125,30.89533737919566,82.56881005248634,10751.715537632486,103.69047949369549,54.12352576585009,-1.1688456243860612
2017-12-06,39.58076477050781,30.90384926443274,82.56881005248634,10751.715537632486,103.69047949369549,54.12352576585009,-1.1688456243860612
2017-12-07,39.65336608886719,30.90549313698642,82.56881005248634,10751.715537632486,103.69047949369549,54.12352576585009,-1.1688456243860612
2017-12-08,39.66506576538086,30.895782856610367,82.56881005248634,10751.715537632486,103.69047949369549,54.12352576585009,-1.1688456243860612
2017-12-11,40.43790054321289,30.9069699937419,82.56881005248634,10751.715537632486,103.69047949369549,54.12352576585009,-1.1688456243860612
2017-12-12,40.210750579833984,30.896790271426223,82.56881005248634,10751.715537632486,103.69047949369549,54.12352576585009,-1.1688456243860612
2017-12-13,40.34423065185547,30.8999448633895,82.56881005248634,10751.715537632486,103.69047949369549,54.12352576585009,-1.1688456243860612
2017-12-14,40.33252716064453,30.897563518960645,82.56881005248634,10751.715537632486,103.69047949369549,54.12352576585009,-1.1688456243860612
2017-12-15,40.74235534667969,30.885254687989324,82.56881005248634,10751.715537632486,103.69047949369549,54.12352576585009,-1.1688456243860612
2017-12-18,41.31613159179688,30.89752814837178,82.56881005248634,10751.715537632486,103.69047949369549,54.12352576585009,-1.1688456243860612
2017-12-19,40.87584686279297,30.89056561977292,82.56881005248634,10751.715537632486,103.69047949369549,54.12352576585009,-1.1688456243860612
2017-12-20,40.83135223388672,30.89820898081938,82.56881005248634,10751.715537632486,103.69047949369549,54.12352576585009,-1.1688456243860612
2017-12-21,40.98591995239258,30.901437798156035,82.56881005248634,10751.715537632486,103.69047949369549,54.12352576585009,-1.1688456243860612
2017-12-22,40.98591995239258,30.89567820846372,82.56881005248634,10751.715537632486,103.69047949369549,54.12352576585009,-1.1688456243860612
2017-12-26,39.946102142333984,30.932122929463343,82.56881005248634,10751.715537632486,103.69047949369549,54.12352576585009,-1.1688456243860612
2017-12-27,39.953121185302734,30.94756090481869,82.56881005248634,10751.715537632486,103.69047949369549,54.12352576585009,-1.1688456243860612
2017-12-28,40.0655403137207,30.958095694363635,82.56881005248634,10751.715537632486,103.69047949369549,54.12352576585009,-1.1688456243860612
2017-12-29,39.63227462768555,30.958925152313736,82.56881005248634,10751.715537632486,103.69047949369549,54.12352576585009,-1.1688456243860612
2018-01-02,40.341888427734375,31.010863208720494,82.56881005248634,10751.715537632486,103.69047949369549,54.12352576585009,-1.1688456243860612
2018-01-03,40.33486557006836,31.02682671132868,82.56881005248634,10751.715537632486,103.69047949369549,54.12352576585009,-1.1688456243860612
2018-01-04,40.52221298217773,31.03643282865278,82.56881005248634,10751.715537632486,103.69047949369549,54.12352576585009,-1.1688456243860612
2018-01-05,40.98357391357422,31.03489667008632,82.56881005248634,10751.715537632486,103.69047949369549,54.12352576585009,-1.1688456243860612
2018-01-08,40.83135223388672,31.068894986539526,82.56881005248634,10751.715537632486,103.69047949369549,54.12352576585009,-1.1688456243860612
2018-01-09,40.82666015625,31.064818599376007,82.56881005248634,10751.715537632486,103.69047949369549,54.12352576585009,-1.1688456243860612
2018-01-10,40.81729507446289,31.07292293650881,82.56881005248634,10751.715537632486,103.69047949369549,54.12352576585009,-1.1688456243860612
2018-01-11,41.04915237426758,31.074148485456487,82.56881005248634,10751.715537632486,103.69047949369549,54.12352576585009,-1.1688456243860612
2018-01-12,41.473026275634766,31.0639583606403,82.56881005248634,10751.715537632486,103.69047949369549,54.12352576585009,-1.1688456243860612
2018-01-16,41.26226425170898,31.061713050431532,82.56881005248634,10751.715537632486,103.69047949369549,54.12352576585009,-1.1688456243860612
2018-01-17,41.94376754760742,31.063635994294028,82.56881005248634,10751.715537632486,103.69047949369549,54.12352576585009,-1.1688456243860612
2018-01-18,41.98122787475586,31.05986476609472,82.56881005248634,10751.715537632486,103.69047949369549,54.12352576585009,-1.1688456243860612
2018-01-19,41.793888092041016,31.046035202397235,82.56881005248634,10751.715537632486,103.69047949369549,54.12352576585009,-1.1688456243860612
2018-01-22,41.451961517333984,31.05342250086889,82.56881005248634,10751.715537632486,103.69047949369549,54.12352576585009,-1.1688456243860612
2018-01-23,41.46131896972656,31.044932563039072,82.56881005248634,10751.715537632486,103.69047949369549,54.12352576585009,-1.1688456243860612
2018-01-24,40.8009033203125,31.051226572440513,82.56881005248634,10751.715537632486,103.69047949369549,54.12352576585009,-1.1688456243860612
2018-01-25,40.07257080078125,31.05337031586527,82.56881005248634,10751.715537632486,103.69047949369549,54.12352576585009,-1.1688456243860612
2018-01-26,40.16624450683594,31.046879635469068,82.56881005248634,10751.715537632486,103.69047949369549,54.12352576585009,-1.1688456243860612
2018-01-29,39.33486175537109,31.08307574948382,82.56881005248634,10751.715537632486,103.69047949369549,54.12352576585009,-1.1688456243860612
2018-01-30,39.10301971435547,31.08571979998001,82.56881005248634,10751.715537632486,103.69047949369549,54.12352576585009,-1.1688456243860612
2018-01-31,39.210731506347656,31.103493315802762,82.56881005248634,10751.715537632486,103.69047949369549,54.12352576585009,-1.1688456243860612
2018-02-01,39.29270553588867,31.117192331596655,82.56881005248634,10751.715537632486,103.69047949369549,54.12352576585009,-1.1688456243860612
2018-02-02,37.58779144287109,31.122061335570717,82.56881005248634,10751.715537632486,103.69047949369549,54.12352576585009,-1.1688456243860612
2018-02-05,36.64867782592773,31.188579897137426,82.56881005248634,10751.715537632486,103.69047949369549,54.12352576585009,-1.1688456243860612
2018-02-06,38.1802978515625,31.19931042627566,82.56881005248634,10751.715537632486,103.69047949369549,54.12352576585009,-1.1688456243860612
2018-02-07,37.362979888916016,31.223843449506813,82.56881005248634,10751.715537632486,103.69047949369549,54.12352576585009,-1.1688456243860612
2018-02-08,36.33486175537109,31.242836813583363,82.56881005248634,10751.715537632486,103.69047949369549,54.12352576585009,-1.1688456243860612
2018-02-09,36.779296875,31.251436780987465,82.56881005248634,10751.715537632486,103.69047949369549,54.12352576585009,-1.1688456243860612
2018-02-12,38.260719299316406,31.31942828303055,82.56881005248634,10751.715537632486,103.69047949369549,54.12352576585009,-1.1688456243860612
2018-02-13,38.64400863647461,31.327513888672936,82.56881005248634,10751.715537632486,103.69047949369549,54.12352576585009,-1.1688456243860612
2018-02-14,39.35650634765625,31.347990586401554,82.56881005248634,10751.715537632486,103.69047949369549,54.12352576585009,-1.1688456243860612
2018-02-15,40.67802047729492,31.361667108719505,82.56881005248634,10751.715537632486,103.69047949369549,54.12352576585009,-1.1688456243860612
2018-02-16,40.54633331298828,31.363872755153697,82.56881005248634,10751.715537632486,103.69047949369549,54.12352576585009,-1.1688456243860612
2018-02-20,40.40996170043945,31.408064303773177,82.56881005248634,10751.715537632486,103.69047949369549,54.12352576585009,-1.1688456243860612
2018-02-21,40.2265510559082,31.420218940958822,82.56881005248634,10751.715537632486,103.69047949369549,54.12352576585009,-1.1688456243860612
2018-02-22,40.56280899047852,31.42592850004227,82.56881005248634,10751.715537632486,103.69047949369549,54.12352576585009,-1.1688456243860612
2018-02-23,41.26824188232422,31.42075280245784,82.56881005248634,10751.715537632486,103.69047949369549,54.12352576585009,-1.1688456243860612
2018-02-26,42.08420944213867,31.44862804828339,82.56881005248634,10751.715537632486,103.69047949369549,54.12352576585009,-1.1688456243860612
2018-02-27,41.94781112670898,31.44505989354383,82.56881005248634,10751.715537632486,103.69047949369549,54.12352576585009,-1.1688456243860612
2018-02-28,41.88432312011719,31.45532487481973,82.56881005248634,10751.715537632486,103.69047949369549,54.12352576585009,-1.1688456243860612
2018-03-01,41.150672912597656,31.46051640441392,82.56881005248634,10751.715537632486,103.69047949369549,54.12352576585009,-1.1688456243860612
2018-03-02,41.43519973754883,31.45619389583418,82.56881005248634,10751.715537632486,103.69047949369549,54.12352576585009,-1.1688456243860612
2018-03-05,41.578643798828125,31.494259963504604,82.56881005248634,10751.715537632486,103.69047949369549,54.12352576585009,-1.1688456243860612
2018-03-06,41.54337310791016,31.496252681977506,82.56881005248634,10751.715537632486,103.69047949369549,54.12352576585009,-1.1688456243860612
2018-03-07,41.1577262878418,31.51289285554394,82.56881005248634,10751.715537632486,103.69047949369549,54.12352576585009,-1.1688456243860612
2018-03-08,41.60686111450195,31.52507679366163,82.56881005248634,10751.715537632486,103.69047949369549,54.12352576585009,-1.1688456243860612
2018-03-09,42.32170486450195,31.528150490058387,82.56881005248634,10751.715537632486,103.69047949369549,54.12352576585009,-1.1688456243860612
2018-03-12,42.73085021972656,31.588583839280457,82.56881005248634,10751.715537632486,103.69047949369549,54.12352576585009,-1.1688456243860612
2018-03-13,42.31935119628906,31.597353243167678,82.56881005248634,10751.715537632486,103.69047949369549,54.12352576585009,-1.1688456243860612
2018-03-14,41.95957565307617,31.620088371652102,82.56881005248634,10751.715537632486,103.69047949369549,54.12352576585009,-1.1688456243860612
2018-03-15,42.00895690917969,31.63750891338677,82.56881005248634,10751.715537632486,103.69047949369549,54.12352576585009,-1.1688456243860612
2018-03-16,41.86080932617188,31.64481055605197,82.56881005248634,10751.715537632486,103.69047949369549,54.12352576585009,-1.1688456243860612
2018-03-19,41.2212142944336,31.710846845040532,82.56881005248634,10751.715537632486,103.69047949369549,54.12352576585009,-1.1688456243860612
2018-03-20,41.20711898803711,31.718955991124066,82.56881005248634,10751.715537632486,103.69047949369549,54.12352576585009,-1.1688456243860612
2018-03-21,40.273582458496094,31.73977453997181,82.56881005248634,10751.715537632486,103.69047949369549,54.12352576585009,-1.1688456243860612
2018-03-22,39.70450973510742,31.75408082455335,82.56881005248634,10751.715537632486,103.69047949369549,54.12352576585009,-1.1688456243860612
2018-03-23,38.78509140014648,31.757162708215965,82.56881005248634,10751.715537632486,103.69047949369549,54.12352576585009,-1.1688456243860612
2018-03-26,40.62629699707031,31.805260074056775,82.56881005248634,10751.715537632486,103.69047949369549,54.12352576585009,-1.1688456243860612
2018-03-27,39.584590911865234,31.806193475135025,82.56881005248634,10751.715537632486,103.69047949369549,54.12352576585009,-1.1688456243860612
2018-03-28,39.147216796875,31.81955796941926,82.56881005248634,10751.715537632486,103.69047949369549,54.12352576585009,-1.1688456243860612
2018-03-29,39.45290756225586,31.826334225426216,82.56881005248634,10751.715537632486,103.69047949369549,54.12352576585009,-1.1688456243860612
2018-04-02,39.19425582885742,31.850504644436118,82.56881005248634,10751.715537632486,103.69047949369549,54.12352576585009,-1.1688456243860612
2018-04-03,39.59634399414063,31.846308682132673,82.56881005248634,10751.715537632486,103.69047949369549,54.12352576585009,-1.1688456243860612
2018-04-04,40.35353469848633,31.85545448619296,82.56881005248634,10751.715537632486,103.69047949369549,54.12352576585009,-1.1688456243860612
2018-04-05,40.63334655761719,31.859004498647586,82.56881005248634,10751.715537632486,103.69047949369549,54.12352576585009,-1.1688456243860612
2018-04-06,39.59399032592773,31.852497124961605,82.56881005248634,10751.715537632486,103.69047949369549,54.12352576585009,-1.1688456243860612
2018-04-09,39.98669052124024,31.88069143493084,82.56881005248634,10751.715537632486,103.69047949369549,54.12352576585009,-1.1688456243860612
2018-04-10,40.739166259765625,31.87831865240661,82.56881005248634,10751.715537632486,103.69047949369549,54.12352576585009,-1.1688456243860612
2018-04-11,40.54869842529297,31.89009451920471,82.56881005248634,10751.715537632486,103.69047949369549,54.12352576585009,-1.1688456243860612
2018-04-12,40.94844055175781,31.896950923601583,82.56881005248634,10751.715537632486,103.69047949369549,54.12352576585009,-1.1688456243860612
2018-04-13,41.08717346191406,31.89427635301239,82.56881005248634,10751.715537632486,103.69047949369549,54.12352576585009,-1.1688456243860612
2018-04-16,41.34347915649414,31.93544524779207,82.56881005248634,10751.715537632486,103.69047949369549,54.12352576585009,-1.1688456243860612
2018-04-17,41.91254425048828,31.937306371123263,82.56881005248634,10751.715537632486,103.69047949369549,54.12352576585009,-1.1688456243860612
2018-04-18,41.81848907470703,31.952987895845826,82.56881005248634,10751.715537632486,103.69047949369549,54.12352576585009,-1.1688456243860612
2018-04-19,40.63334655761719,31.96326885922398,82.56881005248634,10751.715537632486,103.69047949369549,54.12352576585009,-1.1688456243860612
2018-04-20,38.968505859375,31.963403177232415,82.56881005248634,10751.715537632486,103.69047949369549,54.12352576585009,-1.1688456243860612
2018-04-23,38.85564041137695,32.00831886061733,82.56881005248634,10751.715537632486,103.69047949369549,54.12352576585009,-1.1688456243860612
2018-04-24,38.314788818359375,32.00968155107496,82.56881005248634,10751.715537632486,103.69047949369549,54.12352576585009,-1.1688456243860612
2018-04-25,38.48175430297852,32.02397430587531,82.56881005248634,10751.715537632486,103.69047949369549,54.12352576585009,-1.1688456243860612
2018-04-26,38.61578750610352,32.03201353993212,82.56881005248634,10751.715537632486,103.69047949369549,54.12352576585009,-1.1688456243860612
2018-04-27,38.16901779174805,32.029121029867675,82.56881005248634,10751.715537632486,103.69047949369549,54.12352576585009,-1.1688456243860612
2018-04-30,38.86034393310547,32.06133154652801,82.56881005248634,10751.715537632486,103.69047949369549,54.12352576585009,-1.1688456243860612
2018-05-01,39.7633056640625,32.05772412981098,82.56881005248634,10751.715537632486,103.69047949369549,54.12352576585009,-1.1688456243860612
2018-05-02,41.51985168457031,32.0669558524526,82.56881005248634,10751.715537632486,103.69047949369549,54.12352576585009,-1.1688456243860612
2018-05-03,41.5950927734375,32.070022243870646,82.56881005248634,10751.715537632486,103.69047949369549,54.12352576585009,-1.1688456243860612
2018-05-04,43.22702026367188,32.06242510256841,82.56881005248634,10751.715537632486,103.69047949369549,54.12352576585009,-1.1688456243860612
2018-05-07,43.53975296020508,32.08382452171633,82.56881005248634,10751.715537632486,103.69047949369549,54.12352576585009,-1.1688456243860612
2018-05-08,43.7490348815918,32.078205101708654,82.56881005248634,10751.715537632486,103.69047949369549,54.12352576585009,-1.1688456243860612
2018-05-09,44.057090759277344,32.08641204457083,82.56881005248634,10751.715537632486,103.69047949369549,54.12352576585009,-1.1688456243860612
2018-05-10,44.68727111816406,32.089514738751774,82.56881005248634,10751.715537632486,103.69047949369549,54.12352576585009,-1.1688456243860612
2018-05-11,44.5173225402832,32.08305727630927,82.56881005248634,10751.715537632486,103.69047949369549,54.12352576585009,-1.1688456243860612
2018-05-14,44.41344833374024,32.11441403260796,82.56881005248634,10751.715537632486,103.69047949369549,54.12352576585009,-1.1688456243860612
2018-05-15,44.009796142578125,32.11409648869047,82.56881005248634,10751.715537632486,103.69047949369549,54.12352576585009,-1.1688456243860612
2018-05-16,44.4205207824707,32.12841790910778,82.56881005248634,10751.715537632486,103.69047949369549,54.12352576585009,-1.1688456243860612
2018-05-17,44.1396369934082,32.13829743223043,82.56881005248634,10751.715537632486,103.69047949369549,54.12352576585009,-1.1688456243860612
2018-05-18,43.97911071777344,32.13910544158733,82.56881005248634,10751.715537632486,103.69047949369549,54.12352576585009,-1.1688456243860612
2018-05-21,44.29069900512695,32.19320498871925,82.56881005248634,10751.715537632486,103.69047949369549,54.12352576585009,-1.1688456243860612
2018-05-22,44.17977142333984,32.20007847816796,82.56881005248634,10751.715537632486,103.69047949369549,54.12352576585009,-1.1688456243860612
2018-05-23,44.46303176879883,32.22104258940441,82.56881005248634,10751.715537632486,103.69047949369549,54.12352576585009,-1.1688456243860612
2018-05-24,44.41344833374024,32.236816843021394,82.56881005248634,10751.715537632486,103.69047949369549,54.12352576585009,-1.1688456243860612
2018-05-25,44.51496124267578,32.242588568747635,82.56881005248634,10751.715537632486,103.69047949369549,54.12352576585009,-1.1688456243860612
2018-05-29,44.35443878173828,32.31131104057381,82.56881005248634,10751.715537632486,103.69047949369549,54.12352576585009,-1.1688456243860612
2018-05-30,44.2600212097168,32.33076064222522,82.56881005248634,10751.715537632486,103.69047949369549,54.12352576585009,-1.1688456243860612
2018-05-31,44.111305236816406,32.343594236023705,82.56881005248634,10751.715537632486,103.69047949369549,54.12352576585009,-1.1688456243860612
2018-06-01,44.90680313110352,32.34504245611283,82.56881005248634,10751.715537632486,103.69047949369549,54.12352576585009,-1.1688456243860612
2018-06-04,45.28213119506836,32.38668682058967,82.56881005248634,10751.715537632486,103.69047949369549,54.12352576585009,-1.1688456243860612
2018-06-05,45.63148498535156,32.38476679617983,82.56881005248634,10751.715537632486,103.69047949369549,54.12352576585009,-1.1688456243860612
2018-06-06,45.78963851928711,32.39484698841434,82.56881005248634,10751.715537632486,103.69047949369549,54.12352576585009,-1.1688456243860612
2018-06-07,45.66690444946289,32.397872530479155,82.56881005248634,10751.715537632486,103.69047949369549,54.12352576585009,-1.1688456243860612
2018-06-08,45.25144577026367,32.3893075522365,82.56881005248634,10751.715537632486,103.69047949369549,54.12352576585009,-1.1688456243860612
2018-06-11,45.14049530029297,32.40208210723255,82.56881005248634,10751.715537632486,103.69047949369549,54.12352576585009,-1.1688456243860612
2018-06-12,45.38835906982422,32.39170633479169,82.56881005248634,10751.715537632486,103.69047949369549,54.12352576585009,-1.1688456243860612
2018-06-13,45.01538848876953,32.3942703852018,82.56881005248634,10751.715537632486,103.69047949369549,54.12352576585009,-1.1688456243860612
2018-06-14,45.03899765014648,32.39090114706381,82.56881005248634,10751.715537632486,103.69047949369549,54.12352576585009,-1.1688456243860612
2018-06-15,44.57632064819336,32.37721640292348,82.56881005248634,10751.715537632486,103.69047949369549,54.12352576585009,-1.1688456243860612
2018-06-18,44.552730560302734,32.38331986107854,82.56881005248634,10751.715537632486,103.69047949369549,54.12352576585009,-1.1688456243860612
2018-06-19,43.8327522277832,32.37377945859726,82.56881005248634,10751.715537632486,103.69047949369549,54.12352576585009,-1.1688456243860612
2018-06-20,44.02396011352539,32.37869467611862,82.56881005248634,10751.715537632486,103.69047949369549,54.12352576585009,-1.1688456243860612
2018-06-21,43.77846908569336,32.37912771131996,82.56881005248634,10751.715537632486,103.69047949369549,54.12352576585009,-1.1688456243860612
2018-06-22,43.65099334716797,32.37059640670464,82.56881005248634,10751.715537632486,103.69047949369549,54.12352576585009,-1.1688456243860612
2018-06-25,43.00185394287109,32.39880769649331,82.56881005248634,10751.715537632486,103.69047949369549,54.12352576585009,-1.1688456243860612
2018-06-26,43.53532791137695,32.39824280289215,82.56881005248634,10751.715537632486,103.69047949369549,54.12352576585009,-1.1688456243860612
2018-06-27,43.47160339355469,32.4125883169149,82.56881005248634,10751.715537632486,103.69047949369549,54.12352576585009,-1.1688456243860612
2018-06-28,43.78791046142578,32.42268334359828,82.56881005248634,10751.715537632486,103.69047949369549,54.12352576585009,-1.1688456243860612
2018-06-29,43.69585800170898,32.42382165373246,82.56881005248634,10751.715537632486,103.69047949369549,54.12352576585009,-1.1688456243860612
2018-07-02,44.18448638916016,32.478956566181544,82.56881005248634,10751.715537632486,103.69047949369549,54.12352576585009,-1.1688456243860612
2018-07-03,43.41495513916016,32.4860359474458,82.56881005248634,10751.715537632486,103.69047949369549,54.12352576585009,-1.1688456243860612
2018-07-05,43.76431274414063,32.52286322678978,82.56881005248634,10751.715537632486,103.69047949369549,54.12352576585009,-1.1688456243860612
2018-07-06,44.37095642089844,32.52854126342733,82.56881005248634,10751.715537632486,103.69047949369549,54.12352576585009,-1.1688456243860612
2018-07-09,44.98705673217773,32.590147332765795,82.56881005248634,10751.715537632486,103.69047949369549,54.12352576585009,-1.1688456243860612
2018-07-10,44.93276977539063,32.59704566581029,82.56881005248634,10751.715537632486,103.69047949369549,54.12352576585009,-1.1688456243860612
2018-07-11,44.34972381591797,32.61685757722903,82.56881005248634,10751.715537632486,103.69047949369549,54.12352576585009,-1.1688456243860612
2018-07-12,45.09328842163086,32.6304073032507,82.56881005248634,10751.715537632486,103.69047949369549,54.12352576585009,-1.1688456243860612
2018-07-13,45.16411590576172,32.63302800064639,82.56881005248634,10751.715537632486,103.69047949369549,54.12352576585009,-1.1688456243860612
2018-07-16,45.06496047973633,32.681917337224874,82.56881005248634,10751.715537632486,103.69047949369549,54.12352576585009,-1.1688456243860612
2018-07-17,45.19244003295898,32.68394536297952,82.56881005248634,10751.715537632486,103.69047949369549,54.12352576585009,-1.1688456243860612
2018-07-18,44.944580078125,32.69885272257019,82.56881005248634,10751.715537632486,103.69047949369549,54.12352576585009,-1.1688456243860612
2018-07-19,45.29392623901367,32.70762548988125,82.56881005248634,10751.715537632486,103.69047949369549,54.12352576585009,-1.1688456243860612
2018-07-20,45.19007873535156,32.705747154952746,82.56881005248634,10751.715537632486,103.69047949369549,54.12352576585009,-1.1688456243860612
2018-07-23,45.23019027709961,32.744051227161634,82.56881005248634,10751.715537632486,103.69047949369549,54.12352576585009,-1.1688456243860612
2018-07-24,45.55830764770508,32.74382696548606,82.56881005248634,10751.715537632486,103.69047949369549,54.12352576585009,-1.1688456243860612
2018-07-25,45.98793411254883,32.757210317991,82.56881005248634,10751.715537632486,103.69047949369549,54.12352576585009,-1.1688456243860612
2018-07-26,45.84394454956055,32.76520151867271,82.56881005248634,10751.715537632486,103.69047949369549,54.12352576585009,-1.1688456243860612
2018-07-27,45.08147811889648,32.76327155694751,82.56881005248634,10751.715537632486,103.69047949369549,54.12352576585009,-1.1688456243860612
2018-07-30,44.82891082763672,32.80530469594013,82.56881005248634,10751.715537632486,103.69047949369549,54.12352576585009,-1.1688456243860612
2018-07-31,44.91860961914063,32.8073461445085,82.56881005248634,10751.715537632486,103.69047949369549,54.12352576585009,-1.1688456243860612
2018-08-01,47.56476211547852,32.82332864255509,82.56881005248634,10751.715537632486,103.69047949369549,54.12352576585009,-1.1688456243860612
2018-08-02,48.95512390136719,32.83412879566284,82.56881005248634,10751.715537632486,103.69047949369549,54.12352576585009,-1.1688456243860612
2018-08-03,49.09675598144531,32.83508885339092,82.56881005248634,10751.715537632486,103.69047949369549,54.12352576585009,-1.1688456243860612
2018-08-06,49.35169219970703,32.885010409322476,82.56881005248634,10751.715537632486,103.69047949369549,54.12352576585009,-1.1688456243860612
2018-08-07,48.88902282714844,32.889035427861245,82.56881005248634,10751.715537632486,103.69047949369549,54.12352576585009,-1.1688456243860612
2018-08-08,48.92207717895508,32.906518551201934,82.56881005248634,10751.715537632486,103.69047949369549,54.12352576585009,-1.1688456243860612
2018-08-09,49.30685043334961,32.9182671003184,82.56881005248634,10751.715537632486,103.69047949369549,54.12352576585009,-1.1688456243860612
2018-08-10,49.15997695922852,32.919575445563574,82.56881005248634,10751.715537632486,103.69047949369549,54.12352576585009,-1.1688456243860612
2018-08-13,49.47739410400391,32.96681182064416,82.56881005248634,10751.715537632486,103.69047949369549,54.12352576585009,-1.1688456243860612
2018-08-14,49.685848236083984,32.968773727447164,82.56881005248634,10751.715537632486,103.69047949369549,54.12352576585009,-1.1688456243860612
2018-08-15,49.80193328857422,32.98370378410474,82.56881005248634,10751.715537632486,103.69047949369549,54.12352576585009,-1.1688456243860612
2018-08-16,50.53152084350586,32.99249576772762,82.56881005248634,10751.715537632486,103.69047949369549,54.12352576585009,-1.1688456243860612
2018-08-17,51.54063415527344,32.99054664997099,82.56881005248634,10751.715537632486,103.69047949369549,54.12352576585009,-1.1688456243860612
2018-08-20,51.03844451904297,33.027396048486445,82.56881005248634,10751.715537632486,103.69047949369549,54.12352576585009,-1.1688456243860612
2018-08-21,50.938961029052734,33.02611337907794,82.56881005248634,10751.715537632486,103.69047949369549,54.12352576585009,-1.1688456243860612
2018-08-22,50.94132232666016,33.03811635128933,82.56881005248634,10751.715537632486,103.69047949369549,54.12352576585009,-1.1688456243860612
2018-08-23,51.0455436706543,33.04441296173745,82.56881005248634,10751.715537632486,103.69047949369549,54.12352576585009,-1.1688456243860612
2018-08-24,51.20426559448242,33.04050121324261,82.56881005248634,10751.715537632486,103.69047949369549,54.12352576585009,-1.1688456243860612
2018-08-27,51.62591171264648,33.07539723221918,82.56881005248634,10751.715537632486,103.69047949369549,54.12352576585009,-1.1688456243860612
2018-08-28,52.04283142089844,33.07491085787869,82.56881005248634,10751.715537632486,103.69047949369549,54.12352576585009,-1.1688456243860612
2018-08-29,52.81980514526367,33.0884403581562,82.56881005248634,10751.715537632486,103.69047949369549,54.12352576585009,-1.1688456243860612
2018-08-30,53.30539321899414,33.09695916130847,82.56881005248634,10751.715537632486,103.69047949369549,54.12352576585009,-1.1688456243860612
2018-08-31,53.921295166015625,33.09590552626062,82.56881005248634,10751.715537632486,103.69047949369549,54.12352576585009,-1.1688456243860612
2018-09-04,54.09421920776367,33.14613439038962,82.56881005248634,10751.715537632486,103.69047949369549,54.12352576585009,-1.1688456243860612
2018-09-05,53.74125671386719,33.1640692618917,82.56881005248634,10751.715537632486,103.69047949369549,54.12352576585009,-1.1688456243860612
2018-09-06,52.84821701049805,33.176875689769844,82.56881005248634,10751.715537632486,103.69047949369549,54.12352576585009,-1.1688456243860612
2018-09-07,52.42182540893555,33.17983589790478,82.56881005248634,10751.715537632486,103.69047949369549,54.12352576585009,-1.1688456243860612
2018-09-10,51.718299865722656,33.2351085613719,82.56881005248634,10751.715537632486,103.69047949369549,54.12352576585009,-1.1688456243860612
2018-09-11,53.02587127685547,33.24049879193352,82.56881005248634,10751.715537632486,103.69047949369549,54.12352576585009,-1.1688456243860612
2018-09-12,52.36735153198242,33.25904128140188,82.56881005248634,10751.715537632486,103.69047949369549,54.12352576585009,-1.1688456243860612
2018-09-13,53.63229751586914,33.27149013300756,82.56881005248634,10751.715537632486,103.69047949369549,54.12352576585009,-1.1688456243860612
2018-09-14,53.02349472045898,33.273091076974445,82.56881005248634,10751.715537632486,103.69047949369549,54.12352576585009,-1.1688456243860612
2018-09-17,51.611698150634766,33.318361965329615,82.56881005248634,10751.715537632486,103.69047949369549,54.12352576585009,-1.1688456243860612
2018-09-18,51.69697570800781,33.31862481542821,82.56881005248634,10751.715537632486,103.69047949369549,54.12352576585009,-1.1688456243860612
2018-09-19,51.72777557373047,33.33130676987925,82.56881005248634,10751.715537632486,103.69047949369549,54.12352576585009,-1.1688456243860612
2018-09-20,52.1209831237793,33.337299343653534,82.56881005248634,10751.715537632486,103.69047949369549,54.12352576585009,-1.1688456243860612
2018-09-21,51.5595817565918,33.332007268067095,82.56881005248634,10751.715537632486,103.69047949369549,54.12352576585009,-1.1688456243860612
2018-09-24,52.30102157592773,33.35579893531942,82.56881005248634,10751.715537632486,103.69047949369549,54.12352576585009,-1.1688456243860612
2018-09-25,52.63266372680664,33.3492828611926,82.56881005248634,10751.715537632486,103.69047949369549,54.12352576585009,-1.1688456243860612
2018-09-26,52.21337127685547,33.355700955570484,82.56881005248634,10751.715537632486,103.69047949369549,54.12352576585009,-1.1688456243860612
2018-09-27,53.28645324707031,33.3561280409026,82.56881005248634,10751.715537632486,103.69047949369549,54.12352576585009,-1.1688456243860612
2018-09-28,53.473575592041016,33.34613667981396,82.56881005248634,10751.715537632486,103.69047949369549,54.12352576585009,-1.1688456243860612
2018-10-01,53.833641052246094,33.36236939136327,82.56881005248634,10751.715537632486,103.69047949369549,54.12352576585009,-1.1688456243860612
2018-10-02,54.312156677246094,33.355819142463474,82.56881005248634,10751.715537632486,103.69047949369549,54.12352576585009,-1.1688456243860612
2018-10-03,54.97304534912109,33.3635170461987,82.56881005248634,10751.715537632486,103.69047949369549,54.12352576585009,-1.1688456243860612
2018-10-04,54.006568908691406,33.36652760581116,82.56881005248634,10751.715537632486,103.69047949369549,54.12352576585009,-1.1688456243860612
2018-10-05,53.13011932373047,33.360376834590056,82.56881005248634,10751.715537632486,103.69047949369549,54.12352576585009,-1.1688456243860612
2018-10-08,53.006935119628906,33.394688540075066,82.56881005248634,10751.715537632486,103.69047949369549,54.12352576585009,-1.1688456243860612
2018-10-09,53.74125671386719,33.395865775693316,82.56881005248634,10751.715537632486,103.69047949369549,54.12352576585009,-1.1688456243860612
2018-10-10,51.25164031982422,33.411834332595866,82.56881005248634,10751.715537632486,103.69047949369549,54.12352576585009,-1.1688456243860612
2018-10-11,50.79919052124024,33.4234452034767,82.56881005248634,10751.715537632486,103.69047949369549,54.12352576585009,-1.1688456243860612
2018-10-12,52.61370086669922,33.42599936836888,82.56881005248634,10751.715537632486,103.69047949369549,54.12352576585009,-1.1688456243860612
2018-10-15,51.488529205322266,33.48476187379721,82.56881005248634,10751.715537632486,103.69047949369549,54.12352576585009,-1.1688456243860612
2018-10-16,52.623172760009766,33.492801827048396,82.56881005248634,10751.715537632486,103.69047949369549,54.12352576585009,-1.1688456243860612
2018-10-17,52.3957633972168,33.5146602468422,82.56881005248634,10751.715537632486,103.69047949369549,54.12352576585009,-1.1688456243860612
2018-10-18,51.171085357666016,33.53102519381397,82.56881005248634,10751.715537632486,103.69047949369549,54.12352576585009,-1.1688456243860612
2018-10-19,51.95043563842773,33.537064715711075,82.56881005248634,10751.715537632486,103.69047949369549,54.12352576585009,-1.1688456243860612
2018-10-22,52.26786804199219,33.59786822767759,82.56881005248634,10751.715537632486,103.69047949369549,54.12352576585009,-1.1688456243860612
2018-10-23,52.76057815551758,33.603707769085396,82.56881005248634,10751.715537632486,103.69047949369549,54.12352576585009,-1.1688456243860612
2018-10-24,50.9507942199707,33.62198660763037,82.56881005248634,10751.715537632486,103.69047949369549,54.12352576585009,-1.1688456243860612
2018-10-25,52.06650924682617,33.63348771227105,82.56881005248634,10751.715537632486,103.69047949369549,54.12352576585009,-1.1688456243860612
2018-10-26,51.237422943115234,33.63350991746742,82.56881005248634,10751.715537632486,103.69047949369549,54.12352576585009,-1.1688456243860612
2018-10-29,50.27568435668945,33.6711070800744,82.56881005248634,10751.715537632486,103.69047949369549,54.12352576585009,-1.1688456243860612
2018-10-30,50.52678298950195,33.66820006449085,82.56881005248634,10751.715537632486,103.69047949369549,54.12352576585009,-1.1688456243860612
2018-10-31,51.84384536743164,33.6776188581976,82.56881005248634,10751.715537632486,103.69047949369549,54.12352576585009,-1.1688456243860612
2018-11-01,52.639766693115234,33.680391125040195,82.56881005248634,10751.715537632486,103.69047949369549,54.12352576585009,-1.1688456243860612
2018-11-02,49.14813232421875,33.67205712304839,82.56881005248634,10751.715537632486,103.69047949369549,54.12352576585009,-1.1688456243860612
2018-11-05,47.75290298461914,33.68904508050353,82.56881005248634,10751.715537632486,103.69047949369549,54.12352576585009,-1.1688456243860612
2018-11-06,48.269309997558594,33.68138868709466,82.56881005248634,10751.715537632486,103.69047949369549,54.12352576585009,-1.1688456243860612
2018-11-07,49.73322296142578,33.68736243660047,82.56881005248634,10751.715537632486,103.69047949369549,54.12352576585009,-1.1688456243860612
2018-11-08,49.559696197509766,33.68808757421294,82.56881005248634,10751.715537632486,103.69047949369549,54.12352576585009,-1.1688456243860612
2018-11-09,48.60411834716797,33.67915831142902,82.56881005248634,10751.715537632486,103.69047949369549,54.12352576585009,-1.1688456243860612
2018-11-12,46.155723571777344,33.70299032997609,82.56881005248634,10751.715537632486,103.69047949369549,54.12352576585009,-1.1688456243860612
2018-11-13,45.694580078125,33.70025996834513,82.56881005248634,10751.715537632486,103.69047949369549,54.12352576585009,-1.1688456243860612
2018-11-14,44.4038200378418,33.71227023689433,82.56881005248634,10751.715537632486,103.69047949369549,54.12352576585009,-1.1688456243860612
2018-11-15,45.49964904785156,33.71996474442227,82.56881005248634,10751.715537632486,103.69047949369549,54.12352576585009,-1.1688456243860612
2018-11-16,46.00358963012695,33.71873289866737,82.56881005248634,10751.715537632486,103.69047949369549,54.12352576585009,-1.1688456243860612
2018-11-19,44.18037414550781,33.767695024831404,82.56881005248634,10751.715537632486,103.69047949369549,54.12352576585009,-1.1688456243860612
2018-11-20,42.06953048706055,33.773196288036125,82.56881005248634,10751.715537632486,103.69047949369549,54.12352576585009,-1.1688456243860612
2018-11-21,42.0219955444336,33.79295426464954,82.56881005248634,10751.715537632486,103.69047949369549,54.12352576585009,-1.1688456243860612
2018-11-23,40.95467376708984,33.81255403438825,82.56881005248634,10751.715537632486,103.69047949369549,54.12352576585009,-1.1688456243860612
2018-11-26,41.50853729248047,33.872563539761366,82.56881005248634,10751.715537632486,103.69047949369549,54.12352576585009,-1.1688456243860612
2018-11-27,41.418216705322266,33.87892931550884,82.56881005248634,10751.715537632486,103.69047949369549,54.12352576585009,-1.1688456243860612
2018-11-28,43.010860443115234,33.89804313076414,82.56881005248634,10751.715537632486,103.69047949369549,54.12352576585009,-1.1688456243860612
2018-11-29,42.68043518066406,33.91062018868365,82.56881005248634,10751.715537632486,103.69047949369549,54.12352576585009,-1.1688456243860612
2018-11-30,42.44985580444336,33.91188359157809,82.56881005248634,10751.715537632486,103.69047949369549,54.12352576585009,-1.1688456243860612
2018-12-03,43.93316650390625,33.95336403514564,82.56881005248634,10751.715537632486,103.69047949369549,54.12352576585009,-1.1688456243860612
2018-12-04,42.00060272216797,33.95151867134518,82.56881005248634,10751.715537632486,103.69047949369549,54.12352576585009,-1.1688456243860612
2018-12-06,41.53231048583984,33.96498990454759,82.56881005248634,10751.715537632486,103.69047949369549,54.12352576585009,-1.1688456243860612
2018-12-07,40.051395416259766,33.956729237567906,82.56881005248634,10751.715537632486,103.69047949369549,54.12352576585009,-1.1688456243860612
2018-12-10,40.31525421142578,33.97099702335933,82.56881005248634,10751.715537632486,103.69047949369549,54.12352576585009,-1.1688456243860612
2018-12-11,40.08466720581055,33.961335510301026,82.56881005248634,10751.715537632486,103.69047949369549,54.12352576585009,-1.1688456243860612
2018-12-12,40.196388244628906,33.96472911452596,82.56881005248634,10751.715537632486,103.69047949369549,54.12352576585009,-1.1688456243860612
2018-12-13,40.63615417480469,33.96230450809458,82.56881005248634,10751.715537632486,103.69047949369549,54.12352576585009,-1.1688456243860612
2018-12-14,39.33589553833008,33.94967518363312,82.56881005248634,10751.715537632486,103.69047949369549,54.12352576585009,-1.1688456243860612
2018-12-17,38.969818115234375,33.95949128870767,82.56881005248634,10751.715537632486,103.69047949369549,54.12352576585009,-1.1688456243860612
2018-12-18,39.47613525390625,33.951302227104456,82.56881005248634,10751.715537632486,103.69047949369549,54.12352576585009,-1.1688456243860612
2018-12-19,38.24481201171875,33.9575758602276,82.56881005248634,10751.715537632486,103.69047949369549,54.12352576585009,-1.1688456243860612
2018-12-20,37.27972412109375,33.959334850031226,82.56881005248634,10751.715537632486,103.69047949369549,54.12352576585009,-1.1688456243860612
2018-12-21,35.82969665527344,33.95205125969597,82.56881005248634,10751.715537632486,103.69047949369549,54.12352576585009,-1.1688456243860612
2018-12-24,34.902645111083984,33.982994658808394,82.56881005248634,10751.715537632486,103.69047949369549,54.12352576585009,-1.1688456243860612
2018-12-26,37.360538482666016,33.99713642139238,82.56881005248634,10751.715537632486,103.69047949369549,54.12352576585009,-1.1688456243860612
2018-12-27,37.11806869506836,34.00677463603672,82.56881005248634,10751.715537632486,103.69047949369549,54.12352576585009,-1.1688456243860612
2018-12-28,37.13709259033203,34.00694127382479,82.56881005248634,10751.715537632486,103.69047949369549,54.12352576585009,-1.1688456243860612
2018-12-31,37.49602508544922,34.055440513518604,82.56881005248634,10751.715537632486,103.69047949369549,54.12352576585009,-1.1688456243860612
2019-01-02,37.538822174072266,34.075520231045424,82.56881005248634,10751.715537632486,103.69047949369549,54.12352576585009,-1.1688456243860612
2019-01-03,33.799686431884766,34.08604510674532,82.56881005248634,10751.715537632486,103.69047949369549,54.12352576585009,-1.1688456243860612
2019-01-04,35.242557525634766,34.08564670900803,82.56881005248634,10751.715537632486,103.69047949369549,54.12352576585009,-1.1688456243860612
2019-01-07,35.16410827636719,34.12401994580048,82.56881005248634,10751.715537632486,103.69047949369549,54.12352576585009,-1.1688456243860612
2019-01-08,35.83445358276367,34.12158031685557,82.56881005248634,10751.715537632486,103.69047949369549,54.12352576585009,-1.1688456243860612
2019-01-09,36.4429817199707,34.13133147889075,82.56881005248634,10751.715537632486,103.69047949369549,54.12352576585009,-1.1688456243860612
2019-01-10,36.55947494506836,34.134164353771155,82.56881005248634,10751.715537632486,103.69047949369549,54.12352576585009,-1.1688456243860612
2019-01-11,36.20051956176758,34.125493066183495,82.56881005248634,10751.715537632486,103.69047949369549,54.12352576585009,-1.1688456243860612
2019-01-14,35.65617752075195,34.13805984334474,82.56881005248634,10751.715537632486,103.69047949369549,54.12352576585009,-1.1688456243860612
2019-01-15,36.38595581054688,34.12755488275206,82.56881005248634,10751.715537632486,103.69047949369549,54.12352576585009,-1.1688456243860612
2019-01-16,36.8304443359375,34.129933122398405,82.56881005248634,10751.715537632486,103.69047949369549,54.12352576585009,-1.1688456243860612
2019-01-17,37.04914474487305,34.12631916760529,82.56881005248634,10751.715537632486,103.69047949369549,54.12352576585009,-1.1688456243860612
2019-01-18,37.27735137939453,34.11233746138428,82.56881005248634,10751.715537632486,103.69047949369549,54.12352576585009,-1.1688456243860612
2019-01-22,36.44061279296875,34.10759666470149,82.56881005248634,10751.715537632486,103.69047949369549,54.12352576585009,-1.1688456243860612
2019-01-23,36.5880012512207,34.112311221496846,82.56881005248634,10751.715537632486,103.69047949369549,54.12352576585009,-1.1688456243860612
2019-01-24,36.29798889160156,34.11266844894053,82.56881005248634,10751.715537632486,103.69047949369549,54.12352576585009,-1.1688456243860612
2019-01-25,37.50078582763672,34.10422540155682,82.56881005248634,10751.715537632486,103.69047949369549,54.12352576585009,-1.1688456243860612
2019-01-28,37.15373992919922,34.13404083018826,82.56881005248634,10751.715537632486,103.69047949369549,54.12352576585009,-1.1688456243860612
2019-01-29,36.76863861083984,34.134551261969186,82.56881005248634,10751.715537632486,103.69047949369549,54.12352576585009,-1.1688456243860612
2019-01-30,39.281227111816406,34.15027217333577,82.56881005248634,10751.715537632486,103.69047949369549,54.12352576585009,-1.1688456243860612
2019-01-31,39.564090728759766,34.162047590738226,82.56881005248634,10751.715537632486,103.69047949369549,54.12352576585009,-1.1688456243860612
2019-02-01,39.58311080932617,34.165166378530415,82.56881005248634,10751.715537632486,103.69047949369549,54.12352576585009,-1.1688456243860612
2019-02-04,40.70747375488281,34.22783985679243,82.56881005248634,10751.715537632486,103.69047949369549,54.12352576585009,-1.1688456243860612
2019-02-05,41.40394973754883,34.237846169847664,82.56881005248634,10751.715537632486,103.69047949369549,54.12352576585009,-1.1688456243860612
2019-02-06,41.418216705322266,34.2619593542538,82.56881005248634,10751.715537632486,103.69047949369549,54.12352576585009,-1.1688456243860612
2019-02-07,40.6337776184082,34.280840467491664,82.56881005248634,10751.715537632486,103.69047949369549,54.12352576585009,-1.1688456243860612
2019-02-08,40.681522369384766,34.28963071401665,82.56881005248634,10751.715537632486,103.69047949369549,54.12352576585009,-1.1688456243860612
2019-02-11,40.44755935668945,34.35983936304199,82.56881005248634,10751.715537632486,103.69047949369549,54.12352576585009,-1.1688456243860612
2019-02-12,40.79610443115234,34.36912100830186,82.56881005248634,10751.715537632486,103.69047949369549,54.12352576585009,-1.1688456243860612
2019-02-13,40.626609802246094,34.39096148575125,82.56881005248634,10751.715537632486,103.69047949369549,54.12352576585009,-1.1688456243860612
2019-02-14,40.77462005615234,34.40612634050484,82.56881005248634,10751.715537632486,103.69047949369549,54.12352576585009,-1.1688456243860612
2019-02-15,40.68390655517578,34.409898884920885,82.56881005248634,10751.715537632486,103.69047949369549,54.12352576585009,-1.1688456243860612
2019-02-19,40.8056526184082,34.46020015026351,82.56881005248634,10751.715537632486,103.69047949369549,54.12352576585009,-1.1688456243860612
2019-02-20,41.06825637817383,34.47361946219729,82.56881005248634,10751.715537632486,103.69047949369549,54.12352576585009,-1.1688456243860612
2019-02-21,40.8366813659668,34.48041128207991,82.56881005248634,10751.715537632486,103.69047949369549,54.12352576585009,-1.1688456243860612
2019-02-22,41.29266357421875,34.47610581995836,82.56881005248634,10751.715537632486,103.69047949369549,54.12352576585009,-1.1688456243860612
2019-02-25,41.59345626831055,34.50512510510271,82.56881005248634,10751.715537632486,103.69047949369549,54.12352576585009,-1.1688456243860612
2019-02-26,41.61731719970703,34.50142157196145,82.56881005248634,10751.715537632486,103.69047949369549,54.12352576585009,-1.1688456243860612
2019-02-27,41.74624252319336,34.511297956937824,82.56881005248634,10751.715537632486,103.69047949369549,54.12352576585009,-1.1688456243860612
2019-02-28,41.33563232421875,34.515861918048316,82.56881005248634,10751.715537632486,103.69047949369549,54.12352576585009,-1.1688456243860612
2019-03-01,41.77012252807617,34.51069396987397,82.56881005248634,10751.715537632486,103.69047949369549,54.12352576585009,-1.1688456243860612
2019-03-04,41.98019027709961,34.54521487570678,82.56881005248634,10751.715537632486,103.69047949369549,54.12352576585009,-1.1688456243860612
2019-03-05,41.90379333496094,34.545811564442964,82.56881005248634,10751.715537632486,103.69047949369549,54.12352576585009,-1.1688456243860612
2019-03-06,41.662689208984375,34.561016930854265,82.56881005248634,10751.715537632486,103.69047949369549,54.12352576585009,-1.1688456243860612
2019-03-07,41.18046569824219,34.57177021106107,82.56881005248634,10751.715537632486,103.69047949369549,54.12352576585009,-1.1688456243860612
2019-03-08,41.2783432006836,34.57345984411688,82.56881005248634,10751.715537632486,103.69047949369549,54.12352576585009,-1.1688456243860612
2019-03-11,42.70830535888672,34.63041247718116,82.56881005248634,10751.715537632486,103.69047949369549,54.12352576585009,-1.1688456243860612
2019-03-12,43.18816375732422,34.63835756143328,82.56881005248634,10751.715537632486,103.69047949369549,54.12352576585009,-1.1688456243860612
2019-03-13,43.37913131713867,34.6604798225581,82.56881005248634,10751.715537632486,103.69047949369549,54.12352576585009,-1.1688456243860612
2019-03-14,43.861366271972656,34.67751597423243,82.56881005248634,10751.715537632486,103.69047949369549,54.12352576585009,-1.1688456243860612
2019-03-15,44.43192672729492,34.684671994555416,82.56881005248634,10751.715537632486,103.69047949369549,54.12352576585009,-1.1688456243860612
2019-03-18,44.88550567626953,34.75170260809653,82.56881005248634,10751.715537632486,103.69047949369549,54.12352576585009,-1.1688456243860612
2019-03-19,44.5298080444336,34.76058583560774,82.56881005248634,10751.715537632486,103.69047949369549,54.12352576585009,-1.1688456243860612
2019-03-20,44.91892623901367,34.78236693428442,82.56881005248634,10751.715537632486,103.69047949369549,54.12352576585009,-1.1688456243860612
2019-03-21,46.57331085205078,34.797796453617686,82.56881005248634,10751.715537632486,103.69047949369549,54.12352576585009,-1.1688456243860612
2019-03-22,45.60885238647461,34.80213025844389,82.56881005248634,10751.715537632486,103.69047949369549,54.12352576585009,-1.1688456243860612
2019-03-25,45.05739974975586,34.85439384098941,82.56881005248634,10751.715537632486,103.69047949369549,54.12352576585009,-1.1688456243860612
2019-03-26,44.59187316894531,34.85672615543335,82.56881005248634,10751.715537632486,103.69047949369549,54.12352576585009,-1.1688456243860612
2019-03-27,44.992942810058594,34.87143229548794,82.56881005248634,10751.715537632486,103.69047949369549,54.12352576585009,-1.1688456243860612
2019-03-28,45.052616119384766,34.879458444325884,82.56881005248634,10751.715537632486,103.69047949369549,54.12352576585009,-1.1688456243860612
2019-03-29,45.34624862670898,34.87626222281779,82.56881005248634,10751.715537632486,103.69047949369549,54.12352576585009,-1.1688456243860612
2019-04-01,45.65420150756836,34.907157873213635,82.56881005248634,10751.715537632486,103.69047949369549,54.12352576585009,-1.1688456243860612
2019-04-02,46.31787109375,34.90338288182125,82.56881005248634,10751.715537632486,103.69047949369549,54.12352576585009,-1.1688456243860612
2019-04-03,46.635372161865234,34.912748340997254,82.56881005248634,10751.715537632486,103.69047949369549,54.12352576585009,-1.1688456243860612
2019-04-04,46.71654891967773,34.916319250493785,82.56881005248634,10751.715537632486,103.69047949369549,54.12352576585009,-1.1688456243860612
2019-04-05,47.029273986816406,34.90964273523301,82.56881005248634,10751.715537632486,103.69047949369549,54.12352576585009,-1.1688456243860612
2019-04-08,47.769344329833984,34.93636047370492,82.56881005248634,10751.715537632486,103.69047949369549,54.12352576585009,-1.1688456243860612
2019-04-09,47.626094818115234,34.933253044764285,82.56881005248634,10751.715537632486,103.69047949369549,54.12352576585009,-1.1688456243860612
2019-04-10,47.89347839355469,34.9442222624782,82.56881005248634,10751.715537632486,103.69047949369549,54.12352576585009,-1.1688456243860612
2019-04-11,47.49479293823242,34.95023289511369,82.56881005248634,10751.715537632486,103.69047949369549,54.12352576585009,-1.1688456243860612
2019-04-12,47.47569274902344,34.94670706912524,82.56881005248634,10751.715537632486,103.69047949369549,54.12352576585009,-1.1688456243860612
2019-04-15,47.56163024902344,34.98561436973925,82.56881005248634,10751.715537632486,103.69047949369549,54.12352576585009,-1.1688456243860612
2019-04-16,47.56641387939453,34.986916352312804,82.56881005248634,10751.715537632486,103.69047949369549,54.12352576585009,-1.1688456243860612
2019-04-17,48.492671966552734,35.00217597367237,82.56881005248634,10751.715537632486,103.69047949369549,54.12352576585009,-1.1688456243860612
2019-04-18,48.66695785522461,35.012189266005514,82.56881005248634,10751.715537632486,103.69047949369549,54.12352576585009,-1.1688456243860612
2019-04-22,48.82690048217773,35.057853213814155,82.56881005248634,10751.715537632486,103.69047949369549,54.12352576585009,-1.1688456243860612
2019-04-23,49.5311279296875,35.0597740808953,82.56881005248634,10751.715537632486,103.69047949369549,54.12352576585009,-1.1688456243860612
2019-04-24,49.45474624633789,35.074760001130585,82.56881005248634,10751.715537632486,103.69047949369549,54.12352576585009,-1.1688456243860612
2019-04-25,49.00593566894531,35.08360482654143,82.56881005248634,10751.715537632486,103.69047949369549,54.12352576585009,-1.1688456243860612
2019-04-26,48.7719841003418,35.081603554330904,82.56881005248634,10751.715537632486,103.69047949369549,54.12352576585009,-1.1688456243860612
2019-04-29,48.84598922729492,35.11668894841821,82.56881005248634,10751.715537632486,103.69047949369549,54.12352576585009,-1.1688456243860612
2019-04-30,47.9054069519043,35.1139946466656,82.56881005248634,10751.715537632486,103.69047949369549,54.12352576585009,-1.1688456243860612
2019-05-01,50.256874084472656,35.124060525402015,82.56881005248634,10751.715537632486,103.69047949369549,54.12352576585009,-1.1688456243860612
2019-05-02,49.929813385009766,35.12785041995549,82.56881005248634,10751.715537632486,103.69047949369549,54.12352576585009,-1.1688456243860612
2019-05-03,50.55049896240234,35.12083731737048,82.56881005248634,10751.715537632486,103.69047949369549,54.12352576585009,-1.1688456243860612
2019-05-06,49.76987457275391,35.142926353409926,82.56881005248634,10751.715537632486,103.69047949369549,54.12352576585009,-1.1688456243860612
2019-05-07,48.42822647094727,35.13713343024577,82.56881005248634,10751.715537632486,103.69047949369549,54.12352576585009,-1.1688456243860612
2019-05-08,48.43777084350586,35.14495548884969,82.56881005248634,10751.715537632486,103.69047949369549,54.12352576585009,-1.1688456243860612
2019-05-09,47.91735458374024,35.14746569427639,82.56881005248634,10751.715537632486,103.69047949369549,54.12352576585009,-1.1688456243860612
2019-05-10,47.253517150878906,35.140218387078775,82.56881005248634,10751.715537632486,103.69047949369549,54.12352576585009,-1.1688456243860612
2019-05-13,44.507171630859375,35.168215428875655,82.56881005248634,10751.715537632486,103.69047949369549,54.12352576585009,-1.1688456243860612
2019-05-14,45.21173095703125,35.16653948296683,82.56881005248634,10751.715537632486,103.69047949369549,54.12352576585009,-1.1688456243860612
2019-05-15,45.75333786010742,35.179439932204644,82.56881005248634,10751.715537632486,103.69047949369549,54.12352576585009,-1.1688456243860612
2019-05-16,45.55202865600586,35.187874540388435,82.56881005248634,10751.715537632486,103.69047949369549,54.12352576585009,-1.1688456243860612
2019-05-17,45.293212890625,35.18725391881169,82.56881005248634,10751.715537632486,103.69047949369549,54.12352576585009,-1.1688456243860612
2019-05-20,43.87690353393555,35.237567454652556,82.56881005248634,10751.715537632486,103.69047949369549,54.12352576585009,-1.1688456243860612
2019-05-21,44.71806716918945,35.24347150223461,82.56881005248634,10751.715537632486,103.69047949369549,54.12352576585009,-1.1688456243860612
2019-05-22,43.80260848999024,35.26366749103144,82.56881005248634,10751.715537632486,103.69047949369549,54.12352576585009,-1.1688456243860612
2019-05-23,43.054908752441406,35.27890111105727,82.56881005248634,10751.715537632486,103.69047949369549,54.12352576585009,-1.1688456243860612
2019-05-24,42.889556884765625,35.284380114828735,82.56881005248634,10751.715537632486,103.69047949369549,54.12352576585009,-1.1688456243860612
2019-05-28,42.71222686767578,35.354587332657125,82.56881005248634,10751.715537632486,103.69047949369549,54.12352576585009,-1.1688456243860612
2019-05-29,42.50852584838867,35.375054394922394,82.56881005248634,10751.715537632486,103.69047949369549,54.12352576585009,-1.1688456243860612
2019-05-30,42.729000091552734,35.389132349579086,82.56881005248634,10751.715537632486,103.69047949369549,54.12352576585009,-1.1688456243860612
2019-05-31,41.95494079589844,35.3920246530038,82.56881005248634,10751.715537632486,103.69047949369549,54.12352576585009,-1.1688456243860612
2019-06-03,41.53076171875,35.438850021997844,82.56881005248634,10751.715537632486,103.69047949369549,54.12352576585009,-1.1688456243860612
2019-06-04,43.05012130737305,35.43880398686241,82.56881005248634,10751.715537632486,103.69047949369549,54.12352576585009,-1.1688456243860612
2019-06-05,43.74508666992188,35.450757765520876,82.56881005248634,10751.715537632486,103.69047949369549,54.12352576585009,-1.1688456243860612
2019-06-06,44.38734817504883,35.45561104996134,82.56881005248634,10751.715537632486,103.69047949369549,54.12352576585009,-1.1688456243860612
2019-06-07,45.56879806518555,35.44878348076881,82.56881005248634,10751.715537632486,103.69047949369549,54.12352576585009,-1.1688456243860612
2019-06-10,46.151153564453125,35.465822042689084,82.56881005248634,10751.715537632486,103.69047949369549,54.12352576585009,-1.1688456243860612
2019-06-11,46.68556213378906,35.456436425680806,82.56881005248634,10751.715537632486,103.69047949369549,54.12352576585009,-1.1688456243860612
2019-06-12,46.53697967529297,35.459730805567354,82.56881005248634,10751.715537632486,103.69047949369549,54.12352576585009,-1.1688456243860612
2019-06-13,46.527381896972656,35.456815008023675,82.56881005248634,10751.715537632486,103.69047949369549,54.12352576585009,-1.1688456243860612
2019-06-14,46.18949508666992,35.443296741384934,82.56881005248634,10751.715537632486,103.69047949369549,54.12352576585009,-1.1688456243860612
2019-06-17,46.465091705322266,35.44818527238593,82.56881005248634,10751.715537632486,103.69047949369549,54.12352576585009,-1.1688456243860612
2019-06-18,47.55788040161133,35.43770622974514,82.56881005248634,10751.715537632486,103.69047949369549,54.12352576585009,-1.1688456243860612
2019-06-19,47.41887664794922,35.44145126171572,82.56881005248634,10751.715537632486,103.69047949369549,54.12352576585009,-1.1688456243860612
2019-06-20,47.79991912841797,35.44051231739773,82.56881005248634,10751.715537632486,103.69047949369549,54.12352576585009,-1.1688456243860612
2019-06-21,47.63695907592773,35.430441584072724,82.56881005248634,10751.715537632486,103.69047949369549,54.12352576585009,-1.1688456243860612
2019-06-24,47.58903121948242,35.45342125559367,82.56881005248634,10751.715537632486,103.69047949369549,54.12352576585009,-1.1688456243860612
2019-06-25,46.86769104003906,35.451046807635855,82.56881005248634,10751.715537632486,103.69047949369549,54.12352576585009,-1.1688456243860612
2019-06-26,47.88140487670898,35.46361948619005,82.56881005248634,10751.715537632486,103.69047949369549,54.12352576585009,-1.1688456243860612
2019-06-27,47.86701965332031,35.472017884667665,82.56881005248634,10751.715537632486,103.69047949369549,54.12352576585009,-1.1688456243860612
2019-06-28,47.43085861206055,35.471572291250126,82.56881005248634,10751.715537632486,103.69047949369549,54.12352576585009,-1.1688456243860612
2019-07-01,48.300777435302734,35.522933775597316,82.56881005248634,10751.715537632486,103.69047949369549,54.12352576585009,-1.1688456243860612
2019-07-02,48.58355331420898,35.52915605123292,82.56881005248634,10751.715537632486,103.69047949369549,54.12352576585009,-1.1688456243860612
2019-07-03,48.98617172241211,35.549583364566836,82.56881005248634,10751.715537632486,103.69047949369549,54.12352576585009,-1.1688456243860612
2019-07-05,48.94303131103516,35.570437724574425,82.56881005248634,10751.715537632486,103.69047949369549,54.12352576585009,-1.1688456243860612
2019-07-08,47.93412399291992,35.63273615997497,82.56881005248634,10751.715537632486,103.69047949369549,54.12352576585009,-1.1688456243860612
2019-07-09,48.22649002075195,35.640215651454746,82.56881005248634,10751.715537632486,103.69047949369549,54.12352576585009,-1.1688456243860612
2019-07-10,48.703392028808594,35.660741949015396,82.56881005248634,10751.715537632486,103.69047949369549,54.12352576585009,-1.1688456243860612
2019-07-11,48.34870147705078,35.67510950322534,82.56881005248634,10751.715537632486,103.69047949369549,54.12352576585009,-1.1688456243860612
2019-07-12,48.72016525268555,35.67861992591385,82.56881005248634,10751.715537632486,103.69047949369549,54.12352576585009,-1.1688456243860612
2019-07-15,49.17789077758789,35.73028885216461,82.56881005248634,10751.715537632486,103.69047949369549,54.12352576585009,-1.1688456243860612
2019-07-16,49.00774383544922,35.733178203832,82.56881005248634,10751.715537632486,103.69047949369549,54.12352576585009,-1.1688456243860612
2019-07-17,48.73214340209961,35.7488689414106,82.56881005248634,10751.715537632486,103.69047949369549,54.12352576585009,-1.1688456243860612
2019-07-18,49.285736083984375,35.75832498515161,82.56881005248634,10751.715537632486,103.69047949369549,54.12352576585009,-1.1688456243860612
2019-07-19,48.55000686645508,35.75701192998439,82.56881005248634,10751.715537632486,103.69047949369549,54.12352576585009,-1.1688456243860612
2019-07-22,49.65958023071289,35.796197107456194,82.56881005248634,10751.715537632486,103.69047949369549,54.12352576585009,-1.1688456243860612
2019-07-23,50.04780578613281,35.79598473022023,82.56881005248634,10751.715537632486,103.69047949369549,54.12352576585009,-1.1688456243860612
2019-07-24,50.00706481933594,35.80924648601752,82.56881005248634,10751.715537632486,103.69047949369549,54.12352576585009,-1.1688456243860612
2019-07-25,49.61164474487305,35.816994070864574,82.56881005248634,10751.715537632486,103.69047949369549,54.12352576585009,-1.1688456243860612
2019-07-26,49.7841911315918,35.81471398231403,82.56881005248634,10751.715537632486,103.69047949369549,54.12352576585009,-1.1688456243860612
2019-07-29,50.24909973144531,35.85525979928633,82.56881005248634,10751.715537632486,103.69047949369549,54.12352576585009,-1.1688456243860612
2019-07-30,50.033424377441406,35.85673750679637,82.56881005248634,10751.715537632486,103.69047949369549,54.12352576585009,-1.1688456243860612
2019-07-31,51.0543098449707,35.87216332583785,82.56881005248634,10751.715537632486,103.69047949369549,54.12352576585009,-1.1688456243860612
2019-08-01,49.94954681396485,35.8824379879608,82.56881005248634,10751.715537632486,103.69047949369549,54.12352576585009,-1.1688456243860612
2019-08-02,48.8927116394043,35.88292634796552,82.56881005248634,10751.715537632486,103.69047949369549,54.12352576585009,-1.1688456243860612
2019-08-05,46.333274841308594,35.93194306173063,82.56881005248634,10751.715537632486,103.69047949369549,54.12352576585009,-1.1688456243860612
2019-08-06,47.21038818359375,35.93588184153991,82.56881005248634,10751.715537632486,103.69047949369549,54.12352576585009,-1.1688456243860612
2019-08-07,47.69926071166992,35.953398846684735,82.56881005248634,10751.715537632486,103.69047949369549,54.12352576585009,-1.1688456243860612
2019-08-08,48.75131607055664,35.96530215557543,82.56881005248634,10751.715537632486,103.69047949369549,54.12352576585009,-1.1688456243860612
2019-08-09,48.34957885742188,35.96688232720547,82.56881005248634,10751.715537632486,103.69047949369549,54.12352576585009,-1.1688456243860612
2019-08-12,48.22690200805664,36.01553381002729,82.56881005248634,10751.715537632486,103.69047949369549,54.12352576585009,-1.1688456243860612
2019-08-13,50.26921844482422,36.01811412886234,82.56881005248634,10751.715537632486,103.69047949369549,54.12352576585009,-1.1688456243860612
2019-08-14,48.77296447753906,36.033701834722805,82.56881005248634,10751.715537632486,103.69047949369549,54.12352576585009,-1.1688456243860612
2019-08-15,48.53001022338867,36.0431671613622,82.56881005248634,10751.715537632486,103.69047949369549,54.12352576585009,-1.1688456243860612
2019-08-16,49.67505645751953,36.04188259737721,82.56881005248634,10751.715537632486,103.69047949369549,54.12352576585009,-1.1688456243860612
2019-08-19,50.6011962890625,36.08043190722448,82.56881005248634,10751.715537632486,103.69047949369549,54.12352576585009,-1.1688456243860612
2019-08-20,50.603607177734375,36.07954479881179,82.56881005248634,10751.715537632486,103.69047949369549,54.12352576585009,-1.1688456243860612
2019-08-21,51.15206909179688,36.091827559456775,82.56881005248634,10751.715537632486,103.69047949369549,54.12352576585009,-1.1688456243860612
2019-08-22,51.108768463134766,36.0982752935647,82.56881005248634,10751.715537632486,103.69047949369549,54.12352576585009,-1.1688456243860612
2019-08-23,48.74650955200195,36.094377374556565,82.56881005248634,10751.715537632486,103.69047949369549,54.12352576585009,-1.1688456243860612
2019-08-26,49.672645568847656,36.12847552469412,82.56881005248634,10751.715537632486,103.69047949369549,54.12352576585009,-1.1688456243860612
2019-08-27,49.112152099609375,36.1274626025204,82.56881005248634,10751.715537632486,103.69047949369549,54.12352576585009,-1.1688456243860612
2019-08-28,49.44171142578125,36.14035672043446,82.56881005248634,10751.715537632486,103.69047949369549,54.12352576585009,-1.1688456243860612
2019-08-29,50.27885818481445,36.1481506615013,82.56881005248634,10751.715537632486,103.69047949369549,54.12352576585009,-1.1688456243860612
2019-08-30,50.21390914916992,36.14630565521405,82.56881005248634,10751.715537632486,103.69047949369549,54.12352576585009,-1.1688456243860612
2019-09-03,49.48260498046875,36.19324927168358,82.56881005248634,10751.715537632486,103.69047949369549,54.12352576585009,-1.1688456243860612
2019-09-04,50.32215118408203,36.21047875748077,82.56881005248634,10751.715537632486,103.69047949369549,54.12352576585009,-1.1688456243860612
2019-09-05,51.306034088134766,36.222683153402585,82.56881005248634,10751.715537632486,103.69047949369549,54.12352576585009,-1.1688456243860612
2019-09-06,51.30121994018555,36.2251698763759,82.56881005248634,10751.715537632486,103.69047949369549,54.12352576585009,-1.1688456243860612
2019-09-09,51.52011489868164,36.2799913646859,82.56881005248634,10751.715537632486,103.69047949369549,54.12352576585009,-1.1688456243860612
2019-09-10,52.12873840332031,36.28559749249428,82.56881005248634,10751.715537632486,103.69047949369549,54.12352576585009,-1.1688456243860612
2019-09-11,53.78617858886719,36.30454741585676,82.56881005248634,10751.715537632486,103.69047949369549,54.12352576585009,-1.1688456243860612
2019-09-12,53.6658935546875,36.31759169810374,82.56881005248634,10751.715537632486,103.69047949369549,54.12352576585009,-1.1688456243860612
2019-09-13,52.62187576293945,36.31996669419501,82.56881005248634,10751.715537632486,103.69047949369549,54.12352576585009,-1.1688456243860612
2019-09-16,52.89850616455078,36.36845458155891,82.56881005248634,10751.715537632486,103.69047949369549,54.12352576585009,-1.1688456243860612
2019-09-17,53.09096145629883,36.37000443422651,82.56881005248634,10751.715537632486,103.69047949369549,54.12352576585009,-1.1688456243860612
2019-09-18,53.58892059326172,36.38402885702845,82.56881005248634,10751.715537632486,103.69047949369549,54.12352576585009,-1.1688456243860612
2019-09-19,53.15351486206055,36.39138393782555,82.56881005248634,10751.715537632486,103.69047949369549,54.12352576585009,-1.1688456243860612
2019-09-20,52.37651443481445,36.38743746100141,82.56881005248634,10751.715537632486,103.69047949369549,54.12352576585009,-1.1688456243860612
2019-09-23,52.61465835571289,36.41479461492513,82.56881005248634,10751.715537632486,103.69047949369549,54.12352576585009,-1.1688456243860612
2019-09-24,52.36448669433594,36.40919410389084,82.56881005248634,10751.715537632486,103.69047949369549,54.12352576585009,-1.1688456243860612
2019-09-25,53.17034912109375,36.41634076928195,82.56881005248634,10751.715537632486,103.69047949369549,54.12352576585009,-1.1688456243860612
2019-09-26,52.8961181640625,36.41728555362386,82.56881005248634,10751.715537632486,103.69047949369549,54.12352576585009,-1.1688456243860612
2019-09-27,52.638710021972656,36.40758256517712,82.56881005248634,10751.715537632486,103.69047949369549,54.12352576585009,-1.1688456243860612
2019-09-30,53.87759017944336,36.42321318739997,82.56881005248634,10751.715537632486,103.69047949369549,54.12352576585009,-1.1688456243860612
2019-10-01,54.02672958374024,36.415976184633514,82.56881005248634,10751.715537632486,103.69047949369549,54.12352576585009,-1.1688456243860612
2019-10-02,52.67239761352539,36.42276280169007,82.56881005248634,10751.715537632486,103.69047949369549,54.12352576585009,-1.1688456243860612
2019-10-03,53.11983871459961,36.42465844946463,82.56881005248634,10751.715537632486,103.69047949369549,54.12352576585009,-1.1688456243860612
2019-10-04,54.60887908935547,36.41721597302913,82.56881005248634,10751.715537632486,103.69047949369549,54.12352576585009,-1.1688456243860612
2019-10-07,54.62091445922852,36.44693360693849,82.56881005248634,10751.715537632486,103.69047949369549,54.12352576585009,-1.1688456243860612
2019-10-08,53.98102569580078,36.446471781137205,82.56881005248634,10751.715537632486,103.69047949369549,54.12352576585009,-1.1688456243860612
2019-10-09,54.61369323730469,36.46081863958507,82.56881005248634,10751.715537632486,103.69047949369549,54.12352576585009,-1.1688456243860612
2019-10-10,55.34978866577149,36.470868583664405,82.56881005248634,10751.715537632486,103.69047949369549,54.12352576585009,-1.1688456243860612
2019-10-11,56.8220100402832,36.47196475418014,82.56881005248634,10751.715537632486,103.69047949369549,54.12352576585009,-1.1688456243860612
2019-10-14,56.74021911621094,36.527349076370285,82.56881005248634,10751.715537632486,103.69047949369549,54.12352576585009,-1.1688456243860612
2019-10-15,56.60791397094727,36.53469899755276,82.56881005248634,10751.715537632486,103.69047949369549,54.12352576585009,-1.1688456243860612
2019-10-16,56.37938690185547,36.556123258124316,82.56881005248634,10751.715537632486,103.69047949369549,54.12352576585009,-1.1688456243860612
2019-10-17,56.5982780456543,36.57232262627789,82.56881005248634,10751.715537632486,103.69047949369549,54.12352576585009,-1.1688456243860612
2019-10-18,56.8701286315918,36.578470528291724,82.56881005248634,10751.715537632486,103.69047949369549,54.12352576585009,-1.1688456243860612
2019-10-21,57.856388092041016,36.64118405806289,82.56881005248634,10751.715537632486,103.69047949369549,54.12352576585009,-1.1688456243860612
2019-10-22,57.724098205566406,36.64813246233941,82.56881005248634,10751.715537632486,103.69047949369549,54.12352576585009,-1.1688456243860612
2019-10-23,58.49869155883789,36.667711479814386,82.56881005248634,10751.715537632486,103.69047949369549,54.12352576585009,-1.1688456243860612
2019-10-24,58.59492492675781,36.68066862496355,82.56881005248634,10751.715537632486,103.69047949369549,54.12352576585009,-1.1688456243860612
2019-10-25,59.31658554077149,36.6822628383285,82.56881005248634,10751.715537632486,103.69047949369549,54.12352576585009,-1.1688456243860612
2019-10-28,59.91075134277344,36.724830150516276,82.56881005248634,10751.715537632486,103.69047949369549,54.12352576585009,-1.1688456243860612
2019-10-29,58.525146484375,36.72351179368152,82.56881005248634,10751.715537632486,103.69047949369549,54.12352576585009,-1.1688456243860612
2019-10-30,58.51793670654297,36.734410585516606,82.56881005248634,10751.715537632486,103.69047949369549,54.12352576585009,-1.1688456243860612
2019-10-31,59.84099578857422,36.738513141697226,82.56881005248634,10751.715537632486,103.69047949369549,54.12352576585009,-1.1688456243860612
2019-11-01,61.539329528808594,36.73132283631002,82.56881005248634,10751.715537632486,103.69047949369549,54.12352576585009,-1.1688456243860612
2019-11-04,61.9434700012207,36.7503371653477,82.56881005248634,10751.715537632486,103.69047949369549,54.12352576585009,-1.1688456243860612
2019-11-05,61.85445785522461,36.74282641442971,82.56881005248634,10751.715537632486,103.69047949369549,54.12352576585009,-1.1688456243860612
2019-11-06,61.88092803955078,36.74866876246101,82.56881005248634,10751.715537632486,103.69047949369549,54.12352576585009,-1.1688456243860612
2019-11-07,62.59511184692383,36.748989922383664,82.56881005248634,10751.715537632486,103.69047949369549,54.12352576585009,-1.1688456243860612
2019-11-08,62.76642608642578,36.73939636585621,82.56881005248634,10751.715537632486,103.69047949369549,54.12352576585009,-1.1688456243860612
2019-11-11,63.263450622558594,36.75990476056146,82.56881005248634,10751.715537632486,103.69047949369549,54.12352576585009,-1.1688456243860612
2019-11-12,63.20554733276367,36.755731488373726,82.56881005248634,10751.715537632486,103.69047949369549,54.12352576585009,-1.1688456243860612
2019-11-13,63.811153411865234,36.76619816023484,82.56881005248634,10751.715537632486,103.69047949369549,54.12352576585009,-1.1688456243860612
2019-11-14,63.3696174621582,36.77229369369699,82.56881005248634,10751.715537632486,103.69047949369549,54.12352576585009,-1.1688456243860612
2019-11-15,64.1224136352539,36.76945452636911,82.56881005248634,10751.715537632486,103.69047949369549,54.12352576585009,-1.1688456243860612
2019-11-18,64.44572448730469,36.8140126200443,82.56881005248634,10751.715537632486,103.69047949369549,54.12352576585009,-1.1688456243860612
2019-11-19,64.25029754638672,36.8183311343193,82.56881005248634,10751.715537632486,103.69047949369549,54.12352576585009,-1.1688456243860612
2019-11-20,63.50231170654297,36.83711255817678,82.56881005248634,10751.715537632486,103.69047949369549,54.12352576585009,-1.1688456243860612
2019-11-21,63.21761322021485,36.85109910991464,82.56881005248634,10751.715537632486,103.69047949369549,54.12352576585009,-1.1688456243860612
2019-11-22,63.16212844848633,36.85549180001294,82.56881005248634,10751.715537632486,103.69047949369549,54.12352576585009,-1.1688456243860612
2019-11-25,64.26957702636719,36.91574288937987,82.56881005248634,10751.715537632486,103.69047949369549,54.12352576585009,-1.1688456243860612
2019-11-26,63.76773834228516,36.92275148396566,82.56881005248634,10751.715537632486,103.69047949369549,54.12352576585009,-1.1688456243860612
2019-11-27,64.624267578125,36.942770079018175,82.56881005248634,10751.715537632486,103.69047949369549,54.12352576585009,-1.1688456243860612
2019-11-29,64.4819107055664,36.95910775942627,82.56881005248634,10751.715537632486,103.69047949369549,54.12352576585009,-1.1688456243860612
2019-12-02,63.73638534545898,37.00552599296182,82.56881005248634,10751.715537632486,103.69047949369549,54.12352576585009,-1.1688456243860612
2019-12-03,62.599945068359375,37.00547292569229,82.56881005248634,10751.715537632486,103.69047949369549,54.12352576585009,-1.1688456243860612
2019-12-04,63.152469635009766,37.01748461337684,82.56881005248634,10751.715537632486,103.69047949369549,54.12352576585009,-1.1688456243860612
2019-12-05,64.07897186279297,37.022464567130655,82.56881005248634,10751.715537632486,103.69047949369549,54.12352576585009,-1.1688456243860612
2019-12-06,65.3167495727539,37.01583812791859,82.56881005248634,10751.715537632486,103.69047949369549,54.12352576585009,-1.1688456243860612
2019-12-09,64.40229034423828,37.03400133987913,82.56881005248634,10751.715537632486,103.69047949369549,54.12352576585009,-1.1688456243860612
2019-12-10,64.77867889404297,37.02519049225249,82.56881005248634,10751.715537632486,103.69047949369549,54.12352576585009,-1.1688456243860612
2019-12-11,65.33121490478516,37.02917067743172,82.56881005248634,10751.715537632486,103.69047949369549,54.12352576585009,-1.1688456243860612
2019-12-12,65.49769592285156,37.02705548810828,82.56881005248634,10751.715537632486,103.69047949369549,54.12352576585009,-1.1688456243860612
2019-12-13,66.38802337646484,37.0144533139025,82.56881005248634,10751.715537632486,103.69047949369549,54.12352576585009,-1.1688456243860612
2019-12-16,67.52442932128906,37.022727275762556,82.56881005248634,10751.715537632486,103.69047949369549,54.12352576585009,-1.1688456243860612
2019-12-17,67.65715026855469,37.01354494822374,82.56881005248634,10751.715537632486,103.69047949369549,54.12352576585009,-1.1688456243860612
2019-12-18,67.49552154541016,37.01863412822212,82.56881005248634,10751.715537632486,103.69047949369549,54.12352576585009,-1.1688456243860612
2019-12-19,67.56306457519531,37.019055287532524,82.56881005248634,10751.715537632486,103.69047949369549,54.12352576585009,-1.1688456243860612
2019-12-20,67.42310333251953,37.01032267724869,82.56881005248634,10751.715537632486,103.69047949369549,54.12352576585009,-1.1688456243860612
2019-12-23,68.52335357666016,37.03671309886674,82.56881005248634,10751.715537632486,103.69047949369549,54.12352576585009,-1.1688456243860612
2019-12-24,68.5884780883789,37.03508972987075,82.56881005248634,10751.715537632486,103.69047949369549,54.12352576585009,-1.1688456243860612
2019-12-26,69.94929504394531,37.0566076098166,82.56881005248634,10751.715537632486,103.69047949369549,54.12352576585009,-1.1688456243860612
2019-12-27,69.92276763916016,37.05582344928623,82.56881005248634,10751.715537632486,103.69047949369549,54.12352576585009,-1.1688456243860612
2019-12-30,70.3377685546875,37.10292006925945,82.56881005248634,10751.715537632486,103.69047949369549,54.12352576585009,-1.1688456243860612
2019-12-31,70.8516845703125,37.106430886472566,82.56881005248634,10751.715537632486,103.69047949369549,54.12352576585009,-1.1688456243860612
2020-01-02,72.4682846069336,37.13454632868074,82.56881005248634,10751.715537632486,103.69047949369549,54.12352576585009,-1.1688456243860612
2020-01-03,71.76371765136719,37.13500764034128,82.56881005248634,10751.715537632486,103.69047949369549,54.12352576585009,-1.1688456243860612
2020-01-06,72.33554077148438,37.177187164558994,82.56881005248634,10751.715537632486,103.69047949369549,54.12352576585009,-1.1688456243860612
2020-01-07,71.995361328125,37.17630340867114,82.56881005248634,10751.715537632486,103.69047949369549,54.12352576585009,-1.1688456243860612
2020-01-08,73.15350341796875,37.18768113440621,82.56881005248634,10751.715537632486,103.69047949369549,54.12352576585009,-1.1688456243860612
2020-01-09,74.70734405517578,37.192162955793364,82.56881005248634,10751.715537632486,103.69047949369549,54.12352576585009,-1.1688456243860612
2020-01-10,74.8762435913086,37.18511350824303,82.56881005248634,10751.715537632486,103.69047949369549,54.12352576585009,-1.1688456243860612
2020-01-13,76.47591400146484,37.20189999482594,82.56881005248634,10751.715537632486,103.69047949369549,54.12352576585009,-1.1688456243860612
2020-01-14,75.44322967529297,37.192438754188245,82.56881005248634,10751.715537632486,103.69047949369549,54.12352576585009,-1.1688456243860612
2020-01-15,75.11991882324219,37.19561666831111,82.56881005248634,10751.715537632486,103.69047949369549,54.12352576585009,-1.1688456243860612
2020-01-16,76.06090545654297,37.19252978705353,82.56881005248634,10751.715537632486,103.69047949369549,54.12352576585009,-1.1688456243860612
2020-01-17,76.9029769897461,37.17878124788582,82.56881005248634,10751.715537632486,103.69047949369549,54.12352576585009,-1.1688456243860612
2020-01-21,76.38182067871094,37.17189026159386,82.56881005248634,10751.715537632486,103.69047949369549,54.12352576585009,-1.1688456243860612
2020-01-22,76.65445709228516,37.17533352170604,82.56881005248634,10751.715537632486,103.69047949369549,54.12352576585009,-1.1688456243860612
2020-01-23,77.02362060546875,37.174168868239285,82.56881005248634,10751.715537632486,103.69047949369549,54.12352576585009,-1.1688456243860612
2020-01-24,76.8016357421875,37.16398740758323,82.56881005248634,10751.715537632486,103.69047949369549,54.12352576585009,-1.1688456243860612
2020-01-27,74.54326629638672,37.18771012297482,82.56881005248634,10751.715537632486,103.69047949369549,54.12352576585009,-1.1688456243860612
2020-01-28,76.65204620361328,37.18605654256274,82.56881005248634,10751.715537632486,103.69047949369549,54.12352576585009,-1.1688456243860612
2020-01-29,78.25655364990234,37.19963138071415,82.56881005248634,10751.715537632486,103.69047949369549,54.12352576585009,-1.1688456243860612
2020-01-30,78.14315795898438,37.20932932769936,82.56881005248634,10751.715537632486,103.69047949369549,54.12352576585009,-1.1688456243860612
2020-01-31,74.67838287353516,37.210487942599634,82.56881005248634,10751.715537632486,103.69047949369549,54.12352576585009,-1.1688456243860612
2020-02-03,74.47327423095703,37.268414914038544,82.56881005248634,10751.715537632486,103.69047949369549,54.12352576585009,-1.1688456243860612
2020-02-04,76.93193054199219,37.27733357921771,82.56881005248634,10751.715537632486,103.69047949369549,54.12352576585009,-1.1688456243860612
2020-02-05,77.55927276611328,37.30064792408491,82.56881005248634,10751.715537632486,103.69047949369549,54.12352576585009,-1.1688456243860612
2020-02-06,78.46646881103516,37.319032479109666,82.56881005248634,10751.715537632486,103.69047949369549,54.12352576585009,-1.1688456243860612
2020-02-07,77.39989471435547,37.32763373061986,82.56881005248634,10751.715537632486,103.69047949369549,54.12352576585009,-1.1688456243860612
2020-02-10,77.76752471923828,37.3990504325109,82.56881005248634,10751.715537632486,103.69047949369549,54.12352576585009,-1.1688456243860612
2020-02-11,77.2983169555664,37.40926398057486,82.56881005248634,10751.715537632486,103.69047949369549,54.12352576585009,-1.1688456243860612
2020-02-12,79.13398742675781,37.43225226250531,82.56881005248634,10751.715537632486,103.69047949369549,54.12352576585009,-1.1688456243860612
2020-02-13,78.57044982910156,37.448742873376894,82.56881005248634,10751.715537632486,103.69047949369549,54.12352576585009,-1.1688456243860612
2020-02-14,78.58981323242188,37.453976836032055,82.56881005248634,10751.715537632486,103.69047949369549,54.12352576585009,-1.1688456243860612
2020-02-18,77.15078735351562,37.5105530077875,82.56881005248634,10751.715537632486,103.69047949369549,54.12352576585009,-1.1688456243860612
2020-02-19,78.26815032958984,37.52541467021793,82.56881005248634,10751.715537632486,103.69047949369549,54.12352576585009,-1.1688456243860612
2020-02-20,77.46519470214844,37.5335114457017,82.56881005248634,10751.715537632486,103.69047949369549,54.12352576585009,-1.1688456243860612
2020-02-21,75.71177673339844,37.530336864079544,82.56881005248634,10751.715537632486,103.69047949369549,54.12352576585009,-1.1688456243860612
2020-02-24,72.11541748046875,37.56142550443075,82.56881005248634,10751.715537632486,103.69047949369549,54.12352576585009,-1.1688456243860612
2020-02-25,69.67272186279297,37.55791193289969,82.56881005248634,10751.715537632486,103.69047949369549,54.12352576585009,-1.1688456243860612
2020-02-26,70.77799224853516,37.56771761717142,82.56881005248634,10751.715537632486,103.69047949369549,54.12352576585009,-1.1688456243860612
2020-02-27,66.15133666992188,37.57195523096989,82.56881005248634,10751.715537632486,103.69047949369549,54.12352576585009,-1.1688456243860612
2020-02-28,66.11265563964844,37.56621773671585,82.56881005248634,10751.715537632486,103.69047949369549,54.12352576585009,-1.1688456243860612
2020-03-02,72.26780700683594,37.597796250026676,82.56881005248634,10751.715537632486,103.69047949369549,54.12352576585009,-1.1688456243860612
2020-03-03,69.9726333618164,37.59710445031819,82.56881005248634,10751.715537632486,103.69047949369549,54.12352576585009,-1.1688456243860612
2020-03-04,73.21826934814453,37.61093012564087,82.56881005248634,10751.715537632486,103.69047949369549,54.12352576585009,-1.1688456243860612
2020-03-05,70.84329986572266,37.620254277377775,82.56881005248634,10751.715537632486,103.69047949369549,54.12352576585009,-1.1688456243860612
2020-03-06,69.9024887084961,37.62050819584413,82.56881005248634,10751.715537632486,103.69047949369549,54.12352576585009,-1.1688456243860612
2020-03-09,64.37376403808594,37.673532773251594,82.56881005248634,10751.715537632486,103.69047949369549,54.12352576585009,-1.1688456243860612
2020-03-10,69.01007843017578,37.680422714991025,82.56881005248634,10751.715537632486,103.69047949369549,54.12352576585009,-1.1688456243860612
2020-03-11,66.61331176757812,37.70167120480233,82.56881005248634,10751.715537632486,103.69047949369549,54.12352576585009,-1.1688456243860612
2020-03-12,60.0349235534668,37.7180397747724,82.56881005248634,10751.715537632486,103.69047949369549,54.12352576585009,-1.1688456243860612
2020-03-13,67.22760009765625,37.72475305246712,82.56881005248634,10751.715537632486,103.69047949369549,54.12352576585009,-1.1688456243860612
2020-03-16,58.57897567749024,37.791889817045515,82.56881005248634,10751.715537632486,103.69047949369549,54.12352576585009,-1.1688456243860612
2020-03-17,61.154693603515625,37.80128030822786,82.56881005248634,10751.715537632486,103.69047949369549,54.12352576585009,-1.1688456243860612
2020-03-18,59.65763473510742,37.823784609982695,82.56881005248634,10751.715537632486,103.69047949369549,54.12352576585009,-1.1688456243860612
2020-03-19,59.20054244995117,37.84013198169064,82.56881005248634,10751.715537632486,103.69047949369549,54.12352576585009,-1.1688456243860612
2020-03-20,55.4421501159668,37.845551701527555,82.56881005248634,10751.715537632486,103.69047949369549,54.12352576585009,-1.1688456243860612
2020-03-23,54.26433181762695,37.90175475208597,82.56881005248634,10751.715537632486,103.69047949369549,54.12352576585009,-1.1688456243860612
2020-03-24,59.70842361450195,37.90550553013365,82.56881005248634,10751.715537632486,103.69047949369549,54.12352576585009,-1.1688456243860612
2020-03-25,59.37949752807617,37.92161920853318,82.56881005248634,10751.715537632486,103.69047949369549,54.12352576585009,-1.1688456243860612
2020-03-26,62.50423812866211,37.93100466437197,82.56881005248634,10751.715537632486,103.69047949369549,54.12352576585009,-1.1688456243860612
2020-03-27,59.916412353515625,37.92908433739601,82.56881005248634,10751.715537632486,103.69047949369549,54.12352576585009,-1.1688456243860612
2020-03-30,61.62631607055664,37.96300812345587,82.56881005248634,10751.715537632486,103.69047949369549,54.12352576585009,-1.1688456243860612
2020-03-31,61.50054550170898,37.95989971414732,82.56881005248634,10751.715537632486,103.69047949369549,54.12352576585009,-1.1688456243860612
2020-04-01,58.26456069946289,37.969736132744465,82.56881005248634,10751.715537632486,103.69047949369549,54.12352576585009,-1.1688456243860612
2020-04-02,59.236812591552734,37.97357703221164,82.56881005248634,10751.715537632486,103.69047949369549,54.12352576585009,-1.1688456243860612
2020-04-03,58.385498046875,37.96697052221737,82.56881005248634,10751.715537632486,103.69047949369549,54.12352576585009,-1.1688456243860612
2020-04-06,63.47890090942383,37.99279951863829,82.56881005248634,10751.715537632486,103.69047949369549,54.12352576585009,-1.1688456243860612
2020-04-07,62.74366760253906,37.989090800849645,82.56881005248634,10751.715537632486,103.69047949369549,54.12352576585009,-1.1688456243860612
2020-04-08,64.34955596923828,37.999348318954134,82.56881005248634,10751.715537632486,103.69047949369549,54.12352576585009,-1.1688456243860612
2020-04-09,64.81391906738281,38.00456727409844,82.56881005248634,10751.715537632486,103.69047949369549,54.12352576585009,-1.1688456243860612
2020-04-13,66.08606719970703,38.03664162451793,82.56881005248634,10751.715537632486,103.69047949369549,54.12352576585009,-1.1688456243860612
2020-04-14,69.42361450195312,38.03724423423434,82.56881005248634,10751.715537632486,103.69047949369549,54.12352576585009,-1.1688456243860612
2020-04-15,68.78996276855469,38.051913650688135,82.56881005248634,10751.715537632486,103.69047949369549,54.12352576585009,-1.1688456243860612
2020-04-16,69.33655548095703,38.06146893461525,82.56881005248634,10751.715537632486,103.69047949369549,54.12352576585009,-1.1688456243860612
2020-04-17,68.39573669433594,38.06119381967323,82.56881005248634,10751.715537632486,103.69047949369549,54.12352576585009,-1.1688456243860612
2020-04-20,66.97608947753906,38.10690603999882,82.56881005248634,10751.715537632486,103.69047949369549,54.12352576585009,-1.1688456243860612
2020-04-21,64.90581512451172,38.10919216619103,82.56881005248634,10751.715537632486,103.69047949369549,54.12352576585009,-1.1688456243860612
2020-04-22,66.77533721923828,38.12469955352813,82.56881005248634,10751.715537632486,103.69047949369549,54.12352576585009,-1.1688456243860612
2020-04-23,66.51656341552734,38.134205731170766,82.56881005248634,10751.715537632486,103.69047949369549,54.12352576585009,-1.1688456243860612
2020-04-24,68.4368667602539,38.13298430305073,82.56881005248634,10751.715537632486,103.69047949369549,54.12352576585009,-1.1688456243860612
2020-04-27,68.4852523803711,38.17084511477049,82.56881005248634,10751.715537632486,103.69047949369549,54.12352576585009,-1.1688456243860612
2020-04-28,67.37513732910156,38.16911533825496,82.56881005248634,10751.715537632486,103.69047949369549,54.12352576585009,-1.1688456243860612
2020-04-29,69.58807373046875,38.180108878986495,82.56881005248634,10751.715537632486,103.69047949369549,54.12352576585009,-1.1688456243860612
2020-04-30,71.05610656738281,38.184755731115054,82.56881005248634,10751.715537632486,103.69047949369549,54.12352576585009,-1.1688456243860612
2020-05-01,69.91217803955078,38.17849662555071,82.56881005248634,10751.715537632486,103.69047949369549,54.12352576585009,-1.1688456243860612
2020-05-04,70.90135192871094,38.20195253400827,82.56881005248634,10751.715537632486,103.69047949369549,54.12352576585009,-1.1688456243860612
2020-05-05,71.96549224853516,38.1962457858202,82.56881005248634,10751.715537632486,103.69047949369549,54.12352576585009,-1.1688456243860612
2020-05-06,72.7079849243164,38.20394701452376,82.56881005248634,10751.715537632486,103.69047949369549,54.12352576585009,-1.1688456243860612
2020-05-07,73.46012115478516,38.20612508143096,82.56881005248634,10751.715537632486,103.69047949369549,54.12352576585009,-1.1688456243860612
2020-05-08,75.20860290527344,38.1983364766143,82.56881005248634,10751.715537632486,103.69047949369549,54.12352576585009,-1.1688456243860612
2020-05-11,76.39202117919922,38.223572428539974,82.56881005248634,10751.715537632486,103.69047949369549,54.12352576585009,-1.1688456243860612
2020-05-12,75.51901245117188,38.22066641811086,82.56881005248634,10751.715537632486,103.69047949369549,54.12352576585009,-1.1688456243860612
2020-05-13,74.60718536376953,38.23222985061635,82.56881005248634,10751.715537632486,103.69047949369549,54.12352576585009,-1.1688456243860612
2020-05-14,75.06552124023438,38.23925559579954,82.56881005248634,10751.715537632486,103.69047949369549,54.12352576585009,-1.1688456243860612
2020-05-15,74.62173461914062,38.237192317258746,82.56881005248634,10751.715537632486,103.69047949369549,54.12352576585009,-1.1688456243860612
2020-05-18,76.3799057006836,38.28337702464369,82.56881005248634,10751.715537632486,103.69047949369549,54.12352576585009,-1.1688456243860612
2020-05-19,75.93854522705078,38.2881042340459,82.56881005248634,10751.715537632486,103.69047949369549,54.12352576585009,-1.1688456243860612
2020-05-20,77.4154052734375,38.307285139586234,82.56881005248634,10751.715537632486,103.69047949369549,54.12352576585009,-1.1688456243860612
2020-05-21,76.83824157714844,38.32169764586414,82.56881005248634,10751.715537632486,103.69047949369549,54.12352576585009,-1.1688456243860612
2020-05-22,77.33295440673828,38.32657699248942,82.56881005248634,10751.715537632486,103.69047949369549,54.12352576585009,-1.1688456243860612
2020-05-26,76.80915069580078,38.396942157604634,82.56881005248634,10751.715537632486,103.69047949369549,54.12352576585009,-1.1688456243860612
2020-05-27,77.143798828125,38.418114375131125,82.56881005248634,10751.715537632486,103.69047949369549,54.12352576585009,-1.1688456243860612
2020-05-28,77.17776489257812,38.43314953580432,82.56881005248634,10751.715537632486,103.69047949369549,54.12352576585009,-1.1688456243860612
2020-05-29,77.10258483886719,38.43723179022737,82.56881005248634,10751.715537632486,103.69047949369549,54.12352576585009,-1.1688456243860612
2020-06-01,78.05078887939453,38.48873888273384,82.56881005248634,10751.715537632486,103.69047949369549,54.12352576585009,-1.1688456243860612
2020-06-02,78.41210174560547,38.49050394591179,82.56881005248634,10751.715537632486,103.69047949369549,54.12352576585009,-1.1688456243860612
2020-06-03,78.84376525878906,38.504324717938154,82.56881005248634,10751.715537632486,103.69047949369549,54.12352576585009,-1.1688456243860612
2020-06-04,78.16476440429688,38.51105596029955,82.56881005248634,10751.715537632486,103.69047949369549,54.12352576585009,-1.1688456243860612
2020-06-05,80.39095306396484,38.50607182308854,82.56881005248634,10751.715537632486,103.69047949369549,54.12352576585009,-1.1688456243860612
2020-06-08,80.86628723144531,38.52799548628277,82.56881005248634,10751.715537632486,103.69047949369549,54.12352576585009,-1.1688456243860612
2020-06-09,83.41987609863281,38.51989085749584,82.56881005248634,10751.715537632486,103.69047949369549,54.12352576585009,-1.1688456243860612
2020-06-10,85.56607055664062,38.524236901391546,82.56881005248634,10751.715537632486,103.69047949369549,54.12352576585009,-1.1688456243860612
2020-06-11,81.45797729492188,38.52211825471978,82.56881005248634,10751.715537632486,103.69047949369549,54.12352576585009,-1.1688456243860612
2020-06-12,82.16127014160156,38.509123873708006,82.56881005248634,10751.715537632486,103.69047949369549,54.12352576585009,-1.1688456243860612
2020-06-15,83.17737579345703,38.513861923788056,82.56881005248634,10751.715537632486,103.69047949369549,54.12352576585009,-1.1688456243860612
2020-06-16,85.38176727294922,38.502767143420726,82.56881005248634,10751.715537632486,103.69047949369549,54.12352576585009,-1.1688456243860612
2020-06-17,85.2629165649414,38.505635448778314,82.56881005248634,10751.715537632486,103.69047949369549,54.12352576585009,-1.1688456243860612
2020-06-18,85.29689025878906,38.50358161525198,82.56881005248634,10751.715537632486,103.69047949369549,54.12352576585009,-1.1688456243860612
2020-06-19,84.80944061279297,38.49218629472197,82.56881005248634,10751.715537632486,103.69047949369549,54.12352576585009,-1.1688456243860612
2020-06-22,87.02838134765625,38.510285182485376,82.56881005248634,10751.715537632486,103.69047949369549,54.12352576585009,-1.1688456243860612
2020-06-23,88.88597106933594,38.50611366481436,82.56881005248634,10751.715537632486,103.69047949369549,54.12352576585009,-1.1688456243860612
2020-06-24,87.31696319580078,38.516874030549666,82.56881005248634,10751.715537632486,103.69047949369549,54.12352576585009,-1.1688456243860612
2020-06-25,88.47613525390625,38.523486617739984,82.56881005248634,10751.715537632486,103.69047949369549,54.12352576585009,-1.1688456243860612
2020-06-26,85.75764465332031,38.521321787966535,82.56881005248634,10751.715537632486,103.69047949369549,54.12352576585009,-1.1688456243860612
2020-06-29,87.73406982421875,38.56827928786676,82.56881005248634,10751.715537632486,103.69047949369549,54.12352576585009,-1.1688456243860612
2020-06-30,88.46643829345703,38.57338127735746,82.56881005248634,10751.715537632486,103.69047949369549,54.12352576585009,-1.1688456243860612
2020-07-01,88.29910278320312,38.59289714840764,82.56881005248634,10751.715537632486,103.69047949369549,54.12352576585009,-1.1688456243860612
2020-07-02,88.29910278320312,38.6075651913334,82.56881005248634,10751.715537632486,103.69047949369549,54.12352576585009,-1.1688456243860612
2020-07-06,90.66112518310548,38.674826789648336,82.56881005248634,10751.715537632486,103.69047949369549,54.12352576585009,-1.1688456243860612
2020-07-07,90.37982940673828,38.68268325050683,82.56881005248634,10751.715537632486,103.69047949369549,54.12352576585009,-1.1688456243860612
2020-07-08,92.48477172851562,38.7037530440525,82.56881005248634,10751.715537632486,103.69047949369549,54.12352576585009,-1.1688456243860612
2020-07-09,92.88248443603516,38.71880437965662,82.56881005248634,10751.715537632486,103.69047949369549,54.12352576585009,-1.1688456243860612
2020-07-10,93.0449676513672,38.723109675485645,82.56881005248634,10751.715537632486,103.69047949369549,54.12352576585009,-1.1688456243860612
2020-07-13,92.61573791503906,38.77751372041802,82.56881005248634,10751.715537632486,103.69047949369549,54.12352576585009,-1.1688456243860612
2020-07-14,94.14838409423828,38.781325162854344,82.56881005248634,10751.715537632486,103.69047949369549,54.12352576585009,-1.1688456243860612
2020-07-15,94.79586791992188,38.797892807365585,82.56881005248634,10751.715537632486,103.69047949369549,54.12352576585009,-1.1688456243860612
2020-07-16,93.62943267822266,38.80815394734024,82.56881005248634,10751.715537632486,103.69047949369549,54.12352576585009,-1.1688456243860612
2020-07-17,93.44026184082033,38.80755104683818,82.56881005248634,10751.715537632486,103.69047949369549,54.12352576585009,-1.1688456243860612
2020-07-20,95.409423828125,38.848130340668156,82.56881005248634,10751.715537632486,103.69047949369549,54.12352576585009,-1.1688456243860612
2020-07-21,94.09259796142578,38.848105866341605,82.56881005248634,10751.715537632486,103.69047949369549,54.12352576585009,-1.1688456243860612
2020-07-22,94.35691833496094,38.86141414472182,82.56881005248634,10751.715537632486,103.69047949369549,54.12352576585009,-1.1688456243860612
2020-07-23,90.0621337890625,38.86907259850506,82.56881005248634,10751.715537632486,103.69047949369549,54.12352576585009,-1.1688456243860612
2020-07-24,89.83905029296875,38.86657809340357,82.56881005248634,10751.715537632486,103.69047949369549,54.12352576585009,-1.1688456243860612
2020-07-27,91.96823120117188,38.90589172095328,82.56881005248634,10751.715537632486,103.69047949369549,54.12352576585009,-1.1688456243860612
2020-07-28,90.45743560791016,38.90683174422964,82.56881005248634,10751.715537632486,103.69047949369549,54.12352576585009,-1.1688456243860612
2020-07-29,92.19134521484376,38.921695925367096,82.56881005248634,10751.715537632486,103.69047949369549,54.12352576585009,-1.1688456243860612
2020-07-30,93.306884765625,38.931409839829485,82.56881005248634,10751.715537632486,103.69047949369549,54.12352576585009,-1.1688456243860612
2020-07-31,103.07505798339844,38.93136271934004,82.56881005248634,10751.715537632486,103.69047949369549,54.12352576585009,-1.1688456243860612
2020-08-03,105.67230224609376,38.979143928688416,82.56881005248634,10751.715537632486,103.69047949369549,54.12352576585009,-1.1688456243860612
2020-08-04,106.37798309326172,38.982854298767705,82.56881005248634,10751.715537632486,103.69047949369549,54.12352576585009,-1.1688456243860612
2020-08-05,106.76358795166016,39.00025568907889,82.56881005248634,10751.715537632486,103.69047949369549,54.12352576585009,-1.1688456243860612
2020-08-06,110.48847198486328,39.012162599412044,82.56881005248634,10751.715537632486,103.69047949369549,54.12352576585009,-1.1688456243860612
2020-08-07,107.9764404296875,39.01386749128711,82.56881005248634,10751.715537632486,103.69047949369549,54.12352576585009,-1.1688456243860612
2020-08-10,109.5458526611328,39.06357092772149,82.56881005248634,10751.715537632486,103.69047949369549,54.12352576585009,-1.1688456243860612
2020-08-11,106.28797149658205,39.06669024907712,82.56881005248634,10751.715537632486,103.69047949369549,54.12352576585009,-1.1688456243860612
2020-08-12,109.82038879394533,39.08288306748298,82.56881005248634,10751.715537632486,103.69047949369549,54.12352576585009,-1.1688456243860612
2020-08-13,111.7639389038086,39.092998386225624,82.56881005248634,10751.715537632486,103.69047949369549,54.12352576585009,-1.1688456243860612
2020-08-14,111.66433715820312,39.092385514743086,82.56881005248634,10751.715537632486,103.69047949369549,54.12352576585009,-1.1688456243860612
2020-08-17,111.37279510498048,39.132836179383524,82.56881005248634,10751.715537632486,103.69047949369549,54.12352576585009,-1.1688456243860612
2020-08-18,112.30084228515624,39.13246555471599,82.56881005248634,10751.715537632486,103.69047949369549,54.12352576585009,-1.1688456243860612
2020-08-19,112.44174194335938,39.145170352073734,82.56881005248634,10751.715537632486,103.69047949369549,54.12352576585009,-1.1688456243860612
2020-08-20,114.93675994873048,39.15192818274575,82.56881005248634,10751.715537632486,103.69047949369549,54.12352576585009,-1.1688456243860612
2020-08-21,120.85974884033205,39.14821453656343,82.56881005248634,10751.715537632486,103.69047949369549,54.12352576585009,-1.1688456243860612
2020-08-24,122.30526733398438,39.182036244949,82.56881005248634,10751.715537632486,103.69047949369549,54.12352576585009,-1.1688456243860612
2020-08-25,121.30191040039062,39.180653648602465,82.56881005248634,10751.715537632486,103.69047949369549,54.12352576585009,-1.1688456243860612
2020-08-26,122.95149993896484,39.19305097344745,82.56881005248634,10751.715537632486,103.69047949369549,54.12352576585009,-1.1688456243860612
2020-08-27,121.481689453125,39.20023508063722,82.56881005248634,10751.715537632486,103.69047949369549,54.12352576585009,-1.1688456243860612
2020-08-28,121.28490447998048,39.19768555929755,82.56881005248634,10751.715537632486,103.69047949369549,54.12352576585009,-1.1688456243860612
2020-08-31,125.39791870117188,39.23908287367206,82.56881005248634,10751.715537632486,103.69047949369549,54.12352576585009,-1.1688456243860612
2020-09-01,130.3928680419922,39.241348970610986,82.56881005248634,10751.715537632486,103.69047949369549,54.12352576585009,-1.1688456243860612
2020-09-02,127.69131469726562,39.25778293669012,82.56881005248634,10751.715537632486,103.69047949369549,54.12352576585009,-1.1688456243860612
2020-09-03,117.46826171875,39.269260350598515,82.56881005248634,10751.715537632486,103.69047949369549,54.12352576585009,-1.1688456243860612
2020-09-04,117.5459976196289,39.27111673083101,82.56881005248634,10751.715537632486,103.69047949369549,54.12352576585009,-1.1688456243860612
2020-09-08,109.63574981689452,39.33045610870657,82.56881005248634,10751.715537632486,103.69047949369549,54.12352576585009,-1.1688456243860612
2020-09-09,114.00872039794922,39.349574175840296,82.56881005248634,10751.715537632486,103.69047949369549,54.12352576585009,-1.1688456243860612
2020-09-10,110.2868423461914,39.362978110967845,82.56881005248634,10751.715537632486,103.69047949369549,54.12352576585009,-1.1688456243860612
2020-09-11,108.83889770507812,39.36590219071291,82.56881005248634,10751.715537632486,103.69047949369549,54.12352576585009,-1.1688456243860612
2020-09-14,112.1040267944336,39.4170662673797,82.56881005248634,10751.715537632486,103.69047949369549,54.12352576585009,-1.1688456243860612
2020-09-15,112.27897644042967,39.41978789177424,82.56881005248634,10751.715537632486,103.69047949369549,54.12352576585009,-1.1688456243860612
2020-09-16,108.9652099609375,39.43508018935106,82.56881005248634,10751.715537632486,103.69047949369549,54.12352576585009,-1.1688456243860612
2020-09-17,107.22572326660156,39.443767111488214,82.56881005248634,10751.715537632486,103.69047949369549,54.12352576585009,-1.1688456243860612
2020-09-18,103.82452392578124,39.44118155413857,82.56881005248634,10751.715537632486,103.69047949369549,54.12352576585009,-1.1688456243860612
2020-09-21,106.97307586669922,39.47242672519504,82.56881005248634,10751.715537632486,103.69047949369549,54.12352576585009,-1.1688456243860612
2020-09-22,108.65424346923828,39.467934929136156,82.56881005248634,10751.715537632486,103.69047949369549,54.12352576585009,-1.1688456243860612
2020-09-23,104.09660339355467,39.476039610148916,82.56881005248634,10751.715537632486,103.69047949369549,54.12352576585009,-1.1688456243860612
2020-09-24,105.16555786132812,39.47776214829695,82.56881005248634,10751.715537632486,103.69047949369549,54.12352576585009,-1.1688456243860612
2020-09-25,109.11099243164062,39.46863153076534,82.56881005248634,10751.715537632486,103.69047949369549,54.12352576585009,-1.1688456243860612
2020-09-28,111.71533966064452,39.48457825641132,82.56881005248634,10751.715537632486,103.69047949369549,54.12352576585009,-1.1688456243860612
2020-09-29,110.8698959350586,39.47695474247426,82.56881005248634,10751.715537632486,103.69047949369549,54.12352576585009,-1.1688456243860612
2020-09-30,112.54133605957033,39.48311326085044,82.56881005248634,10751.715537632486,103.69047949369549,54.12352576585009,-1.1688456243860612
2020-10-01,113.49370574951172,39.484152038952,82.56881005248634,10751.715537632486,103.69047949369549,54.12352576585009,-1.1688456243860612
2020-10-02,109.8301010131836,39.47564326257915,82.56881005248634,10751.715537632486,103.69047949369549,54.12352576585009,-1.1688456243860612
2020-10-05,113.21186065673828,39.501185840548175,82.56881005248634,10751.715537632486,103.69047949369549,54.12352576585009,-1.1688456243860612
2020-10-06,109.96615600585938,39.499124219340366,82.56881005248634,10751.715537632486,103.69047949369549,54.12352576585009,-1.1688456243860612
2020-10-07,111.83195495605467,39.511834488257904,82.56881005248634,10751.715537632486,103.69047949369549,54.12352576585009,-1.1688456243860612
2020-10-08,111.7250518798828,39.520254301609015,82.56881005248634,10751.715537632486,103.69047949369549,54.12352576585009,-1.1688456243860612
2020-10-09,113.66860961914062,39.5197703303345,82.56881005248634,10751.715537632486,103.69047949369549,54.12352576585009,-1.1688456243860612
2020-10-12,120.88890838623048,39.571128122222035,82.56881005248634,10751.715537632486,103.69047949369549,54.12352576585009,-1.1688456243860612
2020-10-13,117.68203735351562,39.57749653217088,82.56881005248634,10751.715537632486,103.69047949369549,54.12352576585009,-1.1688456243860612
2020-10-14,117.76950073242188,39.598169601018526,82.56881005248634,10751.715537632486,103.69047949369549,54.12352576585009,-1.1688456243860612
2020-10-15,117.30305480957033,39.613869371507086,82.56881005248634,10751.715537632486,103.69047949369549,54.12352576585009,-1.1688456243860612
2020-10-16,115.66075897216795,39.61978375402696,82.56881005248634,10751.715537632486,103.69047949369549,54.12352576585009,-1.1688456243860612
2020-10-19,112.70655059814452,39.68342803395403,82.56881005248634,10751.715537632486,103.69047949369549,54.12352576585009,-1.1688456243860612
2020-10-20,114.19337463378906,39.69120462205496,82.56881005248634,10751.715537632486,103.69047949369549,54.12352576585009,-1.1688456243860612
2020-10-21,113.5714340209961,39.711839748578626,82.56881005248634,10751.715537632486,103.69047949369549,54.12352576585009,-1.1688456243860612
2020-10-22,112.48303985595705,39.726052371595536,82.56881005248634,10751.715537632486,103.69047949369549,54.12352576585009,-1.1688456243860612
2020-10-23,111.7930908203125,39.72906724466577,82.56881005248634,10751.715537632486,103.69047949369549,54.12352576585009,-1.1688456243860612
2020-10-26,111.80280303955078,39.77648186866872,82.56881005248634,10751.715537632486,103.69047949369549,54.12352576585009,-1.1688456243860612
2020-10-27,113.30905151367188,39.7768258339985,82.56881005248634,10751.715537632486,103.69047949369549,54.12352576585009,-1.1688456243860612
2020-10-28,108.06144714355467,39.789333658374815,82.56881005248634,10751.715537632486,103.69047949369549,54.12352576585009,-1.1688456243860612
2020-10-29,112.065185546875,39.7949473637302,82.56881005248634,10751.715537632486,103.69047949369549,54.12352576585009,-1.1688456243860612
2020-10-30,105.78751373291016,39.78912841450875,82.56881005248634,10751.715537632486,103.69047949369549,54.12352576585009,-1.1688456243860612
2020-11-02,105.7000503540039,39.81106357130186,82.56881005248634,10751.715537632486,103.69047949369549,54.12352576585009,-1.1688456243860612
2020-11-03,107.32292175292967,39.80403902959627,82.56881005248634,10751.715537632486,103.69047949369549,54.12352576585009,-1.1688456243860612
2020-11-04,111.70563507080078,39.81009605292678,82.56881005248634,10751.715537632486,103.69047949369549,54.12352576585009,-1.1688456243860612
2020-11-05,115.67046356201172,39.81035496191634,82.56881005248634,10751.715537632486,103.69047949369549,54.12352576585009,-1.1688456243860612
2020-11-06,115.5390396118164,39.80042472286942,82.56881005248634,10751.715537632486,103.69047949369549,54.12352576585009,-1.1688456243860612
2020-11-09,113.23198699951172,39.818417174269506,82.56881005248634,10751.715537632486,103.69047949369549,54.12352576585009,-1.1688456243860612
2020-11-10,112.89126586914062,39.81298587326706,82.56881005248634,10751.715537632486,103.69047949369549,54.12352576585009,-1.1688456243860612
2020-11-11,116.31781768798828,39.822041560651186,82.56881005248634,10751.715537632486,103.69047949369549,54.12352576585009,-1.1688456243860612
2020-11-12,116.04523468017578,39.826614517235804,82.56881005248634,10751.715537632486,103.69047949369549,54.12352576585009,-1.1688456243860612
2020-11-13,116.09391784667967,39.82218585582157,82.56881005248634,10751.715537632486,103.69047949369549,54.12352576585009,-1.1688456243860612
2020-11-16,117.10630798339844,39.8620434613286,82.56881005248634,10751.715537632486,103.69047949369549,54.12352576585009,-1.1688456243860612
2020-11-17,116.22047424316406,39.8649725402596,82.56881005248634,10751.715537632486,103.69047949369549,54.12352576585009,-1.1688456243860612
2020-11-18,114.89656066894533,39.882525072264286,82.56881005248634,10751.715537632486,103.69047949369549,54.12352576585009,-1.1688456243860612
2020-11-19,115.49037170410156,39.895480454834484,82.56881005248634,10751.715537632486,103.69047949369549,54.12352576585009,-1.1688456243860612
2020-11-20,114.2248992919922,39.899071374743585,82.56881005248634,10751.715537632486,103.69047949369549,54.12352576585009,-1.1688456243860612
2020-11-23,110.82755279541016,39.95850989637287,82.56881005248634,10751.715537632486,103.69047949369549,54.12352576585009,-1.1688456243860612
2020-11-24,112.11249542236328,39.96581304106114,82.56881005248634,10751.715537632486,103.69047949369549,54.12352576585009,-1.1688456243860612
2020-11-25,112.9496612548828,39.986406249556524,82.56881005248634,10751.715537632486,103.69047949369549,54.12352576585009,-1.1688456243860612
2020-11-27,113.49478912353516,40.00467171198517,82.56881005248634,10751.715537632486,103.69047949369549,54.12352576585009,-1.1688456243860612
2020-11-30,115.88948822021484,40.05551277668895,82.56881005248634,10751.715537632486,103.69047949369549,54.12352576585009,-1.1688456243860612
2020-12-01,119.4620590209961,40.05719158307164,82.56881005248634,10751.715537632486,103.69047949369549,54.12352576585009,-1.1688456243860612
2020-12-02,119.8125,40.0709894288911,82.56881005248634,10751.715537632486,103.69047949369549,54.12352576585009,-1.1688456243860612
2020-12-03,119.6762237548828,40.07776206909715,82.56881005248634,10751.715537632486,103.69047949369549,54.12352576585009,-1.1688456243860612
2020-12-04,119.00456237792967,40.07288694302851,82.56881005248634,10751.715537632486,103.69047949369549,54.12352576585009,-1.1688456243860612
2020-12-07,120.46471405029295,40.09560314149153,82.56881005248634,10751.715537632486,103.69047949369549,54.12352576585009,-1.1688456243860612
2020-12-08,121.0780029296875,40.08794314341969,82.56881005248634,10751.715537632486,103.69047949369549,54.12352576585009,-1.1688456243860612
2020-12-09,118.54701232910156,40.09283706917462,82.56881005248634,10751.715537632486,103.69047949369549,54.12352576585009,-1.1688456243860612
2020-12-10,119.96826171875,40.09137601320959,82.56881005248634,10751.715537632486,103.69047949369549,54.12352576585009,-1.1688456243860612
2020-12-11,119.16031646728516,40.079153341313265,82.56881005248634,10751.715537632486,103.69047949369549,54.12352576585009,-1.1688456243860612
2020-12-14,118.54701232910156,40.08688732731046,82.56881005248634,10751.715537632486,103.69047949369549,54.12352576585009,-1.1688456243860612
2020-12-15,124.4850845336914,40.07699545510509,82.56881005248634,10751.715537632486,103.69047949369549,54.12352576585009,-1.1688456243860612
2020-12-16,124.41693878173828,40.08114445408935,82.56881005248634,10751.715537632486,103.69047949369549,54.12352576585009,-1.1688456243860612
2020-12-17,125.28330993652344,40.080425608644916,82.56881005248634,10751.715537632486,103.69047949369549,54.12352576585009,-1.1688456243860612
2020-12-18,123.29747772216795,40.07038970804535,82.56881005248634,10751.715537632486,103.69047949369549,54.12352576585009,-1.1688456243860612
2020-12-21,124.82576751708984,40.09231863365551,82.56881005248634,10751.715537632486,103.69047949369549,54.12352576585009,-1.1688456243860612
2020-12-22,128.37889099121094,40.0891790129668,82.56881005248634,10751.715537632486,103.69047949369549,54.12352576585009,-1.1688456243860612
2020-12-23,127.48332977294922,40.1007544078199,82.56881005248634,10751.715537632486,103.69047949369549,54.12352576585009,-1.1688456243860612
2020-12-24,128.46646118164062,40.1079020212636,82.56881005248634,10751.715537632486,103.69047949369549,54.12352576585009,-1.1688456243860612
2020-12-28,133.06114196777344,40.150699499141524,82.56881005248634,10751.715537632486,103.69047949369549,54.12352576585009,-1.1688456243860612
2020-12-29,131.2895050048828,40.153936397730455,82.56881005248634,10751.715537632486,103.69047949369549,54.12352576585009,-1.1688456243860612
2020-12-30,130.17001342773438,40.170916894678875,82.56881005248634,10751.715537632486,103.69047949369549,54.12352576585009,-1.1688456243860612
2020-12-31,129.1673583984375,40.182326586259,82.56881005248634,10751.715537632486,103.69047949369549,54.12352576585009,-1.1688456243860612
2021-01-04,125.97445678710938,40.228578311772345,82.56881005248634,10751.715537632486,103.69047949369549,54.12352576585009,-1.1688456243860612
2021-01-05,127.53196716308594,40.22909814174699,82.56881005248634,10751.715537632486,103.69047949369549,54.12352576585009,-1.1688456243860612
2021-01-06,123.23906707763672,40.2420067894405,82.56881005248634,10751.715537632486,103.69047949369549,54.12352576585009,-1.1688456243860612
2021-01-07,127.44437408447266,40.24810195406261,82.56881005248634,10751.715537632486,103.69047949369549,54.12352576585009,-1.1688456243860612
2021-01-08,128.54437255859375,40.24270047465729,82.56881005248634,10751.715537632486,103.69047949369549,54.12352576585009,-1.1688456243860612
2021-01-11,125.55587768554688,40.26414612801775,82.56881005248634,10751.715537632486,103.69047949369549,54.12352576585009,-1.1688456243860612
2021-01-12,125.38066864013672,40.25598381525266,82.56881005248634,10751.715537632486,103.69047949369549,54.12352576585009,-1.1688456243860612
2021-01-13,127.41519165039062,40.260261225278754,82.56881005248634,10751.715537632486,103.69047949369549,54.12352576585009,-1.1688456243860612
2021-01-14,125.48773193359376,40.2580379734685,82.56881005248634,10751.715537632486,103.69047949369549,54.12352576585009,-1.1688456243860612
2021-01-15,123.76471710205078,40.24488695094144,82.56881005248634,10751.715537632486,103.69047949369549,54.12352576585009,-1.1688456243860612
2021-01-19,124.43641662597656,40.237379778297765,82.56881005248634,10751.715537632486,103.69047949369549,54.12352576585009,-1.1688456243860612
2021-01-20,128.52491760253906,40.239902433937935,82.56881005248634,10751.715537632486,103.69047949369549,54.12352576585009,-1.1688456243860612
2021-01-21,133.23641967773438,40.23753367218605,82.56881005248634,10751.715537632486,103.69047949369549,54.12352576585009,-1.1688456243860612
2021-01-22,135.3780059814453,40.225890035129034,82.56881005248634,10751.715537632486,103.69047949369549,54.12352576585009,-1.1688456243860612
2021-01-25,139.12583923339844,40.24403164578102,82.56881005248634,10751.715537632486,103.69047949369549,54.12352576585009,-1.1688456243860612
2021-01-26,139.35943603515625,40.2402636286434,82.56881005248634,10751.715537632486,103.69047949369549,54.12352576585009,-1.1688456243860612
2021-01-27,138.28866577148438,40.25167798523893,82.56881005248634,10751.715537632486,103.69047949369549,54.12352576585009,-1.1688456243860612
2021-01-28,133.4505615234375,40.25922057779438,82.56881005248634,10751.715537632486,103.69047949369549,54.12352576585009,-1.1688456243860612
2021-01-29,128.4567413330078,40.25827990624588,82.56881005248634,10751.715537632486,103.69047949369549,54.12352576585009,-1.1688456243860612
2021-02-01,130.578857421875,40.310722447463746,82.56881005248634,10751.715537632486,103.69047949369549,54.12352576585009,-1.1688456243860612
2021-02-02,131.40631103515625,40.31822333974386,82.56881005248634,10751.715537632486,103.69047949369549,54.12352576585009,-1.1688456243860612
2021-02-03,130.3842010498047,40.34038087225693,82.56881005248634,10751.715537632486,103.69047949369549,54.12352576585009,-1.1688456243860612
2021-02-04,133.74256896972656,40.35789280792702,82.56881005248634,10751.715537632486,103.69047949369549,54.12352576585009,-1.1688456243860612
2021-02-05,133.32821655273438,40.365921112399754,82.56881005248634,10751.715537632486,103.69047949369549,54.12352576585009,-1.1688456243860612
2021-02-08,133.47450256347656,40.43744915650132,82.56881005248634,10751.715537632486,103.69047949369549,54.12352576585009,-1.1688456243860612
2021-02-09,132.5971221923828,40.44827975216308,82.56881005248634,10751.715537632486,103.69047949369549,54.12352576585009,-1.1688456243860612
2021-02-10,131.99264526367188,40.47214064757736,82.56881005248634,10751.715537632486,103.69047949369549,54.12352576585009,-1.1688456243860612
2021-02-11,131.73915100097656,40.48972845049607,82.56881005248634,10751.715537632486,103.69047949369549,54.12352576585009,-1.1688456243860612
2021-02-12,131.97314453125,40.49624749658879,82.56881005248634,10751.715537632486,103.69047949369549,54.12352576585009,-1.1688456243860612
2021-02-16,129.84788513183594,40.55897287379018,82.56881005248634,10751.715537632486,103.69047949369549,54.12352576585009,-1.1688456243860612
2021-02-17,127.55681610107422,40.57539021974719,82.56881005248634,10751.715537632486,103.69047949369549,54.12352576585009,-1.1688456243860612
2021-02-18,126.45518493652344,40.58495740575432,82.56881005248634,10751.715537632486,103.69047949369549,54.12352576585009,-1.1688456243860612
2021-02-19,126.61116027832033,40.58312576320379,82.56881005248634,10751.715537632486,103.69047949369549,54.12352576585009,-1.1688456243860612
2021-02-22,122.83827209472656,40.61712665058228,82.56881005248634,10751.715537632486,103.69047949369549,54.12352576585009,-1.1688456243860612
2021-02-23,122.70178985595705,40.61412425360361,82.56881005248634,10751.715537632486,103.69047949369549,54.12352576585009,-1.1688456243860612
2021-02-24,122.20458221435548,40.62418495330575,82.56881005248634,10751.715537632486,103.69047949369549,54.12352576585009,-1.1688456243860612
2021-02-25,117.95398712158205,40.628416858680446,82.56881005248634,10751.715537632486,103.69047949369549,54.12352576585009,-1.1688456243860612
2021-02-26,118.21722412109376,40.62241604623102,82.56881005248634,10751.715537632486,103.69047949369549,54.12352576585009,-1.1688456243860612
2021-03-01,124.58335876464844,40.651800207479695,82.56881005248634,10751.715537632486,103.69047949369549,54.12352576585009,-1.1688456243860612
2021-03-02,121.98035430908205,40.64998900579988,82.56881005248634,10751.715537632486,103.69047949369549,54.12352576585009,-1.1688456243860612
2021-03-03,118.99713897705078,40.662555273654945,82.56881005248634,10751.715537632486,103.69047949369549,54.12352576585009,-1.1688456243860612
2021-03-04,117.1155776977539,40.670518689333676,82.56881005248634,10751.715537632486,103.69047949369549,54.12352576585009,-1.1688456243860612
2021-03-05,118.37319946289062,40.66935184236977,82.56881005248634,10751.715537632486,103.69047949369549,54.12352576585009,-1.1688456243860612
2021-03-08,113.44017028808594,40.71818039780377,82.56881005248634,10751.715537632486,103.69047949369549,54.12352576585009,-1.1688456243860612
2021-03-09,118.05148315429688,40.72383169218048,82.56881005248634,10751.715537632486,103.69047949369549,54.12352576585009,-1.1688456243860612
2021-03-10,116.9693374633789,40.743984236702595,82.56881005248634,10751.715537632486,103.69047949369549,54.12352576585009,-1.1688456243860612
2021-03-11,118.899658203125,40.7594311380882,82.56881005248634,10751.715537632486,103.69047949369549,54.12352576585009,-1.1688456243860612
2021-03-12,117.99298095703124,40.76542328766391,82.56881005248634,10751.715537632486,103.69047949369549,54.12352576585009,-1.1688456243860612
2021-03-15,120.87872314453124,40.83176929664763,82.56881005248634,10751.715537632486,103.69047949369549,54.12352576585009,-1.1688456243860612
2021-03-16,122.41907501220705,40.841376374173706,82.56881005248634,10751.715537632486,103.69047949369549,54.12352576585009,-1.1688456243860612
2021-03-17,121.62938690185548,40.864331317764545,82.56881005248634,10751.715537632486,103.69047949369549,54.12352576585009,-1.1688456243860612
2021-03-18,117.50554656982422,40.8813496801433,82.56881005248634,10751.715537632486,103.69047949369549,54.12352576585009,-1.1688456243860612
2021-03-19,116.97907257080078,40.88764088907253,82.56881005248634,10751.715537632486,103.69047949369549,54.12352576585009,-1.1688456243860612
2021-03-22,120.29377746582033,40.947385612146135,82.56881005248634,10751.715537632486,103.69047949369549,54.12352576585009,-1.1688456243860612
2021-03-23,119.46510314941406,40.952514603488744,82.56881005248634,10751.715537632486,103.69047949369549,54.12352576585009,-1.1688456243860612
2021-03-24,117.07656860351562,40.97004350316409,82.56881005248634,10751.715537632486,103.69047949369549,54.12352576585009,-1.1688456243860612
2021-03-25,117.56402587890624,40.98084278528104,82.56881005248634,10751.715537632486,103.69047949369549,54.12352576585009,-1.1688456243860612
2021-03-26,118.16847229003906,40.98029722266762,82.56881005248634,10751.715537632486,103.69047949369549,54.12352576585009,-1.1688456243860612
2021-03-29,118.34395599365234,41.01776829069735,82.56881005248634,10751.715537632486,103.69047949369549,54.12352576585009,-1.1688456243860612
2021-03-30,116.89134979248048,41.01555397750287,82.56881005248634,10751.715537632486,103.69047949369549,54.12352576585009,-1.1688456243860612
2021-03-31,119.08489990234376,41.02610431156843,82.56881005248634,10751.715537632486,103.69047949369549,54.12352576585009,-1.1688456243860612
2021-04-01,119.91355895996094,41.030465824385615,82.56881005248634,10751.715537632486,103.69047949369549,54.12352576585009,-1.1688456243860612
2021-04-05,122.74077606201172,41.049793621276535,82.56881005248634,10751.715537632486,103.69047949369549,54.12352576585009,-1.1688456243860612
2021-04-06,123.04299926757812,41.04565963061655,82.56881005248634,10751.715537632486,103.69047949369549,54.12352576585009,-1.1688456243860612
2021-04-07,124.69060516357422,41.05534787653806,82.56881005248634,10751.715537632486,103.69047949369549,54.12352576585009,-1.1688456243860612
2021-04-08,127.0888671875,41.05987998583741,82.56881005248634,10751.715537632486,103.69047949369549,54.12352576585009,-1.1688456243860612
2021-04-09,129.66261291503906,41.05474035808561,82.56881005248634,10751.715537632486,103.69047949369549,54.12352576585009,-1.1688456243860612
2021-04-12,127.94678497314452,41.088655108491274,82.56881005248634,10751.715537632486,103.69047949369549,54.12352576585009,-1.1688456243860612
2021-04-13,131.0567626953125,41.08846029734732,82.56881005248634,10751.715537632486,103.69047949369549,54.12352576585009,-1.1688456243860612
2021-04-14,128.71697998046875,41.102407135243396,82.56881005248634,10751.715537632486,103.69047949369549,54.12352576585009,-1.1688456243860612
2021-04-15,131.1249542236328,41.1113425930209,82.56881005248634,10751.715537632486,103.69047949369549,54.12352576585009,-1.1688456243860612
2021-04-16,130.7935333251953,41.110574510022744,82.56881005248634,10751.715537632486,103.69047949369549,54.12352576585009,-1.1688456243860612
2021-04-19,131.45645141601562,41.155737775833174,82.56881005248634,10751.715537632486,103.69047949369549,54.12352576585009,-1.1688456243860612
2021-04-20,129.76986694335938,41.158179472638615,82.56881005248634,10751.715537632486,103.69047949369549,54.12352576585009,-1.1688456243860612
2021-04-21,130.15005493164062,41.174011161252835,82.56881005248634,10751.715537632486,103.69047949369549,54.12352576585009,-1.1688456243860612
2021-04-22,128.6292266845703,41.18400107382765,82.56881005248634,10751.715537632486,103.69047949369549,54.12352576585009,-1.1688456243860612
2021-04-23,130.94955444335938,41.183407844398054,82.56881005248634,10751.715537632486,103.69047949369549,54.12352576585009,-1.1688456243860612
2021-04-26,131.33944702148438,41.2237960577787,82.56881005248634,10751.715537632486,103.69047949369549,54.12352576585009,-1.1688456243860612
2021-04-27,131.01776123046875,41.22302864228022,82.56881005248634,10751.715537632486,103.69047949369549,54.12352576585009,-1.1688456243860612
2021-04-28,130.2280731201172,41.234990553886135,82.56881005248634,10751.715537632486,103.69047949369549,54.12352576585009,-1.1688456243860612
2021-04-29,130.130615234375,41.24057749463747,82.56881005248634,10751.715537632486,103.69047949369549,54.12352576585009,-1.1688456243860612
2021-04-30,128.16127014160156,41.23519612699102,82.56881005248634,10751.715537632486,103.69047949369549,54.12352576585009,-1.1688456243860612
2021-05-03,129.2141571044922,41.26059648965453,82.56881005248634,10751.715537632486,103.69047949369549,54.12352576585009,-1.1688456243860612
2021-05-04,124.6418685913086,41.25521918006621,82.56881005248634,10751.715537632486,103.69047949369549,54.12352576585009,-1.1688456243860612
2021-05-05,124.88557434082033,41.26305692567854,82.56881005248634,10751.715537632486,103.69047949369549,54.12352576585009,-1.1688456243860612
2021-05-06,126.48442840576172,41.265166565819136,82.56881005248634,10751.715537632486,103.69047949369549,54.12352576585009,-1.1688456243860612
2021-05-07,127.15827178955078,41.25709870237319,82.56881005248634,10751.715537632486,103.69047949369549,54.12352576585009,-1.1688456243860612
2021-05-10,123.8769989013672,41.28026953441207,82.56881005248634,10751.715537632486,103.69047949369549,54.12352576585009,-1.1688456243860612
2021-05-11,122.9590301513672,41.276310468861375,82.56881005248634,10751.715537632486,103.69047949369549,54.12352576585009,-1.1688456243860612
2021-05-12,119.8926239013672,41.28667562092161,82.56881005248634,10751.715537632486,103.69047949369549,54.12352576585009,-1.1688456243860612
2021-05-13,122.04108428955078,41.29238793350632,82.56881005248634,10751.715537632486,103.69047949369549,54.12352576585009,-1.1688456243860612
2021-05-14,124.46294403076172,41.28893028363804,82.56881005248634,10751.715537632486,103.69047949369549,54.12352576585009,-1.1688456243860612
2021-05-17,123.31060028076172,41.330830021626866,82.56881005248634,10751.715537632486,103.69047949369549,54.12352576585009,-1.1688456243860612
2021-05-18,121.9238739013672,41.33422913920863,82.56881005248634,10751.715537632486,103.69047949369549,54.12352576585009,-1.1688456243860612
2021-05-19,121.7676239013672,41.35219826541332,82.56881005248634,10751.715537632486,103.69047949369549,54.12352576585009,-1.1688456243860612
2021-05-20,124.3262176513672,41.36555206516687,82.56881005248634,10751.715537632486,103.69047949369549,54.12352576585009,-1.1688456243860612
2021-05-21,122.49027252197266,41.369559028765345,82.56881005248634,10751.715537632486,103.69047949369549,54.12352576585009,-1.1688456243860612
2021-05-24,124.1211395263672,41.43068435109506,82.56881005248634,10751.715537632486,103.69047949369549,54.12352576585009,-1.1688456243860612
2021-05-25,123.92583465576172,41.43878829411474,82.56881005248634,10751.715537632486,103.69047949369549,54.12352576585009,-1.1688456243860612
2021-05-26,123.8769989013672,41.46033390976505,82.56881005248634,10751.715537632486,103.69047949369549,54.12352576585009,-1.1688456243860612
2021-05-27,122.34378814697266,41.476008990850694,82.56881005248634,10751.715537632486,103.69047949369549,54.12352576585009,-1.1688456243860612
2021-05-28,121.6894989013672,41.48098698777835,82.56881005248634,10751.715537632486,103.69047949369549,54.12352576585009,-1.1688456243860612
2021-06-01,121.3672332763672,41.53995388054682,82.56881005248634,10751.715537632486,103.69047949369549,54.12352576585009,-1.1688456243860612
2021-06-02,122.12895965576172,41.555564936668745,82.56881005248634,10751.715537632486,103.69047949369549,54.12352576585009,-1.1688456243860612
2021-06-03,120.64456939697266,41.5641533624807,82.56881005248634,10751.715537632486,103.69047949369549,54.12352576585009,-1.1688456243860612
2021-06-04,122.9394989013672,41.56104870559828,82.56881005248634,10751.715537632486,103.69047949369549,54.12352576585009,-1.1688456243860612
2021-06-07,122.9492645263672,41.58829289394411,82.56881005248634,10751.715537632486,103.69047949369549,54.12352576585009,-1.1688456243860612
2021-06-08,123.76956939697266,41.58171173639483,82.56881005248634,10751.715537632486,103.69047949369549,54.12352576585009,-1.1688456243860612
2021-06-09,124.15044403076172,41.58739146841281,82.56881005248634,10751.715537632486,103.69047949369549,54.12352576585009,-1.1688456243860612
2021-06-10,123.1543426513672,41.58638441686292,82.56881005248634,10751.715537632486,103.69047949369549,54.12352576585009,-1.1688456243860612
2021-06-11,124.36530303955078,41.57425283383281,82.56881005248634,10751.715537632486,103.69047949369549,54.12352576585009,-1.1688456243860612
2021-06-14,127.42195129394533,41.57991671202756,82.56881005248634,10751.715537632486,103.69047949369549,54.12352576585009,-1.1688456243860612
2021-06-15,126.6016082763672,41.56855486759178,82.56881005248634,10751.715537632486,103.69047949369549,54.12352576585009,-1.1688456243860612
2021-06-16,127.09968566894533,41.57087552210186,82.56881005248634,10751.715537632486,103.69047949369549,54.12352576585009,-1.1688456243860612
2021-06-17,128.7012176513672,41.56800830544054,82.56881005248634,10751.715537632486,103.69047949369549,54.12352576585009,-1.1688456243860612
2021-06-18,127.40241241455078,41.55555517509944,82.56881005248634,10751.715537632486,103.69047949369549,54.12352576585009,-1.1688456243860612
2021-06-21,129.1992645263672,41.56930960381038,82.56881005248634,10751.715537632486,103.69047949369549,54.12352576585009,-1.1688456243860612
2021-06-22,130.83987426757812,41.56341951597545,82.56881005248634,10751.715537632486,103.69047949369549,54.12352576585009,-1.1688456243860612
2021-06-23,130.56646728515625,41.5723932358597,82.56881005248634,10751.715537632486,103.69047949369549,54.12352576585009,-1.1688456243860612
2021-06-24,130.28326416015625,41.577193366261575,82.56881005248634,10751.715537632486,103.69047949369549,54.12352576585009,-1.1688456243860612
2021-06-25,129.9903106689453,41.57323225911721,82.56881005248634,10751.715537632486,103.69047949369549,54.12352576585009,-1.1688456243860612
2021-06-28,131.6211395263672,41.61529061294484,82.56881005248634,10751.715537632486,103.69047949369549,54.12352576585009,-1.1688456243860612
2021-06-29,133.13482666015625,41.61903749428138,82.56881005248634,10751.715537632486,103.69047949369549,54.12352576585009,-1.1688456243860612
2021-06-30,133.75006103515625,41.63738347403154,82.56881005248634,10751.715537632486,103.69047949369549,54.12352576585009,-1.1688456243860612
2021-07-01,134.0528106689453,41.6510864912164,82.56881005248634,10751.715537632486,103.69047949369549,54.12352576585009,-1.1688456243860612
2021-07-02,136.67974853515625,41.65537171811683,82.56881005248634,10751.715537632486,103.69047949369549,54.12352576585009,-1.1688456243860612
2021-07-06,138.69146728515625,41.724708379602696,82.56881005248634,10751.715537632486,103.69047949369549,54.12352576585009,-1.1688456243860612
2021-07-07,141.18170166015625,41.746109841630016,82.56881005248634,10751.715537632486,103.69047949369549,54.12352576585009,-1.1688456243860612
2021-07-08,139.8828887939453,41.76166536638565,82.56881005248634,10751.715537632486,103.69047949369549,54.12352576585009,-1.1688456243860612
2021-07-09,141.70901489257812,41.766622009606635,82.56881005248634,10751.715537632486,103.69047949369549,54.12352576585009,-1.1688456243860612
2021-07-12,141.11338806152344,41.823567375424744,82.56881005248634,10751.715537632486,103.69047949369549,54.12352576585009,-1.1688456243860612
2021-07-13,142.2266082763672,41.82831584198736,82.56881005248634,10751.715537632486,103.69047949369549,54.12352576585009,-1.1688456243860612
2021-07-14,145.65438842773438,41.84581237301009,82.56881005248634,10751.715537632486,103.69047949369549,54.12352576585009,-1.1688456243860612
2021-07-15,145.0000762939453,41.85696433307934,82.56881005248634,10751.715537632486,103.69047949369549,54.12352576585009,-1.1688456243860612
2021-07-16,142.95904541015625,41.85718679830358,82.56881005248634,10751.715537632486,103.69047949369549,54.12352576585009,-1.1688456243860612
2021-07-19,139.11135864257812,41.89962919263931,82.56881005248634,10751.715537632486,103.69047949369549,54.12352576585009,-1.1688456243860612
2021-07-20,142.7246551513672,41.89996983106521,82.56881005248634,10751.715537632486,103.69047949369549,54.12352576585009,-1.1688456243860612
2021-07-21,141.99221801757812,41.91350167609598,82.56881005248634,10751.715537632486,103.69047949369549,54.12352576585009,-1.1688456243860612
2021-07-22,143.35946655273438,41.92124165007009,82.56881005248634,10751.715537632486,103.69047949369549,54.12352576585009,-1.1688456243860612
2021-07-23,145.07818603515625,41.918691129813716,82.56881005248634,10751.715537632486,103.69047949369549,54.12352576585009,-1.1688456243860612
2021-07-26,145.4980926513672,41.95712494432274,82.56881005248634,10751.715537632486,103.69047949369549,54.12352576585009,-1.1688456243860612
2021-07-27,143.33010864257812,41.957591459021096,82.56881005248634,10751.715537632486,103.69047949369549,54.12352576585009,-1.1688456243860612
2021-07-28,141.5821075439453,41.97192779779423,82.56881005248634,10751.715537632486,103.69047949369549,54.12352576585009,-1.1688456243860612
2021-07-29,142.2266082763672,41.98108373453684,82.56881005248634,10751.715537632486,103.69047949369549,54.12352576585009,-1.1688456243860612
2021-07-30,142.44142150878906,41.98047332545087,82.56881005248634,10751.715537632486,103.69047949369549,54.12352576585009,-1.1688456243860612
2021-08-02,142.1094512939453,42.0267722018503,82.56881005248634,10751.715537632486,103.69047949369549,54.12352576585009,-1.1688456243860612
2021-08-03,143.9063262939453,42.03012872534984,82.56881005248634,10751.715537632486,103.69047949369549,54.12352576585009,-1.1688456243860612
2021-08-04,143.50588989257812,42.04727502192496,82.56881005248634,10751.715537632486,103.69047949369549,54.12352576585009,-1.1688456243860612
2021-08-05,143.61334228515625,42.05903734370297,82.56881005248634,10751.715537632486,103.69047949369549,54.12352576585009,-1.1688456243860612
2021-08-06,142.92874145507812,42.060715675857985,82.56881005248634,10751.715537632486,103.69047949369549,54.12352576585009,-1.1688456243860612
2021-08-09,142.87982177734375,42.111055212237474,82.56881005248634,10751.715537632486,103.69047949369549,54.12352576585009,-1.1688456243860612
2021-08-10,142.40060424804688,42.11460518816565,82.56881005248634,10751.715537632486,103.69047949369549,54.12352576585009,-1.1688456243860612
2021-08-11,142.6548614501953,42.13131746355152,82.56881005248634,10751.715537632486,103.69047949369549,54.12352576585009,-1.1688456243860612
2021-08-12,145.61831665039062,42.14202326486317,82.56881005248634,10751.715537632486,103.69047949369549,54.12352576585009,-1.1688456243860612
2021-08-13,145.8236846923828,42.14205127575959,82.56881005248634,10751.715537632486,103.69047949369549,54.12352576585009,-1.1688456243860612
2021-08-16,147.79928588867188,42.184493408970255,82.56881005248634,10751.715537632486,103.69047949369549,54.12352576585009,-1.1688456243860612
2021-08-17,146.88973999023438,42.1847282904959,82.56881005248634,10751.715537632486,103.69047949369549,54.12352576585009,-1.1688456243860612
2021-08-18,143.14389038085938,42.1979700877027,82.56881005248634,10751.715537632486,103.69047949369549,54.12352576585009,-1.1688456243860612
2021-08-19,143.47640991210938,42.20517533428904,82.56881005248634,10751.715537632486,103.69047949369549,54.12352576585009,-1.1688456243860612
2021-08-20,144.93368530273438,42.20180122243551,82.56881005248634,10751.715537632486,103.69047949369549,54.12352576585009,-1.1688456243860612
2021-08-23,146.4202880859375,42.235866399132405,82.56881005248634,10751.715537632486,103.69047949369549,54.12352576585009,-1.1688456243860612
2021-08-24,146.33226013183594,42.23428571451087,82.56881005248634,10751.715537632486,103.69047949369549,54.12352576585009,-1.1688456243860612
2021-08-25,145.09994506835938,42.24634680539006,82.56881005248634,10751.715537632486,103.69047949369549,54.12352576585009,-1.1688456243860612
2021-08-26,144.29795837402344,42.25306475597167,82.56881005248634,10751.715537632486,103.69047949369549,54.12352576585009,-1.1688456243860612
2021-08-27,145.33465576171875,42.24993209924623,82.56881005248634,10751.715537632486,103.69047949369549,54.12352576585009,-1.1688456243860612
2021-08-30,149.75534057617188,42.2890703789777,82.56881005248634,10751.715537632486,103.69047949369549,54.12352576585009,-1.1688456243860612
2021-08-31,148.49368286132812,42.29049463010553,82.56881005248634,10751.715537632486,103.69047949369549,54.12352576585009,-1.1688456243860612
2021-09-01,149.1587371826172,42.30608879514498,82.56881005248634,10751.715537632486,103.69047949369549,54.12352576585009,-1.1688456243860612
2021-09-02,150.273681640625,42.316758117638145,82.56881005248634,10751.715537632486,103.69047949369549,54.12352576585009,-1.1688456243860612
2021-09-03,150.90940856933594,42.3178676804403,82.56881005248634,10751.715537632486,103.69047949369549,54.12352576585009,-1.1688456243860612
2021-09-07,153.2469024658203,42.37536769268684,82.56881005248634,10751.715537632486,103.69047949369549,54.12352576585009,-1.1688456243860612
2021-09-08,151.70162963867188,42.39442037038388,82.56881005248634,10751.715537632486,103.69047949369549,54.12352576585009,-1.1688456243860612
2021-09-09,150.68447875976562,42.40794492799938,82.56881005248634,10751.715537632486,103.69047949369549,54.12352576585009,-1.1688456243860612
2021-09-10,145.696533203125,42.4111807500654,82.56881005248634,10751.715537632486,103.69047949369549,54.12352576585009,-1.1688456243860612
2021-09-13,146.26377868652344,42.46439140189525,82.56881005248634,10751.715537632486,103.69047949369549,54.12352576585009,-1.1688456243860612
2021-09-14,144.86521911621094,42.46812508243332,82.56881005248634,10751.715537632486,103.69047949369549,54.12352576585009,-1.1688456243860612
2021-09-15,145.75521850585938,42.48456051246452,82.56881005248634,10751.715537632486,103.69047949369549,54.12352576585009,-1.1688456243860612
2021-09-16,145.52044677734375,42.49449416874549,82.56881005248634,10751.715537632486,103.69047949369549,54.12352576585009,-1.1688456243860612
2021-09-17,142.8504638671875,42.49322764041375,82.56881005248634,10751.715537632486,103.69047949369549,54.12352576585009,-1.1688456243860612
2021-09-20,139.7990264892578,42.52851167504294,82.56881005248634,10751.715537632486,103.69047949369549,54.12352576585009,-1.1688456243860612
2021-09-21,140.2782745361328,42.525270127573165,82.56881005248634,10751.715537632486,103.69047949369549,54.12352576585009,-1.1688456243860612
2021-09-22,142.64511108398438,42.53451614507683,82.56881005248634,10751.715537632486,103.69047949369549,54.12352576585009,-1.1688456243860612
2021-09-23,143.6035919189453,42.537237299207696,82.56881005248634,10751.715537632486,103.69047949369549,54.12352576585009,-1.1688456243860612
2021-09-24,143.6915740966797,42.52893204426444,82.56881005248634,10751.715537632486,103.69047949369549,54.12352576585009,-1.1688456243860612
2021-09-27,142.17564392089844,42.54607820413865,82.56881005248634,10751.715537632486,103.69047949369549,54.12352576585009,-1.1688456243860612
2021-09-28,138.79168701171875,42.53837783395857,82.56881005248634,10751.715537632486,103.69047949369549,54.12352576585009,-1.1688456243860612
2021-09-29,139.6914520263672,42.54421144799695,82.56881005248634,10751.715537632486,103.69047949369549,54.12352576585009,-1.1688456243860612
2021-09-30,138.3906707763672,42.54468158493553,82.56881005248634,10751.715537632486,103.69047949369549,54.12352576585009,-1.1688456243860612
2021-10-01,139.51541137695312,42.53537156692987,82.56881005248634,10751.715537632486,103.69047949369549,54.12352576585009,-1.1688456243860612
2021-10-04,136.08253479003906,42.55732266961359,82.56881005248634,10751.715537632486,103.69047949369549,54.12352576585009,-1.1688456243860612
2021-10-05,138.00926208496094,42.55376570806531,82.56881005248634,10751.715537632486,103.69047949369549,54.12352576585009,-1.1688456243860612
2021-10-06,138.8796844482422,42.564891990916,82.56881005248634,10751.715537632486,103.69047949369549,54.12352576585009,-1.1688456243860612
2021-10-07,140.14134216308594,42.57168039581935,82.56881005248634,10751.715537632486,103.69047949369549,54.12352576585009,-1.1688456243860612
2021-10-08,139.75991821289062,42.569560588160556,82.56881005248634,10751.715537632486,103.69047949369549,54.12352576585009,-1.1688456243860612
2021-10-11,139.6719207763672,42.616415649003514,82.56881005248634,10751.715537632486,103.69047949369549,54.12352576585009,-1.1688456243860612
2021-10-12,138.40045166015625,42.62155385396239,82.56881005248634,10751.715537632486,103.69047949369549,54.12352576585009,-1.1688456243860612
2021-10-13,137.8136749267578,42.64119189277082,82.56881005248634,10751.715537632486,103.69047949369549,54.12352576585009,-1.1688456243860612
2021-10-14,140.6009979248047,42.65608064469748,82.56881005248634,10751.715537632486,103.69047949369549,54.12352576585009,-1.1688456243860612
2021-10-15,141.6572723388672,42.66143089860179,82.56881005248634,10751.715537632486,103.69047949369549,54.12352576585009,-1.1688456243860612
2021-10-18,143.32969665527344,42.72499039419138,82.56881005248634,10751.715537632486,103.69047949369549,54.12352576585009,-1.1688456243860612
2021-10-19,145.4911346435547,42.73327991149349,82.56881005248634,10751.715537632486,103.69047949369549,54.12352576585009,-1.1688456243860612
2021-10-20,145.98016357421875,42.754682514323285,82.56881005248634,10751.715537632486,103.69047949369549,54.12352576585009,-1.1688456243860612
2021-10-21,146.19532775878906,42.76989670402022,82.56881005248634,10751.715537632486,103.69047949369549,54.12352576585009,-1.1688456243860612
2021-10-22,145.42271423339844,42.77412021262904,82.56881005248634,10751.715537632486,103.69047949369549,54.12352576585009,-1.1688456243860612
2021-10-25,145.37379455566406,42.82605087013001,82.56881005248634,10751.715537632486,103.69047949369549,54.12352576585009,-1.1688456243860612
2021-10-26,146.0388641357422,42.828059024410884,82.56881005248634,10751.715537632486,103.69047949369549,54.12352576585009,-1.1688456243860612
2021-10-27,145.5791778564453,42.842235331023474,82.56881005248634,10751.715537632486,103.69047949369549,54.12352576585009,-1.1688456243860612
2021-10-28,149.2174530029297,42.84947564939416,82.56881005248634,10751.715537632486,103.69047949369549,54.12352576585009,-1.1688456243860612
2021-10-29,146.50828552246094,42.84519637517797,82.56881005248634,10751.715537632486,103.69047949369549,54.12352576585009,-1.1688456243860612
2021-11-01,145.68679809570312,42.87082103660665,82.56881005248634,10751.715537632486,103.69047949369549,54.12352576585009,-1.1688456243860612
2021-11-02,146.7234649658203,42.86460282688277,82.56881005248634,10751.715537632486,103.69047949369549,54.12352576585009,-1.1688456243860612
2021-11-03,148.16116333007812,42.87121218975745,82.56881005248634,10751.715537632486,103.69047949369549,54.12352576585009,-1.1688456243860612
2021-11-04,147.642822265625,42.87175446896835,82.56881005248634,10751.715537632486,103.69047949369549,54.12352576585009,-1.1688456243860612
2021-11-05,148.17172241210938,42.86183128567772,82.56881005248634,10751.715537632486,103.69047949369549,54.12352576585009,-1.1688456243860612
2021-11-08,147.3489990234375,42.87823134949804,82.56881005248634,10751.715537632486,103.69047949369549,54.12352576585009,-1.1688456243860612
2021-11-09,147.71133422851562,42.87178445856521,82.56881005248634,10751.715537632486,103.69047949369549,54.12352576585009,-1.1688456243860612
2021-11-10,144.88076782226562,42.87962631817404,82.56881005248634,10751.715537632486,103.69047949369549,54.12352576585009,-1.1688456243860612
2021-11-11,144.83177185058594,42.88282280728053,82.56881005248634,10751.715537632486,103.69047949369549,54.12352576585009,-1.1688456243860612
2021-11-12,146.90821838378906,42.8768953871927,82.56881005248634,10751.715537632486,103.69047949369549,54.12352576585009,-1.1688456243860612
2021-11-15,146.91798400878906,42.91197313728971,82.56881005248634,10751.715537632486,103.69047949369549,54.12352576585009,-1.1688456243860612
2021-11-16,147.89747619628906,42.91337102947494,82.56881005248634,10751.715537632486,103.69047949369549,54.12352576585009,-1.1688456243860612
2021-11-17,150.33633422851562,42.92950034463643,82.56881005248634,10751.715537632486,103.69047949369549,54.12352576585009,-1.1688456243860612
2021-11-18,154.62628173828125,42.941183021363685,82.56881005248634,10751.715537632486,103.69047949369549,54.12352576585009,-1.1688456243860612
2021-11-19,157.2512969970703,42.94369013993471,82.56881005248634,10751.715537632486,103.69047949369549,54.12352576585009,-1.1688456243860612
2021-11-22,157.71160888671875,43.00131033032853,82.56881005248634,10751.715537632486,103.69047949369549,54.12352576585009,-1.1688456243860612
2021-11-23,158.09356689453125,43.0085510046476,82.56881005248634,10751.715537632486,103.69047949369549,54.12352576585009,-1.1688456243860612
2021-11-24,158.6126708984375,43.029367556884665,82.56881005248634,10751.715537632486,103.69047949369549,54.12352576585009,-1.1688456243860612
2021-11-26,153.58810424804688,43.0489147870627,82.56881005248634,10751.715537632486,103.69047949369549,54.12352576585009,-1.1688456243860612
2021-11-29,156.94761657714844,43.10348125838331,82.56881005248634,10751.715537632486,103.69047949369549,54.12352576585009,-1.1688456243860612
2021-11-30,161.90365600585938,43.10675935215434,82.56881005248634,10751.715537632486,103.69047949369549,54.12352576585009,-1.1688456243860612
2021-12-01,161.3845672607422,43.1222681860135,82.56881005248634,10751.715537632486,103.69047949369549,54.12352576585009,-1.1688456243860612
2021-12-02,160.39527893066406,43.13081785451212,82.56881005248634,10751.715537632486,103.69047949369549,54.12352576585009,-1.1688456243860612
2021-12-03,158.5147247314453,43.12773829141529,82.56881005248634,10751.715537632486,103.69047949369549,54.12352576585009,-1.1688456243860612
2021-12-06,161.92323303222656,43.15547821031159,82.56881005248634,10751.715537632486,103.69047949369549,54.12352576585009,-1.1688456243860612
2021-12-07,167.662841796875,43.149223482429385,82.56881005248634,10751.715537632486,103.69047949369549,54.12352576585009,-1.1688456243860612
2021-12-08,171.48272705078125,43.15532320220276,82.56881005248634,10751.715537632486,103.69047949369549,54.12352576585009,-1.1688456243860612
2021-12-09,170.973388671875,43.154837552658506,82.56881005248634,10751.715537632486,103.69047949369549,54.12352576585009,-1.1688456243860612
2021-12-10,175.76290893554688,43.14333562542887,82.56881005248634,10751.715537632486,103.69047949369549,54.12352576585009,-1.1688456243860612
2021-12-13,172.12918090820312,43.151573809268356,82.56881005248634,10751.715537632486,103.69047949369549,54.12352576585009,-1.1688456243860612
2021-12-14,170.74813842773438,43.14129386440356,82.56881005248634,10751.715537632486,103.69047949369549,54.12352576585009,-1.1688456243860612
2021-12-15,175.6160125732422,43.14479503358173,82.56881005248634,10751.715537632486,103.69047949369549,54.12352576585009,-1.1688456243860612
2021-12-16,168.72064208984375,43.14319102221214,82.56881005248634,10751.715537632486,103.69047949369549,54.12352576585009,-1.1688456243860612
2021-12-17,167.62367248535156,43.13206185405908,82.56881005248634,10751.715537632486,103.69047949369549,54.12352576585009,-1.1688456243860612
2021-12-20,166.26220703125,43.14983792669819,82.56881005248634,10751.715537632486,103.69047949369549,54.12352576585009,-1.1688456243860612
2021-12-21,169.43565368652344,43.145168143599086,82.56881005248634,10751.715537632486,103.69047949369549,54.12352576585009,-1.1688456243860612
2021-12-22,172.0312042236328,43.1552185540561,82.56881005248634,10751.715537632486,103.69047949369549,54.12352576585009,-1.1688456243860612
2021-12-23,172.65805053710938,43.16089371244926,82.56881005248634,10751.715537632486,103.69047949369549,54.12352576585009,-1.1688456243860612
2021-12-27,176.62484741210938,43.19918985069751,82.56881005248634,10751.715537632486,103.69047949369549,54.12352576585009,-1.1688456243860612
2021-12-28,175.606201171875,43.20182603980661,82.56881005248634,10751.715537632486,103.69047949369549,54.12352576585009,-1.1688456243860612
2021-12-29,175.69435119628906,43.21846549790612,82.56881005248634,10751.715537632486,103.69047949369549,54.12352576585009,-1.1688456243860612
2021-12-30,174.53860473632812,43.229805923962545,82.56881005248634,10751.715537632486,103.69047949369549,54.12352576585009,-1.1688456243860612
2021-12-31,173.92156982421875,43.2310180807119,82.56881005248634,10751.715537632486,103.69047949369549,54.12352576585009,-1.1688456243860612
2022-01-03,178.2703094482422,43.278455657207566,82.56881005248634,10751.715537632486,103.69047949369549,54.12352576585009,-1.1688456243860612
2022-01-04,176.00782775878906,43.2801631740958,82.56881005248634,10751.715537632486,103.69047949369549,54.12352576585009,-1.1688456243860612
2022-01-05,171.3260040283203,43.29443701567873,82.56881005248634,10751.715537632486,103.69047949369549,54.12352576585009,-1.1688456243860612
2022-01-06,168.46597290039062,43.30203533777026,82.56881005248634,10751.715537632486,103.69047949369549,54.12352576585009,-1.1688456243860612
2022-01-07,168.6325225830078,43.29823098723059,82.56881005248634,10751.715537632486,103.69047949369549,54.12352576585009,-1.1688456243860612
2022-01-10,168.65206909179688,43.32455188238768,82.56881005248634,10751.715537632486,103.69047949369549,54.12352576585009,-1.1688456243860612
2022-01-11,171.48272705078125,43.31787883089952,82.56881005248634,10751.715537632486,103.69047949369549,54.12352576585009,-1.1688456243860612
2022-01-12,171.92344665527344,43.32349870623266,82.56881005248634,10751.715537632486,103.69047949369549,54.12352576585009,-1.1688456243860612
2022-01-13,168.65206909179688,43.32242844398695,82.56881005248634,10751.715537632486,103.69047949369549,54.12352576585009,-1.1688456243860612
2022-01-14,169.51400756835938,43.31020311119955,82.56881005248634,10751.715537632486,103.69047949369549,54.12352576585009,-1.1688456243860612
2022-01-18,166.31118774414062,43.3035951115377,82.56881005248634,10751.715537632486,103.69047949369549,54.12352576585009,-1.1688456243860612
2022-01-19,162.81454467773438,43.305575547989626,82.56881005248634,10751.715537632486,103.69047949369549,54.12352576585009,-1.1688456243860612
2022-01-20,161.1298828125,43.302360143082474,82.56881005248634,10751.715537632486,103.69047949369549,54.12352576585009,-1.1688456243860612
2022-01-21,159.07301330566406,43.28958117925914,82.56881005248634,10751.715537632486,103.69047949369549,54.12352576585009,-1.1688456243860612
2022-01-24,158.2992706298828,43.302855518319404,82.56881005248634,10751.715537632486,103.69047949369549,54.12352576585009,-1.1688456243860612
2022-01-25,156.49705505371094,43.29710066130833,82.56881005248634,10751.715537632486,103.69047949369549,54.12352576585009,-1.1688456243860612
2022-01-26,156.40890502929688,43.30641998106144,82.56881005248634,10751.715537632486,103.69047949369549,54.12352576585009,-1.1688456243860612
2022-01-27,155.94854736328125,43.3118088278303,82.56881005248634,10751.715537632486,103.69047949369549,54.12352576585009,-1.1688456243860612
2022-01-28,166.8302764892578,43.30870671127912,82.56881005248634,10751.715537632486,103.69047949369549,54.12352576585009,-1.1688456243860612
2022-01-31,171.18885803222656,43.35512226168164,82.56881005248634,10751.715537632486,103.69047949369549,54.12352576585009,-1.1688456243860612
2022-02-01,171.02239990234375,43.36092267703969,82.56881005248634,10751.715537632486,103.69047949369549,54.12352576585009,-1.1688456243860612
2022-02-02,172.22711181640625,43.38160168116314,82.56881005248634,10751.715537632486,103.69047949369549,54.12352576585009,-1.1688456243860612
2022-02-03,169.34747314453125,43.39788909496206,82.56881005248634,10751.715537632486,103.69047949369549,54.12352576585009,-1.1688456243860612
2022-02-04,169.06312561035156,43.40497196957808,82.56881005248634,10751.715537632486,103.69047949369549,54.12352576585009,-1.1688456243860612
2022-02-07,168.3472137451172,43.475472395385665,82.56881005248634,10751.715537632486,103.69047949369549,54.12352576585009,-1.1688456243860612
2022-02-08,171.45599365234375,43.48656715902637,82.56881005248634,10751.715537632486,103.69047949369549,54.12352576585009,-1.1688456243860612
2022-02-09,172.87802124023438,43.51097712657992,82.56881005248634,10751.715537632486,103.69047949369549,54.12352576585009,-1.1688456243860612
2022-02-10,168.7982940673828,43.52937631245818,82.56881005248634,10751.715537632486,103.69047949369549,54.12352576585009,-1.1688456243860612
2022-02-11,165.3854522705078,43.53693963996205,82.56881005248634,10751.715537632486,103.69047949369549,54.12352576585009,-1.1688456243860612
2022-02-14,165.62083435058594,43.5996195322804,82.56881005248634,10751.715537632486,103.69047949369549,54.12352576585009,-1.1688456243860612
2022-02-15,169.4553985595703,43.60539745416252,82.56881005248634,10751.715537632486,103.69047949369549,54.12352576585009,-1.1688456243860612
2022-02-16,169.22000122070312,43.62341310074607,82.56881005248634,10751.715537632486,103.69047949369549,54.12352576585009,-1.1688456243860612
2022-02-17,165.62083435058594,43.634550302433425,82.56881005248634,10751.715537632486,103.69047949369549,54.12352576585009,-1.1688456243860612
2022-02-18,164.0713348388672,43.6342144873344,82.56881005248634,10751.715537632486,103.69047949369549,54.12352576585009,-1.1688456243860612
2022-02-22,161.1488494873047,43.66965884548531,82.56881005248634,10751.715537632486,103.69047949369549,54.12352576585009,-1.1688456243860612
2022-02-23,156.98086547851562,43.68029314805025,82.56881005248634,10751.715537632486,103.69047949369549,54.12352576585009,-1.1688456243860612
2022-02-24,159.59933471679688,43.6848448371337,82.56881005248634,10751.715537632486,103.69047949369549,54.12352576585009,-1.1688456243860612
2022-02-25,161.66860961914062,43.678903504007174,82.56881005248634,10751.715537632486,103.69047949369549,54.12352576585009,-1.1688456243860612
2022-02-28,161.9333953857422,43.706953820698516,82.56881005248634,10751.715537632486,103.69047949369549,54.12352576585009,-1.1688456243860612
2022-03-01,160.05043029785156,43.704246749856914,82.56881005248634,10751.715537632486,103.69047949369549,54.12352576585009,-1.1688456243860612
2022-03-02,163.34559631347656,43.7157342414266,82.56881005248634,10751.715537632486,103.69047949369549,54.12352576585009,-1.1688456243860612
2022-03-03,163.02197265625,43.7224697536035,82.56881005248634,10751.715537632486,103.69047949369549,54.12352576585009,-1.1688456243860612
2022-03-04,160.0210418701172,43.71996371281434,82.56881005248634,10751.715537632486,103.69047949369549,54.12352576585009,-1.1688456243860612
2022-03-07,156.22572326660156,43.76452180142276,82.56881005248634,10751.715537632486,103.69047949369549,54.12352576585009,-1.1688456243860612
2022-03-08,154.40164184570312,43.76880713910461,82.56881005248634,10751.715537632486,103.69047949369549,54.12352576585009,-1.1688456243860612
2022-03-09,159.80528259277344,43.78769083565074,82.56881005248634,10751.715537632486,103.69047949369549,54.12352576585009,-1.1688456243860612
2022-03-10,155.46078491210938,43.80200296666264,82.56881005248634,10751.715537632486,103.69047949369549,54.12352576585009,-1.1688456243860612
2022-03-11,151.74392700195312,43.80702719534185,82.56881005248634,10751.715537632486,103.69047949369549,54.12352576585009,-1.1688456243860612
2022-03-14,147.7132110595703,43.871717317531,82.56881005248634,10751.715537632486,103.69047949369549,54.12352576585009,-1.1688456243860612
2022-03-15,152.09695434570312,43.881239258829766,82.56881005248634,10751.715537632486,103.69047949369549,54.12352576585009,-1.1688456243860612
2022-03-16,156.51014709472656,43.90435090164434,82.56881005248634,10751.715537632486,103.69047949369549,54.12352576585009,-1.1688456243860612
2022-03-17,157.520263671875,43.92176242500185,82.56881005248634,10751.715537632486,103.69047949369549,54.12352576585009,-1.1688456243860612
2022-03-18,160.81539916992188,43.92867116831982,82.56881005248634,10751.715537632486,103.69047949369549,54.12352576585009,-1.1688456243860612
2022-03-21,162.18841552734375,43.99140348585065,82.56881005248634,10751.715537632486,103.69047949369549,54.12352576585009,-1.1688456243860612
2022-03-22,165.56201171875,43.99781116999639,82.56881005248634,10751.715537632486,103.69047949369549,54.12352576585009,-1.1688456243860612
2022-03-23,166.92520141601562,44.01670305380832,82.56881005248634,10751.715537632486,103.69047949369549,54.12352576585009,-1.1688456243860612
2022-03-24,170.71067810058594,44.02891190903958,82.56881005248634,10751.715537632486,103.69047949369549,54.12352576585009,-1.1688456243860612
2022-03-25,171.34812927246094,44.02978410097242,82.56881005248634,10751.715537632486,103.69047949369549,54.12352576585009,-1.1688456243860612
2022-03-28,172.21115112304688,44.071186915298064,82.56881005248634,10751.715537632486,103.69047949369549,54.12352576585009,-1.1688456243860612
2022-03-29,175.50631713867188,44.070064570869214,82.56881005248634,10751.715537632486,103.69047949369549,54.12352576585009,-1.1688456243860612
2022-03-30,174.3392791748047,44.08155129795224,82.56881005248634,10751.715537632486,103.69047949369549,54.12352576585009,-1.1688456243860612
2022-03-31,171.24026489257812,44.086673237941554,82.56881005248634,10751.715537632486,103.69047949369549,54.12352576585009,-1.1688456243860612
2022-04-01,170.946044921875,44.080956948731966,82.56881005248634,10751.715537632486,103.69047949369549,54.12352576585009,-1.1688456243860612
2022-04-04,174.99636840820312,44.1070834320718,82.56881005248634,10751.715537632486,103.69047949369549,54.12352576585009,-1.1688456243860612
2022-04-05,171.6815643310547,44.102734844090534,82.56881005248634,10751.715537632486,103.69047949369549,54.12352576585009,-1.1688456243860612
2022-04-06,168.513916015625,44.112037470553986,82.56881005248634,10751.715537632486,103.69047949369549,54.12352576585009,-1.1688456243860612
2022-04-07,168.8179168701172,44.11603398026384,82.56881005248634,10751.715537632486,103.69047949369549,54.12352576585009,-1.1688456243860612
2022-04-08,166.80746459960938,44.110234224700044,82.56881005248634,10751.715537632486,103.69047949369549,54.12352576585009,-1.1688456243860612
2022-04-11,162.55123901367188,44.14172346508358,82.56881005248634,10751.715537632486,103.69047949369549,54.12352576585009,-1.1688456243860612
2022-04-12,164.42442321777344,44.1406812690446,82.56881005248634,10751.715537632486,103.69047949369549,54.12352576585009,-1.1688456243860612
2022-04-13,167.11151123046875,44.15381669860472,82.56881005248634,10751.715537632486,103.69047949369549,54.12352576585009,-1.1688456243860612
2022-04-14,162.10011291503906,44.162008120889986,82.56881005248634,10751.715537632486,103.69047949369549,54.12352576585009,-1.1688456243860612
2022-04-18,161.88438415527344,44.2046168417246,82.56881005248634,10751.715537632486,103.69047949369549,54.12352576585009,-1.1688456243860612
2022-04-19,164.16940307617188,44.206999204667014,82.56881005248634,10751.715537632486,103.69047949369549,54.12352576585009,-1.1688456243860612
2022-04-20,164.0026397705078,44.222943522824785,82.56881005248634,10751.715537632486,103.69047949369549,54.12352576585009,-1.1688456243860612
2022-04-21,163.2082977294922,44.23321619639994,82.56881005248634,10751.715537632486,103.69047949369549,54.12352576585009,-1.1688456243860612
2022-04-22,158.66766357421875,44.23306803185543,82.56881005248634,10751.715537632486,103.69047949369549,54.12352576585009,-1.1688456243860612
2022-04-25,159.73663330078125,44.2756032517541,82.56881005248634,10751.715537632486,103.69047949369549,54.12352576585009,-1.1688456243860612
2022-04-26,153.7739715576172,44.275743885375114,82.56881005248634,10751.715537632486,103.69047949369549,54.12352576585009,-1.1688456243860612
2022-04-27,153.54844665527344,44.288661375460045,82.56881005248634,10751.715537632486,103.69047949369549,54.12352576585009,-1.1688456243860612
2022-04-28,160.48196411132812,44.295218384114854,82.56881005248634,10751.715537632486,103.69047949369549,54.12352576585009,-1.1688456243860612
2022-04-29,154.60755920410156,44.29078739708623,82.56881005248634,10751.715537632486,103.69047949369549,54.12352576585009,-1.1688456243860612
2022-05-02,154.9115753173828,44.31858479833149,82.56881005248634,10751.715537632486,103.69047949369549,54.12352576585009,-1.1688456243860612
2022-05-03,156.40223693847656,44.31375258931367,82.56881005248634,10751.715537632486,103.69047949369549,54.12352576585009,-1.1688456243860612
2022-05-04,162.81605529785156,44.32196544816078,82.56881005248634,10751.715537632486,103.69047949369549,54.12352576585009,-1.1688456243860612
2022-05-05,153.7445526123047,44.32426119350731,82.56881005248634,10751.715537632486,103.69047949369549,54.12352576585009,-1.1688456243860612
2022-05-06,154.47132873535156,44.31617693704683,82.56881005248634,10751.715537632486,103.69047949369549,54.12352576585009,-1.1688456243860612
2022-05-09,149.3445281982422,44.33804099044965,82.56881005248634,10751.715537632486,103.69047949369549,54.12352576585009,-1.1688456243860612
2022-05-10,151.75079345703125,44.3332450841948,82.56881005248634,10751.715537632486,103.69047949369549,54.12352576585009,-1.1688456243860612
2022-05-11,143.8838348388672,44.3425976219017,82.56881005248634,10751.715537632486,103.69047949369549,54.12352576585009,-1.1688456243860612
2022-05-12,140.01419067382812,44.34714532166309,82.56881005248634,10751.715537632486,103.69047949369549,54.12352576585009,-1.1688456243860612
2022-05-13,144.48292541503906,44.34239996628254,82.56881005248634,10751.715537632486,103.69047949369549,54.12352576585009,-1.1688456243860612
2022-05-16,142.94097900390625,44.38004685498661,82.56881005248634,10751.715537632486,103.69047949369549,54.12352576585009,-1.1688456243860612
2022-05-17,146.57489013671875,44.38202777767347,82.56881005248634,10751.715537632486,103.69047949369549,54.12352576585009,-1.1688456243860612
2022-05-18,138.30528259277344,44.39864578717973,82.56881005248634,10751.715537632486,103.69047949369549,54.12352576585009,-1.1688456243860612
2022-05-19,134.89724731445312,44.41075516925628,82.56881005248634,10751.715537632486,103.69047949369549,54.12352576585009,-1.1688456243860612
2022-05-20,135.1329345703125,44.41366188607579,82.56881005248634,10751.715537632486,103.69047949369549,54.12352576585009,-1.1688456243860612
2022-05-23,140.5543670654297,44.472671535283325,82.56881005248634,10751.715537632486,103.69047949369549,54.12352576585009,-1.1688456243860612
2022-05-24,137.85348510742188,44.48054718846443,82.56881005248634,10751.715537632486,103.69047949369549,54.12352576585009,-1.1688456243860612
2022-05-25,138.01063537597656,44.50212891434002,82.56881005248634,10751.715537632486,103.69047949369549,54.12352576585009,-1.1688456243860612
2022-05-26,141.21241760253906,44.5181099279009,82.56881005248634,10751.715537632486,103.69047949369549,54.12352576585009,-1.1688456243860612
2022-05-27,146.9677734375,44.52366194051354,82.56881005248634,10751.715537632486,103.69047949369549,54.12352576585009,-1.1688456243860612
2022-05-31,146.18203735351562,44.58732458146673,82.56881005248634,10751.715537632486,103.69047949369549,54.12352576585009,-1.1688456243860612
2022-06-01,146.05438232421875,44.60458280170523,82.56881005248634,10751.715537632486,103.69047949369549,54.12352576585009,-1.1688456243860612
2022-06-02,148.5097198486328,44.61493803213319,82.56881005248634,10751.715537632486,103.69047949369549,54.12352576585009,-1.1688456243860612
2022-06-03,142.78382873535156,44.61367795532058,82.56881005248634,10751.715537632486,103.69047949369549,54.12352576585009,-1.1688456243860612
2022-06-06,143.5302734375,44.646475934293235,82.56881005248634,10751.715537632486,103.69047949369549,54.12352576585009,-1.1688456243860612
2022-06-07,146.05438232421875,44.64160287592211,82.56881005248634,10751.715537632486,103.69047949369549,54.12352576585009,-1.1688456243860612
2022-06-08,145.31777954101562,44.64884789782887,82.56881005248634,10751.715537632486,103.69047949369549,54.12352576585009,-1.1688456243860612
2022-06-09,140.0927734375,44.64922521080552,82.56881005248634,10751.715537632486,103.69047949369549,54.12352576585009,-1.1688456243860612
2022-06-10,134.68116760253906,44.638263481638454,82.56881005248634,10751.715537632486,103.69047949369549,54.12352576585009,-1.1688456243860612
2022-06-13,129.52493286132812,44.64589933108059,82.56881005248634,10751.715537632486,103.69047949369549,54.12352576585009,-1.1688456243860612
2022-06-14,130.38919067382812,44.63463149250676,82.56881005248634,10751.715537632486,103.69047949369549,54.12352576585009,-1.1688456243860612
2022-06-15,133.0115203857422,44.63675674851584,82.56881005248634,10751.715537632486,103.69047949369549,54.12352576585009,-1.1688456243860612
2022-06-16,127.73743438720705,44.63341089853286,82.56881005248634,10751.715537632486,103.69047949369549,54.12352576585009,-1.1688456243860612
2022-06-17,129.21060180664062,44.62020906322551,82.56881005248634,10751.715537632486,103.69047949369549,54.12352576585009,-1.1688456243860612
2022-06-21,133.4436492919922,44.62285805676296,82.56881005248634,10751.715537632486,103.69047949369549,54.12352576585009,-1.1688456243860612
2022-06-22,132.93299865722656,44.63013675229699,82.56881005248634,10751.715537632486,103.69047949369549,54.12352576585009,-1.1688456243860612
2022-06-23,135.80081176757812,44.633163307874014,82.56881005248634,10751.715537632486,103.69047949369549,54.12352576585009,-1.1688456243860612
2022-06-24,139.13026428222656,44.627392229874495,82.56881005248634,10751.715537632486,103.69047949369549,54.12352576585009,-1.1688456243860612
2022-06-27,139.13026428222656,44.6642172627937,82.56881005248634,10751.715537632486,103.69047949369549,54.12352576585009,-1.1688456243860612
2022-06-28,134.9856414794922,44.66641368904127,82.56881005248634,10751.715537632486,103.69047949369549,54.12352576585009,-1.1688456243860612
2022-06-29,136.74366760253906,44.68336199932481,82.56881005248634,10751.715537632486,103.69047949369549,54.12352576585009,-1.1688456243860612
2022-06-30,134.27847290039062,44.69584675011786,82.56881005248634,10751.715537632486,103.69047949369549,54.12352576585009,-1.1688456243860612
2022-07-01,136.44900512695312,44.69911421856967,82.56881005248634,10751.715537632486,103.69047949369549,54.12352576585009,-1.1688456243860612
2022-07-05,139.0320281982422,44.76659357223277,82.56881005248634,10751.715537632486,103.69047949369549,54.12352576585009,-1.1688456243860612
2022-07-06,140.36776733398438,44.78808160901973,82.56881005248634,10751.715537632486,103.69047949369549,54.12352576585009,-1.1688456243860612
2022-07-07,143.73654174804688,44.803922164807716,82.56881005248634,10751.715537632486,103.69047949369549,54.12352576585009,-1.1688456243860612
2022-07-08,144.4141845703125,44.80934210099367,82.56881005248634,10751.715537632486,103.69047949369549,54.12352576585009,-1.1688456243860612
2022-07-11,142.28294372558594,44.868486523107926,82.56881005248634,10751.715537632486,103.69047949369549,54.12352576585009,-1.1688456243860612
2022-07-12,143.2552490234375,44.87413764869368,82.56881005248634,10751.715537632486,103.69047949369549,54.12352576585009,-1.1688456243860612
2022-07-13,142.89186096191406,44.89256834623874,82.56881005248634,10751.715537632486,103.69047949369549,54.12352576585009,-1.1688456243860612
2022-07-14,145.8186798095703,44.90465411372658,82.56881005248634,10751.715537632486,103.69047949369549,54.12352576585009,-1.1688456243860612
2022-07-15,147.4883270263672,44.90577959664576,82.56881005248634,10751.715537632486,103.69047949369549,54.12352576585009,-1.1688456243860612
2022-07-18,144.4436798095703,44.95048166844913,82.56881005248634,10751.715537632486,103.69047949369549,54.12352576585009,-1.1688456243860612
2022-07-19,148.30345153808594,44.95135583532427,82.56881005248634,10751.715537632486,103.69047949369549,54.12352576585009,-1.1688456243860612
2022-07-20,150.3070526123047,44.9652875005451,82.56881005248634,10751.715537632486,103.69047949369549,54.12352576585009,-1.1688456243860612
2022-07-21,152.57579040527344,44.973286674221264,82.56881005248634,10751.715537632486,103.69047949369549,54.12352576585009,-1.1688456243860612
2022-07-22,151.33828735351562,44.97085295506792,82.56881005248634,10751.715537632486,103.69047949369549,54.12352576585009,-1.1688456243860612
2022-07-25,150.2186279296875,45.00883926386981,82.56881005248634,10751.715537632486,103.69047949369549,54.12352576585009,-1.1688456243860612
2022-07-26,148.8927459716797,45.00893186411571,82.56881005248634,10751.715537632486,103.69047949369549,54.12352576585009,-1.1688456243860612
2022-07-27,153.99008178710938,45.0228119025399,82.56881005248634,10751.715537632486,103.69047949369549,54.12352576585009,-1.1688456243860612
2022-07-28,154.54010009765625,45.03145135543463,82.56881005248634,10751.715537632486,103.69047949369549,54.12352576585009,-1.1688456243860612
2022-07-29,159.60794067382812,45.03028818463783,82.56881005248634,10751.715537632486,103.69047949369549,54.12352576585009,-1.1688456243860612
2022-08-01,158.6257781982422,45.07495758843396,82.56881005248634,10751.715537632486,103.69047949369549,54.12352576585009,-1.1688456243860612
2022-08-02,157.15257263183594,45.077859141105854,82.56881005248634,10751.715537632486,103.69047949369549,54.12352576585009,-1.1688456243860612
2022-08-03,163.16331481933594,45.094629198983306,82.56881005248634,10751.715537632486,103.69047949369549,54.12352576585009,-1.1688456243860612
2022-08-04,162.84901428222656,45.10611047948237,82.56881005248634,10751.715537632486,103.69047949369549,54.12352576585009,-1.1688456243860612
2022-08-05,162.62277221679688,45.10761572082003,82.56881005248634,10751.715537632486,103.69047949369549,54.12352576585009,-1.1688456243860612
2022-08-08,162.1507110595703,45.158147497080805,82.56881005248634,10751.715537632486,103.69047949369549,54.12352576585009,-1.1688456243860612
2022-08-09,162.1999053955078,45.161997445761415,82.56881005248634,10751.715537632486,103.69047949369549,54.12352576585009,-1.1688456243860612
2022-08-10,166.4486541748047,45.17911579115592,82.56881005248634,10751.715537632486,103.69047949369549,54.12352576585009,-1.1688456243860612
2022-08-11,165.7109832763672,45.190320389859394,82.56881005248634,10751.715537632486,103.69047949369549,54.12352576585009,-1.1688456243860612
2022-08-12,169.26148986816406,45.19092296075577,82.56881005248634,10751.715537632486,103.69047949369549,54.12352576585009,-1.1688456243860612
2022-08-15,170.33349609375,45.235332729983526,82.56881005248634,10751.715537632486,103.69047949369549,54.12352576585009,-1.1688456243860612
2022-08-16,170.17611694335938,45.236226113170716,82.56881005248634,10751.715537632486,103.69047949369549,54.12352576585009,-1.1688456243860612
2022-08-17,171.67105102539062,45.250086995563386,82.56881005248634,10751.715537632486,103.69047949369549,54.12352576585009,-1.1688456243860612
2022-08-18,171.27764892578125,45.257848437018104,82.56881005248634,10751.715537632486,103.69047949369549,54.12352576585009,-1.1688456243860612
2022-08-19,168.6910400390625,45.254945973359504,82.56881005248634,10751.715537632486,103.69047949369549,54.12352576585009,-1.1688456243860612
2022-08-22,164.80616760253906,45.28974529716821,82.56881005248634,10751.715537632486,103.69047949369549,54.12352576585009,-1.1688456243860612
2022-08-23,164.47177124023438,45.28814330718044,82.56881005248634,10751.715537632486,103.69047949369549,54.12352576585009,-1.1688456243860612
2022-08-24,164.76683044433594,45.300041558834984,82.56881005248634,10751.715537632486,103.69047949369549,54.12352576585009,-1.1688456243860612
2022-08-25,167.22561645507812,45.30645723045754,82.56881005248634,10751.715537632486,103.69047949369549,54.12352576585009,-1.1688456243860612
2022-08-26,160.9213104248047,45.302889864205746,82.56881005248634,10751.715537632486,103.69047949369549,54.12352576585009,-1.1688456243860612
2022-08-29,158.71824645996094,45.340069304035005,82.56881005248634,10751.715537632486,103.69047949369549,54.12352576585009,-1.1688456243860612
2022-08-30,156.28903198242188,45.3406895067515,82.56881005248634,10751.715537632486,103.69047949369549,54.12352576585009,-1.1688456243860612
2022-08-31,154.6269073486328,45.355445871853014,82.56881005248634,10751.715537632486,103.69047949369549,54.12352576585009,-1.1688456243860612
2022-09-01,155.35470581054688,45.365272117954106,82.56881005248634,10751.715537632486,103.69047949369549,54.12352576585009,-1.1688456243860612
2022-09-02,153.2401580810547,45.36556287008279,82.56881005248634,10751.715537632486,103.69047949369549,54.12352576585009,-1.1688456243860612
2022-09-06,151.98126220703125,45.420606035212835,82.56881005248634,10751.715537632486,103.69047949369549,54.12352576585009,-1.1688456243860612
2022-09-07,153.38766479492188,45.43937624349719,82.56881005248634,10751.715537632486,103.69047949369549,54.12352576585009,-1.1688456243860612
2022-09-08,151.91241455078125,45.45279035330034,82.56881005248634,10751.715537632486,103.69047949369549,54.12352576585009,-1.1688456243860612
2022-09-09,154.7744140625,45.456099597218994,82.56881005248634,10751.715537632486,103.69047949369549,54.12352576585009,-1.1688456243860612
2022-09-12,160.73443603515625,45.51067022728073,82.56881005248634,10751.715537632486,103.69047949369549,54.12352576585009,-1.1688456243860612
2022-09-13,151.30262756347656,45.515220478450544,82.56881005248634,10751.715537632486,103.69047949369549,54.12352576585009,-1.1688456243860612
2022-09-14,152.74838256835938,45.53263142256682,82.56881005248634,10751.715537632486,103.69047949369549,54.12352576585009,-1.1688456243860612
2022-09-15,149.8568878173828,45.54367785132445,82.56881005248634,10751.715537632486,103.69047949369549,54.12352576585009,-1.1688456243860612
2022-09-16,148.2144317626953,45.543634955661766,82.56881005248634,10751.715537632486,103.69047949369549,54.12352576585009,-1.1688456243860612
2022-09-19,151.93206787109375,45.58293571575812,82.56881005248634,10751.715537632486,103.69047949369549,54.12352576585009,-1.1688456243860612
2022-09-20,154.31216430664062,45.58102968909654,82.56881005248634,10751.715537632486,103.69047949369549,54.12352576585009,-1.1688456243860612
2022-09-21,151.1846466064453,45.59154761365947,82.56881005248634,10751.715537632486,103.69047949369549,54.12352576585009,-1.1688456243860612
2022-09-22,150.22079467773438,45.595440607740926,82.56881005248634,10751.715537632486,103.69047949369549,54.12352576585009,-1.1688456243860612
2022-09-23,147.94888305664062,45.5881726562008,82.56881005248634,10751.715537632486,103.69047949369549,54.12352576585009,-1.1688456243860612
2022-09-26,148.28329467773438,45.60732990144938,82.56881005248634,10751.715537632486,103.69047949369549,54.12352576585009,-1.1688456243860612
2022-09-27,149.2569122314453,45.599858386345566,82.56881005248634,10751.715537632486,103.69047949369549,54.12352576585009,-1.1688456243860612
2022-09-28,147.36859130859375,45.60567702540634,82.56881005248634,10751.715537632486,103.69047949369549,54.12352576585009,-1.1688456243860612
2022-09-29,140.1300048828125,45.60588413438332,82.56881005248634,10751.715537632486,103.69047949369549,54.12352576585009,-1.1688456243860612
2022-09-30,135.92059326171875,45.59606562981299,82.56881005248634,10751.715537632486,103.69047949369549,54.12352576585009,-1.1688456243860612
2022-10-03,140.10049438476562,45.61514599207759,82.56881005248634,10751.715537632486,103.69047949369549,54.12352576585009,-1.1688456243860612
2022-10-04,143.69027709960938,45.61025795125412,82.56881005248634,10751.715537632486,103.69047949369549,54.12352576585009,-1.1688456243860612
2022-10-05,143.9853515625,45.6199171801824,82.56881005248634,10751.715537632486,103.69047949369549,54.12352576585009,-1.1688456243860612
2022-10-06,143.03134155273438,45.625139990345374,82.56881005248634,10751.715537632486,103.69047949369549,54.12352576585009,-1.1688456243860612
2022-10-07,137.7794189453125,45.621396648308675,82.56881005248634,10751.715537632486,103.69047949369549,54.12352576585009,-1.1688456243860612
2022-10-10,138.10397338867188,45.66346327847468,82.56881005248634,10751.715537632486,103.69047949369549,54.12352576585009,-1.1688456243860612
2022-10-11,136.68775939941406,45.667175548919694,82.56881005248634,10751.715537632486,103.69047949369549,54.12352576585009,-1.1688456243860612
2022-10-12,136.0582733154297,45.685539713961234,82.56881005248634,10751.715537632486,103.69047949369549,54.12352576585009,-1.1688456243860612
2022-10-13,140.63160705566406,45.699341723498044,82.56881005248634,10751.715537632486,103.69047949369549,54.12352576585009,-1.1688456243860612
2022-10-14,136.0976104736328,45.70382256528138,82.56881005248634,10751.715537632486,103.69047949369549,54.12352576585009,-1.1688456243860612
2022-10-17,140.06114196777344,45.76628919272107,82.56881005248634,10751.715537632486,103.69047949369549,54.12352576585009,-1.1688456243860612
2022-10-18,141.37905883789062,45.774755539256965,82.56881005248634,10751.715537632486,103.69047949369549,54.12352576585009,-1.1688456243860612
2022-10-19,141.4872589111328,45.7966050613034,82.56881005248634,10751.715537632486,103.69047949369549,54.12352576585009,-1.1688456243860612
2022-10-20,141.02496337890625,45.81252473861927,82.56881005248634,10751.715537632486,103.69047949369549,54.12352576585009,-1.1688456243860612
2022-10-21,144.8410186767578,45.81769357914049,82.56881005248634,10751.715537632486,103.69047949369549,54.12352576585009,-1.1688456243860612
2022-10-24,146.98501586914062,45.87361555350915,82.56881005248634,10751.715537632486,103.69047949369549,54.12352576585009,-1.1688456243860612
2022-10-25,149.827392578125,45.87721805771405,82.56881005248634,10751.715537632486,103.69047949369549,54.12352576585009,-1.1688456243860612
2022-10-26,146.88668823242188,45.89305026305978,82.56881005248634,10751.715537632486,103.69047949369549,54.12352576585009,-1.1688456243860612
2022-10-27,142.41172790527344,45.90196233219173,82.56881005248634,10751.715537632486,103.69047949369549,54.12352576585009,-1.1688456243860612
2022-10-28,153.17132568359375,45.899324428397364,82.56881005248634,10751.715537632486,103.69047949369549,54.12352576585009,-1.1688456243860612
2022-10-31,150.8109130859375,45.92924780407642,82.56881005248634,10751.715537632486,103.69047949369549,54.12352576585009,-1.1688456243860612
2022-11-01,148.16525268554688,45.924121470483186,82.56881005248634,10751.715537632486,103.69047949369549,54.12352576585009,-1.1688456243860612
2022-11-02,142.637939453125,45.93159746864082,82.56881005248634,10751.715537632486,103.69047949369549,54.12352576585009,-1.1688456243860612
2022-11-03,136.58937072753906,45.93275727947707,82.56881005248634,10751.715537632486,103.69047949369549,54.12352576585009,-1.1688456243860612
2022-11-04,136.3233642578125,45.92318570112113,82.56881005248634,10751.715537632486,103.69047949369549,54.12352576585009,-1.1688456243860612
2022-11-07,136.85536193847656,45.93899138247934,82.56881005248634,10751.715537632486,103.69047949369549,54.12352576585009,-1.1688456243860612
2022-11-08,137.42674255371094,45.9318179196559,82.56881005248634,10751.715537632486,103.69047949369549,54.12352576585009,-1.1688456243860612
2022-11-09,132.8655548095703,45.93869865702143,82.56881005248634,10751.715537632486,103.69047949369549,54.12352576585009,-1.1688456243860612
2022-11-10,144.68719482421875,45.94072774916719,82.56881005248634,10751.715537632486,103.69047949369549,54.12352576585009,-1.1688456243860612
2022-11-11,147.4751739501953,45.933460905951314,82.56881005248634,10751.715537632486,103.69047949369549,54.12352576585009,-1.1688456243860612
2022-11-14,146.0762481689453,45.96389918277316,82.56881005248634,10751.715537632486,103.69047949369549,54.12352576585009,-1.1688456243860612
2022-11-15,147.8101348876953,45.96369508986532,82.56881005248634,10751.715537632486,103.69047949369549,54.12352576585009,-1.1688456243860612
2022-11-16,146.5786590576172,45.97827324425971,82.56881005248634,10751.715537632486,103.69047949369549,54.12352576585009,-1.1688456243860612
2022-11-17,148.47999572753906,45.988501587431756,82.56881005248634,10751.715537632486,103.69047949369549,54.12352576585009,-1.1688456243860612
2022-11-18,149.04150390625,45.9896945911639,82.56881005248634,10751.715537632486,103.69047949369549,54.12352576585009,-1.1688456243860612
2022-11-21,145.81027221679688,46.04458321052836,82.56881005248634,10751.715537632486,103.69047949369549,54.12352576585009,-1.1688456243860612
2022-11-22,147.947998046875,46.05141136710962,82.56881005248634,10751.715537632486,103.69047949369549,54.12352576585009,-1.1688456243860612
2022-11-23,148.82481384277344,46.07209437998065,82.56881005248634,10751.715537632486,103.69047949369549,54.12352576585009,-1.1688456243860612
2022-11-25,145.90878295898438,46.092229305993946,82.56881005248634,10751.715537632486,103.69047949369549,54.12352576585009,-1.1688456243860612
2022-11-28,142.0765838623047,46.149672076643036,82.56881005248634,10751.715537632486,103.69047949369549,54.12352576585009,-1.1688456243860612
2022-11-29,139.07191467285156,46.15435053412669,82.56881005248634,10751.715537632486,103.69047949369549,54.12352576585009,-1.1688456243860612
2022-11-30,145.82997131347656,46.17142393717052,82.56881005248634,10751.715537632486,103.69047949369549,54.12352576585009,-1.1688456243860612
2022-12-01,146.10580444335938,46.18166084793802,82.56881005248634,10751.715537632486,103.69047949369549,54.12352576585009,-1.1688456243860612
2022-12-02,145.61326599121094,46.18034620754375,82.56881005248634,10751.715537632486,103.69047949369549,54.12352576585009,-1.1688456243860612
2022-12-05,144.45077514648438,46.21337249554021,82.56881005248634,10751.715537632486,103.69047949369549,54.12352576585009,-1.1688456243860612
2022-12-06,140.78604125976562,46.20872024999063,82.56881005248634,10751.715537632486,103.69047949369549,54.12352576585009,-1.1688456243860612
2022-12-07,138.84536743164062,46.216269583160276,82.56881005248634,10751.715537632486,103.69047949369549,54.12352576585009,-1.1688456243860612
2022-12-08,140.5299072265625,46.21704273579156,82.56881005248634,10751.715537632486,103.69047949369549,54.12352576585009,-1.1688456243860612
2022-12-09,140.04718017578125,46.20657636028388,82.56881005248634,10751.715537632486,103.69047949369549,54.12352576585009,-1.1688456243860612
2022-12-12,142.34259033203125,46.21635806040485,82.56881005248634,10751.715537632486,103.69047949369549,54.12352576585009,-1.1688456243860612
2022-12-13,143.3080291748047,46.206034853537645,82.56881005248634,10751.715537632486,103.69047949369549,54.12352576585009,-1.1688456243860612
2022-12-14,141.08164978027344,46.20921552922553,82.56881005248634,10751.715537632486,103.69047949369549,54.12352576585009,-1.1688456243860612
2022-12-15,134.47137451171875,46.207026807412205,82.56881005248634,10751.715537632486,103.69047949369549,54.12352576585009,-1.1688456243860612
2022-12-16,132.51089477539062,46.19506931973391,82.56881005248634,10751.715537632486,103.69047949369549,54.12352576585009,-1.1688456243860612
2022-12-19,130.4027099609375,46.20920480610643,82.56881005248634,10751.715537632486,103.69047949369549,54.12352576585009,-1.1688456243860612
2022-12-20,130.33375549316406,46.20306519547425,82.56881005248634,10751.715537632486,103.69047949369549,54.12352576585009,-1.1688456243860612
2022-12-21,133.43690490722656,46.21159160528834,82.56881005248634,10751.715537632486,103.69047949369549,54.12352576585009,-1.1688456243860612
2022-12-22,130.26480102539062,46.21573601280615,82.56881005248634,10751.715537632486,103.69047949369549,54.12352576585009,-1.1688456243860612
2022-12-23,129.9002685546875,46.21089606636254,82.56881005248634,10751.715537632486,103.69047949369549,54.12352576585009,-1.1688456243860612
2022-12-27,128.0974884033203,46.25050498147976,82.56881005248634,10751.715537632486,103.69047949369549,54.12352576585009,-1.1688456243860612
2022-12-28,124.1667938232422,46.26648161941719,82.56881005248634,10751.715537632486,103.69047949369549,54.12352576585009,-1.1688456243860612
2022-12-29,127.68375396728516,46.27741464466795,82.56881005248634,10751.715537632486,103.69047949369549,54.12352576585009,-1.1688456243860612
2022-12-30,127.99898529052734,46.27848889633891,82.56881005248634,10751.715537632486,103.69047949369549,54.12352576585009,-1.1688456243860612
2023-01-03,123.2112045288086,46.329775452188294,82.56881005248634,10751.715537632486,103.69047949369549,54.12352576585009,-1.1688456243860612
2023-01-04,124.48204040527344,46.345187054600466,82.56881005248634,10751.715537632486,103.69047949369549,54.12352576585009,-1.1688456243860612
2023-01-05,123.16194152832033,46.354109701700686,82.56881005248634,10751.715537632486,103.69047949369549,54.12352576585009,-1.1688456243860612
2023-01-06,127.6935806274414,46.35177798854858,82.56881005248634,10751.715537632486,103.69047949369549,54.12352576585009,-1.1688456243860612
2023-01-09,128.2157440185547,46.382960424769585,82.56881005248634,10751.715537632486,103.69047949369549,54.12352576585009,-1.1688456243860612
2023-01-10,128.78709411621094,46.37789469921418,82.56881005248634,10751.715537632486,103.69047949369549,54.12352576585009,-1.1688456243860612
2023-01-11,131.50608825683594,46.385033411775844,82.56881005248634,10751.715537632486,103.69047949369549,54.12352576585009,-1.1688456243860612
2023-01-12,131.42727661132812,46.385346478799825,82.56881005248634,10751.715537632486,103.69047949369549,54.12352576585009,-1.1688456243860612
2023-01-13,132.75721740722656,46.37432525991116,82.56881005248634,10751.715537632486,103.69047949369549,54.12352576585009,-1.1688456243860612
2023-01-17,133.9196319580078,46.37004951304827,82.56881005248634,10751.715537632486,103.69047949369549,54.12352576585009,-1.1688456243860612
2023-01-18,133.2005157470703,46.37187780697662,82.56881005248634,10751.715537632486,103.69047949369549,54.12352576585009,-1.1688456243860612
2023-01-19,133.2595977783203,46.36819778755622,82.56881005248634,10751.715537632486,103.69047949369549,54.12352576585009,-1.1688456243860612
2023-01-20,135.82098388671875,46.35464712772248,82.56881005248634,10751.715537632486,103.69047949369549,54.12352576585009,-1.1688456243860612
2023-01-23,139.01283264160156,46.363940167375695,82.56881005248634,10751.715537632486,103.69047949369549,54.12352576585009,-1.1688456243860612
2023-01-24,140.4117431640625,46.3563987943835,82.56881005248634,10751.715537632486,103.69047949369549,54.12352576585009,-1.1688456243860612
2023-01-25,139.75169372558594,46.36376574714918,82.56881005248634,10751.715537632486,103.69047949369549,54.12352576585009,-1.1688456243860612
2023-01-26,141.8204803466797,46.367082056629584,82.56881005248634,10751.715537632486,103.69047949369549,54.12352576585009,-1.1688456243860612
2023-01-27,143.7611846923828,46.36183612503531,82.56881005248634,10751.715537632486,103.69047949369549,54.12352576585009,-1.1688456243860612
2023-01-30,140.87472534179688,46.40190111921467,82.56881005248634,10751.715537632486,103.69047949369549,54.12352576585009,-1.1688456243860612
2023-01-31,142.14553833007812,46.405777936181224,82.56881005248634,10751.715537632486,103.69047949369549,54.12352576585009,-1.1688456243860612
2023-02-01,143.2686309814453,46.42470672412274,82.56881005248634,10751.715537632486,103.69047949369549,54.12352576585009,-1.1688456243860612
2023-02-02,148.57850646972656,46.43945686182876,82.56881005248634,10751.715537632486,103.69047949369549,54.12352576585009,-1.1688456243860612
2023-02-03,152.2038116455078,46.445249076090676,82.56881005248634,10751.715537632486,103.69047949369549,54.12352576585009,-1.1688456243860612
2023-02-06,149.47500610351562,46.51358830013271,82.56881005248634,10751.715537632486,103.69047949369549,54.12352576585009,-1.1688456243860612
2023-02-07,152.3516082763672,46.52457081293461,82.56881005248634,10751.715537632486,103.69047949369549,54.12352576585009,-1.1688456243860612
2023-02-08,149.6621551513672,46.54917105960903,82.56881005248634,10751.715537632486,103.69047949369549,54.12352576585009,-1.1688456243860612
2023-02-09,148.6277618408203,46.56804992671807,82.56881005248634,10751.715537632486,103.69047949369549,54.12352576585009,-1.1688456243860612
2023-02-10,148.99281311035156,46.57636156409896,82.56881005248634,10751.715537632486,103.69047949369549,54.12352576585009,-1.1688456243860612
2023-02-13,151.79489135742188,46.642590431630104,82.56881005248634,10751.715537632486,103.69047949369549,54.12352576585009,-1.1688456243860612
2023-02-14,151.153564453125,46.64985668594788,82.56881005248634,10751.715537632486,103.69047949369549,54.12352576585009,-1.1688456243860612
2023-02-15,153.25511169433594,46.66943923051323,82.56881005248634,10751.715537632486,103.69047949369549,54.12352576585009,-1.1688456243860612
2023-02-16,151.65676879882812,46.68217442310433,82.56881005248634,10751.715537632486,103.69047949369549,54.12352576585009,-1.1688456243860612
2023-02-17,150.5122833251953,46.68342008061218,82.56881005248634,10751.715537632486,103.69047949369549,54.12352576585009,-1.1688456243860612
2023-02-21,146.4966278076172,46.72414162752293,82.56881005248634,10751.715537632486,103.69047949369549,54.12352576585009,-1.1688456243860612
2023-02-22,146.92086791992188,46.73564616555071,82.56881005248634,10751.715537632486,103.69047949369549,54.12352576585009,-1.1688456243860612
2023-02-23,147.40432739257812,46.74083300506279,82.56881005248634,10751.715537632486,103.69047949369549,54.12352576585009,-1.1688456243860612
2023-02-24,144.75025939941406,46.73527581807847,82.56881005248634,10751.715537632486,103.69047949369549,54.12352576585009,-1.1688456243860612
2023-02-27,145.944091796875,46.76292690281661,82.56881005248634,10751.715537632486,103.69047949369549,54.12352576585009,-1.1688456243860612
2023-02-28,145.44090270996094,46.75959226349128,82.56881005248634,10751.715537632486,103.69047949369549,54.12352576585009,-1.1688456243860612
2023-03-01,143.3689422607422,46.77023431546637,82.56881005248634,10751.715537632486,103.69047949369549,54.12352576585009,-1.1688456243860612
2023-03-02,143.96096801757812,46.7759337933352,82.56881005248634,10751.715537632486,103.69047949369549,54.12352576585009,-1.1688456243860612
2023-03-03,149.01254272460938,46.77223372339122,82.56881005248634,10751.715537632486,103.69047949369549,54.12352576585009,-1.1688456243860612
2023-03-06,151.77517700195312,46.81264587673314,82.56881005248634,10751.715537632486,103.69047949369549,54.12352576585009,-1.1688456243860612
2023-03-07,149.57496643066406,46.81550055650408,82.56881005248634,10751.715537632486,103.69047949369549,54.12352576585009,-1.1688456243860612
2023-03-08,150.82798767089844,46.8330001897092,82.56881005248634,10751.715537632486,103.69047949369549,54.12352576585009,-1.1688456243860612
2023-03-09,148.57839965820312,46.846015587798334,82.56881005248634,10751.715537632486,103.69047949369549,54.12352576585009,-1.1688456243860612
2023-03-10,146.516357421875,46.849868273721874,82.56881005248634,10751.715537632486,103.69047949369549,54.12352576585009,-1.1688456243860612
2023-03-13,148.4600372314453,46.912108768436944,82.56881005248634,10751.715537632486,103.69047949369549,54.12352576585009,-1.1688456243860612
2023-03-14,150.5517120361328,46.92124631967545,82.56881005248634,10751.715537632486,103.69047949369549,54.12352576585009,-1.1688456243860612
2023-03-15,150.94639587402344,46.94421234014788,82.56881005248634,10751.715537632486,103.69047949369549,54.12352576585009,-1.1688456243860612
2023-03-16,153.76817321777344,46.9617203385879,82.56881005248634,10751.715537632486,103.69047949369549,54.12352576585009,-1.1688456243860612
2023-03-17,152.9295196533203,46.96896400437982,82.56881005248634,10751.715537632486,103.69047949369549,54.12352576585009,-1.1688456243860612
2023-03-20,155.29745483398438,47.03399588016317,82.56881005248634,10751.715537632486,103.69047949369549,54.12352576585009,-1.1688456243860612
2023-03-21,157.15234375,47.04152679906068,82.56881005248634,10751.715537632486,103.69047949369549,54.12352576585009,-1.1688456243860612
2023-03-22,155.7217254638672,47.0616706040363,82.56881005248634,10751.715537632486,103.69047949369549,54.12352576585009,-1.1688456243860612
2023-03-23,156.80702209472656,47.075224852233454,82.56881005248634,10751.715537632486,103.69047949369549,54.12352576585009,-1.1688456243860612
2023-03-24,158.10939025878906,47.077498562985355,82.56881005248634,10751.715537632486,103.69047949369549,54.12352576585009,-1.1688456243860612
2023-03-27,156.16571044921875,47.12306124136687,82.56881005248634,10751.715537632486,103.69047949369549,54.12352576585009,-1.1688456243860612
2023-03-28,155.54412841796875,47.12318878976895,82.56881005248634,10751.715537632486,103.69047949369549,54.12352576585009,-1.1688456243860612
2023-03-29,158.62245178222656,47.135802568410185,82.56881005248634,10751.715537632486,103.69047949369549,54.12352576585009,-1.1688456243860612
2023-03-30,160.19122314453125,47.141901921234215,82.56881005248634,10751.715537632486,103.69047949369549,54.12352576585009,-1.1688456243860612
2023-03-31,162.69728088378906,47.136991654864616,82.56881005248634,10751.715537632486,103.69047949369549,54.12352576585009,-1.1688456243860612
2023-04-03,163.9503173828125,47.16437728687609,82.56881005248634,10751.715537632486,103.69047949369549,54.12352576585009,-1.1688456243860612
2023-04-04,163.4175567626953,47.1600495959368,82.56881005248634,10751.715537632486,103.69047949369549,54.12352576585009,-1.1688456243860612
2023-04-05,161.572509765625,47.1691830808254,82.56881005248634,10751.715537632486,103.69047949369549,54.12352576585009,-1.1688456243860612
2023-04-06,162.46047973632812,47.17283494315297,82.56881005248634,10751.715537632486,103.69047949369549,54.12352576585009,-1.1688456243860612
2023-04-10,159.86561584472656,47.19585120835709,82.56881005248634,10751.715537632486,103.69047949369549,54.12352576585009,-1.1688456243860612
2023-04-11,158.6520538330078,47.193963240556776,82.56881005248634,10751.715537632486,103.69047949369549,54.12352576585009,-1.1688456243860612
2023-04-12,157.96141052246094,47.20624741471765,82.56881005248634,10751.715537632486,103.69047949369549,54.12352576585009,-1.1688456243860612
2023-04-13,163.3484649658203,47.21361540839866,82.56881005248634,10751.715537632486,103.69047949369549,54.12352576585009,-1.1688456243860612
2023-04-14,163.00315856933594,47.211435695839874,82.56881005248634,10751.715537632486,103.69047949369549,54.12352576585009,-1.1688456243860612
2023-04-17,163.02285766601562,47.25380491955126,82.56881005248634,10751.715537632486,103.69047949369549,54.12352576585009,-1.1688456243860612
2023-04-18,164.24630737304688,47.25591961144852,82.56881005248634,10751.715537632486,103.69047949369549,54.12352576585009,-1.1688456243860612
2023-04-19,165.3908233642578,47.271762028383556,82.56881005248634,10751.715537632486,103.69047949369549,54.12352576585009,-1.1688456243860612
2023-04-20,164.4238739013672,47.28210427570946,82.56881005248634,10751.715537632486,103.69047949369549,54.12352576585009,-1.1688456243860612
2023-04-21,162.815673828125,47.28219684151264,82.56881005248634,10751.715537632486,103.69047949369549,54.12352576585009,-1.1688456243860612
2023-04-24,163.1215362548828,47.326388947009406,82.56881005248634,10751.715537632486,103.69047949369549,54.12352576585009,-1.1688456243860612
2023-04-25,161.58236694335938,47.32733517198447,82.56881005248634,10751.715537632486,103.69047949369549,54.12352576585009,-1.1688456243860612
2023-04-26,161.572509765625,47.341143899923274,82.56881005248634,10751.715537632486,103.69047949369549,54.12352576585009,-1.1688456243860612
2023-04-27,166.160400390625,47.348647634404166,82.56881005248634,10751.715537632486,103.69047949369549,54.12352576585009,-1.1688456243860612
2023-04-28,167.41343688964844,47.345186270939045,82.56881005248634,10751.715537632486,103.69047949369549,54.12352576585009,-1.1688456243860612
2023-05-01,167.3246307373047,47.37568947128085,82.56881005248634,10751.715537632486,103.69047949369549,54.12352576585009,-1.1688456243860612
2023-05-02,166.28866577148438,47.37158076539846,82.56881005248634,10751.715537632486,103.69047949369549,54.12352576585009,-1.1688456243860612
2023-05-03,165.21322631835938,47.38037766296287,82.56881005248634,10751.715537632486,103.69047949369549,54.12352576585009,-1.1688456243860612
2023-05-04,163.57540893554688,47.38309300411479,82.56881005248634,10751.715537632486,103.69047949369549,54.12352576585009,-1.1688456243860612
2023-05-05,171.25146484375,47.37524359554652,82.56881005248634,10751.715537632486,103.69047949369549,54.12352576585009,-1.1688456243860612
2023-05-08,171.18238830566406,47.396584434728474,82.56881005248634,10751.715537632486,103.69047949369549,54.12352576585009,-1.1688456243860612
2023-05-09,169.4755401611328,47.391196039719354,82.56881005248634,10751.715537632486,103.69047949369549,54.12352576585009,-1.1688456243860612
2023-05-10,171.24159240722656,47.39975873267116,82.56881005248634,10751.715537632486,103.69047949369549,54.12352576585009,-1.1688456243860612
2023-05-11,171.42906188964844,47.403335747814516,82.56881005248634,10751.715537632486,103.69047949369549,54.12352576585009,-1.1688456243860612
2023-05-12,170.50033569335938,47.397461257639634,82.56881005248634,10751.715537632486,103.69047949369549,54.12352576585009,-1.1688456243860612
2023-05-15,170.00636291503906,47.43106887808355,82.56881005248634,10751.715537632486,103.69047949369549,54.12352576585009,-1.1688456243860612
2023-05-16,170.00636291503906,47.431604885831426,82.56881005248634,10751.715537632486,103.69047949369549,54.12352576585009,-1.1688456243860612
2023-05-17,170.618896484375,47.44679426440404,82.56881005248634,10751.715537632486,103.69047949369549,54.12352576585009,-1.1688456243860612
2023-05-18,172.9506072998047,47.457531986841424,82.56881005248634,10751.715537632486,103.69047949369549,54.12352576585009,-1.1688456243860612
2023-05-19,173.05929565429688,47.45916399501729,82.56881005248634,10751.715537632486,103.69047949369549,54.12352576585009,-1.1688456243860612
2023-05-22,172.1107940673828,47.51529643691035,82.56881005248634,10751.715537632486,103.69047949369549,54.12352576585009,-1.1688456243860612
2023-05-23,169.50244140625,47.522631456500285,82.56881005248634,10751.715537632486,103.69047949369549,54.12352576585009,-1.1688456243860612
2023-05-24,169.77908325195312,47.5439204604211,82.56881005248634,10751.715537632486,103.69047949369549,54.12352576585009,-1.1688456243860612
2023-05-25,170.9153289794922,47.559870699527224,82.56881005248634,10751.715537632486,103.69047949369549,54.12352576585009,-1.1688456243860612
2023-05-26,173.32603454589844,47.565661070392885,82.56881005248634,10751.715537632486,103.69047949369549,54.12352576585009,-1.1688456243860612
2023-05-30,175.1736297607422,47.63286269502208,82.56881005248634,10751.715537632486,103.69047949369549,54.12352576585009,-1.1688456243860612
2023-05-31,175.1242218017578,47.65156499859618,82.56881005248634,10751.715537632486,103.69047949369549,54.12352576585009,-1.1688456243860612
2023-06-01,177.93016052246094,47.66353132197496,82.56881005248634,10751.715537632486,103.69047949369549,54.12352576585009,-1.1688456243860612
2023-06-02,178.77981567382812,47.6640119483056,82.56881005248634,10751.715537632486,103.69047949369549,54.12352576585009,-1.1688456243860612
2023-06-05,177.42626953125,47.70238671139973,82.56881005248634,10751.715537632486,103.69047949369549,54.12352576585009,-1.1688456243860612
2023-06-06,177.0607147216797,47.6993413954043,82.56881005248634,10751.715537632486,103.69047949369549,54.12352576585009,-1.1688456243860612
2023-06-07,175.68740844726562,47.708323826361166,82.56881005248634,10751.715537632486,103.69047949369549,54.12352576585009,-1.1688456243860612
2023-06-08,178.40438842773438,47.710305860699144,82.56881005248634,10751.715537632486,103.69047949369549,54.12352576585009,-1.1688456243860612
2023-06-09,178.7897186279297,47.70077706907793,82.56881005248634,10751.715537632486,103.69047949369549,54.12352576585009,-1.1688456243860612
2023-06-12,181.58578491210935,47.71135975144619,82.56881005248634,10751.715537632486,103.69047949369549,54.12352576585009,-1.1688456243860612
2023-06-13,181.11154174804688,47.70054535346669,82.56881005248634,10751.715537632486,103.69047949369549,54.12352576585009,-1.1688456243860612
2023-06-14,181.74383544921875,47.70283708697726,82.56881005248634,10751.715537632486,103.69047949369549,54.12352576585009,-1.1688456243860612
2023-06-15,183.7791290283203,47.69936789074267,82.56881005248634,10751.715537632486,103.69047949369549,54.12352576585009,-1.1688456243860612
2023-06-16,182.70220947265625,47.68575726435462,82.56881005248634,10751.715537632486,103.69047949369549,54.12352576585009,-1.1688456243860612
2023-06-20,182.7911529541016,47.684242662840795,82.56881005248634,10751.715537632486,103.69047949369549,54.12352576585009,-1.1688456243860612
2023-06-21,181.7537384033203,47.68998192966512,82.56881005248634,10751.715537632486,103.69047949369549,54.12352576585009,-1.1688456243860612
2023-06-22,184.7572784423828,47.69133957451715,82.56881005248634,10751.715537632486,103.69047949369549,54.12352576585009,-1.1688456243860612
2023-06-23,184.4411163330078,47.6838106329919,82.56881005248634,10751.715537632486,103.69047949369549,54.12352576585009,-1.1688456243860612
2023-06-26,183.0479888916016,47.71524843206893,82.56881005248634,10751.715537632486,103.69047949369549,54.12352576585009,-1.1688456243860612
2023-06-27,185.80455017089844,47.715748230110634,82.56881005248634,10751.715537632486,103.69047949369549,54.12352576585009,-1.1688456243860612
2023-06-28,186.98031616210935,47.731112636842575,82.56881005248634,10751.715537632486,103.69047949369549,54.12352576585009,-1.1688456243860612
2023-06-29,187.3162078857422,47.742158823496965,82.56881005248634,10751.715537632486,103.69047949369549,54.12352576585009,-1.1688456243860612
2023-06-30,191.6436920166016,47.744160971752194,82.56881005248634,10751.715537632486,103.69047949369549,54.12352576585009,-1.1688456243860612
2023-07-03,190.15182495117188,47.801212310445635,82.56881005248634,10751.715537632486,103.69047949369549,54.12352576585009,-1.1688456243860612
2023-07-05,189.0353546142578,47.82997807016683,82.56881005248634,10751.715537632486,103.69047949369549,54.12352576585009,-1.1688456243860612
2023-07-06,189.5095977783203,47.8458529983065,82.56881005248634,10751.715537632486,103.69047949369549,54.12352576585009,-1.1688456243860612
2023-07-07,188.3931427001953,47.85151006238376,82.56881005248634,10751.715537632486,103.69047949369549,54.12352576585009,-1.1688456243860612
2023-07-10,186.34796142578125,47.91237089489421,82.56881005248634,10751.715537632486,103.69047949369549,54.12352576585009,-1.1688456243860612
2023-07-11,185.82432556152344,47.918839848668405,82.56881005248634,10751.715537632486,103.69047949369549,54.12352576585009,-1.1688456243860612
2023-07-12,187.4940490722656,47.938160271506305,82.56881005248634,10751.715537632486,103.69047949369549,54.12352576585009,-1.1688456243860612
2023-07-13,188.25482177734372,47.951175351554376,82.56881005248634,10751.715537632486,103.69047949369549,54.12352576585009,-1.1688456243860612
2023-07-14,188.40301513671875,47.95323765650154,82.56881005248634,10751.715537632486,103.69047949369549,54.12352576585009,-1.1688456243860612
2023-07-17,191.6634521484375,48.000497887289384,82.56881005248634,10751.715537632486,103.69047949369549,54.12352576585009,-1.1688456243860612
2023-07-18,191.40655517578125,48.0020553305946,82.56881005248634,10751.715537632486,103.69047949369549,54.12352576585009,-1.1688456243860612
2023-07-19,192.76011657714844,48.01655227557681,82.56881005248634,10751.715537632486,103.69047949369549,54.12352576585009,-1.1688456243860612
2023-07-20,190.81375122070312,48.02498554444015,82.56881005248634,10751.715537632486,103.69047949369549,54.12352576585009,-1.1688456243860612
2023-07-21,189.63803100585935,48.02284654729147,82.56881005248634,10751.715537632486,103.69047949369549,54.12352576585009,-1.1688456243860612
2023-07-24,190.43829345703125,48.06087543189638,82.56881005248634,10751.715537632486,103.69047949369549,54.12352576585009,-1.1688456243860612
2023-07-25,191.2978973388672,48.06072441630759,82.56881005248634,10751.715537632486,103.69047949369549,54.12352576585009,-1.1688456243860612
2023-07-26,192.16732788085935,48.07425432790642,82.56881005248634,10751.715537632486,103.69047949369549,54.12352576585009,-1.1688456243860612
2023-07-27,190.90269470214844,48.08245608032021,82.56881005248634,10751.715537632486,103.69047949369549,54.12352576585009,-1.1688456243860612
2023-07-28,193.4813690185547,48.0807892825052,82.56881005248634,10751.715537632486,103.69047949369549,54.12352576585009,-1.1688456243860612
2023-07-31,194.09393310546875,48.123792271716724,82.56881005248634,10751.715537632486,103.69047949369549,54.12352576585009,-1.1688456243860612
2023-08-01,193.26402282714844,48.126168333403776,82.56881005248634,10751.715537632486,103.69047949369549,54.12352576585009,-1.1688456243860612
2023-08-02,190.2703399658203,48.14246669355791,82.56881005248634,10751.715537632486,103.69047949369549,54.12352576585009,-1.1688456243860612
2023-08-03,188.8772735595703,48.153550375064796,82.56881005248634,10751.715537632486,103.69047949369549,54.12352576585009,-1.1688456243860612
2023-08-04,179.80734252929688,48.154749426757085,82.56881005248634,10751.715537632486,103.69047949369549,54.12352576585009,-1.1688456243860612
2023-08-07,176.70504760742188,48.205027792563605,82.56881005248634,10751.715537632486,103.69047949369549,54.12352576585009,-1.1688456243860612
2023-08-08,177.64361572265625,48.20903250101842,82.56881005248634,10751.715537632486,103.69047949369549,54.12352576585009,-1.1688456243860612
2023-08-09,176.05294799804688,48.22642267279787,82.56881005248634,10751.715537632486,103.69047949369549,54.12352576585009,-1.1688456243860612
2023-08-10,175.8355712890625,48.23800791907378,82.56881005248634,10751.715537632486,103.69047949369549,54.12352576585009,-1.1688456243860612
2023-08-11,175.89492797851562,48.23908756461613,82.56881005248634,10751.715537632486,103.69047949369549,54.12352576585009,-1.1688456243860612
2023-08-14,177.5471649169922,48.2853307806016,82.56881005248634,10751.715537632486,103.69047949369549,54.12352576585009,-1.1688456243860612
2023-08-15,175.5585479736328,48.28689750680518,82.56881005248634,10751.715537632486,103.69047949369549,54.12352576585009,-1.1688456243860612
2023-08-16,174.6879425048828,48.301422942969566,82.56881005248634,10751.715537632486,103.69047949369549,54.12352576585009,-1.1688456243860612
2023-08-17,172.14535522460938,48.309815577405914,82.56881005248634,10751.715537632486,103.69047949369549,54.12352576585009,-1.1688456243860612
2023-08-18,172.630126953125,48.30748714629216,82.56881005248634,10751.715537632486,103.69047949369549,54.12352576585009,-1.1688456243860612
2023-08-21,173.96572875976562,48.34345650533561,82.56881005248634,10751.715537632486,103.69047949369549,54.12352576585009,-1.1688456243860612
2023-08-22,175.34091186523438,48.34200563900765,82.56881005248634,10751.715537632486,103.69047949369549,54.12352576585009,-1.1688456243860612
2023-08-23,179.18946838378906,48.353917720148914,82.56881005248634,10751.715537632486,103.69047949369549,54.12352576585009,-1.1688456243860612
2023-08-24,174.49996948242188,48.36020593235257,82.56881005248634,10751.715537632486,103.69047949369549,54.12352576585009,-1.1688456243860612
2023-08-25,176.70619201660156,48.35637068088438,82.56881005248634,10751.715537632486,103.69047949369549,54.12352576585009,-1.1688456243860612
2023-08-28,178.26934814453125,48.391985666313275,82.56881005248634,10751.715537632486,103.69047949369549,54.12352576585009,-1.1688456243860612
2023-08-29,182.15744018554688,48.39188100694428,82.56881005248634,10751.715537632486,103.69047949369549,54.12352576585009,-1.1688456243860612
2023-08-30,185.6498260498047,48.40584600080642,82.56881005248634,10751.715537632486,103.69047949369549,54.12352576585009,-1.1688456243860612
2023-08-31,185.8675079345703,48.41484027685493,82.56881005248634,10751.715537632486,103.69047949369549,54.12352576585009,-1.1688456243860612
2023-09-01,187.4405517578125,48.414286528187326,82.56881005248634,10751.715537632486,103.69047949369549,54.12352576585009,-1.1688456243860612
2023-09-05,187.67796325683597,48.466413498845576,82.56881005248634,10751.715537632486,103.69047949369549,54.12352576585009,-1.1688456243860612
2023-09-06,180.96038818359372,48.48471022196827,82.56881005248634,10751.715537632486,103.69047949369549,54.12352576585009,-1.1688456243860612
2023-09-07,175.6673583984375,48.497801290728496,82.56881005248634,10751.715537632486,103.69047949369549,54.12352576585009,-1.1688456243860612
2023-09-08,176.28077697753906,48.50095577133611,82.56881005248634,10751.715537632486,103.69047949369549,54.12352576585009,-1.1688456243860612
2023-09-11,177.44818115234375,48.55617636173571,82.56881005248634,10751.715537632486,103.69047949369549,54.12352576585009,-1.1688456243860612
2023-09-12,174.42083740234375,48.561322043546696,82.56881005248634,10751.715537632486,103.69047949369549,54.12352576585009,-1.1688456243860612
2023-09-13,172.3531036376953,48.57950703978738,82.56881005248634,10751.715537632486,103.69047949369549,54.12352576585009,-1.1688456243860612
2023-09-14,173.86679077148438,48.591491082630576,82.56881005248634,10751.715537632486,103.69047949369549,54.12352576585009,-1.1688456243860612
2023-09-15,173.14454650878906,48.592528946210614,82.56881005248634,10751.715537632486,103.69047949369549,54.12352576585009,-1.1688456243860612
2023-09-18,176.07301330566406,48.63565780290729,82.56881005248634,10751.715537632486,103.69047949369549,54.12352576585009,-1.1688456243860612
2023-09-19,177.1613006591797,48.635114283268614,82.56881005248634,10751.715537632486,103.69047949369549,54.12352576585009,-1.1688456243860612
2023-09-20,173.61947631835938,48.64697780659377,82.56881005248634,10751.715537632486,103.69047949369549,54.12352576585009,-1.1688456243860612
2023-09-21,172.07608032226562,48.65216208256116,82.56881005248634,10751.715537632486,103.69047949369549,54.12352576585009,-1.1688456243860612
2023-09-22,172.9268798828125,48.64609431498573,82.56881005248634,10751.715537632486,103.69047949369549,54.12352576585009,-1.1688456243860612
2023-09-25,174.20315551757812,48.6679697151608,82.56881005248634,10751.715537632486,103.69047949369549,54.12352576585009,-1.1688456243860612
2023-09-26,170.12709045410156,48.66101589906686,82.56881005248634,10751.715537632486,103.69047949369549,54.12352576585009,-1.1688456243860612
2023-09-27,168.61337280273438,48.66712291076952,82.56881005248634,10751.715537632486,103.69047949369549,54.12352576585009,-1.1688456243860612
2023-09-28,168.87063598632812,48.66737666099319,82.56881005248634,10751.715537632486,103.69047949369549,54.12352576585009,-1.1688456243860612
2023-09-29,169.3850860595703,48.65735716683296,82.56881005248634,10751.715537632486,103.69047949369549,54.12352576585009,-1.1688456243860612
2023-10-02,171.89797973632812,48.674391747568905,82.56881005248634,10751.715537632486,103.69047949369549,54.12352576585009,-1.1688456243860612
2023-10-03,170.56239318847656,48.668388794907614,82.56881005248634,10751.715537632486,103.69047949369549,54.12352576585009,-1.1688456243860612
2023-10-04,171.80897521972656,48.67675631862153,82.56881005248634,10751.715537632486,103.69047949369549,54.12352576585009,-1.1688456243860612
2023-10-05,173.045654296875,48.68054270582099,82.56881005248634,10751.715537632486,103.69047949369549,54.12352576585009,-1.1688456243860612
2023-10-06,175.59812927246094,48.67525470336996,82.56881005248634,10751.715537632486,103.69047949369549,54.12352576585009,-1.1688456243860612
2023-10-09,177.08216857910156,48.71244758546395,82.56881005248634,10751.715537632486,103.69047949369549,54.12352576585009,-1.1688456243860612
2023-10-10,176.48854064941406,48.71459892910746,82.56881005248634,10751.715537632486,103.69047949369549,54.12352576585009,-1.1688456243860612
2023-10-11,177.8834991455078,48.73150509977249,82.56881005248634,10751.715537632486,103.69047949369549,54.12352576585009,-1.1688456243860612
2023-10-12,178.78382873535156,48.743991763670046,82.56881005248634,10751.715537632486,103.69047949369549,54.12352576585009,-1.1688456243860612
2023-10-13,176.94366455078125,48.74733604249604,82.56881005248634,10751.715537632486,103.69047949369549,54.12352576585009,-1.1688456243860612
2023-10-16,176.8150177001953,48.80775220400316,82.56881005248634,10751.715537632486,103.69047949369549,54.12352576585009,-1.1688456243860612
2023-10-17,175.26174926757812,48.81605297172094,82.56881005248634,10751.715537632486,103.69047949369549,54.12352576585009,-1.1688456243860612
2023-10-18,173.96572875976562,48.838010873884144,82.56881005248634,10751.715537632486,103.69047949369549,54.12352576585009,-1.1688456243860612
2023-10-19,173.58978271484375,48.85431073896777,82.56881005248634,10751.715537632486,103.69047949369549,54.12352576585009,-1.1688456243860612
2023-10-20,171.03729248046875,48.86012190578547,82.56881005248634,10751.715537632486,103.69047949369549,54.12352576585009,-1.1688456243860612
2023-10-23,171.15599060058594,48.91934042569323,82.56881005248634,10751.715537632486,103.69047949369549,54.12352576585009,-1.1688456243860612
2023-10-24,171.59130859375,48.924398970406564,82.56881005248634,10751.715537632486,103.69047949369549,54.12352576585009,-1.1688456243860612
2023-10-25,169.27626037597656,48.941803183920946,82.56881005248634,10751.715537632486,103.69047949369549,54.12352576585009,-1.1688456243860612
2023-10-26,165.1111297607422,48.95235999923284,82.56881005248634,10751.715537632486,103.69047949369549,54.12352576585009,-1.1688456243860612
2023-10-27,166.42694091796875,48.95139421880936,82.56881005248634,10751.715537632486,103.69047949369549,54.12352576585009,-1.1688456243860612
2023-10-30,168.47486877441406,48.9860395313954,82.56881005248634,10751.715537632486,103.69047949369549,54.12352576585009,-1.1688456243860612
2023-10-31,168.9497528076172,48.98224348714024,82.56881005248634,10751.715537632486,103.69047949369549,54.12352576585009,-1.1688456243860612
2023-11-01,172.1156463623047,48.99086318190239,82.56881005248634,10751.715537632486,103.69047949369549,54.12352576585009,-1.1688456243860612
2023-11-02,175.6772918701172,48.99294843647738,82.56881005248634,10751.715537632486,103.69047949369549,54.12352576585009,-1.1688456243860612
2023-11-03,174.76710510253906,48.98405852793824,82.56881005248634,10751.715537632486,103.69047949369549,54.12352576585009,-1.1688456243860612
2023-11-06,177.319580078125,49.00029770833988,82.56881005248634,10751.715537632486,103.69047949369549,54.12352576585009,-1.1688456243860612
2023-11-07,179.88198852539062,48.992720267826655,82.56881005248634,10751.715537632486,103.69047949369549,54.12352576585009,-1.1688456243860612
2023-11-08,180.9405517578125,48.99893671144859,82.56881005248634,10751.715537632486,103.69047949369549,54.12352576585009,-1.1688456243860612
2023-11-09,180.4656982421875,49.00006092011812,82.56881005248634,10751.715537632486,103.69047949369549,54.12352576585009,-1.1688456243860612
2023-11-10,184.65609741210935,48.991675255989996,82.56881005248634,10751.715537632486,103.69047949369549,54.12352576585009,-1.1688456243860612
2023-11-13,183.0710906982422,49.01782710611362,82.56881005248634,10751.715537632486,103.69047949369549,54.12352576585009,-1.1688456243860612
2023-11-14,185.68638610839844,49.016024039139985,82.56881005248634,10751.715537632486,103.69047949369549,54.12352576585009,-1.1688456243860612
2023-11-15,186.2510681152344,49.028994871961466,82.56881005248634,10751.715537632486,103.69047949369549,54.12352576585009,-1.1688456243860612
2023-11-16,187.93516540527344,49.0376549619608,82.56881005248634,10751.715537632486,103.69047949369549,54.12352576585009,-1.1688456243860612
2023-11-17,187.91534423828125,49.037365233478944,82.56881005248634,10751.715537632486,103.69047949369549,54.12352576585009,-1.1688456243860612
2023-11-20,189.65887451171875,49.08874150405564,82.56881005248634,10751.715537632486,103.69047949369549,54.12352576585009,-1.1688456243860612
2023-11-21,188.85646057128903,49.09482945535767,82.56881005248634,10751.715537632486,103.69047949369549,54.12352576585009,-1.1688456243860612
2023-11-22,189.5202178955078,49.115032145605326,82.56881005248634,10751.715537632486,103.69047949369549,54.12352576585009,-1.1688456243860612
2023-11-24,188.19271850585935,49.135043250387945,82.56881005248634,10751.715537632486,103.69047949369549,54.12352576585009,-1.1688456243860612
2023-11-27,188.0144195556641,49.194399024897045,82.56881005248634,10751.715537632486,103.69047949369549,54.12352576585009,-1.1688456243860612
2023-11-28,188.61868286132807,49.200221359196306,82.56881005248634,10751.715537632486,103.69047949369549,54.12352576585009,-1.1688456243860612
2023-11-29,187.59832763671875,49.21864810501864,82.56881005248634,10751.715537632486,103.69047949369549,54.12352576585009,-1.1688456243860612
2023-11-30,188.17291259765625,49.230412265197494,82.56881005248634,10751.715537632486,103.69047949369549,54.12352576585009,-1.1688456243860612
2023-12-01,189.45086669921875,49.230758302972916,82.56881005248634,10751.715537632486,103.69047949369549,54.12352576585009,-1.1688456243860612
2023-12-04,187.6577606201172,49.26911355925575,82.56881005248634,10751.715537632486,103.69047949369549,54.12352576585009,-1.1688456243860612
2023-12-05,191.6104431152344,49.26619491257366,82.56881005248634,10751.715537632486,103.69047949369549,54.12352576585009,-1.1688456243860612
2023-12-06,190.52073669433597,49.27537847351096,82.56881005248634,10751.715537632486,103.69047949369549,54.12352576585009,-1.1688456243860612
2023-12-07,192.45249938964844,49.27764320602389,82.56881005248634,10751.715537632486,103.69047949369549,54.12352576585009,-1.1688456243860612
2023-12-08,193.8790435791016,49.268486608840064,82.56881005248634,10751.715537632486,103.69047949369549,54.12352576585009,-1.1688456243860612
2023-12-11,191.37266540527344,49.28079962331058,82.56881005248634,10751.715537632486,103.69047949369549,54.12352576585009,-1.1688456243860612
2023-12-12,192.88836669921875,49.270785833551244,82.56881005248634,10751.715537632486,103.69047949369549,54.12352576585009,-1.1688456243860612
2023-12-13,196.10797119140625,49.27399365949487,82.56881005248634,10751.715537632486,103.69047949369549,54.12352576585009,-1.1688456243860612
2023-12-14,196.25656127929688,49.27155283862343,82.56881005248634,10751.715537632486,103.69047949369549,54.12352576585009,-1.1688456243860612
2023-12-15,195.72161865234372,49.259075050786414,82.56881005248634,10751.715537632486,103.69047949369549,54.12352576585009,-1.1688456243860612
2023-12-18,194.0573272705078,49.27026307410097,82.56881005248634,10751.715537632486,103.69047949369549,54.12352576585009,-1.1688456243860612
2023-12-19,195.09750366210935,49.26278563297554,82.56881005248634,10751.715537632486,103.69047949369549,54.12352576585009,-1.1688456243860612
2023-12-20,193.0072479248047,49.269863022841065,82.56881005248634,10751.715537632486,103.69047949369549,54.12352576585009,-1.1688456243860612
2023-12-21,192.858642578125,49.27249256217664,82.56881005248634,10751.715537632486,103.69047949369549,54.12352576585009,-1.1688456243860612
2023-12-22,191.7887420654297,49.26611907637738,82.56881005248634,10751.715537632486,103.69047949369549,54.12352576585009,-1.1688456243860612
2023-12-26,191.2439117431641,49.30033795525962,82.56881005248634,10751.715537632486,103.69047949369549,54.12352576585009,-1.1688456243860612
2023-12-27,191.3429412841797,49.31536379487857,82.56881005248634,10751.715537632486,103.69047949369549,54.12352576585009,-1.1688456243860612
2023-12-28,191.7689666748047,49.32557324651565,82.56881005248634,10751.715537632486,103.69047949369549,54.12352576585009,-1.1688456243860612
2023-12-29,190.7287750244141,49.32617461732425,82.56881005248634,10751.715537632486,103.69047949369549,54.12352576585009,-1.1688456243860612
2024-01-02,183.9032440185547,49.37827667412378,82.56881005248634,10751.715537632486,103.69047949369549,54.12352576585009,-1.1688456243860612
2024-01-03,182.5262451171875,49.39454798593365,82.56881005248634,10751.715537632486,103.69047949369549,54.12352576585009,-1.1688456243860612
2024-01-04,180.20811462402344,49.4045564359515,82.56881005248634,10751.715537632486,103.69047949369549,54.12352576585009,-1.1688456243860612
2024-01-05,179.4849395751953,49.40350578292837,82.56881005248634,10751.715537632486,103.69047949369549,54.12352576585009,-1.1688456243860612
2024-01-08,183.8239898681641,49.43931008028507,82.56881005248634,10751.715537632486,103.69047949369549,54.12352576585009,-1.1688456243860612
2024-01-09,183.40789794921875,49.43589330123641,82.56881005248634,10751.715537632486,103.69047949369549,54.12352576585009,-1.1688456243860612
2024-01-10,184.44805908203125,49.444653853835426,82.56881005248634,10751.715537632486,103.69047949369549,54.12352576585009,-1.1688456243860612
2024-01-11,183.8536834716797,49.44651238876193,82.56881005248634,10751.715537632486,103.69047949369549,54.12352576585009,-1.1688456243860612
2024-01-12,184.18060302734372,49.43691262526614,82.56881005248634,10751.715537632486,103.69047949369549,54.12352576585009,-1.1688456243860612
2024-01-16,181.9120330810547,49.4362601324966,82.56881005248634,10751.715537632486,103.69047949369549,54.12352576585009,-1.1688456243860612
2024-01-17,180.97091674804688,49.43832159347821,82.56881005248634,10751.715537632486,103.69047949369549,54.12352576585009,-1.1688456243860612
2024-01-18,186.86524963378903,49.43456740139502,82.56881005248634,10751.715537632486,103.69047949369549,54.12352576585009,-1.1688456243860612
2024-01-19,189.7678375244141,49.42063006925866,82.56881005248634,10751.715537632486,103.69047949369549,54.12352576585009,-1.1688456243860612
2024-01-22,192.0760498046875,49.42696246758485,82.56881005248634,10751.715537632486,103.69047949369549,54.12352576585009,-1.1688456243860612
2024-01-23,193.35397338867188,49.417899213682304,82.56881005248634,10751.715537632486,103.69047949369549,54.12352576585009,-1.1688456243860612
2024-01-24,192.68032836914065,49.42352775317559,82.56881005248634,10751.715537632486,103.69047949369549,54.12352576585009,-1.1688456243860612
2024-01-25,192.3534240722656,49.424929029756704,82.56881005248634,10751.715537632486,103.69047949369549,54.12352576585009,-1.1688456243860612
2024-01-26,190.61981201171875,49.41763612280234,82.56881005248634,10751.715537632486,103.69047949369549,54.12352576585009,-1.1688456243860612
2024-01-29,189.9362335205078,49.45126032659308,82.56881005248634,10751.715537632486,103.69047949369549,54.12352576585009,-1.1688456243860612
2024-01-30,186.2807464599609,49.4530596731424,82.56881005248634,10751.715537632486,103.69047949369549,54.12352576585009,-1.1688456243860612
2024-01-31,182.67483520507807,49.47002828819204,82.56881005248634,10751.715537632486,103.69047949369549,54.12352576585009,-1.1688456243860612
2024-02-01,185.11181640625,49.48298094803804,82.56881005248634,10751.715537632486,103.69047949369549,54.12352576585009,-1.1688456243860612
2024-02-02,184.11126708984372,49.487179247621,82.56881005248634,10751.715537632486,103.69047949369549,54.12352576585009,-1.1688456243860612
2024-02-05,185.92413330078125,49.55227686996379,82.56881005248634,10751.715537632486,103.69047949369549,54.12352576585009,-1.1688456243860612
2024-02-06,187.52899169921875,49.56276282455267,82.56881005248634,10751.715537632486,103.69047949369549,54.12352576585009,-1.1688456243860612
2024-02-07,187.637939453125,49.58717407621231,82.56881005248634,10751.715537632486,103.69047949369549,54.12352576585009,-1.1688456243860612
2024-02-08,186.5581512451172,49.6061685110137,82.56881005248634,10751.715537632486,103.69047949369549,54.12352576585009,-1.1688456243860612
2024-02-09,187.32192993164065,49.61488913725537,82.56881005248634,10751.715537632486,103.69047949369549,54.12352576585009,-1.1688456243860612
2024-02-12,185.6356658935547,49.68388120838412,82.56881005248634,10751.715537632486,103.69047949369549,54.12352576585009,-1.1688456243860612
2024-02-13,183.54275512695312,49.69247321881989,82.56881005248634,10751.715537632486,103.69047949369549,54.12352576585009,-1.1688456243860612
2024-02-14,182.6599578857422,49.713517181624475,82.56881005248634,10751.715537632486,103.69047949369549,54.12352576585009,-1.1688456243860612
2024-02-15,182.372314453125,49.727804046246746,82.56881005248634,10751.715537632486,103.69047949369549,54.12352576585009,-1.1688456243860612
2024-02-16,180.83482360839844,49.730644402662804,82.56881005248634,10751.715537632486,103.69047949369549,54.12352576585009,-1.1688456243860612
2024-02-20,180.09091186523438,49.77724179114471,82.56881005248634,10751.715537632486,103.69047949369549,54.12352576585009,-1.1688456243860612
2024-02-21,180.84475708007807,49.789877209671914,82.56881005248634,10751.715537632486,103.69047949369549,54.12352576585009,-1.1688456243860612
2024-02-22,182.87815856933597,49.79598972036736,82.56881005248634,10751.715537632486,103.69047949369549,54.12352576585009,-1.1688456243860612
2024-02-23,181.04315185546875,49.791128234563985,82.56881005248634,10751.715537632486,103.69047949369549,54.12352576585009,-1.1688456243860612
2024-02-26,179.6941680908203,49.819346563050225,82.56881005248634,10751.715537632486,103.69047949369549,54.12352576585009,-1.1688456243860612
2024-02-27,181.1522521972656,49.815685576412825,82.56881005248634,10751.715537632486,103.69047949369549,54.12352576585009,-1.1688456243860612
2024-02-28,179.9520263671875,49.82575808230821,82.56881005248634,10751.715537632486,103.69047949369549,54.12352576585009,-1.1688456243860612
2024-02-29,179.28746032714844,49.83066425910066,82.56881005248634,10751.715537632486,103.69047949369549,54.12352576585009,-1.1688456243860612
2024-03-01,178.20628356933594,49.82597293920871,82.56881005248634,10751.715537632486,103.69047949369549,54.12352576585009,-1.1688456243860612
2024-03-04,173.6831817626953,49.86255907151972,82.56881005248634,10751.715537632486,103.69047949369549,54.12352576585009,-1.1688456243860612
2024-03-05,168.7434844970703,49.86398462282076,82.56881005248634,10751.715537632486,103.69047949369549,54.12352576585009,-1.1688456243860612
2024-03-06,167.7515411376953,49.88004854143644,82.56881005248634,10751.715537632486,103.69047949369549,54.12352576585009,-1.1688456243860612
2024-03-07,167.63253784179688,49.89166432124698,82.56881005248634,10751.715537632486,103.69047949369549,54.12352576585009,-1.1688456243860612
2024-03-08,169.34852600097656,49.89419476078715,82.56881005248634,10751.715537632486,103.69047949369549,54.12352576585009,-1.1688456243860612
2024-03-11,171.35220336914062,49.953300150681116,82.56881005248634,10751.715537632486,103.69047949369549,54.12352576585009,-1.1688456243860612
2024-03-12,171.82830810546875,49.96177012021543,82.56881005248634,10751.715537632486,103.69047949369549,54.12352576585009,-1.1688456243860612
2024-03-13,169.7453155517578,49.98429339805942,82.56881005248634,10751.715537632486,103.69047949369549,54.12352576585009,-1.1688456243860612
2024-03-14,171.6001739501953,50.001595496241336,82.56881005248634,10751.715537632486,103.69047949369549,54.12352576585009,-1.1688456243860612
2024-03-15,171.2232208251953,50.008875183930215,82.56881005248634,10751.715537632486,103.69047949369549,54.12352576585009,-1.1688456243860612
2024-03-18,172.31434631347656,50.075413555861566,82.56881005248634,10751.715537632486,103.69047949369549,54.12352576585009,-1.1688456243860612
2024-03-19,174.65524291992188,50.08386232713366,82.56881005248634,10751.715537632486,103.69047949369549,54.12352576585009,-1.1688456243860612
2024-03-20,177.2242889404297,50.105092047119975,82.56881005248634,10751.715537632486,103.69047949369549,54.12352576585009,-1.1688456243860612
2024-03-21,169.98336791992188,50.11986923861036,82.56881005248634,10751.715537632486,103.69047949369549,54.12352576585009,-1.1688456243860612
2024-03-22,170.88600158691406,50.12346841145924,82.56881005248634,10751.715537632486,103.69047949369549,54.12352576585009,-1.1688456243860612
2024-03-25,169.4675750732422,50.17324815441209,82.56881005248634,10751.715537632486,103.69047949369549,54.12352576585009,-1.1688456243860612
2024-03-26,168.33680725097656,50.17473500981492,82.56881005248634,10751.715537632486,103.69047949369549,54.12352576585009,-1.1688456243860612
2024-03-27,171.9076690673828,50.18862468298842,82.56881005248634,10751.715537632486,103.69047949369549,54.12352576585009,-1.1688456243860612
2024-03-28,170.0924530029297,50.19588449162059,82.56881005248634,10751.715537632486,103.69047949369549,54.12352576585009,-1.1688456243860612
2024-04-01,168.65419006347656,50.22136507862334,82.56881005248634,10751.715537632486,103.69047949369549,54.12352576585009,-1.1688456243860612
2024-04-02,167.4738311767578,50.217307377654635,82.56881005248634,10751.715537632486,103.69047949369549,54.12352576585009,-1.1688456243860612
2024-04-03,168.27728271484375,50.22651086780975,82.56881005248634,10751.715537632486,103.69047949369549,54.12352576585009,-1.1688456243860612
2024-04-04,167.45401000976562,50.23003995518413,82.56881005248634,10751.715537632486,103.69047949369549,54.12352576585009,-1.1688456243860612
2024-04-05,168.2078399658203,50.22343743442325,82.56881005248634,10751.715537632486,103.69047949369549,54.12352576585009,-1.1688456243860612
2024-04-08,167.08697509765625,50.250977264832954,82.56881005248634,10751.715537632486,103.69047949369549,54.12352576585009,-1.1688456243860612
2024-04-09,168.297119140625,50.248297619541496,82.56881005248634,10751.715537632486,103.69047949369549,54.12352576585009,-1.1688456243860612
2024-04-10,166.4224395751953,50.259742660036444,82.56881005248634,10751.715537632486,103.69047949369549,54.12352576585009,-1.1688456243860612
2024-04-11,173.62364196777344,50.266257614974464,82.56881005248634,10751.715537632486,103.69047949369549,54.12352576585009,-1.1688456243860612
2024-04-12,175.1214599609375,50.263244452894185,82.56881005248634,10751.715537632486,103.69047949369549,54.12352576585009,-1.1688456243860612
2024-04-15,171.2926788330078,50.303542596566956,82.56881005248634,10751.715537632486,103.69047949369549,54.12352576585009,-1.1688456243860612
2024-04-16,168.00946044921875,50.30519928005827,82.56881005248634,10751.715537632486,103.69047949369549,54.12352576585009,-1.1688456243860612
2024-04-17,166.640625,50.32073416526556,82.56881005248634,10751.715537632486,103.69047949369549,54.12352576585009,-1.1688456243860612
2024-04-18,165.68838500976562,50.330932301518416,82.56881005248634,10751.715537632486,103.69047949369549,54.12352576585009,-1.1688456243860612
2024-04-19,163.66490173339844,50.33105136538836,82.56881005248634,10751.715537632486,103.69047949369549,54.12352576585009,-1.1688456243860612
2024-04-22,164.4980926513672,50.3763284994069,82.56881005248634,10751.715537632486,103.69047949369549,54.12352576585009,-1.1688456243860612
2024-04-23,165.54953002929688,50.37793607661379,82.56881005248634,10751.715537632486,103.69047949369549,54.12352576585009,-1.1688456243860612
2024-04-24,167.6523895263672,50.392524648643096,82.56881005248634,10751.715537632486,103.69047949369549,54.12352576585009,-1.1688456243860612
2024-04-25,168.51531982421875,50.40090092015996,82.56881005248634,10751.715537632486,103.69047949369549,54.12352576585009,-1.1688456243860612
2024-04-26,167.93011474609375,50.39837538793523,82.56881005248634,10751.715537632486,103.69047949369549,54.12352576585009,-1.1688456243860612
2024-04-29,172.09613037109375,50.43173782486536,82.56881005248634,10751.715537632486,103.69047949369549,54.12352576585009,-1.1688456243860612
2024-04-30,168.95179748535156,50.428486076558045,82.56881005248634,10751.715537632486,103.69047949369549,54.12352576585009,-1.1688456243860612
2024-05-01,167.93011474609375,50.43803697114311,82.56881005248634,10751.715537632486,103.69047949369549,54.12352576585009,-1.1688456243860612
2024-05-02,171.62994384765625,50.44137372388228,82.56881005248634,10751.715537632486,103.69047949369549,54.12352576585009,-1.1688456243860612
2024-05-03,181.89617919921875,50.433987121172194,82.56881005248634,10751.715537632486,103.69047949369549,54.12352576585009,-1.1688456243860612
2024-05-06,180.2397003173828,50.45557596040262,82.56881005248634,10751.715537632486,103.69047949369549,54.12352576585009,-1.1688456243860612
2024-05-07,180.9241180419922,50.44985542687397,82.56881005248634,10751.715537632486,103.69047949369549,54.12352576585009,-1.1688456243860612
2024-05-08,181.2613677978516,50.45787682220666,82.56881005248634,10751.715537632486,103.69047949369549,54.12352576585009,-1.1688456243860612
2024-05-09,183.0765686035156,50.46071202273371,82.56881005248634,10751.715537632486,103.69047949369549,54.12352576585009,-1.1688456243860612
2024-05-10,181.8151397705078,50.45391017984117,82.56881005248634,10751.715537632486,103.69047949369549,54.12352576585009,-1.1688456243860612
2024-05-13,185.02333068847656,50.483858796495156,82.56881005248634,10751.715537632486,103.69047949369549,54.12352576585009,-1.1688456243860612
2024-05-14,186.16555786132807,50.48298594124262,82.56881005248634,10751.715537632486,103.69047949369549,54.12352576585009,-1.1688456243860612
2024-05-15,188.4401397705078,50.496732662851144,82.56881005248634,10751.715537632486,103.69047949369549,54.12352576585009,-1.1688456243860612
2024-05-16,188.55929565429688,50.50603386699239,82.56881005248634,10751.715537632486,103.69047949369549,54.12352576585009,-1.1688456243860612
2024-05-17,188.589111328125,50.506276176993,82.56881005248634,10751.715537632486,103.69047949369549,54.12352576585009,-1.1688456243860612
2024-05-20,189.751220703125,50.55891408546506,82.56881005248634,10751.715537632486,103.69047949369549,54.12352576585009,-1.1688456243860612
2024-05-21,191.05239868164065,50.565427991307175,82.56881005248634,10751.715537632486,103.69047949369549,54.12352576585009,-1.1688456243860612
2024-05-22,189.61216735839844,50.58611733808181,82.56881005248634,10751.715537632486,103.69047949369549,54.12352576585009,-1.1688456243860612
2024-05-23,185.6192779541016,50.6017113026316,82.56881005248634,10751.715537632486,103.69047949369549,54.12352576585009,-1.1688456243860612
2024-05-24,188.69834899902344,50.60740446477736,82.56881005248634,10751.715537632486,103.69047949369549,54.12352576585009,-1.1688456243860612
2024-05-28,188.7083282470703,50.6768798812473,82.56881005248634,10751.715537632486,103.69047949369549,54.12352576585009,-1.1688456243860612
2024-05-29,189.00628662109372,50.69677213581979,82.56881005248634,10751.715537632486,103.69047949369549,54.12352576585009,-1.1688456243860612
2024-05-30,189.99951171875,50.710135475906924,82.56881005248634,10751.715537632486,103.69047949369549,54.12352576585009,-1.1688456243860612
2024-05-31,190.9530487060547,50.71218878175057,82.56881005248634,10751.715537632486,103.69047949369549,54.12352576585009,-1.1688456243860612
2024-06-03,192.72105407714844,50.75595366381703,82.56881005248634,10751.715537632486,103.69047949369549,54.12352576585009,-1.1688456243860612
2024-06-04,193.03890991210935,50.75478630574258,82.56881005248634,10751.715537632486,103.69047949369549,54.12352576585009,-1.1688456243860612
2024-06-05,194.54861450195312,50.76561216868093,82.56881005248634,10751.715537632486,103.69047949369549,54.12352576585009,-1.1688456243860612
2024-06-06,193.1680145263672,50.76935826928785,82.56881005248634,10751.715537632486,103.69047949369549,54.12352576585009,-1.1688456243860612
2024-06-07,195.561767578125,50.76147118193408,82.56881005248634,10751.715537632486,103.69047949369549,54.12352576585009,-1.1688456243860612
2024-06-10,191.8171844482422,50.77586584727041,82.56881005248634,10751.715537632486,103.69047949369549,54.12352576585009,-1.1688456243860612
2024-06-11,205.7525329589844,50.765848600162755,82.56881005248634,10751.715537632486,103.69047949369549,54.12352576585009,-1.1688456243860612
2024-06-12,211.6326141357422,50.768664219300376,82.56881005248634,10751.715537632486,103.69047949369549,54.12352576585009,-1.1688456243860612
2024-06-13,212.7947235107422,50.765433793288715,82.56881005248634,10751.715537632486,103.69047949369549,54.12352576585009,-1.1688456243860612
2024-06-14,211.05653381347656,50.751772147427026,82.56881005248634,10751.715537632486,103.69047949369549,54.12352576585009,-1.1688456243860612
2024-06-17,215.20831298828125,50.75726439465713,82.56881005248634,10751.715537632486,103.69047949369549,54.12352576585009,-1.1688456243860612
2024-06-18,212.8443603515625,50.74731196069498,82.56881005248634,10751.715537632486,103.69047949369549,54.12352576585009,-1.1688456243860612
2024-06-20,208.26548767089844,50.75158328329226,82.56881005248634,10751.715537632486,103.69047949369549,54.12352576585009,-1.1688456243860612
2024-06-21,206.0902557373047,50.74241408322756,82.56881005248634,10751.715537632486,103.69047949369549,54.12352576585009,-1.1688456243860612
2024-06-24,206.7358856201172,50.76850297642848,82.56881005248634,10751.715537632486,103.69047949369549,54.12352576585009,-1.1688456243860612
2024-06-25,207.6596221923828,50.76721696318291,82.56881005248634,10751.715537632486,103.69047949369549,54.12352576585009,-1.1688456243860612
2024-06-26,211.8114013671875,50.78086213355892,82.56881005248634,10751.715537632486,103.69047949369549,54.12352576585009,-1.1688456243860612
2024-06-27,212.6556701660156,50.79029301057878,82.56881005248634,10751.715537632486,103.69047949369549,54.12352576585009,-1.1688456243860612
2024-06-28,209.1991271972656,50.79081744729925,82.56881005248634,10751.715537632486,103.69047949369549,54.12352576585009,-1.1688456243860612
2024-07-01,215.28778076171875,50.84452609428651,82.56881005248634,10751.715537632486,103.69047949369549,54.12352576585009,-1.1688456243860612
2024-07-02,218.78404235839844,50.85129553677636,82.56881005248634,10751.715537632486,103.69047949369549,54.12352576585009,-1.1688456243860612
2024-07-03,220.05538940429688,50.872137330234295,82.56881005248634,10751.715537632486,103.69047949369549,54.12352576585009,-1.1688456243860612
2024-07-05,224.8130645751953,50.893412659299194,82.56881005248634,10751.715537632486,103.69047949369549,54.12352576585009,-1.1688456243860612
2024-07-08,226.2831268310547,50.955381989931254,82.56881005248634,10751.715537632486,103.69047949369549,54.12352576585009,-1.1688456243860612
2024-07-09,227.1372833251953,50.96253472509958,82.56881005248634,10751.715537632486,103.69047949369549,54.12352576585009,-1.1688456243860612
2024-07-10,231.4082946777344,50.98265002107798,82.56881005248634,10751.715537632486,103.69047949369549,54.12352576585009,-1.1688456243860612
2024-07-11,226.0347900390625,50.996539868436464,82.56881005248634,10751.715537632486,103.69047949369549,54.12352576585009,-1.1688456243860612
2024-07-12,228.98475646972656,50.99952462236764,82.56881005248634,10751.715537632486,103.69047949369549,54.12352576585009,-1.1688456243860612
2024-07-15,232.81871032714844,51.04952175324449,82.56881005248634,10751.715537632486,103.69047949369549,54.12352576585009,-1.1688456243860612
2024-07-16,233.23587036132807,51.05188429278322,82.56881005248634,10751.715537632486,103.69047949369549,54.12352576585009,-1.1688456243860612
2024-07-17,227.33595275878903,51.0670913924306,82.56881005248634,10751.715537632486,103.69047949369549,54.12352576585009,-1.1688456243860612
2024-07-18,222.66766357421875,51.076120866692534,82.56881005248634,10751.715537632486,103.69047949369549,54.12352576585009,-1.1688456243860612
2024-07-19,222.79676818847656,51.074449727311325,82.56881005248634,10751.715537632486,103.69047949369549,54.12352576585009,-1.1688456243860612
2024-07-22,222.4491424560547,51.11304309060068,82.56881005248634,10751.715537632486,103.69047949369549,54.12352576585009,-1.1688456243860612
2024-07-23,223.4920654296875,51.11280294394806,82.56881005248634,10751.715537632486,103.69047949369549,54.12352576585009,-1.1688456243860612
2024-07-24,217.06570434570312,51.12611843899595,82.56881005248634,10751.715537632486,103.69047949369549,54.12352576585009,-1.1688456243860612
2024-07-25,216.0227813720703,51.1339950393232,82.56881005248634,10751.715537632486,103.69047949369549,54.12352576585009,-1.1688456243860612
2024-07-26,216.48960876464844,51.13191049775286,82.56881005248634,10751.715537632486,103.69047949369549,54.12352576585009,-1.1688456243860612
2024-07-29,216.7677459716797,51.17332487124597,82.56881005248634,10751.715537632486,103.69047949369549,54.12352576585009,-1.1688456243860612
2024-07-30,217.32394409179688,51.175140185272525,82.56881005248634,10751.715537632486,103.69047949369549,54.12352576585009,-1.1688456243860612
2024-07-31,220.58181762695312,51.190903064932414,82.56881005248634,10751.715537632486,103.69047949369549,54.12352576585009,-1.1688456243860612
2024-08-01,216.88693237304688,51.20149959432031,82.56881005248634,10751.715537632486,103.69047949369549,54.12352576585009,-1.1688456243860612
2024-08-02,218.37681579589844,51.202280771527334,82.56881005248634,10751.715537632486,103.69047949369549,54.12352576585009,-1.1688456243860612
2024-08-05,207.85824584960935,51.25188463495775,82.56881005248634,10751.715537632486,103.69047949369549,54.12352576585009,-1.1688456243860612
2024-08-06,205.8319854736328,51.25589294485504,82.56881005248634,10751.715537632486,103.69047949369549,54.12352576585009,-1.1688456243860612
2024-08-07,208.404541015625,51.27340783687947,82.56881005248634,10751.715537632486,103.69047949369549,54.12352576585009,-1.1688456243860612
2024-08-08,211.87098693847656,51.28523624643435,82.56881005248634,10751.715537632486,103.69047949369549,54.12352576585009,-1.1688456243860612
2024-08-09,214.7812347412109,51.2866703403887,82.56881005248634,10751.715537632486,103.69047949369549,54.12352576585009,-1.1688456243860612
2024-08-12,216.31260681152344,51.334512013361845,82.56881005248634,10751.715537632486,103.69047949369549,54.12352576585009,-1.1688456243860612
2024-08-13,220.03167724609372,51.33672873166867,82.56881005248634,10751.715537632486,103.69047949369549,54.12352576585009,-1.1688456243860612
2024-08-14,220.47915649414065,51.35192586033551,82.56881005248634,10751.715537632486,103.69047949369549,54.12352576585009,-1.1688456243860612
2024-08-15,223.46237182617188,51.36098756071298,82.56881005248634,10751.715537632486,103.69047949369549,54.12352576585009,-1.1688456243860612
2024-08-16,224.7849273681641,51.35930093877212,82.56881005248634,10751.715537632486,103.69047949369549,54.12352576585009,-1.1688456243860612
2024-08-19,224.62582397460935,51.39679929795258,82.56881005248634,10751.715537632486,103.69047949369549,54.12352576585009,-1.1688456243860612
2024-08-20,225.2423553466797,51.395658528188754,82.56881005248634,10751.715537632486,103.69047949369549,54.12352576585009,-1.1688456243860612
2024-08-21,225.13296508789065,51.407754882155835,82.56881005248634,10751.715537632486,103.69047949369549,54.12352576585009,-1.1688456243860612
2024-08-22,223.2734222412109,51.414091807933026,82.56881005248634,10751.715537632486,103.69047949369549,54.12352576585009,-1.1688456243860612
2024-08-23,225.5705108642578,51.41016453047191,82.56881005248634,10751.715537632486,103.69047949369549,54.12352576585009,-1.1688456243860612
2024-08-26,225.90858459472656,51.44467991932633,82.56881005248634,10751.715537632486,103.69047949369549,54.12352576585009,-1.1688456243860612
2024-08-27,226.75384521484372,51.44396542608024,82.56881005248634,10751.715537632486,103.69047949369549,54.12352576585009,-1.1688456243860612
2024-08-28,225.22247314453125,51.45722590489001,82.56881005248634,10751.715537632486,103.69047949369549,54.12352576585009,-1.1688456243860612
2024-08-29,228.5039978027344,51.465443110101006,82.56881005248634,10751.715537632486,103.69047949369549,54.12352576585009,-1.1688456243860612
2024-08-30,227.7184295654297,51.46406497975908,82.56881005248634,10751.715537632486,103.69047949369549,54.12352576585009,-1.1688456243860612
2024-09-03,221.52328491210935,51.51299069604157,82.56881005248634,10751.715537632486,103.69047949369549,54.12352576585009,-1.1688456243860612
2024-09-04,219.6140289306641,51.53065707642338,82.56881005248634,10751.715537632486,103.69047949369549,54.12352576585009,-1.1688456243860612
2024-09-05,221.13546752929688,51.54324032781707,82.56881005248634,10751.715537632486,103.69047949369549,54.12352576585009,-1.1688456243860612
2024-09-06,219.58421325683597,51.546032313565284,82.56881005248634,10751.715537632486,103.69047949369549,54.12352576585009,-1.1688456243860612
2024-09-09,219.6737060546875,51.60120312171914,82.56881005248634,10751.715537632486,103.69047949369549,54.12352576585009,-1.1688456243860612
2024-09-10,218.87815856933597,51.60670845641086,82.56881005248634,10751.715537632486,103.69047949369549,54.12352576585009,-1.1688456243860612
2024-09-11,221.41390991210935,51.62544253630533,82.56881005248634,10751.715537632486,103.69047949369549,54.12352576585009,-1.1688456243860612
2024-09-12,221.52328491210935,51.63815716994403,82.56881005248634,10751.715537632486,103.69047949369549,54.12352576585009,-1.1688456243860612
2024-09-13,221.25477600097656,51.640093469133014,82.56881005248634,10751.715537632486,103.69047949369549,54.12352576585009,-1.1688456243860612
2024-09-16,215.109375,51.68670913522986,82.56881005248634,10751.715537632486,103.69047949369549,54.12352576585009,-1.1688456243860612
2024-09-17,215.5767364501953,51.68749745693122,82.56881005248634,10751.715537632486,103.69047949369549,54.12352576585009,-1.1688456243860612
2024-09-18,219.45492553710935,51.70072189973093,82.56881005248634,10751.715537632486,103.69047949369549,54.12352576585009,-1.1688456243860612
2024-09-19,227.58914184570312,51.707259509036625,82.56881005248634,10751.715537632486,103.69047949369549,54.12352576585009,-1.1688456243860612
2024-09-20,226.92288208007807,51.70250009402401,82.56881005248634,10751.715537632486,103.69047949369549,54.12352576585009,-1.1688456243860612
2024-09-23,225.20257568359372,51.7276685560278,82.56881005248634,10751.715537632486,103.69047949369549,54.12352576585009,-1.1688456243860612
2024-09-24,226.0975341796875,51.72149249373992,82.56881005248634,10751.715537632486,103.69047949369549,54.12352576585009,-1.1688456243860612
2024-09-25,225.1031188964844,51.72817187635775,82.56881005248634,10751.715537632486,103.69047949369549,54.12352576585009,-1.1688456243860612
2024-09-26,226.2467041015625,51.72877273923709,82.56881005248634,10751.715537632486,103.69047949369549,54.12352576585009,-1.1688456243860612
2024-09-27,226.51516723632807,51.71886113249179,82.56881005248634,10751.715537632486,103.69047949369549,54.12352576585009,-1.1688456243860612
2024-09-30,231.69602966308597,51.73474220672932,82.56881005248634,10751.715537632486,103.69047949369549,54.12352576585009,-1.1688456243860612
2024-10-01,224.94403076171875,51.72788238439495,82.56881005248634,10751.715537632486,103.69047949369549,54.12352576585009,-1.1688456243860612
2024-10-02,225.5108337402344,51.73518360817154,82.56881005248634,10751.715537632486,103.69047949369549,54.12352576585009,-1.1688456243860612
2024-10-03,224.40704345703125,51.73771967305613,82.56881005248634,10751.715537632486,103.69047949369549,54.12352576585009,-1.1688456243860612
2024-10-04,225.53073120117188,51.73102816339885,82.56881005248634,10751.715537632486,103.69047949369549,54.12352576585009,-1.1688456243860612
2024-10-07,220.44932556152344,51.763463434136725,82.56881005248634,10751.715537632486,103.69047949369549,54.12352576585009,-1.1688456243860612
2024-10-08,224.50650024414065,51.763984647052055,82.56881005248634,10751.715537632486,103.69047949369549,54.12352576585009,-1.1688456243860612
2024-10-09,228.25540161132807,51.77931067592685,82.56881005248634,10751.715537632486,103.69047949369549,54.12352576585009,-1.1688456243860612
2024-10-10,227.75819396972656,51.79030977343257,82.56881005248634,10751.715537632486,103.69047949369549,54.12352576585009,-1.1688456243860612
2024-10-11,226.27655029296875,51.79229949824556,82.56881005248634,10751.715537632486,103.69047949369549,54.12352576585009,-1.1688456243860612
2024-10-14,230.0055389404297,51.84979854689737,82.56881005248634,10751.715537632486,103.69047949369549,54.12352576585009,-1.1688456243860612
2024-10-15,232.54129028320312,51.85759971695007,82.56881005248634,10751.715537632486,103.69047949369549,54.12352576585009,-1.1688456243860612
2024-10-16,230.4828643798828,51.87932409961933,82.56881005248634,10751.715537632486,103.69047949369549,54.12352576585009,-1.1688456243860612
2024-10-17,230.8507843017578,51.89566376118983,82.56881005248634,10751.715537632486,103.69047949369549,54.12352576585009,-1.1688456243860612
2024-10-18,233.6848297119141,51.901787778900186,82.56881005248634,10751.715537632486,103.69047949369549,54.12352576585009,-1.1688456243860612
2024-10-21,235.1565399169922,51.96346869445745,82.56881005248634,10751.715537632486,103.69047949369549,54.12352576585009,-1.1688456243860612
2024-10-22,234.5400238037109,51.969782717038456,82.56881005248634,10751.715537632486,103.69047949369549,54.12352576585009,-1.1688456243860612
2024-10-23,229.4685516357422,51.98860759025816,82.56881005248634,10751.715537632486,103.69047949369549,54.12352576585009,-1.1688456243860612
2024-10-24,229.27964782714844,52.000711364226696,82.56881005248634,10751.715537632486,103.69047949369549,54.12352576585009,-1.1688456243860612
2024-10-25,230.11492919921875,52.001376336147516,82.56881005248634,10751.715537632486,103.69047949369549,54.12352576585009,-1.1688456243860612
2024-10-28,232.09378051757807,52.04096260425367,82.56881005248634,10751.715537632486,103.69047949369549,54.12352576585009,-1.1688456243860612
2024-10-29,232.3622894287109,52.0386777091732,82.56881005248634,10751.715537632486,103.69047949369549,54.12352576585009,-1.1688456243860612
2024-10-30,228.812255859375,52.048668760101066,82.56881005248634,10751.715537632486,103.69047949369549,54.12352576585009,-1.1688456243860612
2024-10-31,224.64572143554688,52.05194754851001,82.56881005248634,10751.715537632486,103.69047949369549,54.12352576585009,-1.1688456243860612
2024-11-01,221.6625061035156,52.04404029345171,82.56881005248634,10751.715537632486,103.69047949369549,54.12352576585009,-1.1688456243860612
2024-11-04,220.7675323486328,52.06172499880556,82.56881005248634,10751.715537632486,103.69047949369549,54.12352576585009,-1.1688456243860612
2024-11-05,222.1994781494141,52.05408530735931,82.56881005248634,10751.715537632486,103.69047949369549,54.12352576585009,-1.1688456243860612
2024-11-06,221.4735565185547,52.059965068461786,82.56881005248634,10751.715537632486,103.69047949369549,54.12352576585009,-1.1688456243860612
2024-11-07,226.20692443847656,52.06048849707699,82.56881005248634,10751.715537632486,103.69047949369549,54.12352576585009,-1.1688456243860612
2024-11-08,225.93814086914065,52.05125585763163,82.56881005248634,10751.715537632486,103.69047949369549,54.12352576585009,-1.1688456243860612
2024-11-11,223.2204132080078,52.07367050653007,82.56881005248634,10751.715537632486,103.69047949369549,54.12352576585009,-1.1688456243860612
2024-11-12,223.2204132080078,52.07034486267882,82.56881005248634,10751.715537632486,103.69047949369549,54.12352576585009,-1.1688456243860612
2024-11-13,224.10641479492188,52.08172620141399,82.56881005248634,10751.715537632486,103.69047949369549,54.12352576585009,-1.1688456243860612
2024-11-14,227.1924591064453,52.08877660346842,82.56881005248634,10751.715537632486,103.69047949369549,54.12352576585009,-1.1688456243860612
2024-11-15,223.98696899414065,52.086904439187535,82.56881005248634,10751.715537632486,103.69047949369549,54.12352576585009,-1.1688456243860612
2024-11-18,226.99337768554688,52.13415401814315,82.56881005248634,10751.715537632486,103.69047949369549,54.12352576585009,-1.1688456243860612
2024-11-19,227.25218200683597,52.139210800277525,82.56881005248634,10751.715537632486,103.69047949369549,54.12352576585009,-1.1688456243860612
2024-11-20,227.9689483642578,52.15861172033597,82.56881005248634,10751.715537632486,103.69047949369549,54.12352576585009,-1.1688456243860612
2024-11-21,227.4911193847656,52.17307996794575,82.56881005248634,10751.715537632486,103.69047949369549,54.12352576585009,-1.1688456243860612
2024-11-22,228.8350372314453,52.177801378740014,82.56881005248634,10751.715537632486,103.69047949369549,54.12352576585009,-1.1688456243860612
2024-11-25,231.82151794433597,52.23803519543533,82.56881005248634,10751.715537632486,103.69047949369549,54.12352576585009,-1.1688456243860612
2024-11-26,234.00167846679688,52.244698682709604,82.56881005248634,10751.715537632486,103.69047949369549,54.12352576585009,-1.1688456243860612
2024-11-27,233.8722381591797,52.26421205757757,82.56881005248634,10751.715537632486,103.69047949369549,54.12352576585009,-1.1688456243860612
2024-11-29,236.26144409179688,52.27911374409457,82.56881005248634,10751.715537632486,103.69047949369549,54.12352576585009,-1.1688456243860612
2024-12-02,238.5112762451172,52.32261837476998,82.56881005248634,10751.715537632486,103.69047949369549,54.12352576585009,-1.1688456243860612
2024-12-03,241.55747985839844,52.3214924145402,82.56881005248634,10751.715537632486,103.69047949369549,54.12352576585009,-1.1688456243860612
2024-12-04,241.91586303710935,52.332427288620934,82.56881005248634,10751.715537632486,103.69047949369549,54.12352576585009,-1.1688456243860612
2024-12-05,241.94573974609372,52.33635528346315,82.56881005248634,10751.715537632486,103.69047949369549,54.12352576585009,-1.1688456243860612
2024-12-06,241.7466278076172,52.32872978004346,82.56881005248634,10751.715537632486,103.69047949369549,54.12352576585009,-1.1688456243860612
2024-12-09,245.6390380859375,52.344466015053534,82.56881005248634,10751.715537632486,103.69047949369549,54.12352576585009,-1.1688456243860612
2024-12-10,246.6544342041016,52.33510635865266,82.56881005248634,10751.715537632486,103.69047949369549,54.12352576585009,-1.1688456243860612
2024-12-11,245.38021850585935,52.338693686905664,82.56881005248634,10751.715537632486,103.69047949369549,54.12352576585009,-1.1688456243860612
2024-12-12,246.8435821533203,52.33635061758465,82.56881005248634,10751.715537632486,103.69047949369549,54.12352576585009,-1.1688456243860612
2024-12-13,247.0128326416016,52.3236898172111,82.56881005248634,10751.715537632486,103.69047949369549,54.12352576585009,-1.1688456243860612
2024-12-16,249.90972900390625,52.33277339996819,82.56881005248634,10751.715537632486,103.69047949369549,54.12352576585009,-1.1688456243860612
2024-12-17,252.33872985839844,52.32415595408793,82.56881005248634,10751.715537632486,103.69047949369549,54.12352576585009,-1.1688456243860612
2024-12-18,246.9331970214844,52.32993005363775,82.56881005248634,10751.715537632486,103.69047949369549,54.12352576585009,-1.1688456243860612
2024-12-19,248.66534423828125,52.331134220892885,82.56881005248634,10751.715537632486,103.69047949369549,54.12352576585009,-1.1688456243860612
2024-12-20,253.34417724609372,52.32325795466463,82.56881005248634,10751.715537632486,103.69047949369549,54.12352576585009,-1.1688456243860612
2024-12-23,254.12066650390625,52.352383353698784,82.56881005248634,10751.715537632486,103.69047949369549,54.12352576585009,-1.1688456243860612
2024-12-24,257.0375061035156,52.35163236670661,82.56881005248634,10751.715537632486,103.69047949369549,54.12352576585009,-1.1688456243860612
2024-12-26,257.853759765625,52.37467289035514,82.56881005248634,10751.715537632486,103.69047949369549,54.12352576585009,-1.1688456243860612
2024-12-27,254.4392242431641,52.37449140429599,82.56881005248634,10751.715537632486,103.69047949369549,54.12352576585009,-1.1688456243860612
2024-12-30,251.06448364257807,52.42254584055773,82.56881005248634,10751.715537632486,103.69047949369549,54.12352576585009,-1.1688456243860612
2024-12-31,249.29251098632807,52.426056931701964,82.56881005248634,10751.715537632486,103.69047949369549,54.12352576585009,-1.1688456243860612
2025-01-02,242.75210571289065,52.45368018526462,82.56881005248634,10751.715537632486,103.69047949369549,54.12352576585009,-1.1688456243860612
2025-01-03,242.2642974853516,52.45366144577048,82.56881005248634,10751.715537632486,103.69047949369549,54.12352576585009,-1.1688456243860612
2025-01-06,243.89691162109372,52.493635735319316,82.56881005248634,10751.715537632486,103.69047949369549,54.12352576585009,-1.1688456243860612
2025-01-07,241.11947631835935,52.4918322995056,82.56881005248634,10751.715537632486,103.69047949369549,54.12352576585009,-1.1688456243860612
2025-01-08,241.6072540283203,52.50224082024963,82.56881005248634,10751.715537632486,103.69047949369549,54.12352576585009,-1.1688456243860612
2025-01-10,235.7836151123047,52.49770197424413,82.56881005248634,10751.715537632486,103.69047949369549,54.12352576585009,-1.1688456243860612
2025-01-13,233.3446350097656,52.51189017115759,82.56881005248634,10751.715537632486,103.69047949369549,54.12352576585009,-1.1688456243860612
2025-01-14,232.2296905517578,52.50176831891147,82.56881005248634,10751.715537632486,103.69047949369549,54.12352576585009,-1.1688456243860612
2025-01-15,236.79901123046875,52.50442729653374,82.56881005248634,10751.715537632486,103.69047949369549,54.12352576585009,-1.1688456243860612
2025-01-16,227.2322998046875,52.500981323608464,82.56881005248634,10751.715537632486,103.69047949369549,54.12352576585009,-1.1688456243860612
2025-01-17,228.94451904296875,52.48704746535042,82.56881005248634,10751.715537632486,103.69047949369549,54.12352576585009,-1.1688456243860612
2025-01-21,221.63758850097656,52.48126401762904,82.56881005248634,10751.715537632486,103.69047949369549,54.12352576585009,-1.1688456243860612
2025-01-22,222.82223510742188,52.48543038072142,82.56881005248634,10751.715537632486,103.69047949369549,54.12352576585009,-1.1688456243860612
2025-01-23,222.6529998779297,52.48514384665869,82.56881005248634,10751.715537632486,103.69047949369549,54.12352576585009,-1.1688456243860612
2025-01-24,221.7769470214844,52.47597603923848,82.56881005248634,10751.715537632486,103.69047949369549,54.12352576585009,-1.1688456243860612
2025-01-27,228.8250732421875,52.50330693111786,82.56881005248634,10751.715537632486,103.69047949369549,54.12352576585009,-1.1688456243860612
2025-01-28,237.187255859375,52.50295092323739,82.56881005248634,10751.715537632486,103.69047949369549,54.12352576585009,-1.1688456243860612
2025-01-29,238.2823028564453,52.51782025183826,82.56881005248634,10751.715537632486,103.69047949369549,54.12352576585009,-1.1688456243860612
2025-01-30,236.520263671875,52.528779007674565,82.56881005248634,10751.715537632486,103.69047949369549,54.12352576585009,-1.1688456243860612
2025-01-31,234.9374237060547,52.53113512737735,82.56881005248634,10751.715537632486,103.69047949369549,54.12352576585009,-1.1688456243860612
2025-02-03,226.9833984375,52.59200981813583,82.56881005248634,10751.715537632486,103.69047949369549,54.12352576585009,-1.1688456243860612
2025-02-04,231.7518310546875,52.60162315337,82.56881005248634,10751.715537632486,103.69047949369549,54.12352576585009,-1.1688456243860612
2025-02-05,231.4233245849609,52.62546145799208,82.56881005248634,10751.715537632486,103.69047949369549,54.12352576585009,-1.1688456243860612
2025-02-06,232.16995239257807,52.644189965378814,82.56881005248634,10751.715537632486,103.69047949369549,54.12352576585009,-1.1688456243860612
2025-02-07,226.60513305664065,52.65295074972975,82.56881005248634,10751.715537632486,103.69047949369549,54.12352576585009,-1.1688456243860612
2025-02-10,226.8741912841797,52.72376959345619,82.56881005248634,10751.715537632486,103.69047949369549,54.12352576585009,-1.1688456243860612
2025-02-11,231.8272705078125,52.733458795939086,82.56881005248634,10751.715537632486,103.69047949369549,54.12352576585009,-1.1688456243860612
2025-02-12,236.06277465820312,52.75578784218115,82.56881005248634,10751.715537632486,103.69047949369549,54.12352576585009,-1.1688456243860612
2025-02-13,240.70687866210935,52.771506366452726,82.56881005248634,10751.715537632486,103.69047949369549,54.12352576585009,-1.1688456243860612
2025-02-14,243.76646423339844,52.77588021068808,82.56881005248634,10751.715537632486,103.69047949369549,54.12352576585009,-1.1688456243860612
2025-02-18,243.6368865966797,52.82868775119727,82.56881005248634,10751.715537632486,103.69047949369549,54.12352576585009,-1.1688456243860612
2025-02-19,244.03549194335935,52.84266610879615,82.56881005248634,10751.715537632486,103.69047949369549,54.12352576585009,-1.1688456243860612
2025-02-20,244.9922332763672,52.84995616974756,82.56881005248634,10751.715537632486,103.69047949369549,54.12352576585009,-1.1688456243860612
2025-02-21,244.71319580078125,52.84607424017506,82.56881005248634,10751.715537632486,103.69047949369549,54.12352576585009,-1.1688456243860612
2025-02-24,246.25791931152344,52.87581389918456,82.56881005248634,10751.715537632486,103.69047949369549,54.12352576585009,-1.1688456243860612
2025-02-25,246.1981201171875,52.87214720412347,82.56881005248634,10751.715537632486,103.69047949369549,54.12352576585009,-1.1688456243860612
2025-02-26,239.5408935546875,52.881956391823365,82.56881005248634,10751.715537632486,103.69047949369549,54.12352576585009,-1.1688456243860612
2025-02-27,236.49131774902344,52.88635226328229,82.56881005248634,10751.715537632486,103.69047949369549,54.12352576585009,-1.1688456243860612
2025-02-28,241.01583862304688,52.88092139769157,82.56881005248634,10751.715537632486,103.69047949369549,54.12352576585009,-1.1688456243860612
2025-03-03,237.2188262939453,52.91418421953379,82.56881005248634,10751.715537632486,103.69047949369549,54.12352576585009,-1.1688456243860612
2025-03-04,235.1259765625,52.91424903477667,82.56881005248634,10751.715537632486,103.69047949369549,54.12352576585009,-1.1688456243860612
2025-03-05,234.93663024902344,52.92889218796219,82.56881005248634,10751.715537632486,103.69047949369549,54.12352576585009,-1.1688456243860612
2025-03-06,234.52804565429688,52.93906987022479,82.56881005248634,10751.715537632486,103.69047949369549,54.12352576585009,-1.1688456243860612
2025-03-07,238.2552947998047,52.94018772208205,82.56881005248634,10751.715537632486,103.69047949369549,54.12352576585009,-1.1688456243860612
2025-03-10,226.70477294921875,52.99561318258143,82.56881005248634,10751.715537632486,103.69047949369549,54.12352576585009,-1.1688456243860612
2025-03-11,220.08741760253903,53.003161483531215,82.56881005248634,10751.715537632486,103.69047949369549,54.12352576585009,-1.1688456243860612
2025-03-12,216.24057006835935,53.024963633256334,82.56881005248634,10751.715537632486,103.69047949369549,54.12352576585009,-1.1688456243860612
2025-03-13,208.9654235839844,53.04176538780604,82.56881005248634,10751.715537632486,103.69047949369549,54.12352576585009,-1.1688456243860612
2025-03-14,212.7624664306641,53.04877921515375,82.56881005248634,10751.715537632486,103.69047949369549,54.12352576585009,-1.1688456243860612
2025-03-17,213.27072143554688,53.11596026364327,82.56881005248634,10751.715537632486,103.69047949369549,54.12352576585009,-1.1688456243860612
2025-03-18,211.96519470214844,53.12508002558632,82.56881005248634,10751.715537632486,103.69047949369549,54.12352576585009,-1.1688456243860612
2025-03-19,214.50650024414065,53.14718123466495,82.56881005248634,10751.715537632486,103.69047949369549,54.12352576585009,-1.1688456243860612
2025-03-20,213.3703765869141,53.16300507700984,82.56881005248634,10751.715537632486,103.69047949369549,54.12352576585009,-1.1688456243860612
2025-03-21,217.52618408203125,53.16779605321125,82.56881005248634,10751.715537632486,103.69047949369549,54.12352576585009,-1.1688456243860612
2025-03-24,219.977783203125,53.22167244904291,82.56881005248634,10751.715537632486,103.69047949369549,54.12352576585009,-1.1688456243860612
2025-03-25,222.98748779296875,53.22457313072408,82.56881005248634,10751.715537632486,103.69047949369549,54.12352576585009,-1.1688456243860612
2025-03-26,220.77505493164065,53.23983756826,82.56881005248634,10751.715537632486,103.69047949369549,54.12352576585009,-1.1688456243860612
2025-03-27,223.0871734619141,53.248397266952644,82.56881005248634,10751.715537632486,103.69047949369549,54.12352576585009,-1.1688456243860612
2025-03-28,217.15740966796875,53.2456961803651,82.56881005248634,10751.715537632486,103.69047949369549,54.12352576585009,-1.1688456243860612
2025-03-31,221.37301635742188,53.27773325744729,82.56881005248634,10751.715537632486,103.69047949369549,54.12352576585009,-1.1688456243860612
2025-04-01,222.4293975830078,53.274196169828684,82.56881005248634,10751.715537632486,103.69047949369549,54.12352576585009,-1.1688456243860612
2025-04-02,223.12701416015625,53.2837200469047,82.56881005248634,10751.715537632486,103.69047949369549,54.12352576585009,-1.1688456243860612
2025-04-03,202.49755859375,53.287368699532614,82.56881005248634,10751.715537632486,103.69047949369549,54.12352576585009,-1.1688456243860612
2025-04-04,187.738037109375,53.28069059293283,82.56881005248634,10751.715537632486,103.69047949369549,54.12352576585009,-1.1688456243860612
2025-04-07,180.84161376953125,53.30697682241691,82.56881005248634,10751.715537632486,103.69047949369549,54.12352576585009,-1.1688456243860612
2025-04-08,171.83242797851562,53.30361033128046,82.56881005248634,10751.715537632486,103.69047949369549,54.12352576585009,-1.1688456243860612
2025-04-09,198.1723480224609,53.31428070367806,82.56881005248634,10751.715537632486,103.69047949369549,54.12352576585009,-1.1688456243860612
2025-04-10,189.7710723876953,53.319965265314345,82.56881005248634,10751.715537632486,103.69047949369549,54.12352576585009,-1.1688456243860612
2025-04-11,197.4747314453125,53.31609937983318,82.56881005248634,10751.715537632486,103.69047949369549,54.12352576585009,-1.1688456243860612
2025-04-14,201.8298492431641,53.354036081122246,82.56881005248634,10751.715537632486,103.69047949369549,54.12352576585009,-1.1688456243860612
2025-04-15,201.4511260986328,53.355072938463884,82.56881005248634,10751.715537632486,103.69047949369549,54.12352576585009,-1.1688456243860612
2025-04-16,193.6079559326172,53.370114855615086,82.56881005248634,10751.715537632486,103.69047949369549,54.12352576585009,-1.1688456243860612
2025-04-17,196.3087158203125,53.37996641051165,82.56881005248634,10751.715537632486,103.69047949369549,54.12352576585009,-1.1688456243860612
2025-04-21,192.5017242431641,53.425640107131684,82.56881005248634,10751.715537632486,103.69047949369549,54.12352576585009,-1.1688456243860612
2025-04-22,199.059326171875,53.427731419270685,82.56881005248634,10751.715537632486,103.69047949369549,54.12352576585009,-1.1688456243860612
2025-04-23,203.9027404785156,53.4429481899904,82.56881005248634,10751.715537632486,103.69047949369549,54.12352576585009,-1.1688456243860612
2025-04-24,207.659912109375,53.452076941951745,82.56881005248634,10751.715537632486,103.69047949369549,54.12352576585009,-1.1688456243860612
2025-04-25,208.5668029785156,53.450403404001456,82.56881005248634,10751.715537632486,103.69047949369549,54.12352576585009,-1.1688456243860612
2025-04-28,209.4238739013672,53.48661949976496,82.56881005248634,10751.715537632486,103.69047949369549,54.12352576585009,-1.1688456243860612
2025-04-29,210.490234375,53.484307840080454,82.56881005248634,10751.715537632486,103.69047949369549,54.12352576585009,-1.1688456243860612
2025-04-30,211.7758331298828,53.49473647258336,82.56881005248634,10751.715537632486,103.69047949369549,54.12352576585009,-1.1688456243860612
2025-05-01,212.59304809570312,53.49885585990166,82.56881005248634,10751.715537632486,103.69047949369549,54.12352576585009,-1.1688456243860612
2025-05-02,204.65020751953125,53.492126411112366,82.56881005248634,10751.715537632486,103.69047949369549,54.12352576585009,-1.1688456243860612
2025-05-05,198.21221923828125,53.5146858715574,82.56881005248634,10751.715537632486,103.69047949369549,54.12352576585009,-1.1688456243860612
2025-05-06,197.83349609375,53.50889691126214,82.56881005248634,10751.715537632486,103.69047949369549,54.12352576585009,-1.1688456243860612
2025-05-07,195.58120727539065,53.51663904796556,82.56881005248634,10751.715537632486,103.69047949369549,54.12352576585009,-1.1688456243860612
2025-05-08,196.8169860839844,53.518984682903124,82.56881005248634,10751.715537632486,103.69047949369549,54.12352576585009,-1.1688456243860612
2025-05-09,197.8534393310547,53.51148999341635,82.56881005248634,10751.715537632486,103.69047949369549,54.12352576585009,-1.1688456243860612
2025-05-12,210.3471221923828,53.53830456680041,82.56881005248634,10751.715537632486,103.69047949369549,54.12352576585009,-1.1688456243860612
2025-05-13,212.48263549804688,53.53611827894928,82.56881005248634,10751.715537632486,103.69047949369549,54.12352576585009,-1.1688456243860612
2025-05-14,211.8839111328125,53.54847062923036,82.56881005248634,10751.715537632486,103.69047949369549,54.12352576585009,-1.1688456243860612
2025-05-15,211.00575256347656,53.556333935717824,82.56881005248634,10751.715537632486,103.69047949369549,54.12352576585009,-1.1688456243860612
2025-05-16,210.81614685058597,53.55513438835711,82.56881005248634,10751.715537632486,103.69047949369549,54.12352576585009,-1.1688456243860612
2025-05-19,208.3413543701172,53.60382721129224,82.56881005248634,10751.715537632486,103.69047949369549,54.12352576585009,-1.1688456243860612
2025-05-20,206.42539978027344,53.60928241060988,82.56881005248634,10751.715537632486,103.69047949369549,54.12352576585009,-1.1688456243860612
2025-05-21,201.66542053222656,53.62909937435776,82.56881005248634,10751.715537632486,103.69047949369549,54.12352576585009,-1.1688456243860612
2025-05-22,200.93695068359372,53.64403603192198,82.56881005248634,10751.715537632486,103.69047949369549,54.12352576585009,-1.1688456243860612
2025-05-23,194.8597412109375,53.64931034961001,82.56881005248634,10751.715537632486,103.69047949369549,54.12352576585009,-1.1688456243860612
2025-05-27,199.78936767578125,53.719739336293685,82.56881005248634,10751.715537632486,103.69047949369549,54.12352576585009,-1.1688456243860612
2025-05-28,199.9989318847656,53.74052733337075,82.56881005248634,10751.715537632486,103.69047949369549,54.12352576585009,-1.1688456243860612
2025-05-29,199.5299072265625,53.7550246064571,82.56881005248634,10751.715537632486,103.69047949369549,54.12352576585009,-1.1688456243860612
2025-05-30,200.4280242919922,53.75842589572308,82.56881005248634,10751.715537632486,103.69047949369549,54.12352576585009,-1.1688456243860612
2025-06-02,201.27622985839844,53.80719388254759,82.56881005248634,10751.715537632486,103.69047949369549,54.12352576585009,-1.1688456243860612
2025-06-03,202.8429412841797,53.807883707923764,82.56881005248634,10751.715537632486,103.69047949369549,54.12352576585009,-1.1688456243860612
2025-06-04,202.3938751220703,53.82058905119066,82.56881005248634,10751.715537632486,103.69047949369549,54.12352576585009,-1.1688456243860612
2025-06-05,200.2084808349609,53.82619146505354,82.56881005248634,10751.715537632486,103.69047949369549,54.12352576585009,-1.1688456243860612
2025-06-06,203.49156188964844,53.82009240832633,82.56881005248634,10751.715537632486,103.69047949369549,54.12352576585009,-1.1688456243860612
2025-06-09,201.02674865722656,53.839020414291646,82.56881005248634,10751.715537632486,103.69047949369549,54.12352576585009,-1.1688456243860612
2025-06-10,202.24420166015625,53.83011476230596,82.56881005248634,10751.715537632486,103.69047949369549,54.12352576585009,-1.1688456243860612
2025-06-11,198.36236572265625,53.83379317942515,82.56881005248634,10751.715537632486,103.69047949369549,54.12352576585009,-1.1688456243860612
2025-06-12,198.78147888183597,53.8311563420963,82.56881005248634,10751.715537632486,103.69047949369549,54.12352576585009,-1.1688456243860612
2025-06-13,196.03726196289065,53.81780546666428,82.56881005248634,10751.715537632486,103.69047949369549,54.12352576585009,-1.1688456243860612
2025-06-16,198.0031280517578,53.8225044679807,82.56881005248634,10751.715537632486,103.69047949369549,54.12352576585009,-1.1688456243860612
2025-06-17,195.2289581298828,53.811738650883555,82.56881005248634,10751.715537632486,103.69047949369549,54.12352576585009,-1.1688456243860612
2025-06-18,196.1669921875,53.81509552069184,82.56881005248634,10751.715537632486,103.69047949369549,54.12352576585009,-1.1688456243860612
2025-06-20,200.5777130126953,53.80304760598805,82.56881005248634,10751.715537632486,103.69047949369549,54.12352576585009,-1.1688456243860612
2025-06-23,201.0766448974609,53.82402218173854,82.56881005248634,10751.715537632486,103.69047949369549,54.12352576585009,-1.1688456243860612
2025-06-24,199.87918090820312,53.820923711704594,82.56881005248634,10751.715537632486,103.69047949369549,54.12352576585009,-1.1688456243860612
2025-06-25,201.1365203857422,53.8327726047096,82.56881005248634,10751.715537632486,103.69047949369549,54.12352576585009,-1.1688456243860612
2025-06-26,200.5777130126953,53.84046397640905,82.56881005248634,10751.715537632486,103.69047949369549,54.12352576585009,-1.1688456243860612
2025-06-27,200.6575469970703,53.83934380599328,82.56881005248634,10751.715537632486,103.69047949369549,54.12352576585009,-1.1688456243860612
2025-06-30,204.7389373779297,53.88901241991038,82.56881005248634,10751.715537632486,103.69047949369549,54.12352576585009,-1.1688456243860612
2025-07-01,207.3833770751953,53.89481683665935,82.56881005248634,10751.715537632486,103.69047949369549,54.12352576585009,-1.1688456243860612
2025-07-02,211.99366760253903,53.91491206370925,82.56881005248634,10751.715537632486,103.69047949369549,54.12352576585009,-1.1688456243860612
2025-07-03,213.1013336181641,53.93002822928349,82.56881005248634,10751.715537632486,103.69047949369549,54.12352576585009,-1.1688456243860612
2025-07-07,209.50889587402344,53.997738787508844,82.56881005248634,10751.715537632486,103.69047949369549,54.12352576585009,-1.1688456243860612
2025-07-08,209.5687713623047,54.00539571182869,82.56881005248634,10751.715537632486,103.69047949369549,54.12352576585009,-1.1688456243860612
2025-07-09,210.69639587402344,54.02616235519904,82.56881005248634,10751.715537632486,103.69047949369549,54.12352576585009,-1.1688456243860612
2025-07-10,211.9637451171875,54.04082216595299,82.56881005248634,10751.715537632486,103.69047949369549,54.12352576585009,-1.1688456243860612
2025-07-11,210.7163543701172,54.044664711032866,82.56881005248634,10751.715537632486,103.69047949369549,54.12352576585009,-1.1688456243860612
2025-07-14,208.1816864013672,54.09744131888889,82.56881005248634,10751.715537632486,103.69047949369549,54.12352576585009,-1.1688456243860612
2025-07-15,208.6706695556641,54.10069467852231,82.56881005248634,10751.715537632486,103.69047949369549,54.12352576585009,-1.1688456243860612
2025-07-16,209.7184600830078,54.116727143895986,82.56881005248634,10751.715537632486,103.69047949369549,54.12352576585009,-1.1688456243860612
2025-07-17,209.5787506103516,54.126492460694905,82.56881005248634,10751.715537632486,103.69047949369549,54.12352576585009,-1.1688456243860612
2025-07-18,210.7363128662109,54.12544755082499,82.56881005248634,10751.715537632486,103.69047949369549,54.12352576585009,-1.1688456243860612
2025-07-21,212.03358459472656,54.16513062197483,82.56881005248634,10751.715537632486,103.69047949369549,54.12352576585009,-1.1688456243860612
2025-07-22,213.9495391845703,54.164971995513035,82.56881005248634,10751.715537632486,103.69047949369549,54.12352576585009,-1.1688456243860612
2025-07-23,213.7000732421875,54.17823147540613,82.56881005248634,10751.715537632486,103.69047949369549,54.12352576585009,-1.1688456243860612
2025-07-24,213.31089782714844,54.1859237707215,82.56881005248634,10751.715537632486,103.69047949369549,54.12352576585009,-1.1688456243860612
2025-07-25,213.4306488037109,54.18354018920831,82.56881005248634,10751.715537632486,103.69047949369549,54.12352576585009,-1.1688456243860612
2025-07-28,213.6002960205078,54.223556743673115,82.56881005248634,10751.715537632486,103.69047949369549,54.12352576585009,-1.1688456243860612
2025-07-29,210.8261260986328,54.224814079979865,82.56881005248634,10751.715537632486,103.69047949369549,54.12352576585009,-1.1688456243860612
2025-07-30,208.6107940673828,54.24001367104322,82.56881005248634,10751.715537632486,103.69047949369549,54.12352576585009,-1.1688456243860612
2025-07-31,207.1339111328125,54.25006617565739,82.56881005248634,10751.715537632486,103.69047949369549,54.12352576585009,-1.1688456243860612
2025-08-01,201.95480346679688,54.25034605920039,82.56881005248634,10751.715537632486,103.69047949369549,54.12352576585009,-1.1688456243860612
2025-08-04,202.9227752685547,54.29890396780384,82.56881005248634,10751.715537632486,103.69047949369549,54.12352576585009,-1.1688456243860612
2025-08-05,202.49366760253903,54.302767689145995,82.56881005248634,10751.715537632486,103.69047949369549,54.12352576585009,-1.1688456243860612
2025-08-06,212.8019561767578,54.320256021450355,82.56881005248634,10751.715537632486,103.69047949369549,54.12352576585009,-1.1688456243860612
2025-08-07,219.56771850585935,54.33217894401368,82.56881005248634,10751.715537632486,103.69047949369549,54.12352576585009,-1.1688456243860612
2025-08-08,228.86813354492188,54.333827089554035,82.56881005248634,10751.715537632486,103.69047949369549,54.12352576585009,-1.1688456243860612
2025-08-11,226.95997619628903,54.38294640943032,82.56881005248634,10751.715537632486,103.69047949369549,54.12352576585009,-1.1688456243860612
2025-08-12,229.42758178710935,54.38575361030622,82.56881005248634,10751.715537632486,103.69047949369549,54.12352576585009,-1.1688456243860612
2025-08-13,233.10403442382807,54.40159162135194,82.56881005248634,10751.715537632486,103.69047949369549,54.12352576585009,-1.1688456243860612
2025-08-14,232.5545654296875,54.41132183914131,82.56881005248634,10751.715537632486,103.69047949369549,54.12352576585009,-1.1688456243860612
2025-08-15,231.3657073974609,54.410307251702356,82.56881005248634,10751.715537632486,103.69047949369549,54.12352576585009,-1.1688456243860612
2025-08-18,230.66639709472656,54.449599033581556,82.56881005248634,10751.715537632486,103.69047949369549,54.12352576585009,-1.1688456243860612
2025-08-19,230.3367156982422,54.44890567973206,82.56881005248634,10751.715537632486,103.69047949369549,54.12352576585009,-1.1688456243860612
2025-08-20,225.7911071777344,54.46134156802788,82.56881005248634,10751.715537632486,103.69047949369549,54.12352576585009,-1.1688456243860612
2025-08-21,224.68218994140625,54.46789530533024,82.56881005248634,10751.715537632486,103.69047949369549,54.12352576585009,-1.1688456243860612
2025-08-22,227.53941345214844,54.46405130047747,82.56881005248634,10751.715537632486,103.69047949369549,54.12352576585009,-1.1688456243860612
2025-08-25,226.94000244140625,54.49797575126892,82.56881005248634,10751.715537632486,103.69047949369549,54.12352576585009,-1.1688456243860612
2025-08-26,229.08792114257807,54.49679510141462,82.56881005248634,10751.715537632486,103.69047949369549,54.12352576585009,-1.1688456243860612
2025-08-27,230.26678466796875,54.50947244483863,82.56881005248634,10751.715537632486,103.69047949369549,54.12352576585009,-1.1688456243860612
2025-08-28,232.33477783203125,54.517006868034656,82.56881005248634,10751.715537632486,103.69047949369549,54.12352576585009,-1.1688456243860612
2025-08-29,231.9151763916016,54.51486754878047,82.56881005248634,10751.715537632486,103.69047949369549,54.12352576585009,-1.1688456243860612
2025-09-02,229.49752807617188,54.560488463081164,82.56881005248634,10751.715537632486,103.69047949369549,54.12352576585009,-1.1688456243860612
2025-09-03,238.2390594482422,54.57740802603262,82.56881005248634,10751.715537632486,103.69047949369549,54.12352576585009,-1.1688456243860612
2025-09-04,239.5477752685547,54.58933424606553,82.56881005248634,10751.715537632486,103.69047949369549,54.12352576585009,-1.1688456243860612
2025-09-05,239.45787048339844,54.59158551094888,82.56881005248634,10751.715537632486,103.69047949369549,54.12352576585009,-1.1688456243860612
2025-09-08,237.64962768554688,54.64604931626267,82.56881005248634,10751.715537632486,103.69047949369549,54.12352576585009,-1.1688456243860612
2025-09-09,234.123046875,54.65167527344236,82.56881005248634,10751.715537632486,103.69047949369549,54.12352576585009,-1.1688456243860612
2025-09-10,226.5703582763672,54.67072109565776,82.56881005248634,10751.715537632486,103.69047949369549,54.12352576585009,-1.1688456243860612
2025-09-11,229.8072204589844,54.6839379702149,82.56881005248634,10751.715537632486,103.69047949369549,54.12352576585009,-1.1688456243860612
2025-09-12,233.84332275390625,54.6865605435868,82.56881005248634,10751.715537632486,103.69047949369549,54.12352576585009,-1.1688456243860612
2025-09-15,236.47076416015625,54.7361894583434,82.56881005248634,10751.715537632486,103.69047949369549,54.12352576585009,-1.1688456243860612
2025-09-16,237.9193572998047,54.73822451418846,82.56881005248634,10751.715537632486,103.69047949369549,54.12352576585009,-1.1688456243860612
2025-09-17,238.7585601806641,54.75276798600617,82.56881005248634,10751.715537632486,103.69047949369549,54.12352576585009,-1.1688456243860612
2025-09-18,237.64962768554688,54.760662630596705,82.56881005248634,10751.715537632486,103.69047949369549,54.12352576585009,-1.1688456243860612
2025-09-19,245.26223754882807,54.7572619410178,82.56881005248634,10751.715537632486,103.69047949369549,54.12352576585009,-1.1688456243860612
2025-09-22,255.8319854736328,54.78614509095573,82.56881005248634,10751.715537632486,103.69047949369549,54.12352576585009,-1.1688456243860612
2025-09-23,254.18359375,54.78096764465072,82.56881005248634,10751.715537632486,103.69047949369549,54.12352576585009,-1.1688456243860612
2025-09-24,252.06564331054688,54.78847238985681,82.56881005248634,10751.715537632486,103.69047949369549,54.12352576585009,-1.1688456243860612
2025-09-25,256.6212158203125,54.78969905009658,82.56881005248634,10751.715537632486,103.69047949369549,54.12352576585009,-1.1688456243860612
2025-09-26,255.2126007080078,54.780192420633206,82.56881005248634,10751.715537632486,103.69047949369549,54.12352576585009,-1.1688456243860612
2025-09-29,254.18359375,54.79584039387576,82.56881005248634,10751.715537632486,103.69047949369549,54.12352576585009,-1.1688456243860612
2025-09-30,254.38340759277344,54.78841193037857,82.56881005248634,10751.715537632486,103.69047949369549,54.12352576585009,-1.1688456243860612
2025-10-01,255.20260620117188,54.79491191252224,82.56881005248634,10751.715537632486,103.69047949369549,54.12352576585009,-1.1688456243860612
2025-10-02,256.8809814453125,54.79643188048684,82.56881005248634,10751.715537632486,103.69047949369549,54.12352576585009,-1.1688456243860612
2025-10-03,257.7701110839844,54.78853336268413,82.56881005248634,10751.715537632486,103.69047949369549,54.12352576585009,-1.1688456243860612
2025-10-06,256.44140625,54.81652093679488,82.56881005248634,10751.715537632486,103.69047949369549,54.12352576585009,-1.1688456243860612
2025-10-07,256.23162841796875,54.815410741262404,82.56881005248634,10751.715537632486,103.69047949369549,54.12352576585009,-1.1688456243860612
2025-10-08,257.8100891113281,54.82910093375299,82.56881005248634,10751.715537632486,103.69047949369549,54.12352576585009,-1.1688456243860612
2025-10-09,253.79396057128903,54.83850334204373,82.56881005248634,10751.715537632486,103.69047949369549,54.12352576585009,-1.1688456243860612
2025-10-10,245.032470703125,54.838978461425796,82.56881005248634,10751.715537632486,103.69047949369549,54.12352576585009,-1.1688456243860612
2025-10-13,247.42015075683597,54.89282083864971,82.56881005248634,10751.715537632486,103.69047949369549,54.12352576585009,-1.1688456243860612
2025-10-14,247.5300445556641,54.89981099014047,82.56881005248634,10751.715537632486,103.69047949369549,54.12352576585009,-1.1688456243860612
2025-10-15,249.09852600097656,54.92097124419423,82.56881005248634,10751.715537632486,103.69047949369549,54.12352576585009,-1.1688456243860612
2025-10-16,247.2103576660156,54.93700989919949,82.56881005248634,10751.715537632486,103.69047949369549,54.12352576585009,-1.1688456243860612
2025-10-17,252.045654296875,54.943105113622856,82.56881005248634,10751.715537632486,103.69047949369549,54.12352576585009,-1.1688456243860612
2025-10-20,261.98602294921875,55.00631146020215,82.56881005248634,10751.715537632486,103.69047949369549,54.12352576585009,-1.1688456243860612
2025-10-21,262.5155029296875,55.01362704946326,82.56881005248634,10751.715537632486,103.69047949369549,54.12352576585009,-1.1688456243860612
2025-10-22,258.19970703125,55.033660558221506,82.56881005248634,10751.715537632486,103.69047949369549,54.12352576585009,-1.1688456243860612
2025-10-23,259.3285827636719,55.04714717565072,82.56881005248634,10751.715537632486,103.69047949369549,54.12352576585009,-1.1688456243860612
2025-10-24,262.56549072265625,55.049331394342175,82.56881005248634,10751.715537632486,103.69047949369549,54.12352576585009,-1.1688456243860612
2025-10-27,268.5496520996094,55.09386427690232,82.56881005248634,10751.715537632486,103.69047949369549,54.12352576585009,-1.1688456243860612
2025-10-28,268.7394714355469,55.093205994837135,82.56881005248634,10751.715537632486,103.69047949369549,54.12352576585009,-1.1688456243860612
2025-10-29,269.4388122558594,55.10473672077038,82.56881005248634,10751.715537632486,103.69047949369549,54.12352576585009,-1.1688456243860612
2025-10-30,271.1371459960937,55.10942554999249,82.56881005248634,10751.715537632486,103.69047949369549,54.12352576585009,-1.1688456243860612
2025-10-31,270.108154296875,55.10275959519476,82.56881005248634,10751.715537632486,103.69047949369549,54.12352576585009,-1.1688456243860612
2025-11-03,268.7894287109375,55.122841135636286,82.56881005248634,10751.715537632486,103.69047949369549,54.12352576585009,-1.1688456243860612
2025-11-04,269.7784729003906,55.115484814411296,82.56881005248634,10751.715537632486,103.69047949369549,54.12352576585009,-1.1688456243860612
2025-11-05,269.8783874511719,55.121371631270115,82.56881005248634,10751.715537632486,103.69047949369549,54.12352576585009,-1.1688456243860612
2025-11-06,269.5087280273437,55.12162631974303,82.56881005248634,10751.715537632486,103.69047949369549,54.12352576585009,-1.1688456243860612
2025-11-07,268.2099914550781,55.11185753521513,82.56881005248634,10751.715537632486,103.69047949369549,54.12352576585009,-1.1688456243860612
2025-11-10,269.42999267578125,55.131255264052825,82.56881005248634,10751.715537632486,103.69047949369549,54.12352576585009,-1.1688456243860612
2025-11-11,275.25,55.126553152723474,82.56881005248634,10751.715537632486,103.69047949369549,54.12352576585009,-1.1688456243860612
2025-11-12,273.4700012207031,55.13643573278504,82.56881005248634,10751.715537632486,103.69047949369549,54.12352576585009,-1.1688456243860612
2025-11-13,272.95001220703125,55.14190904743859,82.56881005248634,10751.715537632486,103.69047949369549,54.12352576585009,-1.1688456243860612
2025-11-14,272.4100036621094,55.13842780083012,82.56881005248634,10751.715537632486,103.69047949369549,54.12352576585009,-1.1688456243860612
2025-11-17,267.4599914550781,55.181129290515265,82.56881005248634,10751.715537632486,103.69047949369549,54.12352576585009,-1.1688456243860612
2025-11-18,267.44000244140625,55.184913366806676,82.56881005248634,10751.715537632486,103.69047949369549,54.12352576585009,-1.1688456243860612
2025-11-19,268.5599975585937,55.20323048552703,82.56881005248634,10751.715537632486,103.69047949369549,54.12352576585009,-1.1688456243860612
2025-11-20,266.25,55.21683698042309,82.56881005248634,10751.715537632486,103.69047949369549,54.12352576585009,-1.1688456243860612
2025-11-21,271.489990234375,55.220945627861646,82.56881005248634,10751.715537632486,103.69047949369549,54.12352576585009,-1.1688456243860612
2025-11-24,275.9200134277344,55.28099650276352,82.56881005248634,10751.715537632486,103.69047949369549,54.12352576585009,-1.1688456243860612
2025-11-25,276.9700012207031,55.288165551004255,82.56881005248634,10751.715537632486,103.69047949369549,54.12352576585009,-1.1688456243860612
2025-11-26,277.54998779296875,55.308455132655084,82.56881005248634,10751.715537632486,103.69047949369549,54.12352576585009,-1.1688456243860612
2025-11-28,278.8500061035156,55.32563715188595,82.56881005248634,10751.715537632486,103.69047949369549,54.12352576585009,-1.1688456243860612
2025-12-01,283.1000061035156,55.3738971318924,82.56881005248634,10751.715537632486,103.69047949369549,54.12352576585009,-1.1688456243860612
2025-12-02,286.19000244140625,55.37454819995514,82.56881005248634,10751.715537632486,103.69047949369549,54.12352576585009,-1.1688456243860612
2025-12-03,284.1499938964844,55.387278637007675,82.56881005248634,10751.715537632486,103.69047949369549,54.12352576585009,-1.1688456243860612
2025-12-04,280.70001220703125,55.392972735378656,82.56881005248634,10751.715537632486,103.69047949369549,54.12352576585009,-1.1688456243860612
2025-12-05,278.7799987792969,55.38703676529901,82.56881005248634,10751.715537632486,103.69047949369549,54.12352576585009,-1.1688456243860612
2025-12-08,277.8900146484375,55.4069521480816,82.56881005248634,10751.715537632486,103.69047949369549,54.12352576585009,-1.1688456243860612
2025-12-09,277.17999267578125,55.39856789810155,82.56881005248634,10751.715537632486,103.69047949369549,54.12352576585009,-1.1688456243860612
2025-12-10,278.7799987792969,55.40287597102121,82.56881005248634,10751.715537632486,103.69047949369549,54.12352576585009,-1.1688456243860612
2025-12-11,278.0299987792969,55.40098204323775,82.56881005248634,10751.715537632486,103.69047949369549,54.12352576585009,-1.1688456243860612
2025-12-12,278.2799987792969,55.38848965752955,82.56881005248634,10751.715537632486,103.69047949369549,54.12352576585009,-1.1688456243860612
2025-12-15,274.1099853515625,55.396423979460536,82.56881005248634,10751.715537632486,103.69047949369549,54.12352576585009,-1.1688456243860612
2025-12-16,274.6099853515625,55.38692136765519,82.56881005248634,10751.715537632486,103.69047949369549,54.12352576585009,-1.1688456243860612
2025-12-17,271.8399963378906,55.3916021996515,82.56881005248634,10751.715537632486,103.69047949369549,54.12352576585009,-1.1688456243860612
2025-12-18,272.19000244140625,55.39154019786761,82.56881005248634,10751.715537632486,103.69047949369549,54.12352576585009,-1.1688456243860612
2025-12-19,273.6700134277344,55.38226500587631,82.56881005248634,10751.715537632486,103.69047949369549,54.12352576585009,-1.1688456243860612
2025-12-22,270.9700012207031,55.40684749993496,82.56881005248634,10751.715537632486,103.69047949369549,54.12352576585009,-1.1688456243860612
2025-12-23,272.3599853515625,55.4046240578922,82.56881005248634,10751.715537632486,103.69047949369549,54.12352576585009,-1.1688456243860612
2025-12-24,273.8099975585937,55.41708407336433,82.56881005248634,10751.715537632486,103.69047949369549,54.12352576585009,-1.1688456243860612
2025-12-26,273.3999938964844,55.42382231556666,82.56881005248634,10751.715537632486,103.69047949369549,54.12352576585009,-1.1688456243860612
2025-12-29,273.760009765625,55.470094443784966,82.56881005248634,10751.715537632486,103.69047949369549,54.12352576585009,-1.1688456243860612
2025-12-30,273.0799865722656,55.47353626940554,82.56881005248634,10751.715537632486,103.69047949369549,54.12352576585009,-1.1688456243860612
