Date,Actual,Predicted,MAE,MSE,RMSE,MAPE,R2
2020-07-24,150.44549560546875,155.95575,4.486837314794779,35.0090778036775,5.916846947798929,2.901971531635245,0.9768460219444182
2020-07-27,152.760498046875,155.38806,4.486837314794779,35.0090778036775,5.916846947798929,2.901971531635245,0.9768460219444182
2020-07-28,150.01649475097656,154.9857,4.486837314794779,35.0090778036775,5.916846947798929,2.901971531635245,0.9768460219444182
2020-07-29,151.67649841308594,154.42719,4.486837314794779,35.0090778036775,5.916846947798929,2.901971531635245,0.9768460219444182
2020-07-30,152.593994140625,154.01823,4.486837314794779,35.0090778036775,5.916846947798929,2.901971531635245,0.9768460219444182
2020-07-31,158.23399353027344,153.82414,4.486837314794779,35.0090778036775,5.916846947798929,2.901971531635245,0.9768460219444182
2020-08-03,155.59449768066406,154.35303,4.486837314794779,35.0090778036775,5.916846947798929,2.901971531635245,0.9768460219444182
2020-08-04,156.94149780273438,154.95071,4.486837314794779,35.0090778036775,5.916846947798929,2.901971531635245,0.9768460219444182
2020-08-05,160.25149536132812,155.67815,4.486837314794779,35.0090778036775,5.916846947798929,2.901971531635245,0.9768460219444182
2020-08-06,161.25,156.74152,4.486837314794779,35.0090778036775,5.916846947798929,2.901971531635245,0.9768460219444182
2020-08-07,158.3730010986328,157.97934,4.486837314794779,35.0090778036775,5.916846947798929,2.901971531635245,0.9768460219444182
2020-08-10,157.4080047607422,158.88887,4.486837314794779,35.0090778036775,5.916846947798929,2.901971531635245,0.9768460219444182
2020-08-11,154.0334930419922,159.4277,4.486837314794779,35.0090778036775,5.916846947798929,2.901971531635245,0.9768460219444182
2020-08-12,158.11199951171875,159.35156,4.486837314794779,35.0090778036775,5.916846947798929,2.901971531635245,0.9768460219444182
2020-08-13,158.05099487304688,159.36449,4.486837314794779,35.0090778036775,5.916846947798929,2.901971531635245,0.9768460219444182
2020-08-14,157.4010009765625,159.40344,4.486837314794779,35.0090778036775,5.916846947798929,2.901971531635245,0.9768460219444182
2020-08-17,159.12049865722656,159.38905,4.486837314794779,35.0090778036775,5.916846947798929,2.901971531635245,0.9768460219444182
2020-08-18,165.62449645996094,159.52695,4.486837314794779,35.0090778036775,5.916846947798929,2.901971531635245,0.9768460219444182
2020-08-19,163.0240020751953,160.40536,4.486837314794779,35.0090778036775,5.916846947798929,2.901971531635245,0.9768460219444182
2020-08-20,164.86849975585938,161.32463,4.486837314794779,35.0090778036775,5.916846947798929,2.901971531635245,0.9768460219444182
2020-08-21,164.23599243164062,162.37744,4.486837314794779,35.0090778036775,5.916846947798929,2.901971531635245,0.9768460219444182
2020-08-24,165.3730010986328,163.32364,4.486837314794779,35.0090778036775,5.916846947798929,2.901971531635245,0.9768460219444182
2020-08-25,167.32449340820312,164.23154,4.486837314794779,35.0090778036775,5.916846947798929,2.901971531635245,0.9768460219444182
2020-08-26,172.09249877929688,165.22078,4.486837314794779,35.0090778036775,5.916846947798929,2.901971531635245,0.9768460219444182
2020-08-27,170.0,166.64227,4.486837314794779,35.0090778036775,5.916846947798929,2.901971531635245,0.9768460219444182
2020-08-28,170.08999633789062,167.92738,4.486837314794779,35.0090778036775,5.916846947798929,2.901971531635245,0.9768460219444182
2020-08-31,172.54800415039062,169.02174,4.486837314794779,35.0090778036775,5.916846947798929,2.901971531635245,0.9768460219444182
2020-09-01,174.95599365234375,170.14786,4.486837314794779,35.0090778036775,5.916846947798929,2.901971531635245,0.9768460219444182
2020-09-02,176.57249450683594,171.41492,4.486837314794779,35.0090778036775,5.916846947798929,2.901971531635245,0.9768460219444182
2020-09-03,168.39999389648438,172.78992,4.486837314794779,35.0090778036775,5.916846947798929,2.901971531635245,0.9768460219444182
2020-09-04,164.7310028076172,173.22649,4.486837314794779,35.0090778036775,5.916846947798929,2.901971531635245,0.9768460219444182
2020-09-08,157.49200439453125,172.7391,4.486837314794779,35.0090778036775,5.916846947798929,2.901971531635245,0.9768460219444182
2020-09-09,163.4304962158203,171.03795,4.486837314794779,35.0090778036775,5.916846947798929,2.901971531635245,0.9768460219444182
2020-09-10,158.7554931640625,169.46167,4.486837314794779,35.0090778036775,5.916846947798929,2.901971531635245,0.9768460219444182
2020-09-11,155.81100463867188,167.6054,4.486837314794779,35.0090778036775,5.916846947798929,2.901971531635245,0.9768460219444182
2020-09-14,155.14849853515625,165.4993,4.486837314794779,35.0090778036775,5.916846947798929,2.901971531635245,0.9768460219444182
2020-09-15,157.80650329589844,163.40828,4.486837314794779,35.0090778036775,5.916846947798929,2.901971531635245,0.9768460219444182
2020-09-16,153.90499877929688,161.8142,4.486837314794779,35.0090778036775,5.916846947798929,2.901971531635245,0.9768460219444182
2020-09-17,150.43649291992188,160.25496,4.486837314794779,35.0090778036775,5.916846947798929,2.901971531635245,0.9768460219444182
2020-09-18,147.74549865722656,158.53462,4.486837314794779,35.0090778036775,5.916846947798929,2.901971531635245,0.9768460219444182
2020-09-21,148.02349853515625,156.63153,4.486837314794779,35.0090778036775,5.916846947798929,2.901971531635245,0.9768460219444182
2020-09-22,156.44949340820312,154.85265,4.486837314794779,35.0090778036775,5.916846947798929,2.901971531635245,0.9768460219444182
2020-09-23,149.9929962158203,154.18922,4.486837314794779,35.0090778036775,5.916846947798929,2.901971531635245,0.9768460219444182
2020-09-24,150.989501953125,153.53981,4.486837314794779,35.0090778036775,5.916846947798929,2.901971531635245,0.9768460219444182
2020-09-25,154.75650024414062,153.09546,4.486837314794779,35.0090778036775,5.916846947798929,2.901971531635245,0.9768460219444182
2020-09-28,158.70249938964844,153.19627,4.486837314794779,35.0090778036775,5.916846947798929,2.901971531635245,0.9768460219444182
2020-09-29,157.24400329589844,153.99432,4.486837314794779,35.0090778036775,5.916846947798929,2.901971531635245,0.9768460219444182
2020-09-30,157.43649291992188,154.94847,4.486837314794779,35.0090778036775,5.916846947798929,2.901971531635245,0.9768460219444182
2020-10-01,161.06300354003906,155.92159,4.486837314794779,35.0090778036775,5.916846947798929,2.901971531635245,0.9768460219444182
2020-10-02,156.25,157.17966,4.486837314794779,35.0090778036775,5.916846947798929,2.901971531635245,0.9768460219444182
2020-10-05,159.9600067138672,157.95927,4.486837314794779,35.0090778036775,5.916846947798929,2.901971531635245,0.9768460219444182
2020-10-06,154.9980010986328,158.7884,4.486837314794779,35.0090778036775,5.916846947798929,2.901971531635245,0.9768460219444182
2020-10-07,159.7845001220703,159.03082,4.486837314794779,35.0090778036775,5.916846947798929,2.901971531635245,0.9768460219444182
2020-10-08,159.52749633789062,159.42834,4.486837314794779,35.0090778036775,5.916846947798929,2.901971531635245,0.9768460219444182
2020-10-09,164.33250427246094,159.82733,4.486837314794779,35.0090778036775,5.916846947798929,2.901971531635245,0.9768460219444182
2020-10-12,172.14649963378906,160.68811,4.486837314794779,35.0090778036775,5.916846947798929,2.901971531635245,0.9768460219444182
2020-10-13,172.18150329589844,162.51976,4.486837314794779,35.0090778036775,5.916846947798929,2.901971531635245,0.9768460219444182
2020-10-14,168.1855010986328,164.69531,4.486837314794779,35.0090778036775,5.916846947798929,2.901971531635245,0.9768460219444182
2020-10-15,166.9324951171875,166.42949,4.486837314794779,35.0090778036775,5.916846947798929,2.901971531635245,0.9768460219444182
2020-10-16,163.635498046875,167.61687,4.486837314794779,35.0090778036775,5.916846947798929,2.901971531635245,0.9768460219444182
2020-10-19,160.36050415039062,168.0281,4.486837314794779,35.0090778036775,5.916846947798929,2.901971531635245,0.9768460219444182
2020-10-20,160.85049438476562,167.62625,4.486837314794779,35.0090778036775,5.916846947798929,2.901971531635245,0.9768460219444182
2020-10-21,159.2469940185547,166.86389,4.486837314794779,35.0090778036775,5.916846947798929,2.901971531635245,0.9768460219444182
2020-10-22,158.82000732421875,165.80418,4.486837314794779,35.0090778036775,5.916846947798929,2.901971531635245,0.9768460219444182
2020-10-23,160.22000122070312,164.64659,4.486837314794779,35.0090778036775,5.916846947798929,2.901971531635245,0.9768460219444182
2020-10-26,160.3520050048828,163.69807,4.486837314794779,35.0090778036775,5.916846947798929,2.901971531635245,0.9768460219444182
2020-10-27,164.31649780273438,162.97504,4.486837314794779,35.0090778036775,5.916846947798929,2.901971531635245,0.9768460219444182
2020-10-28,158.13900756835938,162.86623,4.486837314794779,35.0090778036775,5.916846947798929,2.901971531635245,0.9768460219444182
2020-10-29,160.55050659179688,162.46606,4.486837314794779,35.0090778036775,5.916846947798929,2.901971531635245,0.9768460219444182
2020-10-30,151.8074951171875,162.21573,4.486837314794779,35.0090778036775,5.916846947798929,2.901971531635245,0.9768460219444182
2020-11-02,150.2239990234375,161.16019,4.486837314794779,35.0090778036775,5.916846947798929,2.901971531635245,0.9768460219444182
2020-11-03,152.42050170898438,159.62314,4.486837314794779,35.0090778036775,5.916846947798929,2.901971531635245,0.9768460219444182
2020-11-04,162.05799865722656,158.1937,4.486837314794779,35.0090778036775,5.916846947798929,2.901971531635245,0.9768460219444182
2020-11-05,166.10000610351562,157.95537,4.486837314794779,35.0090778036775,5.916846947798929,2.901971531635245,0.9768460219444182
2020-11-06,165.56849670410156,158.81096,4.486837314794779,35.0090778036775,5.916846947798929,2.901971531635245,0.9768460219444182
2020-11-09,157.18699645996094,160.14377,4.486837314794779,35.0090778036775,5.916846947798929,2.901971531635245,0.9768460219444182
2020-11-10,151.75100708007812,160.74832,4.486837314794779,35.0090778036775,5.916846947798929,2.901971531635245,0.9768460219444182
2020-11-11,156.8695068359375,160.34302,4.486837314794779,35.0090778036775,5.916846947798929,2.901971531635245,0.9768460219444182
2020-11-12,155.51400756835938,159.94492,4.486837314794779,35.0090778036775,5.916846947798929,2.901971531635245,0.9768460219444182
2020-11-13,156.4405059814453,159.42696,4.486837314794779,35.0090778036775,5.916846947798929,2.901971531635245,0.9768460219444182
2020-11-16,156.55299377441406,158.99695,4.486837314794779,35.0090778036775,5.916846947798929,2.901971531635245,0.9768460219444182
2020-11-17,156.7830047607422,158.67036,4.486837314794779,35.0090778036775,5.916846947798929,2.901971531635245,0.9768460219444182
2020-11-18,155.2729949951172,158.46141,4.486837314794779,35.0090778036775,5.916846947798929,2.901971531635245,0.9768460219444182
2020-11-19,155.8509979248047,158.18536,4.486837314794779,35.0090778036775,5.916846947798929,2.901971531635245,0.9768460219444182
2020-11-20,154.97000122070312,157.965,4.486837314794779,35.0090778036775,5.916846947798929,2.901971531635245,0.9768460219444182
2020-11-23,154.91949462890625,157.70512,4.486837314794779,35.0090778036775,5.916846947798929,2.901971531635245,0.9768460219444182
2020-11-24,155.9029998779297,157.44746,4.486837314794779,35.0090778036775,5.916846947798929,2.901971531635245,0.9768460219444182
2020-11-25,159.2534942626953,157.31868,4.486837314794779,35.0090778036775,5.916846947798929,2.901971531635245,0.9768460219444182
2020-11-27,159.76699829101562,157.61961,4.486837314794779,35.0090778036775,5.916846947798929,2.901971531635245,0.9768460219444182
2020-11-30,158.40199279785156,158.17775,4.486837314794779,35.0090778036775,5.916846947798929,2.901971531635245,0.9768460219444182
2020-12-01,161.00399780273438,158.68486,4.486837314794779,35.0090778036775,5.916846947798929,2.901971531635245,0.9768460219444182
2020-12-02,160.17649841308594,159.38557,4.486837314794779,35.0090778036775,5.916846947798929,2.901971531635245,0.9768460219444182
2020-12-03,159.3365020751953,160.02844,4.486837314794779,35.0090778036775,5.916846947798929,2.901971531635245,0.9768460219444182
2020-12-04,158.12899780273438,160.48907,4.486837314794779,35.0090778036775,5.916846947798929,2.901971531635245,0.9768460219444182
2020-12-07,157.89999389648438,160.67567,4.486837314794779,35.0090778036775,5.916846947798929,2.901971531635245,0.9768460219444182
2020-12-08,158.864501953125,160.66644,4.486837314794779,35.0090778036775,5.916846947798929,2.901971531635245,0.9768460219444182
2020-12-09,155.2100067138672,160.64592,4.486837314794779,35.0090778036775,5.916846947798929,2.901971531635245,0.9768460219444182
2020-12-10,155.07449340820312,160.2396,4.486837314794779,35.0090778036775,5.916846947798929,2.901971531635245,0.9768460219444182
2020-12-11,155.8209991455078,159.65504,4.486837314794779,35.0090778036775,5.916846947798929,2.901971531635245,0.9768460219444182
2020-12-14,157.84849548339844,159.10416,4.486837314794779,35.0090778036775,5.916846947798929,2.901971531635245,0.9768460219444182
2020-12-15,158.25599670410156,158.83542,4.486837314794779,35.0090778036775,5.916846947798929,2.901971531635245,0.9768460219444182
2020-12-16,162.04800415039062,158.79138,4.486837314794779,35.0090778036775,5.916846947798929,2.901971531635245,0.9768460219444182
2020-12-17,161.8040008544922,159.27316,4.486837314794779,35.0090778036775,5.916846947798929,2.901971531635245,0.9768460219444182
2020-12-18,160.08250427246094,159.96806,4.486837314794779,35.0090778036775,5.916846947798929,2.901971531635245,0.9768460219444182
2020-12-21,160.3090057373047,160.53796,4.486837314794779,35.0090778036775,5.916846947798929,2.901971531635245,0.9768460219444182
2020-12-22,160.3260040283203,161.00713,4.486837314794779,35.0090778036775,5.916846947798929,2.901971531635245,0.9768460219444182
2020-12-23,159.2635040283203,161.36934,4.486837314794779,35.0090778036775,5.916846947798929,2.901971531635245,0.9768460219444182
2020-12-24,158.63450622558594,161.52234,4.486837314794779,35.0090778036775,5.916846947798929,2.901971531635245,0.9768460219444182
2020-12-28,164.197998046875,161.47864,4.486837314794779,35.0090778036775,5.916846947798929,2.901971531635245,0.9768460219444182
2020-12-29,166.10000610351562,161.9047,4.486837314794779,35.0090778036775,5.916846947798929,2.901971531635245,0.9768460219444182
2020-12-30,164.29249572753906,162.73172,4.486837314794779,35.0090778036775,5.916846947798929,2.901971531635245,0.9768460219444182
2020-12-31,162.84649658203125,163.5116,4.486837314794779,35.0090778036775,5.916846947798929,2.901971531635245,0.9768460219444182
2021-01-04,159.3314971923828,164.04272,4.486837314794779,35.0090778036775,5.916846947798929,2.901971531635245,0.9768460219444182
2021-01-05,160.92550659179688,164.01715,4.486837314794779,35.0090778036775,5.916846947798929,2.901971531635245,0.9768460219444182
2021-01-06,156.91900634765625,163.85347,4.486837314794779,35.0090778036775,5.916846947798929,2.901971531635245,0.9768460219444182
2021-01-07,158.10800170898438,163.2043,4.486837314794779,35.0090778036775,5.916846947798929,2.901971531635245,0.9768460219444182
2021-01-08,159.13499450683594,162.48355,4.486837314794779,35.0090778036775,5.916846947798929,2.901971531635245,0.9768460219444182
2021-01-11,155.7104949951172,161.89537,4.486837314794779,35.0090778036775,5.916846947798929,2.901971531635245,0.9768460219444182
2021-01-12,156.04150390625,161.08655,4.486837314794779,35.0090778036775,5.916846947798929,2.901971531635245,0.9768460219444182
2021-01-13,158.29449462890625,160.28293,4.486837314794779,35.0090778036775,5.916846947798929,2.901971531635245,0.9768460219444182
2021-01-14,156.37350463867188,159.7943,4.486837314794779,35.0090778036775,5.916846947798929,2.901971531635245,0.9768460219444182
2021-01-15,155.21249389648438,159.32925,4.486837314794779,35.0090778036775,5.916846947798929,2.901971531635245,0.9768460219444182
2021-01-19,156.03799438476562,158.81416,4.486837314794779,35.0090778036775,5.916846947798929,2.901971531635245,0.9768460219444182
2021-01-20,163.16900634765625,158.41171,4.486837314794779,35.0090778036775,5.916846947798929,2.901971531635245,0.9768460219444182
2021-01-21,165.34950256347656,158.84816,4.486837314794779,35.0090778036775,5.916846947798929,2.901971531635245,0.9768460219444182
2021-01-22,164.6114959716797,159.92116,4.486837314794779,35.0090778036775,5.916846947798929,2.901971531635245,0.9768460219444182
2021-01-25,164.6999969482422,161.16794,4.486837314794779,35.0090778036775,5.916846947798929,2.901971531635245,0.9768460219444182
2021-01-26,166.30650329589844,162.39886,4.486837314794779,35.0090778036775,5.916846947798929,2.901971531635245,0.9768460219444182
2021-01-27,161.62899780273438,163.65889,4.486837314794779,35.0090778036775,5.916846947798929,2.901971531635245,0.9768460219444182
2021-01-28,161.88099670410156,164.31213,4.486837314794779,35.0090778036775,5.916846947798929,2.901971531635245,0.9768460219444182
2021-01-29,160.30999755859375,164.59619,4.486837314794779,35.0090778036775,5.916846947798929,2.901971531635245,0.9768460219444182
2021-02-01,167.1439971923828,164.47343,4.486837314794779,35.0090778036775,5.916846947798929,2.901971531635245,0.9768460219444182
2021-02-02,169.0,164.84502,4.486837314794779,35.0090778036775,5.916846947798929,2.901971531635245,0.9768460219444182
2021-02-03,165.62649536132812,165.62654,4.486837314794779,35.0090778036775,5.916846947798929,2.901971531635245,0.9768460219444182
2021-02-04,166.5500030517578,166.20872,4.486837314794779,35.0090778036775,5.916846947798929,2.901971531635245,0.9768460219444182
2021-02-05,167.6074981689453,166.72853,4.486837314794779,35.0090778036775,5.916846947798929,2.901971531635245,0.9768460219444182
2021-02-08,166.14700317382812,167.2631,4.486837314794779,35.0090778036775,5.916846947798929,2.901971531635245,0.9768460219444182
2021-02-09,165.25,167.59456,4.486837314794779,35.0090778036775,5.916846947798929,2.901971531635245,0.9768460219444182
2021-02-10,164.32899475097656,167.68893,4.486837314794779,35.0090778036775,5.916846947798929,2.901971531635245,0.9768460219444182
2021-02-11,163.10650634765625,167.54538,4.486837314794779,35.0090778036775,5.916846947798929,2.901971531635245,0.9768460219444182
2021-02-12,163.885498046875,167.157,4.486837314794779,35.0090778036775,5.916846947798929,2.901971531635245,0.9768460219444182
2021-02-16,163.44749450683594,166.7538,4.486837314794779,35.0090778036775,5.916846947798929,2.901971531635245,0.9768460219444182
2021-02-17,165.4320068359375,166.33443,4.486837314794779,35.0090778036775,5.916846947798929,2.901971531635245,0.9768460219444182
2021-02-18,166.4114990234375,166.15685,4.486837314794779,35.0090778036775,5.916846947798929,2.901971531635245,0.9768460219444182
2021-02-19,162.4949951171875,166.22946,4.486837314794779,35.0090778036775,5.916846947798929,2.901971531635245,0.9768460219444182
2021-02-22,159.03700256347656,166.02904,4.486837314794779,35.0090778036775,5.916846947798929,2.901971531635245,0.9768460219444182
2021-02-23,159.72500610351562,165.3518,4.486837314794779,35.0090778036775,5.916846947798929,2.901971531635245,0.9768460219444182
2021-02-24,157.97650146484375,164.55424,4.486837314794779,35.0090778036775,5.916846947798929,2.901971531635245,0.9768460219444182
2021-02-25,152.85800170898438,163.58345,4.486837314794779,35.0090778036775,5.916846947798929,2.901971531635245,0.9768460219444182
2021-02-26,154.64649963378906,162.09196,4.486837314794779,35.0090778036775,5.916846947798929,2.901971531635245,0.9768460219444182
2021-03-01,157.3070068359375,160.65884,4.486837314794779,35.0090778036775,5.916846947798929,2.901971531635245,0.9768460219444182
2021-03-02,154.72650146484375,159.66997,4.486837314794779,35.0090778036775,5.916846947798929,2.901971531635245,0.9768460219444182
2021-03-03,150.25,158.76181,4.486837314794779,35.0090778036775,5.916846947798929,2.901971531635245,0.9768460219444182
2021-03-04,148.8784942626953,157.54362,4.486837314794779,35.0090778036775,5.916846947798929,2.901971531635245,0.9768460219444182
2021-03-05,150.0229949951172,156.14668,4.486837314794779,35.0090778036775,5.916846947798929,2.901971531635245,0.9768460219444182
2021-03-08,147.59750366210938,154.90918,4.486837314794779,35.0090778036775,5.916846947798929,2.901971531635245,0.9768460219444182
2021-03-09,153.1425018310547,153.63419,4.486837314794779,35.0090778036775,5.916846947798929,2.901971531635245,0.9768460219444182
2021-03-10,152.8820037841797,153.04733,4.486837314794779,35.0090778036775,5.916846947798929,2.901971531635245,0.9768460219444182
2021-03-11,155.67950439453125,152.86885,4.486837314794779,35.0090778036775,5.916846947798929,2.901971531635245,0.9768460219444182
2021-03-12,154.47450256347656,153.23642,4.486837314794779,35.0090778036775,5.916846947798929,2.901971531635245,0.9768460219444182
2021-03-15,154.08399963378906,153.7465,4.486837314794779,35.0090778036775,5.916846947798929,2.901971531635245,0.9768460219444182
2021-03-16,154.59300231933594,154.25127,4.486837314794779,35.0090778036775,5.916846947798929,2.901971531635245,0.9768460219444182
2021-03-17,156.7864990234375,154.75418,4.486837314794779,35.0090778036775,5.916846947798929,2.901971531635245,0.9768460219444182
2021-03-18,151.39950561523438,155.42856,4.486837314794779,35.0090778036775,5.916846947798929,2.901971531635245,0.9768460219444182
2021-03-19,153.7480010986328,155.56743,4.486837314794779,35.0090778036775,5.916846947798929,2.901971531635245,0.9768460219444182
2021-03-22,155.5435028076172,155.64857,4.486837314794779,35.0090778036775,5.916846947798929,2.901971531635245,0.9768460219444182
2021-03-23,156.875,155.86256,4.486837314794779,35.0090778036775,5.916846947798929,2.901971531635245,0.9768460219444182
2021-03-24,154.35350036621094,156.26335,4.486837314794779,35.0090778036775,5.916846947798929,2.901971531635245,0.9768460219444182
2021-03-25,152.31300354003906,156.46663,4.486837314794779,35.0090778036775,5.916846947798929,2.901971531635245,0.9768460219444182
2021-03-26,152.60150146484375,156.3359,4.486837314794779,35.0090778036775,5.916846947798929,2.901971531635245,0.9768460219444182
2021-03-29,153.7864990234375,156.06326,4.486837314794779,35.0090778036775,5.916846947798929,2.901971531635245,0.9768460219444182
2021-03-30,152.76449584960938,155.857,4.486837314794779,35.0090778036775,5.916846947798929,2.901971531635245,0.9768460219444182
2021-03-31,154.70399475097656,155.60023,4.486837314794779,35.0090778036775,5.916846947798929,2.901971531635245,0.9768460219444182
2021-04-01,158.0500030517578,155.54579,4.486837314794779,35.0090778036775,5.916846947798929,2.901971531635245,0.9768460219444182
2021-04-05,161.3365020751953,155.9516,4.486837314794779,35.0090778036775,5.916846947798929,2.901971531635245,0.9768460219444182
2021-04-06,161.1909942626953,156.90947,4.486837314794779,35.0090778036775,5.916846947798929,2.901971531635245,0.9768460219444182
2021-04-07,163.96949768066406,158.06076,4.486837314794779,35.0090778036775,5.916846947798929,2.901971531635245,0.9768460219444182
2021-04-08,164.96499633789062,159.4949,4.486837314794779,35.0090778036775,5.916846947798929,2.901971531635245,0.9768460219444182
2021-04-09,168.61000061035156,161.03555,4.486837314794779,35.0090778036775,5.916846947798929,2.901971531635245,0.9768460219444182
2021-04-12,168.96949768066406,162.85362,4.486837314794779,35.0090778036775,5.916846947798929,2.901971531635245,0.9768460219444182
2021-04-13,170.0,164.66528,4.486837314794779,35.0090778036775,5.916846947798929,2.901971531635245,0.9768460219444182
2021-04-14,166.64999389648438,166.3925,4.486837314794779,35.0090778036775,5.916846947798929,2.901971531635245,0.9768460219444182
2021-04-15,168.95449829101562,167.53917,4.486837314794779,35.0090778036775,5.916846947798929,2.901971531635245,0.9768460219444182
2021-04-16,169.9720001220703,168.48907,4.486837314794779,35.0090778036775,5.916846947798929,2.901971531635245,0.9768460219444182
2021-04-19,168.60049438476562,169.32224,4.486837314794779,35.0090778036775,5.916846947798929,2.901971531635245,0.9768460219444182
2021-04-20,166.7344970703125,169.85663,4.486837314794779,35.0090778036775,5.916846947798929,2.901971531635245,0.9768460219444182
2021-04-21,168.1009979248047,169.97818,4.486837314794779,35.0090778036775,5.916846947798929,2.901971531635245,0.9768460219444182
2021-04-22,165.45199584960938,170.00096,4.486837314794779,35.0090778036775,5.916846947798929,2.901971531635245,0.9768460219444182
2021-04-23,167.04400634765625,169.68326,4.486837314794779,35.0090778036775,5.916846947798929,2.901971531635245,0.9768460219444182
2021-04-26,170.4499969482422,169.38101,4.486837314794779,35.0090778036775,5.916846947798929,2.901971531635245,0.9768460219444182
2021-04-27,170.8715057373047,169.4641,4.486837314794779,35.0090778036775,5.916846947798929,2.901971531635245,0.9768460219444182
2021-04-28,172.9250030517578,169.78915,4.486837314794779,35.0090778036775,5.916846947798929,2.901971531635245,0.9768460219444182
2021-04-29,173.5655059814453,170.4326,4.486837314794779,35.0090778036775,5.916846947798929,2.901971531635245,0.9768460219444182
2021-04-30,173.37100219726562,171.24942,4.486837314794779,35.0090778036775,5.916846947798929,2.901971531635245,0.9768460219444182
2021-05-03,169.32449340820312,172.05788,4.486837314794779,35.0090778036775,5.916846947798929,2.901971531635245,0.9768460219444182
2021-05-04,165.593505859375,172.35707,4.486837314794779,35.0090778036775,5.916846947798929,2.901971531635245,0.9768460219444182
2021-05-05,163.52699279785156,171.96402,4.486837314794779,35.0090778036775,5.916846947798929,2.901971531635245,0.9768460219444182
2021-05-06,165.31849670410156,171.016,4.486837314794779,35.0090778036775,5.916846947798929,2.901971531635245,0.9768460219444182
2021-05-07,164.58050537109375,170.04044,4.486837314794779,35.0090778036775,5.916846947798929,2.901971531635245,0.9768460219444182
2021-05-10,159.52450561523438,169.06403,4.486837314794779,35.0090778036775,5.916846947798929,2.901971531635245,0.9768460219444182
2021-05-11,161.19549560546875,167.66959,4.486837314794779,35.0090778036775,5.916846947798929,2.901971531635245,0.9768460219444182
2021-05-12,157.5970001220703,166.37375,4.486837314794779,35.0090778036775,5.916846947798929,2.901971531635245,0.9768460219444182
2021-05-13,158.07350158691406,164.88612,4.486837314794779,35.0090778036775,5.916846947798929,2.901971531635245,0.9768460219444182
2021-05-14,161.14500427246094,163.50577,4.486837314794779,35.0090778036775,5.916846947798929,2.901971531635245,0.9768460219444182
2021-05-17,163.51950073242188,162.6415,4.486837314794779,35.0090778036775,5.916846947798929,2.901971531635245,0.9768460219444182
2021-05-18,161.61399841308594,162.39539,4.486837314794779,35.0090778036775,5.916846947798929,2.901971531635245,0.9768460219444182
2021-05-19,161.58999633789062,162.32465,4.486837314794779,35.0090778036775,5.916846947798929,2.901971531635245,0.9768460219444182
2021-05-20,162.38400268554688,162.36818,4.486837314794779,35.0090778036775,5.916846947798929,2.901971531635245,0.9768460219444182
2021-05-21,160.1540069580078,162.55359,4.486837314794779,35.0090778036775,5.916846947798929,2.901971531635245,0.9768460219444182
2021-05-24,162.24949645996094,162.5663,4.486837314794779,35.0090778036775,5.916846947798929,2.901971531635245,0.9768460219444182
2021-05-25,162.95249938964844,162.7043,4.486837314794779,35.0090778036775,5.916846947798929,2.901971531635245,0.9768460219444182
2021-05-26,163.25799560546875,162.96313,4.486837314794779,35.0090778036775,5.916846947798929,2.901971531635245,0.9768460219444182
2021-05-27,161.5054931640625,163.29443,4.486837314794779,35.0090778036775,5.916846947798929,2.901971531635245,0.9768460219444182
2021-05-28,161.15350341796875,163.45116,4.486837314794779,35.0090778036775,5.916846947798929,2.901971531635245,0.9768460219444182
2021-06-01,160.9324951171875,163.46284,4.486837314794779,35.0090778036775,5.916846947798929,2.901971531635245,0.9768460219444182
2021-06-02,161.69949340820312,163.36813,4.486837314794779,35.0090778036775,5.916846947798929,2.901971531635245,0.9768460219444182
2021-06-03,159.35049438476562,163.30234,4.486837314794779,35.0090778036775,5.916846947798929,2.901971531635245,0.9768460219444182
2021-06-04,160.31100463867188,163.01393,4.486837314794779,35.0090778036775,5.916846947798929,2.901971531635245,0.9768460219444182
2021-06-07,159.90049743652344,162.73732,4.486837314794779,35.0090778036775,5.916846947798929,2.901971531635245,0.9768460219444182
2021-06-08,163.20550537109375,162.44862,4.486837314794779,35.0090778036775,5.916846947798929,2.901971531635245,0.9768460219444182
2021-06-09,164.0574951171875,162.52705,4.486837314794779,35.0090778036775,5.916846947798929,2.901971531635245,0.9768460219444182
2021-06-10,167.4824981689453,162.88326,4.486837314794779,35.0090778036775,5.916846947798929,2.901971531635245,0.9768460219444182
2021-06-11,167.3415069580078,163.716,4.486837314794779,35.0090778036775,5.916846947798929,2.901971531635245,0.9768460219444182
2021-06-14,169.19349670410156,164.70836,4.486837314794779,35.0090778036775,5.916846947798929,2.901971531635245,0.9768460219444182
2021-06-15,169.156494140625,165.88408,4.486837314794779,35.0090778036775,5.916846947798929,2.901971531635245,0.9768460219444182
2021-06-16,170.7624969482422,167.03114,4.486837314794779,35.0090778036775,5.916846947798929,2.901971531635245,0.9768460219444182
2021-06-17,174.46200561523438,168.21037,4.486837314794779,35.0090778036775,5.916846947798929,2.901971531635245,0.9768460219444182
2021-06-18,174.34500122070312,169.66364,4.486837314794779,35.0090778036775,5.916846947798929,2.901971531635245,0.9768460219444182
2021-06-21,172.697998046875,171.09521,4.486837314794779,35.0090778036775,5.916846947798929,2.901971531635245,0.9768460219444182
2021-06-22,175.27200317382812,172.19614,4.486837314794779,35.0090778036775,5.916846947798929,2.901971531635245,0.9768460219444182
2021-06-23,175.1909942626953,173.2692,4.486837314794779,35.0090778036775,5.916846947798929,2.901971531635245,0.9768460219444182
2021-06-24,172.45399475097656,174.19376,4.486837314794779,35.0090778036775,5.916846947798929,2.901971531635245,0.9768460219444182
2021-06-25,170.072998046875,174.65395,4.486837314794779,35.0090778036775,5.916846947798929,2.901971531635245,0.9768460219444182
2021-06-28,172.1945037841797,174.56653,4.486837314794779,35.0090778036775,5.916846947798929,2.901971531635245,0.9768460219444182
2021-06-29,172.40699768066406,174.40555,4.486837314794779,35.0090778036775,5.916846947798929,2.901971531635245,0.9768460219444182
2021-06-30,172.00799560546875,174.23033,4.486837314794779,35.0090778036775,5.916846947798929,2.901971531635245,0.9768460219444182
2021-07-01,171.64849853515625,174.0241,4.486837314794779,35.0090778036775,5.916846947798929,2.901971531635245,0.9768460219444182
2021-07-02,175.5489959716797,173.78658,4.486837314794779,35.0090778036775,5.916846947798929,2.901971531635245,0.9768460219444182
2021-07-06,183.78700256347656,173.96274,4.486837314794779,35.0090778036775,5.916846947798929,2.901971531635245,0.9768460219444182
2021-07-07,184.82899475097656,175.19766,4.486837314794779,35.0090778036775,5.916846947798929,2.901971531635245,0.9768460219444182
2021-07-08,186.57049560546875,176.98332,4.486837314794779,35.0090778036775,5.916846947798929,2.901971531635245,0.9768460219444182
2021-07-09,185.9669952392578,179.07806,4.486837314794779,35.0090778036775,5.916846947798929,2.901971531635245,0.9768460219444182
2021-07-12,185.9275054931641,181.05777,4.486837314794779,35.0090778036775,5.916846947798929,2.901971531635245,0.9768460219444182
2021-07-13,183.8679962158203,182.76186,4.486837314794779,35.0090778036775,5.916846947798929,2.901971531635245,0.9768460219444182
2021-07-14,184.08399963378903,183.91313,4.486837314794779,35.0090778036775,5.916846947798929,2.901971531635245,0.9768460219444182
2021-07-15,181.55999755859372,184.66084,4.486837314794779,35.0090778036775,5.916846947798929,2.901971531635245,0.9768460219444182
2021-07-16,178.68150329589844,184.8348,4.486837314794779,35.0090778036775,5.916846947798929,2.901971531635245,0.9768460219444182
2021-07-19,177.47950744628906,184.37721,4.486837314794779,35.0090778036775,5.916846947798929,2.901971531635245,0.9768460219444182
2021-07-20,178.6595001220703,183.4966,4.486837314794779,35.0090778036775,5.916846947798929,2.901971531635245,0.9768460219444182
2021-07-21,179.25999450683594,182.59415,4.486837314794779,35.0090778036775,5.916846947798929,2.901971531635245,0.9768460219444182
2021-07-22,181.9015045166016,181.82945,4.486837314794779,35.0090778036775,5.916846947798929,2.901971531635245,0.9768460219444182
2021-07-23,182.83200073242188,181.49597,4.486837314794779,35.0090778036775,5.916846947798929,2.901971531635245,0.9768460219444182
2021-07-26,184.99099731445312,181.52834,4.486837314794779,35.0090778036775,5.916846947798929,2.901971531635245,0.9768460219444182
2021-07-27,181.3195037841797,181.98827,4.486837314794779,35.0090778036775,5.916846947798929,2.901971531635245,0.9768460219444182
2021-07-28,181.51600646972656,182.25087,4.486837314794779,35.0090778036775,5.916846947798929,2.901971531635245,0.9768460219444182
2021-07-29,179.99600219726562,182.41216,4.486837314794779,35.0090778036775,5.916846947798929,2.901971531635245,0.9768460219444182
2021-07-30,166.37950134277344,182.33667,4.486837314794779,35.0090778036775,5.916846947798929,2.901971531635245,0.9768460219444182
2021-08-02,166.57400512695312,180.72577,4.486837314794779,35.0090778036775,5.916846947798929,2.901971531635245,0.9768460219444182
2021-08-03,168.31199645996094,178.49364,4.486837314794779,35.0090778036775,5.916846947798929,2.901971531635245,0.9768460219444182
2021-08-04,167.73599243164062,176.30772,4.486837314794779,35.0090778036775,5.916846947798929,2.901971531635245,0.9768460219444182
2021-08-05,168.79949951171875,174.30463,4.486837314794779,35.0090778036775,5.916846947798929,2.901971531635245,0.9768460219444182
2021-08-06,167.2469940185547,172.72693,4.486837314794779,35.0090778036775,5.916846947798929,2.901971531635245,0.9768460219444182
2021-08-09,167.093505859375,171.39082,4.486837314794779,35.0090778036775,5.916846947798929,2.901971531635245,0.9768460219444182
2021-08-10,166.03399658203125,170.32295,4.486837314794779,35.0090778036775,5.916846947798929,2.901971531635245,0.9768460219444182
2021-08-11,164.60549926757812,169.40883,4.486837314794779,35.0090778036775,5.916846947798929,2.901971531635245,0.9768460219444182
2021-08-12,165.1750030517578,168.53305,4.486837314794779,35.0090778036775,5.916846947798929,2.901971531635245,0.9768460219444182
2021-08-13,164.69850158691406,167.83328,4.486837314794779,35.0090778036775,5.916846947798929,2.901971531635245,0.9768460219444182
2021-08-16,164.94949340820312,167.2533,4.486837314794779,35.0090778036775,5.916846947798929,2.901971531635245,0.9768460219444182
2021-08-17,162.09800720214844,166.82965,4.486837314794779,35.0090778036775,5.916846947798929,2.901971531635245,0.9768460219444182
2021-08-18,160.06100463867188,166.24272,4.486837314794779,35.0090778036775,5.916846947798929,2.901971531635245,0.9768460219444182
2021-08-19,159.3874969482422,165.42412,4.486837314794779,35.0090778036775,5.916846947798929,2.901971531635245,0.9768460219444182
2021-08-20,159.99749755859375,164.49434,4.486837314794779,35.0090778036775,5.916846947798929,2.901971531635245,0.9768460219444182
2021-08-23,163.2935028076172,163.66093,4.486837314794779,35.0090778036775,5.916846947798929,2.901971531635245,0.9768460219444182
2021-08-24,165.28900146484375,163.30652,4.486837314794779,35.0090778036775,5.916846947798929,2.901971531635245,0.9768460219444182
2021-08-25,164.95899963378906,163.45789,4.486837314794779,35.0090778036775,5.916846947798929,2.901971531635245,0.9768460219444182
2021-08-26,165.8000030517578,163.84421,4.486837314794779,35.0090778036775,5.916846947798929,2.901971531635245,0.9768460219444182
2021-08-27,167.48150634765625,164.41571,4.486837314794779,35.0090778036775,5.916846947798929,2.901971531635245,0.9768460219444182
2021-08-30,171.07850646972656,165.2053,4.486837314794779,35.0090778036775,5.916846947798929,2.901971531635245,0.9768460219444182
2021-08-31,173.5395050048828,166.40524,4.486837314794779,35.0090778036775,5.916846947798929,2.901971531635245,0.9768460219444182
2021-09-01,173.9499969482422,167.95807,4.486837314794779,35.0090778036775,5.916846947798929,2.901971531635245,0.9768460219444182
2021-09-02,173.156005859375,169.58583,4.486837314794779,35.0090778036775,5.916846947798929,2.901971531635245,0.9768460219444182
2021-09-03,173.90249633789062,171.00392,4.486837314794779,35.0090778036775,5.916846947798929,2.901971531635245,0.9768460219444182
2021-09-07,175.46449279785156,172.23586,4.486837314794779,35.0090778036775,5.916846947798929,2.901971531635245,0.9768460219444182
2021-09-08,176.27499389648438,173.39207,4.486837314794779,35.0090778036775,5.916846947798929,2.901971531635245,0.9768460219444182
2021-09-09,174.20799255371094,174.46257,4.486837314794779,35.0090778036775,5.916846947798929,2.901971531635245,0.9768460219444182
2021-09-10,173.45750427246094,175.15486,4.486837314794779,35.0090778036775,5.916846947798929,2.901971531635245,0.9768460219444182
2021-09-13,172.85850524902344,175.49155,4.486837314794779,35.0090778036775,5.916846947798929,2.901971531635245,0.9768460219444182
2021-09-14,172.5,175.53072,4.486837314794779,35.0090778036775,5.916846947798929,2.901971531635245,0.9768460219444182
2021-09-15,173.7895050048828,175.36125,4.486837314794779,35.0090778036775,5.916846947798929,2.901971531635245,0.9768460219444182
2021-09-16,174.41200256347656,175.22592,4.486837314794779,35.0090778036775,5.916846947798929,2.901971531635245,0.9768460219444182
2021-09-17,173.12600708007812,175.18298,4.486837314794779,35.0090778036775,5.916846947798929,2.901971531635245,0.9768460219444182
2021-09-20,167.7864990234375,175.0617,4.486837314794779,35.0090778036775,5.916846947798929,2.901971531635245,0.9768460219444182
2021-09-21,167.18150329589844,174.36023,4.486837314794779,35.0090778036775,5.916846947798929,2.901971531635245,0.9768460219444182
2021-09-22,169.00250244140625,173.36081,4.486837314794779,35.0090778036775,5.916846947798929,2.901971531635245,0.9768460219444182
2021-09-23,170.8000030517578,172.4822,4.486837314794779,35.0090778036775,5.916846947798929,2.901971531635245,0.9768460219444182
2021-09-24,171.2760009765625,171.9406,4.486837314794779,35.0090778036775,5.916846947798929,2.901971531635245,0.9768460219444182
2021-09-27,170.2899932861328,171.69023,4.486837314794779,35.0090778036775,5.916846947798929,2.901971531635245,0.9768460219444182
2021-09-28,165.79800415039062,171.52933,4.486837314794779,35.0090778036775,5.916846947798929,2.901971531635245,0.9768460219444182
2021-09-29,165.05599975585938,170.97484,4.486837314794779,35.0090778036775,5.916846947798929,2.901971531635245,0.9768460219444182
2021-09-30,164.2519989013672,170.19446,4.486837314794779,35.0090778036775,5.916846947798929,2.901971531635245,0.9768460219444182
2021-10-01,164.16299438476562,169.28212,4.486837314794779,35.0090778036775,5.916846947798929,2.901971531635245,0.9768460219444182
2021-10-04,159.48899841308594,168.38132,4.486837314794779,35.0090778036775,5.916846947798929,2.901971531635245,0.9768460219444182
2021-10-05,161.0500030517578,167.09642,4.486837314794779,35.0090778036775,5.916846947798929,2.901971531635245,0.9768460219444182
2021-10-06,163.10049438476562,165.90494,4.486837314794779,35.0090778036775,5.916846947798929,2.901971531635245,0.9768460219444182
2021-10-07,165.1215057373047,165.09221,4.486837314794779,35.0090778036775,5.916846947798929,2.901971531635245,0.9768460219444182
2021-10-08,164.43099975585938,164.78178,4.486837314794779,35.0090778036775,5.916846947798929,2.901971531635245,0.9768460219444182
2021-10-11,162.31500244140625,164.71338,4.486837314794779,35.0090778036775,5.916846947798929,2.901971531635245,0.9768460219444182
2021-10-12,162.3665008544922,164.57585,4.486837314794779,35.0090778036775,5.916846947798929,2.901971531635245,0.9768460219444182
2021-10-13,164.21400451660156,164.42639,4.486837314794779,35.0090778036775,5.916846947798929,2.901971531635245,0.9768460219444182
2021-10-14,164.9929962158203,164.47491,4.486837314794779,35.0090778036775,5.916846947798929,2.901971531635245,0.9768460219444182
2021-10-15,170.4510040283203,164.7046,4.486837314794779,35.0090778036775,5.916846947798929,2.901971531635245,0.9768460219444182
2021-10-18,172.33700561523438,165.57875,4.486837314794779,35.0090778036775,5.916846947798929,2.901971531635245,0.9768460219444182
2021-10-19,172.20750427246094,166.90674,4.486837314794779,35.0090778036775,5.916846947798929,2.901971531635245,0.9768460219444182
2021-10-20,170.7530059814453,168.33873,4.486837314794779,35.0090778036775,5.916846947798929,2.901971531635245,0.9768460219444182
2021-10-21,171.75050354003906,169.53171,4.486837314794779,35.0090778036775,5.916846947798929,2.901971531635245,0.9768460219444182
2021-10-22,166.77749633789062,170.57372,4.486837314794779,35.0090778036775,5.916846947798929,2.901971531635245,0.9768460219444182
2021-10-25,166.01849365234375,170.89859,4.486837314794779,35.0090778036775,5.916846947798929,2.901971531635245,0.9768460219444182
2021-10-26,168.80349731445312,170.72353,4.486837314794779,35.0090778036775,5.916846947798929,2.901971531635245,0.9768460219444182
2021-10-27,169.62449645996094,170.57092,4.486837314794779,35.0090778036775,5.916846947798929,2.901971531635245,0.9768460219444182
2021-10-28,172.32850646972656,170.51971,4.486837314794779,35.0090778036775,5.916846947798929,2.901971531635245,0.9768460219444182
2021-10-29,168.6215057373047,170.81158,4.486837314794779,35.0090778036775,5.916846947798929,2.901971531635245,0.9768460219444182
2021-11-01,165.90550231933594,170.8742,4.486837314794779,35.0090778036775,5.916846947798929,2.901971531635245,0.9768460219444182
2021-11-02,165.6374969482422,170.53554,4.486837314794779,35.0090778036775,5.916846947798929,2.901971531635245,0.9768460219444182
2021-11-03,169.1999969482422,169.98474,4.486837314794779,35.0090778036775,5.916846947798929,2.901971531635245,0.9768460219444182
2021-11-04,173.85000610351562,169.73764,4.486837314794779,35.0090778036775,5.916846947798929,2.901971531635245,0.9768460219444182
2021-11-05,175.94949340820312,170.15694,4.486837314794779,35.0090778036775,5.916846947798929,2.901971531635245,0.9768460219444182
2021-11-08,174.44900512695312,171.11507,4.486837314794779,35.0090778036775,5.916846947798929,2.901971531635245,0.9768460219444182
2021-11-09,178.81149291992188,172.11957,4.486837314794779,35.0090778036775,5.916846947798929,2.901971531635245,0.9768460219444182
2021-11-10,174.1024932861328,173.50824,4.486837314794779,35.0090778036775,5.916846947798929,2.901971531635245,0.9768460219444182
2021-11-11,173.625,174.45993,4.486837314794779,35.0090778036775,5.916846947798929,2.901971531635245,0.9768460219444182
2021-11-12,176.25750732421875,175.03561,4.486837314794779,35.0090778036775,5.916846947798929,2.901971531635245,0.9768460219444182
2021-11-15,177.28399658203125,175.61014,4.486837314794779,35.0090778036775,5.916846947798929,2.901971531635245,0.9768460219444182
2021-11-16,177.03500366210938,176.21814,4.486837314794779,35.0090778036775,5.916846947798929,2.901971531635245,0.9768460219444182
2021-11-17,177.4499969482422,176.7529,4.486837314794779,35.0090778036775,5.916846947798929,2.901971531635245,0.9768460219444182
2021-11-18,184.8029937744141,177.23566,4.486837314794779,35.0090778036775,5.916846947798929,2.901971531635245,0.9768460219444182
2021-11-19,183.82850646972656,178.40353,4.486837314794779,35.0090778036775,5.916846947798929,2.901971531635245,0.9768460219444182
2021-11-22,178.6284942626953,179.70514,4.486837314794779,35.0090778036775,5.916846947798929,2.901971531635245,0.9768460219444182
2021-11-23,179.0019989013672,180.4123,4.486837314794779,35.0090778036775,5.916846947798929,2.901971531635245,0.9768460219444182
2021-11-24,179.02049255371094,180.77036,4.486837314794779,35.0090778036775,5.916846947798929,2.901971531635245,0.9768460219444182
2021-11-26,175.22799682617188,180.88882,4.486837314794779,35.0090778036775,5.916846947798929,2.901971531635245,0.9768460219444182
2021-11-29,178.07850646972656,180.46297,4.486837314794779,35.0090778036775,5.916846947798929,2.901971531635245,0.9768460219444182
2021-11-30,175.35350036621094,180.08595,4.486837314794779,35.0090778036775,5.916846947798929,2.901971531635245,0.9768460219444182
2021-12-01,172.18600463867188,179.4772,4.486837314794779,35.0090778036775,5.916846947798929,2.901971531635245,0.9768460219444182
2021-12-02,171.8679962158203,178.4851,4.486837314794779,35.0090778036775,5.916846947798929,2.901971531635245,0.9768460219444182
2021-12-03,169.489501953125,177.35823,4.486837314794779,35.0090778036775,5.916846947798929,2.901971531635245,0.9768460219444182
2021-12-06,171.36849975585938,176.02394,4.486837314794779,35.0090778036775,5.916846947798929,2.901971531635245,0.9768460219444182
2021-12-07,176.1645050048828,174.91441,4.486837314794779,35.0090778036775,5.916846947798929,2.901971531635245,0.9768460219444182
2021-12-08,176.1580047607422,174.53578,4.486837314794779,35.0090778036775,5.916846947798929,2.901971531635245,0.9768460219444182
2021-12-09,174.17100524902344,174.59338,4.486837314794779,35.0090778036775,5.916846947798929,2.901971531635245,0.9768460219444182
2021-12-10,172.21200561523438,174.69072,4.486837314794779,35.0090778036775,5.916846947798929,2.901971531635245,0.9768460219444182
2021-12-13,169.5675048828125,174.60591,4.486837314794779,35.0090778036775,5.916846947798929,2.901971531635245,0.9768460219444182
2021-12-14,169.0915069580078,174.15817,4.486837314794779,35.0090778036775,5.916846947798929,2.901971531635245,0.9768460219444182
2021-12-15,173.31500244140625,173.51006,4.486837314794779,35.0090778036775,5.916846947798929,2.901971531635245,0.9768460219444182
2021-12-16,168.87100219726562,173.25276,4.486837314794779,35.0090778036775,5.916846947798929,2.901971531635245,0.9768460219444182
2021-12-17,170.0175018310547,172.76505,4.486837314794779,35.0090778036775,5.916846947798929,2.901971531635245,0.9768460219444182
2021-12-20,167.07899475097656,172.33762,4.486837314794779,35.0090778036775,5.916846947798929,2.901971531635245,0.9768460219444182
2021-12-21,170.41700744628906,171.67737,4.486837314794779,35.0090778036775,5.916846947798929,2.901971531635245,0.9768460219444182
2021-12-22,171.03700256347656,171.31177,4.486837314794779,35.0090778036775,5.916846947798929,2.901971531635245,0.9768460219444182
2021-12-23,171.06849670410156,171.20099,4.486837314794779,35.0090778036775,5.916846947798929,2.901971531635245,0.9768460219444182
2021-12-27,169.66949462890625,171.24994,4.486837314794779,35.0090778036775,5.916846947798929,2.901971531635245,0.9768460219444182
2021-12-28,170.66099548339844,171.24062,4.486837314794779,35.0090778036775,5.916846947798929,2.901971531635245,0.9768460219444182
2021-12-29,169.2010040283203,171.30804,4.486837314794779,35.0090778036775,5.916846947798929,2.901971531635245,0.9768460219444182
2021-12-30,168.64450073242188,171.25557,4.486837314794779,35.0090778036775,5.916846947798929,2.901971531635245,0.9768460219444182
2021-12-31,166.7169952392578,171.08885,4.486837314794779,35.0090778036775,5.916846947798929,2.901971531635245,0.9768460219444182
2022-01-03,170.4044952392578,170.67583,4.486837314794779,35.0090778036775,5.916846947798929,2.901971531635245,0.9768460219444182
2022-01-04,167.52200317382812,170.55522,4.486837314794779,35.0090778036775,5.916846947798929,2.901971531635245,0.9768460219444182
2022-01-05,164.35699462890625,170.2984,4.486837314794779,35.0090778036775,5.916846947798929,2.901971531635245,0.9768460219444182
2022-01-06,163.25399780273438,169.67693,4.486837314794779,35.0090778036775,5.916846947798929,2.901971531635245,0.9768460219444182
2022-01-07,162.5540008544922,168.80954,4.486837314794779,35.0090778036775,5.916846947798929,2.901971531635245,0.9768460219444182
2022-01-10,161.48599243164062,167.82126,4.486837314794779,35.0090778036775,5.916846947798929,2.901971531635245,0.9768460219444182
2022-01-11,165.36199951171875,166.75719,4.486837314794779,35.0090778036775,5.916846947798929,2.901971531635245,0.9768460219444182
2022-01-12,165.20700073242188,166.16432,4.486837314794779,35.0090778036775,5.916846947798929,2.901971531635245,0.9768460219444182
2022-01-13,161.21400451660156,165.87029,4.486837314794779,35.0090778036775,5.916846947798929,2.901971531635245,0.9768460219444182
2022-01-14,162.13800048828125,165.36746,4.486837314794779,35.0090778036775,5.916846947798929,2.901971531635245,0.9768460219444182
2022-01-18,158.91749572753906,164.90924,4.486837314794779,35.0090778036775,5.916846947798929,2.901971531635245,0.9768460219444182
2022-01-19,156.2989959716797,164.18428,4.486837314794779,35.0090778036775,5.916846947798929,2.901971531635245,0.9768460219444182
2022-01-20,151.66749572753906,163.12358,4.486837314794779,35.0090778036775,5.916846947798929,2.901971531635245,0.9768460219444182
2022-01-21,142.64300537109375,161.51044,4.486837314794779,35.0090778036775,5.916846947798929,2.901971531635245,0.9768460219444182
2022-01-24,144.54400634765625,158.83527,4.486837314794779,35.0090778036775,5.916846947798929,2.901971531635245,0.9768460219444182
2022-01-25,139.98599243164062,156.05086,4.486837314794779,35.0090778036775,5.916846947798929,2.901971531635245,0.9768460219444182
2022-01-26,138.87249755859375,153.00624,4.486837314794779,35.0090778036775,5.916846947798929,2.901971531635245,0.9768460219444182
2022-01-27,139.6374969482422,150.02345,4.486837314794779,35.0090778036775,5.916846947798929,2.901971531635245,0.9768460219444182
2022-01-28,143.97799682617188,147.4575,4.486837314794779,35.0090778036775,5.916846947798929,2.901971531635245,0.9768460219444182
2022-01-31,149.57350158691406,145.83174,4.486837314794779,35.0090778036775,5.916846947798929,2.901971531635245,0.9768460219444182
2022-02-01,151.19349670410156,145.47435,4.486837314794779,35.0090778036775,5.916846947798929,2.901971531635245,0.9768460219444182
2022-02-02,150.6125030517578,146.03804,4.486837314794779,35.0090778036775,5.916846947798929,2.901971531635245,0.9768460219444182
2022-02-03,138.8455047607422,147.01389,4.486837314794779,35.0090778036775,5.916846947798929,2.901971531635245,0.9768460219444182
2022-02-04,157.63949584960938,146.9173,4.486837314794779,35.0090778036775,5.916846947798929,2.901971531635245,0.9768460219444182
2022-02-07,157.9355010986328,148.1868,4.486837314794779,35.0090778036775,5.916846947798929,2.901971531635245,0.9768460219444182
2022-02-08,161.4134979248047,150.0753,4.486837314794779,35.0090778036775,5.916846947798929,2.901971531635245,0.9768460219444182
2022-02-09,161.1894989013672,152.49466,4.486837314794779,35.0090778036775,5.916846947798929,2.901971531635245,0.9768460219444182
2022-02-10,159.0034942626953,154.93648,4.486837314794779,35.0090778036775,5.916846947798929,2.901971531635245,0.9768460219444182
2022-02-11,153.2935028076172,156.91428,4.486837314794779,35.0090778036775,5.916846947798929,2.901971531635245,0.9768460219444182
2022-02-14,155.16700744628906,157.83757,4.486837314794779,35.0090778036775,5.916846947798929,2.901971531635245,0.9768460219444182
2022-02-15,156.510498046875,158.27629,4.486837314794779,35.0090778036775,5.916846947798929,2.901971531635245,0.9768460219444182
2022-02-16,158.10049438476562,158.52127,4.486837314794779,35.0090778036775,5.916846947798929,2.901971531635245,0.9768460219444182
2022-02-17,154.65249633789062,158.79105,4.486837314794779,35.0090778036775,5.916846947798929,2.901971531635245,0.9768460219444182
2022-02-18,152.60150146484375,158.68732,4.486837314794779,35.0090778036775,5.916846947798929,2.901971531635245,0.9768460219444182
2022-02-22,150.19749450683594,158.1841,4.486837314794779,35.0090778036775,5.916846947798929,2.901971531635245,0.9768460219444182
2022-02-23,144.82699584960938,157.2624,4.486837314794779,35.0090778036775,5.916846947798929,2.901971531635245,0.9768460219444182
2022-02-24,151.35800170898438,155.65027,4.486837314794779,35.0090778036775,5.916846947798929,2.901971531635245,0.9768460219444182
2022-02-25,153.7884979248047,154.49615,4.486837314794779,35.0090778036775,5.916846947798929,2.901971531635245,0.9768460219444182
2022-02-28,153.56300354003906,153.94603,4.486837314794779,35.0090778036775,5.916846947798929,2.901971531635245,0.9768460219444182
2022-03-01,151.14199829101562,153.77122,4.486837314794779,35.0090778036775,5.916846947798929,2.901971531635245,0.9768460219444182
2022-03-02,152.05250549316406,153.58339,4.486837314794779,35.0090778036775,5.916846947798929,2.901971531635245,0.9768460219444182
2022-03-03,147.89849853515625,153.50957,4.486837314794779,35.0090778036775,5.916846947798929,2.901971531635245,0.9768460219444182
2022-03-04,145.64100646972656,153.07487,4.486837314794779,35.0090778036775,5.916846947798929,2.901971531635245,0.9768460219444182
2022-03-07,137.4530029296875,152.25903,4.486837314794779,35.0090778036775,5.916846947798929,2.901971531635245,0.9768460219444182
2022-03-08,136.01449584960938,150.47192,4.486837314794779,35.0090778036775,5.916846947798929,2.901971531635245,0.9768460219444182
2022-03-09,139.2790069580078,148.18813,4.486837314794779,35.0090778036775,5.916846947798929,2.901971531635245,0.9768460219444182
2022-03-10,146.8175048828125,146.18275,4.486837314794779,35.0090778036775,5.916846947798929,2.901971531635245,0.9768460219444182
2022-03-11,145.52450561523438,145.30045,4.486837314794779,35.0090778036775,5.916846947798929,2.901971531635245,0.9768460219444182
2022-03-14,141.85299682617188,145.00183,4.486837314794779,35.0090778036775,5.916846947798929,2.901971531635245,0.9768460219444182
2022-03-15,147.3665008544922,144.70297,4.486837314794779,35.0090778036775,5.916846947798929,2.901971531635245,0.9768460219444182
2022-03-16,153.10400390625,145.01297,4.486837314794779,35.0090778036775,5.916846947798929,2.901971531635245,0.9768460219444182
2022-03-17,157.23899841308594,146.2136,4.486837314794779,35.0090778036775,5.916846947798929,2.901971531635245,0.9768460219444182
2022-03-18,161.25050354003906,148.21625,4.486837314794779,35.0090778036775,5.916846947798929,2.901971531635245,0.9768460219444182
2022-03-21,161.4915008544922,150.88083,4.486837314794779,35.0090778036775,5.916846947798929,2.901971531635245,0.9768460219444182
2022-03-22,164.88900756835938,153.66475,4.486837314794779,35.0090778036775,5.916846947798929,2.901971531635245,0.9768460219444182
2022-03-23,163.4080047607422,156.58282,4.486837314794779,35.0090778036775,5.916846947798929,2.901971531635245,0.9768460219444182
2022-03-24,163.64950561523438,159.10812,4.486837314794779,35.0090778036775,5.916846947798929,2.901971531635245,0.9768460219444182
2022-03-25,164.77349853515625,161.17812,4.486837314794779,35.0090778036775,5.916846947798929,2.901971531635245,0.9768460219444182
2022-03-28,168.99049377441406,162.88826,4.486837314794779,35.0090778036775,5.916846947798929,2.901971531635245,0.9768460219444182
2022-03-29,169.31500244140625,164.64998,4.486837314794779,35.0090778036775,5.916846947798929,2.901971531635245,0.9768460219444182
2022-03-30,166.30099487304688,166.27682,4.486837314794779,35.0090778036775,5.916846947798929,2.901971531635245,0.9768460219444182
2022-03-31,162.99749755859375,167.34613,4.486837314794779,35.0090778036775,5.916846947798929,2.901971531635245,0.9768460219444182
2022-04-01,163.55999755859375,167.6569,4.486837314794779,35.0090778036775,5.916846947798929,2.901971531635245,0.9768460219444182
2022-04-04,168.34649658203125,167.57332,4.486837314794779,35.0090778036775,5.916846947798929,2.901971531635245,0.9768460219444182
2022-04-05,164.05499267578125,167.76512,4.486837314794779,35.0090778036775,5.916846947798929,2.901971531635245,0.9768460219444182
2022-04-06,158.75599670410156,167.62961,4.486837314794779,35.0090778036775,5.916846947798929,2.901971531635245,0.9768460219444182
2022-04-07,157.7845001220703,166.79349,4.486837314794779,35.0090778036775,5.916846947798929,2.901971531635245,0.9768460219444182
2022-04-08,154.4604949951172,165.56294,4.486837314794779,35.0090778036775,5.916846947798929,2.901971531635245,0.9768460219444182
2022-04-11,151.1219940185547,163.89015,4.486837314794779,35.0090778036775,5.916846947798929,2.901971531635245,0.9768460219444182
2022-04-12,150.78750610351562,161.80363,4.486837314794779,35.0090778036775,5.916846947798929,2.901971531635245,0.9768460219444182
2022-04-13,155.54100036621094,159.6696,4.486837314794779,35.0090778036775,5.916846947798929,2.901971531635245,0.9768460219444182
2022-04-14,151.7064971923828,158.21358,4.486837314794779,35.0090778036775,5.916846947798929,2.901971531635245,0.9768460219444182
2022-04-18,152.78500366210938,156.8822,4.486837314794779,35.0090778036775,5.916846947798929,2.901971531635245,0.9768460219444182
2022-04-19,158.11549377441406,155.88657,4.486837314794779,35.0090778036775,5.916846947798929,2.901971531635245,0.9768460219444182
2022-04-20,153.9980010986328,155.72926,4.486837314794779,35.0090778036775,5.916846947798929,2.901971531635245,0.9768460219444182
2022-04-21,148.29600524902344,155.62524,4.486837314794779,35.0090778036775,5.916846947798929,2.901971531635245,0.9768460219444182
2022-04-22,144.35000610351562,154.99171,4.486837314794779,35.0090778036775,5.916846947798929,2.901971531635245,0.9768460219444182
2022-04-25,146.07400512695312,153.73134,4.486837314794779,35.0090778036775,5.916846947798929,2.901971531635245,0.9768460219444182
2022-04-26,139.39100646972656,152.42625,4.486837314794779,35.0090778036775,5.916846947798929,2.901971531635245,0.9768460219444182
2022-04-27,138.16700744628906,150.53291,4.486837314794779,35.0090778036775,5.916846947798929,2.901971531635245,0.9768460219444182
2022-04-28,144.59649658203125,148.39267,4.486837314794779,35.0090778036775,5.916846947798929,2.901971531635245,0.9768460219444182
2022-04-29,124.28150177001952,146.98607,4.486837314794779,35.0090778036775,5.916846947798929,2.901971531635245,0.9768460219444182
2022-05-02,124.5,144.04651,4.486837314794779,35.0090778036775,5.916846947798929,2.901971531635245,0.9768460219444182
2022-05-03,124.25350189208984,140.61551,4.486837314794779,35.0090778036775,5.916846947798929,2.901971531635245,0.9768460219444182
2022-05-04,125.92849731445312,137.20728,4.486837314794779,35.0090778036775,5.916846947798929,2.901971531635245,0.9768460219444182
2022-05-05,116.40699768066406,134.3207,4.486837314794779,35.0090778036775,5.916846947798929,2.901971531635245,0.9768460219444182
2022-05-06,114.77249908447266,131.05504,4.486837314794779,35.0090778036775,5.916846947798929,2.901971531635245,0.9768460219444182
2022-05-09,108.78900146484376,127.7583,4.486837314794779,35.0090778036775,5.916846947798929,2.901971531635245,0.9768460219444182
2022-05-10,108.85900115966795,124.16661,4.486837314794779,35.0090778036775,5.916846947798929,2.901971531635245,0.9768460219444182
2022-05-11,105.37200164794922,120.778885,4.486837314794779,35.0090778036775,5.916846947798929,2.901971531635245,0.9768460219444182
2022-05-12,106.93049621582033,117.48925,4.486837314794779,35.0090778036775,5.916846947798929,2.901971531635245,0.9768460219444182
2022-05-13,113.05500030517578,114.74434,4.486837314794779,35.0090778036775,5.916846947798929,2.901971531635245,0.9768460219444182
2022-05-16,110.8105010986328,113.198166,4.486837314794779,35.0090778036775,5.916846947798929,2.901971531635245,0.9768460219444182
2022-05-17,115.36849975585938,112.26625,4.486837314794779,35.0090778036775,5.916846947798929,2.901971531635245,0.9768460219444182
2022-05-18,107.1125030517578,112.25315,4.486837314794779,35.0090778036775,5.916846947798929,2.901971531635245,0.9768460219444182
2022-05-19,107.31900024414062,111.9319,4.486837314794779,35.0090778036775,5.916846947798929,2.901971531635245,0.9768460219444182
2022-05-20,107.59100341796876,111.50093,4.486837314794779,35.0090778036775,5.916846947798929,2.901971531635245,0.9768460219444182
2022-05-23,107.55699920654295,111.07067,4.486837314794779,35.0090778036775,5.916846947798929,2.901971531635245,0.9768460219444182
2022-05-24,104.0999984741211,110.6782,4.486837314794779,35.0090778036775,5.916846947798929,2.901971531635245,0.9768460219444182
2022-05-25,106.7750015258789,109.998474,4.486837314794779,35.0090778036775,5.916846947798929,2.901971531635245,0.9768460219444182
2022-05-26,111.07749938964844,109.49611,4.486837314794779,35.0090778036775,5.916846947798929,2.901971531635245,0.9768460219444182
2022-05-27,115.14649963378906,109.575554,4.486837314794779,35.0090778036775,5.916846947798929,2.901971531635245,0.9768460219444182
2022-05-31,120.20950317382812,110.39294,4.486837314794779,35.0090778036775,5.916846947798929,2.901971531635245,0.9768460219444182
2022-06-01,121.68399810791016,112.0701,4.486837314794779,35.0090778036775,5.916846947798929,2.901971531635245,0.9768460219444182
2022-06-02,125.51100158691406,114.22491,4.486837314794779,35.0090778036775,5.916846947798929,2.901971531635245,0.9768460219444182
2022-06-03,122.3499984741211,116.83237,4.486837314794779,35.0090778036775,5.916846947798929,2.901971531635245,0.9768460219444182
2022-06-06,124.79000091552734,119.109825,4.486837314794779,35.0090778036775,5.916846947798929,2.901971531635245,0.9768460219444182
2022-06-07,123.0,121.22369,4.486837314794779,35.0090778036775,5.916846947798929,2.901971531635245,0.9768460219444182
2022-06-08,121.18000030517578,122.83923,4.486837314794779,35.0090778036775,5.916846947798929,2.901971531635245,0.9768460219444182
2022-06-09,116.1500015258789,123.82283,4.486837314794779,35.0090778036775,5.916846947798929,2.901971531635245,0.9768460219444182
2022-06-10,109.6500015258789,123.83387,4.486837314794779,35.0090778036775,5.916846947798929,2.901971531635245,0.9768460219444182
2022-06-13,103.66999816894533,122.634346,4.486837314794779,35.0090778036775,5.916846947798929,2.901971531635245,0.9768460219444182
2022-06-14,102.30999755859376,120.2651,4.486837314794779,35.0090778036775,5.916846947798929,2.901971531635245,0.9768460219444182
2022-06-15,107.66999816894533,117.328384,4.486837314794779,35.0090778036775,5.916846947798929,2.901971531635245,0.9768460219444182
2022-06-16,103.66000366210938,114.89095,4.486837314794779,35.0090778036775,5.916846947798929,2.901971531635245,0.9768460219444182
2022-06-17,106.22000122070312,112.5697,4.486837314794779,35.0090778036775,5.916846947798929,2.901971531635245,0.9768460219444182
2022-06-21,108.68000030517578,110.8148,4.486837314794779,35.0090778036775,5.916846947798929,2.901971531635245,0.9768460219444182
2022-06-22,108.9499969482422,109.804726,4.486837314794779,35.0090778036775,5.916846947798929,2.901971531635245,0.9768460219444182
2022-06-23,112.44000244140624,109.35201,4.486837314794779,35.0090778036775,5.916846947798929,2.901971531635245,0.9768460219444182
2022-06-24,116.45999908447266,109.62152,4.486837314794779,35.0090778036775,5.916846947798929,2.901971531635245,0.9768460219444182
2022-06-27,113.22000122070312,110.685074,4.486837314794779,35.0090778036775,5.916846947798929,2.901971531635245,0.9768460219444182
2022-06-28,107.4000015258789,111.76894,4.486837314794779,35.0090778036775,5.916846947798929,2.901971531635245,0.9768460219444182
2022-06-29,108.91999816894533,112.172806,4.486837314794779,35.0090778036775,5.916846947798929,2.901971531635245,0.9768460219444182
2022-06-30,106.20999908447266,112.303375,4.486837314794779,35.0090778036775,5.916846947798929,2.901971531635245,0.9768460219444182
2022-07-01,109.55999755859376,111.98054,4.486837314794779,35.0090778036775,5.916846947798929,2.901971531635245,0.9768460219444182
2022-07-05,113.5,111.77012,4.486837314794779,35.0090778036775,5.916846947798929,2.901971531635245,0.9768460219444182
2022-07-06,114.33000183105467,112.03772,4.486837314794779,35.0090778036775,5.916846947798929,2.901971531635245,0.9768460219444182
2022-07-07,116.33000183105467,112.636696,4.486837314794779,35.0090778036775,5.916846947798929,2.901971531635245,0.9768460219444182
2022-07-08,115.54000091552734,113.57408,4.486837314794779,35.0090778036775,5.916846947798929,2.901971531635245,0.9768460219444182
2022-07-11,111.75,114.53212,4.486837314794779,35.0090778036775,5.916846947798929,2.901971531635245,0.9768460219444182
2022-07-12,109.22000122070312,115.02431,4.486837314794779,35.0090778036775,5.916846947798929,2.901971531635245,0.9768460219444182
2022-07-13,110.4000015258789,114.9477,4.486837314794779,35.0090778036775,5.916846947798929,2.901971531635245,0.9768460219444182
2022-07-14,110.62999725341795,114.67079,4.486837314794779,35.0090778036775,5.916846947798929,2.901971531635245,0.9768460219444182
2022-07-15,113.5500030517578,114.32415,4.486837314794779,35.0090778036775,5.916846947798929,2.901971531635245,0.9768460219444182
2022-07-18,113.76000213623048,114.267555,4.486837314794779,35.0090778036775,5.916846947798929,2.901971531635245,0.9768460219444182
2022-07-19,118.20999908447266,114.40188,4.486837314794779,35.0090778036775,5.916846947798929,2.901971531635245,0.9768460219444182
2022-07-20,122.7699966430664,115.08743,4.486837314794779,35.0090778036775,5.916846947798929,2.901971531635245,0.9768460219444182
2022-07-21,124.62999725341795,116.481155,4.486837314794779,35.0090778036775,5.916846947798929,2.901971531635245,0.9768460219444182
2022-07-22,122.41999816894533,118.33001,4.486837314794779,35.0090778036775,5.916846947798929,2.901971531635245,0.9768460219444182
2022-07-25,121.13999938964844,120.029915,4.486837314794779,35.0090778036775,5.916846947798929,2.901971531635245,0.9768460219444182
2022-07-26,114.80999755859376,121.346794,4.486837314794779,35.0090778036775,5.916846947798929,2.901971531635245,0.9768460219444182
2022-07-27,120.97000122070312,121.66519,4.486837314794779,35.0090778036775,5.916846947798929,2.901971531635245,0.9768460219444182
2022-07-28,122.27999877929688,122.013405,4.486837314794779,35.0090778036775,5.916846947798929,2.901971531635245,0.9768460219444182
2022-07-29,134.9499969482422,122.4594,4.486837314794779,35.0090778036775,5.916846947798929,2.901971531635245,0.9768460219444182
2022-08-01,135.38999938964844,124.212364,4.486837314794779,35.0090778036775,5.916846947798929,2.901971531635245,0.9768460219444182
2022-08-02,134.16000366210938,126.56652,4.486837314794779,35.0090778036775,5.916846947798929,2.901971531635245,0.9768460219444182
2022-08-03,139.52000427246094,128.91089,4.486837314794779,35.0090778036775,5.916846947798929,2.901971531635245,0.9768460219444182
2022-08-04,142.57000732421875,131.56708,4.486837314794779,35.0090778036775,5.916846947798929,2.901971531635245,0.9768460219444182
2022-08-05,140.8000030517578,134.43193,4.486837314794779,35.0090778036775,5.916846947798929,2.901971531635245,0.9768460219444182
2022-08-08,139.41000366210938,136.93517,4.486837314794779,35.0090778036775,5.916846947798929,2.901971531635245,0.9768460219444182
2022-08-09,137.8300018310547,138.83702,4.486837314794779,35.0090778036775,5.916846947798929,2.901971531635245,0.9768460219444182
2022-08-10,142.69000244140625,140.03871,4.486837314794779,35.0090778036775,5.916846947798929,2.901971531635245,0.9768460219444182
2022-08-11,140.63999938964844,141.21884,4.486837314794779,35.0090778036775,5.916846947798929,2.901971531635245,0.9768460219444182
2022-08-12,143.5500030517578,142.03984,4.486837314794779,35.0090778036775,5.916846947798929,2.901971531635245,0.9768460219444182
2022-08-15,143.17999267578125,142.87971,4.486837314794779,35.0090778036775,5.916846947798929,2.901971531635245,0.9768460219444182
2022-08-16,144.77999877929688,143.59792,4.486837314794779,35.0090778036775,5.916846947798929,2.901971531635245,0.9768460219444182
2022-08-17,142.10000610351562,144.34076,4.486837314794779,35.0090778036775,5.916846947798929,2.901971531635245,0.9768460219444182
2022-08-18,142.3000030517578,144.7412,4.486837314794779,35.0090778036775,5.916846947798929,2.901971531635245,0.9768460219444182
2022-08-19,138.22999572753906,144.93361,4.486837314794779,35.0090778036775,5.916846947798929,2.901971531635245,0.9768460219444182
2022-08-22,133.22000122070312,144.56595,4.486837314794779,35.0090778036775,5.916846947798929,2.901971531635245,0.9768460219444182
2022-08-23,133.6199951171875,143.41248,4.486837314794779,35.0090778036775,5.916846947798929,2.901971531635245,0.9768460219444182
2022-08-24,133.8000030517578,141.97787,4.486837314794779,35.0090778036775,5.916846947798929,2.901971531635245,0.9768460219444182
2022-08-25,137.27999877929688,140.53943,4.486837314794779,35.0090778036775,5.916846947798929,2.901971531635245,0.9768460219444182
2022-08-26,130.75,139.5987,4.486837314794779,35.0090778036775,5.916846947798929,2.901971531635245,0.9768460219444182
2022-08-29,129.7899932861328,138.36249,4.486837314794779,35.0090778036775,5.916846947798929,2.901971531635245,0.9768460219444182
2022-08-30,128.72999572753906,137.0042,4.486837314794779,35.0090778036775,5.916846947798929,2.901971531635245,0.9768460219444182
2022-08-31,126.7699966430664,135.60292,4.486837314794779,35.0090778036775,5.916846947798929,2.901971531635245,0.9768460219444182
2022-09-01,127.81999969482422,134.11897,4.486837314794779,35.0090778036775,5.916846947798929,2.901971531635245,0.9768460219444182
2022-09-02,127.51000213623048,132.84718,4.486837314794779,35.0090778036775,5.916846947798929,2.901971531635245,0.9768460219444182
2022-09-06,126.11000061035156,131.7896,4.486837314794779,35.0090778036775,5.916846947798929,2.901971531635245,0.9768460219444182
2022-09-07,129.47999572753906,130.82048,4.486837314794779,35.0090778036775,5.916846947798929,2.901971531635245,0.9768460219444182
2022-09-08,129.82000732421875,130.3467,4.486837314794779,35.0090778036775,5.916846947798929,2.901971531635245,0.9768460219444182
2022-09-09,133.27000427246094,130.23216,4.486837314794779,35.0090778036775,5.916846947798929,2.901971531635245,0.9768460219444182
2022-09-12,136.4499969482422,130.69037,4.486837314794779,35.0090778036775,5.916846947798929,2.901971531635245,0.9768460219444182
2022-09-13,126.81999969482422,131.75111,4.486837314794779,35.0090778036775,5.916846947798929,2.901971531635245,0.9768460219444182
2022-09-14,128.5500030517578,132.06003,4.486837314794779,35.0090778036775,5.916846947798929,2.901971531635245,0.9768460219444182
2022-09-15,126.27999877929688,132.10782,4.486837314794779,35.0090778036775,5.916846947798929,2.901971531635245,0.9768460219444182
2022-09-16,123.52999877929688,131.75778,4.486837314794779,35.0090778036775,5.916846947798929,2.901971531635245,0.9768460219444182
2022-09-19,124.66000366210938,130.93875,4.486837314794779,35.0090778036775,5.916846947798929,2.901971531635245,0.9768460219444182
2022-09-20,122.19000244140624,130.05284,4.486837314794779,35.0090778036775,5.916846947798929,2.901971531635245,0.9768460219444182
2022-09-21,118.54000091552734,128.96193,4.486837314794779,35.0090778036775,5.916846947798929,2.901971531635245,0.9768460219444182
2022-09-22,117.30999755859376,127.49888,4.486837314794779,35.0090778036775,5.916846947798929,2.901971531635245,0.9768460219444182
2022-09-23,113.77999877929688,125.851105,4.486837314794779,35.0090778036775,5.916846947798929,2.901971531635245,0.9768460219444182
2022-09-26,115.1500015258789,123.904655,4.486837314794779,35.0090778036775,5.916846947798929,2.901971531635245,0.9768460219444182
2022-09-27,114.41000366210938,122.12533,4.486837314794779,35.0090778036775,5.916846947798929,2.901971531635245,0.9768460219444182
2022-09-28,118.01000213623048,120.53989,4.486837314794779,35.0090778036775,5.916846947798929,2.901971531635245,0.9768460219444182
2022-09-29,114.8000030517578,119.591415,4.486837314794779,35.0090778036775,5.916846947798929,2.901971531635245,0.9768460219444182
2022-09-30,113.0,118.77421,4.486837314794779,35.0090778036775,5.916846947798929,2.901971531635245,0.9768460219444182
2022-10-03,115.87999725341795,117.941216,4.486837314794779,35.0090778036775,5.916846947798929,2.901971531635245,0.9768460219444182
2022-10-04,121.08999633789062,117.47541,4.486837314794779,35.0090778036775,5.916846947798929,2.901971531635245,0.9768460219444182
2022-10-05,120.9499969482422,117.789894,4.486837314794779,35.0090778036775,5.916846947798929,2.901971531635245,0.9768460219444182
2022-10-06,120.3000030517578,118.50249,4.486837314794779,35.0090778036775,5.916846947798929,2.901971531635245,0.9768460219444182
2022-10-07,114.55999755859376,119.311935,4.486837314794779,35.0090778036775,5.916846947798929,2.901971531635245,0.9768460219444182
2022-10-10,113.66999816894533,119.51409,4.486837314794779,35.0090778036775,5.916846947798929,2.901971531635245,0.9768460219444182
2022-10-11,112.20999908447266,119.26538,4.486837314794779,35.0090778036775,5.916846947798929,2.901971531635245,0.9768460219444182
2022-10-12,112.9000015258789,118.63048,4.486837314794779,35.0090778036775,5.916846947798929,2.901971531635245,0.9768460219444182
2022-10-13,112.52999877929688,117.907005,4.486837314794779,35.0090778036775,5.916846947798929,2.901971531635245,0.9768460219444182
2022-10-14,106.9000015258789,117.16512,4.486837314794779,35.0090778036775,5.916846947798929,2.901971531635245,0.9768460219444182
2022-10-17,113.79000091552734,115.91966,4.486837314794779,35.0090778036775,5.916846947798929,2.901971531635245,0.9768460219444182
2022-10-18,116.36000061035156,115.21443,4.486837314794779,35.0090778036775,5.916846947798929,2.901971531635245,0.9768460219444182
2022-10-19,115.06999969482422,115.1372,4.486837314794779,35.0090778036775,5.916846947798929,2.901971531635245,0.9768460219444182
2022-10-20,115.25,115.301,4.486837314794779,35.0090778036775,5.916846947798929,2.901971531635245,0.9768460219444182
2022-10-21,119.31999969482422,115.61192,4.486837314794779,35.0090778036775,5.916846947798929,2.901971531635245,0.9768460219444182
2022-10-24,119.81999969482422,116.38959,4.486837314794779,35.0090778036775,5.916846947798929,2.901971531635245,0.9768460219444182
2022-10-25,120.5999984741211,117.402534,4.486837314794779,35.0090778036775,5.916846947798929,2.901971531635245,0.9768460219444182
2022-10-26,115.66000366210938,118.530556,4.486837314794779,35.0090778036775,5.916846947798929,2.901971531635245,0.9768460219444182
2022-10-27,110.95999908447266,119.10776,4.486837314794779,35.0090778036775,5.916846947798929,2.901971531635245,0.9768460219444182
2022-10-28,103.41000366210938,118.841606,4.486837314794779,35.0090778036775,5.916846947798929,2.901971531635245,0.9768460219444182
2022-10-31,102.44000244140624,117.3579,4.486837314794779,35.0090778036775,5.916846947798929,2.901971531635245,0.9768460219444182
2022-11-01,96.79000091552734,115.23263,4.486837314794779,35.0090778036775,5.916846947798929,2.901971531635245,0.9768460219444182
2022-11-02,92.12000274658205,112.37594,4.486837314794779,35.0090778036775,5.916846947798929,2.901971531635245,0.9768460219444182
2022-11-03,89.30000305175781,108.92037,4.486837314794779,35.0090778036775,5.916846947798929,2.901971531635245,0.9768460219444182
2022-11-04,90.9800033569336,105.18122,4.486837314794779,35.0090778036775,5.916846947798929,2.901971531635245,0.9768460219444182
2022-11-07,90.52999877929688,101.811646,4.486837314794779,35.0090778036775,5.916846947798929,2.901971531635245,0.9768460219444182
2022-11-08,89.9800033569336,98.93725,4.486837314794779,35.0090778036775,5.916846947798929,2.901971531635245,0.9768460219444182
2022-11-09,86.13999938964844,96.5796,4.486837314794779,35.0090778036775,5.916846947798929,2.901971531635245,0.9768460219444182
2022-11-10,96.62999725341795,94.37265,4.486837314794779,35.0090778036775,5.916846947798929,2.901971531635245,0.9768460219444182
2022-11-11,100.79000091552734,93.51779,4.486837314794779,35.0090778036775,5.916846947798929,2.901971531635245,0.9768460219444182
2022-11-14,98.48999786376952,93.940254,4.486837314794779,35.0090778036775,5.916846947798929,2.901971531635245,0.9768460219444182
2022-11-15,98.94000244140624,94.83816,4.486837314794779,35.0090778036775,5.916846947798929,2.901971531635245,0.9768460219444182
2022-11-16,97.12000274658205,95.97506,4.486837314794779,35.0090778036775,5.916846947798929,2.901971531635245,0.9768460219444182
2022-11-17,94.8499984741211,96.95261,4.486837314794779,35.0090778036775,5.916846947798929,2.901971531635245,0.9768460219444182
2022-11-18,94.13999938964844,97.51263,4.486837314794779,35.0090778036775,5.916846947798929,2.901971531635245,0.9768460219444182
2022-11-21,92.45999908447266,97.70352,4.486837314794779,35.0090778036775,5.916846947798929,2.901971531635245,0.9768460219444182
2022-11-22,93.1999969482422,97.49149,4.486837314794779,35.0090778036775,5.916846947798929,2.901971531635245,0.9768460219444182
2022-11-23,94.12999725341795,97.14218,4.486837314794779,35.0090778036775,5.916846947798929,2.901971531635245,0.9768460219444182
2022-11-25,93.41000366210938,96.83985,4.486837314794779,35.0090778036775,5.916846947798929,2.901971531635245,0.9768460219444182
2022-11-28,93.9499969482422,96.52347,4.486837314794779,35.0090778036775,5.916846947798929,2.901971531635245,0.9768460219444182
2022-11-29,92.41999816894533,96.28737,4.486837314794779,35.0090778036775,5.916846947798929,2.901971531635245,0.9768460219444182
2022-11-30,96.54000091552734,95.9684,4.486837314794779,35.0090778036775,5.916846947798929,2.901971531635245,0.9768460219444182
2022-12-01,95.5,96.048134,4.486837314794779,35.0090778036775,5.916846947798929,2.901971531635245,0.9768460219444182
2022-12-02,94.12999725341795,96.24294,4.486837314794779,35.0090778036775,5.916846947798929,2.901971531635245,0.9768460219444182
2022-12-05,91.01000213623048,96.35195,4.486837314794779,35.0090778036775,5.916846947798929,2.901971531635245,0.9768460219444182
2022-12-06,88.25,96.08906,4.486837314794779,35.0090778036775,5.916846947798929,2.901971531635245,0.9768460219444182
2022-12-07,88.45999908447266,95.36196,4.486837314794779,35.0090778036775,5.916846947798929,2.901971531635245,0.9768460219444182
2022-12-08,90.3499984741211,94.457726,4.486837314794779,35.0090778036775,5.916846947798929,2.901971531635245,0.9768460219444182
2022-12-09,89.08999633789062,93.72503,4.486837314794779,35.0090778036775,5.916846947798929,2.901971531635245,0.9768460219444182
2022-12-12,90.5500030517578,93.03641,4.486837314794779,35.0090778036775,5.916846947798929,2.901971531635245,0.9768460219444182
2022-12-13,92.48999786376952,92.590034,4.486837314794779,35.0090778036775,5.916846947798929,2.901971531635245,0.9768460219444182
2022-12-14,91.58000183105467,92.52123,4.486837314794779,35.0090778036775,5.916846947798929,2.901971531635245,0.9768460219444182
2022-12-15,88.44999694824219,92.58752,4.486837314794779,35.0090778036775,5.916846947798929,2.901971531635245,0.9768460219444182
2022-12-16,87.86000061035156,92.415215,4.486837314794779,35.0090778036775,5.916846947798929,2.901971531635245,0.9768460219444182
2022-12-19,84.91999816894531,92.06431,4.486837314794779,35.0090778036775,5.916846947798929,2.901971531635245,0.9768460219444182
2022-12-20,85.19000244140625,91.348305,4.486837314794779,35.0090778036775,5.916846947798929,2.901971531635245,0.9768460219444182
2022-12-21,86.7699966430664,90.51826,4.486837314794779,35.0090778036775,5.916846947798929,2.901971531635245,0.9768460219444182
2022-12-22,83.79000091552734,89.857956,4.486837314794779,35.0090778036775,5.916846947798929,2.901971531635245,0.9768460219444182
2022-12-23,85.25,89.06319,4.486837314794779,35.0090778036775,5.916846947798929,2.901971531635245,0.9768460219444182
2022-12-27,83.04000091552734,88.41731,4.486837314794779,35.0090778036775,5.916846947798929,2.901971531635245,0.9768460219444182
2022-12-28,81.81999969482422,87.69904,4.486837314794779,35.0090778036775,5.916846947798929,2.901971531635245,0.9768460219444182
2022-12-29,84.18000030517578,86.89002,4.486837314794779,35.0090778036775,5.916846947798929,2.901971531635245,0.9768460219444182
2022-12-30,84.0,86.34139,4.486837314794779,35.0090778036775,5.916846947798929,2.901971531635245,0.9768460219444182
2023-01-03,85.81999969482422,85.977646,4.486837314794779,35.0090778036775,5.916846947798929,2.901971531635245,0.9768460219444182
2023-01-04,85.13999938964844,85.94018,4.486837314794779,35.0090778036775,5.916846947798929,2.901971531635245,0.9768460219444182
2023-01-05,83.12000274658203,86.02824,4.486837314794779,35.0090778036775,5.916846947798929,2.901971531635245,0.9768460219444182
2023-01-06,86.08000183105469,85.981346,4.486837314794779,35.0090778036775,5.916846947798929,2.901971531635245,0.9768460219444182
2023-01-09,87.36000061035156,86.15616,4.486837314794779,35.0090778036775,5.916846947798929,2.901971531635245,0.9768460219444182
2023-01-10,89.87000274658203,86.56713,4.486837314794779,35.0090778036775,5.916846947798929,2.901971531635245,0.9768460219444182
2023-01-11,95.08999633789062,87.32707,4.486837314794779,35.0090778036775,5.916846947798929,2.901971531635245,0.9768460219444182
2023-01-12,95.2699966430664,88.73855,4.486837314794779,35.0090778036775,5.916846947798929,2.901971531635245,0.9768460219444182
2023-01-13,98.12000274658205,90.4077,4.486837314794779,35.0090778036775,5.916846947798929,2.901971531635245,0.9768460219444182
2023-01-17,96.0500030517578,92.35248,4.486837314794779,35.0090778036775,5.916846947798929,2.901971531635245,0.9768460219444182
2023-01-18,95.45999908447266,94.05495,4.486837314794779,35.0090778036775,5.916846947798929,2.901971531635245,0.9768460219444182
2023-01-19,93.68000030517578,95.39166,4.486837314794779,35.0090778036775,5.916846947798929,2.901971531635245,0.9768460219444182
2023-01-20,97.25,96.20352,4.486837314794779,35.0090778036775,5.916846947798929,2.901971531635245,0.9768460219444182
2023-01-23,97.5199966430664,96.989845,4.486837314794779,35.0090778036775,5.916846947798929,2.901971531635245,0.9768460219444182
2023-01-24,96.31999969482422,97.705696,4.486837314794779,35.0090778036775,5.916846947798929,2.901971531635245,0.9768460219444182
2023-01-25,97.18000030517578,98.19169,4.486837314794779,35.0090778036775,5.916846947798929,2.901971531635245,0.9768460219444182
2023-01-26,99.22000122070312,98.58547,4.486837314794779,35.0090778036775,5.916846947798929,2.901971531635245,0.9768460219444182
2023-01-27,102.23999786376952,99.090744,4.486837314794779,35.0090778036775,5.916846947798929,2.901971531635245,0.9768460219444182
2023-01-30,100.5500030517578,99.9133,4.486837314794779,35.0090778036775,5.916846947798929,2.901971531635245,0.9768460219444182
2023-01-31,103.12999725341795,100.66656,4.486837314794779,35.0090778036775,5.916846947798929,2.901971531635245,0.9768460219444182
2023-02-01,105.1500015258789,101.56937,4.486837314794779,35.0090778036775,5.916846947798929,2.901971531635245,0.9768460219444182
2023-02-02,112.91000366210938,102.669106,4.486837314794779,35.0090778036775,5.916846947798929,2.901971531635245,0.9768460219444182
2023-02-03,103.38999938964844,104.55776,4.486837314794779,35.0090778036775,5.916846947798929,2.901971531635245,0.9768460219444182
2023-02-06,102.18000030517578,105.74264,4.486837314794779,35.0090778036775,5.916846947798929,2.901971531635245,0.9768460219444182
2023-02-07,102.11000061035156,106.297585,4.486837314794779,35.0090778036775,5.916846947798929,2.901971531635245,0.9768460219444182
2023-02-08,100.0500030517578,106.42109,4.486837314794779,35.0090778036775,5.916846947798929,2.901971531635245,0.9768460219444182
2023-02-09,98.23999786376952,106.071724,4.486837314794779,35.0090778036775,5.916846947798929,2.901971531635245,0.9768460219444182
2023-02-10,97.61000061035156,105.3033,4.486837314794779,35.0090778036775,5.916846947798929,2.901971531635245,0.9768460219444182
2023-02-13,99.54000091552734,104.306274,4.486837314794779,35.0090778036775,5.916846947798929,2.901971531635245,0.9768460219444182
2023-02-14,99.6999969482422,103.468765,4.486837314794779,35.0090778036775,5.916846947798929,2.901971531635245,0.9768460219444182
2023-02-15,101.16000366210938,102.81988,4.486837314794779,35.0090778036775,5.916846947798929,2.901971531635245,0.9768460219444182
2023-02-16,98.1500015258789,102.49302,4.486837314794779,35.0090778036775,5.916846947798929,2.901971531635245,0.9768460219444182
2023-02-17,97.1999969482422,102.08182,4.486837314794779,35.0090778036775,5.916846947798929,2.901971531635245,0.9768460219444182
2023-02-21,94.58000183105467,101.57162,4.486837314794779,35.0090778036775,5.916846947798929,2.901971531635245,0.9768460219444182
2023-02-22,95.79000091552734,100.79017,4.486837314794779,35.0090778036775,5.916846947798929,2.901971531635245,0.9768460219444182
2023-02-23,95.81999969482422,100.05093,4.486837314794779,35.0090778036775,5.916846947798929,2.901971531635245,0.9768460219444182
2023-02-24,93.5,99.4079,4.486837314794779,35.0090778036775,5.916846947798929,2.901971531635245,0.9768460219444182
2023-02-27,93.76000213623048,98.65185,4.486837314794779,35.0090778036775,5.916846947798929,2.901971531635245,0.9768460219444182
2023-02-28,94.2300033569336,97.93357,4.486837314794779,35.0090778036775,5.916846947798929,2.901971531635245,0.9768460219444182
2023-03-01,92.16999816894533,97.3532,4.486837314794779,35.0090778036775,5.916846947798929,2.901971531635245,0.9768460219444182
2023-03-02,92.12999725341795,96.70325,4.486837314794779,35.0090778036775,5.916846947798929,2.901971531635245,0.9768460219444182
2023-03-03,94.9000015258789,96.07544,4.486837314794779,35.0090778036775,5.916846947798929,2.901971531635245,0.9768460219444182
2023-03-06,93.75,95.79823,4.486837314794779,35.0090778036775,5.916846947798929,2.901971531635245,0.9768460219444182
2023-03-07,93.5500030517578,95.63405,4.486837314794779,35.0090778036775,5.916846947798929,2.901971531635245,0.9768460219444182
2023-03-08,93.91999816894533,95.53495,4.486837314794779,35.0090778036775,5.916846947798929,2.901971531635245,0.9768460219444182
2023-03-09,92.25,95.52046,4.486837314794779,35.0090778036775,5.916846947798929,2.901971531635245,0.9768460219444182
2023-03-10,90.7300033569336,95.38859,4.486837314794779,35.0090778036775,5.916846947798929,2.901971531635245,0.9768460219444182
2023-03-13,92.43000030517578,95.0511,4.486837314794779,35.0090778036775,5.916846947798929,2.901971531635245,0.9768460219444182
2023-03-14,94.87999725341795,94.79769,4.486837314794779,35.0090778036775,5.916846947798929,2.901971531635245,0.9768460219444182
2023-03-15,96.1999969482422,94.86057,4.486837314794779,35.0090778036775,5.916846947798929,2.901971531635245,0.9768460219444182
2023-03-16,100.04000091552734,95.23264,4.486837314794779,35.0090778036775,5.916846947798929,2.901971531635245,0.9768460219444182
2023-03-17,98.9499969482422,96.13501,4.486837314794779,35.0090778036775,5.916846947798929,2.901971531635245,0.9768460219444182
2023-03-20,97.70999908447266,97.14511,4.486837314794779,35.0090778036775,5.916846947798929,2.901971531635245,0.9768460219444182
2023-03-21,100.61000061035156,97.99699,4.486837314794779,35.0090778036775,5.916846947798929,2.901971531635245,0.9768460219444182
2023-03-22,98.6999969482422,98.9653,4.486837314794779,35.0090778036775,5.916846947798929,2.901971531635245,0.9768460219444182
2023-03-23,98.70999908447266,99.70814,4.486837314794779,35.0090778036775,5.916846947798929,2.901971531635245,0.9768460219444182
2023-03-24,98.12999725341795,100.251045,4.486837314794779,35.0090778036775,5.916846947798929,2.901971531635245,0.9768460219444182
2023-03-27,98.04000091552734,100.56482,4.486837314794779,35.0090778036775,5.916846947798929,2.901971531635245,0.9768460219444182
2023-03-28,97.23999786376952,100.70607,4.486837314794779,35.0090778036775,5.916846947798929,2.901971531635245,0.9768460219444182
2023-03-29,100.25,100.65279,4.486837314794779,35.0090778036775,5.916846947798929,2.901971531635245,0.9768460219444182
2023-03-30,102.0,100.79566,4.486837314794779,35.0090778036775,5.916846947798929,2.901971531635245,0.9768460219444182
2023-03-31,103.29000091552734,101.210785,4.486837314794779,35.0090778036775,5.916846947798929,2.901971531635245,0.9768460219444182
2023-04-03,102.41000366210938,101.87333,4.486837314794779,35.0090778036775,5.916846947798929,2.901971531635245,0.9768460219444182
2023-04-04,103.9499969482422,102.5255,4.486837314794779,35.0090778036775,5.916846947798929,2.901971531635245,0.9768460219444182
2023-04-05,101.0999984741211,103.264435,4.486837314794779,35.0090778036775,5.916846947798929,2.901971531635245,0.9768460219444182
2023-04-06,102.05999755859376,103.689964,4.486837314794779,35.0090778036775,5.916846947798929,2.901971531635245,0.9768460219444182
2023-04-10,102.16999816894533,103.992294,4.486837314794779,35.0090778036775,5.916846947798929,2.901971531635245,0.9768460219444182
2023-04-11,99.91999816894533,104.20065,4.486837314794779,35.0090778036775,5.916846947798929,2.901971531635245,0.9768460219444182
2023-04-12,97.83000183105467,104.10697,4.486837314794779,35.0090778036775,5.916846947798929,2.901971531635245,0.9768460219444182
2023-04-13,102.4000015258789,103.64046,4.486837314794779,35.0090778036775,5.916846947798929,2.901971531635245,0.9768460219444182
2023-04-14,102.51000213623048,103.464806,4.486837314794779,35.0090778036775,5.916846947798929,2.901971531635245,0.9768460219444182
2023-04-17,102.73999786376952,103.478775,4.486837314794779,35.0090778036775,5.916846947798929,2.901971531635245,0.9768460219444182
2023-04-18,102.3000030517578,103.62766,4.486837314794779,35.0090778036775,5.916846947798929,2.901971531635245,0.9768460219444182
2023-04-19,104.3000030517578,103.79658,4.486837314794779,35.0090778036775,5.916846947798929,2.901971531635245,0.9768460219444182
2023-04-20,103.80999755859376,104.16275,4.486837314794779,35.0090778036775,5.916846947798929,2.901971531635245,0.9768460219444182
2023-04-21,106.95999908447266,104.55431,4.486837314794779,35.0090778036775,5.916846947798929,2.901971531635245,0.9768460219444182
2023-04-24,106.20999908447266,105.24123,4.486837314794779,35.0090778036775,5.916846947798929,2.901971531635245,0.9768460219444182
2023-04-25,102.56999969482422,105.95073,4.486837314794779,35.0090778036775,5.916846947798929,2.901971531635245,0.9768460219444182
2023-04-26,104.9800033569336,106.23792,4.486837314794779,35.0090778036775,5.916846947798929,2.901971531635245,0.9768460219444182
2023-04-27,109.81999969482422,106.4998,4.486837314794779,35.0090778036775,5.916846947798929,2.901971531635245,0.9768460219444182
2023-04-28,105.4499969482422,107.20355,4.486837314794779,35.0090778036775,5.916846947798929,2.901971531635245,0.9768460219444182
2023-05-01,102.0500030517578,107.64567,4.486837314794779,35.0090778036775,5.916846947798929,2.901971531635245,0.9768460219444182
2023-05-02,103.62999725341795,107.55932,4.486837314794779,35.0090778036775,5.916846947798929,2.901971531635245,0.9768460219444182
2023-05-03,103.6500015258789,107.3378,4.486837314794779,35.0090778036775,5.916846947798929,2.901971531635245,0.9768460219444182
2023-05-04,104.0,107.056404,4.486837314794779,35.0090778036775,5.916846947798929,2.901971531635245,0.9768460219444182
2023-05-05,105.66000366210938,106.80392,4.486837314794779,35.0090778036775,5.916846947798929,2.901971531635245,0.9768460219444182
2023-05-08,105.83000183105467,106.76073,4.486837314794779,35.0090778036775,5.916846947798929,2.901971531635245,0.9768460219444182
2023-05-09,106.62000274658205,106.8587,4.486837314794779,35.0090778036775,5.916846947798929,2.901971531635245,0.9768460219444182
2023-05-10,110.19000244140624,107.10982,4.486837314794779,35.0090778036775,5.916846947798929,2.901971531635245,0.9768460219444182
2023-05-11,112.18000030517578,107.78488,4.486837314794779,35.0090778036775,5.916846947798929,2.901971531635245,0.9768460219444182
2023-05-12,110.26000213623048,108.83545,4.486837314794779,35.0090778036775,5.916846947798929,2.901971531635245,0.9768460219444182
2023-05-15,111.1999969482422,109.80351,4.486837314794779,35.0090778036775,5.916846947798929,2.901971531635245,0.9768460219444182
2023-05-16,113.4000015258789,110.72665,4.486837314794779,35.0090778036775,5.916846947798929,2.901971531635245,0.9768460219444182
2023-05-17,115.5,111.75151,4.486837314794779,35.0090778036775,5.916846947798929,2.901971531635245,0.9768460219444182
2023-05-18,118.1500015258789,112.942154,4.486837314794779,35.0090778036775,5.916846947798929,2.901971531635245,0.9768460219444182
2023-05-19,116.25,114.37686,4.486837314794779,35.0090778036775,5.916846947798929,2.901971531635245,0.9768460219444182
2023-05-22,115.01000213623048,115.61273,4.486837314794779,35.0090778036775,5.916846947798929,2.901971531635245,0.9768460219444182
2023-05-23,114.98999786376952,116.48885,4.486837314794779,35.0090778036775,5.916846947798929,2.901971531635245,0.9768460219444182
2023-05-24,116.75,117.06835,4.486837314794779,35.0090778036775,5.916846947798929,2.901971531635245,0.9768460219444182
2023-05-25,115.0,117.59583,4.486837314794779,35.0090778036775,5.916846947798929,2.901971531635245,0.9768460219444182
2023-05-26,120.11000061035156,117.85899,4.486837314794779,35.0090778036775,5.916846947798929,2.901971531635245,0.9768460219444182
2023-05-30,121.66000366210938,118.46714,4.486837314794779,35.0090778036775,5.916846947798929,2.901971531635245,0.9768460219444182
2023-05-31,120.58000183105467,119.36145,4.486837314794779,35.0090778036775,5.916846947798929,2.901971531635245,0.9768460219444182
2023-06-01,122.7699966430664,120.22189,4.486837314794779,35.0090778036775,5.916846947798929,2.901971531635245,0.9768460219444182
2023-06-02,124.25,121.20346,4.486837314794779,35.0090778036775,5.916846947798929,2.901971531635245,0.9768460219444182
2023-06-05,125.3000030517578,122.302,4.486837314794779,35.0090778036775,5.916846947798929,2.901971531635245,0.9768460219444182
2023-06-06,126.61000061035156,123.46229,4.486837314794779,35.0090778036775,5.916846947798929,2.901971531635245,0.9768460219444182
2023-06-07,121.2300033569336,124.67348,4.486837314794779,35.0090778036775,5.916846947798929,2.901971531635245,0.9768460219444182
2023-06-08,124.25,125.23988,4.486837314794779,35.0090778036775,5.916846947798929,2.901971531635245,0.9768460219444182
2023-06-09,123.43000030517578,125.69784,4.486837314794779,35.0090778036775,5.916846947798929,2.901971531635245,0.9768460219444182
2023-06-12,126.56999969482422,125.95279,4.486837314794779,35.0090778036775,5.916846947798929,2.901971531635245,0.9768460219444182
2023-06-13,126.66000366210938,126.38811,4.486837314794779,35.0090778036775,5.916846947798929,2.901971531635245,0.9768460219444182
2023-06-14,126.41999816894533,126.88576,4.486837314794779,35.0090778036775,5.916846947798929,2.901971531635245,0.9768460219444182
2023-06-15,127.11000061035156,127.34679,4.486837314794779,35.0090778036775,5.916846947798929,2.901971531635245,0.9768460219444182
2023-06-16,125.48999786376952,127.81178,4.486837314794779,35.0090778036775,5.916846947798929,2.901971531635245,0.9768460219444182
2023-06-20,125.77999877929688,128.06479,4.486837314794779,35.0090778036775,5.916846947798929,2.901971531635245,0.9768460219444182
2023-06-21,124.83000183105467,128.2034,4.486837314794779,35.0090778036775,5.916846947798929,2.901971531635245,0.9768460219444182
2023-06-22,130.14999389648438,128.16306,4.486837314794779,35.0090778036775,5.916846947798929,2.901971531635245,0.9768460219444182
2023-06-23,129.3300018310547,128.56847,4.486837314794779,35.0090778036775,5.916846947798929,2.901971531635245,0.9768460219444182
2023-06-26,127.33000183105467,129.0933,4.486837314794779,35.0090778036775,5.916846947798929,2.901971531635245,0.9768460219444182
2023-06-27,129.17999267578125,129.4349,4.486837314794779,35.0090778036775,5.916846947798929,2.901971531635245,0.9768460219444182
2023-06-28,129.0399932861328,129.83028,4.486837314794779,35.0090778036775,5.916846947798929,2.901971531635245,0.9768460219444182
2023-06-29,127.90000152587889,130.19612,4.486837314794779,35.0090778036775,5.916846947798929,2.901971531635245,0.9768460219444182
2023-06-30,130.36000061035156,130.39226,4.486837314794779,35.0090778036775,5.916846947798929,2.901971531635245,0.9768460219444182
2023-07-03,130.22000122070312,130.72473,4.486837314794779,35.0090778036775,5.916846947798929,2.901971531635245,0.9768460219444182
2023-07-05,130.3800048828125,131.08104,4.486837314794779,35.0090778036775,5.916846947798929,2.901971531635245,0.9768460219444182
2023-07-06,128.36000061035156,131.4331,4.486837314794779,35.0090778036775,5.916846947798929,2.901971531635245,0.9768460219444182
2023-07-07,129.77999877929688,131.54044,4.486837314794779,35.0090778036775,5.916846947798929,2.901971531635245,0.9768460219444182
2023-07-10,127.12999725341795,131.646,4.486837314794779,35.0090778036775,5.916846947798929,2.901971531635245,0.9768460219444182
2023-07-11,128.77999877929688,131.4641,4.486837314794779,35.0090778036775,5.916846947798929,2.901971531635245,0.9768460219444182
2023-07-12,130.8000030517578,131.31052,4.486837314794779,35.0090778036775,5.916846947798929,2.901971531635245,0.9768460219444182
2023-07-13,134.3000030517578,131.38947,4.486837314794779,35.0090778036775,5.916846947798929,2.901971531635245,0.9768460219444182
2023-07-14,134.67999267578125,131.94855,4.486837314794779,35.0090778036775,5.916846947798929,2.901971531635245,0.9768460219444182
2023-07-17,133.55999755859375,132.76015,4.486837314794779,35.0090778036775,5.916846947798929,2.901971531635245,0.9768460219444182
2023-07-18,132.8300018310547,133.52197,4.486837314794779,35.0090778036775,5.916846947798929,2.901971531635245,0.9768460219444182
2023-07-19,135.36000061035156,134.10628,4.486837314794779,35.0090778036775,5.916846947798929,2.901971531635245,0.9768460219444182
2023-07-20,129.9600067138672,134.78905,4.486837314794779,35.0090778036775,5.916846947798929,2.901971531635245,0.9768460219444182
2023-07-21,130.0,134.89813,4.486837314794779,35.0090778036775,5.916846947798929,2.901971531635245,0.9768460219444182
2023-07-24,128.8000030517578,134.68562,4.486837314794779,35.0090778036775,5.916846947798929,2.901971531635245,0.9768460219444182
2023-07-25,129.1300048828125,134.18344,4.486837314794779,35.0090778036775,5.916846947798929,2.901971531635245,0.9768460219444182
2023-07-26,128.14999389648438,133.60132,4.486837314794779,35.0090778036775,5.916846947798929,2.901971531635245,0.9768460219444182
2023-07-27,128.25,132.93045,4.486837314794779,35.0090778036775,5.916846947798929,2.901971531635245,0.9768460219444182
2023-07-28,132.2100067138672,132.28938,4.486837314794779,35.0090778036775,5.916846947798929,2.901971531635245,0.9768460219444182
2023-07-31,133.67999267578125,132.13406,4.486837314794779,35.0090778036775,5.916846947798929,2.901971531635245,0.9768460219444182
2023-08-01,131.69000244140625,132.41542,4.486837314794779,35.0090778036775,5.916846947798929,2.901971531635245,0.9768460219444182
2023-08-02,128.2100067138672,132.7157,4.486837314794779,35.0090778036775,5.916846947798929,2.901971531635245,0.9768460219444182
2023-08-03,128.91000366210938,132.64702,4.486837314794779,35.0090778036775,5.916846947798929,2.901971531635245,0.9768460219444182
2023-08-04,139.57000732421875,132.45143,4.486837314794779,35.0090778036775,5.916846947798929,2.901971531635245,0.9768460219444182
2023-08-07,142.22000122070312,133.28835,4.486837314794779,35.0090778036775,5.916846947798929,2.901971531635245,0.9768460219444182
2023-08-08,139.94000244140625,134.88193,4.486837314794779,35.0090778036775,5.916846947798929,2.901971531635245,0.9768460219444182
2023-08-09,137.85000610351562,136.51549,4.486837314794779,35.0090778036775,5.916846947798929,2.901971531635245,0.9768460219444182
2023-08-10,138.55999755859375,137.7995,4.486837314794779,35.0090778036775,5.916846947798929,2.901971531635245,0.9768460219444182
2023-08-11,138.41000366210938,138.82857,4.486837314794779,35.0090778036775,5.916846947798929,2.901971531635245,0.9768460219444182
2023-08-14,140.57000732421875,139.58618,4.486837314794779,35.0090778036775,5.916846947798929,2.901971531635245,0.9768460219444182
2023-08-15,137.6699981689453,140.3326,4.486837314794779,35.0090778036775,5.916846947798929,2.901971531635245,0.9768460219444182
2023-08-16,135.07000732421875,140.69241,4.486837314794779,35.0090778036775,5.916846947798929,2.901971531635245,0.9768460219444182
2023-08-17,133.97999572753906,140.53693,4.486837314794779,35.0090778036775,5.916846947798929,2.901971531635245,0.9768460219444182
2023-08-18,133.22000122070312,139.99596,4.486837314794779,35.0090778036775,5.916846947798929,2.901971531635245,0.9768460219444182
2023-08-21,134.67999267578125,139.21179,4.486837314794779,35.0090778036775,5.916846947798929,2.901971531635245,0.9768460219444182
2023-08-22,134.25,138.51785,4.486837314794779,35.0090778036775,5.916846947798929,2.901971531635245,0.9768460219444182
2023-08-23,135.52000427246094,137.89769,4.486837314794779,35.0090778036775,5.916846947798929,2.901971531635245,0.9768460219444182
2023-08-24,131.83999633789062,137.5153,4.486837314794779,35.0090778036775,5.916846947798929,2.901971531635245,0.9768460219444182
2023-08-25,133.25999450683594,136.92868,4.486837314794779,35.0090778036775,5.916846947798929,2.901971531635245,0.9768460219444182
2023-08-28,133.13999938964844,136.4398,4.486837314794779,35.0090778036775,5.916846947798929,2.901971531635245,0.9768460219444182
2023-08-29,134.91000366210938,136.03783,4.486837314794779,35.0090778036775,5.916846947798929,2.901971531635245,0.9768460219444182
2023-08-30,135.07000732421875,135.90796,4.486837314794779,35.0090778036775,5.916846947798929,2.901971531635245,0.9768460219444182
2023-08-31,138.00999450683594,135.95941,4.486837314794779,35.0090778036775,5.916846947798929,2.901971531635245,0.9768460219444182
2023-09-01,138.1199951171875,136.412,4.486837314794779,35.0090778036775,5.916846947798929,2.901971531635245,0.9768460219444182
2023-09-05,137.27000427246094,137.0534,4.486837314794779,35.0090778036775,5.916846947798929,2.901971531635245,0.9768460219444182
2023-09-06,135.36000061035156,137.65244,4.486837314794779,35.0090778036775,5.916846947798929,2.901971531635245,0.9768460219444182
2023-09-07,137.85000610351562,137.9726,4.486837314794779,35.0090778036775,5.916846947798929,2.901971531635245,0.9768460219444182
2023-09-08,138.22999572753906,138.35948,4.486837314794779,35.0090778036775,5.916846947798929,2.901971531635245,0.9768460219444182
2023-09-11,143.10000610351562,138.77588,4.486837314794779,35.0090778036775,5.916846947798929,2.901971531635245,0.9768460219444182
2023-09-12,141.22999572753906,139.66765,4.486837314794779,35.0090778036775,5.916846947798929,2.901971531635245,0.9768460219444182
2023-09-13,144.85000610351562,140.53717,4.486837314794779,35.0090778036775,5.916846947798929,2.901971531635245,0.9768460219444182
2023-09-14,144.72000122070312,141.68675,4.486837314794779,35.0090778036775,5.916846947798929,2.901971531635245,0.9768460219444182
2023-09-15,140.38999938964844,142.85577,4.486837314794779,35.0090778036775,5.916846947798929,2.901971531635245,0.9768460219444182
2023-09-18,139.97999572753906,143.47282,4.486837314794779,35.0090778036775,5.916846947798929,2.901971531635245,0.9768460219444182
2023-09-19,137.6300048828125,143.681,4.486837314794779,35.0090778036775,5.916846947798929,2.901971531635245,0.9768460219444182
2023-09-20,135.2899932861328,143.39001,4.486837314794779,35.0090778036775,5.916846947798929,2.901971531635245,0.9768460219444182
2023-09-21,129.3300018310547,142.60828,4.486837314794779,35.0090778036775,5.916846947798929,2.901971531635245,0.9768460219444182
2023-09-22,129.1199951171875,141.02013,4.486837314794779,35.0090778036775,5.916846947798929,2.901971531635245,0.9768460219444182
2023-09-25,131.27000427246094,139.12419,4.486837314794779,35.0090778036775,5.916846947798929,2.901971531635245,0.9768460219444182
2023-09-26,125.9800033569336,137.4579,4.486837314794779,35.0090778036775,5.916846947798929,2.901971531635245,0.9768460219444182
2023-09-27,125.9800033569336,135.54611,4.486837314794779,35.0090778036775,5.916846947798929,2.901971531635245,0.9768460219444182
2023-09-28,125.9800033569336,133.70168,4.486837314794779,35.0090778036775,5.916846947798929,2.901971531635245,0.9768460219444182
2023-09-29,127.12000274658205,132.07837,4.486837314794779,35.0090778036775,5.916846947798929,2.901971531635245,0.9768460219444182
2023-10-02,129.4600067138672,130.86089,4.486837314794779,35.0090778036775,5.916846947798929,2.901971531635245,0.9768460219444182
2023-10-03,124.72000122070312,130.23547,4.486837314794779,35.0090778036775,5.916846947798929,2.901971531635245,0.9768460219444182
2023-10-04,127.00000000000001,129.52672,4.486837314794779,35.0090778036775,5.916846947798929,2.901971531635245,0.9768460219444182
2023-10-05,125.95999908447266,129.08626,4.486837314794779,35.0090778036775,5.916846947798929,2.901971531635245,0.9768460219444182
2023-10-06,127.95999908447264,128.7301,4.486837314794779,35.0090778036775,5.916846947798929,2.901971531635245,0.9768460219444182
2023-10-09,128.25999450683594,128.66501,4.486837314794779,35.0090778036775,5.916846947798929,2.901971531635245,0.9768460219444182
2023-10-10,129.47999572753906,128.79967,4.486837314794779,35.0090778036775,5.916846947798929,2.901971531635245,0.9768460219444182
2023-10-11,131.8300018310547,129.1611,4.486837314794779,35.0090778036775,5.916846947798929,2.901971531635245,0.9768460219444182
2023-10-12,132.3300018310547,129.85489,4.486837314794779,35.0090778036775,5.916846947798929,2.901971531635245,0.9768460219444182
2023-10-13,129.7899932861328,130.71698,4.486837314794779,35.0090778036775,5.916846947798929,2.901971531635245,0.9768460219444182
2023-10-16,132.5500030517578,131.32945,4.486837314794779,35.0090778036775,5.916846947798929,2.901971531635245,0.9768460219444182
2023-10-17,131.47000122070312,132.02548,4.486837314794779,35.0090778036775,5.916846947798929,2.901971531635245,0.9768460219444182
2023-10-18,128.1300048828125,132.58026,4.486837314794779,35.0090778036775,5.916846947798929,2.901971531635245,0.9768460219444182
2023-10-19,128.39999389648438,132.66006,4.486837314794779,35.0090778036775,5.916846947798929,2.901971531635245,0.9768460219444182
2023-10-20,125.16999816894533,132.49442,4.486837314794779,35.0090778036775,5.916846947798929,2.901971531635245,0.9768460219444182
2023-10-23,126.55999755859376,131.87186,4.486837314794779,35.0090778036775,5.916846947798929,2.901971531635245,0.9768460219444182
2023-10-24,128.55999755859375,131.1989,4.486837314794779,35.0090778036775,5.916846947798929,2.901971531635245,0.9768460219444182
2023-10-25,121.38999938964844,130.76353,4.486837314794779,35.0090778036775,5.916846947798929,2.901971531635245,0.9768460219444182
2023-10-26,119.56999969482422,129.77466,4.486837314794779,35.0090778036775,5.916846947798929,2.901971531635245,0.9768460219444182
2023-10-27,127.7399978637695,128.40105,4.486837314794779,35.0090778036775,5.916846947798929,2.901971531635245,0.9768460219444182
2023-10-30,132.7100067138672,127.77409,4.486837314794779,35.0090778036775,5.916846947798929,2.901971531635245,0.9768460219444182
2023-10-31,133.08999633789062,128.12761,4.486837314794779,35.0090778036775,5.916846947798929,2.901971531635245,0.9768460219444182
2023-11-01,137.0,129.04564,4.486837314794779,35.0090778036775,5.916846947798929,2.901971531635245,0.9768460219444182
2023-11-02,138.07000732421875,130.60176,4.486837314794779,35.0090778036775,5.916846947798929,2.901971531635245,0.9768460219444182
2023-11-03,138.60000610351562,132.46957,4.486837314794779,35.0090778036775,5.916846947798929,2.901971531635245,0.9768460219444182
2023-11-06,139.74000549316406,134.3802,4.486837314794779,35.0090778036775,5.916846947798929,2.901971531635245,0.9768460219444182
2023-11-07,142.7100067138672,136.23639,4.486837314794779,35.0090778036775,5.916846947798929,2.901971531635245,0.9768460219444182
2023-11-08,142.0800018310547,138.17407,4.486837314794779,35.0090778036775,5.916846947798929,2.901971531635245,0.9768460219444182
2023-11-09,140.60000610351562,139.88768,4.486837314794779,35.0090778036775,5.916846947798929,2.901971531635245,0.9768460219444182
2023-11-10,143.55999755859375,141.14833,4.486837314794779,35.0090778036775,5.916846947798929,2.901971531635245,0.9768460219444182
2023-11-13,142.58999633789062,142.32932,4.486837314794779,35.0090778036775,5.916846947798929,2.901971531635245,0.9768460219444182
2023-11-14,145.8000030517578,143.23457,4.486837314794779,35.0090778036775,5.916846947798929,2.901971531635245,0.9768460219444182
2023-11-15,143.1999969482422,144.22475,4.486837314794779,35.0090778036775,5.916846947798929,2.901971531635245,0.9768460219444182
2023-11-16,142.8300018310547,144.8853,4.486837314794779,35.0090778036775,5.916846947798929,2.901971531635245,0.9768460219444182
2023-11-17,145.17999267578125,145.26143,4.486837314794779,35.0090778036775,5.916846947798929,2.901971531635245,0.9768460219444182
2023-11-20,146.1300048828125,145.67781,4.486837314794779,35.0090778036775,5.916846947798929,2.901971531635245,0.9768460219444182
2023-11-21,143.89999389648438,146.16487,4.486837314794779,35.0090778036775,5.916846947798929,2.901971531635245,0.9768460219444182
2023-11-22,146.7100067138672,146.41148,4.486837314794779,35.0090778036775,5.916846947798929,2.901971531635245,0.9768460219444182
2023-11-24,146.74000549316406,146.79205,4.486837314794779,35.0090778036775,5.916846947798929,2.901971531635245,0.9768460219444182
2023-11-27,147.72999572753906,147.20338,4.486837314794779,35.0090778036775,5.916846947798929,2.901971531635245,0.9768460219444182
2023-11-28,147.02999877929688,147.69331,4.486837314794779,35.0090778036775,5.916846947798929,2.901971531635245,0.9768460219444182
2023-11-29,146.32000732421875,148.10295,4.486837314794779,35.0090778036775,5.916846947798929,2.901971531635245,0.9768460219444182
2023-11-30,146.08999633789062,148.3538,4.486837314794779,35.0090778036775,5.916846947798929,2.901971531635245,0.9768460219444182
2023-12-01,147.02999877929688,148.46564,4.486837314794779,35.0090778036775,5.916846947798929,2.901971531635245,0.9768460219444182
2023-12-04,144.83999633789062,148.58275,4.486837314794779,35.0090778036775,5.916846947798929,2.901971531635245,0.9768460219444182
2023-12-05,146.8800048828125,148.4617,4.486837314794779,35.0090778036775,5.916846947798929,2.901971531635245,0.9768460219444182
2023-12-06,144.52000427246094,148.4338,4.486837314794779,35.0090778036775,5.916846947798929,2.901971531635245,0.9768460219444182
2023-12-07,146.8800048828125,148.2113,4.486837314794779,35.0090778036775,5.916846947798929,2.901971531635245,0.9768460219444182
2023-12-08,147.4199981689453,148.15117,4.486837314794779,35.0090778036775,5.916846947798929,2.901971531635245,0.9768460219444182
2023-12-11,145.88999938964844,148.23715,4.486837314794779,35.0090778036775,5.916846947798929,2.901971531635245,0.9768460219444182
2023-12-12,147.47999572753906,148.2401,4.486837314794779,35.0090778036775,5.916846947798929,2.901971531635245,0.9768460219444182
2023-12-13,148.83999633789062,148.36424,4.486837314794779,35.0090778036775,5.916846947798929,2.901971531635245,0.9768460219444182
2023-12-14,147.4199981689453,148.67929,4.486837314794779,35.0090778036775,5.916846947798929,2.901971531635245,0.9768460219444182
2023-12-15,149.97000122070312,148.9215,4.486837314794779,35.0090778036775,5.916846947798929,2.901971531635245,0.9768460219444182
2023-12-18,154.07000732421875,149.36545,4.486837314794779,35.0090778036775,5.916846947798929,2.901971531635245,0.9768460219444182
2023-12-19,153.7899932861328,150.29385,4.486837314794779,35.0090778036775,5.916846947798929,2.901971531635245,0.9768460219444182
2023-12-20,152.1199951171875,151.36423,4.486837314794779,35.0090778036775,5.916846947798929,2.901971531635245,0.9768460219444182
2023-12-21,153.83999633789062,152.23697,4.486837314794779,35.0090778036775,5.916846947798929,2.901971531635245,0.9768460219444182
2023-12-22,153.4199981689453,153.09016,4.486837314794779,35.0090778036775,5.916846947798929,2.901971531635245,0.9768460219444182
2023-12-26,153.41000366210938,153.79369,4.486837314794779,35.0090778036775,5.916846947798929,2.901971531635245,0.9768460219444182
2023-12-27,153.33999633789062,154.34004,4.486837314794779,35.0090778036775,5.916846947798929,2.901971531635245,0.9768460219444182
2023-12-28,153.3800048828125,154.73282,4.486837314794779,35.0090778036775,5.916846947798929,2.901971531635245,0.9768460219444182
2023-12-29,151.94000244140625,155.00168,4.486837314794779,35.0090778036775,5.916846947798929,2.901971531635245,0.9768460219444182
2024-01-02,149.92999267578125,155.02325,4.486837314794779,35.0090778036775,5.916846947798929,2.901971531635245,0.9768460219444182
2024-01-03,148.47000122070312,154.69885,4.486837314794779,35.0090778036775,5.916846947798929,2.901971531635245,0.9768460219444182
2024-01-04,144.57000732421875,154.06543,4.486837314794779,35.0090778036775,5.916846947798929,2.901971531635245,0.9768460219444182
2024-01-05,145.24000549316406,152.92215,4.486837314794779,35.0090778036775,5.916846947798929,2.901971531635245,0.9768460219444182
2024-01-08,149.10000610351562,151.6846,4.486837314794779,35.0090778036775,5.916846947798929,2.901971531635245,0.9768460219444182
2024-01-09,151.3699951171875,150.91077,4.486837314794779,35.0090778036775,5.916846947798929,2.901971531635245,0.9768460219444182
2024-01-10,153.72999572753906,150.70325,4.486837314794779,35.0090778036775,5.916846947798929,2.901971531635245,0.9768460219444182
2024-01-11,155.17999267578125,151.08134,4.486837314794779,35.0090778036775,5.916846947798929,2.901971531635245,0.9768460219444182
2024-01-12,154.6199951171875,151.90134,4.486837314794779,35.0090778036775,5.916846947798929,2.901971531635245,0.9768460219444182
2024-01-16,153.16000366210938,152.82956,4.486837314794779,35.0090778036775,5.916846947798929,2.901971531635245,0.9768460219444182
2024-01-17,151.7100067138672,153.57559,4.486837314794779,35.0090778036775,5.916846947798929,2.901971531635245,0.9768460219444182
2024-01-18,153.5,153.99438,4.486837314794779,35.0090778036775,5.916846947798929,2.901971531635245,0.9768460219444182
2024-01-19,155.33999633789062,154.37064,4.486837314794779,35.0090778036775,5.916846947798929,2.901971531635245,0.9768460219444182
2024-01-22,154.77999877929688,154.86613,4.486837314794779,35.0090778036775,5.916846947798929,2.901971531635245,0.9768460219444182
2024-01-23,156.02000427246094,155.31581,4.486837314794779,35.0090778036775,5.916846947798929,2.901971531635245,0.9768460219444182
2024-01-24,156.8699951171875,155.82484,4.486837314794779,35.0090778036775,5.916846947798929,2.901971531635245,0.9768460219444182
2024-01-25,157.75,156.39949,4.486837314794779,35.0090778036775,5.916846947798929,2.901971531635245,0.9768460219444182
2024-01-26,159.1199951171875,157.04158,4.486837314794779,35.0090778036775,5.916846947798929,2.901971531635245,0.9768460219444182
2024-01-29,161.25999450683594,157.79562,4.486837314794779,35.0090778036775,5.916846947798929,2.901971531635245,0.9768460219444182
2024-01-30,159.0,158.7536,4.486837314794779,35.0090778036775,5.916846947798929,2.901971531635245,0.9768460219444182
2024-01-31,155.1999969482422,159.48827,4.486837314794779,35.0090778036775,5.916846947798929,2.901971531635245,0.9768460219444182
2024-02-01,159.27999877929688,159.63573,4.486837314794779,35.0090778036775,5.916846947798929,2.901971531635245,0.9768460219444182
2024-02-02,171.80999755859375,159.86694,4.486837314794779,35.0090778036775,5.916846947798929,2.901971531635245,0.9768460219444182
2024-02-05,170.30999755859375,161.40387,4.486837314794779,35.0090778036775,5.916846947798929,2.901971531635245,0.9768460219444182
2024-02-06,169.14999389648438,163.32985,4.486837314794779,35.0090778036775,5.916846947798929,2.901971531635245,0.9768460219444182
2024-02-07,170.52999877929688,165.17123,4.486837314794779,35.0090778036775,5.916846947798929,2.901971531635245,0.9768460219444182
2024-02-08,169.83999633789062,166.9211,4.486837314794779,35.0090778036775,5.916846947798929,2.901971531635245,0.9768460219444182
2024-02-09,174.4499969482422,168.3572,4.486837314794779,35.0090778036775,5.916846947798929,2.901971531635245,0.9768460219444182
2024-02-12,172.33999633789062,169.94731,4.486837314794779,35.0090778036775,5.916846947798929,2.901971531635245,0.9768460219444182
2024-02-13,168.63999938964844,171.21954,4.486837314794779,35.0090778036775,5.916846947798929,2.901971531635245,0.9768460219444182
2024-02-14,170.97999572753906,171.80424,4.486837314794779,35.0090778036775,5.916846947798929,2.901971531635245,0.9768460219444182
2024-02-15,169.8000030517578,172.19463,4.486837314794779,35.0090778036775,5.916846947798929,2.901971531635245,0.9768460219444182
2024-02-16,169.50999450683594,172.29851,4.486837314794779,35.0090778036775,5.916846947798929,2.901971531635245,0.9768460219444182
2024-02-20,167.0800018310547,172.20428,4.486837314794779,35.0090778036775,5.916846947798929,2.901971531635245,0.9768460219444182
2024-02-21,168.58999633789062,171.75566,4.486837314794779,35.0090778036775,5.916846947798929,2.901971531635245,0.9768460219444182
2024-02-22,174.5800018310547,171.3184,4.486837314794779,35.0090778036775,5.916846947798929,2.901971531635245,0.9768460219444182
2024-02-23,174.99000549316406,171.54683,4.486837314794779,35.0090778036775,5.916846947798929,2.901971531635245,0.9768460219444182
2024-02-26,174.72999572753906,172.14986,4.486837314794779,35.0090778036775,5.916846947798929,2.901971531635245,0.9768460219444182
2024-02-27,173.5399932861328,172.87906,4.486837314794779,35.0090778036775,5.916846947798929,2.901971531635245,0.9768460219444182
2024-02-28,173.16000366210938,173.48198,4.486837314794779,35.0090778036775,5.916846947798929,2.901971531635245,0.9768460219444182
2024-02-29,176.75999450683594,173.9147,4.486837314794779,35.0090778036775,5.916846947798929,2.901971531635245,0.9768460219444182
2024-03-01,178.22000122070312,174.57985,4.486837314794779,35.0090778036775,5.916846947798929,2.901971531635245,0.9768460219444182
2024-03-04,177.5800018310547,175.44342,4.486837314794779,35.0090778036775,5.916846947798929,2.901971531635245,0.9768460219444182
2024-03-05,174.1199951171875,176.25858,4.486837314794779,35.0090778036775,5.916846947798929,2.901971531635245,0.9768460219444182
2024-03-06,173.50999450683594,176.60446,4.486837314794779,35.0090778036775,5.916846947798929,2.901971531635245,0.9768460219444182
2024-03-07,176.82000732421875,176.59879,4.486837314794779,35.0090778036775,5.916846947798929,2.901971531635245,0.9768460219444182
2024-03-08,175.35000610351562,176.73795,4.486837314794779,35.0090778036775,5.916846947798929,2.901971531635245,0.9768460219444182
2024-03-11,171.9600067138672,176.77644,4.486837314794779,35.0090778036775,5.916846947798929,2.901971531635245,0.9768460219444182
2024-03-12,175.38999938964844,176.40988,4.486837314794779,35.0090778036775,5.916846947798929,2.901971531635245,0.9768460219444182
2024-03-13,176.55999755859375,176.22205,4.486837314794779,35.0090778036775,5.916846947798929,2.901971531635245,0.9768460219444182
2024-03-14,178.75,176.25981,4.486837314794779,35.0090778036775,5.916846947798929,2.901971531635245,0.9768460219444182
2024-03-15,174.4199981689453,176.64684,4.486837314794779,35.0090778036775,5.916846947798929,2.901971531635245,0.9768460219444182
2024-03-18,174.47999572753906,176.73329,4.486837314794779,35.0090778036775,5.916846947798929,2.901971531635245,0.9768460219444182
2024-03-19,175.89999389648438,176.66655,4.486837314794779,35.0090778036775,5.916846947798929,2.901971531635245,0.9768460219444182
2024-03-20,178.14999389648438,176.66403,4.486837314794779,35.0090778036775,5.916846947798929,2.901971531635245,0.9768460219444182
2024-03-21,178.14999389648438,176.9253,4.486837314794779,35.0090778036775,5.916846947798929,2.901971531635245,0.9768460219444182
2024-03-22,178.8699951171875,177.30025,4.486837314794779,35.0090778036775,5.916846947798929,2.901971531635245,0.9768460219444182
2024-03-25,179.7100067138672,177.7774,4.486837314794779,35.0090778036775,5.916846947798929,2.901971531635245,0.9768460219444182
2024-03-26,178.3000030517578,178.34743,4.486837314794779,35.0090778036775,5.916846947798929,2.901971531635245,0.9768460219444182
2024-03-27,179.8300018310547,178.76033,4.486837314794779,35.0090778036775,5.916846947798929,2.901971531635245,0.9768460219444182
2024-03-28,180.3800048828125,179.20673,4.486837314794779,35.0090778036775,5.916846947798929,2.901971531635245,0.9768460219444182
2024-04-01,180.97000122070312,179.67487,4.486837314794779,35.0090778036775,5.916846947798929,2.901971531635245,0.9768460219444182
2024-04-02,180.69000244140625,180.16605,4.486837314794779,35.0090778036775,5.916846947798929,2.901971531635245,0.9768460219444182
2024-04-03,182.41000366210935,180.58748,4.486837314794779,35.0090778036775,5.916846947798929,2.901971531635245,0.9768460219444182
2024-04-04,180.0,181.1062,4.486837314794779,35.0090778036775,5.916846947798929,2.901971531635245,0.9768460219444182
2024-04-05,185.07000732421875,181.3666,4.486837314794779,35.0090778036775,5.916846947798929,2.901971531635245,0.9768460219444182
2024-04-08,185.19000244140625,181.99368,4.486837314794779,35.0090778036775,5.916846947798929,2.901971531635245,0.9768460219444182
2024-04-09,185.6699981689453,182.75124,4.486837314794779,35.0090778036775,5.916846947798929,2.901971531635245,0.9768460219444182
2024-04-10,185.9499969482422,183.55583,4.486837314794779,35.0090778036775,5.916846947798929,2.901971531635245,0.9768460219444182
2024-04-11,189.0500030517578,184.33018,4.486837314794779,35.0090778036775,5.916846947798929,2.901971531635245,0.9768460219444182
2024-04-12,186.1300048828125,185.32863,4.486837314794779,35.0090778036775,5.916846947798929,2.901971531635245,0.9768460219444182
2024-04-15,183.6199951171875,186.02916,4.486837314794779,35.0090778036775,5.916846947798929,2.901971531635245,0.9768460219444182
2024-04-16,183.32000732421875,186.24057,4.486837314794779,35.0090778036775,5.916846947798929,2.901971531635245,0.9768460219444182
2024-04-17,181.27999877929688,186.13155,4.486837314794779,35.0090778036775,5.916846947798929,2.901971531635245,0.9768460219444182
2024-04-18,179.22000122070312,185.63872,4.486837314794779,35.0090778036775,5.916846947798929,2.901971531635245,0.9768460219444182
2024-04-19,174.6300048828125,184.77455,4.486837314794779,35.0090778036775,5.916846947798929,2.901971531635245,0.9768460219444182
2024-04-22,177.22999572753906,183.32144,4.486837314794779,35.0090778036775,5.916846947798929,2.901971531635245,0.9768460219444182
2024-04-23,179.5399932861328,181.97556,4.486837314794779,35.0090778036775,5.916846947798929,2.901971531635245,0.9768460219444182
2024-04-24,176.58999633789062,181.05505,4.486837314794779,35.0090778036775,5.916846947798929,2.901971531635245,0.9768460219444182
2024-04-25,173.6699981689453,180.15685,4.486837314794779,35.0090778036775,5.916846947798929,2.901971531635245,0.9768460219444182
2024-04-26,179.6199951171875,179.07738,4.486837314794779,35.0090778036775,5.916846947798929,2.901971531635245,0.9768460219444182
2024-04-29,180.9600067138672,178.6369,4.486837314794779,35.0090778036775,5.916846947798929,2.901971531635245,0.9768460219444182
2024-04-30,175.0,178.71646,4.486837314794779,35.0090778036775,5.916846947798929,2.901971531635245,0.9768460219444182
2024-05-01,179.0,178.46101,4.486837314794779,35.0090778036775,5.916846947798929,2.901971531635245,0.9768460219444182
2024-05-02,184.72000122070312,178.48587,4.486837314794779,35.0090778036775,5.916846947798929,2.901971531635245,0.9768460219444182
2024-05-03,186.2100067138672,179.2417,4.486837314794779,35.0090778036775,5.916846947798929,2.901971531635245,0.9768460219444182
2024-05-06,188.6999969482422,180.46626,4.486837314794779,35.0090778036775,5.916846947798929,2.901971531635245,0.9768460219444182
2024-05-07,188.75999450683597,182.08649,4.486837314794779,35.0090778036775,5.916846947798929,2.901971531635245,0.9768460219444182
2024-05-08,188.0,183.7574,4.486837314794779,35.0090778036775,5.916846947798929,2.901971531635245,0.9768460219444182
2024-05-09,189.5,185.20232,4.486837314794779,35.0090778036775,5.916846947798929,2.901971531635245,0.9768460219444182
2024-05-10,187.47999572753903,186.52687,4.486837314794779,35.0090778036775,5.916846947798929,2.901971531635245,0.9768460219444182
2024-05-13,186.57000732421875,187.42404,4.486837314794779,35.0090778036775,5.916846947798929,2.901971531635245,0.9768460219444182
2024-05-14,187.07000732421875,187.89984,4.486837314794779,35.0090778036775,5.916846947798929,2.901971531635245,0.9768460219444182
2024-05-15,185.9900054931641,188.14243,4.486837314794779,35.0090778036775,5.916846947798929,2.901971531635245,0.9768460219444182
2024-05-16,183.6300048828125,188.11159,4.486837314794779,35.0090778036775,5.916846947798929,2.901971531635245,0.9768460219444182
2024-05-17,184.6999969482422,187.68878,4.486837314794779,35.0090778036775,5.916846947798929,2.901971531635245,0.9768460219444182
2024-05-20,183.5399932861328,187.21098,4.486837314794779,35.0090778036775,5.916846947798929,2.901971531635245,0.9768460219444182
2024-05-21,183.1499938964844,186.62451,4.486837314794779,35.0090778036775,5.916846947798929,2.901971531635245,0.9768460219444182
2024-05-22,183.1300048828125,186.0034,4.486837314794779,35.0090778036775,5.916846947798929,2.901971531635245,0.9768460219444182
2024-05-23,181.0500030517578,185.42693,4.486837314794779,35.0090778036775,5.916846947798929,2.901971531635245,0.9768460219444182
2024-05-24,180.75,184.71925,4.486837314794779,35.0090778036775,5.916846947798929,2.901971531635245,0.9768460219444182
2024-05-28,182.1499938964844,183.98961,4.486837314794779,35.0090778036775,5.916846947798929,2.901971531635245,0.9768460219444182
2024-05-29,182.0200042724609,183.46912,4.486837314794779,35.0090778036775,5.916846947798929,2.901971531635245,0.9768460219444182
2024-05-30,179.32000732421875,183.10112,4.486837314794779,35.0090778036775,5.916846947798929,2.901971531635245,0.9768460219444182
2024-05-31,176.44000244140625,182.57857,4.486837314794779,35.0090778036775,5.916846947798929,2.901971531635245,0.9768460219444182
2024-06-03,178.33999633789062,181.73587,4.486837314794779,35.0090778036775,5.916846947798929,2.901971531635245,0.9768460219444182
2024-06-04,179.33999633789062,181.00798,4.486837314794779,35.0090778036775,5.916846947798929,2.901971531635245,0.9768460219444182
2024-06-05,181.27999877929688,180.51393,4.486837314794779,35.0090778036775,5.916846947798929,2.901971531635245,0.9768460219444182
2024-06-06,185.0,180.40271,4.486837314794779,35.0090778036775,5.916846947798929,2.901971531635245,0.9768460219444182
2024-06-07,184.3000030517578,180.90096,4.486837314794779,35.0090778036775,5.916846947798929,2.901971531635245,0.9768460219444182
2024-06-10,187.05999755859372,181.60576,4.486837314794779,35.0090778036775,5.916846947798929,2.901971531635245,0.9768460219444182
2024-06-11,187.22999572753903,182.64812,4.486837314794779,35.0090778036775,5.916846947798929,2.901971531635245,0.9768460219444182
2024-06-12,186.88999938964844,183.77759,4.486837314794779,35.0090778036775,5.916846947798929,2.901971531635245,0.9768460219444182
2024-06-13,183.8300018310547,184.80258,4.486837314794779,35.0090778036775,5.916846947798929,2.901971531635245,0.9768460219444182
2024-06-14,183.66000366210935,185.3423,4.486837314794779,35.0090778036775,5.916846947798929,2.901971531635245,0.9768460219444182
2024-06-17,184.05999755859372,185.5465,4.486837314794779,35.0090778036775,5.916846947798929,2.901971531635245,0.9768460219444182
2024-06-18,182.80999755859372,185.57924,4.486837314794779,35.0090778036775,5.916846947798929,2.901971531635245,0.9768460219444182
2024-06-20,186.1000061035156,185.37866,4.486837314794779,35.0090778036775,5.916846947798929,2.901971531635245,0.9768460219444182
2024-06-21,189.0800018310547,185.41628,4.486837314794779,35.0090778036775,5.916846947798929,2.901971531635245,0.9768460219444182
2024-06-24,185.57000732421875,185.8803,4.486837314794779,35.0090778036775,5.916846947798929,2.901971531635245,0.9768460219444182
2024-06-25,186.33999633789065,186.15958,4.486837314794779,35.0090778036775,5.916846947798929,2.901971531635245,0.9768460219444182
2024-06-26,193.6100006103516,186.4045,4.486837314794779,35.0090778036775,5.916846947798929,2.901971531635245,0.9768460219444182
2024-06-27,197.8500061035156,187.3581,4.486837314794779,35.0090778036775,5.916846947798929,2.901971531635245,0.9768460219444182
2024-06-28,193.25,189.02242,4.486837314794779,35.0090778036775,5.916846947798929,2.901971531635245,0.9768460219444182
2024-07-01,197.1999969482422,190.41545,4.486837314794779,35.0090778036775,5.916846947798929,2.901971531635245,0.9768460219444182
2024-07-02,200.0,191.94702,4.486837314794779,35.0090778036775,5.916846947798929,2.901971531635245,0.9768460219444182
2024-07-03,197.58999633789065,193.66539,4.486837314794779,35.0090778036775,5.916846947798929,2.901971531635245,0.9768460219444182
2024-07-05,200.0,195.04088,4.486837314794779,35.0090778036775,5.916846947798929,2.901971531635245,0.9768460219444182
2024-07-08,199.2899932861328,196.34303,4.486837314794779,35.0090778036775,5.916846947798929,2.901971531635245,0.9768460219444182
2024-07-09,199.33999633789065,197.37659,4.486837314794779,35.0090778036775,5.916846947798929,2.901971531635245,0.9768460219444182
2024-07-10,199.7899932861328,198.15855,4.486837314794779,35.0090778036775,5.916846947798929,2.901971531635245,0.9768460219444182
2024-07-11,195.0500030517578,198.76178,4.486837314794779,35.0090778036775,5.916846947798929,2.901971531635245,0.9768460219444182
2024-07-12,194.4900054931641,198.70125,4.486837314794779,35.0090778036775,5.916846947798929,2.901971531635245,0.9768460219444182
2024-07-15,192.72000122070312,198.23961,4.486837314794779,35.0090778036775,5.916846947798929,2.901971531635245,0.9768460219444182
2024-07-16,193.0200042724609,197.41502,4.486837314794779,35.0090778036775,5.916846947798929,2.901971531635245,0.9768460219444182
2024-07-17,187.92999267578125,196.51186,4.486837314794779,35.0090778036775,5.916846947798929,2.901971531635245,0.9768460219444182
2024-07-18,183.75,195.12563,4.486837314794779,35.0090778036775,5.916846947798929,2.901971531635245,0.9768460219444182
2024-07-19,183.1300048828125,193.20364,4.486837314794779,35.0090778036775,5.916846947798929,2.901971531635245,0.9768460219444182
2024-07-22,182.5500030517578,191.13326,4.486837314794779,35.0090778036775,5.916846947798929,2.901971531635245,0.9768460219444182
2024-07-23,186.41000366210935,189.13394,4.486837314794779,35.0090778036775,5.916846947798929,2.901971531635245,0.9768460219444182
2024-07-24,180.8300018310547,187.78658,4.486837314794779,35.0090778036775,5.916846947798929,2.901971531635245,0.9768460219444182
2024-07-25,179.85000610351562,186.35086,4.486837314794779,35.0090778036775,5.916846947798929,2.901971531635245,0.9768460219444182
2024-07-26,182.5,184.9432,4.486837314794779,35.0090778036775,5.916846947798929,2.901971531635245,0.9768460219444182
2024-07-29,183.1999969482422,183.97502,4.486837314794779,35.0090778036775,5.916846947798929,2.901971531635245,0.9768460219444182
2024-07-30,181.7100067138672,183.41666,4.486837314794779,35.0090778036775,5.916846947798929,2.901971531635245,0.9768460219444182
2024-07-31,186.97999572753903,182.99277,4.486837314794779,35.0090778036775,5.916846947798929,2.901971531635245,0.9768460219444182
2024-08-01,184.07000732421875,183.24657,4.486837314794779,35.0090778036775,5.916846947798929,2.901971531635245,0.9768460219444182
2024-08-02,167.89999389648438,183.53038,4.486837314794779,35.0090778036775,5.916846947798929,2.901971531635245,0.9768460219444182
2024-08-05,161.02000427246094,182.13622,4.486837314794779,35.0090778036775,5.916846947798929,2.901971531635245,0.9768460219444182
2024-08-06,161.92999267578125,179.2998,4.486837314794779,35.0090778036775,5.916846947798929,2.901971531635245,0.9768460219444182
2024-08-07,162.77000427246094,176.0516,4.486837314794779,35.0090778036775,5.916846947798929,2.901971531635245,0.9768460219444182
2024-08-08,165.8000030517578,172.97733,4.486837314794779,35.0090778036775,5.916846947798929,2.901971531635245,0.9768460219444182
2024-08-09,166.94000244140625,170.62677,4.486837314794779,35.0090778036775,5.916846947798929,2.901971531635245,0.9768460219444182
2024-08-12,166.8000030517578,169.03911,4.486837314794779,35.0090778036775,5.916846947798929,2.901971531635245,0.9768460219444182
2024-08-13,170.22999572753906,168.03667,4.486837314794779,35.0090778036775,5.916846947798929,2.901971531635245,0.9768460219444182
2024-08-14,170.10000610351562,167.8308,4.486837314794779,35.0090778036775,5.916846947798929,2.901971531635245,0.9768460219444182
2024-08-15,177.58999633789062,168.0751,4.486837314794779,35.0090778036775,5.916846947798929,2.901971531635245,0.9768460219444182
2024-08-16,177.05999755859375,169.33252,4.486837314794779,35.0090778036775,5.916846947798929,2.901971531635245,0.9768460219444182
2024-08-19,178.22000122070312,170.95247,4.486837314794779,35.0090778036775,5.916846947798929,2.901971531635245,0.9768460219444182
2024-08-20,178.8800048828125,172.73708,4.486837314794779,35.0090778036775,5.916846947798929,2.901971531635245,0.9768460219444182
2024-08-21,180.11000061035156,174.49252,4.486837314794779,35.0090778036775,5.916846947798929,2.901971531635245,0.9768460219444182
2024-08-22,176.1300048828125,176.17308,4.486837314794779,35.0090778036775,5.916846947798929,2.901971531635245,0.9768460219444182
2024-08-23,177.0399932861328,177.2143,4.486837314794779,35.0090778036775,5.916846947798929,2.901971531635245,0.9768460219444182
2024-08-26,175.5,177.8965,4.486837314794779,35.0090778036775,5.916846947798929,2.901971531635245,0.9768460219444182
2024-08-27,173.1199951171875,178.13692,4.486837314794779,35.0090778036775,5.916846947798929,2.901971531635245,0.9768460219444182
2024-08-28,170.8000030517578,177.86125,4.486837314794779,35.0090778036775,5.916846947798929,2.901971531635245,0.9768460219444182
2024-08-29,172.1199951171875,177.09062,4.486837314794779,35.0090778036775,5.916846947798929,2.901971531635245,0.9768460219444182
2024-08-30,178.5,176.26503,4.486837314794779,35.0090778036775,5.916846947798929,2.901971531635245,0.9768460219444182
2024-09-03,176.25,176.14964,4.486837314794779,35.0090778036775,5.916846947798929,2.901971531635245,0.9768460219444182
2024-09-04,173.3300018310547,176.1905,4.486837314794779,35.0090778036775,5.916846947798929,2.901971531635245,0.9768460219444182
2024-09-05,177.88999938964844,176.02725,4.486837314794779,35.0090778036775,5.916846947798929,2.901971531635245,0.9768460219444182
2024-09-06,171.38999938964844,176.2514,4.486837314794779,35.0090778036775,5.916846947798929,2.901971531635245,0.9768460219444182
2024-09-09,175.39999389648438,175.97418,4.486837314794779,35.0090778036775,5.916846947798929,2.901971531635245,0.9768460219444182
2024-09-10,179.5500030517578,175.88771,4.486837314794779,35.0090778036775,5.916846947798929,2.901971531635245,0.9768460219444182
2024-09-11,184.5200042724609,176.32886,4.486837314794779,35.0090778036775,5.916846947798929,2.901971531635245,0.9768460219444182
2024-09-12,187.0,177.5263,4.486837314794779,35.0090778036775,5.916846947798929,2.901971531635245,0.9768460219444182
2024-09-13,186.4900054931641,179.26974,4.486837314794779,35.0090778036775,5.916846947798929,2.901971531635245,0.9768460219444182
2024-09-16,184.88999938964844,181.07971,4.486837314794779,35.0090778036775,5.916846947798929,2.901971531635245,0.9768460219444182
2024-09-17,186.8800048828125,182.57321,4.486837314794779,35.0090778036775,5.916846947798929,2.901971531635245,0.9768460219444182
2024-09-18,186.42999267578125,183.94427,4.486837314794779,35.0090778036775,5.916846947798929,2.901971531635245,0.9768460219444182
2024-09-19,189.8699951171875,185.043,4.486837314794779,35.0090778036775,5.916846947798929,2.901971531635245,0.9768460219444182
2024-09-20,191.6000061035156,186.23392,4.486837314794779,35.0090778036775,5.916846947798929,2.901971531635245,0.9768460219444182
2024-09-23,193.8800048828125,187.5159,4.486837314794779,35.0090778036775,5.916846947798929,2.901971531635245,0.9768460219444182
2024-09-24,193.9600067138672,188.94681,4.486837314794779,35.0090778036775,5.916846947798929,2.901971531635245,0.9768460219444182
2024-09-25,192.52999877929688,190.30975,4.486837314794779,35.0090778036775,5.916846947798929,2.901971531635245,0.9768460219444182
2024-09-26,191.16000366210935,191.34131,4.486837314794779,35.0090778036775,5.916846947798929,2.901971531635245,0.9768460219444182
2024-09-27,187.97000122070312,191.94006,4.486837314794779,35.0090778036775,5.916846947798929,2.901971531635245,0.9768460219444182
2024-09-30,186.3300018310547,191.9029,4.486837314794779,35.0090778036775,5.916846947798929,2.901971531635245,0.9768460219444182
2024-10-01,185.1300048828125,191.35345,4.486837314794779,35.0090778036775,5.916846947798929,2.901971531635245,0.9768460219444182
2024-10-02,184.75999450683597,190.45235,4.486837314794779,35.0090778036775,5.916846947798929,2.901971531635245,0.9768460219444182
2024-10-03,181.9600067138672,189.41237,4.486837314794779,35.0090778036775,5.916846947798929,2.901971531635245,0.9768460219444182
2024-10-04,186.50999450683597,188.11195,4.486837314794779,35.0090778036775,5.916846947798929,2.901971531635245,0.9768460219444182
2024-10-07,180.8000030517578,187.2869,4.486837314794779,35.0090778036775,5.916846947798929,2.901971531635245,0.9768460219444182
2024-10-08,182.72000122070312,186.19965,4.486837314794779,35.0090778036775,5.916846947798929,2.901971531635245,0.9768460219444182
2024-10-09,185.1699981689453,185.30743,4.486837314794779,35.0090778036775,5.916846947798929,2.901971531635245,0.9768460219444182
2024-10-10,186.6499938964844,184.86157,4.486837314794779,35.0090778036775,5.916846947798929,2.901971531635245,0.9768460219444182
2024-10-11,188.82000732421875,184.85913,4.486837314794779,35.0090778036775,5.916846947798929,2.901971531635245,0.9768460219444182
2024-10-14,187.5399932861328,185.32996,4.486837314794779,35.0090778036775,5.916846947798929,2.901971531635245,0.9768460219444182
2024-10-15,187.69000244140625,185.87727,4.486837314794779,35.0090778036775,5.916846947798929,2.901971531635245,0.9768460219444182
2024-10-16,186.88999938964844,186.43336,4.486837314794779,35.0090778036775,5.916846947798929,2.901971531635245,0.9768460219444182
2024-10-17,187.52999877929688,186.85045,4.486837314794779,35.0090778036775,5.916846947798929,2.901971531635245,0.9768460219444182
2024-10-18,188.9900054931641,187.21492,4.486837314794779,35.0090778036775,5.916846947798929,2.901971531635245,0.9768460219444182
2024-10-21,189.07000732421875,187.65967,4.486837314794779,35.0090778036775,5.916846947798929,2.901971531635245,0.9768460219444182
2024-10-22,189.6999969482422,188.10472,4.486837314794779,35.0090778036775,5.916846947798929,2.901971531635245,0.9768460219444182
2024-10-23,184.7100067138672,188.56973,4.486837314794779,35.0090778036775,5.916846947798929,2.901971531635245,0.9768460219444182
2024-10-24,186.3800048828125,188.47351,4.486837314794779,35.0090778036775,5.916846947798929,2.901971531635245,0.9768460219444182
2024-10-25,187.8300018310547,188.26881,4.486837314794779,35.0090778036775,5.916846947798929,2.901971531635245,0.9768460219444182
2024-10-28,188.38999938964844,188.164,4.486837314794779,35.0090778036775,5.916846947798929,2.901971531635245,0.9768460219444182
2024-10-29,190.8300018310547,188.17877,4.486837314794779,35.0090778036775,5.916846947798929,2.901971531635245,0.9768460219444182
2024-10-30,192.72999572753903,188.51332,4.486837314794779,35.0090778036775,5.916846947798929,2.901971531635245,0.9768460219444182
2024-10-31,186.3999938964844,189.18167,4.486837314794779,35.0090778036775,5.916846947798929,2.901971531635245,0.9768460219444182
2024-11-01,197.92999267578125,189.29993,4.486837314794779,35.0090778036775,5.916846947798929,2.901971531635245,0.9768460219444182
2024-11-04,195.77999877929688,190.33188,4.486837314794779,35.0090778036775,5.916846947798929,2.901971531635245,0.9768460219444182
2024-11-05,199.5,191.4867,4.486837314794779,35.0090778036775,5.916846947798929,2.901971531635245,0.9768460219444182
2024-11-06,207.08999633789065,192.9958,4.486837314794779,35.0090778036775,5.916846947798929,2.901971531635245,0.9768460219444182
2024-11-07,210.0500030517578,195.32318,4.486837314794779,35.0090778036775,5.916846947798929,2.901971531635245,0.9768460219444182
2024-11-08,208.17999267578125,198.14006,4.486837314794779,35.0090778036775,5.916846947798929,2.901971531635245,0.9768460219444182
2024-11-11,206.83999633789065,200.72375,4.486837314794779,35.0090778036775,5.916846947798929,2.901971531635245,0.9768460219444182
2024-11-12,208.91000366210935,202.76935,4.486837314794779,35.0090778036775,5.916846947798929,2.901971531635245,0.9768460219444182
2024-11-13,214.1000061035156,204.51578,4.486837314794779,35.0090778036775,5.916846947798929,2.901971531635245,0.9768460219444182
2024-11-14,211.47999572753903,206.43886,4.486837314794779,35.0090778036775,5.916846947798929,2.901971531635245,0.9768460219444182
2024-11-15,202.6100006103516,207.95053,4.486837314794779,35.0090778036775,5.916846947798929,2.901971531635245,0.9768460219444182
2024-11-18,201.6999969482422,208.15556,4.486837314794779,35.0090778036775,5.916846947798929,2.901971531635245,0.9768460219444182
2024-11-19,204.6100006103516,207.55952,4.486837314794779,35.0090778036775,5.916846947798929,2.901971531635245,0.9768460219444182
2024-11-20,202.8800048828125,206.87912,4.486837314794779,35.0090778036775,5.916846947798929,2.901971531635245,0.9768460219444182
2024-11-21,198.3800048828125,206.02328,4.486837314794779,35.0090778036775,5.916846947798929,2.901971531635245,0.9768460219444182
2024-11-22,197.1199951171875,204.70093,4.486837314794779,35.0090778036775,5.916846947798929,2.901971531635245,0.9768460219444182
2024-11-25,201.4499969482422,203.1488,4.486837314794779,35.0090778036775,5.916846947798929,2.901971531635245,0.9768460219444182
2024-11-26,207.8600006103516,202.08655,4.486837314794779,35.0090778036775,5.916846947798929,2.901971531635245,0.9768460219444182
2024-11-27,205.7400054931641,202.05836,4.486837314794779,35.0090778036775,5.916846947798929,2.901971531635245,0.9768460219444182
2024-11-29,207.88999938964844,202.36371,4.486837314794779,35.0090778036775,5.916846947798929,2.901971531635245,0.9768460219444182
2024-12-02,210.7100067138672,203.0668,4.486837314794779,35.0090778036775,5.916846947798929,2.901971531635245,0.9768460219444182
2024-12-03,213.44000244140625,204.2026,4.486837314794779,35.0090778036775,5.916846947798929,2.901971531635245,0.9768460219444182
2024-12-04,218.16000366210935,205.73273,4.486837314794779,35.0090778036775,5.916846947798929,2.901971531635245,0.9768460219444182
2024-12-05,220.5500030517578,207.8035,4.486837314794779,35.0090778036775,5.916846947798929,2.901971531635245,0.9768460219444182
2024-12-06,227.02999877929688,210.18233,4.486837314794779,35.0090778036775,5.916846947798929,2.901971531635245,0.9768460219444182
2024-12-09,226.08999633789065,213.14989,4.486837314794779,35.0090778036775,5.916846947798929,2.901971531635245,0.9768460219444182
2024-12-10,225.0399932861328,215.99045,4.486837314794779,35.0090778036775,5.916846947798929,2.901971531635245,0.9768460219444182
2024-12-11,230.25999450683597,218.34924,4.486837314794779,35.0090778036775,5.916846947798929,2.901971531635245,0.9768460219444182
2024-12-12,228.97000122070312,220.73834,4.486837314794779,35.0090778036775,5.916846947798929,2.901971531635245,0.9768460219444182
2024-12-13,227.4600067138672,222.71411,4.486837314794779,35.0090778036775,5.916846947798929,2.901971531635245,0.9768460219444182
2024-12-16,232.92999267578125,224.09537,4.486837314794779,35.0090778036775,5.916846947798929,2.901971531635245,0.9768460219444182
2024-12-17,231.1499938964844,225.57948,4.486837314794779,35.0090778036775,5.916846947798929,2.901971531635245,0.9768460219444182
2024-12-18,220.5200042724609,226.73499,4.486837314794779,35.0090778036775,5.916846947798929,2.901971531635245,0.9768460219444182
2024-12-19,223.2899932861328,226.47787,4.486837314794779,35.0090778036775,5.916846947798929,2.901971531635245,0.9768460219444182
2024-12-20,224.9199981689453,225.81984,4.486837314794779,35.0090778036775,5.916846947798929,2.901971531635245,0.9768460219444182
2024-12-23,225.05999755859372,225.15248,4.486837314794779,35.0090778036775,5.916846947798929,2.901971531635245,0.9768460219444182
2024-12-24,229.0500030517578,224.55565,4.486837314794779,35.0090778036775,5.916846947798929,2.901971531635245,0.9768460219444182
2024-12-26,227.0500030517578,224.4818,4.486837314794779,35.0090778036775,5.916846947798929,2.901971531635245,0.9768460219444182
2024-12-27,223.75,224.47328,4.486837314794779,35.0090778036775,5.916846947798929,2.901971531635245,0.9768460219444182
2024-12-30,221.3000030517578,224.17134,4.486837314794779,35.0090778036775,5.916846947798929,2.901971531635245,0.9768460219444182
2024-12-31,219.38999938964844,223.50044,4.486837314794779,35.0090778036775,5.916846947798929,2.901971531635245,0.9768460219444182
2025-01-02,220.22000122070312,222.50732,4.486837314794779,35.0090778036775,5.916846947798929,2.901971531635245,0.9768460219444182
2025-01-03,224.19000244140625,221.53645,4.486837314794779,35.0090778036775,5.916846947798929,2.901971531635245,0.9768460219444182
2025-01-06,227.6100006103516,221.09096,4.486837314794779,35.0090778036775,5.916846947798929,2.901971531635245,0.9768460219444182
2025-01-07,222.1100006103516,221.32259,4.486837314794779,35.0090778036775,5.916846947798929,2.901971531635245,0.9768460219444182
2025-01-08,222.1300048828125,221.31308,4.486837314794779,35.0090778036775,5.916846947798929,2.901971531635245,0.9768460219444182
2025-01-10,218.94000244140625,221.20941,4.486837314794779,35.0090778036775,5.916846947798929,2.901971531635245,0.9768460219444182
2025-01-13,218.4600067138672,220.72575,4.486837314794779,35.0090778036775,5.916846947798929,2.901971531635245,0.9768460219444182
2025-01-14,217.75999450683597,220.04997,4.486837314794779,35.0090778036775,5.916846947798929,2.901971531635245,0.9768460219444182
2025-01-15,223.3500061035156,219.26591,4.486837314794779,35.0090778036775,5.916846947798929,2.901971531635245,0.9768460219444182
2025-01-16,220.66000366210935,219.0951,4.486837314794779,35.0090778036775,5.916846947798929,2.901971531635245,0.9768460219444182
2025-01-17,225.94000244140625,218.96967,4.486837314794779,35.0090778036775,5.916846947798929,2.901971531635245,0.9768460219444182
2025-01-21,230.7100067138672,219.45901,4.486837314794779,35.0090778036775,5.916846947798929,2.901971531635245,0.9768460219444182
2025-01-22,235.00999450683597,220.7092,4.486837314794779,35.0090778036775,5.916846947798929,2.901971531635245,0.9768460219444182
2025-01-23,235.4199981689453,222.67815,4.486837314794779,35.0090778036775,5.916846947798929,2.901971531635245,0.9768460219444182
2025-01-24,234.8500061035156,224.85559,4.486837314794779,35.0090778036775,5.916846947798929,2.901971531635245,0.9768460219444182
2025-01-27,235.4199981689453,226.85219,4.486837314794779,35.0090778036775,5.916846947798929,2.901971531635245,0.9768460219444182
2025-01-28,238.1499938964844,228.59348,4.486837314794779,35.0090778036775,5.916846947798929,2.901971531635245,0.9768460219444182
2025-01-29,237.07000732421875,230.28494,4.486837314794779,35.0090778036775,5.916846947798929,2.901971531635245,0.9768460219444182
2025-01-30,234.63999938964844,231.63101,4.486837314794779,35.0090778036775,5.916846947798929,2.901971531635245,0.9768460219444182
2025-01-31,237.67999267578125,232.39005,4.486837314794779,35.0090778036775,5.916846947798929,2.901971531635245,0.9768460219444182
2025-02-03,237.4199981689453,233.07483,4.486837314794779,35.0090778036775,5.916846947798929,2.901971531635245,0.9768460219444182
2025-02-04,242.05999755859372,233.59315,4.486837314794779,35.0090778036775,5.916846947798929,2.901971531635245,0.9768460219444182
2025-02-05,236.1699981689453,234.45401,4.486837314794779,35.0090778036775,5.916846947798929,2.901971531635245,0.9768460219444182
2025-02-06,238.8300018310547,234.75958,4.486837314794779,35.0090778036775,5.916846947798929,2.901971531635245,0.9768460219444182
2025-02-07,229.1499938964844,235.04613,4.486837314794779,35.0090778036775,5.916846947798929,2.901971531635245,0.9768460219444182
2025-02-10,233.13999938964844,234.25061,4.486837314794779,35.0090778036775,5.916846947798929,2.901971531635245,0.9768460219444182
2025-02-11,232.75999450683597,233.42526,4.486837314794779,35.0090778036775,5.916846947798929,2.901971531635245,0.9768460219444182
2025-02-12,228.92999267578125,232.59718,4.486837314794779,35.0090778036775,5.916846947798929,2.901971531635245,0.9768460219444182
2025-02-13,230.3699951171875,231.4594,4.486837314794779,35.0090778036775,5.916846947798929,2.901971531635245,0.9768460219444182
2025-02-14,228.67999267578125,230.44865,4.486837314794779,35.0090778036775,5.916846947798929,2.901971531635245,0.9768460219444182
2025-02-18,226.6499938964844,229.4283,4.486837314794779,35.0090778036775,5.916846947798929,2.901971531635245,0.9768460219444182
2025-02-19,226.6300048828125,228.31181,4.486837314794779,35.0090778036775,5.916846947798929,2.901971531635245,0.9768460219444182
2025-02-20,222.8800048828125,227.27232,4.486837314794779,35.0090778036775,5.916846947798929,2.901971531635245,0.9768460219444182
2025-02-21,216.5800018310547,225.99336,4.486837314794779,35.0090778036775,5.916846947798929,2.901971531635245,0.9768460219444182
2025-02-24,212.7100067138672,224.08284,4.486837314794779,35.0090778036775,5.916846947798929,2.901971531635245,0.9768460219444182
2025-02-25,212.8000030517578,221.65727,4.486837314794779,35.0090778036775,5.916846947798929,2.901971531635245,0.9768460219444182
2025-02-26,214.3500061035156,219.23077,4.486837314794779,35.0090778036775,5.916846947798929,2.901971531635245,0.9768460219444182
2025-02-27,208.7400054931641,217.21971,4.486837314794779,35.0090778036775,5.916846947798929,2.901971531635245,0.9768460219444182
2025-02-28,212.27999877929688,215.06091,4.486837314794779,35.0090778036775,5.916846947798929,2.901971531635245,0.9768460219444182
2025-03-03,205.0200042724609,213.45505,4.486837314794779,35.0090778036775,5.916846947798929,2.901971531635245,0.9768460219444182
2025-03-04,203.8000030517578,211.5487,4.486837314794779,35.0090778036775,5.916846947798929,2.901971531635245,0.9768460219444182
2025-03-05,208.3600006103516,209.59442,4.486837314794779,35.0090778036775,5.916846947798929,2.901971531635245,0.9768460219444182
2025-03-06,200.6999969482422,208.29921,4.486837314794779,35.0090778036775,5.916846947798929,2.901971531635245,0.9768460219444182
2025-03-07,199.25,206.68571,4.486837314794779,35.0090778036775,5.916846947798929,2.901971531635245,0.9768460219444182
2025-03-10,194.5399932861328,204.96016,4.486837314794779,35.0090778036775,5.916846947798929,2.901971531635245,0.9768460219444182
2025-03-11,196.58999633789065,202.86693,4.486837314794779,35.0090778036775,5.916846947798929,2.901971531635245,0.9768460219444182
2025-03-12,198.88999938964844,201.02524,4.486837314794779,35.0090778036775,5.916846947798929,2.901971531635245,0.9768460219444182
2025-03-13,193.88999938964844,199.74522,4.486837314794779,35.0090778036775,5.916846947798929,2.901971531635245,0.9768460219444182
2025-03-14,197.9499969482422,198.38599,4.486837314794779,35.0090778036775,5.916846947798929,2.901971531635245,0.9768460219444182
2025-03-17,195.7400054931641,197.57861,4.486837314794779,35.0090778036775,5.916846947798929,2.901971531635245,0.9768460219444182
2025-03-18,192.82000732421875,196.91452,4.486837314794779,35.0090778036775,5.916846947798929,2.901971531635245,0.9768460219444182
2025-03-19,195.5399932861328,196.11157,4.486837314794779,35.0090778036775,5.916846947798929,2.901971531635245,0.9768460219444182
2025-03-20,194.9499969482422,195.61343,4.486837314794779,35.0090778036775,5.916846947798929,2.901971531635245,0.9768460219444182
2025-03-21,196.2100067138672,195.26295,4.486837314794779,35.0090778036775,5.916846947798929,2.901971531635245,0.9768460219444182
2025-03-24,203.25999450683597,195.1697,4.486837314794779,35.0090778036775,5.916846947798929,2.901971531635245,0.9768460219444182
2025-03-25,205.7100067138672,195.96371,4.486837314794779,35.0090778036775,5.916846947798929,2.901971531635245,0.9768460219444182
2025-03-26,201.1300048828125,197.39813,4.486837314794779,35.0090778036775,5.916846947798929,2.901971531635245,0.9768460219444182
2025-03-27,201.3600006103516,198.55421,4.486837314794779,35.0090778036775,5.916846947798929,2.901971531635245,0.9768460219444182
2025-03-28,192.72000122070312,199.48096,4.486837314794779,35.0090778036775,5.916846947798929,2.901971531635245,0.9768460219444182
2025-03-31,190.25999450683597,199.27118,4.486837314794779,35.0090778036775,5.916846947798929,2.901971531635245,0.9768460219444182
2025-04-01,192.1699981689453,198.23209,4.486837314794779,35.0090778036775,5.916846947798929,2.901971531635245,0.9768460219444182
2025-04-02,196.00999450683597,197.04071,4.486837314794779,35.0090778036775,5.916846947798929,2.901971531635245,0.9768460219444182
2025-04-03,178.41000366210938,196.27626,4.486837314794779,35.0090778036775,5.916846947798929,2.901971531635245,0.9768460219444182
2025-04-04,171.0,193.9824,4.486837314794779,35.0090778036775,5.916846947798929,2.901971531635245,0.9768460219444182
2025-04-07,175.25999450683594,190.39357,4.486837314794779,35.0090778036775,5.916846947798929,2.901971531635245,0.9768460219444182
2025-04-08,170.66000366210938,186.91092,4.486837314794779,35.0090778036775,5.916846947798929,2.901971531635245,0.9768460219444182
2025-04-09,191.1000061035156,183.3439,4.486837314794779,35.0090778036775,5.916846947798929,2.901971531635245,0.9768460219444182
2025-04-10,181.22000122070312,182.23921,4.486837314794779,35.0090778036775,5.916846947798929,2.901971531635245,0.9768460219444182
2025-04-11,184.8699951171875,181.53172,4.486837314794779,35.0090778036775,5.916846947798929,2.901971531635245,0.9768460219444182
2025-04-14,182.1199951171875,181.56474,4.486837314794779,35.0090778036775,5.916846947798929,2.901971531635245,0.9768460219444182
2025-04-15,179.58999633789062,181.709,4.486837314794779,35.0090778036775,5.916846947798929,2.901971531635245,0.9768460219444182
2025-04-16,174.3300018310547,181.65103,4.486837314794779,35.0090778036775,5.916846947798929,2.901971531635245,0.9768460219444182
2025-04-17,172.61000061035156,180.94606,4.486837314794779,35.0090778036775,5.916846947798929,2.901971531635245,0.9768460219444182
2025-04-21,167.32000732421875,179.78983,4.486837314794779,35.0090778036775,5.916846947798929,2.901971531635245,0.9768460219444182
2025-04-22,173.17999267578125,177.95271,4.486837314794779,35.0090778036775,5.916846947798929,2.901971531635245,0.9768460219444182
2025-04-23,180.6000061035156,176.54765,4.486837314794779,35.0090778036775,5.916846947798929,2.901971531635245,0.9768460219444182
2025-04-24,186.5399932861328,176.27553,4.486837314794779,35.0090778036775,5.916846947798929,2.901971531635245,0.9768460219444182
2025-04-25,188.9900054931641,177.26991,4.486837314794779,35.0090778036775,5.916846947798929,2.901971531635245,0.9768460219444182
2025-04-28,187.6999969482422,179.12044,4.486837314794779,35.0090778036775,5.916846947798929,2.901971531635245,0.9768460219444182
2025-04-29,187.38999938964844,181.12366,4.486837314794779,35.0090778036775,5.916846947798929,2.901971531635245,0.9768460219444182
2025-04-30,184.4199981689453,182.97746,4.486837314794779,35.0090778036775,5.916846947798929,2.901971531635245,0.9768460219444182
2025-05-01,190.1999969482422,184.23997,4.486837314794779,35.0090778036775,5.916846947798929,2.901971531635245,0.9768460219444182
2025-05-02,189.97999572753903,185.651,4.486837314794779,35.0090778036775,5.916846947798929,2.901971531635245,0.9768460219444182
2025-05-05,186.3500061035156,186.9444,4.486837314794779,35.0090778036775,5.916846947798929,2.901971531635245,0.9768460219444182
2025-05-06,185.00999450683597,187.65952,4.486837314794779,35.0090778036775,5.916846947798929,2.901971531635245,0.9768460219444182
2025-05-07,188.7100067138672,187.8505,4.486837314794779,35.0090778036775,5.916846947798929,2.901971531635245,0.9768460219444182
2025-05-08,192.0800018310547,188.11537,4.486837314794779,35.0090778036775,5.916846947798929,2.901971531635245,0.9768460219444182
2025-05-09,193.05999755859372,188.72734,4.486837314794779,35.0090778036775,5.916846947798929,2.901971531635245,0.9768460219444182
2025-05-12,208.63999938964844,189.56047,4.486837314794779,35.0090778036775,5.916846947798929,2.901971531635245,0.9768460219444182
2025-05-13,211.3699951171875,192.06337,4.486837314794779,35.0090778036775,5.916846947798929,2.901971531635245,0.9768460219444182
2025-05-14,210.25,195.45941,4.486837314794779,35.0090778036775,5.916846947798929,2.901971531635245,0.9768460219444182
2025-05-15,205.1699981689453,198.8741,4.486837314794779,35.0090778036775,5.916846947798929,2.901971531635245,0.9768460219444182
2025-05-16,205.58999633789065,201.40448,4.486837314794779,35.0090778036775,5.916846947798929,2.901971531635245,0.9768460219444182
2025-05-19,206.16000366210935,203.2347,4.486837314794779,35.0090778036775,5.916846947798929,2.901971531635245,0.9768460219444182
2025-05-20,204.07000732421875,204.5271,4.486837314794779,35.0090778036775,5.916846947798929,2.901971531635245,0.9768460219444182
2025-05-21,201.1199951171875,205.15427,4.486837314794779,35.0090778036775,5.916846947798929,2.901971531635245,0.9768460219444182
2025-05-22,203.1000061035156,205.04254,4.486837314794779,35.0090778036775,5.916846947798929,2.901971531635245,0.9768460219444182
2025-05-23,200.9900054931641,204.74928,4.486837314794779,35.0090778036775,5.916846947798929,2.901971531635245,0.9768460219444182
2025-05-27,206.0200042724609,204.15067,4.486837314794779,35.0090778036775,5.916846947798929,2.901971531635245,0.9768460219444182
2025-05-28,204.72000122070312,203.98271,4.486837314794779,35.0090778036775,5.916846947798929,2.901971531635245,0.9768460219444182
2025-05-29,205.6999969482422,203.91023,4.486837314794779,35.0090778036775,5.916846947798929,2.901971531635245,0.9768460219444182
2025-05-30,205.00999450683597,204.01247,4.486837314794779,35.0090778036775,5.916846947798929,2.901971531635245,0.9768460219444182
2025-06-02,206.6499938964844,204.12401,4.486837314794779,35.0090778036775,5.916846947798929,2.901971531635245,0.9768460219444182
2025-06-03,205.7100067138672,204.40451,4.486837314794779,35.0090778036775,5.916846947798929,2.901971531635245,0.9768460219444182
2025-06-04,207.22999572753903,204.64154,4.486837314794779,35.0090778036775,5.916846947798929,2.901971531635245,0.9768460219444182
2025-06-05,207.91000366210935,204.99352,4.486837314794779,35.0090778036775,5.916846947798929,2.901971531635245,0.9768460219444182
2025-06-06,213.57000732421875,205.43439,4.486837314794779,35.0090778036775,5.916846947798929,2.901971531635245,0.9768460219444182
2025-06-09,216.97999572753903,206.46887,4.486837314794779,35.0090778036775,5.916846947798929,2.901971531635245,0.9768460219444182
2025-06-10,217.6100006103516,208.05426,4.486837314794779,35.0090778036775,5.916846947798929,2.901971531635245,0.9768460219444182
2025-06-11,213.1999969482422,209.83018,4.486837314794779,35.0090778036775,5.916846947798929,2.901971531635245,0.9768460219444182
2025-06-12,213.2400054931641,211.05684,4.486837314794779,35.0090778036775,5.916846947798929,2.901971531635245,0.9768460219444182
2025-06-13,212.1000061035156,211.87317,4.486837314794779,35.0090778036775,5.916846947798929,2.901971531635245,0.9768460219444182
2025-06-16,216.1000061035156,212.24767,4.486837314794779,35.0090778036775,5.916846947798929,2.901971531635245,0.9768460219444182
2025-06-17,214.82000732421875,212.75917,4.486837314794779,35.0090778036775,5.916846947798929,2.901971531635245,0.9768460219444182
2025-06-18,212.5200042724609,213.13348,4.486837314794779,35.0090778036775,5.916846947798929,2.901971531635245,0.9768460219444182
2025-06-20,209.69000244140625,213.15942,4.486837314794779,35.0090778036775,5.916846947798929,2.901971531635245,0.9768460219444182
2025-06-23,208.47000122070312,212.70363,4.486837314794779,35.0090778036775,5.916846947798929,2.901971531635245,0.9768460219444182
2025-06-24,212.7700042724609,211.9133,4.486837314794779,35.0090778036775,5.916846947798929,2.901971531635245,0.9768460219444182
2025-06-25,211.9900054931641,211.4741,4.486837314794779,35.0090778036775,5.916846947798929,2.901971531635245,0.9768460219444182
2025-06-26,217.1199951171875,211.17085,4.486837314794779,35.0090778036775,5.916846947798929,2.901971531635245,0.9768460219444182
2025-06-27,223.3000030517578,211.52219,4.486837314794779,35.0090778036775,5.916846947798929,2.901971531635245,0.9768460219444182
2025-06-30,219.38999938964844,212.82425,4.486837314794779,35.0090778036775,5.916846947798929,2.901971531635245,0.9768460219444182
2025-07-01,220.4600067138672,214.07687,4.486837314794779,35.0090778036775,5.916846947798929,2.901971531635245,0.9768460219444182
2025-07-02,219.9199981689453,215.30684,4.486837314794779,35.0090778036775,5.916846947798929,2.901971531635245,0.9768460219444182
2025-07-03,223.41000366210935,216.32541,4.486837314794779,35.0090778036775,5.916846947798929,2.901971531635245,0.9768460219444182
2025-07-07,223.47000122070312,217.48518,4.486837314794779,35.0090778036775,5.916846947798929,2.901971531635245,0.9768460219444182
2025-07-08,219.3600006103516,218.58267,4.486837314794779,35.0090778036775,5.916846947798929,2.901971531635245,0.9768460219444182
2025-07-09,222.5399932861328,219.09581,4.486837314794779,35.0090778036775,5.916846947798929,2.901971531635245,0.9768460219444182
2025-07-10,222.25999450683597,219.5861,4.486837314794779,35.0090778036775,5.916846947798929,2.901971531635245,0.9768460219444182
2025-07-11,225.0200042724609,219.95827,4.486837314794779,35.0090778036775,5.916846947798929,2.901971531635245,0.9768460219444182
2025-07-14,225.69000244140625,220.51746,4.486837314794779,35.0090778036775,5.916846947798929,2.901971531635245,0.9768460219444182
2025-07-15,226.3500061035156,221.1743,4.486837314794779,35.0090778036775,5.916846947798929,2.901971531635245,0.9768460219444182
2025-07-16,223.19000244140625,221.88203,4.486837314794779,35.0090778036775,5.916846947798929,2.901971531635245,0.9768460219444182
2025-07-17,223.8800048828125,222.20587,4.486837314794779,35.0090778036775,5.916846947798929,2.901971531635245,0.9768460219444182
2025-07-18,226.1300048828125,222.37251,4.486837314794779,35.0090778036775,5.916846947798929,2.901971531635245,0.9768460219444182
2025-07-21,229.3000030517578,222.66248,4.486837314794779,35.0090778036775,5.916846947798929,2.901971531635245,0.9768460219444182
2025-07-22,227.47000122070312,223.30879,4.486837314794779,35.0090778036775,5.916846947798929,2.901971531635245,0.9768460219444182
2025-07-23,228.2899932861328,223.8733,4.486837314794779,35.0090778036775,5.916846947798929,2.901971531635245,0.9768460219444182
2025-07-24,232.22999572753903,224.43115,4.486837314794779,35.0090778036775,5.916846947798929,2.901971531635245,0.9768460219444182
2025-07-25,231.44000244140625,225.33296,4.486837314794779,35.0090778036775,5.916846947798929,2.901971531635245,0.9768460219444182
2025-07-28,232.7899932861328,226.2206,4.486837314794779,35.0090778036775,5.916846947798929,2.901971531635245,0.9768460219444182
2025-07-29,231.00999450683597,227.15352,4.486837314794779,35.0090778036775,5.916846947798929,2.901971531635245,0.9768460219444182
2025-07-30,230.19000244140625,227.8134,4.486837314794779,35.0090778036775,5.916846947798929,2.901971531635245,0.9768460219444182
2025-07-31,234.1100006103516,228.17488,4.486837314794779,35.0090778036775,5.916846947798929,2.901971531635245,0.9768460219444182
2025-08-01,214.75,228.74648,4.486837314794779,35.0090778036775,5.916846947798929,2.901971531635245,0.9768460219444182
2025-08-04,211.6499938964844,227.313,4.486837314794779,35.0090778036775,5.916846947798929,2.901971531635245,0.9768460219444182
2025-08-05,213.75,224.72314,4.486837314794779,35.0090778036775,5.916846947798929,2.901971531635245,0.9768460219444182
2025-08-06,222.30999755859372,221.98798,4.486837314794779,35.0090778036775,5.916846947798929,2.901971531635245,0.9768460219444182
2025-08-07,223.1300048828125,220.33784,4.486837314794779,35.0090778036775,5.916846947798929,2.901971531635245,0.9768460219444182
2025-08-08,222.69000244140625,219.50717,4.486837314794779,35.0090778036775,5.916846947798929,2.901971531635245,0.9768460219444182
2025-08-11,221.3000030517578,219.18326,4.486837314794779,35.0090778036775,5.916846947798929,2.901971531635245,0.9768460219444182
2025-08-12,221.47000122070312,219.03876,4.486837314794779,35.0090778036775,5.916846947798929,2.901971531635245,0.9768460219444182
2025-08-13,224.55999755859372,219.03737,4.486837314794779,35.0090778036775,5.916846947798929,2.901971531635245,0.9768460219444182
2025-08-14,230.97999572753903,219.43849,4.486837314794779,35.0090778036775,5.916846947798929,2.901971531635245,0.9768460219444182
2025-08-15,231.02999877929688,220.6779,4.486837314794779,35.0090778036775,5.916846947798929,2.901971531635245,0.9768460219444182
2025-08-18,231.4900054931641,222.22061,4.486837314794779,35.0090778036775,5.916846947798929,2.901971531635245,0.9768460219444182
2025-08-19,228.00999450683597,223.81837,4.486837314794779,35.0090778036775,5.916846947798929,2.901971531635245,0.9768460219444182
2025-08-20,223.80999755859372,224.9042,4.486837314794779,35.0090778036775,5.916846947798929,2.901971531635245,0.9768460219444182
2025-08-21,221.9499969482422,225.16658,4.486837314794779,35.0090778036775,5.916846947798929,2.901971531635245,0.9768460219444182
2025-08-22,228.83999633789065,224.76958,4.486837314794779,35.0090778036775,5.916846947798929,2.901971531635245,0.9768460219444182
2025-08-25,227.94000244140625,224.77832,4.486837314794779,35.0090778036775,5.916846947798929,2.901971531635245,0.9768460219444182
2025-08-26,228.7100067138672,224.87215,4.486837314794779,35.0090778036775,5.916846947798929,2.901971531635245,0.9768460219444182
2025-08-27,229.1199951171875,225.09549,4.486837314794779,35.0090778036775,5.916846947798929,2.901971531635245,0.9768460219444182
2025-08-28,231.6000061035156,225.40611,4.486837314794779,35.0090778036775,5.916846947798929,2.901971531635245,0.9768460219444182
2025-08-29,229.0,225.99109,4.486837314794779,35.0090778036775,5.916846947798929,2.901971531635245,0.9768460219444182
2025-09-02,225.33999633789065,226.37679,4.486837314794779,35.0090778036775,5.916846947798929,2.901971531635245,0.9768460219444182
2025-09-03,225.9900054931641,226.24309,4.486837314794779,35.0090778036775,5.916846947798929,2.901971531635245,0.9768460219444182
2025-09-04,235.67999267578125,225.92377,4.486837314794779,35.0090778036775,5.916846947798929,2.901971531635245,0.9768460219444182
2025-09-05,232.3300018310547,226.54588,4.486837314794779,35.0090778036775,5.916846947798929,2.901971531635245,0.9768460219444182
2025-09-08,235.83999633789065,227.21161,4.486837314794779,35.0090778036775,5.916846947798929,2.901971531635245,0.9768460219444182
2025-09-09,238.2400054931641,228.22784,4.486837314794779,35.0090778036775,5.916846947798929,2.901971531635245,0.9768460219444182
2025-09-10,230.3300018310547,229.55801,4.486837314794779,35.0090778036775,5.916846947798929,2.901971531635245,0.9768460219444182
2025-09-11,229.9499969482422,230.07129,4.486837314794779,35.0090778036775,5.916846947798929,2.901971531635245,0.9768460219444182
2025-09-12,228.1499938964844,230.08751,4.486837314794779,35.0090778036775,5.916846947798929,2.901971531635245,0.9768460219444182
2025-09-15,231.42999267578125,229.63187,4.486837314794779,35.0090778036775,5.916846947798929,2.901971531635245,0.9768460219444182
2025-09-16,234.0500030517578,229.31664,4.486837314794779,35.0090778036775,5.916846947798929,2.901971531635245,0.9768460219444182
2025-09-17,231.6199951171875,229.36555,4.486837314794779,35.0090778036775,5.916846947798929,2.901971531635245,0.9768460219444182
2025-09-18,231.22999572753903,229.34216,4.486837314794779,35.0090778036775,5.916846947798929,2.901971531635245,0.9768460219444182
2025-09-19,231.47999572753903,229.25877,4.486837314794779,35.0090778036775,5.916846947798929,2.901971531635245,0.9768460219444182
2025-09-22,227.6300048828125,229.1785,4.486837314794779,35.0090778036775,5.916846947798929,2.901971531635245,0.9768460219444182
2025-09-23,220.7100067138672,228.70186,4.486837314794779,35.0090778036775,5.916846947798929,2.901971531635245,0.9768460219444182
2025-09-24,220.2100067138672,227.35507,4.486837314794779,35.0090778036775,5.916846947798929,2.901971531635245,0.9768460219444182
2025-09-25,218.1499938964844,225.65761,4.486837314794779,35.0090778036775,5.916846947798929,2.901971531635245,0.9768460219444182
2025-09-26,219.77999877929688,223.72766,4.486837314794779,35.0090778036775,5.916846947798929,2.901971531635245,0.9768460219444182
2025-09-29,222.1699981689453,222.05656,4.486837314794779,35.0090778036775,5.916846947798929,2.901971531635245,0.9768460219444182
2025-09-30,219.57000732421875,220.94812,4.486837314794779,35.0090778036775,5.916846947798929,2.901971531635245,0.9768460219444182
2025-10-01,220.6300048828125,219.98875,4.486837314794779,35.0090778036775,5.916846947798929,2.901971531635245,0.9768460219444182
2025-10-02,222.41000366210935,219.34633,4.486837314794779,35.0090778036775,5.916846947798929,2.901971531635245,0.9768460219444182
2025-10-03,219.50999450683597,219.13008,4.486837314794779,35.0090778036775,5.916846947798929,2.901971531635245,0.9768460219444182
2025-10-06,220.8999938964844,218.86179,4.486837314794779,35.0090778036775,5.916846947798929,2.901971531635245,0.9768460219444182
2025-10-07,221.77999877929688,218.75854,4.486837314794779,35.0090778036775,5.916846947798929,2.901971531635245,0.9768460219444182
2025-10-08,225.22000122070312,218.84102,4.486837314794779,35.0090778036775,5.916846947798929,2.901971531635245,0.9768460219444182
2025-10-09,227.7400054931641,219.3756,4.486837314794779,35.0090778036775,5.916846947798929,2.901971531635245,0.9768460219444182
2025-10-10,216.3699951171875,220.35095,4.486837314794779,35.0090778036775,5.916846947798929,2.901971531635245,0.9768460219444182
2025-10-13,220.07000732421875,220.26015,4.486837314794779,35.0090778036775,5.916846947798929,2.901971531635245,0.9768460219444182
2025-10-14,216.38999938964844,220.04424,4.486837314794779,35.0090778036775,5.916846947798929,2.901971531635245,0.9768460219444182
2025-10-15,215.57000732421875,219.36436,4.486837314794779,35.0090778036775,5.916846947798929,2.901971531635245,0.9768460219444182
2025-10-16,214.47000122070312,218.43568,4.486837314794779,35.0090778036775,5.916846947798929,2.901971531635245,0.9768460219444182
2025-10-17,213.0399932861328,217.35464,4.486837314794779,35.0090778036775,5.916846947798929,2.901971531635245,0.9768460219444182
2025-10-20,216.47999572753903,216.16034,4.486837314794779,35.0090778036775,5.916846947798929,2.901971531635245,0.9768460219444182
2025-10-21,222.02999877929688,215.39867,4.486837314794779,35.0090778036775,5.916846947798929,2.901971531635245,0.9768460219444182
2025-10-22,217.9499969482422,215.52249,4.486837314794779,35.0090778036775,5.916846947798929,2.901971531635245,0.9768460219444182
2025-10-23,221.08999633789065,215.67238,4.486837314794779,35.0090778036775,5.916846947798929,2.901971531635245,0.9768460219444182
2025-10-24,224.2100067138672,216.18007,4.486837314794779,35.0090778036775,5.916846947798929,2.901971531635245,0.9768460219444182
2025-10-27,226.97000122070312,217.1412,4.486837314794779,35.0090778036775,5.916846947798929,2.901971531635245,0.9768460219444182
2025-10-28,229.25,218.52628,4.486837314794779,35.0090778036775,5.916846947798929,2.901971531635245,0.9768460219444182
2025-10-29,230.3000030517578,220.22472,4.486837314794779,35.0090778036775,5.916846947798929,2.901971531635245,0.9768460219444182
2025-10-30,222.8600006103516,222.01288,4.486837314794779,35.0090778036775,5.916846947798929,2.901971531635245,0.9768460219444182
2025-10-31,244.22000122070312,222.86823,4.486837314794779,35.0090778036775,5.916846947798929,2.901971531635245,0.9768460219444182
2025-11-03,254.00000000000003,225.40796,4.486837314794779,35.0090778036775,5.916846947798929,2.901971531635245,0.9768460219444182
2025-11-04,249.32000732421875,229.50732,4.486837314794779,35.0090778036775,5.916846947798929,2.901971531635245,0.9768460219444182
2025-11-05,250.1999969482422,233.47902,4.486837314794779,35.0090778036775,5.916846947798929,2.901971531635245,0.9768460219444182
2025-11-06,243.0399932861328,237.0712,4.486837314794779,35.0090778036775,5.916846947798929,2.901971531635245,0.9768460219444182
2025-11-07,244.41000366210935,239.28777,4.486837314794779,35.0090778036775,5.916846947798929,2.901971531635245,0.9768460219444182
2025-11-10,248.3999938964844,240.69016,4.486837314794779,35.0090778036775,5.916846947798929,2.901971531635245,0.9768460219444182
2025-11-11,249.1000061035156,241.8904,4.486837314794779,35.0090778036775,5.916846947798929,2.901971531635245,0.9768460219444182
2025-11-12,244.1999969482422,242.88994,4.486837314794779,35.0090778036775,5.916846947798929,2.901971531635245,0.9768460219444182
2025-11-13,237.5800018310547,243.14883,4.486837314794779,35.0090778036775,5.916846947798929,2.901971531635245,0.9768460219444182
2025-11-14,234.69000244140625,242.30853,4.486837314794779,35.0090778036775,5.916846947798929,2.901971531635245,0.9768460219444182
2025-11-17,232.8699951171875,240.69058,4.486837314794779,35.0090778036775,5.916846947798929,2.901971531635245,0.9768460219444182
2025-11-18,222.5500030517578,238.63927,4.486837314794779,35.0090778036775,5.916846947798929,2.901971531635245,0.9768460219444182
2025-11-19,222.69000244140625,235.49744,4.486837314794779,35.0090778036775,5.916846947798929,2.901971531635245,0.9768460219444182
2025-11-20,217.13999938964844,232.17049,4.486837314794779,35.0090778036775,5.916846947798929,2.901971531635245,0.9768460219444182
2025-11-21,220.69000244140625,228.5067,4.486837314794779,35.0090778036775,5.916846947798929,2.901971531635245,0.9768460219444182
2025-11-24,226.27999877929688,225.45164,4.486837314794779,35.0090778036775,5.916846947798929,2.901971531635245,0.9768460219444182
2025-11-25,229.6699981689453,223.62088,4.486837314794779,35.0090778036775,5.916846947798929,2.901971531635245,0.9768460219444182
2025-11-26,229.16000366210935,222.99686,4.486837314794779,35.0090778036775,5.916846947798929,2.901971531635245,0.9768460219444182
2025-11-28,233.22000122070312,223.0491,4.486837314794779,35.0090778036775,5.916846947798929,2.901971531635245,0.9768460219444182
2025-12-01,233.8800048828125,223.90953,4.486837314794779,35.0090778036775,5.916846947798929,2.901971531635245,0.9768460219444182
2025-12-02,234.4199981689453,225.17375,4.486837314794779,35.0090778036775,5.916846947798929,2.901971531635245,0.9768460219444182
2025-12-03,232.3800048828125,226.58159,4.486837314794779,35.0090778036775,5.916846947798929,2.901971531635245,0.9768460219444182
2025-12-04,229.1100006103516,227.6983,4.486837314794779,35.0090778036775,5.916846947798929,2.901971531635245,0.9768460219444182
2025-12-05,229.52999877929688,228.20006,4.486837314794779,35.0090778036775,5.916846947798929,2.901971531635245,0.9768460219444182
2025-12-08,226.88999938964844,228.36813,4.486837314794779,35.0090778036775,5.916846947798929,2.901971531635245,0.9768460219444182
2025-12-09,227.9199981689453,228.04884,4.486837314794779,35.0090778036775,5.916846947798929,2.901971531635245,0.9768460219444182
2025-12-10,231.77999877929688,227.61766,4.486837314794779,35.0090778036775,5.916846947798929,2.901971531635245,0.9768460219444182
2025-12-11,230.27999877929688,227.56778,4.486837314794779,35.0090778036775,5.916846947798929,2.901971531635245,0.9768460219444182
2025-12-12,226.19000244140625,227.55489,4.486837314794779,35.0090778036775,5.916846947798929,2.901971531635245,0.9768460219444182
2025-12-15,222.5399932861328,227.1481,4.486837314794779,35.0090778036775,5.916846947798929,2.901971531635245,0.9768460219444182
2025-12-16,222.55999755859372,226.20918,4.486837314794779,35.0090778036775,5.916846947798929,2.901971531635245,0.9768460219444182
2025-12-17,221.2700042724609,225.09703,4.486837314794779,35.0090778036775,5.916846947798929,2.901971531635245,0.9768460219444182
2025-12-18,226.75999450683597,223.86876,4.486837314794779,35.0090778036775,5.916846947798929,2.901971531635245,0.9768460219444182
2025-12-19,227.3500061035156,223.29091,4.486837314794779,35.0090778036775,5.916846947798929,2.901971531635245,0.9768460219444182
2025-12-22,228.42999267578125,223.16621,4.486837314794779,35.0090778036775,5.916846947798929,2.901971531635245,0.9768460219444182
2025-12-23,232.13999938964844,223.4233,4.486837314794779,35.0090778036775,5.916846947798929,2.901971531635245,0.9768460219444182
2025-12-24,232.3800048828125,224.25156,4.486837314794779,35.0090778036775,5.916846947798929,2.901971531635245,0.9768460219444182
2025-12-26,232.5200042724609,225.31262,4.486837314794779,35.0090778036775,5.916846947798929,2.901971531635245,0.9768460219444182
2025-12-29,232.07000732421875,226.40439,4.486837314794779,35.0090778036775,5.916846947798929,2.901971531635245,0.9768460219444182
2025-12-30,232.52999877929688,227.34647,4.486837314794779,35.0090778036775,5.916846947798929,2.901971531635245,0.9768460219444182
2025-12-31,230.82000732421875,228.15343,4.486837314794779,35.0090778036775,5.916846947798929,2.901971531635245,0.9768460219444182
2026-01-02,226.5,228.61336,4.486837314794779,35.0090778036775,5.916846947798929,2.901971531635245,0.9768460219444182
2026-01-05,233.05999755859372,228.38675,4.486837314794779,35.0090778036775,5.916846947798929,2.901971531635245,0.9768460219444182
2026-01-06,240.92999267578125,228.51787,4.486837314794779,35.0090778036775,5.916846947798929,2.901971531635245,0.9768460219444182
2026-01-07,241.55999755859372,229.61623,4.486837314794779,35.0090778036775,5.916846947798929,2.901971531635245,0.9768460219444182
2026-01-08,246.2899932861328,231.15466,4.486837314794779,35.0090778036775,5.916846947798929,2.901971531635245,0.9768460219444182
