Date,Actual,Predicted,MAE,MSE,RMSE,MAPE,R2
2020-04-22,118.17449951171876,116.57402420043945,46.61758239836729,3384.9665515968964,58.180465377967685,25.219864691031795,-1.2894889212189131
2020-04-23,119.97250366210938,116.93495834350585,46.61758239836729,3384.9665515968964,58.180465377967685,25.219864691031795,-1.2894889212189131
2020-04-24,120.51100158691406,116.72885879516602,46.61758239836729,3384.9665515968964,58.180465377967685,25.219864691031795,-1.2894889212189131
2020-04-27,118.8000030517578,117.79713821411133,46.61758239836729,3384.9665515968964,58.180465377967685,25.219864691031795,-1.2894889212189131
2020-04-28,115.7040023803711,116.41531921386719,46.61758239836729,3384.9665515968964,58.180465377967685,25.219864691031795,-1.2894889212189131
2020-04-29,118.635498046875,116.53816970825196,46.61758239836729,3384.9665515968964,58.180465377967685,25.219864691031795,-1.2894889212189131
2020-04-30,123.6999969482422,119.10838363647461,46.61758239836729,3384.9665515968964,58.180465377967685,25.219864691031795,-1.2894889212189131
2020-05-01,114.302001953125,115.98695068359375,46.61758239836729,3384.9665515968964,58.180465377967685,25.219864691031795,-1.2894889212189131
2020-05-04,115.79949951171876,114.55410598754882,46.61758239836729,3384.9665515968964,58.180465377967685,25.219864691031795,-1.2894889212189131
2020-05-05,115.88999938964844,115.80567443847656,46.61758239836729,3384.9665515968964,58.180465377967685,25.219864691031795,-1.2894889212189131
2020-05-06,117.56300354003906,115.85704467773438,46.61758239836729,3384.9665515968964,58.180465377967685,25.219864691031795,-1.2894889212189131
2020-05-07,118.38050079345705,116.4478692626953,46.61758239836729,3384.9665515968964,58.180465377967685,25.219864691031795,-1.2894889212189131
2020-05-08,118.98049926757812,116.51960922241211,46.61758239836729,3384.9665515968964,58.180465377967685,25.219864691031795,-1.2894889212189131
2020-05-11,120.4499969482422,116.78819381713868,46.61758239836729,3384.9665515968964,58.180465377967685,25.219864691031795,-1.2894889212189131
2020-05-12,117.84750366210938,117.20431365966797,46.61758239836729,3384.9665515968964,58.180465377967685,25.219864691031795,-1.2894889212189131
2020-05-13,118.39600372314452,117.2636441040039,46.61758239836729,3384.9665515968964,58.180465377967685,25.219864691031795,-1.2894889212189131
2020-05-14,119.44249725341795,116.59790924072266,46.61758239836729,3384.9665515968964,58.180465377967685,25.219864691031795,-1.2894889212189131
2020-05-15,120.48899841308594,116.66276901245118,46.61758239836729,3384.9665515968964,58.180465377967685,25.219864691031795,-1.2894889212189131
2020-05-18,121.31300354003906,116.82402305603027,46.61758239836729,3384.9665515968964,58.180465377967685,25.219864691031795,-1.2894889212189131
2020-05-19,122.46649932861328,117.21970291137696,46.61758239836729,3384.9665515968964,58.180465377967685,25.219864691031795,-1.2894889212189131
2020-05-20,124.89700317382812,116.98479804992675,46.61758239836729,3384.9665515968964,58.180465377967685,25.219864691031795,-1.2894889212189131
2020-05-21,122.33699798583984,117.37323326110841,46.61758239836729,3384.9665515968964,58.180465377967685,25.219864691031795,-1.2894889212189131
2020-05-22,121.84400177001952,116.98217308044434,46.61758239836729,3384.9665515968964,58.180465377967685,25.219864691031795,-1.2894889212189131
2020-05-26,121.09300231933594,116.976748046875,46.61758239836729,3384.9665515968964,58.180465377967685,25.219864691031795,-1.2894889212189131
2020-05-27,120.51950073242188,116.86855445861816,46.61758239836729,3384.9665515968964,58.180465377967685,25.219864691031795,-1.2894889212189131
2020-05-28,120.05500030517578,117.52152267456054,46.61758239836729,3384.9665515968964,58.180465377967685,25.219864691031795,-1.2894889212189131
2020-05-29,122.11849975585938,116.95859794616699,46.61758239836729,3384.9665515968964,58.180465377967685,25.219864691031795,-1.2894889212189131
2020-06-01,123.552001953125,116.98995307922364,46.61758239836729,3384.9665515968964,58.180465377967685,25.219864691031795,-1.2894889212189131
2020-06-02,123.62049865722656,117.01895317077637,46.61758239836729,3384.9665515968964,58.180465377967685,25.219864691031795,-1.2894889212189131
2020-06-03,123.91999816894533,117.02401817321777,46.61758239836729,3384.9665515968964,58.180465377967685,25.219864691031795,-1.2894889212189131
2020-06-04,123.02999877929688,117.21625289916992,46.61758239836729,3384.9665515968964,58.180465377967685,25.219864691031795,-1.2894889212189131
2020-06-05,124.1500015258789,116.9574430847168,46.61758239836729,3384.9665515968964,58.180465377967685,25.219864691031795,-1.2894889212189131
2020-06-08,126.2030029296875,116.9202781677246,46.61758239836729,3384.9665515968964,58.180465377967685,25.219864691031795,-1.2894889212189131
2020-06-09,130.04299926757812,117.48156341552735,46.61758239836729,3384.9665515968964,58.180465377967685,25.219864691031795,-1.2894889212189131
2020-06-10,132.37249755859375,117.48156341552735,46.61758239836729,3384.9665515968964,58.180465377967685,25.219864691031795,-1.2894889212189131
2020-06-11,127.89800262451172,118.10786849975585,46.61758239836729,3384.9665515968964,58.180465377967685,25.219864691031795,-1.2894889212189131
2020-06-12,127.2509994506836,117.69700843811034,46.61758239836729,3384.9665515968964,58.180465377967685,25.219864691031795,-1.2894889212189131
2020-06-15,128.63400268554688,117.52707809448243,46.61758239836729,3384.9665515968964,58.180465377967685,25.219864691031795,-1.2894889212189131
2020-06-16,130.7635040283203,116.9804680633545,46.61758239836729,3384.9665515968964,58.180465377967685,25.219864691031795,-1.2894889212189131
2020-06-17,132.0489959716797,117.00357810974121,46.61758239836729,3384.9665515968964,58.180465377967685,25.219864691031795,-1.2894889212189131
2020-06-18,132.69900512695312,117.04279823303223,46.61758239836729,3384.9665515968964,58.180465377967685,25.219864691031795,-1.2894889212189131
2020-06-19,133.75050354003906,117.61184326171875,46.61758239836729,3384.9665515968964,58.180465377967685,25.219864691031795,-1.2894889212189131
2020-06-22,135.6909942626953,116.97329803466796,46.61758239836729,3384.9665515968964,58.180465377967685,25.219864691031795,-1.2894889212189131
2020-06-23,138.2205047607422,117.32314292907715,46.61758239836729,3384.9665515968964,58.180465377967685,25.219864691031795,-1.2894889212189131
2020-06-24,136.72000122070312,117.37323326110841,46.61758239836729,3384.9665515968964,58.180465377967685,25.219864691031795,-1.2894889212189131
2020-06-25,137.72900390625,116.97701805114747,46.61758239836729,3384.9665515968964,58.180465377967685,25.219864691031795,-1.2894889212189131
2020-06-26,134.64349365234375,118.52574348449707,46.61758239836729,3384.9665515968964,58.180465377967685,25.219864691031795,-1.2894889212189131
2020-06-29,134.0189971923828,117.4657978820801,46.61758239836729,3384.9665515968964,58.180465377967685,25.219864691031795,-1.2894889212189131
2020-06-30,137.9409942626953,117.47914833068847,46.61758239836729,3384.9665515968964,58.180465377967685,25.219864691031795,-1.2894889212189131
2020-07-01,143.93499755859375,118.38109848022461,46.61758239836729,3384.9665515968964,58.180465377967685,25.219864691031795,-1.2894889212189131
2020-07-02,144.51499938964844,118.51228828430176,46.61758239836729,3384.9665515968964,58.180465377967685,25.219864691031795,-1.2894889212189131
2020-07-06,152.8520050048828,118.58695861816406,46.61758239836729,3384.9665515968964,58.180465377967685,25.219864691031795,-1.2894889212189131
2020-07-07,150.00599670410156,117.37323326110841,46.61758239836729,3384.9665515968964,58.180465377967685,25.219864691031795,-1.2894889212189131
2020-07-08,154.0554962158203,117.57588294982912,46.61758239836729,3384.9665515968964,58.180465377967685,25.219864691031795,-1.2894889212189131
2020-07-09,159.13150024414062,118.39926338195801,46.61758239836729,3384.9665515968964,58.180465377967685,25.219864691031795,-1.2894889212189131
2020-07-10,160.0,117.60684318542482,46.61758239836729,3384.9665515968964,58.180465377967685,25.219864691031795,-1.2894889212189131
2020-07-13,155.1999969482422,118.68921348571777,46.61758239836729,3384.9665515968964,58.180465377967685,25.219864691031795,-1.2894889212189131
2020-07-14,154.1999969482422,118.65602348327637,46.61758239836729,3384.9665515968964,58.180465377967685,25.219864691031795,-1.2894889212189131
2020-07-15,150.44349670410156,117.91698341369629,46.61758239836729,3384.9665515968964,58.180465377967685,25.219864691031795,-1.2894889212189131
2020-07-16,149.9949951171875,118.40323837280273,46.61758239836729,3384.9665515968964,58.180465377967685,25.219864691031795,-1.2894889212189131
2020-07-17,148.09849548339844,117.52661308288576,46.61758239836729,3384.9665515968964,58.180465377967685,25.219864691031795,-1.2894889212189131
2020-07-20,159.8419952392578,118.63415336608887,46.61758239836729,3384.9665515968964,58.180465377967685,25.219864691031795,-1.2894889212189131
2020-07-21,156.9145050048828,118.10681327819825,46.61758239836729,3384.9665515968964,58.180465377967685,25.219864691031795,-1.2894889212189131
2020-07-22,154.99549865722656,117.52661308288576,46.61758239836729,3384.9665515968964,58.180465377967685,25.219864691031795,-1.2894889212189131
2020-07-23,149.32749938964844,117.6818383026123,46.61758239836729,3384.9665515968964,58.180465377967685,25.219864691031795,-1.2894889212189131
2020-07-24,150.44549560546875,117.64133827209473,46.61758239836729,3384.9665515968964,58.180465377967685,25.219864691031795,-1.2894889212189131
2020-07-27,152.760498046875,117.52661308288576,46.61758239836729,3384.9665515968964,58.180465377967685,25.219864691031795,-1.2894889212189131
2020-07-28,150.01649475097656,117.51409309387209,46.61758239836729,3384.9665515968964,58.180465377967685,25.219864691031795,-1.2894889212189131
2020-07-29,151.67649841308594,116.95754806518555,46.61758239836729,3384.9665515968964,58.180465377967685,25.219864691031795,-1.2894889212189131
2020-07-30,152.593994140625,118.07641815185546,46.61758239836729,3384.9665515968964,58.180465377967685,25.219864691031795,-1.2894889212189131
2020-07-31,158.23399353027344,118.68889350891114,46.61758239836729,3384.9665515968964,58.180465377967685,25.219864691031795,-1.2894889212189131
2020-08-03,155.59449768066406,117.52661308288576,46.61758239836729,3384.9665515968964,58.180465377967685,25.219864691031795,-1.2894889212189131
2020-08-04,156.94149780273438,117.45791282653809,46.61758239836729,3384.9665515968964,58.180465377967685,25.219864691031795,-1.2894889212189131
2020-08-05,160.25149536132812,117.44998817443847,46.61758239836729,3384.9665515968964,58.180465377967685,25.219864691031795,-1.2894889212189131
2020-08-06,161.25,117.52661308288576,46.61758239836729,3384.9665515968964,58.180465377967685,25.219864691031795,-1.2894889212189131
2020-08-07,158.3730010986328,117.45570831298828,46.61758239836729,3384.9665515968964,58.180465377967685,25.219864691031795,-1.2894889212189131
2020-08-10,157.4080047607422,117.66560279846193,46.61758239836729,3384.9665515968964,58.180465377967685,25.219864691031795,-1.2894889212189131
2020-08-11,154.0334930419922,117.44998817443847,46.61758239836729,3384.9665515968964,58.180465377967685,25.219864691031795,-1.2894889212189131
2020-08-12,158.11199951171875,117.65550788879396,46.61758239836729,3384.9665515968964,58.180465377967685,25.219864691031795,-1.2894889212189131
2020-08-13,158.05099487304688,117.44939781188965,46.61758239836729,3384.9665515968964,58.180465377967685,25.219864691031795,-1.2894889212189131
2020-08-14,157.4010009765625,117.49662292480468,46.61758239836729,3384.9665515968964,58.180465377967685,25.219864691031795,-1.2894889212189131
2020-08-17,159.12049865722656,117.01840316772461,46.61758239836729,3384.9665515968964,58.180465377967685,25.219864691031795,-1.2894889212189131
2020-08-18,165.62449645996094,117.48885345458984,46.61758239836729,3384.9665515968964,58.180465377967685,25.219864691031795,-1.2894889212189131
2020-08-19,163.0240020751953,117.45837783813477,46.61758239836729,3384.9665515968964,58.180465377967685,25.219864691031795,-1.2894889212189131
2020-08-20,164.86849975585938,117.52661308288576,46.61758239836729,3384.9665515968964,58.180465377967685,25.219864691031795,-1.2894889212189131
2020-08-21,164.23599243164062,116.9804680633545,46.61758239836729,3384.9665515968964,58.180465377967685,25.219864691031795,-1.2894889212189131
2020-08-24,165.3730010986328,117.28709350585937,46.61758239836729,3384.9665515968964,58.180465377967685,25.219864691031795,-1.2894889212189131
2020-08-25,167.32449340820312,117.45045318603516,46.61758239836729,3384.9665515968964,58.180465377967685,25.219864691031795,-1.2894889212189131
2020-08-26,172.09249877929688,118.47640350341797,46.61758239836729,3384.9665515968964,58.180465377967685,25.219864691031795,-1.2894889212189131
2020-08-27,170.0,117.4841131591797,46.61758239836729,3384.9665515968964,58.180465377967685,25.219864691031795,-1.2894889212189131
2020-08-28,170.08999633789062,116.98351806640625,46.61758239836729,3384.9665515968964,58.180465377967685,25.219864691031795,-1.2894889212189131
2020-08-31,172.54800415039062,117.37036323547363,46.61758239836729,3384.9665515968964,58.180465377967685,25.219864691031795,-1.2894889212189131
2020-09-01,174.95599365234375,116.976748046875,46.61758239836729,3384.9665515968964,58.180465377967685,25.219864691031795,-1.2894889212189131
2020-09-02,176.57249450683594,117.37828788757324,46.61758239836729,3384.9665515968964,58.180465377967685,25.219864691031795,-1.2894889212189131
2020-09-03,168.39999389648438,118.64337348937988,46.61758239836729,3384.9665515968964,58.180465377967685,25.219864691031795,-1.2894889212189131
2020-09-04,164.7310028076172,118.64337348937988,46.61758239836729,3384.9665515968964,58.180465377967685,25.219864691031795,-1.2894889212189131
2020-09-08,157.49200439453125,118.20207336425781,46.61758239836729,3384.9665515968964,58.180465377967685,25.219864691031795,-1.2894889212189131
2020-09-09,163.4304962158203,117.27687355041503,46.61758239836729,3384.9665515968964,58.180465377967685,25.219864691031795,-1.2894889212189131
2020-09-10,158.7554931640625,117.26749839782717,46.61758239836729,3384.9665515968964,58.180465377967685,25.219864691031795,-1.2894889212189131
2020-09-11,155.81100463867188,117.36084838867187,46.61758239836729,3384.9665515968964,58.180465377967685,25.219864691031795,-1.2894889212189131
2020-09-14,155.14849853515625,117.44998817443847,46.61758239836729,3384.9665515968964,58.180465377967685,25.219864691031795,-1.2894889212189131
2020-09-15,157.80650329589844,117.45791282653809,46.61758239836729,3384.9665515968964,58.180465377967685,25.219864691031795,-1.2894889212189131
2020-09-16,153.90499877929688,117.46299835205077,46.61758239836729,3384.9665515968964,58.180465377967685,25.219864691031795,-1.2894889212189131
2020-09-17,150.43649291992188,118.17224800109864,46.61758239836729,3384.9665515968964,58.180465377967685,25.219864691031795,-1.2894889212189131
2020-09-18,147.74549865722656,118.68340850830079,46.61758239836729,3384.9665515968964,58.180465377967685,25.219864691031795,-1.2894889212189131
2020-09-21,148.02349853515625,118.05780822753906,46.61758239836729,3384.9665515968964,58.180465377967685,25.219864691031795,-1.2894889212189131
2020-09-22,156.44949340820312,118.56508850097656,46.61758239836729,3384.9665515968964,58.180465377967685,25.219864691031795,-1.2894889212189131
2020-09-23,149.9929962158203,117.60174835205078,46.61758239836729,3384.9665515968964,58.180465377967685,25.219864691031795,-1.2894889212189131
2020-09-24,150.989501953125,117.69707328796386,46.61758239836729,3384.9665515968964,58.180465377967685,25.219864691031795,-1.2894889212189131
2020-09-25,154.75650024414062,117.45570831298828,46.61758239836729,3384.9665515968964,58.180465377967685,25.219864691031795,-1.2894889212189131
2020-09-28,158.70249938964844,117.45791282653809,46.61758239836729,3384.9665515968964,58.180465377967685,25.219864691031795,-1.2894889212189131
2020-09-29,157.24400329589844,117.21463790893554,46.61758239836729,3384.9665515968964,58.180465377967685,25.219864691031795,-1.2894889212189131
2020-09-30,157.43649291992188,117.52661308288576,46.61758239836729,3384.9665515968964,58.180465377967685,25.219864691031795,-1.2894889212189131
2020-10-01,161.06300354003906,116.9574430847168,46.61758239836729,3384.9665515968964,58.180465377967685,25.219864691031795,-1.2894889212189131
2020-10-02,156.25,117.84661788940431,46.61758239836729,3384.9665515968964,58.180465377967685,25.219864691031795,-1.2894889212189131
2020-10-05,159.9600067138672,117.45791282653809,46.61758239836729,3384.9665515968964,58.180465377967685,25.219864691031795,-1.2894889212189131
2020-10-06,154.9980010986328,117.45045318603516,46.61758239836729,3384.9665515968964,58.180465377967685,25.219864691031795,-1.2894889212189131
2020-10-07,159.7845001220703,117.54542282104494,46.61758239836729,3384.9665515968964,58.180465377967685,25.219864691031795,-1.2894889212189131
2020-10-08,159.52749633789062,117.44939781188965,46.61758239836729,3384.9665515968964,58.180465377967685,25.219864691031795,-1.2894889212189131
2020-10-09,164.33250427246094,117.45045318603516,46.61758239836729,3384.9665515968964,58.180465377967685,25.219864691031795,-1.2894889212189131
2020-10-12,172.14649963378906,118.64337348937988,46.61758239836729,3384.9665515968964,58.180465377967685,25.219864691031795,-1.2894889212189131
2020-10-13,172.18150329589844,117.69940780639651,46.61758239836729,3384.9665515968964,58.180465377967685,25.219864691031795,-1.2894889212189131
2020-10-14,168.1855010986328,117.9907382965088,46.61758239836729,3384.9665515968964,58.180465377967685,25.219864691031795,-1.2894889212189131
2020-10-15,166.9324951171875,117.52707809448243,46.61758239836729,3384.9665515968964,58.180465377967685,25.219864691031795,-1.2894889212189131
2020-10-16,163.635498046875,118.3592283630371,46.61758239836729,3384.9665515968964,58.180465377967685,25.219864691031795,-1.2894889212189131
2020-10-19,160.36050415039062,117.4409383392334,46.61758239836729,3384.9665515968964,58.180465377967685,25.219864691031795,-1.2894889212189131
2020-10-20,160.85049438476562,117.52661308288576,46.61758239836729,3384.9665515968964,58.180465377967685,25.219864691031795,-1.2894889212189131
2020-10-21,159.2469940185547,117.52661308288576,46.61758239836729,3384.9665515968964,58.180465377967685,25.219864691031795,-1.2894889212189131
2020-10-22,158.82000732421875,117.52661308288576,46.61758239836729,3384.9665515968964,58.180465377967685,25.219864691031795,-1.2894889212189131
2020-10-23,160.22000122070312,117.45791282653809,46.61758239836729,3384.9665515968964,58.180465377967685,25.219864691031795,-1.2894889212189131
2020-10-26,160.3520050048828,117.93742332458496,46.61758239836729,3384.9665515968964,58.180465377967685,25.219864691031795,-1.2894889212189131
2020-10-27,164.31649780273438,117.52661308288576,46.61758239836729,3384.9665515968964,58.180465377967685,25.219864691031795,-1.2894889212189131
2020-10-28,158.13900756835938,117.54322845458984,46.61758239836729,3384.9665515968964,58.180465377967685,25.219864691031795,-1.2894889212189131
2020-10-29,160.55050659179688,118.47068336486817,46.61758239836729,3384.9665515968964,58.180465377967685,25.219864691031795,-1.2894889212189131
2020-10-30,151.8074951171875,118.64337348937988,46.61758239836729,3384.9665515968964,58.180465377967685,25.219864691031795,-1.2894889212189131
2020-11-02,150.2239990234375,118.67418838500977,46.61758239836729,3384.9665515968964,58.180465377967685,25.219864691031795,-1.2894889212189131
2020-11-03,152.42050170898438,117.47914833068847,46.61758239836729,3384.9665515968964,58.180465377967685,25.219864691031795,-1.2894889212189131
2020-11-04,162.05799865722656,118.58479835510254,46.61758239836729,3384.9665515968964,58.180465377967685,25.219864691031795,-1.2894889212189131
2020-11-05,166.10000610351562,118.1394580078125,46.61758239836729,3384.9665515968964,58.180465377967685,25.219864691031795,-1.2894889212189131
2020-11-06,165.56849670410156,117.44998817443847,46.61758239836729,3384.9665515968964,58.180465377967685,25.219864691031795,-1.2894889212189131
2020-11-09,157.18699645996094,118.63415336608887,46.61758239836729,3384.9665515968964,58.180465377967685,25.219864691031795,-1.2894889212189131
2020-11-10,151.75100708007812,118.31188835144043,46.61758239836729,3384.9665515968964,58.180465377967685,25.219864691031795,-1.2894889212189131
2020-11-11,156.8695068359375,117.44998817443847,46.61758239836729,3384.9665515968964,58.180465377967685,25.219864691031795,-1.2894889212189131
2020-11-12,155.51400756835938,117.44998817443847,46.61758239836729,3384.9665515968964,58.180465377967685,25.219864691031795,-1.2894889212189131
2020-11-13,156.4405059814453,117.21463790893554,46.61758239836729,3384.9665515968964,58.180465377967685,25.219864691031795,-1.2894889212189131
2020-11-16,156.55299377441406,117.67411781311037,46.61758239836729,3384.9665515968964,58.180465377967685,25.219864691031795,-1.2894889212189131
2020-11-17,156.7830047607422,116.86139808654785,46.61758239836729,3384.9665515968964,58.180465377967685,25.219864691031795,-1.2894889212189131
2020-11-18,155.2729949951172,116.96776809692383,46.61758239836729,3384.9665515968964,58.180465377967685,25.219864691031795,-1.2894889212189131
2020-11-19,155.8509979248047,116.98051307678223,46.61758239836729,3384.9665515968964,58.180465377967685,25.219864691031795,-1.2894889212189131
2020-11-20,154.97000122070312,116.97540306091308,46.61758239836729,3384.9665515968964,58.180465377967685,25.219864691031795,-1.2894889212189131
2020-11-23,154.91949462890625,117.52661308288576,46.61758239836729,3384.9665515968964,58.180465377967685,25.219864691031795,-1.2894889212189131
2020-11-24,155.9029998779297,116.976748046875,46.61758239836729,3384.9665515968964,58.180465377967685,25.219864691031795,-1.2894889212189131
2020-11-25,159.2534942626953,117.21970291137696,46.61758239836729,3384.9665515968964,58.180465377967685,25.219864691031795,-1.2894889212189131
2020-11-27,159.76699829101562,117.002338180542,46.61758239836729,3384.9665515968964,58.180465377967685,25.219864691031795,-1.2894889212189131
2020-11-30,158.40199279785156,117.45570831298828,46.61758239836729,3384.9665515968964,58.180465377967685,25.219864691031795,-1.2894889212189131
2020-12-01,161.00399780273438,117.37036323547363,46.61758239836729,3384.9665515968964,58.180465377967685,25.219864691031795,-1.2894889212189131
2020-12-02,160.17649841308594,117.45446281433105,46.61758239836729,3384.9665515968964,58.180465377967685,25.219864691031795,-1.2894889212189131
2020-12-03,159.3365020751953,116.98351806640625,46.61758239836729,3384.9665515968964,58.180465377967685,25.219864691031795,-1.2894889212189131
2020-12-04,158.12899780273438,116.98723808288574,46.61758239836729,3384.9665515968964,58.180465377967685,25.219864691031795,-1.2894889212189131
2020-12-07,157.89999389648438,117.02346817016601,46.61758239836729,3384.9665515968964,58.180465377967685,25.219864691031795,-1.2894889212189131
2020-12-08,158.864501953125,117.45791282653809,46.61758239836729,3384.9665515968964,58.180465377967685,25.219864691031795,-1.2894889212189131
2020-12-09,155.2100067138672,117.31704826354982,46.61758239836729,3384.9665515968964,58.180465377967685,25.219864691031795,-1.2894889212189131
2020-12-10,155.07449340820312,117.45446281433105,46.61758239836729,3384.9665515968964,58.180465377967685,25.219864691031795,-1.2894889212189131
2020-12-11,155.8209991455078,116.97329803466796,46.61758239836729,3384.9665515968964,58.180465377967685,25.219864691031795,-1.2894889212189131
2020-12-14,157.84849548339844,117.41203300476074,46.61758239836729,3384.9665515968964,58.180465377967685,25.219864691031795,-1.2894889212189131
2020-12-15,158.25599670410156,117.45837783813477,46.61758239836729,3384.9665515968964,58.180465377967685,25.219864691031795,-1.2894889212189131
2020-12-16,162.04800415039062,117.53202827453613,46.61758239836729,3384.9665515968964,58.180465377967685,25.219864691031795,-1.2894889212189131
2020-12-17,161.8040008544922,116.98139808654786,46.61758239836729,3384.9665515968964,58.180465377967685,25.219864691031795,-1.2894889212189131
2020-12-18,160.08250427246094,118.34828826904297,46.61758239836729,3384.9665515968964,58.180465377967685,25.219864691031795,-1.2894889212189131
2020-12-21,160.3090057373047,117.37828788757324,46.61758239836729,3384.9665515968964,58.180465377967685,25.219864691031795,-1.2894889212189131
2020-12-22,160.3260040283203,117.01840316772461,46.61758239836729,3384.9665515968964,58.180465377967685,25.219864691031795,-1.2894889212189131
2020-12-23,159.2635040283203,117.03768821716308,46.61758239836729,3384.9665515968964,58.180465377967685,25.219864691031795,-1.2894889212189131
2020-12-24,158.63450622558594,116.99377815246582,46.61758239836729,3384.9665515968964,58.180465377967685,25.219864691031795,-1.2894889212189131
2020-12-28,164.197998046875,117.75206855773926,46.61758239836729,3384.9665515968964,58.180465377967685,25.219864691031795,-1.2894889212189131
2020-12-29,166.10000610351562,117.56301803588867,46.61758239836729,3384.9665515968964,58.180465377967685,25.219864691031795,-1.2894889212189131
2020-12-30,164.29249572753906,117.45446281433105,46.61758239836729,3384.9665515968964,58.180465377967685,25.219864691031795,-1.2894889212189131
2020-12-31,162.84649658203125,116.97701805114747,46.61758239836729,3384.9665515968964,58.180465377967685,25.219864691031795,-1.2894889212189131
2021-01-04,159.3314971923828,117.45610847473145,46.61758239836729,3384.9665515968964,58.180465377967685,25.219864691031795,-1.2894889212189131
2021-01-05,160.92550659179688,117.49312789916992,46.61758239836729,3384.9665515968964,58.180465377967685,25.219864691031795,-1.2894889212189131
2021-01-06,156.91900634765625,117.41203300476074,46.61758239836729,3384.9665515968964,58.180465377967685,25.219864691031795,-1.2894889212189131
2021-01-07,158.10800170898438,116.9574430847168,46.61758239836729,3384.9665515968964,58.180465377967685,25.219864691031795,-1.2894889212189131
2021-01-08,159.13499450683594,116.97767807006836,46.61758239836729,3384.9665515968964,58.180465377967685,25.219864691031795,-1.2894889212189131
2021-01-11,155.7104949951172,116.93471313476563,46.61758239836729,3384.9665515968964,58.180465377967685,25.219864691031795,-1.2894889212189131
2021-01-12,156.04150390625,117.21970291137696,46.61758239836729,3384.9665515968964,58.180465377967685,25.219864691031795,-1.2894889212189131
2021-01-13,158.29449462890625,117.54542282104494,46.61758239836729,3384.9665515968964,58.180465377967685,25.219864691031795,-1.2894889212189131
2021-01-14,156.37350463867188,117.21625289916992,46.61758239836729,3384.9665515968964,58.180465377967685,25.219864691031795,-1.2894889212189131
2021-01-15,155.21249389648438,116.84280326843262,46.61758239836729,3384.9665515968964,58.180465377967685,25.219864691031795,-1.2894889212189131
2021-01-19,156.03799438476562,116.976748046875,46.61758239836729,3384.9665515968964,58.180465377967685,25.219864691031795,-1.2894889212189131
2021-01-20,163.16900634765625,117.50343353271484,46.61758239836729,3384.9665515968964,58.180465377967685,25.219864691031795,-1.2894889212189131
2021-01-21,165.34950256347656,117.45206802368165,46.61758239836729,3384.9665515968964,58.180465377967685,25.219864691031795,-1.2894889212189131
2021-01-22,164.6114959716797,116.98723808288574,46.61758239836729,3384.9665515968964,58.180465377967685,25.219864691031795,-1.2894889212189131
2021-01-25,164.6999969482422,117.4409383392334,46.61758239836729,3384.9665515968964,58.180465377967685,25.219864691031795,-1.2894889212189131
2021-01-26,166.30650329589844,117.21625289916992,46.61758239836729,3384.9665515968964,58.180465377967685,25.219864691031795,-1.2894889212189131
2021-01-27,161.62899780273438,117.41607345581055,46.61758239836729,3384.9665515968964,58.180465377967685,25.219864691031795,-1.2894889212189131
2021-01-28,161.88099670410156,117.65205787658694,46.61758239836729,3384.9665515968964,58.180465377967685,25.219864691031795,-1.2894889212189131
2021-01-29,160.30999755859375,116.82349830627442,46.61758239836729,3384.9665515968964,58.180465377967685,25.219864691031795,-1.2894889212189131
2021-02-01,167.1439971923828,117.30961853027344,46.61758239836729,3384.9665515968964,58.180465377967685,25.219864691031795,-1.2894889212189131
2021-02-02,169.0,118.71069816589356,46.61758239836729,3384.9665515968964,58.180465377967685,25.219864691031795,-1.2894889212189131
2021-02-03,165.62649536132812,118.62014862060546,46.61758239836729,3384.9665515968964,58.180465377967685,25.219864691031795,-1.2894889212189131
2021-02-04,166.5500030517578,117.54542282104494,46.61758239836729,3384.9665515968964,58.180465377967685,25.219864691031795,-1.2894889212189131
2021-02-05,167.6074981689453,117.52661308288576,46.61758239836729,3384.9665515968964,58.180465377967685,25.219864691031795,-1.2894889212189131
2021-02-08,166.14700317382812,117.45791282653809,46.61758239836729,3384.9665515968964,58.180465377967685,25.219864691031795,-1.2894889212189131
2021-02-09,165.25,116.99161315917969,46.61758239836729,3384.9665515968964,58.180465377967685,25.219864691031795,-1.2894889212189131
2021-02-10,164.32899475097656,117.45446281433105,46.61758239836729,3384.9665515968964,58.180465377967685,25.219864691031795,-1.2894889212189131
2021-02-11,163.10650634765625,117.02696319580077,46.61758239836729,3384.9665515968964,58.180465377967685,25.219864691031795,-1.2894889212189131
2021-02-12,163.885498046875,117.0245281982422,46.61758239836729,3384.9665515968964,58.180465377967685,25.219864691031795,-1.2894889212189131
2021-02-16,163.44749450683594,116.8966131591797,46.61758239836729,3384.9665515968964,58.180465377967685,25.219864691031795,-1.2894889212189131
2021-02-17,165.4320068359375,117.45791282653809,46.61758239836729,3384.9665515968964,58.180465377967685,25.219864691031795,-1.2894889212189131
2021-02-18,166.4114990234375,117.45446281433105,46.61758239836729,3384.9665515968964,58.180465377967685,25.219864691031795,-1.2894889212189131
2021-02-19,162.4949951171875,117.31704826354982,46.61758239836729,3384.9665515968964,58.180465377967685,25.219864691031795,-1.2894889212189131
2021-02-22,159.03700256347656,117.45791282653809,46.61758239836729,3384.9665515968964,58.180465377967685,25.219864691031795,-1.2894889212189131
2021-02-23,159.72500610351562,117.48885345458984,46.61758239836729,3384.9665515968964,58.180465377967685,25.219864691031795,-1.2894889212189131
2021-02-24,157.97650146484375,116.97329803466796,46.61758239836729,3384.9665515968964,58.180465377967685,25.219864691031795,-1.2894889212189131
2021-02-25,152.85800170898438,117.41503341674806,46.61758239836729,3384.9665515968964,58.180465377967685,25.219864691031795,-1.2894889212189131
2021-02-26,154.64649963378906,117.37323326110841,46.61758239836729,3384.9665515968964,58.180465377967685,25.219864691031795,-1.2894889212189131
2021-03-01,157.3070068359375,117.00287818908691,46.61758239836729,3384.9665515968964,58.180465377967685,25.219864691031795,-1.2894889212189131
2021-03-02,154.72650146484375,117.54355812072755,46.61758239836729,3384.9665515968964,58.180465377967685,25.219864691031795,-1.2894889212189131
2021-03-03,150.25,117.30961853027344,46.61758239836729,3384.9665515968964,58.180465377967685,25.219864691031795,-1.2894889212189131
2021-03-04,148.8784942626953,117.78481353759766,46.61758239836729,3384.9665515968964,58.180465377967685,25.219864691031795,-1.2894889212189131
2021-03-05,150.0229949951172,117.47797859191894,46.61758239836729,3384.9665515968964,58.180465377967685,25.219864691031795,-1.2894889212189131
2021-03-08,147.59750366210938,117.33005844116212,46.61758239836729,3384.9665515968964,58.180465377967685,25.219864691031795,-1.2894889212189131
2021-03-09,153.1425018310547,117.37323326110841,46.61758239836729,3384.9665515968964,58.180465377967685,25.219864691031795,-1.2894889212189131
2021-03-10,152.8820037841797,117.44653816223145,46.61758239836729,3384.9665515968964,58.180465377967685,25.219864691031795,-1.2894889212189131
2021-03-11,155.67950439453125,116.98351806640625,46.61758239836729,3384.9665515968964,58.180465377967685,25.219864691031795,-1.2894889212189131
2021-03-12,154.47450256347656,116.9978131866455,46.61758239836729,3384.9665515968964,58.180465377967685,25.219864691031795,-1.2894889212189131
2021-03-15,154.08399963378906,116.96421310424805,46.61758239836729,3384.9665515968964,58.180465377967685,25.219864691031795,-1.2894889212189131
2021-03-16,154.59300231933594,116.9978131866455,46.61758239836729,3384.9665515968964,58.180465377967685,25.219864691031795,-1.2894889212189131
2021-03-17,156.7864990234375,117.45225830078125,46.61758239836729,3384.9665515968964,58.180465377967685,25.219864691031795,-1.2894889212189131
2021-03-18,151.39950561523438,117.45045318603516,46.61758239836729,3384.9665515968964,58.180465377967685,25.219864691031795,-1.2894889212189131
2021-03-19,153.7480010986328,117.45206802368165,46.61758239836729,3384.9665515968964,58.180465377967685,25.219864691031795,-1.2894889212189131
2021-03-22,155.5435028076172,117.4595728302002,46.61758239836729,3384.9665515968964,58.180465377967685,25.219864691031795,-1.2894889212189131
2021-03-23,156.875,117.37828788757324,46.61758239836729,3384.9665515968964,58.180465377967685,25.219864691031795,-1.2894889212189131
2021-03-24,154.35350036621094,117.52316307067873,46.61758239836729,3384.9665515968964,58.180465377967685,25.219864691031795,-1.2894889212189131
2021-03-25,152.31300354003906,117.65597290039064,46.61758239836729,3384.9665515968964,58.180465377967685,25.219864691031795,-1.2894889212189131
2021-03-26,152.60150146484375,117.45791282653809,46.61758239836729,3384.9665515968964,58.180465377967685,25.219864691031795,-1.2894889212189131
2021-03-29,153.7864990234375,117.49312789916992,46.61758239836729,3384.9665515968964,58.180465377967685,25.219864691031795,-1.2894889212189131
2021-03-30,152.76449584960938,117.01840316772461,46.61758239836729,3384.9665515968964,58.180465377967685,25.219864691031795,-1.2894889212189131
2021-03-31,154.70399475097656,117.21625289916992,46.61758239836729,3384.9665515968964,58.180465377967685,25.219864691031795,-1.2894889212189131
2021-04-01,158.0500030517578,116.98351806640625,46.61758239836729,3384.9665515968964,58.180465377967685,25.219864691031795,-1.2894889212189131
2021-04-05,161.3365020751953,117.44698814392092,46.61758239836729,3384.9665515968964,58.180465377967685,25.219864691031795,-1.2894889212189131
2021-04-06,161.1909942626953,117.02401817321777,46.61758239836729,3384.9665515968964,58.180465377967685,25.219864691031795,-1.2894889212189131
2021-04-07,163.96949768066406,117.44698814392092,46.61758239836729,3384.9665515968964,58.180465377967685,25.219864691031795,-1.2894889212189131
2021-04-08,164.96499633789062,116.98995307922364,46.61758239836729,3384.9665515968964,58.180465377967685,25.219864691031795,-1.2894889212189131
2021-04-09,168.61000061035156,117.53202827453613,46.61758239836729,3384.9665515968964,58.180465377967685,25.219864691031795,-1.2894889212189131
2021-04-12,168.96949768066406,116.9202781677246,46.61758239836729,3384.9665515968964,58.180465377967685,25.219864691031795,-1.2894889212189131
2021-04-13,170.0,116.9202781677246,46.61758239836729,3384.9665515968964,58.180465377967685,25.219864691031795,-1.2894889212189131
2021-04-14,166.64999389648438,117.52362808227541,46.61758239836729,3384.9665515968964,58.180465377967685,25.219864691031795,-1.2894889212189131
2021-04-15,168.95449829101562,116.98139808654786,46.61758239836729,3384.9665515968964,58.180465377967685,25.219864691031795,-1.2894889212189131
2021-04-16,169.9720001220703,116.95492309570312,46.61758239836729,3384.9665515968964,58.180465377967685,25.219864691031795,-1.2894889212189131
2021-04-19,168.60049438476562,117.54355812072755,46.61758239836729,3384.9665515968964,58.180465377967685,25.219864691031795,-1.2894889212189131
2021-04-20,166.7344970703125,117.5720778656006,46.61758239836729,3384.9665515968964,58.180465377967685,25.219864691031795,-1.2894889212189131
2021-04-21,168.1009979248047,117.49312789916992,46.61758239836729,3384.9665515968964,58.180465377967685,25.219864691031795,-1.2894889212189131
2021-04-22,165.45199584960938,117.69106285095216,46.61758239836729,3384.9665515968964,58.180465377967685,25.219864691031795,-1.2894889212189131
2021-04-23,167.04400634765625,117.37483787536621,46.61758239836729,3384.9665515968964,58.180465377967685,25.219864691031795,-1.2894889212189131
2021-04-26,170.4499969482422,117.53662353515625,46.61758239836729,3384.9665515968964,58.180465377967685,25.219864691031795,-1.2894889212189131
2021-04-27,170.8715057373047,117.41203300476074,46.61758239836729,3384.9665515968964,58.180465377967685,25.219864691031795,-1.2894889212189131
2021-04-28,172.9250030517578,117.47393814086914,46.61758239836729,3384.9665515968964,58.180465377967685,25.219864691031795,-1.2894889212189131
2021-04-29,173.5655059814453,118.81109832763671,46.61758239836729,3384.9665515968964,58.180465377967685,25.219864691031795,-1.2894889212189131
2021-04-30,173.37100219726562,118.64581344604493,46.61758239836729,3384.9665515968964,58.180465377967685,25.219864691031795,-1.2894889212189131
2021-05-03,169.32449340820312,118.17335845947265,46.61758239836729,3384.9665515968964,58.180465377967685,25.219864691031795,-1.2894889212189131
2021-05-04,165.593505859375,117.72246337890626,46.61758239836729,3384.9665515968964,58.180465377967685,25.219864691031795,-1.2894889212189131
2021-05-05,163.52699279785156,117.44998817443847,46.61758239836729,3384.9665515968964,58.180465377967685,25.219864691031795,-1.2894889212189131
2021-05-06,165.31849670410156,117.3920429992676,46.61758239836729,3384.9665515968964,58.180465377967685,25.219864691031795,-1.2894889212189131
2021-05-07,164.58050537109375,116.84652328491211,46.61758239836729,3384.9665515968964,58.180465377967685,25.219864691031795,-1.2894889212189131
2021-05-10,159.52450561523438,118.16763832092285,46.61758239836729,3384.9665515968964,58.180465377967685,25.219864691031795,-1.2894889212189131
2021-05-11,161.19549560546875,117.38337341308593,46.61758239836729,3384.9665515968964,58.180465377967685,25.219864691031795,-1.2894889212189131
2021-05-12,157.5970001220703,117.37323326110841,46.61758239836729,3384.9665515968964,58.180465377967685,25.219864691031795,-1.2894889212189131
2021-05-13,158.07350158691406,117.67411781311037,46.61758239836729,3384.9665515968964,58.180465377967685,25.219864691031795,-1.2894889212189131
2021-05-14,161.14500427246094,116.976748046875,46.61758239836729,3384.9665515968964,58.180465377967685,25.219864691031795,-1.2894889212189131
2021-05-17,163.51950073242188,117.45791282653809,46.61758239836729,3384.9665515968964,58.180465377967685,25.219864691031795,-1.2894889212189131
2021-05-18,161.61399841308594,117.52320808410646,46.61758239836729,3384.9665515968964,58.180465377967685,25.219864691031795,-1.2894889212189131
2021-05-19,161.58999633789062,117.00637321472168,46.61758239836729,3384.9665515968964,58.180465377967685,25.219864691031795,-1.2894889212189131
2021-05-20,162.38400268554688,117.05297325134278,46.61758239836729,3384.9665515968964,58.180465377967685,25.219864691031795,-1.2894889212189131
2021-05-21,160.1540069580078,117.45791282653809,46.61758239836729,3384.9665515968964,58.180465377967685,25.219864691031795,-1.2894889212189131
2021-05-24,162.24949645996094,116.9891781616211,46.61758239836729,3384.9665515968964,58.180465377967685,25.219864691031795,-1.2894889212189131
2021-05-25,162.95249938964844,117.45791282653809,46.61758239836729,3384.9665515968964,58.180465377967685,25.219864691031795,-1.2894889212189131
2021-05-26,163.25799560546875,116.99161315917969,46.61758239836729,3384.9665515968964,58.180465377967685,25.219864691031795,-1.2894889212189131
2021-05-27,161.5054931640625,117.01895317077637,46.61758239836729,3384.9665515968964,58.180465377967685,25.219864691031795,-1.2894889212189131
2021-05-28,161.15350341796875,117.01895317077637,46.61758239836729,3384.9665515968964,58.180465377967685,25.219864691031795,-1.2894889212189131
2021-06-01,160.9324951171875,117.01840316772461,46.61758239836729,3384.9665515968964,58.180465377967685,25.219864691031795,-1.2894889212189131
2021-06-02,161.69949340820312,117.02912818908692,46.61758239836729,3384.9665515968964,58.180465377967685,25.219864691031795,-1.2894889212189131
2021-06-03,159.35049438476562,117.02401817321777,46.61758239836729,3384.9665515968964,58.180465377967685,25.219864691031795,-1.2894889212189131
2021-06-04,160.31100463867188,117.04279823303223,46.61758239836729,3384.9665515968964,58.180465377967685,25.219864691031795,-1.2894889212189131
2021-06-07,159.90049743652344,117.02346817016601,46.61758239836729,3384.9665515968964,58.180465377967685,25.219864691031795,-1.2894889212189131
2021-06-08,163.20550537109375,117.30453300476074,46.61758239836729,3384.9665515968964,58.180465377967685,25.219864691031795,-1.2894889212189131
2021-06-09,164.0574951171875,117.02401817321777,46.61758239836729,3384.9665515968964,58.180465377967685,25.219864691031795,-1.2894889212189131
2021-06-10,167.4824981689453,117.69171302795411,46.61758239836729,3384.9665515968964,58.180465377967685,25.219864691031795,-1.2894889212189131
2021-06-11,167.3415069580078,116.94791816711425,46.61758239836729,3384.9665515968964,58.180465377967685,25.219864691031795,-1.2894889212189131
2021-06-14,169.19349670410156,117.02103317260742,46.61758239836729,3384.9665515968964,58.180465377967685,25.219864691031795,-1.2894889212189131
2021-06-15,169.156494140625,117.02185317993164,46.61758239836729,3384.9665515968964,58.180465377967685,25.219864691031795,-1.2894889212189131
2021-06-16,170.7624969482422,117.47393814086914,46.61758239836729,3384.9665515968964,58.180465377967685,25.219864691031795,-1.2894889212189131
2021-06-17,174.46200561523438,117.53662353515625,46.61758239836729,3384.9665515968964,58.180465377967685,25.219864691031795,-1.2894889212189131
2021-06-18,174.34500122070312,117.05344841003418,46.61758239836729,3384.9665515968964,58.180465377967685,25.219864691031795,-1.2894889212189131
2021-06-21,172.697998046875,116.84280326843262,46.61758239836729,3384.9665515968964,58.180465377967685,25.219864691031795,-1.2894889212189131
2021-06-22,175.27200317382812,117.3920429992676,46.61758239836729,3384.9665515968964,58.180465377967685,25.219864691031795,-1.2894889212189131
2021-06-23,175.1909942626953,116.98723808288574,46.61758239836729,3384.9665515968964,58.180465377967685,25.219864691031795,-1.2894889212189131
2021-06-24,172.45399475097656,117.50500343322754,46.61758239836729,3384.9665515968964,58.180465377967685,25.219864691031795,-1.2894889212189131
2021-06-25,170.072998046875,117.69171302795411,46.61758239836729,3384.9665515968964,58.180465377967685,25.219864691031795,-1.2894889212189131
2021-06-28,172.1945037841797,117.02185317993164,46.61758239836729,3384.9665515968964,58.180465377967685,25.219864691031795,-1.2894889212189131
2021-06-29,172.40699768066406,117.01895317077637,46.61758239836729,3384.9665515968964,58.180465377967685,25.219864691031795,-1.2894889212189131
2021-06-30,172.00799560546875,117.02346817016601,46.61758239836729,3384.9665515968964,58.180465377967685,25.219864691031795,-1.2894889212189131
2021-07-01,171.64849853515625,117.01596817016602,46.61758239836729,3384.9665515968964,58.180465377967685,25.219864691031795,-1.2894889212189131
2021-07-02,175.5489959716797,117.52362808227541,46.61758239836729,3384.9665515968964,58.180465377967685,25.219864691031795,-1.2894889212189131
2021-07-06,183.78700256347656,118.38154350280762,46.61758239836729,3384.9665515968964,58.180465377967685,25.219864691031795,-1.2894889212189131
2021-07-07,184.82899475097656,117.235728225708,46.61758239836729,3384.9665515968964,58.180465377967685,25.219864691031795,-1.2894889212189131
2021-07-08,186.57049560546875,117.43794357299805,46.61758239836729,3384.9665515968964,58.180465377967685,25.219864691031795,-1.2894889212189131
2021-07-09,185.9669952392578,116.78683815002441,46.61758239836729,3384.9665515968964,58.180465377967685,25.219864691031795,-1.2894889212189131
2021-07-12,185.9275054931641,117.49312789916992,46.61758239836729,3384.9665515968964,58.180465377967685,25.219864691031795,-1.2894889212189131
2021-07-13,183.8679962158203,117.37608337402344,46.61758239836729,3384.9665515968964,58.180465377967685,25.219864691031795,-1.2894889212189131
2021-07-14,184.08399963378903,117.21970291137696,46.61758239836729,3384.9665515968964,58.180465377967685,25.219864691031795,-1.2894889212189131
2021-07-15,181.55999755859372,117.52316307067873,46.61758239836729,3384.9665515968964,58.180465377967685,25.219864691031795,-1.2894889212189131
2021-07-16,178.68150329589844,117.37323326110841,46.61758239836729,3384.9665515968964,58.180465377967685,25.219864691031795,-1.2894889212189131
2021-07-19,177.47950744628906,116.89725318908691,46.61758239836729,3384.9665515968964,58.180465377967685,25.219864691031795,-1.2894889212189131
2021-07-20,178.6595001220703,117.52661308288576,46.61758239836729,3384.9665515968964,58.180465377967685,25.219864691031795,-1.2894889212189131
2021-07-21,179.25999450683594,117.01840316772461,46.61758239836729,3384.9665515968964,58.180465377967685,25.219864691031795,-1.2894889212189131
2021-07-22,181.9015045166016,117.45791282653809,46.61758239836729,3384.9665515968964,58.180465377967685,25.219864691031795,-1.2894889212189131
2021-07-23,182.83200073242188,117.02346817016601,46.61758239836729,3384.9665515968964,58.180465377967685,25.219864691031795,-1.2894889212189131
2021-07-26,184.99099731445312,117.4595728302002,46.61758239836729,3384.9665515968964,58.180465377967685,25.219864691031795,-1.2894889212189131
2021-07-27,181.3195037841797,117.33005844116212,46.61758239836729,3384.9665515968964,58.180465377967685,25.219864691031795,-1.2894889212189131
2021-07-28,181.51600646972656,117.21625289916992,46.61758239836729,3384.9665515968964,58.180465377967685,25.219864691031795,-1.2894889212189131
2021-07-29,179.99600219726562,117.70754806518555,46.61758239836729,3384.9665515968964,58.180465377967685,25.219864691031795,-1.2894889212189131
2021-07-30,166.37950134277344,119.01820343017579,46.61758239836729,3384.9665515968964,58.180465377967685,25.219864691031795,-1.2894889212189131
2021-08-02,166.57400512695312,116.9804680633545,46.61758239836729,3384.9665515968964,58.180465377967685,25.219864691031795,-1.2894889212189131
2021-08-03,168.31199645996094,117.37036323547363,46.61758239836729,3384.9665515968964,58.180465377967685,25.219864691031795,-1.2894889212189131
2021-08-04,167.73599243164062,116.99161315917969,46.61758239836729,3384.9665515968964,58.180465377967685,25.219864691031795,-1.2894889212189131
2021-08-05,168.79949951171875,117.01596817016602,46.61758239836729,3384.9665515968964,58.180465377967685,25.219864691031795,-1.2894889212189131
2021-08-06,167.2469940185547,117.02103317260742,46.61758239836729,3384.9665515968964,58.180465377967685,25.219864691031795,-1.2894889212189131
2021-08-09,167.093505859375,117.03768821716308,46.61758239836729,3384.9665515968964,58.180465377967685,25.219864691031795,-1.2894889212189131
2021-08-10,166.03399658203125,117.01840316772461,46.61758239836729,3384.9665515968964,58.180465377967685,25.219864691031795,-1.2894889212189131
2021-08-11,164.60549926757812,117.4595728302002,46.61758239836729,3384.9665515968964,58.180465377967685,25.219864691031795,-1.2894889212189131
2021-08-12,165.1750030517578,117.01840316772461,46.61758239836729,3384.9665515968964,58.180465377967685,25.219864691031795,-1.2894889212189131
2021-08-13,164.69850158691406,117.05297325134278,46.61758239836729,3384.9665515968964,58.180465377967685,25.219864691031795,-1.2894889212189131
2021-08-16,164.94949340820312,117.45045318603516,46.61758239836729,3384.9665515968964,58.180465377967685,25.219864691031795,-1.2894889212189131
2021-08-17,162.09800720214844,117.1772029876709,46.61758239836729,3384.9665515968964,58.180465377967685,25.219864691031795,-1.2894889212189131
2021-08-18,160.06100463867188,116.86812309265137,46.61758239836729,3384.9665515968964,58.180465377967685,25.219864691031795,-1.2894889212189131
2021-08-19,159.3874969482422,116.82349830627442,46.61758239836729,3384.9665515968964,58.180465377967685,25.219864691031795,-1.2894889212189131
2021-08-20,159.99749755859375,116.98572807312011,46.61758239836729,3384.9665515968964,58.180465377967685,25.219864691031795,-1.2894889212189131
2021-08-23,163.2935028076172,117.67411781311037,46.61758239836729,3384.9665515968964,58.180465377967685,25.219864691031795,-1.2894889212189131
2021-08-24,165.28900146484375,117.02346817016601,46.61758239836729,3384.9665515968964,58.180465377967685,25.219864691031795,-1.2894889212189131
2021-08-25,164.95899963378906,116.99161315917969,46.61758239836729,3384.9665515968964,58.180465377967685,25.219864691031795,-1.2894889212189131
2021-08-26,165.8000030517578,117.01840316772461,46.61758239836729,3384.9665515968964,58.180465377967685,25.219864691031795,-1.2894889212189131
2021-08-27,167.48150634765625,117.02346817016601,46.61758239836729,3384.9665515968964,58.180465377967685,25.219864691031795,-1.2894889212189131
2021-08-30,171.07850646972656,117.3135982513428,46.61758239836729,3384.9665515968964,58.180465377967685,25.219864691031795,-1.2894889212189131
2021-08-31,173.5395050048828,117.58708839416504,46.61758239836729,3384.9665515968964,58.180465377967685,25.219864691031795,-1.2894889212189131
2021-09-01,173.9499969482422,116.97103332519531,46.61758239836729,3384.9665515968964,58.180465377967685,25.219864691031795,-1.2894889212189131
2021-09-02,173.156005859375,117.14173797607423,46.61758239836729,3384.9665515968964,58.180465377967685,25.219864691031795,-1.2894889212189131
2021-09-03,173.90249633789062,117.02103317260742,46.61758239836729,3384.9665515968964,58.180465377967685,25.219864691031795,-1.2894889212189131
2021-09-07,175.46449279785156,117.00287818908691,46.61758239836729,3384.9665515968964,58.180465377967685,25.219864691031795,-1.2894889212189131
2021-09-08,176.27499389648438,116.91195816040039,46.61758239836729,3384.9665515968964,58.180465377967685,25.219864691031795,-1.2894889212189131
2021-09-09,174.20799255371094,117.69106285095216,46.61758239836729,3384.9665515968964,58.180465377967685,25.219864691031795,-1.2894889212189131
2021-09-10,173.45750427246094,117.02346817016601,46.61758239836729,3384.9665515968964,58.180465377967685,25.219864691031795,-1.2894889212189131
2021-09-13,172.85850524902344,117.49312789916992,46.61758239836729,3384.9665515968964,58.180465377967685,25.219864691031795,-1.2894889212189131
2021-09-14,172.5,117.01596817016602,46.61758239836729,3384.9665515968964,58.180465377967685,25.219864691031795,-1.2894889212189131
2021-09-15,173.7895050048828,117.44353813171388,46.61758239836729,3384.9665515968964,58.180465377967685,25.219864691031795,-1.2894889212189131
2021-09-16,174.41200256347656,117.02103317260742,46.61758239836729,3384.9665515968964,58.180465377967685,25.219864691031795,-1.2894889212189131
2021-09-17,173.12600708007812,117.04911842346192,46.61758239836729,3384.9665515968964,58.180465377967685,25.219864691031795,-1.2894889212189131
2021-09-20,167.7864990234375,117.54391357421875,46.61758239836729,3384.9665515968964,58.180465377967685,25.219864691031795,-1.2894889212189131
2021-09-21,167.18150329589844,116.98351806640625,46.61758239836729,3384.9665515968964,58.180465377967685,25.219864691031795,-1.2894889212189131
2021-09-22,169.00250244140625,117.02103317260742,46.61758239836729,3384.9665515968964,58.180465377967685,25.219864691031795,-1.2894889212189131
2021-09-23,170.8000030517578,117.02103317260742,46.61758239836729,3384.9665515968964,58.180465377967685,25.219864691031795,-1.2894889212189131
2021-09-24,171.2760009765625,117.02346817016601,46.61758239836729,3384.9665515968964,58.180465377967685,25.219864691031795,-1.2894889212189131
2021-09-27,170.2899932861328,117.48073326110841,46.61758239836729,3384.9665515968964,58.180465377967685,25.219864691031795,-1.2894889212189131
2021-09-28,165.79800415039062,117.55389839172364,46.61758239836729,3384.9665515968964,58.180465377967685,25.219864691031795,-1.2894889212189131
2021-09-29,165.05599975585938,117.00287818908691,46.61758239836729,3384.9665515968964,58.180465377967685,25.219864691031795,-1.2894889212189131
2021-09-30,164.2519989013672,116.86858810424805,46.61758239836729,3384.9665515968964,58.180465377967685,25.219864691031795,-1.2894889212189131
2021-10-01,164.16299438476562,116.96514312744141,46.61758239836729,3384.9665515968964,58.180465377967685,25.219864691031795,-1.2894889212189131
2021-10-04,159.48899841308594,117.50343353271484,46.61758239836729,3384.9665515968964,58.180465377967685,25.219864691031795,-1.2894889212189131
2021-10-05,161.0500030517578,117.37828788757324,46.61758239836729,3384.9665515968964,58.180465377967685,25.219864691031795,-1.2894889212189131
2021-10-06,163.10049438476562,117.49312789916992,46.61758239836729,3384.9665515968964,58.180465377967685,25.219864691031795,-1.2894889212189131
2021-10-07,165.1215057373047,117.02346817016601,46.61758239836729,3384.9665515968964,58.180465377967685,25.219864691031795,-1.2894889212189131
2021-10-08,164.43099975585938,117.01895317077637,46.61758239836729,3384.9665515968964,58.180465377967685,25.219864691031795,-1.2894889212189131
2021-10-11,162.31500244140625,116.8966131591797,46.61758239836729,3384.9665515968964,58.180465377967685,25.219864691031795,-1.2894889212189131
2021-10-12,162.3665008544922,117.02912818908692,46.61758239836729,3384.9665515968964,58.180465377967685,25.219864691031795,-1.2894889212189131
2021-10-13,164.21400451660156,117.02401817321777,46.61758239836729,3384.9665515968964,58.180465377967685,25.219864691031795,-1.2894889212189131
2021-10-14,164.9929962158203,117.04279823303223,46.61758239836729,3384.9665515968964,58.180465377967685,25.219864691031795,-1.2894889212189131
2021-10-15,170.4510040283203,117.54391357421875,46.61758239836729,3384.9665515968964,58.180465377967685,25.219864691031795,-1.2894889212189131
2021-10-18,172.33700561523438,117.30108299255372,46.61758239836729,3384.9665515968964,58.180465377967685,25.219864691031795,-1.2894889212189131
2021-10-19,172.20750427246094,117.02401817321777,46.61758239836729,3384.9665515968964,58.180465377967685,25.219864691031795,-1.2894889212189131
2021-10-20,170.7530059814453,117.49312789916992,46.61758239836729,3384.9665515968964,58.180465377967685,25.219864691031795,-1.2894889212189131
2021-10-21,171.75050354003906,117.01840316772461,46.61758239836729,3384.9665515968964,58.180465377967685,25.219864691031795,-1.2894889212189131
2021-10-22,166.77749633789062,117.2988784790039,46.61758239836729,3384.9665515968964,58.180465377967685,25.219864691031795,-1.2894889212189131
2021-10-25,166.01849365234375,117.00287818908691,46.61758239836729,3384.9665515968964,58.180465377967685,25.219864691031795,-1.2894889212189131
2021-10-26,168.80349731445312,117.67245292663576,46.61758239836729,3384.9665515968964,58.180465377967685,25.219864691031795,-1.2894889212189131
2021-10-27,169.62449645996094,117.49312789916992,46.61758239836729,3384.9665515968964,58.180465377967685,25.219864691031795,-1.2894889212189131
2021-10-28,172.32850646972656,117.80096351623536,46.61758239836729,3384.9665515968964,58.180465377967685,25.219864691031795,-1.2894889212189131
2021-10-29,168.6215057373047,118.50230346679687,46.61758239836729,3384.9665515968964,58.180465377967685,25.219864691031795,-1.2894889212189131
2021-11-01,165.90550231933594,117.48073326110841,46.61758239836729,3384.9665515968964,58.180465377967685,25.219864691031795,-1.2894889212189131
2021-11-02,165.6374969482422,117.02103317260742,46.61758239836729,3384.9665515968964,58.180465377967685,25.219864691031795,-1.2894889212189131
2021-11-03,169.1999969482422,117.30232849121094,46.61758239836729,3384.9665515968964,58.180465377967685,25.219864691031795,-1.2894889212189131
2021-11-04,173.85000610351562,117.51116859436036,46.61758239836729,3384.9665515968964,58.180465377967685,25.219864691031795,-1.2894889212189131
2021-11-05,175.94949340820312,117.49771339416503,46.61758239836729,3384.9665515968964,58.180465377967685,25.219864691031795,-1.2894889212189131
2021-11-08,174.44900512695312,117.44653816223145,46.61758239836729,3384.9665515968964,58.180465377967685,25.219864691031795,-1.2894889212189131
2021-11-09,178.81149291992188,117.47584327697754,46.61758239836729,3384.9665515968964,58.180465377967685,25.219864691031795,-1.2894889212189131
2021-11-10,174.1024932861328,117.24705848693847,46.61758239836729,3384.9665515968964,58.180465377967685,25.219864691031795,-1.2894889212189131
2021-11-11,173.625,117.53849311828615,46.61758239836729,3384.9665515968964,58.180465377967685,25.219864691031795,-1.2894889212189131
2021-11-12,176.25750732421875,117.49609336853027,46.61758239836729,3384.9665515968964,58.180465377967685,25.219864691031795,-1.2894889212189131
2021-11-15,177.28399658203125,117.54708282470705,46.61758239836729,3384.9665515968964,58.180465377967685,25.219864691031795,-1.2894889212189131
2021-11-16,177.03500366210938,116.9978131866455,46.61758239836729,3384.9665515968964,58.180465377967685,25.219864691031795,-1.2894889212189131
2021-11-17,177.4499969482422,117.02346817016601,46.61758239836729,3384.9665515968964,58.180465377967685,25.219864691031795,-1.2894889212189131
2021-11-18,184.8029937744141,117.71203353881836,46.61758239836729,3384.9665515968964,58.180465377967685,25.219864691031795,-1.2894889212189131
2021-11-19,183.82850646972656,117.47584327697754,46.61758239836729,3384.9665515968964,58.180465377967685,25.219864691031795,-1.2894889212189131
2021-11-22,178.6284942626953,117.41607345581055,46.61758239836729,3384.9665515968964,58.180465377967685,25.219864691031795,-1.2894889212189131
2021-11-23,179.0019989013672,117.47914833068847,46.61758239836729,3384.9665515968964,58.180465377967685,25.219864691031795,-1.2894889212189131
2021-11-24,179.02049255371094,117.54705314636232,46.61758239836729,3384.9665515968964,58.180465377967685,25.219864691031795,-1.2894889212189131
2021-11-26,175.22799682617188,117.43702331542968,46.61758239836729,3384.9665515968964,58.180465377967685,25.219864691031795,-1.2894889212189131
2021-11-29,178.07850646972656,117.45791282653809,46.61758239836729,3384.9665515968964,58.180465377967685,25.219864691031795,-1.2894889212189131
2021-11-30,175.35350036621094,117.32576850891114,46.61758239836729,3384.9665515968964,58.180465377967685,25.219864691031795,-1.2894889212189131
2021-12-01,172.18600463867188,117.35062843322754,46.61758239836729,3384.9665515968964,58.180465377967685,25.219864691031795,-1.2894889212189131
2021-12-02,171.8679962158203,117.54542282104494,46.61758239836729,3384.9665515968964,58.180465377967685,25.219864691031795,-1.2894889212189131
2021-12-03,169.489501953125,117.28709350585937,46.61758239836729,3384.9665515968964,58.180465377967685,25.219864691031795,-1.2894889212189131
2021-12-06,171.36849975585938,117.4409383392334,46.61758239836729,3384.9665515968964,58.180465377967685,25.219864691031795,-1.2894889212189131
2021-12-07,176.1645050048828,117.52661308288576,46.61758239836729,3384.9665515968964,58.180465377967685,25.219864691031795,-1.2894889212189131
2021-12-08,176.1580047607422,117.01596817016602,46.61758239836729,3384.9665515968964,58.180465377967685,25.219864691031795,-1.2894889212189131
2021-12-09,174.17100524902344,117.24985298156739,46.61758239836729,3384.9665515968964,58.180465377967685,25.219864691031795,-1.2894889212189131
2021-12-10,172.21200561523438,117.45954833984375,46.61758239836729,3384.9665515968964,58.180465377967685,25.219864691031795,-1.2894889212189131
2021-12-13,169.5675048828125,117.45446281433105,46.61758239836729,3384.9665515968964,58.180465377967685,25.219864691031795,-1.2894889212189131
2021-12-14,169.0915069580078,117.4595728302002,46.61758239836729,3384.9665515968964,58.180465377967685,25.219864691031795,-1.2894889212189131
2021-12-15,173.31500244140625,117.24705848693847,46.61758239836729,3384.9665515968964,58.180465377967685,25.219864691031795,-1.2894889212189131
2021-12-16,168.87100219726562,117.43702331542968,46.61758239836729,3384.9665515968964,58.180465377967685,25.219864691031795,-1.2894889212189131
2021-12-17,170.0175018310547,117.48885345458984,46.61758239836729,3384.9665515968964,58.180465377967685,25.219864691031795,-1.2894889212189131
2021-12-20,167.07899475097656,116.98723808288574,46.61758239836729,3384.9665515968964,58.180465377967685,25.219864691031795,-1.2894889212189131
2021-12-21,170.41700744628906,117.45736831665039,46.61758239836729,3384.9665515968964,58.180465377967685,25.219864691031795,-1.2894889212189131
2021-12-22,171.03700256347656,117.69106285095216,46.61758239836729,3384.9665515968964,58.180465377967685,25.219864691031795,-1.2894889212189131
2021-12-23,171.06849670410156,117.02696319580077,46.61758239836729,3384.9665515968964,58.180465377967685,25.219864691031795,-1.2894889212189131
2021-12-27,169.66949462890625,117.52827308654787,46.61758239836729,3384.9665515968964,58.180465377967685,25.219864691031795,-1.2894889212189131
2021-12-28,170.66099548339844,117.49312789916992,46.61758239836729,3384.9665515968964,58.180465377967685,25.219864691031795,-1.2894889212189131
2021-12-29,169.2010040283203,117.00637321472168,46.61758239836729,3384.9665515968964,58.180465377967685,25.219864691031795,-1.2894889212189131
2021-12-30,168.64450073242188,117.01596817016602,46.61758239836729,3384.9665515968964,58.180465377967685,25.219864691031795,-1.2894889212189131
2021-12-31,166.7169952392578,117.25491798400878,46.61758239836729,3384.9665515968964,58.180465377967685,25.219864691031795,-1.2894889212189131
2022-01-03,170.4044952392578,117.2931583404541,46.61758239836729,3384.9665515968964,58.180465377967685,25.219864691031795,-1.2894889212189131
2022-01-04,167.52200317382812,117.48156341552735,46.61758239836729,3384.9665515968964,58.180465377967685,25.219864691031795,-1.2894889212189131
2022-01-05,164.35699462890625,117.06287307739258,46.61758239836729,3384.9665515968964,58.180465377967685,25.219864691031795,-1.2894889212189131
2022-01-06,163.25399780273438,117.25491798400878,46.61758239836729,3384.9665515968964,58.180465377967685,25.219864691031795,-1.2894889212189131
2022-01-07,162.5540008544922,117.49312789916992,46.61758239836729,3384.9665515968964,58.180465377967685,25.219864691031795,-1.2894889212189131
2022-01-10,161.48599243164062,117.51072357177735,46.61758239836729,3384.9665515968964,58.180465377967685,25.219864691031795,-1.2894889212189131
2022-01-11,165.36199951171875,117.37992340087891,46.61758239836729,3384.9665515968964,58.180465377967685,25.219864691031795,-1.2894889212189131
2022-01-12,165.20700073242188,117.02103317260742,46.61758239836729,3384.9665515968964,58.180465377967685,25.219864691031795,-1.2894889212189131
2022-01-13,161.21400451660156,117.47265335083007,46.61758239836729,3384.9665515968964,58.180465377967685,25.219864691031795,-1.2894889212189131
2022-01-14,162.13800048828125,117.02103317260742,46.61758239836729,3384.9665515968964,58.180465377967685,25.219864691031795,-1.2894889212189131
2022-01-18,158.91749572753906,116.95402328491211,46.61758239836729,3384.9665515968964,58.180465377967685,25.219864691031795,-1.2894889212189131
2022-01-19,156.2989959716797,117.49312789916992,46.61758239836729,3384.9665515968964,58.180465377967685,25.219864691031795,-1.2894889212189131
2022-01-20,151.66749572753906,117.45610847473145,46.61758239836729,3384.9665515968964,58.180465377967685,25.219864691031795,-1.2894889212189131
2022-01-21,142.64300537109375,118.64337348937988,46.61758239836729,3384.9665515968964,58.180465377967685,25.219864691031795,-1.2894889212189131
2022-01-24,144.54400634765625,118.68921348571777,46.61758239836729,3384.9665515968964,58.180465377967685,25.219864691031795,-1.2894889212189131
2022-01-25,139.98599243164062,117.48885345458984,46.61758239836729,3384.9665515968964,58.180465377967685,25.219864691031795,-1.2894889212189131
2022-01-26,138.87249755859375,117.41607345581055,46.61758239836729,3384.9665515968964,58.180465377967685,25.219864691031795,-1.2894889212189131
2022-01-27,139.6374969482422,117.37608337402344,46.61758239836729,3384.9665515968964,58.180465377967685,25.219864691031795,-1.2894889212189131
2022-01-28,143.97799682617188,117.4409383392334,46.61758239836729,3384.9665515968964,58.180465377967685,25.219864691031795,-1.2894889212189131
2022-01-31,149.57350158691406,117.36084838867187,46.61758239836729,3384.9665515968964,58.180465377967685,25.219864691031795,-1.2894889212189131
2022-02-01,151.19349670410156,117.52316307067873,46.61758239836729,3384.9665515968964,58.180465377967685,25.219864691031795,-1.2894889212189131
2022-02-02,150.6125030517578,117.28709350585937,46.61758239836729,3384.9665515968964,58.180465377967685,25.219864691031795,-1.2894889212189131
2022-02-03,138.8455047607422,119.01631385803222,46.61758239836729,3384.9665515968964,58.180465377967685,25.219864691031795,-1.2894889212189131
2022-02-04,157.63949584960938,118.98649879455566,46.61758239836729,3384.9665515968964,58.180465377967685,25.219864691031795,-1.2894889212189131
2022-02-07,157.9355010986328,117.38337341308593,46.61758239836729,3384.9665515968964,58.180465377967685,25.219864691031795,-1.2894889212189131
2022-02-08,161.4134979248047,117.44047332763672,46.61758239836729,3384.9665515968964,58.180465377967685,25.219864691031795,-1.2894889212189131
2022-02-09,161.1894989013672,117.65550788879396,46.61758239836729,3384.9665515968964,58.180465377967685,25.219864691031795,-1.2894889212189131
2022-02-10,159.0034942626953,117.45284782409668,46.61758239836729,3384.9665515968964,58.180465377967685,25.219864691031795,-1.2894889212189131
2022-02-11,153.2935028076172,117.44047332763672,46.61758239836729,3384.9665515968964,58.180465377967685,25.219864691031795,-1.2894889212189131
2022-02-14,155.16700744628906,117.44047332763672,46.61758239836729,3384.9665515968964,58.180465377967685,25.219864691031795,-1.2894889212189131
2022-02-15,156.510498046875,117.5380128479004,46.61758239836729,3384.9665515968964,58.180465377967685,25.219864691031795,-1.2894889212189131
2022-02-16,158.10049438476562,117.52937812805177,46.61758239836729,3384.9665515968964,58.180465377967685,25.219864691031795,-1.2894889212189131
2022-02-17,154.65249633789062,117.42173835754394,46.61758239836729,3384.9665515968964,58.180465377967685,25.219864691031795,-1.2894889212189131
2022-02-18,152.60150146484375,117.44147315979004,46.61758239836729,3384.9665515968964,58.180465377967685,25.219864691031795,-1.2894889212189131
2022-02-22,150.19749450683594,117.44998817443847,46.61758239836729,3384.9665515968964,58.180465377967685,25.219864691031795,-1.2894889212189131
2022-02-23,144.82699584960938,117.3969882965088,46.61758239836729,3384.9665515968964,58.180465377967685,25.219864691031795,-1.2894889212189131
2022-02-24,151.35800170898438,117.24705848693847,46.61758239836729,3384.9665515968964,58.180465377967685,25.219864691031795,-1.2894889212189131
2022-02-25,153.7884979248047,117.45225830078125,46.61758239836729,3384.9665515968964,58.180465377967685,25.219864691031795,-1.2894889212189131
2022-02-28,153.56300354003906,117.65210289001466,46.61758239836729,3384.9665515968964,58.180465377967685,25.219864691031795,-1.2894889212189131
2022-03-01,151.14199829101562,117.52937812805177,46.61758239836729,3384.9665515968964,58.180465377967685,25.219864691031795,-1.2894889212189131
2022-03-02,152.05250549316406,117.52937812805177,46.61758239836729,3384.9665515968964,58.180465377967685,25.219864691031795,-1.2894889212189131
2022-03-03,147.89849853515625,117.40043830871582,46.61758239836729,3384.9665515968964,58.180465377967685,25.219864691031795,-1.2894889212189131
2022-03-04,145.64100646972656,117.52316307067873,46.61758239836729,3384.9665515968964,58.180465377967685,25.219864691031795,-1.2894889212189131
2022-03-07,137.4530029296875,117.41607345581055,46.61758239836729,3384.9665515968964,58.180465377967685,25.219864691031795,-1.2894889212189131
2022-03-08,136.01449584960938,117.41607345581055,46.61758239836729,3384.9665515968964,58.180465377967685,25.219864691031795,-1.2894889212189131
2022-03-09,139.2790069580078,117.49954299926759,46.61758239836729,3384.9665515968964,58.180465377967685,25.219864691031795,-1.2894889212189131
2022-03-10,146.8175048828125,118.49299850463868,46.61758239836729,3384.9665515968964,58.180465377967685,25.219864691031795,-1.2894889212189131
2022-03-11,145.52450561523438,117.52661308288576,46.61758239836729,3384.9665515968964,58.180465377967685,25.219864691031795,-1.2894889212189131
2022-03-14,141.85299682617188,117.36084838867187,46.61758239836729,3384.9665515968964,58.180465377967685,25.219864691031795,-1.2894889212189131
2022-03-15,147.3665008544922,117.36084838867187,46.61758239836729,3384.9665515968964,58.180465377967685,25.219864691031795,-1.2894889212189131
2022-03-16,153.10400390625,117.33005844116212,46.61758239836729,3384.9665515968964,58.180465377967685,25.219864691031795,-1.2894889212189131
2022-03-17,157.23899841308594,117.46346336364746,46.61758239836729,3384.9665515968964,58.180465377967685,25.219864691031795,-1.2894889212189131
2022-03-18,161.25050354003906,117.48885345458984,46.61758239836729,3384.9665515968964,58.180465377967685,25.219864691031795,-1.2894889212189131
2022-03-21,161.4915008544922,117.67411781311037,46.61758239836729,3384.9665515968964,58.180465377967685,25.219864691031795,-1.2894889212189131
2022-03-22,164.88900756835938,117.44653816223145,46.61758239836729,3384.9665515968964,58.180465377967685,25.219864691031795,-1.2894889212189131
2022-03-23,163.4080047607422,117.52827308654787,46.61758239836729,3384.9665515968964,58.180465377967685,25.219864691031795,-1.2894889212189131
2022-03-24,163.64950561523438,117.52827308654787,46.61758239836729,3384.9665515968964,58.180465377967685,25.219864691031795,-1.2894889212189131
2022-03-25,164.77349853515625,117.48806289672852,46.61758239836729,3384.9665515968964,58.180465377967685,25.219864691031795,-1.2894889212189131
2022-03-28,168.99049377441406,117.52316307067873,46.61758239836729,3384.9665515968964,58.180465377967685,25.219864691031795,-1.2894889212189131
2022-03-29,169.31500244140625,117.45791282653809,46.61758239836729,3384.9665515968964,58.180465377967685,25.219864691031795,-1.2894889212189131
2022-03-30,166.30099487304688,117.54708282470705,46.61758239836729,3384.9665515968964,58.180465377967685,25.219864691031795,-1.2894889212189131
2022-03-31,162.99749755859375,117.67066780090335,46.61758239836729,3384.9665515968964,58.180465377967685,25.219864691031795,-1.2894889212189131
2022-04-01,163.55999755859375,117.67577781677248,46.61758239836729,3384.9665515968964,58.180465377967685,25.219864691031795,-1.2894889212189131
2022-04-04,168.34649658203125,117.46758834838867,46.61758239836729,3384.9665515968964,58.180465377967685,25.219864691031795,-1.2894889212189131
2022-04-05,164.05499267578125,117.47265335083007,46.61758239836729,3384.9665515968964,58.180465377967685,25.219864691031795,-1.2894889212189131
2022-04-06,158.75599670410156,117.30232849121094,46.61758239836729,3384.9665515968964,58.180465377967685,25.219864691031795,-1.2894889212189131
2022-04-07,157.7845001220703,117.38337341308593,46.61758239836729,3384.9665515968964,58.180465377967685,25.219864691031795,-1.2894889212189131
2022-04-08,154.4604949951172,117.49312789916992,46.61758239836729,3384.9665515968964,58.180465377967685,25.219864691031795,-1.2894889212189131
2022-04-11,151.1219940185547,117.67245292663576,46.61758239836729,3384.9665515968964,58.180465377967685,25.219864691031795,-1.2894889212189131
2022-04-12,150.78750610351562,117.48080833435058,46.61758239836729,3384.9665515968964,58.180465377967685,25.219864691031795,-1.2894889212189131
2022-04-13,155.54100036621094,117.45741836547852,46.61758239836729,3384.9665515968964,58.180465377967685,25.219864691031795,-1.2894889212189131
2022-04-14,151.7064971923828,117.46693321228027,46.61758239836729,3384.9665515968964,58.180465377967685,25.219864691031795,-1.2894889212189131
2022-04-18,152.78500366210938,117.54355812072755,46.61758239836729,3384.9665515968964,58.180465377967685,25.219864691031795,-1.2894889212189131
2022-04-19,158.11549377441406,117.41738334655761,46.61758239836729,3384.9665515968964,58.180465377967685,25.219864691031795,-1.2894889212189131
2022-04-20,153.9980010986328,117.44353813171388,46.61758239836729,3384.9665515968964,58.180465377967685,25.219864691031795,-1.2894889212189131
2022-04-21,148.29600524902344,117.24360847473145,46.61758239836729,3384.9665515968964,58.180465377967685,25.219864691031795,-1.2894889212189131
2022-04-22,144.35000610351562,117.45610847473145,46.61758239836729,3384.9665515968964,58.180465377967685,25.219864691031795,-1.2894889212189131
2022-04-25,146.07400512695312,117.44353813171388,46.61758239836729,3384.9665515968964,58.180465377967685,25.219864691031795,-1.2894889212189131
2022-04-26,139.39100646972656,117.45610847473145,46.61758239836729,3384.9665515968964,58.180465377967685,25.219864691031795,-1.2894889212189131
2022-04-27,138.16700744628906,117.41503341674806,46.61758239836729,3384.9665515968964,58.180465377967685,25.219864691031795,-1.2894889212189131
2022-04-28,144.59649658203125,118.20654846191407,46.61758239836729,3384.9665515968964,58.180465377967685,25.219864691031795,-1.2894889212189131
2022-04-29,124.28150177001952,118.98649879455566,46.61758239836729,3384.9665515968964,58.180465377967685,25.219864691031795,-1.2894889212189131
2022-05-02,124.5,118.72924850463868,46.61758239836729,3384.9665515968964,58.180465377967685,25.219864691031795,-1.2894889212189131
2022-05-03,124.25350189208984,117.54588783264163,46.61758239836729,3384.9665515968964,58.180465377967685,25.219864691031795,-1.2894889212189131
2022-05-04,125.92849731445312,117.69700843811034,46.61758239836729,3384.9665515968964,58.180465377967685,25.219864691031795,-1.2894889212189131
2022-05-05,116.40699768066406,118.48652420043945,46.61758239836729,3384.9665515968964,58.180465377967685,25.219864691031795,-1.2894889212189131
2022-05-06,114.77249908447266,115.66483558654785,46.61758239836729,3384.9665515968964,58.180465377967685,25.219864691031795,-1.2894889212189131
2022-05-09,108.78900146484376,112.49458038330079,46.61758239836729,3384.9665515968964,58.180465377967685,25.219864691031795,-1.2894889212189131
2022-05-10,108.85900115966795,110.30793029785156,46.61758239836729,3384.9665515968964,58.180465377967685,25.219864691031795,-1.2894889212189131
2022-05-11,105.37200164794922,107.63533470153808,46.61758239836729,3384.9665515968964,58.180465377967685,25.219864691031795,-1.2894889212189131
2022-05-12,106.93049621582033,106.9203034210205,46.61758239836729,3384.9665515968964,58.180465377967685,25.219864691031795,-1.2894889212189131
2022-05-13,113.05500030517578,110.93858535766601,46.61758239836729,3384.9665515968964,58.180465377967685,25.219864691031795,-1.2894889212189131
2022-05-16,110.8105010986328,113.81765090942383,46.61758239836729,3384.9665515968964,58.180465377967685,25.219864691031795,-1.2894889212189131
2022-05-17,115.36849975585938,114.4146713256836,46.61758239836729,3384.9665515968964,58.180465377967685,25.219864691031795,-1.2894889212189131
2022-05-18,107.1125030517578,110.72716506958008,46.61758239836729,3384.9665515968964,58.180465377967685,25.219864691031795,-1.2894889212189131
2022-05-19,107.31900024414062,107.86901512145997,46.61758239836729,3384.9665515968964,58.180465377967685,25.219864691031795,-1.2894889212189131
2022-05-20,107.59100341796876,108.43617477416993,46.61758239836729,3384.9665515968964,58.180465377967685,25.219864691031795,-1.2894889212189131
2022-05-23,107.55699920654295,107.64425415039062,46.61758239836729,3384.9665515968964,58.180465377967685,25.219864691031795,-1.2894889212189131
2022-05-24,104.0999984741211,103.85458358764649,46.61758239836729,3384.9665515968964,58.180465377967685,25.219864691031795,-1.2894889212189131
2022-05-25,106.7750015258789,107.13651428222656,46.61758239836729,3384.9665515968964,58.180465377967685,25.219864691031795,-1.2894889212189131
2022-05-26,111.07749938964844,109.40534530639648,46.61758239836729,3384.9665515968964,58.180465377967685,25.219864691031795,-1.2894889212189131
2022-05-27,115.14649963378906,114.2185358428955,46.61758239836729,3384.9665515968964,58.180465377967685,25.219864691031795,-1.2894889212189131
2022-05-31,120.20950317382812,118.5124893951416,46.61758239836729,3384.9665515968964,58.180465377967685,25.219864691031795,-1.2894889212189131
2022-06-01,121.68399810791016,118.27543815612793,46.61758239836729,3384.9665515968964,58.180465377967685,25.219864691031795,-1.2894889212189131
2022-06-02,125.51100158691406,117.46299835205077,46.61758239836729,3384.9665515968964,58.180465377967685,25.219864691031795,-1.2894889212189131
2022-06-03,122.3499984741211,117.54542282104494,46.61758239836729,3384.9665515968964,58.180465377967685,25.219864691031795,-1.2894889212189131
2022-06-06,124.79000091552734,118.41449836730958,46.61758239836729,3384.9665515968964,58.180465377967685,25.219864691031795,-1.2894889212189131
2022-06-07,123.0,117.54542282104494,46.61758239836729,3384.9665515968964,58.180465377967685,25.219864691031795,-1.2894889212189131
2022-06-08,121.18000030517578,117.45284782409668,46.61758239836729,3384.9665515968964,58.180465377967685,25.219864691031795,-1.2894889212189131
2022-06-09,116.1500015258789,117.05999420166016,46.61758239836729,3384.9665515968964,58.180465377967685,25.219864691031795,-1.2894889212189131
2022-06-10,109.6500015258789,112.98770080566406,46.61758239836729,3384.9665515968964,58.180465377967685,25.219864691031795,-1.2894889212189131
2022-06-13,103.66999816894533,104.94431427001953,46.61758239836729,3384.9665515968964,58.180465377967685,25.219864691031795,-1.2894889212189131
2022-06-14,102.30999755859376,103.60561332702636,46.61758239836729,3384.9665515968964,58.180465377967685,25.219864691031795,-1.2894889212189131
2022-06-15,107.66999816894533,107.53233360290527,46.61758239836729,3384.9665515968964,58.180465377967685,25.219864691031795,-1.2894889212189131
2022-06-16,103.66000366210938,103.97845397949219,46.61758239836729,3384.9665515968964,58.180465377967685,25.219864691031795,-1.2894889212189131
2022-06-17,106.22000122070312,105.05900466918945,46.61758239836729,3384.9665515968964,58.180465377967685,25.219864691031795,-1.2894889212189131
2022-06-21,108.68000030517578,107.78054954528808,46.61758239836729,3384.9665515968964,58.180465377967685,25.219864691031795,-1.2894889212189131
2022-06-22,108.9499969482422,109.17319526672364,46.61758239836729,3384.9665515968964,58.180465377967685,25.219864691031795,-1.2894889212189131
2022-06-23,112.44000244140624,111.52083045959472,46.61758239836729,3384.9665515968964,58.180465377967685,25.219864691031795,-1.2894889212189131
2022-06-24,116.45999908447266,114.1102212524414,46.61758239836729,3384.9665515968964,58.180465377967685,25.219864691031795,-1.2894889212189131
2022-06-27,113.22000122070312,114.96431068420411,46.61758239836729,3384.9665515968964,58.180465377967685,25.219864691031795,-1.2894889212189131
2022-06-28,107.4000015258789,112.51038040161133,46.61758239836729,3384.9665515968964,58.180465377967685,25.219864691031795,-1.2894889212189131
2022-06-29,108.91999816894533,107.98031044006348,46.61758239836729,3384.9665515968964,58.180465377967685,25.219864691031795,-1.2894889212189131
2022-06-30,106.20999908447266,106.67172912597657,46.61758239836729,3384.9665515968964,58.180465377967685,25.219864691031795,-1.2894889212189131
2022-07-01,109.55999755859376,107.9026449584961,46.61758239836729,3384.9665515968964,58.180465377967685,25.219864691031795,-1.2894889212189131
2022-07-05,113.5,110.15894020080566,46.61758239836729,3384.9665515968964,58.180465377967685,25.219864691031795,-1.2894889212189131
2022-07-06,114.33000183105467,114.51785087585449,46.61758239836729,3384.9665515968964,58.180465377967685,25.219864691031795,-1.2894889212189131
2022-07-07,116.33000183105467,115.09831550598145,46.61758239836729,3384.9665515968964,58.180465377967685,25.219864691031795,-1.2894889212189131
2022-07-08,115.54000091552734,114.96085556030273,46.61758239836729,3384.9665515968964,58.180465377967685,25.219864691031795,-1.2894889212189131
2022-07-11,111.75,113.92851593017578,46.61758239836729,3384.9665515968964,58.180465377967685,25.219864691031795,-1.2894889212189131
2022-07-12,109.22000122070312,112.16584083557129,46.61758239836729,3384.9665515968964,58.180465377967685,25.219864691031795,-1.2894889212189131
2022-07-13,110.4000015258789,107.99185989379883,46.61758239836729,3384.9665515968964,58.180465377967685,25.219864691031795,-1.2894889212189131
2022-07-14,110.62999725341795,109.02973541259766,46.61758239836729,3384.9665515968964,58.180465377967685,25.219864691031795,-1.2894889212189131
2022-07-15,113.5500030517578,114.0544660949707,46.61758239836729,3384.9665515968964,58.180465377967685,25.219864691031795,-1.2894889212189131
2022-07-18,113.76000213623048,115.00084571838379,46.61758239836729,3384.9665515968964,58.180465377967685,25.219864691031795,-1.2894889212189131
2022-07-19,118.20999908447266,115.66733497619629,46.61758239836729,3384.9665515968964,58.180465377967685,25.219864691031795,-1.2894889212189131
2022-07-20,122.7699966430664,117.40785346984863,46.61758239836729,3384.9665515968964,58.180465377967685,25.219864691031795,-1.2894889212189131
2022-07-21,124.62999725341795,117.65205787658694,46.61758239836729,3384.9665515968964,58.180465377967685,25.219864691031795,-1.2894889212189131
2022-07-22,122.41999816894533,117.54355812072755,46.61758239836729,3384.9665515968964,58.180465377967685,25.219864691031795,-1.2894889212189131
2022-07-25,121.13999938964844,117.67245292663576,46.61758239836729,3384.9665515968964,58.180465377967685,25.219864691031795,-1.2894889212189131
2022-07-26,114.80999755859376,115.79576477050782,46.61758239836729,3384.9665515968964,58.180465377967685,25.219864691031795,-1.2894889212189131
2022-07-27,120.97000122070312,117.63147895812989,46.61758239836729,3384.9665515968964,58.180465377967685,25.219864691031795,-1.2894889212189131
2022-07-28,122.27999877929688,117.48156341552735,46.61758239836729,3384.9665515968964,58.180465377967685,25.219864691031795,-1.2894889212189131
2022-07-29,134.9499969482422,118.76792350769043,46.61758239836729,3384.9665515968964,58.180465377967685,25.219864691031795,-1.2894889212189131
2022-08-01,135.38999938964844,117.30961853027344,46.61758239836729,3384.9665515968964,58.180465377967685,25.219864691031795,-1.2894889212189131
2022-08-02,134.16000366210938,117.54197280883791,46.61758239836729,3384.9665515968964,58.180465377967685,25.219864691031795,-1.2894889212189131
2022-08-03,139.52000427246094,117.37036323547363,46.61758239836729,3384.9665515968964,58.180465377967685,25.219864691031795,-1.2894889212189131
2022-08-04,142.57000732421875,117.44698814392092,46.61758239836729,3384.9665515968964,58.180465377967685,25.219864691031795,-1.2894889212189131
2022-08-05,140.8000030517578,117.49312789916992,46.61758239836729,3384.9665515968964,58.180465377967685,25.219864691031795,-1.2894889212189131
2022-08-08,139.41000366210938,117.45741836547852,46.61758239836729,3384.9665515968964,58.180465377967685,25.219864691031795,-1.2894889212189131
2022-08-09,137.8300018310547,117.25841300964356,46.61758239836729,3384.9665515968964,58.180465377967685,25.219864691031795,-1.2894889212189131
2022-08-10,142.69000244140625,117.67245292663576,46.61758239836729,3384.9665515968964,58.180465377967685,25.219864691031795,-1.2894889212189131
2022-08-11,140.63999938964844,117.49102836608887,46.61758239836729,3384.9665515968964,58.180465377967685,25.219864691031795,-1.2894889212189131
2022-08-12,143.5500030517578,117.5720778656006,46.61758239836729,3384.9665515968964,58.180465377967685,25.219864691031795,-1.2894889212189131
2022-08-15,143.17999267578125,117.01840316772461,46.61758239836729,3384.9665515968964,58.180465377967685,25.219864691031795,-1.2894889212189131
2022-08-16,144.77999877929688,117.44653816223145,46.61758239836729,3384.9665515968964,58.180465377967685,25.219864691031795,-1.2894889212189131
2022-08-17,142.10000610351562,117.00287818908691,46.61758239836729,3384.9665515968964,58.180465377967685,25.219864691031795,-1.2894889212189131
2022-08-18,142.3000030517578,117.01596817016602,46.61758239836729,3384.9665515968964,58.180465377967685,25.219864691031795,-1.2894889212189131
2022-08-19,138.22999572753906,117.49312789916992,46.61758239836729,3384.9665515968964,58.180465377967685,25.219864691031795,-1.2894889212189131
2022-08-22,133.22000122070312,117.5720778656006,46.61758239836729,3384.9665515968964,58.180465377967685,25.219864691031795,-1.2894889212189131
2022-08-23,133.6199951171875,117.02696319580077,46.61758239836729,3384.9665515968964,58.180465377967685,25.219864691031795,-1.2894889212189131
2022-08-24,133.8000030517578,117.56701286315919,46.61758239836729,3384.9665515968964,58.180465377967685,25.219864691031795,-1.2894889212189131
2022-08-25,137.27999877929688,117.48806289672852,46.61758239836729,3384.9665515968964,58.180465377967685,25.219864691031795,-1.2894889212189131
2022-08-26,130.75,117.3372933959961,46.61758239836729,3384.9665515968964,58.180465377967685,25.219864691031795,-1.2894889212189131
2022-08-29,129.7899932861328,117.49312789916992,46.61758239836729,3384.9665515968964,58.180465377967685,25.219864691031795,-1.2894889212189131
2022-08-30,128.72999572753906,117.47265335083007,46.61758239836729,3384.9665515968964,58.180465377967685,25.219864691031795,-1.2894889212189131
2022-08-31,126.7699966430664,117.38971328735353,46.61758239836729,3384.9665515968964,58.180465377967685,25.219864691031795,-1.2894889212189131
2022-09-01,127.81999969482422,117.42620826721193,46.61758239836729,3384.9665515968964,58.180465377967685,25.219864691031795,-1.2894889212189131
2022-09-02,127.51000213623048,117.43192840576174,46.61758239836729,3384.9665515968964,58.180465377967685,25.219864691031795,-1.2894889212189131
2022-09-06,126.11000061035156,117.54355812072755,46.61758239836729,3384.9665515968964,58.180465377967685,25.219864691031795,-1.2894889212189131
2022-09-07,129.47999572753906,117.46693321228027,46.61758239836729,3384.9665515968964,58.180465377967685,25.219864691031795,-1.2894889212189131
2022-09-08,129.82000732421875,117.49312789916992,46.61758239836729,3384.9665515968964,58.180465377967685,25.219864691031795,-1.2894889212189131
2022-09-09,133.27000427246094,117.4130379486084,46.61758239836729,3384.9665515968964,58.180465377967685,25.219864691031795,-1.2894889212189131
2022-09-12,136.4499969482422,116.88662338256836,46.61758239836729,3384.9665515968964,58.180465377967685,25.219864691031795,-1.2894889212189131
2022-09-13,126.81999969482422,117.50343353271484,46.61758239836729,3384.9665515968964,58.180465377967685,25.219864691031795,-1.2894889212189131
2022-09-14,128.5500030517578,117.00287818908691,46.61758239836729,3384.9665515968964,58.180465377967685,25.219864691031795,-1.2894889212189131
2022-09-15,126.27999877929688,117.33741844177246,46.61758239836729,3384.9665515968964,58.180465377967685,25.219864691031795,-1.2894889212189131
2022-09-16,123.52999877929688,118.16247299194336,46.61758239836729,3384.9665515968964,58.180465377967685,25.219864691031795,-1.2894889212189131
2022-09-19,124.66000366210938,117.49312789916992,46.61758239836729,3384.9665515968964,58.180465377967685,25.219864691031795,-1.2894889212189131
2022-09-20,122.19000244140624,117.49312789916992,46.61758239836729,3384.9665515968964,58.180465377967685,25.219864691031795,-1.2894889212189131
2022-09-21,118.54000091552734,117.32988845825196,46.61758239836729,3384.9665515968964,58.180465377967685,25.219864691031795,-1.2894889212189131
2022-09-22,117.30999755859376,115.97375450134277,46.61758239836729,3384.9665515968964,58.180465377967685,25.219864691031795,-1.2894889212189131
2022-09-23,113.77999877929688,114.77013595581055,46.61758239836729,3384.9665515968964,58.180465377967685,25.219864691031795,-1.2894889212189131
2022-09-26,115.1500015258789,114.73996589660645,46.61758239836729,3384.9665515968964,58.180465377967685,25.219864691031795,-1.2894889212189131
2022-09-27,114.41000366210938,114.92948570251465,46.61758239836729,3384.9665515968964,58.180465377967685,25.219864691031795,-1.2894889212189131
2022-09-28,118.01000213623048,115.39737014770508,46.61758239836729,3384.9665515968964,58.180465377967685,25.219864691031795,-1.2894889212189131
2022-09-29,114.8000030517578,114.73172088623046,46.61758239836729,3384.9665515968964,58.180465377967685,25.219864691031795,-1.2894889212189131
2022-09-30,113.0,114.78431617736817,46.61758239836729,3384.9665515968964,58.180465377967685,25.219864691031795,-1.2894889212189131
2022-10-03,115.87999725341795,114.68292129516601,46.61758239836729,3384.9665515968964,58.180465377967685,25.219864691031795,-1.2894889212189131
2022-10-04,121.08999633789062,117.44761787414551,46.61758239836729,3384.9665515968964,58.180465377967685,25.219864691031795,-1.2894889212189131
2022-10-05,120.9499969482422,117.50768363952639,46.61758239836729,3384.9665515968964,58.180465377967685,25.219864691031795,-1.2894889212189131
2022-10-06,120.3000030517578,116.8707431793213,46.61758239836729,3384.9665515968964,58.180465377967685,25.219864691031795,-1.2894889212189131
2022-10-07,114.55999755859376,115.29658538818359,46.61758239836729,3384.9665515968964,58.180465377967685,25.219864691031795,-1.2894889212189131
2022-10-10,113.66999816894533,114.80538619995117,46.61758239836729,3384.9665515968964,58.180465377967685,25.219864691031795,-1.2894889212189131
2022-10-11,112.20999908447266,113.38939598083496,46.61758239836729,3384.9665515968964,58.180465377967685,25.219864691031795,-1.2894889212189131
2022-10-12,112.9000015258789,113.37365600585937,46.61758239836729,3384.9665515968964,58.180465377967685,25.219864691031795,-1.2894889212189131
2022-10-13,112.52999877929688,109.40538009643555,46.61758239836729,3384.9665515968964,58.180465377967685,25.219864691031795,-1.2894889212189131
2022-10-14,106.9000015258789,112.44591537475586,46.61758239836729,3384.9665515968964,58.180465377967685,25.219864691031795,-1.2894889212189131
2022-10-17,113.79000091552734,112.39019569396973,46.61758239836729,3384.9665515968964,58.180465377967685,25.219864691031795,-1.2894889212189131
2022-10-18,116.36000061035156,115.79550964355468,46.61758239836729,3384.9665515968964,58.180465377967685,25.219864691031795,-1.2894889212189131
2022-10-19,115.06999969482422,115.0448705291748,46.61758239836729,3384.9665515968964,58.180465377967685,25.219864691031795,-1.2894889212189131
2022-10-20,115.25,114.98941581726075,46.61758239836729,3384.9665515968964,58.180465377967685,25.219864691031795,-1.2894889212189131
2022-10-21,119.31999969482422,115.6885849761963,46.61758239836729,3384.9665515968964,58.180465377967685,25.219864691031795,-1.2894889212189131
2022-10-24,119.81999969482422,117.0857593536377,46.61758239836729,3384.9665515968964,58.180465377967685,25.219864691031795,-1.2894889212189131
2022-10-25,120.5999984741211,116.99896347045899,46.61758239836729,3384.9665515968964,58.180465377967685,25.219864691031795,-1.2894889212189131
2022-10-26,115.66000366210938,115.886859664917,46.61758239836729,3384.9665515968964,58.180465377967685,25.219864691031795,-1.2894889212189131
2022-10-27,110.95999908447266,113.72769088745117,46.61758239836729,3384.9665515968964,58.180465377967685,25.219864691031795,-1.2894889212189131
2022-10-28,103.41000366210938,99.79232391357422,46.61758239836729,3384.9665515968964,58.180465377967685,25.219864691031795,-1.2894889212189131
2022-10-31,102.44000244140624,103.13263343811035,46.61758239836729,3384.9665515968964,58.180465377967685,25.219864691031795,-1.2894889212189131
2022-11-01,96.79000091552734,100.15322357177735,46.61758239836729,3384.9665515968964,58.180465377967685,25.219864691031795,-1.2894889212189131
2022-11-02,92.12000274658205,94.30038398742676,46.61758239836729,3384.9665515968964,58.180465377967685,25.219864691031795,-1.2894889212189131
2022-11-03,89.30000305175781,90.83724533081055,46.61758239836729,3384.9665515968964,58.180465377967685,25.219864691031795,-1.2894889212189131
2022-11-04,90.9800033569336,89.45731002807617,46.61758239836729,3384.9665515968964,58.180465377967685,25.219864691031795,-1.2894889212189131
2022-11-07,90.52999877929688,90.71044586181641,46.61758239836729,3384.9665515968964,58.180465377967685,25.219864691031795,-1.2894889212189131
2022-11-08,89.9800033569336,89.7424755859375,46.61758239836729,3384.9665515968964,58.180465377967685,25.219864691031795,-1.2894889212189131
2022-11-09,86.13999938964844,88.26088539123535,46.61758239836729,3384.9665515968964,58.180465377967685,25.219864691031795,-1.2894889212189131
2022-11-10,96.62999725341795,96.01537559509278,46.61758239836729,3384.9665515968964,58.180465377967685,25.219864691031795,-1.2894889212189131
2022-11-11,100.79000091552734,98.99978958129883,46.61758239836729,3384.9665515968964,58.180465377967685,25.219864691031795,-1.2894889212189131
2022-11-14,98.48999786376952,99.00432975769043,46.61758239836729,3384.9665515968964,58.180465377967685,25.219864691031795,-1.2894889212189131
2022-11-15,98.94000244140624,99.26744453430176,46.61758239836729,3384.9665515968964,58.180465377967685,25.219864691031795,-1.2894889212189131
2022-11-16,97.12000274658205,96.79726425170898,46.61758239836729,3384.9665515968964,58.180465377967685,25.219864691031795,-1.2894889212189131
2022-11-17,94.8499984741211,95.42010948181152,46.61758239836729,3384.9665515968964,58.180465377967685,25.219864691031795,-1.2894889212189131
2022-11-18,94.13999938964844,93.89381370544433,46.61758239836729,3384.9665515968964,58.180465377967685,25.219864691031795,-1.2894889212189131
2022-11-21,92.45999908447266,93.74605499267578,46.61758239836729,3384.9665515968964,58.180465377967685,25.219864691031795,-1.2894889212189131
2022-11-22,93.1999969482422,92.4553589630127,46.61758239836729,3384.9665515968964,58.180465377967685,25.219864691031795,-1.2894889212189131
2022-11-23,94.12999725341795,93.95189353942871,46.61758239836729,3384.9665515968964,58.180465377967685,25.219864691031795,-1.2894889212189131
2022-11-25,93.41000366210938,93.9230842590332,46.61758239836729,3384.9665515968964,58.180465377967685,25.219864691031795,-1.2894889212189131
2022-11-28,93.9499969482422,95.1193952178955,46.61758239836729,3384.9665515968964,58.180465377967685,25.219864691031795,-1.2894889212189131
2022-11-29,92.41999816894533,93.47641967773437,46.61758239836729,3384.9665515968964,58.180465377967685,25.219864691031795,-1.2894889212189131
2022-11-30,96.54000091552734,94.4271696472168,46.61758239836729,3384.9665515968964,58.180465377967685,25.219864691031795,-1.2894889212189131
2022-12-01,95.5,95.55103393554687,46.61758239836729,3384.9665515968964,58.180465377967685,25.219864691031795,-1.2894889212189131
2022-12-02,94.12999725341795,94.7422900390625,46.61758239836729,3384.9665515968964,58.180465377967685,25.219864691031795,-1.2894889212189131
2022-12-05,91.01000213623048,92.94536552429199,46.61758239836729,3384.9665515968964,58.180465377967685,25.219864691031795,-1.2894889212189131
2022-12-06,88.25,89.33975059509277,46.61758239836729,3384.9665515968964,58.180465377967685,25.219864691031795,-1.2894889212189131
2022-12-07,88.45999908447266,88.62935516357422,46.61758239836729,3384.9665515968964,58.180465377967685,25.219864691031795,-1.2894889212189131
2022-12-08,90.3499984741211,89.3930200958252,46.61758239836729,3384.9665515968964,58.180465377967685,25.219864691031795,-1.2894889212189131
2022-12-09,89.08999633789062,89.50362922668457,46.61758239836729,3384.9665515968964,58.180465377967685,25.219864691031795,-1.2894889212189131
2022-12-12,90.5500030517578,89.41437889099122,46.61758239836729,3384.9665515968964,58.180465377967685,25.219864691031795,-1.2894889212189131
2022-12-13,92.48999786376952,93.91922004699707,46.61758239836729,3384.9665515968964,58.180465377967685,25.219864691031795,-1.2894889212189131
2022-12-14,91.58000183105467,92.23224929809571,46.61758239836729,3384.9665515968964,58.180465377967685,25.219864691031795,-1.2894889212189131
2022-12-15,88.44999694824219,88.27502128601074,46.61758239836729,3384.9665515968964,58.180465377967685,25.219864691031795,-1.2894889212189131
2022-12-16,87.86000061035156,88.39061416625977,46.61758239836729,3384.9665515968964,58.180465377967685,25.219864691031795,-1.2894889212189131
2022-12-19,84.91999816894531,85.81995971679687,46.61758239836729,3384.9665515968964,58.180465377967685,25.219864691031795,-1.2894889212189131
2022-12-20,85.19000244140625,86.12460876464844,46.61758239836729,3384.9665515968964,58.180465377967685,25.219864691031795,-1.2894889212189131
2022-12-21,86.7699966430664,86.05913452148438,46.61758239836729,3384.9665515968964,58.180465377967685,25.219864691031795,-1.2894889212189131
2022-12-22,83.79000091552734,83.05028396606446,46.61758239836729,3384.9665515968964,58.180465377967685,25.219864691031795,-1.2894889212189131
2022-12-23,85.25,83.55353454589844,46.61758239836729,3384.9665515968964,58.180465377967685,25.219864691031795,-1.2894889212189131
2022-12-27,83.04000091552734,83.24402404785157,46.61758239836729,3384.9665515968964,58.180465377967685,25.219864691031795,-1.2894889212189131
2022-12-28,81.81999969482422,82.65688499450684,46.61758239836729,3384.9665515968964,58.180465377967685,25.219864691031795,-1.2894889212189131
2022-12-29,84.18000030517578,83.3065341949463,46.61758239836729,3384.9665515968964,58.180465377967685,25.219864691031795,-1.2894889212189131
2022-12-30,84.0,83.3772396850586,46.61758239836729,3384.9665515968964,58.180465377967685,25.219864691031795,-1.2894889212189131
2023-01-03,85.81999969482422,86.11482444763183,46.61758239836729,3384.9665515968964,58.180465377967685,25.219864691031795,-1.2894889212189131
2023-01-04,85.13999938964844,85.1532593536377,46.61758239836729,3384.9665515968964,58.180465377967685,25.219864691031795,-1.2894889212189131
2023-01-05,83.12000274658203,84.08211540222167,46.61758239836729,3384.9665515968964,58.180465377967685,25.219864691031795,-1.2894889212189131
2023-01-06,86.08000183105469,82.75131950378417,46.61758239836729,3384.9665515968964,58.180465377967685,25.219864691031795,-1.2894889212189131
2023-01-09,87.36000061035156,88.30291519165038,46.61758239836729,3384.9665515968964,58.180465377967685,25.219864691031795,-1.2894889212189131
2023-01-10,89.87000274658203,88.6489501953125,46.61758239836729,3384.9665515968964,58.180465377967685,25.219864691031795,-1.2894889212189131
2023-01-11,95.08999633789062,94.08830574035645,46.61758239836729,3384.9665515968964,58.180465377967685,25.219864691031795,-1.2894889212189131
2023-01-12,95.2699966430664,96.03932563781738,46.61758239836729,3384.9665515968964,58.180465377967685,25.219864691031795,-1.2894889212189131
2023-01-13,98.12000274658205,96.0823641204834,46.61758239836729,3384.9665515968964,58.180465377967685,25.219864691031795,-1.2894889212189131
2023-01-17,96.0500030517578,97.93165908813477,46.61758239836729,3384.9665515968964,58.180465377967685,25.219864691031795,-1.2894889212189131
2023-01-18,95.45999908447266,97.65436416625977,46.61758239836729,3384.9665515968964,58.180465377967685,25.219864691031795,-1.2894889212189131
2023-01-19,93.68000030517578,94.04353912353515,46.61758239836729,3384.9665515968964,58.180465377967685,25.219864691031795,-1.2894889212189131
2023-01-20,97.25,96.44706619262695,46.61758239836729,3384.9665515968964,58.180465377967685,25.219864691031795,-1.2894889212189131
2023-01-23,97.5199966430664,97.02579345703126,46.61758239836729,3384.9665515968964,58.180465377967685,25.219864691031795,-1.2894889212189131
2023-01-24,96.31999969482422,97.02197372436524,46.61758239836729,3384.9665515968964,58.180465377967685,25.219864691031795,-1.2894889212189131
2023-01-25,97.18000030517578,94.27211479187012,46.61758239836729,3384.9665515968964,58.180465377967685,25.219864691031795,-1.2894889212189131
2023-01-26,99.22000122070312,98.82438461303711,46.61758239836729,3384.9665515968964,58.180465377967685,25.219864691031795,-1.2894889212189131
2023-01-27,102.23999786376952,100.831314163208,46.61758239836729,3384.9665515968964,58.180465377967685,25.219864691031795,-1.2894889212189131
2023-01-30,100.5500030517578,100.05423980712891,46.61758239836729,3384.9665515968964,58.180465377967685,25.219864691031795,-1.2894889212189131
2023-01-31,103.12999725341795,102.39185325622559,46.61758239836729,3384.9665515968964,58.180465377967685,25.219864691031795,-1.2894889212189131
2023-02-01,105.1500015258789,104.05906387329101,46.61758239836729,3384.9665515968964,58.180465377967685,25.219864691031795,-1.2894889212189131
2023-02-02,112.91000366210938,112.51685531616211,46.61758239836729,3384.9665515968964,58.180465377967685,25.219864691031795,-1.2894889212189131
2023-02-03,103.38999938964844,107.64319366455078,46.61758239836729,3384.9665515968964,58.180465377967685,25.219864691031795,-1.2894889212189131
2023-02-06,102.18000030517578,102.7224634552002,46.61758239836729,3384.9665515968964,58.180465377967685,25.219864691031795,-1.2894889212189131
2023-02-07,102.11000061035156,99.22567008972167,46.61758239836729,3384.9665515968964,58.180465377967685,25.219864691031795,-1.2894889212189131
2023-02-08,100.0500030517578,100.013794631958,46.61758239836729,3384.9665515968964,58.180465377967685,25.219864691031795,-1.2894889212189131
2023-02-09,98.23999786376952,98.86759956359863,46.61758239836729,3384.9665515968964,58.180465377967685,25.219864691031795,-1.2894889212189131
2023-02-10,97.61000061035156,98.05962364196778,46.61758239836729,3384.9665515968964,58.180465377967685,25.219864691031795,-1.2894889212189131
2023-02-13,99.54000091552734,98.64771965026856,46.61758239836729,3384.9665515968964,58.180465377967685,25.219864691031795,-1.2894889212189131
2023-02-14,99.6999969482422,98.93282943725586,46.61758239836729,3384.9665515968964,58.180465377967685,25.219864691031795,-1.2894889212189131
2023-02-15,101.16000366210938,99.31980453491211,46.61758239836729,3384.9665515968964,58.180465377967685,25.219864691031795,-1.2894889212189131
2023-02-16,98.1500015258789,98.85004936218262,46.61758239836729,3384.9665515968964,58.180465377967685,25.219864691031795,-1.2894889212189131
2023-02-17,97.1999969482422,96.75041427612305,46.61758239836729,3384.9665515968964,58.180465377967685,25.219864691031795,-1.2894889212189131
2023-02-21,94.58000183105467,94.60476112365723,46.61758239836729,3384.9665515968964,58.180465377967685,25.219864691031795,-1.2894889212189131
2023-02-22,95.79000091552734,95.67959365844726,46.61758239836729,3384.9665515968964,58.180465377967685,25.219864691031795,-1.2894889212189131
2023-02-23,95.81999969482422,95.8747402191162,46.61758239836729,3384.9665515968964,58.180465377967685,25.219864691031795,-1.2894889212189131
2023-02-24,93.5,93.08208427429199,46.61758239836729,3384.9665515968964,58.180465377967685,25.219864691031795,-1.2894889212189131
2023-02-27,93.76000213623048,94.10144432067871,46.61758239836729,3384.9665515968964,58.180465377967685,25.219864691031795,-1.2894889212189131
2023-02-28,94.2300033569336,93.94800857543946,46.61758239836729,3384.9665515968964,58.180465377967685,25.219864691031795,-1.2894889212189131
2023-03-01,92.16999816894533,93.44931968688965,46.61758239836729,3384.9665515968964,58.180465377967685,25.219864691031795,-1.2894889212189131
2023-03-02,92.12999725341795,91.41207038879395,46.61758239836729,3384.9665515968964,58.180465377967685,25.219864691031795,-1.2894889212189131
2023-03-03,94.9000015258789,93.80203887939453,46.61758239836729,3384.9665515968964,58.180465377967685,25.219864691031795,-1.2894889212189131
2023-03-06,93.75,95.86502044677735,46.61758239836729,3384.9665515968964,58.180465377967685,25.219864691031795,-1.2894889212189131
2023-03-07,93.5500030517578,94.03589416503907,46.61758239836729,3384.9665515968964,58.180465377967685,25.219864691031795,-1.2894889212189131
2023-03-08,93.91999816894533,92.8604892730713,46.61758239836729,3384.9665515968964,58.180465377967685,25.219864691031795,-1.2894889212189131
2023-03-09,92.25,94.2436092376709,46.61758239836729,3384.9665515968964,58.180465377967685,25.219864691031795,-1.2894889212189131
2023-03-10,90.7300033569336,91.63155960083007,46.61758239836729,3384.9665515968964,58.180465377967685,25.219864691031795,-1.2894889212189131
2023-03-13,92.43000030517578,91.04905563354492,46.61758239836729,3384.9665515968964,58.180465377967685,25.219864691031795,-1.2894889212189131
2023-03-14,94.87999725341795,93.9206689453125,46.61758239836729,3384.9665515968964,58.180465377967685,25.219864691031795,-1.2894889212189131
2023-03-15,96.1999969482422,95.22987510681152,46.61758239836729,3384.9665515968964,58.180465377967685,25.219864691031795,-1.2894889212189131
2023-03-16,100.04000091552734,99.22060470581054,46.61758239836729,3384.9665515968964,58.180465377967685,25.219864691031795,-1.2894889212189131
2023-03-17,98.9499969482422,98.74851432800293,46.61758239836729,3384.9665515968964,58.180465377967685,25.219864691031795,-1.2894889212189131
2023-03-20,97.70999908447266,97.02034439086914,46.61758239836729,3384.9665515968964,58.180465377967685,25.219864691031795,-1.2894889212189131
2023-03-21,100.61000061035156,99.21838455200195,46.61758239836729,3384.9665515968964,58.180465377967685,25.219864691031795,-1.2894889212189131
2023-03-22,98.6999969482422,99.76489486694337,46.61758239836729,3384.9665515968964,58.180465377967685,25.219864691031795,-1.2894889212189131
2023-03-23,98.70999908447266,98.9722597503662,46.61758239836729,3384.9665515968964,58.180465377967685,25.219864691031795,-1.2894889212189131
2023-03-24,98.12999725341795,97.27970947265625,46.61758239836729,3384.9665515968964,58.180465377967685,25.219864691031795,-1.2894889212189131
2023-03-27,98.04000091552734,98.5631893157959,46.61758239836729,3384.9665515968964,58.180465377967685,25.219864691031795,-1.2894889212189131
2023-03-28,97.23999786376952,97.28012428283691,46.61758239836729,3384.9665515968964,58.180465377967685,25.219864691031795,-1.2894889212189131
2023-03-29,100.25,99.59063400268555,46.61758239836729,3384.9665515968964,58.180465377967685,25.219864691031795,-1.2894889212189131
2023-03-30,102.0,102.26677391052246,46.61758239836729,3384.9665515968964,58.180465377967685,25.219864691031795,-1.2894889212189131
2023-03-31,103.29000091552734,103.0766387939453,46.61758239836729,3384.9665515968964,58.180465377967685,25.219864691031795,-1.2894889212189131
2023-04-03,102.41000366210938,102.43015907287598,46.61758239836729,3384.9665515968964,58.180465377967685,25.219864691031795,-1.2894889212189131
2023-04-04,103.9499969482422,103.53720848083496,46.61758239836729,3384.9665515968964,58.180465377967685,25.219864691031795,-1.2894889212189131
2023-04-05,101.0999984741211,103.0550634765625,46.61758239836729,3384.9665515968964,58.180465377967685,25.219864691031795,-1.2894889212189131
2023-04-06,102.05999755859376,100.40883026123046,46.61758239836729,3384.9665515968964,58.180465377967685,25.219864691031795,-1.2894889212189131
2023-04-10,102.16999816894533,100.3160400390625,46.61758239836729,3384.9665515968964,58.180465377967685,25.219864691031795,-1.2894889212189131
2023-04-11,99.91999816894533,99.6623452758789,46.61758239836729,3384.9665515968964,58.180465377967685,25.219864691031795,-1.2894889212189131
2023-04-12,97.83000183105467,98.84191444396973,46.61758239836729,3384.9665515968964,58.180465377967685,25.219864691031795,-1.2894889212189131
2023-04-13,102.4000015258789,99.97676963806153,46.61758239836729,3384.9665515968964,58.180465377967685,25.219864691031795,-1.2894889212189131
2023-04-14,102.51000213623048,102.42192810058594,46.61758239836729,3384.9665515968964,58.180465377967685,25.219864691031795,-1.2894889212189131
2023-04-17,102.73999786376952,102.73309867858887,46.61758239836729,3384.9665515968964,58.180465377967685,25.219864691031795,-1.2894889212189131
2023-04-18,102.3000030517578,103.08611335754395,46.61758239836729,3384.9665515968964,58.180465377967685,25.219864691031795,-1.2894889212189131
2023-04-19,104.3000030517578,103.22009780883789,46.61758239836729,3384.9665515968964,58.180465377967685,25.219864691031795,-1.2894889212189131
2023-04-20,103.80999755859376,104.8135050201416,46.61758239836729,3384.9665515968964,58.180465377967685,25.219864691031795,-1.2894889212189131
2023-04-21,106.95999908447266,107.17724990844727,46.61758239836729,3384.9665515968964,58.180465377967685,25.219864691031795,-1.2894889212189131
2023-04-24,106.20999908447266,107.45617988586426,46.61758239836729,3384.9665515968964,58.180465377967685,25.219864691031795,-1.2894889212189131
2023-04-25,102.56999969482422,104.4911134338379,46.61758239836729,3384.9665515968964,58.180465377967685,25.219864691031795,-1.2894889212189131
2023-04-26,104.9800033569336,106.206986618042,46.61758239836729,3384.9665515968964,58.180465377967685,25.219864691031795,-1.2894889212189131
2023-04-27,109.81999969482422,108.73780502319336,46.61758239836729,3384.9665515968964,58.180465377967685,25.219864691031795,-1.2894889212189131
2023-04-28,105.4499969482422,108.18388961791992,46.61758239836729,3384.9665515968964,58.180465377967685,25.219864691031795,-1.2894889212189131
2023-05-01,102.0500030517578,104.2311784362793,46.61758239836729,3384.9665515968964,58.180465377967685,25.219864691031795,-1.2894889212189131
2023-05-02,103.62999725341795,102.60448806762696,46.61758239836729,3384.9665515968964,58.180465377967685,25.219864691031795,-1.2894889212189131
2023-05-03,103.6500015258789,105.16097015380859,46.61758239836729,3384.9665515968964,58.180465377967685,25.219864691031795,-1.2894889212189131
2023-05-04,104.0,105.04826499938964,46.61758239836729,3384.9665515968964,58.180465377967685,25.219864691031795,-1.2894889212189131
2023-05-05,105.66000366210938,105.49221557617187,46.61758239836729,3384.9665515968964,58.180465377967685,25.219864691031795,-1.2894889212189131
2023-05-08,105.83000183105467,106.0457511138916,46.61758239836729,3384.9665515968964,58.180465377967685,25.219864691031795,-1.2894889212189131
2023-05-09,106.62000274658205,106.3066862487793,46.61758239836729,3384.9665515968964,58.180465377967685,25.219864691031795,-1.2894889212189131
2023-05-10,110.19000244140624,107.75079055786132,46.61758239836729,3384.9665515968964,58.180465377967685,25.219864691031795,-1.2894889212189131
2023-05-11,112.18000030517578,113.06595069885253,46.61758239836729,3384.9665515968964,58.180465377967685,25.219864691031795,-1.2894889212189131
2023-05-12,110.26000213623048,112.3901407623291,46.61758239836729,3384.9665515968964,58.180465377967685,25.219864691031795,-1.2894889212189131
2023-05-15,111.1999969482422,112.28052055358887,46.61758239836729,3384.9665515968964,58.180465377967685,25.219864691031795,-1.2894889212189131
2023-05-16,113.4000015258789,113.61546592712402,46.61758239836729,3384.9665515968964,58.180465377967685,25.219864691031795,-1.2894889212189131
2023-05-17,115.5,114.74169540405273,46.61758239836729,3384.9665515968964,58.180465377967685,25.219864691031795,-1.2894889212189131
2023-05-18,118.1500015258789,115.99070960998534,46.61758239836729,3384.9665515968964,58.180465377967685,25.219864691031795,-1.2894889212189131
2023-05-19,116.25,115.93687957763672,46.61758239836729,3384.9665515968964,58.180465377967685,25.219864691031795,-1.2894889212189131
2023-05-22,115.01000213623048,114.80303535461425,46.61758239836729,3384.9665515968964,58.180465377967685,25.219864691031795,-1.2894889212189131
2023-05-23,114.98999786376952,115.01821548461913,46.61758239836729,3384.9665515968964,58.180465377967685,25.219864691031795,-1.2894889212189131
2023-05-24,116.75,115.72735969543457,46.61758239836729,3384.9665515968964,58.180465377967685,25.219864691031795,-1.2894889212189131
2023-05-25,115.0,114.80303535461425,46.61758239836729,3384.9665515968964,58.180465377967685,25.219864691031795,-1.2894889212189131
2023-05-26,120.11000061035156,117.11818458557129,46.61758239836729,3384.9665515968964,58.180465377967685,25.219864691031795,-1.2894889212189131
2023-05-30,121.66000366210938,117.45492782592774,46.61758239836729,3384.9665515968964,58.180465377967685,25.219864691031795,-1.2894889212189131
2023-05-31,120.58000183105467,117.0444529724121,46.61758239836729,3384.9665515968964,58.180465377967685,25.219864691031795,-1.2894889212189131
2023-06-01,122.7699966430664,117.69106285095216,46.61758239836729,3384.9665515968964,58.180465377967685,25.219864691031795,-1.2894889212189131
2023-06-02,124.25,116.97329803466796,46.61758239836729,3384.9665515968964,58.180465377967685,25.219864691031795,-1.2894889212189131
2023-06-05,125.3000030517578,117.25491798400878,46.61758239836729,3384.9665515968964,58.180465377967685,25.219864691031795,-1.2894889212189131
2023-06-06,126.61000061035156,117.02103317260742,46.61758239836729,3384.9665515968964,58.180465377967685,25.219864691031795,-1.2894889212189131
2023-06-07,121.2300033569336,117.47797859191894,46.61758239836729,3384.9665515968964,58.180465377967685,25.219864691031795,-1.2894889212189131
2023-06-08,124.25,117.54197280883791,46.61758239836729,3384.9665515968964,58.180465377967685,25.219864691031795,-1.2894889212189131
2023-06-09,123.43000030517578,117.00287818908691,46.61758239836729,3384.9665515968964,58.180465377967685,25.219864691031795,-1.2894889212189131
2023-06-12,126.56999969482422,117.49312789916992,46.61758239836729,3384.9665515968964,58.180465377967685,25.219864691031795,-1.2894889212189131
2023-06-13,126.66000366210938,117.49312789916992,46.61758239836729,3384.9665515968964,58.180465377967685,25.219864691031795,-1.2894889212189131
2023-06-14,126.41999816894533,117.25491798400878,46.61758239836729,3384.9665515968964,58.180465377967685,25.219864691031795,-1.2894889212189131
2023-06-15,127.11000061035156,117.54197280883791,46.61758239836729,3384.9665515968964,58.180465377967685,25.219864691031795,-1.2894889212189131
2023-06-16,125.48999786376952,116.97103332519531,46.61758239836729,3384.9665515968964,58.180465377967685,25.219864691031795,-1.2894889212189131
2023-06-20,125.77999877929688,117.22136291503907,46.61758239836729,3384.9665515968964,58.180465377967685,25.219864691031795,-1.2894889212189131
2023-06-21,124.83000183105467,117.25491798400878,46.61758239836729,3384.9665515968964,58.180465377967685,25.219864691031795,-1.2894889212189131
2023-06-22,130.14999389648438,117.50343353271484,46.61758239836729,3384.9665515968964,58.180465377967685,25.219864691031795,-1.2894889212189131
2023-06-23,129.3300018310547,116.82349830627442,46.61758239836729,3384.9665515968964,58.180465377967685,25.219864691031795,-1.2894889212189131
2023-06-26,127.33000183105467,117.44653816223145,46.61758239836729,3384.9665515968964,58.180465377967685,25.219864691031795,-1.2894889212189131
2023-06-27,129.17999267578125,117.00287818908691,46.61758239836729,3384.9665515968964,58.180465377967685,25.219864691031795,-1.2894889212189131
2023-06-28,129.0399932861328,117.49312789916992,46.61758239836729,3384.9665515968964,58.180465377967685,25.219864691031795,-1.2894889212189131
2023-06-29,127.9000015258789,117.01840316772461,46.61758239836729,3384.9665515968964,58.180465377967685,25.219864691031795,-1.2894889212189131
2023-06-30,130.36000061035156,117.02103317260742,46.61758239836729,3384.9665515968964,58.180465377967685,25.219864691031795,-1.2894889212189131
2023-07-03,130.22000122070312,116.99161315917969,46.61758239836729,3384.9665515968964,58.180465377967685,25.219864691031795,-1.2894889212189131
2023-07-05,130.3800048828125,117.01840316772461,46.61758239836729,3384.9665515968964,58.180465377967685,25.219864691031795,-1.2894889212189131
2023-07-06,128.36000061035156,117.02401817321777,46.61758239836729,3384.9665515968964,58.180465377967685,25.219864691031795,-1.2894889212189131
2023-07-07,129.77999877929688,117.25491798400878,46.61758239836729,3384.9665515968964,58.180465377967685,25.219864691031795,-1.2894889212189131
2023-07-10,127.12999725341795,117.38859298706056,46.61758239836729,3384.9665515968964,58.180465377967685,25.219864691031795,-1.2894889212189131
2023-07-11,128.77999877929688,117.02103317260742,46.61758239836729,3384.9665515968964,58.180465377967685,25.219864691031795,-1.2894889212189131
2023-07-12,130.8000030517578,117.0214981842041,46.61758239836729,3384.9665515968964,58.180465377967685,25.219864691031795,-1.2894889212189131
2023-07-13,134.3000030517578,116.84307327270508,46.61758239836729,3384.9665515968964,58.180465377967685,25.219864691031795,-1.2894889212189131
2023-07-14,134.67999267578125,117.00334320068359,46.61758239836729,3384.9665515968964,58.180465377967685,25.219864691031795,-1.2894889212189131
2023-07-17,133.55999755859375,117.02103317260742,46.61758239836729,3384.9665515968964,58.180465377967685,25.219864691031795,-1.2894889212189131
2023-07-18,132.8300018310547,116.94222328186035,46.61758239836729,3384.9665515968964,58.180465377967685,25.219864691031795,-1.2894889212189131
2023-07-19,135.36000061035156,117.49198791503908,46.61758239836729,3384.9665515968964,58.180465377967685,25.219864691031795,-1.2894889212189131
2023-07-20,129.9600067138672,117.3061685180664,46.61758239836729,3384.9665515968964,58.180465377967685,25.219864691031795,-1.2894889212189131
2023-07-21,130.0,118.43277305603027,46.61758239836729,3384.9665515968964,58.180465377967685,25.219864691031795,-1.2894889212189131
2023-07-24,128.8000030517578,117.49312789916992,46.61758239836729,3384.9665515968964,58.180465377967685,25.219864691031795,-1.2894889212189131
2023-07-25,129.1300048828125,117.04279823303223,46.61758239836729,3384.9665515968964,58.180465377967685,25.219864691031795,-1.2894889212189131
2023-07-26,128.14999389648438,117.45016296386719,46.61758239836729,3384.9665515968964,58.180465377967685,25.219864691031795,-1.2894889212189131
2023-07-27,128.25,117.47265335083007,46.61758239836729,3384.9665515968964,58.180465377967685,25.219864691031795,-1.2894889212189131
2023-07-28,132.2100067138672,117.67245292663576,46.61758239836729,3384.9665515968964,58.180465377967685,25.219864691031795,-1.2894889212189131
2023-07-31,133.67999267578125,117.02401817321777,46.61758239836729,3384.9665515968964,58.180465377967685,25.219864691031795,-1.2894889212189131
2023-08-01,131.69000244140625,117.02346817016601,46.61758239836729,3384.9665515968964,58.180465377967685,25.219864691031795,-1.2894889212189131
2023-08-02,128.2100067138672,117.5720778656006,46.61758239836729,3384.9665515968964,58.180465377967685,25.219864691031795,-1.2894889212189131
2023-08-03,128.91000366210938,117.61807815551758,46.61758239836729,3384.9665515968964,58.180465377967685,25.219864691031795,-1.2894889212189131
2023-08-04,139.57000732421875,118.75491333007812,46.61758239836729,3384.9665515968964,58.180465377967685,25.219864691031795,-1.2894889212189131
2023-08-07,142.22000122070312,117.50212806701661,46.61758239836729,3384.9665515968964,58.180465377967685,25.219864691031795,-1.2894889212189131
2023-08-08,139.94000244140625,117.02103317260742,46.61758239836729,3384.9665515968964,58.180465377967685,25.219864691031795,-1.2894889212189131
2023-08-09,137.85000610351562,117.49312789916992,46.61758239836729,3384.9665515968964,58.180465377967685,25.219864691031795,-1.2894889212189131
2023-08-10,138.55999755859375,117.4595728302002,46.61758239836729,3384.9665515968964,58.180465377967685,25.219864691031795,-1.2894889212189131
2023-08-11,138.41000366210938,117.01596817016602,46.61758239836729,3384.9665515968964,58.180465377967685,25.219864691031795,-1.2894889212189131
2023-08-14,140.57000732421875,117.25491798400878,46.61758239836729,3384.9665515968964,58.180465377967685,25.219864691031795,-1.2894889212189131
2023-08-15,137.6699981689453,117.53849311828615,46.61758239836729,3384.9665515968964,58.180465377967685,25.219864691031795,-1.2894889212189131
2023-08-16,135.07000732421875,117.01840316772461,46.61758239836729,3384.9665515968964,58.180465377967685,25.219864691031795,-1.2894889212189131
2023-08-17,133.97999572753906,117.00287818908691,46.61758239836729,3384.9665515968964,58.180465377967685,25.219864691031795,-1.2894889212189131
2023-08-18,133.22000122070312,117.49312789916992,46.61758239836729,3384.9665515968964,58.180465377967685,25.219864691031795,-1.2894889212189131
2023-08-21,134.67999267578125,117.02103317260742,46.61758239836729,3384.9665515968964,58.180465377967685,25.219864691031795,-1.2894889212189131
2023-08-22,134.25,117.02696319580077,46.61758239836729,3384.9665515968964,58.180465377967685,25.219864691031795,-1.2894889212189131
2023-08-23,135.52000427246094,116.90167816162109,46.61758239836729,3384.9665515968964,58.180465377967685,25.219864691031795,-1.2894889212189131
2023-08-24,131.83999633789062,117.47265335083007,46.61758239836729,3384.9665515968964,58.180465377967685,25.219864691031795,-1.2894889212189131
2023-08-25,133.25999450683594,117.49312789916992,46.61758239836729,3384.9665515968964,58.180465377967685,25.219864691031795,-1.2894889212189131
2023-08-28,133.13999938964844,117.01840316772461,46.61758239836729,3384.9665515968964,58.180465377967685,25.219864691031795,-1.2894889212189131
2023-08-29,134.91000366210938,117.02346817016601,46.61758239836729,3384.9665515968964,58.180465377967685,25.219864691031795,-1.2894889212189131
2023-08-30,135.07000732421875,117.01840316772461,46.61758239836729,3384.9665515968964,58.180465377967685,25.219864691031795,-1.2894889212189131
2023-08-31,138.00999450683594,117.37489326477052,46.61758239836729,3384.9665515968964,58.180465377967685,25.219864691031795,-1.2894889212189131
2023-09-01,138.1199951171875,117.49312789916992,46.61758239836729,3384.9665515968964,58.180465377967685,25.219864691031795,-1.2894889212189131
2023-09-05,137.27000427246094,117.02346817016601,46.61758239836729,3384.9665515968964,58.180465377967685,25.219864691031795,-1.2894889212189131
2023-09-06,135.36000061035156,117.25491798400878,46.61758239836729,3384.9665515968964,58.180465377967685,25.219864691031795,-1.2894889212189131
2023-09-07,137.85000610351562,117.31880851745605,46.61758239836729,3384.9665515968964,58.180465377967685,25.219864691031795,-1.2894889212189131
2023-09-08,138.22999572753906,117.02346817016601,46.61758239836729,3384.9665515968964,58.180465377967685,25.219864691031795,-1.2894889212189131
2023-09-11,143.10000610351562,117.48322341918946,46.61758239836729,3384.9665515968964,58.180465377967685,25.219864691031795,-1.2894889212189131
2023-09-12,141.22999572753906,117.0214981842041,46.61758239836729,3384.9665515968964,58.180465377967685,25.219864691031795,-1.2894889212189131
2023-09-13,144.85000610351562,117.5285782623291,46.61758239836729,3384.9665515968964,58.180465377967685,25.219864691031795,-1.2894889212189131
2023-09-14,144.72000122070312,117.47048812866211,46.61758239836729,3384.9665515968964,58.180465377967685,25.219864691031795,-1.2894889212189131
2023-09-15,140.38999938964844,117.74677314758301,46.61758239836729,3384.9665515968964,58.180465377967685,25.219864691031795,-1.2894889212189131
2023-09-18,139.97999572753906,117.00287818908691,46.61758239836729,3384.9665515968964,58.180465377967685,25.219864691031795,-1.2894889212189131
2023-09-19,137.6300048828125,117.44861801147461,46.61758239836729,3384.9665515968964,58.180465377967685,25.219864691031795,-1.2894889212189131
2023-09-20,135.2899932861328,117.54355812072755,46.61758239836729,3384.9665515968964,58.180465377967685,25.219864691031795,-1.2894889212189131
2023-09-21,129.3300018310547,117.45206802368165,46.61758239836729,3384.9665515968964,58.180465377967685,25.219864691031795,-1.2894889212189131
2023-09-22,129.1199951171875,117.517287979126,46.61758239836729,3384.9665515968964,58.180465377967685,25.219864691031795,-1.2894889212189131
2023-09-25,131.27000427246094,117.49312789916992,46.61758239836729,3384.9665515968964,58.180465377967685,25.219864691031795,-1.2894889212189131
2023-09-26,125.9800033569336,117.48156341552735,46.61758239836729,3384.9665515968964,58.180465377967685,25.219864691031795,-1.2894889212189131
2023-09-27,125.9800033569336,117.49954299926759,46.61758239836729,3384.9665515968964,58.180465377967685,25.219864691031795,-1.2894889212189131
2023-09-28,125.9800033569336,117.69106285095216,46.61758239836729,3384.9665515968964,58.180465377967685,25.219864691031795,-1.2894889212189131
2023-09-29,127.12000274658205,117.06287307739258,46.61758239836729,3384.9665515968964,58.180465377967685,25.219864691031795,-1.2894889212189131
2023-10-02,129.4600067138672,117.54355812072755,46.61758239836729,3384.9665515968964,58.180465377967685,25.219864691031795,-1.2894889212189131
2023-10-03,124.72000122070312,117.54355812072755,46.61758239836729,3384.9665515968964,58.180465377967685,25.219864691031795,-1.2894889212189131
2023-10-04,127.0,117.02185317993164,46.61758239836729,3384.9665515968964,58.180465377967685,25.219864691031795,-1.2894889212189131
2023-10-05,125.95999908447266,117.02103317260742,46.61758239836729,3384.9665515968964,58.180465377967685,25.219864691031795,-1.2894889212189131
2023-10-06,127.95999908447266,117.46693321228027,46.61758239836729,3384.9665515968964,58.180465377967685,25.219864691031795,-1.2894889212189131
2023-10-09,128.25999450683594,117.53849311828615,46.61758239836729,3384.9665515968964,58.180465377967685,25.219864691031795,-1.2894889212189131
2023-10-10,129.47999572753906,116.90167816162109,46.61758239836729,3384.9665515968964,58.180465377967685,25.219864691031795,-1.2894889212189131
2023-10-11,131.8300018310547,117.02103317260742,46.61758239836729,3384.9665515968964,58.180465377967685,25.219864691031795,-1.2894889212189131
2023-10-12,132.3300018310547,117.41707290649414,46.61758239836729,3384.9665515968964,58.180465377967685,25.219864691031795,-1.2894889212189131
2023-10-13,129.7899932861328,117.46693321228027,46.61758239836729,3384.9665515968964,58.180465377967685,25.219864691031795,-1.2894889212189131
2023-10-16,132.5500030517578,117.00287818908691,46.61758239836729,3384.9665515968964,58.180465377967685,25.219864691031795,-1.2894889212189131
2023-10-17,131.47000122070312,117.54355812072755,46.61758239836729,3384.9665515968964,58.180465377967685,25.219864691031795,-1.2894889212189131
2023-10-18,128.1300048828125,117.49312789916992,46.61758239836729,3384.9665515968964,58.180465377967685,25.219864691031795,-1.2894889212189131
2023-10-19,128.39999389648438,117.4268183898926,46.61758239836729,3384.9665515968964,58.180465377967685,25.219864691031795,-1.2894889212189131
2023-10-20,125.16999816894533,117.30619300842285,46.61758239836729,3384.9665515968964,58.180465377967685,25.219864691031795,-1.2894889212189131
2023-10-23,126.55999755859376,117.54355812072755,46.61758239836729,3384.9665515968964,58.180465377967685,25.219864691031795,-1.2894889212189131
2023-10-24,128.55999755859375,117.02103317260742,46.61758239836729,3384.9665515968964,58.180465377967685,25.219864691031795,-1.2894889212189131
2023-10-25,121.38999938964844,117.51072357177735,46.61758239836729,3384.9665515968964,58.180465377967685,25.219864691031795,-1.2894889212189131
2023-10-26,119.56999969482422,117.40054344177246,46.61758239836729,3384.9665515968964,58.180465377967685,25.219864691031795,-1.2894889212189131
2023-10-27,127.73999786376952,118.29210327148438,46.61758239836729,3384.9665515968964,58.180465377967685,25.219864691031795,-1.2894889212189131
2023-10-30,132.7100067138672,117.47584327697754,46.61758239836729,3384.9665515968964,58.180465377967685,25.219864691031795,-1.2894889212189131
2023-10-31,133.08999633789062,117.02346817016601,46.61758239836729,3384.9665515968964,58.180465377967685,25.219864691031795,-1.2894889212189131
2023-11-01,137.0,117.57243293762208,46.61758239836729,3384.9665515968964,58.180465377967685,25.219864691031795,-1.2894889212189131
2023-11-02,138.07000732421875,117.02103317260742,46.61758239836729,3384.9665515968964,58.180465377967685,25.219864691031795,-1.2894889212189131
2023-11-03,138.60000610351562,117.02346817016601,46.61758239836729,3384.9665515968964,58.180465377967685,25.219864691031795,-1.2894889212189131
2023-11-06,139.74000549316406,117.02103317260742,46.61758239836729,3384.9665515968964,58.180465377967685,25.219864691031795,-1.2894889212189131
2023-11-07,142.7100067138672,117.25491798400878,46.61758239836729,3384.9665515968964,58.180465377967685,25.219864691031795,-1.2894889212189131
2023-11-08,142.0800018310547,117.02346817016601,46.61758239836729,3384.9665515968964,58.180465377967685,25.219864691031795,-1.2894889212189131
2023-11-09,140.60000610351562,117.24985298156739,46.61758239836729,3384.9665515968964,58.180465377967685,25.219864691031795,-1.2894889212189131
2023-11-10,143.55999755859375,117.54355812072755,46.61758239836729,3384.9665515968964,58.180465377967685,25.219864691031795,-1.2894889212189131
2023-11-13,142.58999633789062,116.9978131866455,46.61758239836729,3384.9665515968964,58.180465377967685,25.219864691031795,-1.2894889212189131
2023-11-14,145.8000030517578,116.96514312744141,46.61758239836729,3384.9665515968964,58.180465377967685,25.219864691031795,-1.2894889212189131
2023-11-15,143.1999969482422,117.34092842102051,46.61758239836729,3384.9665515968964,58.180465377967685,25.219864691031795,-1.2894889212189131
2023-11-16,142.8300018310547,117.54355812072755,46.61758239836729,3384.9665515968964,58.180465377967685,25.219864691031795,-1.2894889212189131
2023-11-17,145.17999267578125,116.90167816162109,46.61758239836729,3384.9665515968964,58.180465377967685,25.219864691031795,-1.2894889212189131
2023-11-20,146.1300048828125,117.02346817016601,46.61758239836729,3384.9665515968964,58.180465377967685,25.219864691031795,-1.2894889212189131
2023-11-21,143.89999389648438,116.93099830627442,46.61758239836729,3384.9665515968964,58.180465377967685,25.219864691031795,-1.2894889212189131
2023-11-22,146.7100067138672,117.49312789916992,46.61758239836729,3384.9665515968964,58.180465377967685,25.219864691031795,-1.2894889212189131
2023-11-24,146.74000549316406,116.99161315917969,46.61758239836729,3384.9665515968964,58.180465377967685,25.219864691031795,-1.2894889212189131
2023-11-27,147.72999572753906,116.96037826538085,46.61758239836729,3384.9665515968964,58.180465377967685,25.219864691031795,-1.2894889212189131
2023-11-28,147.02999877929688,117.02346817016601,46.61758239836729,3384.9665515968964,58.180465377967685,25.219864691031795,-1.2894889212189131
2023-11-29,146.32000732421875,117.00287818908691,46.61758239836729,3384.9665515968964,58.180465377967685,25.219864691031795,-1.2894889212189131
2023-11-30,146.08999633789062,116.97103332519531,46.61758239836729,3384.9665515968964,58.180465377967685,25.219864691031795,-1.2894889212189131
2023-12-01,147.02999877929688,117.02185317993164,46.61758239836729,3384.9665515968964,58.180465377967685,25.219864691031795,-1.2894889212189131
2023-12-04,144.83999633789062,116.96037826538085,46.61758239836729,3384.9665515968964,58.180465377967685,25.219864691031795,-1.2894889212189131
2023-12-05,146.8800048828125,117.47994338989258,46.61758239836729,3384.9665515968964,58.180465377967685,25.219864691031795,-1.2894889212189131
2023-12-06,144.52000427246094,117.69106285095216,46.61758239836729,3384.9665515968964,58.180465377967685,25.219864691031795,-1.2894889212189131
2023-12-07,146.8800048828125,116.86846839904786,46.61758239836729,3384.9665515968964,58.180465377967685,25.219864691031795,-1.2894889212189131
2023-12-08,147.4199981689453,117.02103317260742,46.61758239836729,3384.9665515968964,58.180465377967685,25.219864691031795,-1.2894889212189131
2023-12-11,145.88999938964844,116.94222328186035,46.61758239836729,3384.9665515968964,58.180465377967685,25.219864691031795,-1.2894889212189131
2023-12-12,147.47999572753906,117.02346817016601,46.61758239836729,3384.9665515968964,58.180465377967685,25.219864691031795,-1.2894889212189131
2023-12-13,148.83999633789062,116.86846839904786,46.61758239836729,3384.9665515968964,58.180465377967685,25.219864691031795,-1.2894889212189131
2023-12-14,147.4199981689453,117.43192840576174,46.61758239836729,3384.9665515968964,58.180465377967685,25.219864691031795,-1.2894889212189131
2023-12-15,149.97000122070312,117.14928833007812,46.61758239836729,3384.9665515968964,58.180465377967685,25.219864691031795,-1.2894889212189131
2023-12-18,154.07000732421875,117.4268183898926,46.61758239836729,3384.9665515968964,58.180465377967685,25.219864691031795,-1.2894889212189131
2023-12-19,153.7899932861328,117.02103317260742,46.61758239836729,3384.9665515968964,58.180465377967685,25.219864691031795,-1.2894889212189131
2023-12-20,152.1199951171875,117.54355812072755,46.61758239836729,3384.9665515968964,58.180465377967685,25.219864691031795,-1.2894889212189131
2023-12-21,153.83999633789062,117.02346817016601,46.61758239836729,3384.9665515968964,58.180465377967685,25.219864691031795,-1.2894889212189131
2023-12-22,153.4199981689453,117.02912818908692,46.61758239836729,3384.9665515968964,58.180465377967685,25.219864691031795,-1.2894889212189131
2023-12-26,153.41000366210938,117.01762321472168,46.61758239836729,3384.9665515968964,58.180465377967685,25.219864691031795,-1.2894889212189131
2023-12-27,153.33999633789062,117.01895317077637,46.61758239836729,3384.9665515968964,58.180465377967685,25.219864691031795,-1.2894889212189131
2023-12-28,153.3800048828125,117.01762321472168,46.61758239836729,3384.9665515968964,58.180465377967685,25.219864691031795,-1.2894889212189131
2023-12-29,151.94000244140625,117.25491798400878,46.61758239836729,3384.9665515968964,58.180465377967685,25.219864691031795,-1.2894889212189131
2024-01-02,149.92999267578125,117.50059318542482,46.61758239836729,3384.9665515968964,58.180465377967685,25.219864691031795,-1.2894889212189131
2024-01-03,148.47000122070312,116.82158821105958,46.61758239836729,3384.9665515968964,58.180465377967685,25.219864691031795,-1.2894889212189131
2024-01-04,144.57000732421875,117.30619300842285,46.61758239836729,3384.9665515968964,58.180465377967685,25.219864691031795,-1.2894889212189131
2024-01-05,145.24000549316406,117.02346817016601,46.61758239836729,3384.9665515968964,58.180465377967685,25.219864691031795,-1.2894889212189131
2024-01-08,149.10000610351562,117.49312789916992,46.61758239836729,3384.9665515968964,58.180465377967685,25.219864691031795,-1.2894889212189131
2024-01-09,151.3699951171875,117.69106285095216,46.61758239836729,3384.9665515968964,58.180465377967685,25.219864691031795,-1.2894889212189131
2024-01-10,153.72999572753906,117.00287818908691,46.61758239836729,3384.9665515968964,58.180465377967685,25.219864691031795,-1.2894889212189131
2024-01-11,155.17999267578125,117.46346817016604,46.61758239836729,3384.9665515968964,58.180465377967685,25.219864691031795,-1.2894889212189131
2024-01-12,154.6199951171875,117.02346817016601,46.61758239836729,3384.9665515968964,58.180465377967685,25.219864691031795,-1.2894889212189131
2024-01-16,153.16000366210938,117.25491798400878,46.61758239836729,3384.9665515968964,58.180465377967685,25.219864691031795,-1.2894889212189131
2024-01-17,151.7100067138672,117.02346817016601,46.61758239836729,3384.9665515968964,58.180465377967685,25.219864691031795,-1.2894889212189131
2024-01-18,153.5,117.02346817016601,46.61758239836729,3384.9665515968964,58.180465377967685,25.219864691031795,-1.2894889212189131
2024-01-19,155.33999633789062,117.4868180847168,46.61758239836729,3384.9665515968964,58.180465377967685,25.219864691031795,-1.2894889212189131
2024-01-22,154.77999877929688,117.4130379486084,46.61758239836729,3384.9665515968964,58.180465377967685,25.219864691031795,-1.2894889212189131
2024-01-23,156.02000427246094,117.02346817016601,46.61758239836729,3384.9665515968964,58.180465377967685,25.219864691031795,-1.2894889212189131
2024-01-24,156.8699951171875,116.88905838012695,46.61758239836729,3384.9665515968964,58.180465377967685,25.219864691031795,-1.2894889212189131
2024-01-25,157.75,117.50059318542482,46.61758239836729,3384.9665515968964,58.180465377967685,25.219864691031795,-1.2894889212189131
2024-01-26,159.1199951171875,117.10107315063476,46.61758239836729,3384.9665515968964,58.180465377967685,25.219864691031795,-1.2894889212189131
2024-01-29,161.25999450683594,116.97853324890137,46.61758239836729,3384.9665515968964,58.180465377967685,25.219864691031795,-1.2894889212189131
2024-01-30,159.0,117.49312789916992,46.61758239836729,3384.9665515968964,58.180465377967685,25.219864691031795,-1.2894889212189131
2024-01-31,155.1999969482422,117.38971328735353,46.61758239836729,3384.9665515968964,58.180465377967685,25.219864691031795,-1.2894889212189131
2024-02-01,159.27999877929688,117.58708839416504,46.61758239836729,3384.9665515968964,58.180465377967685,25.219864691031795,-1.2894889212189131
2024-02-02,171.80999755859375,118.19925842285156,46.61758239836729,3384.9665515968964,58.180465377967685,25.219864691031795,-1.2894889212189131
2024-02-05,170.30999755859375,117.06798309326172,46.61758239836729,3384.9665515968964,58.180465377967685,25.219864691031795,-1.2894889212189131
2024-02-06,169.14999389648438,117.49312789916992,46.61758239836729,3384.9665515968964,58.180465377967685,25.219864691031795,-1.2894889212189131
2024-02-07,170.52999877929688,117.02346817016601,46.61758239836729,3384.9665515968964,58.180465377967685,25.219864691031795,-1.2894889212189131
2024-02-08,169.83999633789062,117.00287818908691,46.61758239836729,3384.9665515968964,58.180465377967685,25.219864691031795,-1.2894889212189131
2024-02-09,174.4499969482422,117.29826835632325,46.61758239836729,3384.9665515968964,58.180465377967685,25.219864691031795,-1.2894889212189131
2024-02-12,172.33999633789062,117.54355812072755,46.61758239836729,3384.9665515968964,58.180465377967685,25.219864691031795,-1.2894889212189131
2024-02-13,168.63999938964844,117.32259841918945,46.61758239836729,3384.9665515968964,58.180465377967685,25.219864691031795,-1.2894889212189131
2024-02-14,170.97999572753906,117.49312789916992,46.61758239836729,3384.9665515968964,58.180465377967685,25.219864691031795,-1.2894889212189131
2024-02-15,169.8000030517578,117.67245292663576,46.61758239836729,3384.9665515968964,58.180465377967685,25.219864691031795,-1.2894889212189131
2024-02-16,169.50999450683594,117.49312789916992,46.61758239836729,3384.9665515968964,58.180465377967685,25.219864691031795,-1.2894889212189131
2024-02-20,167.0800018310547,117.49312789916992,46.61758239836729,3384.9665515968964,58.180465377967685,25.219864691031795,-1.2894889212189131
2024-02-21,168.58999633789062,117.49312789916992,46.61758239836729,3384.9665515968964,58.180465377967685,25.219864691031795,-1.2894889212189131
2024-02-22,174.5800018310547,117.37994789123535,46.61758239836729,3384.9665515968964,58.180465377967685,25.219864691031795,-1.2894889212189131
2024-02-23,174.99000549316406,116.84307327270508,46.61758239836729,3384.9665515968964,58.180465377967685,25.219864691031795,-1.2894889212189131
2024-02-26,174.72999572753906,117.02346817016601,46.61758239836729,3384.9665515968964,58.180465377967685,25.219864691031795,-1.2894889212189131
2024-02-27,173.5399932861328,117.02696319580077,46.61758239836729,3384.9665515968964,58.180465377967685,25.219864691031795,-1.2894889212189131
2024-02-28,173.16000366210938,116.99161315917969,46.61758239836729,3384.9665515968964,58.180465377967685,25.219864691031795,-1.2894889212189131
2024-02-29,176.75999450683594,117.38684326171875,46.61758239836729,3384.9665515968964,58.180465377967685,25.219864691031795,-1.2894889212189131
2024-03-01,178.22000122070312,116.9978131866455,46.61758239836729,3384.9665515968964,58.180465377967685,25.219864691031795,-1.2894889212189131
2024-03-04,177.5800018310547,117.00287818908691,46.61758239836729,3384.9665515968964,58.180465377967685,25.219864691031795,-1.2894889212189131
2024-03-05,174.1199951171875,117.67245292663576,46.61758239836729,3384.9665515968964,58.180465377967685,25.219864691031795,-1.2894889212189131
2024-03-06,173.50999450683594,117.49312789916992,46.61758239836729,3384.9665515968964,58.180465377967685,25.219864691031795,-1.2894889212189131
2024-03-07,176.82000732421875,117.54355812072755,46.61758239836729,3384.9665515968964,58.180465377967685,25.219864691031795,-1.2894889212189131
2024-03-08,175.35000610351562,117.46693321228027,46.61758239836729,3384.9665515968964,58.180465377967685,25.219864691031795,-1.2894889212189131
2024-03-11,171.9600067138672,117.48806289672852,46.61758239836729,3384.9665515968964,58.180465377967685,25.219864691031795,-1.2894889212189131
2024-03-12,175.38999938964844,117.47265335083007,46.61758239836729,3384.9665515968964,58.180465377967685,25.219864691031795,-1.2894889212189131
2024-03-13,176.55999755859375,117.02346817016601,46.61758239836729,3384.9665515968964,58.180465377967685,25.219864691031795,-1.2894889212189131
2024-03-14,178.75,117.4130379486084,46.61758239836729,3384.9665515968964,58.180465377967685,25.219864691031795,-1.2894889212189131
2024-03-15,174.4199981689453,117.58708839416504,46.61758239836729,3384.9665515968964,58.180465377967685,25.219864691031795,-1.2894889212189131
2024-03-18,174.47999572753906,117.02103317260742,46.61758239836729,3384.9665515968964,58.180465377967685,25.219864691031795,-1.2894889212189131
2024-03-19,175.89999389648438,116.9978131866455,46.61758239836729,3384.9665515968964,58.180465377967685,25.219864691031795,-1.2894889212189131
2024-03-20,178.14999389648438,117.54355812072755,46.61758239836729,3384.9665515968964,58.180465377967685,25.219864691031795,-1.2894889212189131
2024-03-21,178.14999389648438,117.49312789916992,46.61758239836729,3384.9665515968964,58.180465377967685,25.219864691031795,-1.2894889212189131
2024-03-22,178.8699951171875,117.00287818908691,46.61758239836729,3384.9665515968964,58.180465377967685,25.219864691031795,-1.2894889212189131
2024-03-25,179.7100067138672,117.54355812072755,46.61758239836729,3384.9665515968964,58.180465377967685,25.219864691031795,-1.2894889212189131
2024-03-26,178.3000030517578,117.00287818908691,46.61758239836729,3384.9665515968964,58.180465377967685,25.219864691031795,-1.2894889212189131
2024-03-27,179.8300018310547,116.90167816162109,46.61758239836729,3384.9665515968964,58.180465377967685,25.219864691031795,-1.2894889212189131
2024-03-28,180.3800048828125,116.90523330688477,46.61758239836729,3384.9665515968964,58.180465377967685,25.219864691031795,-1.2894889212189131
2024-04-01,180.97000122070312,117.49312789916992,46.61758239836729,3384.9665515968964,58.180465377967685,25.219864691031795,-1.2894889212189131
2024-04-02,180.69000244140625,117.02103317260742,46.61758239836729,3384.9665515968964,58.180465377967685,25.219864691031795,-1.2894889212189131
2024-04-03,182.41000366210935,117.49312789916992,46.61758239836729,3384.9665515968964,58.180465377967685,25.219864691031795,-1.2894889212189131
2024-04-04,180.0,117.44674842834475,46.61758239836729,3384.9665515968964,58.180465377967685,25.219864691031795,-1.2894889212189131
2024-04-05,185.07000732421875,117.49721328735353,46.61758239836729,3384.9665515968964,58.180465377967685,25.219864691031795,-1.2894889212189131
2024-04-08,185.19000244140625,116.88662338256836,46.61758239836729,3384.9665515968964,58.180465377967685,25.219864691031795,-1.2894889212189131
2024-04-09,185.6699981689453,117.4130379486084,46.61758239836729,3384.9665515968964,58.180465377967685,25.219864691031795,-1.2894889212189131
2024-04-10,185.9499969482422,117.67245292663576,46.61758239836729,3384.9665515968964,58.180465377967685,25.219864691031795,-1.2894889212189131
2024-04-11,189.0500030517578,117.38971328735353,46.61758239836729,3384.9665515968964,58.180465377967685,25.219864691031795,-1.2894889212189131
2024-04-12,186.1300048828125,117.4130379486084,46.61758239836729,3384.9665515968964,58.180465377967685,25.219864691031795,-1.2894889212189131
2024-04-15,183.6199951171875,117.50533348083496,46.61758239836729,3384.9665515968964,58.180465377967685,25.219864691031795,-1.2894889212189131
2024-04-16,183.32000732421875,117.00287818908691,46.61758239836729,3384.9665515968964,58.180465377967685,25.219864691031795,-1.2894889212189131
2024-04-17,181.27999877929688,117.47265335083007,46.61758239836729,3384.9665515968964,58.180465377967685,25.219864691031795,-1.2894889212189131
2024-04-18,179.22000122070312,117.54355812072755,46.61758239836729,3384.9665515968964,58.180465377967685,25.219864691031795,-1.2894889212189131
2024-04-19,174.6300048828125,117.51238357543946,46.61758239836729,3384.9665515968964,58.180465377967685,25.219864691031795,-1.2894889212189131
2024-04-22,177.22999572753906,117.38684326171875,46.61758239836729,3384.9665515968964,58.180465377967685,25.219864691031795,-1.2894889212189131
2024-04-23,179.5399932861328,117.54355812072755,46.61758239836729,3384.9665515968964,58.180465377967685,25.219864691031795,-1.2894889212189131
2024-04-24,176.58999633789062,117.54355812072755,46.61758239836729,3384.9665515968964,58.180465377967685,25.219864691031795,-1.2894889212189131
2024-04-25,173.6699981689453,117.43255348205567,46.61758239836729,3384.9665515968964,58.180465377967685,25.219864691031795,-1.2894889212189131
2024-04-26,179.6199951171875,117.34224853515624,46.61758239836729,3384.9665515968964,58.180465377967685,25.219864691031795,-1.2894889212189131
2024-04-29,180.9600067138672,117.54850830078125,46.61758239836729,3384.9665515968964,58.180465377967685,25.219864691031795,-1.2894889212189131
2024-04-30,175.0,117.47113357543945,46.61758239836729,3384.9665515968964,58.180465377967685,25.219864691031795,-1.2894889212189131
2024-05-01,179.0,117.47113357543945,46.61758239836729,3384.9665515968964,58.180465377967685,25.219864691031795,-1.2894889212189131
2024-05-02,184.72000122070312,117.33924842834475,46.61758239836729,3384.9665515968964,58.180465377967685,25.219864691031795,-1.2894889212189131
2024-05-03,186.2100067138672,117.02103317260742,46.61758239836729,3384.9665515968964,58.180465377967685,25.219864691031795,-1.2894889212189131
2024-05-06,188.6999969482422,117.54355812072755,46.61758239836729,3384.9665515968964,58.180465377967685,25.219864691031795,-1.2894889212189131
2024-05-07,188.75999450683597,117.00287818908691,46.61758239836729,3384.9665515968964,58.180465377967685,25.219864691031795,-1.2894889212189131
2024-05-08,188.0,116.99161315917969,46.61758239836729,3384.9665515968964,58.180465377967685,25.219864691031795,-1.2894889212189131
2024-05-09,189.5,117.54355812072755,46.61758239836729,3384.9665515968964,58.180465377967685,25.219864691031795,-1.2894889212189131
2024-05-10,187.47999572753903,117.49312789916992,46.61758239836729,3384.9665515968964,58.180465377967685,25.219864691031795,-1.2894889212189131
2024-05-13,186.57000732421875,117.4612728881836,46.61758239836729,3384.9665515968964,58.180465377967685,25.219864691031795,-1.2894889212189131
2024-05-14,187.07000732421875,117.54355812072755,46.61758239836729,3384.9665515968964,58.180465377967685,25.219864691031795,-1.2894889212189131
2024-05-15,185.9900054931641,117.58708839416504,46.61758239836729,3384.9665515968964,58.180465377967685,25.219864691031795,-1.2894889212189131
2024-05-16,183.6300048828125,117.54355812072755,46.61758239836729,3384.9665515968964,58.180465377967685,25.219864691031795,-1.2894889212189131
2024-05-17,184.6999969482422,117.02346817016601,46.61758239836729,3384.9665515968964,58.180465377967685,25.219864691031795,-1.2894889212189131
2024-05-20,183.5399932861328,117.56701286315919,46.61758239836729,3384.9665515968964,58.180465377967685,25.219864691031795,-1.2894889212189131
2024-05-21,183.1499938964844,116.86846839904786,46.61758239836729,3384.9665515968964,58.180465377967685,25.219864691031795,-1.2894889212189131
2024-05-22,183.1300048828125,117.49662292480468,46.61758239836729,3384.9665515968964,58.180465377967685,25.219864691031795,-1.2894889212189131
2024-05-23,181.0500030517578,117.49609336853027,46.61758239836729,3384.9665515968964,58.180465377967685,25.219864691031795,-1.2894889212189131
2024-05-24,180.75,117.01840316772461,46.61758239836729,3384.9665515968964,58.180465377967685,25.219864691031795,-1.2894889212189131
2024-05-28,182.1499938964844,117.24985298156739,46.61758239836729,3384.9665515968964,58.180465377967685,25.219864691031795,-1.2894889212189131
2024-05-29,182.0200042724609,117.00287818908691,46.61758239836729,3384.9665515968964,58.180465377967685,25.219864691031795,-1.2894889212189131
2024-05-30,179.32000732421875,117.49312789916992,46.61758239836729,3384.9665515968964,58.180465377967685,25.219864691031795,-1.2894889212189131
2024-05-31,176.44000244140625,117.54557357788086,46.61758239836729,3384.9665515968964,58.180465377967685,25.219864691031795,-1.2894889212189131
2024-06-03,178.33999633789062,117.25491798400878,46.61758239836729,3384.9665515968964,58.180465377967685,25.219864691031795,-1.2894889212189131
2024-06-04,179.33999633789062,117.5720778656006,46.61758239836729,3384.9665515968964,58.180465377967685,25.219864691031795,-1.2894889212189131
2024-06-05,181.27999877929688,117.25491798400878,46.61758239836729,3384.9665515968964,58.180465377967685,25.219864691031795,-1.2894889212189131
2024-06-06,185.0,117.69106285095216,46.61758239836729,3384.9665515968964,58.180465377967685,25.219864691031795,-1.2894889212189131
2024-06-07,184.3000030517578,117.49312789916992,46.61758239836729,3384.9665515968964,58.180465377967685,25.219864691031795,-1.2894889212189131
2024-06-10,187.05999755859372,117.5720778656006,46.61758239836729,3384.9665515968964,58.180465377967685,25.219864691031795,-1.2894889212189131
2024-06-11,187.22999572753903,117.49312789916992,46.61758239836729,3384.9665515968964,58.180465377967685,25.219864691031795,-1.2894889212189131
2024-06-12,186.88999938964844,117.49312789916992,46.61758239836729,3384.9665515968964,58.180465377967685,25.219864691031795,-1.2894889212189131
2024-06-13,183.8300018310547,117.33924842834475,46.61758239836729,3384.9665515968964,58.180465377967685,25.219864691031795,-1.2894889212189131
2024-06-14,183.66000366210935,117.02401817321777,46.61758239836729,3384.9665515968964,58.180465377967685,25.219864691031795,-1.2894889212189131
2024-06-17,184.05999755859372,117.46346817016604,46.61758239836729,3384.9665515968964,58.180465377967685,25.219864691031795,-1.2894889212189131
2024-06-18,182.80999755859372,117.11968307495117,46.61758239836729,3384.9665515968964,58.180465377967685,25.219864691031795,-1.2894889212189131
2024-06-20,186.1000061035156,117.54850830078125,46.61758239836729,3384.9665515968964,58.180465377967685,25.219864691031795,-1.2894889212189131
2024-06-21,189.0800018310547,117.61807815551758,46.61758239836729,3384.9665515968964,58.180465377967685,25.219864691031795,-1.2894889212189131
2024-06-24,185.57000732421875,117.50533348083496,46.61758239836729,3384.9665515968964,58.180465377967685,25.219864691031795,-1.2894889212189131
2024-06-25,186.33999633789065,117.52573303222658,46.61758239836729,3384.9665515968964,58.180465377967685,25.219864691031795,-1.2894889212189131
2024-06-26,193.6100006103516,117.47113357543945,46.61758239836729,3384.9665515968964,58.180465377967685,25.219864691031795,-1.2894889212189131
2024-06-27,197.8500061035156,117.54391357421875,46.61758239836729,3384.9665515968964,58.180465377967685,25.219864691031795,-1.2894889212189131
2024-06-28,193.25,117.51116859436036,46.61758239836729,3384.9665515968964,58.180465377967685,25.219864691031795,-1.2894889212189131
2024-07-01,197.1999969482422,117.47994338989258,46.61758239836729,3384.9665515968964,58.180465377967685,25.219864691031795,-1.2894889212189131
2024-07-02,200.0,117.38684326171875,46.61758239836729,3384.9665515968964,58.180465377967685,25.219864691031795,-1.2894889212189131
2024-07-03,197.58999633789065,117.49312789916992,46.61758239836729,3384.9665515968964,58.180465377967685,25.219864691031795,-1.2894889212189131
2024-07-05,200.0,117.02103317260742,46.61758239836729,3384.9665515968964,58.180465377967685,25.219864691031795,-1.2894889212189131
2024-07-08,199.2899932861328,117.49312789916992,46.61758239836729,3384.9665515968964,58.180465377967685,25.219864691031795,-1.2894889212189131
2024-07-09,199.33999633789065,117.02401817321777,46.61758239836729,3384.9665515968964,58.180465377967685,25.219864691031795,-1.2894889212189131
2024-07-10,199.7899932861328,117.02103317260742,46.61758239836729,3384.9665515968964,58.180465377967685,25.219864691031795,-1.2894889212189131
2024-07-11,195.0500030517578,117.41738334655761,46.61758239836729,3384.9665515968964,58.180465377967685,25.219864691031795,-1.2894889212189131
2024-07-12,194.4900054931641,116.9978131866455,46.61758239836729,3384.9665515968964,58.180465377967685,25.219864691031795,-1.2894889212189131
2024-07-15,192.72000122070312,117.47994338989258,46.61758239836729,3384.9665515968964,58.180465377967685,25.219864691031795,-1.2894889212189131
2024-07-16,193.0200042724609,117.46693321228027,46.61758239836729,3384.9665515968964,58.180465377967685,25.219864691031795,-1.2894889212189131
2024-07-17,187.92999267578125,117.39985343933105,46.61758239836729,3384.9665515968964,58.180465377967685,25.219864691031795,-1.2894889212189131
2024-07-18,183.75,117.26353851318359,46.61758239836729,3384.9665515968964,58.180465377967685,25.219864691031795,-1.2894889212189131
2024-07-19,183.1300048828125,117.47265335083007,46.61758239836729,3384.9665515968964,58.180465377967685,25.219864691031795,-1.2894889212189131
2024-07-22,182.5500030517578,117.00287818908691,46.61758239836729,3384.9665515968964,58.180465377967685,25.219864691031795,-1.2894889212189131
2024-07-23,186.41000366210935,117.36710845947266,46.61758239836729,3384.9665515968964,58.180465377967685,25.219864691031795,-1.2894889212189131
2024-07-24,180.8300018310547,117.47265335083007,46.61758239836729,3384.9665515968964,58.180465377967685,25.219864691031795,-1.2894889212189131
2024-07-25,179.85000610351562,117.37441841125488,46.61758239836729,3384.9665515968964,58.180465377967685,25.219864691031795,-1.2894889212189131
2024-07-26,182.5,117.49312789916992,46.61758239836729,3384.9665515968964,58.180465377967685,25.219864691031795,-1.2894889212189131
2024-07-29,183.1999969482422,117.02103317260742,46.61758239836729,3384.9665515968964,58.180465377967685,25.219864691031795,-1.2894889212189131
2024-07-30,181.7100067138672,117.45741836547852,46.61758239836729,3384.9665515968964,58.180465377967685,25.219864691031795,-1.2894889212189131
2024-07-31,186.97999572753903,117.61097290039065,46.61758239836729,3384.9665515968964,58.180465377967685,25.219864691031795,-1.2894889212189131
2024-08-01,184.07000732421875,117.47113357543945,46.61758239836729,3384.9665515968964,58.180465377967685,25.219864691031795,-1.2894889212189131
2024-08-02,167.89999389648438,118.58011360168457,46.61758239836729,3384.9665515968964,58.180465377967685,25.219864691031795,-1.2894889212189131
2024-08-05,161.02000427246094,117.47113357543945,46.61758239836729,3384.9665515968964,58.180465377967685,25.219864691031795,-1.2894889212189131
2024-08-06,161.92999267578125,117.41158340454103,46.61758239836729,3384.9665515968964,58.180465377967685,25.219864691031795,-1.2894889212189131
2024-08-07,162.77000427246094,117.45741836547852,46.61758239836729,3384.9665515968964,58.180465377967685,25.219864691031795,-1.2894889212189131
2024-08-08,165.8000030517578,117.54355812072755,46.61758239836729,3384.9665515968964,58.180465377967685,25.219864691031795,-1.2894889212189131
2024-08-09,166.94000244140625,116.90167816162109,46.61758239836729,3384.9665515968964,58.180465377967685,25.219864691031795,-1.2894889212189131
2024-08-12,166.8000030517578,117.0245281982422,46.61758239836729,3384.9665515968964,58.180465377967685,25.219864691031795,-1.2894889212189131
2024-08-13,170.22999572753906,117.54355812072755,46.61758239836729,3384.9665515968964,58.180465377967685,25.219864691031795,-1.2894889212189131
2024-08-14,170.10000610351562,117.57557289123537,46.61758239836729,3384.9665515968964,58.180465377967685,25.219864691031795,-1.2894889212189131
2024-08-15,177.58999633789062,117.46346817016604,46.61758239836729,3384.9665515968964,58.180465377967685,25.219864691031795,-1.2894889212189131
2024-08-16,177.05999755859375,117.01840316772461,46.61758239836729,3384.9665515968964,58.180465377967685,25.219864691031795,-1.2894889212189131
2024-08-19,178.22000122070312,117.01840316772461,46.61758239836729,3384.9665515968964,58.180465377967685,25.219864691031795,-1.2894889212189131
2024-08-20,178.8800048828125,116.99377815246582,46.61758239836729,3384.9665515968964,58.180465377967685,25.219864691031795,-1.2894889212189131
2024-08-21,180.11000061035156,117.69106285095216,46.61758239836729,3384.9665515968964,58.180465377967685,25.219864691031795,-1.2894889212189131
2024-08-22,176.1300048828125,117.47487838745117,46.61758239836729,3384.9665515968964,58.180465377967685,25.219864691031795,-1.2894889212189131
2024-08-23,177.0399932861328,117.53849311828615,46.61758239836729,3384.9665515968964,58.180465377967685,25.219864691031795,-1.2894889212189131
2024-08-26,175.5,117.4612728881836,46.61758239836729,3384.9665515968964,58.180465377967685,25.219864691031795,-1.2894889212189131
2024-08-27,173.1199951171875,116.9978131866455,46.61758239836729,3384.9665515968964,58.180465377967685,25.219864691031795,-1.2894889212189131
2024-08-28,170.8000030517578,117.46758834838867,46.61758239836729,3384.9665515968964,58.180465377967685,25.219864691031795,-1.2894889212189131
2024-08-29,172.1199951171875,117.68599784851077,46.61758239836729,3384.9665515968964,58.180465377967685,25.219864691031795,-1.2894889212189131
2024-08-30,178.5,117.3035735321045,46.61758239836729,3384.9665515968964,58.180465377967685,25.219864691031795,-1.2894889212189131
2024-09-03,176.25,117.4130379486084,46.61758239836729,3384.9665515968964,58.180465377967685,25.219864691031795,-1.2894889212189131
2024-09-04,173.3300018310547,117.5720778656006,46.61758239836729,3384.9665515968964,58.180465377967685,25.219864691031795,-1.2894889212189131
2024-09-05,177.88999938964844,117.33924842834475,46.61758239836729,3384.9665515968964,58.180465377967685,25.219864691031795,-1.2894889212189131
2024-09-06,171.38999938964844,117.43255348205567,46.61758239836729,3384.9665515968964,58.180465377967685,25.219864691031795,-1.2894889212189131
2024-09-09,175.39999389648438,117.02103317260742,46.61758239836729,3384.9665515968964,58.180465377967685,25.219864691031795,-1.2894889212189131
2024-09-10,179.5500030517578,117.46346817016604,46.61758239836729,3384.9665515968964,58.180465377967685,25.219864691031795,-1.2894889212189131
2024-09-11,184.5200042724609,117.43255348205567,46.61758239836729,3384.9665515968964,58.180465377967685,25.219864691031795,-1.2894889212189131
2024-09-12,187.0,117.54355812072755,46.61758239836729,3384.9665515968964,58.180465377967685,25.219864691031795,-1.2894889212189131
2024-09-13,186.4900054931641,117.00287818908691,46.61758239836729,3384.9665515968964,58.180465377967685,25.219864691031795,-1.2894889212189131
2024-09-16,184.88999938964844,117.02103317260742,46.61758239836729,3384.9665515968964,58.180465377967685,25.219864691031795,-1.2894889212189131
2024-09-17,186.8800048828125,117.49312789916992,46.61758239836729,3384.9665515968964,58.180465377967685,25.219864691031795,-1.2894889212189131
2024-09-18,186.42999267578125,117.46346817016604,46.61758239836729,3384.9665515968964,58.180465377967685,25.219864691031795,-1.2894889212189131
2024-09-19,189.8699951171875,116.97596839904786,46.61758239836729,3384.9665515968964,58.180465377967685,25.219864691031795,-1.2894889212189131
2024-09-20,191.6000061035156,117.53090339660645,46.61758239836729,3384.9665515968964,58.180465377967685,25.219864691031795,-1.2894889212189131
2024-09-23,193.8800048828125,117.50059318542482,46.61758239836729,3384.9665515968964,58.180465377967685,25.219864691031795,-1.2894889212189131
2024-09-24,193.9600067138672,117.33924842834475,46.61758239836729,3384.9665515968964,58.180465377967685,25.219864691031795,-1.2894889212189131
2024-09-25,192.52999877929688,117.02346817016601,46.61758239836729,3384.9665515968964,58.180465377967685,25.219864691031795,-1.2894889212189131
2024-09-26,191.16000366210935,117.47265335083007,46.61758239836729,3384.9665515968964,58.180465377967685,25.219864691031795,-1.2894889212189131
2024-09-27,187.97000122070312,117.69106285095216,46.61758239836729,3384.9665515968964,58.180465377967685,25.219864691031795,-1.2894889212189131
2024-09-30,186.3300018310547,117.40832321166994,46.61758239836729,3384.9665515968964,58.180465377967685,25.219864691031795,-1.2894889212189131
2024-10-01,185.1300048828125,117.25491798400878,46.61758239836729,3384.9665515968964,58.180465377967685,25.219864691031795,-1.2894889212189131
2024-10-02,184.75999450683597,116.9978131866455,46.61758239836729,3384.9665515968964,58.180465377967685,25.219864691031795,-1.2894889212189131
2024-10-03,181.9600067138672,117.00287818908691,46.61758239836729,3384.9665515968964,58.180465377967685,25.219864691031795,-1.2894889212189131
2024-10-04,186.50999450683597,117.38971328735353,46.61758239836729,3384.9665515968964,58.180465377967685,25.219864691031795,-1.2894889212189131
2024-10-07,180.8000030517578,117.41823303222658,46.61758239836729,3384.9665515968964,58.180465377967685,25.219864691031795,-1.2894889212189131
2024-10-08,182.72000122070312,117.02346817016601,46.61758239836729,3384.9665515968964,58.180465377967685,25.219864691031795,-1.2894889212189131
2024-10-09,185.1699981689453,117.54355812072755,46.61758239836729,3384.9665515968964,58.180465377967685,25.219864691031795,-1.2894889212189131
2024-10-10,186.6499938964844,117.02103317260742,46.61758239836729,3384.9665515968964,58.180465377967685,25.219864691031795,-1.2894889212189131
2024-10-11,188.82000732421875,117.67245292663576,46.61758239836729,3384.9665515968964,58.180465377967685,25.219864691031795,-1.2894889212189131
2024-10-14,187.5399932861328,117.01596817016602,46.61758239836729,3384.9665515968964,58.180465377967685,25.219864691031795,-1.2894889212189131
2024-10-15,187.69000244140625,117.54355812072755,46.61758239836729,3384.9665515968964,58.180465377967685,25.219864691031795,-1.2894889212189131
2024-10-16,186.88999938964844,117.01840316772461,46.61758239836729,3384.9665515968964,58.180465377967685,25.219864691031795,-1.2894889212189131
2024-10-17,187.52999877929688,117.49312789916992,46.61758239836729,3384.9665515968964,58.180465377967685,25.219864691031795,-1.2894889212189131
2024-10-18,188.9900054931641,117.33352828979494,46.61758239836729,3384.9665515968964,58.180465377967685,25.219864691031795,-1.2894889212189131
2024-10-21,189.07000732421875,117.49312789916992,46.61758239836729,3384.9665515968964,58.180465377967685,25.219864691031795,-1.2894889212189131
2024-10-22,189.6999969482422,117.46693321228027,46.61758239836729,3384.9665515968964,58.180465377967685,25.219864691031795,-1.2894889212189131
2024-10-23,184.7100067138672,117.39985343933105,46.61758239836729,3384.9665515968964,58.180465377967685,25.219864691031795,-1.2894889212189131
2024-10-24,186.3800048828125,117.49312789916992,46.61758239836729,3384.9665515968964,58.180465377967685,25.219864691031795,-1.2894889212189131
2024-10-25,187.8300018310547,117.49312789916992,46.61758239836729,3384.9665515968964,58.180465377967685,25.219864691031795,-1.2894889212189131
2024-10-28,188.38999938964844,117.02346817016601,46.61758239836729,3384.9665515968964,58.180465377967685,25.219864691031795,-1.2894889212189131
2024-10-29,190.8300018310547,117.62610809326173,46.61758239836729,3384.9665515968964,58.180465377967685,25.219864691031795,-1.2894889212189131
2024-10-30,192.72999572753903,117.4868180847168,46.61758239836729,3384.9665515968964,58.180465377967685,25.219864691031795,-1.2894889212189131
2024-10-31,186.3999938964844,117.54391357421875,46.61758239836729,3384.9665515968964,58.180465377967685,25.219864691031795,-1.2894889212189131
2024-11-01,197.92999267578125,117.74677314758301,46.61758239836729,3384.9665515968964,58.180465377967685,25.219864691031795,-1.2894889212189131
2024-11-04,195.77999877929688,117.3392830657959,46.61758239836729,3384.9665515968964,58.180465377967685,25.219864691031795,-1.2894889212189131
2024-11-05,199.5,117.54355812072755,46.61758239836729,3384.9665515968964,58.180465377967685,25.219864691031795,-1.2894889212189131
2024-11-06,207.08999633789065,117.47113357543945,46.61758239836729,3384.9665515968964,58.180465377967685,25.219864691031795,-1.2894889212189131
2024-11-07,210.0500030517578,117.49804344177247,46.61758239836729,3384.9665515968964,58.180465377967685,25.219864691031795,-1.2894889212189131
2024-11-08,208.17999267578125,117.00287818908691,46.61758239836729,3384.9665515968964,58.180465377967685,25.219864691031795,-1.2894889212189131
2024-11-11,206.83999633789065,117.54355812072755,46.61758239836729,3384.9665515968964,58.180465377967685,25.219864691031795,-1.2894889212189131
2024-11-12,208.91000366210935,117.69106285095216,46.61758239836729,3384.9665515968964,58.180465377967685,25.219864691031795,-1.2894889212189131
2024-11-13,214.1000061035156,117.3035735321045,46.61758239836729,3384.9665515968964,58.180465377967685,25.219864691031795,-1.2894889212189131
2024-11-14,211.47999572753903,117.42968841552734,46.61758239836729,3384.9665515968964,58.180465377967685,25.219864691031795,-1.2894889212189131
2024-11-15,202.6100006103516,117.47113357543945,46.61758239836729,3384.9665515968964,58.180465377967685,25.219864691031795,-1.2894889212189131
2024-11-18,201.6999969482422,117.54355812072755,46.61758239836729,3384.9665515968964,58.180465377967685,25.219864691031795,-1.2894889212189131
2024-11-19,204.6100006103516,117.4523533630371,46.61758239836729,3384.9665515968964,58.180465377967685,25.219864691031795,-1.2894889212189131
2024-11-20,202.8800048828125,117.67245292663576,46.61758239836729,3384.9665515968964,58.180465377967685,25.219864691031795,-1.2894889212189131
2024-11-21,198.3800048828125,117.41773345947266,46.61758239836729,3384.9665515968964,58.180465377967685,25.219864691031795,-1.2894889212189131
2024-11-22,197.1199951171875,116.9978131866455,46.61758239836729,3384.9665515968964,58.180465377967685,25.219864691031795,-1.2894889212189131
2024-11-25,201.4499969482422,117.49312789916992,46.61758239836729,3384.9665515968964,58.180465377967685,25.219864691031795,-1.2894889212189131
2024-11-26,207.8600006103516,117.45741836547852,46.61758239836729,3384.9665515968964,58.180465377967685,25.219864691031795,-1.2894889212189131
2024-11-27,205.7400054931641,117.00637321472168,46.61758239836729,3384.9665515968964,58.180465377967685,25.219864691031795,-1.2894889212189131
2024-11-29,207.88999938964844,117.65827293395998,46.61758239836729,3384.9665515968964,58.180465377967685,25.219864691031795,-1.2894889212189131
2024-12-02,210.7100067138672,117.69106285095216,46.61758239836729,3384.9665515968964,58.180465377967685,25.219864691031795,-1.2894889212189131
2024-12-03,213.44000244140625,117.46693321228027,46.61758239836729,3384.9665515968964,58.180465377967685,25.219864691031795,-1.2894889212189131
2024-12-04,218.16000366210935,117.38971328735353,46.61758239836729,3384.9665515968964,58.180465377967685,25.219864691031795,-1.2894889212189131
2024-12-05,220.5500030517578,117.47265335083007,46.61758239836729,3384.9665515968964,58.180465377967685,25.219864691031795,-1.2894889212189131
2024-12-06,227.02999877929688,117.37732841491699,46.61758239836729,3384.9665515968964,58.180465377967685,25.219864691031795,-1.2894889212189131
2024-12-09,226.08999633789065,117.31308837890624,46.61758239836729,3384.9665515968964,58.180465377967685,25.219864691031795,-1.2894889212189131
2024-12-10,225.0399932861328,117.47265335083007,46.61758239836729,3384.9665515968964,58.180465377967685,25.219864691031795,-1.2894889212189131
2024-12-11,230.25999450683597,117.47265335083007,46.61758239836729,3384.9665515968964,58.180465377967685,25.219864691031795,-1.2894889212189131
2024-12-12,228.97000122070312,117.5720778656006,46.61758239836729,3384.9665515968964,58.180465377967685,25.219864691031795,-1.2894889212189131
2024-12-13,227.4600067138672,117.46693321228027,46.61758239836729,3384.9665515968964,58.180465377967685,25.219864691031795,-1.2894889212189131
2024-12-16,232.92999267578125,117.42968841552734,46.61758239836729,3384.9665515968964,58.180465377967685,25.219864691031795,-1.2894889212189131
2024-12-17,231.1499938964844,117.47265335083007,46.61758239836729,3384.9665515968964,58.180465377967685,25.219864691031795,-1.2894889212189131
2024-12-18,220.5200042724609,117.28397842407229,46.61758239836729,3384.9665515968964,58.180465377967685,25.219864691031795,-1.2894889212189131
2024-12-19,223.2899932861328,117.4130379486084,46.61758239836729,3384.9665515968964,58.180465377967685,25.219864691031795,-1.2894889212189131
2024-12-20,224.9199981689453,117.47113357543945,46.61758239836729,3384.9665515968964,58.180465377967685,25.219864691031795,-1.2894889212189131
2024-12-23,225.05999755859372,117.49312789916992,46.61758239836729,3384.9665515968964,58.180465377967685,25.219864691031795,-1.2894889212189131
2024-12-24,229.0500030517578,117.4612728881836,46.61758239836729,3384.9665515968964,58.180465377967685,25.219864691031795,-1.2894889212189131
2024-12-26,227.0500030517578,116.99161315917969,46.61758239836729,3384.9665515968964,58.180465377967685,25.219864691031795,-1.2894889212189131
2024-12-27,223.75,117.47265335083007,46.61758239836729,3384.9665515968964,58.180465377967685,25.219864691031795,-1.2894889212189131
2024-12-30,221.3000030517578,117.46693321228027,46.61758239836729,3384.9665515968964,58.180465377967685,25.219864691031795,-1.2894889212189131
2024-12-31,219.38999938964844,117.53849311828615,46.61758239836729,3384.9665515968964,58.180465377967685,25.219864691031795,-1.2894889212189131
2025-01-02,220.22000122070312,117.41738334655761,46.61758239836729,3384.9665515968964,58.180465377967685,25.219864691031795,-1.2894889212189131
2025-01-03,224.19000244140625,117.54355812072755,46.61758239836729,3384.9665515968964,58.180465377967685,25.219864691031795,-1.2894889212189131
2025-01-06,227.6100006103516,117.54355812072755,46.61758239836729,3384.9665515968964,58.180465377967685,25.219864691031795,-1.2894889212189131
2025-01-07,222.1100006103516,117.41738334655761,46.61758239836729,3384.9665515968964,58.180465377967685,25.219864691031795,-1.2894889212189131
2025-01-08,222.1300048828125,117.49312789916992,46.61758239836729,3384.9665515968964,58.180465377967685,25.219864691031795,-1.2894889212189131
2025-01-10,218.94000244140625,117.31880851745605,46.61758239836729,3384.9665515968964,58.180465377967685,25.219864691031795,-1.2894889212189131
2025-01-13,218.4600067138672,117.49312789916992,46.61758239836729,3384.9665515968964,58.180465377967685,25.219864691031795,-1.2894889212189131
2025-01-14,217.75999450683597,117.47994338989258,46.61758239836729,3384.9665515968964,58.180465377967685,25.219864691031795,-1.2894889212189131
2025-01-15,223.3500061035156,117.25491798400878,46.61758239836729,3384.9665515968964,58.180465377967685,25.219864691031795,-1.2894889212189131
2025-01-16,220.66000366210935,117.46693321228027,46.61758239836729,3384.9665515968964,58.180465377967685,25.219864691031795,-1.2894889212189131
2025-01-17,225.94000244140625,117.58920806884765,46.61758239836729,3384.9665515968964,58.180465377967685,25.219864691031795,-1.2894889212189131
2025-01-21,230.7100067138672,117.49804344177247,46.61758239836729,3384.9665515968964,58.180465377967685,25.219864691031795,-1.2894889212189131
2025-01-22,235.00999450683597,117.54850830078125,46.61758239836729,3384.9665515968964,58.180465377967685,25.219864691031795,-1.2894889212189131
2025-01-23,235.4199981689453,117.54355812072755,46.61758239836729,3384.9665515968964,58.180465377967685,25.219864691031795,-1.2894889212189131
2025-01-24,234.8500061035156,117.5720778656006,46.61758239836729,3384.9665515968964,58.180465377967685,25.219864691031795,-1.2894889212189131
2025-01-27,235.4199981689453,117.48761360168457,46.61758239836729,3384.9665515968964,58.180465377967685,25.219864691031795,-1.2894889212189131
2025-01-28,238.1499938964844,117.43255348205567,46.61758239836729,3384.9665515968964,58.180465377967685,25.219864691031795,-1.2894889212189131
2025-01-29,237.07000732421875,117.54355812072755,46.61758239836729,3384.9665515968964,58.180465377967685,25.219864691031795,-1.2894889212189131
2025-01-30,234.63999938964844,117.47994338989258,46.61758239836729,3384.9665515968964,58.180465377967685,25.219864691031795,-1.2894889212189131
2025-01-31,237.67999267578125,117.38971328735353,46.61758239836729,3384.9665515968964,58.180465377967685,25.219864691031795,-1.2894889212189131
2025-02-03,237.4199981689453,117.3035735321045,46.61758239836729,3384.9665515968964,58.180465377967685,25.219864691031795,-1.2894889212189131
2025-02-04,242.05999755859372,117.46693321228027,46.61758239836729,3384.9665515968964,58.180465377967685,25.219864691031795,-1.2894889212189131
2025-02-05,236.1699981689453,117.3392830657959,46.61758239836729,3384.9665515968964,58.180465377967685,25.219864691031795,-1.2894889212189131
2025-02-06,238.8300018310547,117.72471321105957,46.61758239836729,3384.9665515968964,58.180465377967685,25.219864691031795,-1.2894889212189131
2025-02-07,229.1499938964844,117.51116859436036,46.61758239836729,3384.9665515968964,58.180465377967685,25.219864691031795,-1.2894889212189131
2025-02-10,233.13999938964844,117.49609336853027,46.61758239836729,3384.9665515968964,58.180465377967685,25.219864691031795,-1.2894889212189131
2025-02-11,232.75999450683597,117.48806289672852,46.61758239836729,3384.9665515968964,58.180465377967685,25.219864691031795,-1.2894889212189131
2025-02-12,228.92999267578125,117.49312789916992,46.61758239836729,3384.9665515968964,58.180465377967685,25.219864691031795,-1.2894889212189131
2025-02-13,230.3699951171875,117.49312789916992,46.61758239836729,3384.9665515968964,58.180465377967685,25.219864691031795,-1.2894889212189131
2025-02-14,228.67999267578125,117.00287818908691,46.61758239836729,3384.9665515968964,58.180465377967685,25.219864691031795,-1.2894889212189131
2025-02-18,226.6499938964844,117.32609855651856,46.61758239836729,3384.9665515968964,58.180465377967685,25.219864691031795,-1.2894889212189131
2025-02-19,226.6300048828125,117.49312789916992,46.61758239836729,3384.9665515968964,58.180465377967685,25.219864691031795,-1.2894889212189131
2025-02-20,222.8800048828125,117.49312789916992,46.61758239836729,3384.9665515968964,58.180465377967685,25.219864691031795,-1.2894889212189131
2025-02-21,216.5800018310547,117.43960357666016,46.61758239836729,3384.9665515968964,58.180465377967685,25.219864691031795,-1.2894889212189131
2025-02-24,212.7100067138672,117.34470848083497,46.61758239836729,3384.9665515968964,58.180465377967685,25.219864691031795,-1.2894889212189131
2025-02-25,212.8000030517578,117.43449356079101,46.61758239836729,3384.9665515968964,58.180465377967685,25.219864691031795,-1.2894889212189131
2025-02-26,214.3500061035156,117.47265335083007,46.61758239836729,3384.9665515968964,58.180465377967685,25.219864691031795,-1.2894889212189131
2025-02-27,208.7400054931641,117.37441841125488,46.61758239836729,3384.9665515968964,58.180465377967685,25.219864691031795,-1.2894889212189131
2025-02-28,212.27999877929688,117.50533348083496,46.61758239836729,3384.9665515968964,58.180465377967685,25.219864691031795,-1.2894889212189131
2025-03-03,205.0200042724609,117.3372933959961,46.61758239836729,3384.9665515968964,58.180465377967685,25.219864691031795,-1.2894889212189131
2025-03-04,203.8000030517578,117.43449356079101,46.61758239836729,3384.9665515968964,58.180465377967685,25.219864691031795,-1.2894889212189131
2025-03-05,208.3600006103516,117.45741836547852,46.61758239836729,3384.9665515968964,58.180465377967685,25.219864691031795,-1.2894889212189131
2025-03-06,200.6999969482422,117.26353851318359,46.61758239836729,3384.9665515968964,58.180465377967685,25.219864691031795,-1.2894889212189131
2025-03-07,199.25,117.41262344360352,46.61758239836729,3384.9665515968964,58.180465377967685,25.219864691031795,-1.2894889212189131
2025-03-10,194.5399932861328,117.47452857971192,46.61758239836729,3384.9665515968964,58.180465377967685,25.219864691031795,-1.2894889212189131
2025-03-11,196.58999633789065,117.47258850097656,46.61758239836729,3384.9665515968964,58.180465377967685,25.219864691031795,-1.2894889212189131
2025-03-12,198.88999938964844,117.45741836547852,46.61758239836729,3384.9665515968964,58.180465377967685,25.219864691031795,-1.2894889212189131
2025-03-13,193.88999938964844,117.41738334655761,46.61758239836729,3384.9665515968964,58.180465377967685,25.219864691031795,-1.2894889212189131
2025-03-14,197.9499969482422,117.49312789916992,46.61758239836729,3384.9665515968964,58.180465377967685,25.219864691031795,-1.2894889212189131
2025-03-17,195.7400054931641,117.41600341796875,46.61758239836729,3384.9665515968964,58.180465377967685,25.219864691031795,-1.2894889212189131
2025-03-18,192.82000732421875,117.46693321228027,46.61758239836729,3384.9665515968964,58.180465377967685,25.219864691031795,-1.2894889212189131
2025-03-19,195.5399932861328,117.54355812072755,46.61758239836729,3384.9665515968964,58.180465377967685,25.219864691031795,-1.2894889212189131
2025-03-20,194.9499969482422,117.41738334655761,46.61758239836729,3384.9665515968964,58.180465377967685,25.219864691031795,-1.2894889212189131
2025-03-21,196.2100067138672,117.4723932647705,46.61758239836729,3384.9665515968964,58.180465377967685,25.219864691031795,-1.2894889212189131
2025-03-24,203.25999450683597,117.54355812072755,46.61758239836729,3384.9665515968964,58.180465377967685,25.219864691031795,-1.2894889212189131
2025-03-25,205.7100067138672,117.48806289672852,46.61758239836729,3384.9665515968964,58.180465377967685,25.219864691031795,-1.2894889212189131
2025-03-26,201.1300048828125,117.45741836547852,46.61758239836729,3384.9665515968964,58.180465377967685,25.219864691031795,-1.2894889212189131
2025-03-27,201.3600006103516,117.47042823791504,46.61758239836729,3384.9665515968964,58.180465377967685,25.219864691031795,-1.2894889212189131
2025-03-28,192.72000122070312,117.28397842407229,46.61758239836729,3384.9665515968964,58.180465377967685,25.219864691031795,-1.2894889212189131
2025-03-31,190.25999450683597,117.41262344360352,46.61758239836729,3384.9665515968964,58.180465377967685,25.219864691031795,-1.2894889212189131
2025-04-01,192.1699981689453,117.45741836547852,46.61758239836729,3384.9665515968964,58.180465377967685,25.219864691031795,-1.2894889212189131
2025-04-02,196.00999450683597,117.28397842407229,46.61758239836729,3384.9665515968964,58.180465377967685,25.219864691031795,-1.2894889212189131
2025-04-03,178.41000366210938,117.47113357543945,46.61758239836729,3384.9665515968964,58.180465377967685,25.219864691031795,-1.2894889212189131
2025-04-04,171.0,118.21709846496582,46.61758239836729,3384.9665515968964,58.180465377967685,25.219864691031795,-1.2894889212189131
2025-04-07,175.25999450683594,117.71203353881836,46.61758239836729,3384.9665515968964,58.180465377967685,25.219864691031795,-1.2894889212189131
2025-04-08,170.66000366210938,117.47113357543945,46.61758239836729,3384.9665515968964,58.180465377967685,25.219864691031795,-1.2894889212189131
2025-04-09,191.1000061035156,118.10102348327636,46.61758239836729,3384.9665515968964,58.180465377967685,25.219864691031795,-1.2894889212189131
2025-04-10,181.22000122070312,117.24705848693847,46.61758239836729,3384.9665515968964,58.180465377967685,25.219864691031795,-1.2894889212189131
2025-04-11,184.8699951171875,117.41738334655761,46.61758239836729,3384.9665515968964,58.180465377967685,25.219864691031795,-1.2894889212189131
2025-04-14,182.1199951171875,117.41738334655761,46.61758239836729,3384.9665515968964,58.180465377967685,25.219864691031795,-1.2894889212189131
2025-04-15,179.58999633789062,117.46693321228027,46.61758239836729,3384.9665515968964,58.180465377967685,25.219864691031795,-1.2894889212189131
2025-04-16,174.3300018310547,117.41738334655761,46.61758239836729,3384.9665515968964,58.180465377967685,25.219864691031795,-1.2894889212189131
2025-04-17,172.61000061035156,117.54355812072755,46.61758239836729,3384.9665515968964,58.180465377967685,25.219864691031795,-1.2894889212189131
2025-04-21,167.32000732421875,117.46693321228027,46.61758239836729,3384.9665515968964,58.180465377967685,25.219864691031795,-1.2894889212189131
2025-04-22,173.17999267578125,117.40209831237793,46.61758239836729,3384.9665515968964,58.180465377967685,25.219864691031795,-1.2894889212189131
2025-04-23,180.6000061035156,117.39745330810547,46.61758239836729,3384.9665515968964,58.180465377967685,25.219864691031795,-1.2894889212189131
2025-04-24,186.5399932861328,117.4523533630371,46.61758239836729,3384.9665515968964,58.180465377967685,25.219864691031795,-1.2894889212189131
2025-04-25,188.9900054931641,117.45275321960449,46.61758239836729,3384.9665515968964,58.180465377967685,25.219864691031795,-1.2894889212189131
2025-04-28,187.6999969482422,117.46576339721679,46.61758239836729,3384.9665515968964,58.180465377967685,25.219864691031795,-1.2894889212189131
2025-04-29,187.38999938964844,117.46186820983887,46.61758239836729,3384.9665515968964,58.180465377967685,25.219864691031795,-1.2894889212189131
2025-04-30,184.4199981689453,117.44213333129883,46.61758239836729,3384.9665515968964,58.180465377967685,25.219864691031795,-1.2894889212189131
2025-05-01,190.1999969482422,117.31704826354982,46.61758239836729,3384.9665515968964,58.180465377967685,25.219864691031795,-1.2894889212189131
2025-05-02,189.97999572753903,117.41503341674806,46.61758239836729,3384.9665515968964,58.180465377967685,25.219864691031795,-1.2894889212189131
2025-05-05,186.3500061035156,117.00637321472168,46.61758239836729,3384.9665515968964,58.180465377967685,25.219864691031795,-1.2894889212189131
2025-05-06,185.00999450683597,117.52937812805177,46.61758239836729,3384.9665515968964,58.180465377967685,25.219864691031795,-1.2894889212189131
2025-05-07,188.7100067138672,117.45741836547852,46.61758239836729,3384.9665515968964,58.180465377967685,25.219864691031795,-1.2894889212189131
2025-05-08,192.0800018310547,117.47994338989258,46.61758239836729,3384.9665515968964,58.180465377967685,25.219864691031795,-1.2894889212189131
2025-05-09,193.05999755859372,117.68599784851077,46.61758239836729,3384.9665515968964,58.180465377967685,25.219864691031795,-1.2894889212189131
2025-05-12,208.63999938964844,117.47797859191894,46.61758239836729,3384.9665515968964,58.180465377967685,25.219864691031795,-1.2894889212189131
2025-05-13,211.3699951171875,117.32742851257325,46.61758239836729,3384.9665515968964,58.180465377967685,25.219864691031795,-1.2894889212189131
2025-05-14,210.25,117.49312789916992,46.61758239836729,3384.9665515968964,58.180465377967685,25.219864691031795,-1.2894889212189131
2025-05-15,205.1699981689453,117.5285782623291,46.61758239836729,3384.9665515968964,58.180465377967685,25.219864691031795,-1.2894889212189131
2025-05-16,205.58999633789065,117.02103317260742,46.61758239836729,3384.9665515968964,58.180465377967685,25.219864691031795,-1.2894889212189131
2025-05-19,206.16000366210935,117.47994338989258,46.61758239836729,3384.9665515968964,58.180465377967685,25.219864691031795,-1.2894889212189131
2025-05-20,204.07000732421875,117.48806289672852,46.61758239836729,3384.9665515968964,58.180465377967685,25.219864691031795,-1.2894889212189131
2025-05-21,201.1199951171875,117.5720778656006,46.61758239836729,3384.9665515968964,58.180465377967685,25.219864691031795,-1.2894889212189131
2025-05-22,203.1000061035156,117.47994338989258,46.61758239836729,3384.9665515968964,58.180465377967685,25.219864691031795,-1.2894889212189131
2025-05-23,200.9900054931641,117.46693321228027,46.61758239836729,3384.9665515968964,58.180465377967685,25.219864691031795,-1.2894889212189131
2025-05-27,206.0200042724609,117.46693321228027,46.61758239836729,3384.9665515968964,58.180465377967685,25.219864691031795,-1.2894889212189131
2025-05-28,204.72000122070312,117.48806289672852,46.61758239836729,3384.9665515968964,58.180465377967685,25.219864691031795,-1.2894889212189131
2025-05-29,205.6999969482422,117.46693321228027,46.61758239836729,3384.9665515968964,58.180465377967685,25.219864691031795,-1.2894889212189131
2025-05-30,205.00999450683597,117.49721328735353,46.61758239836729,3384.9665515968964,58.180465377967685,25.219864691031795,-1.2894889212189131
2025-06-02,206.6499938964844,117.46693321228027,46.61758239836729,3384.9665515968964,58.180465377967685,25.219864691031795,-1.2894889212189131
2025-06-03,205.7100067138672,117.54355812072755,46.61758239836729,3384.9665515968964,58.180465377967685,25.219864691031795,-1.2894889212189131
2025-06-04,207.22999572753903,117.49312789916992,46.61758239836729,3384.9665515968964,58.180465377967685,25.219864691031795,-1.2894889212189131
2025-06-05,207.91000366210935,117.50533348083496,46.61758239836729,3384.9665515968964,58.180465377967685,25.219864691031795,-1.2894889212189131
2025-06-06,213.57000732421875,117.5720778656006,46.61758239836729,3384.9665515968964,58.180465377967685,25.219864691031795,-1.2894889212189131
2025-06-09,216.97999572753903,117.47265335083007,46.61758239836729,3384.9665515968964,58.180465377967685,25.219864691031795,-1.2894889212189131
2025-06-10,217.6100006103516,117.69106285095216,46.61758239836729,3384.9665515968964,58.180465377967685,25.219864691031795,-1.2894889212189131
2025-06-11,213.1999969482422,117.39985343933105,46.61758239836729,3384.9665515968964,58.180465377967685,25.219864691031795,-1.2894889212189131
2025-06-12,213.2400054931641,117.02346817016601,46.61758239836729,3384.9665515968964,58.180465377967685,25.219864691031795,-1.2894889212189131
2025-06-13,212.1000061035156,117.46693321228027,46.61758239836729,3384.9665515968964,58.180465377967685,25.219864691031795,-1.2894889212189131
2025-06-16,216.1000061035156,117.47994338989258,46.61758239836729,3384.9665515968964,58.180465377967685,25.219864691031795,-1.2894889212189131
2025-06-17,214.82000732421875,117.25491798400878,46.61758239836729,3384.9665515968964,58.180465377967685,25.219864691031795,-1.2894889212189131
2025-06-18,212.5200042724609,117.44185844421389,46.61758239836729,3384.9665515968964,58.180465377967685,25.219864691031795,-1.2894889212189131
2025-06-20,209.69000244140625,117.51116859436036,46.61758239836729,3384.9665515968964,58.180465377967685,25.219864691031795,-1.2894889212189131
2025-06-23,208.47000122070312,117.49312789916992,46.61758239836729,3384.9665515968964,58.180465377967685,25.219864691031795,-1.2894889212189131
2025-06-24,212.7700042724609,117.45016296386719,46.61758239836729,3384.9665515968964,58.180465377967685,25.219864691031795,-1.2894889212189131
2025-06-25,211.9900054931641,117.47265335083007,46.61758239836729,3384.9665515968964,58.180465377967685,25.219864691031795,-1.2894889212189131
2025-06-26,217.1199951171875,117.47258850097656,46.61758239836729,3384.9665515968964,58.180465377967685,25.219864691031795,-1.2894889212189131
2025-06-27,223.3000030517578,118.14105850219727,46.61758239836729,3384.9665515968964,58.180465377967685,25.219864691031795,-1.2894889212189131
2025-06-30,219.38999938964844,117.50666343688965,46.61758239836729,3384.9665515968964,58.180465377967685,25.219864691031795,-1.2894889212189131
2025-07-01,220.4600067138672,117.54355812072755,46.61758239836729,3384.9665515968964,58.180465377967685,25.219864691031795,-1.2894889212189131
2025-07-02,219.9199981689453,117.00287818908691,46.61758239836729,3384.9665515968964,58.180465377967685,25.219864691031795,-1.2894889212189131
2025-07-03,223.41000366210935,116.9978131866455,46.61758239836729,3384.9665515968964,58.180465377967685,25.219864691031795,-1.2894889212189131
2025-07-07,223.47000122070312,117.02346817016601,46.61758239836729,3384.9665515968964,58.180465377967685,25.219864691031795,-1.2894889212189131
2025-07-08,219.3600006103516,117.39985343933105,46.61758239836729,3384.9665515968964,58.180465377967685,25.219864691031795,-1.2894889212189131
2025-07-09,222.5399932861328,117.54355812072755,46.61758239836729,3384.9665515968964,58.180465377967685,25.219864691031795,-1.2894889212189131
2025-07-10,222.25999450683597,117.49312789916992,46.61758239836729,3384.9665515968964,58.180465377967685,25.219864691031795,-1.2894889212189131
2025-07-11,225.0200042724609,117.33352828979494,46.61758239836729,3384.9665515968964,58.180465377967685,25.219864691031795,-1.2894889212189131
2025-07-14,225.69000244140625,117.02103317260742,46.61758239836729,3384.9665515968964,58.180465377967685,25.219864691031795,-1.2894889212189131
2025-07-15,226.3500061035156,117.02346817016601,46.61758239836729,3384.9665515968964,58.180465377967685,25.219864691031795,-1.2894889212189131
2025-07-16,223.19000244140625,117.54355812072755,46.61758239836729,3384.9665515968964,58.180465377967685,25.219864691031795,-1.2894889212189131
2025-07-17,223.8800048828125,117.02346817016601,46.61758239836729,3384.9665515968964,58.180465377967685,25.219864691031795,-1.2894889212189131
2025-07-18,226.1300048828125,117.5720778656006,46.61758239836729,3384.9665515968964,58.180465377967685,25.219864691031795,-1.2894889212189131
2025-07-21,229.3000030517578,117.54355812072755,46.61758239836729,3384.9665515968964,58.180465377967685,25.219864691031795,-1.2894889212189131
2025-07-22,227.47000122070312,117.67245292663576,46.61758239836729,3384.9665515968964,58.180465377967685,25.219864691031795,-1.2894889212189131
2025-07-23,228.2899932861328,117.01678817749024,46.61758239836729,3384.9665515968964,58.180465377967685,25.219864691031795,-1.2894889212189131
2025-07-24,232.22999572753903,117.41738334655761,46.61758239836729,3384.9665515968964,58.180465377967685,25.219864691031795,-1.2894889212189131
2025-07-25,231.44000244140625,117.02751319885255,46.61758239836729,3384.9665515968964,58.180465377967685,25.219864691031795,-1.2894889212189131
2025-07-28,232.7899932861328,117.02346817016601,46.61758239836729,3384.9665515968964,58.180465377967685,25.219864691031795,-1.2894889212189131
2025-07-29,231.00999450683597,117.46693321228027,46.61758239836729,3384.9665515968964,58.180465377967685,25.219864691031795,-1.2894889212189131
2025-07-30,230.19000244140625,117.00287818908691,46.61758239836729,3384.9665515968964,58.180465377967685,25.219864691031795,-1.2894889212189131
2025-07-31,234.1100006103516,117.53662353515625,46.61758239836729,3384.9665515968964,58.180465377967685,25.219864691031795,-1.2894889212189131
2025-08-01,214.75,118.21709846496582,46.61758239836729,3384.9665515968964,58.180465377967685,25.219864691031795,-1.2894889212189131
2025-08-04,211.6499938964844,117.51116859436036,46.61758239836729,3384.9665515968964,58.180465377967685,25.219864691031795,-1.2894889212189131
2025-08-05,213.75,117.41823303222658,46.61758239836729,3384.9665515968964,58.180465377967685,25.219864691031795,-1.2894889212189131
2025-08-06,222.30999755859372,117.28397842407229,46.61758239836729,3384.9665515968964,58.180465377967685,25.219864691031795,-1.2894889212189131
2025-08-07,223.1300048828125,117.47994338989258,46.61758239836729,3384.9665515968964,58.180465377967685,25.219864691031795,-1.2894889212189131
2025-08-08,222.69000244140625,117.02346817016601,46.61758239836729,3384.9665515968964,58.180465377967685,25.219864691031795,-1.2894889212189131
2025-08-11,221.3000030517578,116.9978131866455,46.61758239836729,3384.9665515968964,58.180465377967685,25.219864691031795,-1.2894889212189131
2025-08-12,221.47000122070312,117.46693321228027,46.61758239836729,3384.9665515968964,58.180465377967685,25.219864691031795,-1.2894889212189131
2025-08-13,224.55999755859372,117.49312789916992,46.61758239836729,3384.9665515968964,58.180465377967685,25.219864691031795,-1.2894889212189131
2025-08-14,230.97999572753903,117.45265846252441,46.61758239836729,3384.9665515968964,58.180465377967685,25.219864691031795,-1.2894889212189131
2025-08-15,231.02999877929688,117.54355812072755,46.61758239836729,3384.9665515968964,58.180465377967685,25.219864691031795,-1.2894889212189131
2025-08-18,231.4900054931641,117.65827293395998,46.61758239836729,3384.9665515968964,58.180465377967685,25.219864691031795,-1.2894889212189131
2025-08-19,228.00999450683597,117.56701286315919,46.61758239836729,3384.9665515968964,58.180465377967685,25.219864691031795,-1.2894889212189131
2025-08-20,223.80999755859372,117.45741836547852,46.61758239836729,3384.9665515968964,58.180465377967685,25.219864691031795,-1.2894889212189131
2025-08-21,221.9499969482422,117.01840316772461,46.61758239836729,3384.9665515968964,58.180465377967685,25.219864691031795,-1.2894889212189131
2025-08-22,228.83999633789065,117.41738334655761,46.61758239836729,3384.9665515968964,58.180465377967685,25.219864691031795,-1.2894889212189131
2025-08-25,227.94000244140625,116.9891781616211,46.61758239836729,3384.9665515968964,58.180465377967685,25.219864691031795,-1.2894889212189131
2025-08-26,228.7100067138672,117.4612728881836,46.61758239836729,3384.9665515968964,58.180465377967685,25.219864691031795,-1.2894889212189131
2025-08-27,229.1199951171875,116.99161315917969,46.61758239836729,3384.9665515968964,58.180465377967685,25.219864691031795,-1.2894889212189131
2025-08-28,231.6000061035156,117.49609336853027,46.61758239836729,3384.9665515968964,58.180465377967685,25.219864691031795,-1.2894889212189131
2025-08-29,229.0,117.66738792419436,46.61758239836729,3384.9665515968964,58.180465377967685,25.219864691031795,-1.2894889212189131
2025-09-02,225.33999633789065,117.33169830322265,46.61758239836729,3384.9665515968964,58.180465377967685,25.219864691031795,-1.2894889212189131
2025-09-03,225.9900054931641,117.25491798400878,46.61758239836729,3384.9665515968964,58.180465377967685,25.219864691031795,-1.2894889212189131
2025-09-04,235.67999267578125,117.53317352294921,46.61758239836729,3384.9665515968964,58.180465377967685,25.219864691031795,-1.2894889212189131
2025-09-05,232.3300018310547,117.46346817016604,46.61758239836729,3384.9665515968964,58.180465377967685,25.219864691031795,-1.2894889212189131
2025-09-08,235.83999633789065,117.54355812072755,46.61758239836729,3384.9665515968964,58.180465377967685,25.219864691031795,-1.2894889212189131
2025-09-09,238.2400054931641,117.54355812072755,46.61758239836729,3384.9665515968964,58.180465377967685,25.219864691031795,-1.2894889212189131
2025-09-10,230.3300018310547,117.46768356323243,46.61758239836729,3384.9665515968964,58.180465377967685,25.219864691031795,-1.2894889212189131
2025-09-11,229.9499969482422,116.96281326293945,46.61758239836729,3384.9665515968964,58.180465377967685,25.219864691031795,-1.2894889212189131
2025-09-12,228.1499938964844,117.31308837890624,46.61758239836729,3384.9665515968964,58.180465377967685,25.219864691031795,-1.2894889212189131
2025-09-15,231.42999267578125,117.5720778656006,46.61758239836729,3384.9665515968964,58.180465377967685,25.219864691031795,-1.2894889212189131
2025-09-16,234.0500030517578,117.51860809326173,46.61758239836729,3384.9665515968964,58.180465377967685,25.219864691031795,-1.2894889212189131
2025-09-17,231.6199951171875,117.45403846740724,46.61758239836729,3384.9665515968964,58.180465377967685,25.219864691031795,-1.2894889212189131
2025-09-18,231.22999572753903,117.41600341796875,46.61758239836729,3384.9665515968964,58.180465377967685,25.219864691031795,-1.2894889212189131
2025-09-19,231.47999572753903,117.53090339660645,46.61758239836729,3384.9665515968964,58.180465377967685,25.219864691031795,-1.2894889212189131
2025-09-22,227.6300048828125,117.3392830657959,46.61758239836729,3384.9665515968964,58.180465377967685,25.219864691031795,-1.2894889212189131
2025-09-23,220.7100067138672,117.47113357543945,46.61758239836729,3384.9665515968964,58.180465377967685,25.219864691031795,-1.2894889212189131
2025-09-24,220.2100067138672,117.33924842834475,46.61758239836729,3384.9665515968964,58.180465377967685,25.219864691031795,-1.2894889212189131
2025-09-25,218.1499938964844,117.38971328735353,46.61758239836729,3384.9665515968964,58.180465377967685,25.219864691031795,-1.2894889212189131
2025-09-26,219.77999877929688,117.49312789916992,46.61758239836729,3384.9665515968964,58.180465377967685,25.219864691031795,-1.2894889212189131
2025-09-29,222.1699981689453,117.49312789916992,46.61758239836729,3384.9665515968964,58.180465377967685,25.219864691031795,-1.2894889212189131
2025-09-30,219.57000732421875,117.38684326171875,46.61758239836729,3384.9665515968964,58.180465377967685,25.219864691031795,-1.2894889212189131
2025-10-01,220.6300048828125,117.47994338989258,46.61758239836729,3384.9665515968964,58.180465377967685,25.219864691031795,-1.2894889212189131
2025-10-02,222.41000366210935,117.54355812072755,46.61758239836729,3384.9665515968964,58.180465377967685,25.219864691031795,-1.2894889212189131
2025-10-03,219.50999450683597,117.47265335083007,46.61758239836729,3384.9665515968964,58.180465377967685,25.219864691031795,-1.2894889212189131
2025-10-06,220.8999938964844,117.47994338989258,46.61758239836729,3384.9665515968964,58.180465377967685,25.219864691031795,-1.2894889212189131
2025-10-07,221.77999877929688,116.8966131591797,46.61758239836729,3384.9665515968964,58.180465377967685,25.219864691031795,-1.2894889212189131
2025-10-08,225.22000122070312,117.47994338989258,46.61758239836729,3384.9665515968964,58.180465377967685,25.219864691031795,-1.2894889212189131
2025-10-09,227.7400054931641,117.45741836547852,46.61758239836729,3384.9665515968964,58.180465377967685,25.219864691031795,-1.2894889212189131
2025-10-10,216.3699951171875,117.43794357299805,46.61758239836729,3384.9665515968964,58.180465377967685,25.219864691031795,-1.2894889212189131
2025-10-13,220.07000732421875,117.67245292663576,46.61758239836729,3384.9665515968964,58.180465377967685,25.219864691031795,-1.2894889212189131
2025-10-14,216.38999938964844,117.45741836547852,46.61758239836729,3384.9665515968964,58.180465377967685,25.219864691031795,-1.2894889212189131
2025-10-15,215.57000732421875,117.47265335083007,46.61758239836729,3384.9665515968964,58.180465377967685,25.219864691031795,-1.2894889212189131
2025-10-16,214.47000122070312,117.47994338989258,46.61758239836729,3384.9665515968964,58.180465377967685,25.219864691031795,-1.2894889212189131
2025-10-17,213.0399932861328,117.54355812072755,46.61758239836729,3384.9665515968964,58.180465377967685,25.219864691031795,-1.2894889212189131
2025-10-20,216.47999572753903,117.49312789916992,46.61758239836729,3384.9665515968964,58.180465377967685,25.219864691031795,-1.2894889212189131
2025-10-21,222.02999877929688,117.32609855651856,46.61758239836729,3384.9665515968964,58.180465377967685,25.219864691031795,-1.2894889212189131
2025-10-22,217.9499969482422,117.69106285095216,46.61758239836729,3384.9665515968964,58.180465377967685,25.219864691031795,-1.2894889212189131
2025-10-23,221.08999633789065,117.49312789916992,46.61758239836729,3384.9665515968964,58.180465377967685,25.219864691031795,-1.2894889212189131
2025-10-24,224.2100067138672,117.69106285095216,46.61758239836729,3384.9665515968964,58.180465377967685,25.219864691031795,-1.2894889212189131
2025-10-27,226.97000122070312,117.25491798400878,46.61758239836729,3384.9665515968964,58.180465377967685,25.219864691031795,-1.2894889212189131
2025-10-28,229.25,117.39985343933105,46.61758239836729,3384.9665515968964,58.180465377967685,25.219864691031795,-1.2894889212189131
2025-10-29,230.3000030517578,117.33924842834475,46.61758239836729,3384.9665515968964,58.180465377967685,25.219864691031795,-1.2894889212189131
2025-10-30,222.8600006103516,117.54391357421875,46.61758239836729,3384.9665515968964,58.180465377967685,25.219864691031795,-1.2894889212189131
2025-10-31,244.22000122070312,118.68340850830079,46.61758239836729,3384.9665515968964,58.180465377967685,25.219864691031795,-1.2894889212189131
2025-11-03,254.0,117.54391357421875,46.61758239836729,3384.9665515968964,58.180465377967685,25.219864691031795,-1.2894889212189131
2025-11-04,249.32000732421875,117.41738334655761,46.61758239836729,3384.9665515968964,58.180465377967685,25.219864691031795,-1.2894889212189131
2025-11-05,250.1999969482422,117.47265335083007,46.61758239836729,3384.9665515968964,58.180465377967685,25.219864691031795,-1.2894889212189131
2025-11-06,243.0399932861328,117.41738334655761,46.61758239836729,3384.9665515968964,58.180465377967685,25.219864691031795,-1.2894889212189131
2025-11-07,244.41000366210935,117.45741836547852,46.61758239836729,3384.9665515968964,58.180465377967685,25.219864691031795,-1.2894889212189131
2025-11-10,248.3999938964844,117.4523533630371,46.61758239836729,3384.9665515968964,58.180465377967685,25.219864691031795,-1.2894889212189131
2025-11-11,249.1000061035156,116.97102317810058,46.61758239836729,3384.9665515968964,58.180465377967685,25.219864691031795,-1.2894889212189131
2025-11-12,244.1999969482422,117.46091339111328,46.61758239836729,3384.9665515968964,58.180465377967685,25.219864691031795,-1.2894889212189131
2025-11-13,237.5800018310547,117.41738334655761,46.61758239836729,3384.9665515968964,58.180465377967685,25.219864691031795,-1.2894889212189131
2025-11-14,234.69000244140625,117.44719841003418,46.61758239836729,3384.9665515968964,58.180465377967685,25.219864691031795,-1.2894889212189131
2025-11-17,232.8699951171875,117.3061685180664,46.61758239836729,3384.9665515968964,58.180465377967685,25.219864691031795,-1.2894889212189131
2025-11-18,222.5500030517578,117.24360847473145,46.61758239836729,3384.9665515968964,58.180465377967685,25.219864691031795,-1.2894889212189131
2025-11-19,222.69000244140625,117.37774337768555,46.61758239836729,3384.9665515968964,58.180465377967685,25.219864691031795,-1.2894889212189131
2025-11-20,217.13999938964844,117.41738334655761,46.61758239836729,3384.9665515968964,58.180465377967685,25.219864691031795,-1.2894889212189131
2025-11-21,220.69000244140625,117.26749839782717,46.61758239836729,3384.9665515968964,58.180465377967685,25.219864691031795,-1.2894889212189131
2025-11-24,226.27999877929688,117.47265335083007,46.61758239836729,3384.9665515968964,58.180465377967685,25.219864691031795,-1.2894889212189131
2025-11-25,229.6699981689453,117.4523533630371,46.61758239836729,3384.9665515968964,58.180465377967685,25.219864691031795,-1.2894889212189131
2025-11-26,229.16000366210935,117.48806289672852,46.61758239836729,3384.9665515968964,58.180465377967685,25.219864691031795,-1.2894889212189131
2025-11-28,233.22000122070312,117.4612728881836,46.61758239836729,3384.9665515968964,58.180465377967685,25.219864691031795,-1.2894889212189131
2025-12-01,233.8800048828125,117.69106285095216,46.61758239836729,3384.9665515968964,58.180465377967685,25.219864691031795,-1.2894889212189131
2025-12-02,234.4199981689453,117.39985343933105,46.61758239836729,3384.9665515968964,58.180465377967685,25.219864691031795,-1.2894889212189131
2025-12-03,232.3800048828125,117.25491798400878,46.61758239836729,3384.9665515968964,58.180465377967685,25.219864691031795,-1.2894889212189131
2025-12-04,229.1100006103516,117.37732841491699,46.61758239836729,3384.9665515968964,58.180465377967685,25.219864691031795,-1.2894889212189131
2025-12-05,229.52999877929688,116.90167816162109,46.61758239836729,3384.9665515968964,58.180465377967685,25.219864691031795,-1.2894889212189131
2025-12-08,226.88999938964844,117.46693321228027,46.61758239836729,3384.9665515968964,58.180465377967685,25.219864691031795,-1.2894889212189131
2025-12-09,227.9199981689453,117.57557289123537,46.61758239836729,3384.9665515968964,58.180465377967685,25.219864691031795,-1.2894889212189131
2025-12-10,231.77999877929688,117.54355812072755,46.61758239836729,3384.9665515968964,58.180465377967685,25.219864691031795,-1.2894889212189131
2025-12-11,230.27999877929688,117.56701286315919,46.61758239836729,3384.9665515968964,58.180465377967685,25.219864691031795,-1.2894889212189131
2025-12-12,226.19000244140625,117.47265335083007,46.61758239836729,3384.9665515968964,58.180465377967685,25.219864691031795,-1.2894889212189131
2025-12-15,222.5399932861328,117.3035735321045,46.61758239836729,3384.9665515968964,58.180465377967685,25.219864691031795,-1.2894889212189131
2025-12-16,222.55999755859372,117.00287818908691,46.61758239836729,3384.9665515968964,58.180465377967685,25.219864691031795,-1.2894889212189131
2025-12-17,221.2700042724609,117.46346817016604,46.61758239836729,3384.9665515968964,58.180465377967685,25.219864691031795,-1.2894889212189131
2025-12-18,226.75999450683597,117.43456840515138,46.61758239836729,3384.9665515968964,58.180465377967685,25.219864691031795,-1.2894889212189131
2025-12-19,227.3500061035156,117.74677314758301,46.61758239836729,3384.9665515968964,58.180465377967685,25.219864691031795,-1.2894889212189131
2025-12-22,228.42999267578125,117.25491798400878,46.61758239836729,3384.9665515968964,58.180465377967685,25.219864691031795,-1.2894889212189131
2025-12-23,232.13999938964844,117.54355812072755,46.61758239836729,3384.9665515968964,58.180465377967685,25.219864691031795,-1.2894889212189131
2025-12-24,232.3800048828125,116.99377815246582,46.61758239836729,3384.9665515968964,58.180465377967685,25.219864691031795,-1.2894889212189131
2025-12-26,232.5200042724609,116.99161315917969,46.61758239836729,3384.9665515968964,58.180465377967685,25.219864691031795,-1.2894889212189131
2025-12-29,232.07000732421875,116.99161315917969,46.61758239836729,3384.9665515968964,58.180465377967685,25.219864691031795,-1.2894889212189131
2025-12-30,232.52999877929688,117.00637321472168,46.61758239836729,3384.9665515968964,58.180465377967685,25.219864691031795,-1.2894889212189131
