Date,Actual,Predicted,MAE,MSE,RMSE,MAPE,R2
2021-12-28,145.3577880859375,145.8012,3.413288791421394,21.155868345899812,4.599550885238668,2.314831215355063,0.991037215913209
2021-12-29,145.41387939453125,146.23433,3.413288791421394,21.155868345899812,4.599550885238668,2.314831215355063,0.991037215913209
2021-12-30,144.9156036376953,146.45114,3.413288791421394,21.155868345899812,4.599550885238668,2.314831215355063,0.991037215913209
2021-12-31,143.6024627685547,146.44081,3.413288791421394,21.155868345899812,4.599550885238668,2.314831215355063,0.991037215913209
2022-01-03,143.9945068359375,146.09076,3.413288791421394,21.155868345899812,4.599550885238668,2.314831215355063,0.991037215913209
2022-01-04,143.3414306640625,145.73897,3.413288791421394,21.155868345899812,4.599550885238668,2.314831215355063,0.991037215913209
2022-01-05,136.62876892089844,145.3242,3.413288791421394,21.155868345899812,4.599550885238668,2.314831215355063,0.991037215913209
2022-01-06,136.5270233154297,143.69907,3.413288791421394,21.155868345899812,4.599550885238668,2.314831215355063,0.991037215913209
2022-01-07,135.98458862304688,141.86087,3.413288791421394,21.155868345899812,4.599550885238668,2.314831215355063,0.991037215913209
2022-01-10,137.5424041748047,140.15257,3.413288791421394,21.155868345899812,4.599550885238668,2.314831215355063,0.991037215913209
2022-01-11,138.9751739501953,139.10057,3.413288791421394,21.155868345899812,4.599550885238668,2.314831215355063,0.991037215913209
2022-01-12,140.59352111816406,138.78104,3.413288791421394,21.155868345899812,4.599550885238668,2.314831215355063,0.991037215913209
2022-01-13,138.0952606201172,139.13277,3.413288791421394,21.155868345899812,4.599550885238668,2.314831215355063,0.991037215913209
2022-01-14,138.7458953857422,139.23157,3.413288791421394,21.155868345899812,4.599550885238668,2.314831215355063,0.991037215913209
2022-01-18,135.27589416503906,139.33878,3.413288791421394,21.155868345899812,4.599550885238668,2.314831215355063,0.991037215913209
2022-01-19,134.64215087890625,138.77187,3.413288791421394,21.155868345899812,4.599550885238668,2.314831215355063,0.991037215913209
2022-01-20,132.51263427734375,137.9154,3.413288791421394,21.155868345899812,4.599550885238668,2.314831215355063,0.991037215913209
2022-01-21,129.12355041503906,136.68912,3.413288791421394,21.155868345899812,4.599550885238668,2.314831215355063,0.991037215913209
2022-01-24,129.40145874023438,134.89763,3.413288791421394,21.155868345899812,4.599550885238668,2.314831215355063,0.991037215913209
2022-01-25,125.7920379638672,133.2503,3.413288791421394,21.155868345899812,4.599550885238668,2.314831215355063,0.991037215913209
2022-01-26,128.27792358398438,131.27928,3.413288791421394,21.155868345899812,4.599550885238668,2.314831215355063,0.991037215913209
2022-01-27,128.15975952148438,130.00378,3.413288791421394,21.155868345899812,4.599550885238668,2.314831215355063,0.991037215913209
2022-01-28,132.29725646972656,129.22168,3.413288791421394,21.155868345899812,4.599550885238668,2.314831215355063,0.991037215913209
2022-01-31,134.68832397460938,129.57379,3.413288791421394,21.155868345899812,4.599550885238668,2.314831215355063,0.991037215913209
2022-02-01,136.85206604003906,130.78601,3.413288791421394,21.155868345899812,4.599550885238668,2.314831215355063,0.991037215913209
2022-02-02,146.93446350097656,132.55182,3.413288791421394,21.155868345899812,4.599550885238668,2.314831215355063,0.991037215913209
2022-02-03,141.58856201171875,136.13727,3.413288791421394,21.155868345899812,4.599550885238668,2.314831215355063,0.991037215913209
2022-02-04,141.9513397216797,138.7992,3.413288791421394,21.155868345899812,4.599550885238668,2.314831215355063,0.991037215913209
2022-02-07,137.90370178222656,140.68372,3.413288791421394,21.155868345899812,4.599550885238668,2.314831215355063,0.991037215913209
2022-02-08,138.17665100097656,141.12775,3.413288791421394,21.155868345899812,4.599550885238668,2.314831215355063,0.991037215913209
2022-02-09,140.39999389648438,140.94821,3.413288791421394,21.155868345899812,4.599550885238668,2.314831215355063,0.991037215913209
2022-02-10,137.57070922851562,140.94978,3.413288791421394,21.155868345899812,4.599550885238668,2.314831215355063,0.991037215913209
2022-02-11,133.13150024414062,140.48741,3.413288791421394,21.155868345899812,4.599550885238668,2.314831215355063,0.991037215913209
2022-02-14,134.29278564453125,139.09125,3.413288791421394,21.155868345899812,4.599550885238668,2.314831215355063,0.991037215913209
2022-02-15,135.40988159179688,137.7814,3.413288791421394,21.155868345899812,4.599550885238668,2.314831215355063,0.991037215913209
2022-02-16,136.4639892578125,136.9429,3.413288791421394,21.155868345899812,4.599550885238668,2.314831215355063,0.991037215913209
2022-02-17,131.32354736328125,136.65027,3.413288791421394,21.155868345899812,4.599550885238668,2.314831215355063,0.991037215913209
2022-02-18,129.4962615966797,135.67285,3.413288791421394,21.155868345899812,4.599550885238668,2.314831215355063,0.991037215913209
2022-02-22,128.43919372558594,134.25574,3.413288791421394,21.155868345899812,4.599550885238668,2.314831215355063,0.991037215913209
2022-02-23,126.63522338867186,132.70715,3.413288791421394,21.155868345899812,4.599550885238668,2.314831215355063,0.991037215913209
2022-02-24,131.6858367919922,131.04224,3.413288791421394,21.155868345899812,4.599550885238668,2.314831215355063,0.991037215913209
2022-02-25,133.51808166503906,130.58022,3.413288791421394,21.155868345899812,4.599550885238668,2.314831215355063,0.991037215913209
2022-02-28,133.88685607910156,131.0425,3.413288791421394,21.155868345899812,4.599550885238668,2.314831215355063,0.991037215913209
2022-03-01,133.16920471191406,131.88539,3.413288791421394,21.155868345899812,4.599550885238668,2.314831215355063,0.991037215913209
2022-03-02,133.74838256835938,132.60475,3.413288791421394,21.155868345899812,4.599550885238668,2.314831215355063,0.991037215913209
2022-03-03,133.30816650390625,133.25383,3.413288791421394,21.155868345899812,4.599550885238668,2.314831215355063,0.991037215913209
2022-03-04,131.13844299316406,133.67026,3.413288791421394,21.155868345899812,4.599550885238668,2.314831215355063,0.991037215913209
2022-03-07,125.52306365966795,133.50671,3.413288791421394,21.155868345899812,4.599550885238668,2.314831215355063,0.991037215913209
2022-03-08,126.33100128173828,132.07893,3.413288791421394,21.155868345899812,4.599550885238668,2.314831215355063,0.991037215913209
2022-03-09,132.8694305419922,130.53902,3.413288791421394,21.155868345899812,4.599550885238668,2.314831215355063,0.991037215913209
2022-03-10,131.69427490234375,130.44836,3.413288791421394,21.155868345899812,4.599550885238668,2.314831215355063,0.991037215913209
2022-03-11,129.5041961669922,130.7522,3.413288791421394,21.155868345899812,4.599550885238668,2.314831215355063,0.991037215913209
2022-03-14,125.79750061035155,130.7693,3.413288791421394,21.155868345899812,4.599550885238668,2.314831215355063,0.991037215913209
2022-03-15,128.69528198242188,129.97147,3.413288791421394,21.155868345899812,4.599550885238668,2.314831215355063,0.991037215913209
2022-03-16,132.69525146484375,129.5239,3.413288791421394,21.155868345899812,4.599550885238668,2.314831215355063,0.991037215913209
2022-03-17,133.59848022460938,130.04552,3.413288791421394,21.155868345899812,4.599550885238668,2.314831215355063,0.991037215913209
2022-03-18,135.78309631347656,131.04727,3.413288791421394,21.155868345899812,4.599550885238668,2.314831215355063,0.991037215913209
2022-03-21,135.46249389648438,132.48703,3.413288791421394,21.155868345899812,4.599550885238668,2.314831215355063,0.991037215913209
2022-03-22,139.23321533203125,133.7864,3.413288791421394,21.155868345899812,4.599550885238668,2.314831215355063,0.991037215913209
2022-03-23,137.472412109375,135.50552,3.413288791421394,21.155868345899812,4.599550885238668,2.314831215355063,0.991037215913209
2022-03-24,140.26004028320312,136.74542,3.413288791421394,21.155868345899812,4.599550885238668,2.314831215355063,0.991037215913209
2022-03-25,140.46798706054688,138.09296,3.413288791421394,21.155868345899812,4.599550885238668,2.314831215355063,0.991037215913209
2022-03-28,140.89328002929688,139.26927,3.413288791421394,21.155868345899812,4.599550885238668,2.314831215355063,0.991037215913209
2022-03-29,142.18360900878906,140.24162,3.413288791421394,21.155868345899812,4.599550885238668,2.314831215355063,0.991037215913209
2022-03-30,141.58261108398438,141.19315,3.413288791421394,21.155868345899812,4.599550885238668,2.314831215355063,0.991037215913209
2022-03-31,138.60989379882812,141.84497,3.413288791421394,21.155868345899812,4.599550885238668,2.314831215355063,0.991037215913209
2022-04-01,139.65257263183594,141.69464,3.413288791421394,21.155868345899812,4.599550885238668,2.314831215355063,0.991037215913209
2022-04-04,142.5731658935547,141.43759,3.413288791421394,21.155868345899812,4.599550885238668,2.314831215355063,0.991037215913209
2022-04-05,140.01287841796875,141.7228,3.413288791421394,21.155868345899812,4.599550885238668,2.314831215355063,0.991037215913209
2022-04-06,136.15481567382812,141.69284,3.413288791421394,21.155868345899812,4.599550885238668,2.314831215355063,0.991037215913209
2022-04-07,135.44908142089844,140.82117,3.413288791421394,21.155868345899812,4.599550885238668,2.314831215355063,0.991037215913209
2022-04-08,133.0128936767578,139.62788,3.413288791421394,21.155868345899812,4.599550885238668,2.314831215355063,0.991037215913209
2022-04-11,128.83023071289062,138.05138,3.413288791421394,21.155868345899812,4.599550885238668,2.314831215355063,0.991037215913209
2022-04-12,127.41883850097655,135.81721,3.413288791421394,21.155868345899812,4.599550885238668,2.314831215355063,0.991037215913209
2022-04-13,129.31610107421875,133.45103,3.413288791421394,21.155868345899812,4.599550885238668,2.314831215355063,0.991037215913209
2022-04-14,126.30567932128906,131.80788,3.413288791421394,21.155868345899812,4.599550885238668,2.314831215355063,0.991037215913209
2022-04-18,127.0084228515625,130.19482,3.413288791421394,21.155868345899812,4.599550885238668,2.314831215355063,0.991037215913209
2022-04-19,129.5592803955078,129.02863,3.413288791421394,21.155868345899812,4.599550885238668,2.314831215355063,0.991037215913209
2022-04-20,127.29080200195312,128.73767,3.413288791421394,21.155868345899812,4.599550885238668,2.314831215355063,0.991037215913209
2022-04-21,124.0074234008789,128.43921,3.413288791421394,21.155868345899812,4.599550885238668,2.314831215355063,0.991037215913209
2022-04-22,118.72354888916014,127.58508,3.413288791421394,21.155868345899812,4.599550885238668,2.314831215355063,0.991037215913209
2022-04-25,122.33248138427734,125.66569,3.413288791421394,21.155868345899812,4.599550885238668,2.314831215355063,0.991037215913209
2022-04-26,118.6163558959961,124.32607,3.413288791421394,21.155868345899812,4.599550885238668,2.314831215355063,0.991037215913209
2022-04-27,114.16425323486328,122.76274,3.413288791421394,21.155868345899812,4.599550885238668,2.314831215355063,0.991037215913209
2022-04-28,118.52257537841795,120.566765,3.413288791421394,21.155868345899812,4.599550885238668,2.314831215355063,0.991037215913209
2022-04-29,114.11065673828124,119.32184,3.413288791421394,21.155868345899812,4.599550885238668,2.314831215355063,0.991037215913209
2022-05-02,116.28482818603517,117.86648,3.413288791421394,21.155868345899812,4.599550885238668,2.314831215355063,0.991037215913209
2022-05-03,117.25010681152344,117.00819,3.413288791421394,21.155868345899812,4.599550885238668,2.314831215355063,0.991037215913209
2022-05-04,121.66251373291016,116.73496,3.413288791421394,21.155868345899812,4.599550885238668,2.314831215355063,0.991037215913209
2022-05-05,115.8773956298828,117.59394,3.413288791421394,21.155868345899812,4.599550885238668,2.314831215355063,0.991037215913209
2022-05-06,114.79898834228516,117.68772,3.413288791421394,21.155868345899812,4.599550885238668,2.314831215355063,0.991037215913209
2022-05-09,112.2421646118164,117.25638,3.413288791421394,21.155868345899812,4.599550885238668,2.314831215355063,0.991037215913209
2022-05-10,113.73149871826172,116.19791,3.413288791421394,21.155868345899812,4.599550885238668,2.314831215355063,0.991037215913209
2022-05-11,113.11264038085938,115.346825,3.413288791421394,21.155868345899812,4.599550885238668,2.314831215355063,0.991037215913209
2022-05-12,112.31859588623048,114.6175,3.413288791421394,21.155868345899812,4.599550885238668,2.314831215355063,0.991037215913209
2022-05-13,115.64812469482422,113.927895,3.413288791421394,21.155868345899812,4.599550885238668,2.314831215355063,0.991037215913209
2022-05-16,113.93795013427734,114.008446,3.413288791421394,21.155868345899812,4.599550885238668,2.314831215355063,0.991037215913209
2022-05-17,115.83274078369139,114.077126,3.413288791421394,21.155868345899812,4.599550885238668,2.314831215355063,0.991037215913209
2022-05-18,111.56424713134767,114.49334,3.413288791421394,21.155868345899812,4.599550885238668,2.314831215355063,0.991037215913209
2022-05-19,109.92107391357422,114.177284,3.413288791421394,21.155868345899812,4.599550885238668,2.314831215355063,0.991037215913209
2022-05-20,108.49924468994142,113.30908,3.413288791421394,21.155868345899812,4.599550885238668,2.314831215355063,0.991037215913209
2022-05-23,110.83522033691406,112.09452,3.413288791421394,21.155868345899812,4.599550885238668,2.314831215355063,0.991037215913209
2022-05-24,105.137451171875,111.38925,3.413288791421394,21.155868345899812,4.599550885238668,2.314831215355063,0.991037215913209
2022-05-25,105.05159759521484,109.95629,3.413288791421394,21.155868345899812,4.599550885238668,2.314831215355063,0.991037215913209
2022-05-26,107.48979949951172,108.46809,3.413288791421394,21.155868345899812,4.599550885238668,2.314831215355063,0.991037215913209
2022-05-27,111.95929718017577,107.67586,3.413288791421394,21.155868345899812,4.599550885238668,2.314831215355063,0.991037215913209
2022-05-31,113.1900634765625,108.16038,3.413288791421394,21.155868345899812,4.599550885238668,2.314831215355063,0.991037215913209
2022-06-01,113.28732299804689,109.334114,3.413288791421394,21.155868345899812,4.599550885238668,2.314831215355063,0.991037215913209
2022-06-02,116.86946868896484,110.61408,3.413288791421394,21.155868345899812,4.599550885238668,2.314831215355063,0.991037215913209
2022-06-03,113.7111358642578,112.385574,3.413288791421394,21.155868345899812,4.599550885238668,2.314831215355063,0.991037215913209
2022-06-06,116.13943481445312,113.44571,3.413288791421394,21.155868345899812,4.599550885238668,2.314831215355063,0.991037215913209
2022-06-07,116.35681152343751,114.477516,3.413288791421394,21.155868345899812,4.599550885238668,2.314831215355063,0.991037215913209
2022-06-08,116.36524200439452,115.34382,3.413288791421394,21.155868345899812,4.599550885238668,2.314831215355063,0.991037215913209
2022-06-09,114.06251525878906,115.985855,3.413288791421394,21.155868345899812,4.599550885238668,2.314831215355063,0.991037215913209
2022-06-10,110.59799194335938,115.98361,3.413288791421394,21.155868345899812,4.599550885238668,2.314831215355063,0.991037215913209
2022-06-13,106.08087921142578,115.06112,3.413288791421394,21.155868345899812,4.599550885238668,2.314831215355063,0.991037215913209
2022-06-14,106.39601135253906,113.06979,3.413288791421394,21.155868345899812,4.599550885238668,2.314831215355063,0.991037215913209
2022-06-15,109.56871795654297,111.0416,3.413288791421394,21.155868345899812,4.599550885238668,2.314831215355063,0.991037215913209
2022-06-16,105.8421630859375,109.947876,3.413288791421394,21.155868345899812,4.599550885238668,2.314831215355063,0.991037215913209
2022-06-17,107.06251525878906,108.74681,3.413288791421394,21.155868345899812,4.599550885238668,2.314831215355063,0.991037215913209
2022-06-21,111.18112182617188,107.95502,3.413288791421394,21.155868345899812,4.599550885238668,2.314831215355063,0.991037215913209
2022-06-22,111.19998168945312,108.24896,3.413288791421394,21.155868345899812,4.599550885238668,2.314831215355063,0.991037215913209
2022-06-23,111.84564971923827,108.95351,3.413288791421394,21.155868345899812,4.599550885238668,2.314831215355063,0.991037215913209
2022-06-24,117.65557098388672,109.8334,3.413288791421394,21.155868345899812,4.599550885238668,2.314831215355063,0.991037215913209
2022-06-27,115.75431823730469,111.723595,3.413288791421394,21.155868345899812,4.599550885238668,2.314831215355063,0.991037215913209
2022-06-28,111.73347473144533,113.33595,3.413288791421394,21.155868345899812,4.599550885238668,2.314831215355063,0.991037215913209
2022-06-29,111.42082214355469,113.7914,3.413288791421394,21.155868345899812,4.599550885238668,2.314831215355063,0.991037215913209
2022-06-30,108.55829620361328,113.61954,3.413288791421394,21.155868345899812,4.599550885238668,2.314831215355063,0.991037215913209
2022-07-01,108.26896667480467,112.66946,3.413288791421394,21.155868345899812,4.599550885238668,2.314831215355063,0.991037215913209
2022-07-05,113.03918457031251,111.50791,3.413288791421394,21.155868345899812,4.599550885238668,2.314831215355063,0.991037215913209
2022-07-06,114.35581207275392,111.35667,3.413288791421394,21.155868345899812,4.599550885238668,2.314831215355063,0.991037215913209
2022-07-07,118.41783905029295,111.903625,3.413288791421394,21.155868345899812,4.599550885238668,2.314831215355063,0.991037215913209
2022-07-08,119.27392578125,113.418396,3.413288791421394,21.155868345899812,4.599550885238668,2.314831215355063,0.991037215913209
2022-07-11,115.65506744384767,115.22834,3.413288791421394,21.155868345899812,4.599550885238668,2.314831215355063,0.991037215913209
2022-07-12,113.99451446533205,116.15631,3.413288791421394,21.155868345899812,4.599550885238668,2.314831215355063,0.991037215913209
2022-07-13,111.35183715820311,116.23603,3.413288791421394,21.155868345899812,4.599550885238668,2.314831215355063,0.991037215913209
2022-07-14,110.6103973388672,115.44176,3.413288791421394,21.155868345899812,4.599550885238668,2.314831215355063,0.991037215913209
2022-07-15,111.92752075195311,114.28013,3.413288791421394,21.155868345899812,4.599550885238668,2.314831215355063,0.991037215913209
2022-07-18,109.09179687500001,113.414604,3.413288791421394,21.155868345899812,4.599550885238668,2.314831215355063,0.991037215913209
2022-07-19,113.76673126220703,112.29556,3.413288791421394,21.155868345899812,4.599550885238668,2.314831215355063,0.991037215913209
2022-07-20,113.84613037109376,112.15332,3.413288791421394,21.155868345899812,4.599550885238668,2.314831215355063,0.991037215913209
2022-07-21,114.18360900878905,112.45814,3.413288791421394,21.155868345899812,4.599550885238668,2.314831215355063,0.991037215913209
2022-07-22,107.55333709716795,112.96718,3.413288791421394,21.155868345899812,4.599550885238668,2.314831215355063,0.991037215913209
2022-07-25,107.4044418334961,112.22687,3.413288791421394,21.155868345899812,4.599550885238668,2.314831215355063,0.991037215913209
2022-07-26,104.65507507324219,111.07156,3.413288791421394,21.155868345899812,4.599550885238668,2.314831215355063,0.991037215913209
2022-07-27,112.75431823730469,109.42416,3.413288791421394,21.155868345899812,4.599550885238668,2.314831215355063,0.991037215913209
2022-07-28,113.73694610595703,109.38401,3.413288791421394,21.155868345899812,4.599550885238668,2.314831215355063,0.991037215913209
2022-07-29,115.77169036865234,110.20958,3.413288791421394,21.155868345899812,4.599550885238668,2.314831215355063,0.991037215913209
2022-08-01,114.62032318115234,111.64821,3.413288791421394,21.155868345899812,4.599550885238668,2.314831215355063,0.991037215913209
2022-08-02,115.0372085571289,112.87164,3.413288791421394,21.155868345899812,4.599550885238668,2.314831215355063,0.991037215913209
2022-08-03,117.89575958251952,113.86498,3.413288791421394,21.155868345899812,4.599550885238668,2.314831215355063,0.991037215913209
2022-08-04,117.98509979248048,115.11634,3.413288791421394,21.155868345899812,4.599550885238668,2.314831215355063,0.991037215913209
2022-08-05,117.3399429321289,116.26226,3.413288791421394,21.155868345899812,4.599550885238668,2.314831215355063,0.991037215913209
2022-08-08,117.26051330566406,117.037,3.413288791421394,21.155868345899812,4.599550885238668,2.314831215355063,0.991037215913209
2022-08-09,116.62528991699219,117.49985,3.413288791421394,21.155868345899812,4.599550885238668,2.314831215355063,0.991037215913209
2022-08-10,119.75184631347656,117.62515,3.413288791421394,21.155868345899812,4.599550885238668,2.314831215355063,0.991037215913209
2022-08-11,118.9280242919922,118.17173,3.413288791421394,21.155868345899812,4.599550885238668,2.314831215355063,0.991037215913209
2022-08-12,121.7369613647461,118.6354,3.413288791421394,21.155868345899812,4.599550885238668,2.314831215355063,0.991037215913209
2022-08-15,121.9652328491211,119.512474,3.413288791421394,21.155868345899812,4.599550885238668,2.314831215355063,0.991037215913209
2022-08-16,121.59799194335939,120.44178,3.413288791421394,21.155868345899812,4.599550885238668,2.314831215355063,0.991037215913209
2022-08-17,119.4242935180664,121.15666,3.413288791421394,21.155868345899812,4.599550885238668,2.314831215355063,0.991037215913209
2022-08-18,119.96028900146484,121.24163,3.413288791421394,21.155868345899812,4.599550885238668,2.314831215355063,0.991037215913209
2022-08-19,117.24066925048828,121.146576,3.413288791421394,21.155868345899812,4.599550885238668,2.314831215355063,0.991037215913209
2022-08-22,114.21337127685548,120.47524,3.413288791421394,21.155868345899812,4.599550885238668,2.314831215355063,0.991037215913209
2022-08-23,113.91561126708984,119.116684,3.413288791421394,21.155868345899812,4.599550885238668,2.314831215355063,0.991037215913209
2022-08-24,113.84613037109376,117.65635,3.413288791421394,21.155868345899812,4.599550885238668,2.314831215355063,0.991037215913209
2022-08-25,116.82379913330078,116.39761,3.413288791421394,21.155868345899812,4.599550885238668,2.314831215355063,0.991037215913209
2022-08-26,110.47144317626953,116.00912,3.413288791421394,21.155868345899812,4.599550885238668,2.314831215355063,0.991037215913209
2022-08-29,109.51859283447266,114.86434,3.413288791421394,21.155868345899812,4.599550885238668,2.314831215355063,0.991037215913209
2022-08-30,109.09179687500001,113.4411,3.413288791421394,21.155868345899812,4.599550885238668,2.314831215355063,0.991037215913209
2022-08-31,108.33745574951172,112.06989,3.413288791421394,21.155868345899812,4.599550885238668,2.314831215355063,0.991037215913209
2022-09-01,109.72704315185548,110.82514,3.413288791421394,21.155868345899812,4.599550885238668,2.314831215355063,0.991037215913209
2022-09-02,107.8709487915039,110.120895,3.413288791421394,21.155868345899812,4.599550885238668,2.314831215355063,0.991037215913209
2022-09-06,106.6798858642578,109.42551,3.413288791421394,21.155868345899812,4.599550885238668,2.314831215355063,0.991037215913209
2022-09-07,109.65755462646484,108.64281,3.413288791421394,21.155868345899812,4.599550885238668,2.314831215355063,0.991037215913209
2022-09-08,108.6054229736328,108.5246,3.413288791421394,21.155868345899812,4.599550885238668,2.314831215355063,0.991037215913209
2022-09-09,110.9478759765625,108.51066,3.413288791421394,21.155868345899812,4.599550885238668,2.314831215355063,0.991037215913209
2022-09-12,111.03720855712889,108.991165,3.413288791421394,21.155868345899812,4.599550885238668,2.314831215355063,0.991037215913209
2022-09-13,104.52603149414062,109.61132,3.413288791421394,21.155868345899812,4.599550885238668,2.314831215355063,0.991037215913209
2022-09-14,105.08187866210938,108.96152,3.413288791421394,21.155868345899812,4.599550885238668,2.314831215355063,0.991037215913209
2022-09-15,103.12654113769533,108.003815,3.413288791421394,21.155868345899812,4.599550885238668,2.314831215355063,0.991037215913209
2022-09-16,102.85853576660158,106.71348,3.413288791421394,21.155868345899812,4.599550885238668,2.314831215355063,0.991037215913209
2022-09-19,103.076904296875,105.466484,3.413288791421394,21.155868345899812,4.599550885238668,2.314831215355063,0.991037215913209
2022-09-20,101.07195281982422,104.5032,3.413288791421394,21.155868345899812,4.599550885238668,2.314831215355063,0.991037215913209
2022-09-21,99.26549530029295,103.460625,3.413288791421394,21.155868345899812,4.599550885238668,2.314831215355063,0.991037215913209
2022-09-22,99.8213348388672,102.23858,3.413288791421394,21.155868345899812,4.599550885238668,2.314831215355063,0.991037215913209
2022-09-23,98.43173217773438,101.26534,3.413288791421394,21.155868345899812,4.599550885238668,2.314831215355063,0.991037215913209
2022-09-26,98.0744171142578,100.31279,3.413288791421394,21.155868345899812,4.599550885238668,2.314831215355063,0.991037215913209
2022-09-27,97.35977935791016,99.47785,3.413288791421394,21.155868345899812,4.599550885238668,2.314831215355063,0.991037215913209
2022-09-28,99.9900588989258,98.71145,3.413288791421394,21.155868345899812,4.599550885238668,2.314831215355063,0.991037215913209
2022-09-29,97.35977935791016,98.60792,3.413288791421394,21.155868345899812,4.599550885238668,2.314831215355063,0.991037215913209
2022-09-30,95.4342269897461,98.31433,3.413288791421394,21.155868345899812,4.599550885238668,2.314831215355063,0.991037215913209
2022-10-03,98.56077575683594,97.640175,3.413288791421394,21.155868345899812,4.599550885238668,2.314831215355063,0.991037215913209
2022-10-04,101.64763641357422,97.511635,3.413288791421394,21.155868345899812,4.599550885238668,2.314831215355063,0.991037215913209
2022-10-05,101.45904541015624,98.21653,3.413288791421394,21.155868345899812,4.599550885238668,2.314831215355063,0.991037215913209
2022-10-06,101.4788818359375,99.11944,3.413288791421394,21.155868345899812,4.599550885238668,2.314831215355063,0.991037215913209
2022-10-07,98.82876586914062,99.95436,3.413288791421394,21.155868345899812,4.599550885238668,2.314831215355063,0.991037215913209
2022-10-10,97.97516632080077,100.114296,3.413288791421394,21.155868345899812,4.599550885238668,2.314831215355063,0.991037215913209
2022-10-11,97.3200912475586,99.80028,3.413288791421394,21.155868345899812,4.599550885238668,2.314831215355063,0.991037215913209
2022-10-12,97.5682373046875,99.21551,3.413288791421394,21.155868345899812,4.599550885238668,2.314831215355063,0.991037215913209
2022-10-13,98.96772766113278,98.66595,3.413288791421394,21.155868345899812,4.599550885238668,2.314831215355063,0.991037215913209
2022-10-14,96.45655822753906,98.49188,3.413288791421394,21.155868345899812,4.599550885238668,2.314831215355063,0.991037215913209
2022-10-17,100.02975463867188,98.03946,3.413288791421394,21.155868345899812,4.599550885238668,2.314831215355063,0.991037215913209
2022-10-18,100.63521575927734,98.22314,3.413288791421394,21.155868345899812,4.599550885238668,2.314831215355063,0.991037215913209
2022-10-19,99.5434036254883,98.75475,3.413288791421394,21.155868345899812,4.599550885238668,2.314831215355063,0.991037215913209
2022-10-20,99.7816162109375,99.138054,3.413288791421394,21.155868345899812,4.599550885238668,2.314831215355063,0.991037215913209
2022-10-21,100.72455596923828,99.43588,3.413288791421394,21.155868345899812,4.599550885238668,2.314831215355063,0.991037215913209
2022-10-24,102.20345306396484,99.81879,3.413288791421394,21.155868345899812,4.599550885238668,2.314831215355063,0.991037215913209
2022-10-25,104.14886474609376,100.44535,3.413288791421394,21.155868345899812,4.599550885238668,2.314831215355063,0.991037215913209
2022-10-26,94.11412811279295,101.42774,3.413288791421394,21.155868345899812,4.599550885238668,2.314831215355063,0.991037215913209
2022-10-27,91.91064453125,100.50363,3.413288791421394,21.155868345899812,4.599550885238668,2.314831215355063,0.991037215913209
2022-10-28,95.86102294921876,98.532845,3.413288791421394,21.155868345899812,4.599550885238668,2.314831215355063,0.991037215913209
2022-10-31,93.95532989501952,97.194466,3.413288791421394,21.155868345899812,4.599550885238668,2.314831215355063,0.991037215913209
2022-11-01,89.8262939453125,96.00286,3.413288791421394,21.155868345899812,4.599550885238668,2.314831215355063,0.991037215913209
2022-11-02,86.4218215942383,94.32369,3.413288791421394,21.155868345899812,4.599550885238668,2.314831215355063,0.991037215913209
2022-11-03,82.86846160888672,92.10502,3.413288791421394,21.155868345899812,4.599550885238668,2.314831215355063,0.991037215913209
2022-11-04,86.05457305908202,89.38899,3.413288791421394,21.155868345899812,4.599550885238668,2.314831215355063,0.991037215913209
2022-11-07,87.99005889892578,87.53687,3.413288791421394,21.155868345899812,4.599550885238668,2.314831215355063,0.991037215913209
2022-11-08,88.24813842773438,86.747215,3.413288791421394,21.155868345899812,4.599550885238668,2.314831215355063,0.991037215913209
2022-11-09,86.74936676025392,86.61259,3.413288791421394,21.155868345899812,4.599550885238668,2.314831215355063,0.991037215913209
2022-11-10,93.46895599365236,86.51187,3.413288791421394,21.155868345899812,4.599550885238668,2.314831215355063,0.991037215913209
2022-11-11,96.00991821289064,87.70778,3.413288791421394,21.155868345899812,4.599550885238668,2.314831215355063,0.991037215913209
2022-11-14,95.31512451171876,89.724266,3.413288791421394,21.155868345899812,4.599550885238668,2.314831215355063,0.991037215913209
2022-11-15,97.985107421875,91.60757,3.413288791421394,21.155868345899812,4.599550885238668,2.314831215355063,0.991037215913209
2022-11-16,98.2530746459961,93.601326,3.413288791421394,21.155868345899812,4.599550885238668,2.314831215355063,0.991037215913209
2022-11-17,97.76673126220705,95.33151,3.413288791421394,21.155868345899812,4.599550885238668,2.314831215355063,0.991037215913209
2022-11-18,97.07193756103516,96.54704,3.413288791421394,21.155868345899812,4.599550885238668,2.314831215355063,0.991037215913209
2022-11-21,95.11661529541016,97.19256,3.413288791421394,21.155868345899812,4.599550885238668,2.314831215355063,0.991037215913209
2022-11-22,96.60545349121094,97.10974,3.413288791421394,21.155868345899812,4.599550885238668,2.314831215355063,0.991037215913209
2022-11-23,98.0843505859375,97.00728,3.413288791421394,21.155868345899812,4.599550885238668,2.314831215355063,0.991037215913209
2022-11-25,96.87342071533205,97.18577,3.413288791421394,21.155868345899812,4.599550885238668,2.314831215355063,0.991037215913209
2022-11-28,95.53347778320311,97.223274,3.413288791421394,21.155868345899812,4.599550885238668,2.314831215355063,0.991037215913209
2022-11-29,94.72952270507811,96.94329,3.413288791421394,21.155868345899812,4.599550885238668,2.314831215355063,0.991037215913209
2022-11-30,100.69477081298828,96.42478,3.413288791421394,21.155868345899812,4.599550885238668,2.314831215355063,0.991037215913209
2022-12-01,100.52603149414062,97.0113,3.413288791421394,21.155868345899812,4.599550885238668,2.314831215355063,0.991037215913209
2022-12-02,100.0793914794922,97.9267,3.413288791421394,21.155868345899812,4.599550885238668,2.314831215355063,0.991037215913209
2022-12-05,99.12654113769533,98.73887,3.413288791421394,21.155868345899812,4.599550885238668,2.314831215355063,0.991037215913209
2022-12-06,96.58558654785156,99.181145,3.413288791421394,21.155868345899812,4.599550885238668,2.314831215355063,0.991037215913209
2022-12-07,94.44168090820312,98.90776,3.413288791421394,21.155868345899812,4.599550885238668,2.314831215355063,0.991037215913209
2022-12-08,93.25060272216795,97.97557,3.413288791421394,21.155868345899812,4.599550885238668,2.314831215355063,0.991037215913209
2022-12-09,92.37716674804688,96.7035,3.413288791421394,21.155868345899812,4.599550885238668,2.314831215355063,0.991037215913209
2022-12-12,92.8635025024414,95.34801,3.413288791421394,21.155868345899812,4.599550885238668,2.314831215355063,0.991037215913209
2022-12-13,95.13645935058594,94.28954,3.413288791421394,21.155868345899812,4.599550885238668,2.314831215355063,0.991037215913209
2022-12-14,94.60047912597656,93.972855,3.413288791421394,21.155868345899812,4.599550885238668,2.314831215355063,0.991037215913209
2022-12-15,90.52107238769533,93.93144,3.413288791421394,21.155868345899812,4.599550885238668,2.314831215355063,0.991037215913209
2022-12-16,90.1836166381836,93.25672,3.413288791421394,21.155868345899812,4.599550885238668,2.314831215355063,0.991037215913209
2022-12-19,88.48634338378905,92.37234,3.413288791421394,21.155868345899812,4.599550885238668,2.314831215355063,0.991037215913209
2022-12-20,88.9627685546875,91.236465,3.413288791421394,21.155868345899812,4.599550885238668,2.314831215355063,0.991037215913209
2022-12-21,89.5781478881836,90.28672,3.413288791421394,21.155868345899812,4.599550885238668,2.314831215355063,0.991037215913209
2022-12-22,87.6029739379883,89.702545,3.413288791421394,21.155868345899812,4.599550885238668,2.314831215355063,0.991037215913209
2022-12-23,89.14141845703125,89.01421,3.413288791421394,21.155868345899812,4.599550885238668,2.314831215355063,0.991037215913209
2022-12-27,87.27542114257812,88.69689,3.413288791421394,21.155868345899812,4.599550885238668,2.314831215355063,0.991037215913209
2022-12-28,85.81635284423827,88.24769,3.413288791421394,21.155868345899812,4.599550885238668,2.314831215355063,0.991037215913209
2022-12-29,88.28782653808592,87.554855,3.413288791421394,21.155868345899812,4.599550885238668,2.314831215355063,0.991037215913209
2022-12-30,88.06947326660156,87.344925,3.413288791421394,21.155868345899812,4.599550885238668,2.314831215355063,0.991037215913209
2023-01-03,89.03224182128905,87.33978,3.413288791421394,21.155868345899812,4.599550885238668,2.314831215355063,0.991037215913209
2023-01-04,88.04960632324219,87.608986,3.413288791421394,21.155868345899812,4.599550885238668,2.314831215355063,0.991037215913209
2023-01-05,86.1240463256836,87.766464,3.413288791421394,21.155868345899812,4.599550885238668,2.314831215355063,0.991037215913209
2023-01-06,87.50370788574219,87.491104,3.413288791421394,21.155868345899812,4.599550885238668,2.314831215355063,0.991037215913209
2023-01-09,88.13895416259766,87.33851,3.413288791421394,21.155868345899812,4.599550885238668,2.314831215355063,0.991037215913209
2023-01-10,88.5756607055664,87.38364,3.413288791421394,21.155868345899812,4.599550885238668,2.314831215355063,0.991037215913209
2023-01-11,91.57318878173828,87.589676,3.413288791421394,21.155868345899812,4.599550885238668,2.314831215355063,0.991037215913209
2023-01-12,91.22579956054688,88.39108,3.413288791421394,21.155868345899812,4.599550885238668,2.314831215355063,0.991037215913209
2023-01-13,92.10916137695312,89.23953,3.413288791421394,21.155868345899812,4.599550885238668,2.314831215355063,0.991037215913209
2023-01-17,91.47394561767578,90.12443,3.413288791421394,21.155868345899812,4.599550885238668,2.314831215355063,0.991037215913209
2023-01-18,91.09674835205078,90.745964,3.413288791421394,21.155868345899812,4.599550885238668,2.314831215355063,0.991037215913209
2023-01-19,93.21090698242188,91.07218,3.413288791421394,21.155868345899812,4.599550885238668,2.314831215355063,0.991037215913209
2023-01-20,98.54092407226562,91.60725,3.413288791421394,21.155868345899812,4.599550885238668,2.314831215355063,0.991037215913209
2023-01-23,100.45655059814452,93.13229,3.413288791421394,21.155868345899812,4.599550885238668,2.314831215355063,0.991037215913209
2023-01-24,98.47144317626952,95.16475,3.413288791421394,21.155868345899812,4.599550885238668,2.314831215355063,0.991037215913209
2023-01-25,96.00991821289064,96.67664,3.413288791421394,21.155868345899812,4.599550885238668,2.314831215355063,0.991037215913209
2023-01-26,98.4218292236328,97.23233,3.413288791421394,21.155868345899812,4.599550885238668,2.314831215355063,0.991037215913209
2023-01-27,99.9602737426758,97.72746,3.413288791421394,21.155868345899812,4.599550885238668,2.314831215355063,0.991037215913209
2023-01-30,97.2208251953125,98.38677,3.413288791421394,21.155868345899812,4.599550885238668,2.314831215355063,0.991037215913209
2023-01-31,99.12654113769533,98.48113,3.413288791421394,21.155868345899812,4.599550885238668,2.314831215355063,0.991037215913209
2023-02-01,100.67493438720703,98.67529,3.413288791421394,21.155868345899812,4.599550885238668,2.314831215355063,0.991037215913209
2023-02-02,107.99005126953124,99.15984,3.413288791421394,21.155868345899812,4.599550885238668,2.314831215355063,0.991037215913209
2023-02-03,104.43670654296876,101.05301,3.413288791421394,21.155868345899812,4.599550885238668,2.314831215355063,0.991037215913209
2023-02-06,102.69974517822266,102.53038,3.413288791421394,21.155868345899812,4.599550885238668,2.314831215355063,0.991037215913209
2023-02-07,107.2357177734375,103.245316,3.413288791421394,21.155868345899812,4.599550885238668,2.314831215355063,0.991037215913209
2023-02-08,99.25557708740234,104.353134,3.413288791421394,21.155868345899812,4.599550885238668,2.314831215355063,0.991037215913209
2023-02-09,94.74935913085936,103.91919,3.413288791421394,21.155868345899812,4.599550885238668,2.314831215355063,0.991037215913209
2023-02-10,94.15382385253906,102.07444,3.413288791421394,21.155868345899812,4.599550885238668,2.314831215355063,0.991037215913209
2023-02-13,94.29278564453125,99.840355,3.413288791421394,21.155868345899812,4.599550885238668,2.314831215355063,0.991037215913209
2023-02-14,94.24315643310547,97.85651,3.413288791421394,21.155868345899812,4.599550885238668,2.314831215355063,0.991037215913209
2023-02-15,96.3771514892578,96.32341,3.413288791421394,21.155868345899812,4.599550885238668,2.314831215355063,0.991037215913209
2023-02-16,95.06697845458984,95.65842,3.413288791421394,21.155868345899812,4.599550885238668,2.314831215355063,0.991037215913209
2023-02-17,93.8858413696289,95.240135,3.413288791421394,21.155868345899812,4.599550885238668,2.314831215355063,0.991037215913209
2023-02-21,91.36474609375,94.78665,3.413288791421394,21.155868345899812,4.599550885238668,2.314831215355063,0.991037215913209
2023-02-22,91.11660766601562,93.9294,3.413288791421394,21.155868345899812,4.599550885238668,2.314831215355063,0.991037215913209
2023-02-23,90.39205169677734,93.008354,3.413288791421394,21.155868345899812,4.599550885238668,2.314831215355063,0.991037215913209
2023-02-24,88.68485260009766,92.08909,3.413288791421394,21.155868345899812,4.599550885238668,2.314831215355063,0.991037215913209
2023-02-27,89.42926788330078,91.01919,3.413288791421394,21.155868345899812,4.599550885238668,2.314831215355063,0.991037215913209
2023-02-28,89.62777709960938,90.218994,3.413288791421394,21.155868345899812,4.599550885238668,2.314831215355063,0.991037215913209
2023-03-01,89.83621978759766,89.71669,3.413288791421394,21.155868345899812,4.599550885238668,2.314831215355063,0.991037215913209
2023-03-02,91.62281036376952,89.47581,3.413288791421394,21.155868345899812,4.599550885238668,2.314831215355063,0.991037215913209
2023-03-03,93.32007598876952,89.72881,3.413288791421394,21.155868345899812,4.599550885238668,2.314831215355063,0.991037215913209
2023-03-06,94.86846923828124,90.46941,3.413288791421394,21.155868345899812,4.599550885238668,2.314831215355063,0.991037215913209
2023-03-07,93.46895599365236,91.58042,3.413288791421394,21.155868345899812,4.599550885238668,2.314831215355063,0.991037215913209
2023-03-08,93.94539642333984,92.391205,3.413288791421394,21.155868345899812,4.599550885238668,2.314831215355063,0.991037215913209
2023-03-09,91.97020721435548,93.02043,3.413288791421394,21.155868345899812,4.599550885238668,2.314831215355063,0.991037215913209
2023-03-10,90.3324966430664,93.087715,3.413288791421394,21.155868345899812,4.599550885238668,2.314831215355063,0.991037215913209
2023-03-13,90.9776611328125,92.59738,3.413288791421394,21.155868345899812,4.599550885238668,2.314831215355063,0.991037215913209
2023-03-14,93.54836273193361,92.075516,3.413288791421394,21.155868345899812,4.599550885238668,2.314831215355063,0.991037215913209
2023-03-15,95.8312530517578,92.11218,3.413288791421394,21.155868345899812,4.599550885238668,2.314831215355063,0.991037215913209
2023-03-16,100.3176040649414,92.80905,3.413288791421394,21.155868345899812,4.599550885238668,2.314831215355063,0.991037215913209
2023-03-17,101.69725036621092,94.507774,3.413288791421394,21.155868345899812,4.599550885238668,2.314831215355063,0.991037215913209
2023-03-20,101.17120361328124,96.58854,3.413288791421394,21.155868345899812,4.599550885238668,2.314831215355063,0.991037215913209
2023-03-21,105.05208587646483,98.36011,3.413288791421394,21.155868345899812,4.599550885238668,2.314831215355063,0.991037215913209
2023-03-22,103.44416046142578,100.40889,3.413288791421394,21.155868345899812,4.599550885238668,2.314831215355063,0.991037215913209
2023-03-23,105.4689712524414,101.895744,3.413288791421394,21.155868345899812,4.599550885238668,2.314831215355063,0.991037215913209
2023-03-24,105.27043914794923,103.25633,3.413288791421394,21.155868345899812,4.599550885238668,2.314831215355063,0.991037215913209
2023-03-27,102.29278564453124,104.272446,3.413288791421394,21.155868345899812,4.599550885238668,2.314831215355063,0.991037215913209
2023-03-28,100.60545349121094,104.39718,3.413288791421394,21.155868345899812,4.599550885238668,2.314831215355063,0.991037215913209
2023-03-29,101.14141845703124,103.80256,3.413288791421394,21.155868345899812,4.599550885238668,2.314831215355063,0.991037215913209
2023-03-30,100.56574249267578,103.10246,3.413288791421394,21.155868345899812,4.599550885238668,2.314831215355063,0.991037215913209
2023-03-31,103.2257843017578,102.368454,3.413288791421394,21.155868345899812,4.599550885238668,2.314831215355063,0.991037215913209
2023-04-03,104.12901306152344,102.24836,3.413288791421394,21.155868345899812,4.599550885238668,2.314831215355063,0.991037215913209
2023-04-04,104.33746337890624,102.57648,3.413288791421394,21.155868345899812,4.599550885238668,2.314831215355063,0.991037215913209
2023-04-05,104.16870880126952,103.07634,3.413288791421394,21.155868345899812,4.599550885238668,2.314831215355063,0.991037215913209
2023-04-06,108.08932495117186,103.52716,3.413288791421394,21.155868345899812,4.599550885238668,2.314831215355063,0.991037215913209
2023-04-10,106.15382385253906,104.61076,3.413288791421394,21.155868345899812,4.599550885238668,2.314831215355063,0.991037215913209
2023-04-11,105.3300094604492,105.398605,3.413288791421394,21.155868345899812,4.599550885238668,2.314831215355063,0.991037215913209
2023-04-12,104.43670654296876,105.768295,3.413288791421394,21.155868345899812,4.599550885238668,2.314831215355063,0.991037215913209
2023-04-13,107.38459014892578,105.72317,3.413288791421394,21.155868345899812,4.599550885238668,2.314831215355063,0.991037215913209
2023-04-14,108.64514160156251,106.06041,3.413288791421394,21.155868345899812,4.599550885238668,2.314831215355063,0.991037215913209
2023-04-17,105.62777709960938,106.73059,3.413288791421394,21.155868345899812,4.599550885238668,2.314831215355063,0.991037215913209
2023-04-18,104.33746337890624,106.85586,3.413288791421394,21.155868345899812,4.599550885238668,2.314831215355063,0.991037215913209
2023-04-19,104.23818969726562,106.48908,3.413288791421394,21.155868345899812,4.599550885238668,2.314831215355063,0.991037215913209
2023-04-20,105.11164855957034,105.956764,3.413288791421394,21.155868345899812,4.599550885238668,2.314831215355063,0.991037215913209
2023-04-21,105.12157440185548,105.60992,3.413288791421394,21.155868345899812,4.599550885238668,2.314831215355063,0.991037215913209
2023-04-24,105.98509216308594,105.4043,3.413288791421394,21.155868345899812,4.599550885238668,2.314831215355063,0.991037215913209
2023-04-25,103.8312530517578,105.45868,3.413288791421394,21.155868345899812,4.599550885238668,2.314831215355063,0.991037215913209
2023-04-26,103.67244720458984,105.20921,3.413288791421394,21.155868345899812,4.599550885238668,2.314831215355063,0.991037215913209
2023-04-27,107.56326293945311,104.84854,3.413288791421394,21.155868345899812,4.599550885238668,2.314831215355063,0.991037215913209
2023-04-28,107.41438293457033,105.2328,3.413288791421394,21.155868345899812,4.599550885238668,2.314831215355063,0.991037215913209
2023-05-01,106.9081573486328,105.832825,3.413288791421394,21.155868345899812,4.599550885238668,2.314831215355063,0.991037215913209
2023-05-02,105.19105529785156,106.32633,3.413288791421394,21.155868345899812,4.599550885238668,2.314831215355063,0.991037215913209
2023-05-03,105.3300094604492,106.3642,3.413288791421394,21.155868345899812,4.599550885238668,2.314831215355063,0.991037215913209
2023-05-04,104.42678070068358,106.22813,3.413288791421394,21.155868345899812,4.599550885238668,2.314831215355063,0.991037215913209
2023-05-05,105.42429351806642,105.87013,3.413288791421394,21.155868345899812,4.599550885238668,2.314831215355063,0.991037215913209
2023-05-08,107.4342269897461,105.66966,3.413288791421394,21.155868345899812,4.599550885238668,2.314831215355063,0.991037215913209
2023-05-09,107.13646697998047,105.94755,3.413288791421394,21.155868345899812,4.599550885238668,2.314831215355063,0.991037215913209
2023-05-10,111.4441375732422,106.32249,3.413288791421394,21.155868345899812,4.599550885238668,2.314831215355063,0.991037215913209
2023-05-11,116.02976989746095,107.48381,3.413288791421394,21.155868345899812,4.599550885238668,2.314831215355063,0.991037215913209
2023-05-12,117.0421676635742,109.62878,3.413288791421394,21.155868345899812,4.599550885238668,2.314831215355063,0.991037215913209
2023-05-15,116.08931732177734,111.99297,3.413288791421394,21.155868345899812,4.599550885238668,2.314831215355063,0.991037215913209
2023-05-16,119.19600677490236,113.84439,3.413288791421394,21.155868345899812,4.599550885238668,2.314831215355063,0.991037215913209
2023-05-17,120.57565307617186,115.72857,3.413288791421394,21.155868345899812,4.599550885238668,2.314831215355063,0.991037215913209
2023-05-18,122.6004638671875,117.535484,3.413288791421394,21.155868345899812,4.599550885238668,2.314831215355063,0.991037215913209
2023-05-19,122.33248138427734,119.36111,3.413288791421394,21.155868345899812,4.599550885238668,2.314831215355063,0.991037215913209
2023-05-22,124.93297576904295,120.80774,3.413288791421394,21.155868345899812,4.599550885238668,2.314831215355063,0.991037215913209
2023-05-23,122.37219238281251,122.32095,3.413288791421394,21.155868345899812,4.599550885238668,2.314831215355063,0.991037215913209
2023-05-24,120.7344741821289,123.09604,3.413288791421394,21.155868345899812,4.599550885238668,2.314831215355063,0.991037215913209
2023-05-25,123.42429351806639,123.11456,3.413288791421394,21.155868345899812,4.599550885238668,2.314831215355063,0.991037215913209
2023-05-26,124.49626159667966,123.31147,3.413288791421394,21.155868345899812,4.599550885238668,2.314831215355063,0.991037215913209
2023-05-30,123.71213531494139,123.73769,3.413288791421394,21.155868345899812,4.599550885238668,2.314831215355063,0.991037215913209
2023-05-31,122.45159912109376,124.03384,3.413288791421394,21.155868345899812,4.599550885238668,2.314831215355063,0.991037215913209
2023-06-01,123.44415283203124,123.98475,3.413288791421394,21.155868345899812,4.599550885238668,2.314831215355063,0.991037215913209
2023-06-02,124.2977523803711,123.983696,3.413288791421394,21.155868345899812,4.599550885238668,2.314831215355063,0.991037215913209
2023-06-05,125.68731689453124,124.156784,3.413288791421394,21.155868345899812,4.599550885238668,2.314831215355063,0.991037215913209
2023-06-06,126.95779418945312,124.630516,3.413288791421394,21.155868345899812,4.599550885238668,2.314831215355063,0.991037215913209
2023-06-07,122.02479553222656,125.38143,3.413288791421394,21.155868345899812,4.599550885238668,2.314831215355063,0.991037215913209
2023-06-08,121.75680541992189,125.18276,3.413288791421394,21.155868345899812,4.599550885238668,2.314831215355063,0.991037215913209
2023-06-09,121.9553146362305,124.57901,3.413288791421394,21.155868345899812,4.599550885238668,2.314831215355063,0.991037215913209
2023-06-12,123.42429351806639,123.942375,3.413288791421394,21.155868345899812,4.599550885238668,2.314831215355063,0.991037215913209
2023-06-13,123.50369262695312,123.67962,3.413288791421394,21.155868345899812,4.599550885238668,2.314831215355063,0.991037215913209
2023-06-14,123.45406341552734,123.63449,3.413288791421394,21.155868345899812,4.599550885238668,2.314831215355063,0.991037215913209
2023-06-15,124.85357666015624,123.68233,3.413288791421394,21.155868345899812,4.599550885238668,2.314831215355063,0.991037215913209
2023-06-16,123.13645935058594,124.024605,3.413288791421394,21.155868345899812,4.599550885238668,2.314831215355063,0.991037215913209
2023-06-20,122.92800903320312,124.10331,3.413288791421394,21.155868345899812,4.599550885238668,2.314831215355063,0.991037215913209
2023-06-21,120.35730743408205,124.02203,3.413288791421394,21.155868345899812,4.599550885238668,2.314831215355063,0.991037215913209
2023-06-22,122.94786834716795,123.40261,3.413288791421394,21.155868345899812,4.599550885238668,2.314831215355063,0.991037215913209
2023-06-23,122.1042022705078,123.15834,3.413288791421394,21.155868345899812,4.599550885238668,2.314831215355063,0.991037215913209
2023-06-26,118.20344543457034,122.94985,3.413288791421394,21.155868345899812,4.599550885238668,2.314831215355063,0.991037215913209
2023-06-27,118.12405395507812,122.06661,3.413288791421394,21.155868345899812,4.599550885238668,2.314831215355063,0.991037215913209
2023-06-28,120.17864227294922,121.049805,3.413288791421394,21.155868345899812,4.599550885238668,2.314831215355063,0.991037215913209
2023-06-29,119.11660003662111,120.5405,3.413288791421394,21.155868345899812,4.599550885238668,2.314831215355063,0.991037215913209
2023-06-30,120.06946563720705,120.13485,3.413288791421394,21.155868345899812,4.599550885238668,2.314831215355063,0.991037215913209
2023-07-03,119.66250610351562,120.031395,3.413288791421394,21.155868345899812,4.599550885238668,2.314831215355063,0.991037215913209
2023-07-05,121.71710205078124,119.99679,3.413288791421394,21.155868345899812,4.599550885238668,2.314831215355063,0.991037215913209
2023-07-06,120.0297622680664,120.38681,3.413288791421394,21.155868345899812,4.599550885238668,2.314831215355063,0.991037215913209
2023-07-07,119.24562072753906,120.56548,3.413288791421394,21.155868345899812,4.599550885238668,2.314831215355063,0.991037215913209
2023-07-10,115.99998474121095,120.48133,3.413288791421394,21.155868345899812,4.599550885238668,2.314831215355063,0.991037215913209
2023-07-11,116.83372497558594,119.69164,3.413288791421394,21.155868345899812,4.599550885238668,2.314831215355063,0.991037215913209
2023-07-12,118.72951507568361,118.90697,3.413288791421394,21.155868345899812,4.599550885238668,2.314831215355063,0.991037215913209
2023-07-13,123.90072631835938,118.61648,3.413288791421394,21.155868345899812,4.599550885238668,2.314831215355063,0.991037215913209
2023-07-14,124.76425170898438,119.55962,3.413288791421394,21.155868345899812,4.599550885238668,2.314831215355063,0.991037215913209
2023-07-17,124.12901306152344,121.013504,3.413288791421394,21.155868345899812,4.599550885238668,2.314831215355063,0.991037215913209
2023-07-18,123.15631103515624,122.3066,3.413288791421394,21.155868345899812,4.599550885238668,2.314831215355063,0.991037215913209
2023-07-19,121.86598205566406,123.11696,3.413288791421394,21.155868345899812,4.599550885238668,2.314831215355063,0.991037215913209
2023-07-20,118.64016723632812,123.33371,3.413288791421394,21.155868345899812,4.599550885238668,2.314831215355063,0.991037215913209
2023-07-21,119.41437530517578,122.653946,3.413288791421394,21.155868345899812,4.599550885238668,2.314831215355063,0.991037215913209
2023-07-24,120.9726791381836,121.866425,3.413288791421394,21.155868345899812,4.599550885238668,2.314831215355063,0.991037215913209
2023-07-25,121.87591552734376,121.46127,3.413288791421394,21.155868345899812,4.599550885238668,2.314831215355063,0.991037215913209
2023-07-26,128.6947784423828,121.45878,3.413288791421394,21.155868345899812,4.599550885238668,2.314831215355063,0.991037215913209
2023-07-27,128.90321350097656,122.91287,3.413288791421394,21.155868345899812,4.599550885238668,2.314831215355063,0.991037215913209
2023-07-28,132.0198211669922,124.748665,3.413288791421394,21.155868345899812,4.599550885238668,2.314831215355063,0.991037215913209
2023-07-31,132.11907958984375,127.00851,3.413288791421394,21.155868345899812,4.599550885238668,2.314831215355063,0.991037215913209
2023-08-01,130.9081573486328,129.04814,3.413288791421394,21.155868345899812,4.599550885238668,2.314831215355063,0.991037215913209
2023-08-02,127.68235778808592,130.39651,3.413288791421394,21.155868345899812,4.599550885238668,2.314831215355063,0.991037215913209
2023-08-03,127.8114013671875,130.60185,3.413288791421394,21.155868345899812,4.599550885238668,2.314831215355063,0.991037215913209
2023-08-04,127.58309936523438,130.31601,3.413288791421394,21.155868345899812,4.599550885238668,2.314831215355063,0.991037215913209
2023-08-07,130.95779418945312,129.82423,3.413288791421394,21.155868345899812,4.599550885238668,2.314831215355063,0.991037215913209
2023-08-08,130.85853576660156,129.9677,3.413288791421394,21.155868345899812,4.599550885238668,2.314831215355063,0.991037215913209
2023-08-09,129.18112182617188,130.32585,3.413288791421394,21.155868345899812,4.599550885238668,2.314831215355063,0.991037215913209
2023-08-10,129.2406768798828,130.39798,3.413288791421394,21.155868345899812,4.599550885238668,2.314831215355063,0.991037215913209
2023-08-11,129.20095825195312,130.35074,3.413288791421394,21.155868345899812,4.599550885238668,2.314831215355063,0.991037215913209
2023-08-14,130.84861755371094,130.24977,3.413288791421394,21.155868345899812,4.599550885238668,2.314831215355063,0.991037215913209
2023-08-15,129.30023193359375,130.4525,3.413288791421394,21.155868345899812,4.599550885238668,2.314831215355063,0.991037215913209
2023-08-16,128.1488494873047,130.45007,3.413288791421394,21.155868345899812,4.599550885238668,2.314831215355063,0.991037215913209
2023-08-17,129.4888153076172,130.14992,3.413288791421394,21.155868345899812,4.599550885238668,2.314831215355063,0.991037215913209
2023-08-18,127.15631866455078,130.03046,3.413288791421394,21.155868345899812,4.599550885238668,2.314831215355063,0.991037215913209
2023-08-21,127.97020721435548,129.56438,3.413288791421394,21.155868345899812,4.599550885238668,2.314831215355063,0.991037215913209
2023-08-22,128.72454833984375,129.19585,3.413288791421394,21.155868345899812,4.599550885238668,2.314831215355063,0.991037215913209
2023-08-23,132.21835327148438,129.07205,3.413288791421394,21.155868345899812,4.599550885238668,2.314831215355063,0.991037215913209
2023-08-24,129.4490966796875,129.73094,3.413288791421394,21.155868345899812,4.599550885238668,2.314831215355063,0.991037215913209
2023-08-25,129.71710205078125,130.07281,3.413288791421394,21.155868345899812,4.599550885238668,2.314831215355063,0.991037215913209
2023-08-28,130.8089141845703,130.2809,3.413288791421394,21.155868345899812,4.599550885238668,2.314831215355063,0.991037215913209
2023-08-29,134.48138427734375,130.59627,3.413288791421394,21.155868345899812,4.599550885238668,2.314831215355063,0.991037215913209
2023-08-30,135.91065979003906,131.58847,3.413288791421394,21.155868345899812,4.599550885238668,2.314831215355063,0.991037215913209
2023-08-31,136.32752990722656,132.9485,3.413288791421394,21.155868345899812,4.599550885238668,2.314831215355063,0.991037215913209
2023-09-01,135.7816162109375,134.29659,3.413288791421394,21.155868345899812,4.599550885238668,2.314831215355063,0.991037215913209
2023-09-05,135.69229125976562,135.29256,3.413288791421394,21.155868345899812,4.599550885238668,2.314831215355063,0.991037215913209
2023-09-06,134.3622589111328,135.94357,3.413288791421394,21.155868345899812,4.599550885238668,2.314831215355063,0.991037215913209
2023-09-07,135.18606567382812,136.07878,3.413288791421394,21.155868345899812,4.599550885238668,2.314831215355063,0.991037215913209
2023-09-08,136.1786346435547,136.12933,3.413288791421394,21.155868345899812,4.599550885238668,2.314831215355063,0.991037215913209
2023-09-11,136.71461486816406,136.31677,3.413288791421394,21.155868345899812,4.599550885238668,2.314831215355063,0.991037215913209
2023-09-12,135.05706787109375,136.62625,3.413288791421394,21.155868345899812,4.599550885238668,2.314831215355063,0.991037215913209
2023-09-13,136.47640991210938,136.61832,3.413288791421394,21.155868345899812,4.599550885238668,2.314831215355063,0.991037215913209
2023-09-14,137.955322265625,136.74995,3.413288791421394,21.155868345899812,4.599550885238668,2.314831215355063,0.991037215913209
2023-09-15,137.27044677734375,137.18779,3.413288791421394,21.155868345899812,4.599550885238668,2.314831215355063,0.991037215913209
2023-09-18,137.92555236816406,137.54263,3.413288791421394,21.155868345899812,4.599550885238668,2.314831215355063,0.991037215913209
2023-09-19,137.79649353027344,137.92488,3.413288791421394,21.155868345899812,4.599550885238668,2.314831215355063,0.991037215913209
2023-09-20,133.5880584716797,138.22144,3.413288791421394,21.155868345899812,4.599550885238668,2.314831215355063,0.991037215913209
2023-09-21,130.3821258544922,137.6361,3.413288791421394,21.155868345899812,4.599550885238668,2.314831215355063,0.991037215913209
2023-09-22,130.27293395996094,136.19414,3.413288791421394,21.155868345899812,4.599550885238668,2.314831215355063,0.991037215913209
2023-09-25,131.18606567382812,134.63281,3.413288791421394,21.155868345899812,4.599550885238668,2.314831215355063,0.991037215913209
2023-09-26,128.48631286621094,133.46835,3.413288791421394,21.155868345899812,4.599550885238668,2.314831215355063,0.991037215913209
2023-09-27,130.4813690185547,132.17188,3.413288791421394,21.155868345899812,4.599550885238668,2.314831215355063,0.991037215913209
2023-09-28,132.13894653320312,131.43768,3.413288791421394,21.155868345899812,4.599550885238668,2.314831215355063,0.991037215913209
2023-09-29,130.86846923828125,131.37814,3.413288791421394,21.155868345899812,4.599550885238668,2.314831215355063,0.991037215913209
2023-10-02,134.16375732421875,131.37447,3.413288791421394,21.155868345899812,4.599550885238668,2.314831215355063,0.991037215913209
2023-10-03,132.30767822265625,132.0223,3.413288791421394,21.155868345899812,4.599550885238668,2.314831215355063,0.991037215913209
2023-10-04,135.2555694580078,132.46902,3.413288791421394,21.155868345899812,4.599550885238668,2.314831215355063,0.991037215913209
2023-10-05,134.97767639160156,133.31468,3.413288791421394,21.155868345899812,4.599550885238668,2.314831215355063,0.991037215913209
2023-10-06,137.69725036621094,134.11375,3.413288791421394,21.155868345899812,4.599550885238668,2.314831215355063,0.991037215913209
2023-10-09,138.4615020751953,135.2657,3.413288791421394,21.155868345899812,4.599550885238668,2.314831215355063,0.991037215913209
2023-10-10,138.16375732421875,136.49455,3.413288791421394,21.155868345899812,4.599550885238668,2.314831215355063,0.991037215913209
2023-10-11,140.64512634277344,137.47794,3.413288791421394,21.155868345899812,4.599550885238668,2.314831215355063,0.991037215913209
2023-10-12,139.24560546875,138.6495,3.413288791421394,21.155868345899812,4.599550885238668,2.314831215355063,0.991037215913209
2023-10-13,137.54835510253906,139.4154,3.413288791421394,21.155868345899812,4.599550885238668,2.314831215355063,0.991037215913209
2023-10-16,139.44418334960938,139.5585,3.413288791421394,21.155868345899812,4.599550885238668,2.314831215355063,0.991037215913209
2023-10-17,139.94041442871094,139.77332,3.413288791421394,21.155868345899812,4.599550885238668,2.314831215355063,0.991037215913209
2023-10-18,138.24314880371094,140.06342,3.413288791421394,21.155868345899812,4.599550885238668,2.314831215355063,0.991037215913209
2023-10-19,137.9453887939453,140.01306,3.413288791421394,21.155868345899812,4.599550885238668,2.314831215355063,0.991037215913209
2023-10-20,135.72207641601562,139.77791,3.413288791421394,21.155868345899812,4.599550885238668,2.314831215355063,0.991037215913209
2023-10-23,136.8734130859375,139.08679,3.413288791421394,21.155868345899812,4.599550885238668,2.314831215355063,0.991037215913209
2023-10-24,139.07688903808594,138.54996,3.413288791421394,21.155868345899812,4.599550885238668,2.314831215355063,0.991037215913209
2023-10-25,125.72702026367188,138.58255,3.413288791421394,21.155868345899812,4.599550885238668,2.314831215355063,0.991037215913209
2023-10-26,122.52107238769533,136.33524,3.413288791421394,21.155868345899812,4.599550885238668,2.314831215355063,0.991037215913209
2023-10-27,122.48136901855467,132.97476,3.413288791421394,21.155868345899812,4.599550885238668,2.314831215355063,0.991037215913209
2023-10-30,124.8138656616211,129.7277,3.413288791421394,21.155868345899812,4.599550885238668,2.314831215355063,0.991037215913209
2023-10-31,124.3672332763672,127.54012,3.413288791421394,21.155868345899812,4.599550885238668,2.314831215355063,0.991037215913209
2023-11-01,126.62032318115234,126.10756,3.413288791421394,21.155868345899812,4.599550885238668,2.314831215355063,0.991037215913209
2023-11-02,127.6228256225586,125.684364,3.413288791421394,21.155868345899812,4.599550885238668,2.314831215355063,0.991037215913209
2023-11-03,129.39947509765625,125.95218,3.413288791421394,21.155868345899812,4.599550885238668,2.314831215355063,0.991037215913209
2023-11-06,130.471435546875,126.80179,3.413288791421394,21.155868345899812,4.599550885238668,2.314831215355063,0.991037215913209
2023-11-07,131.4143524169922,127.945045,3.413288791421394,21.155868345899812,4.599550885238668,2.314831215355063,0.991037215913209
2023-11-08,132.26795959472656,129.1842,3.413288791421394,21.155868345899812,4.599550885238668,2.314831215355063,0.991037215913209
2023-11-09,130.70965576171875,130.40053,3.413288791421394,21.155868345899812,4.599550885238668,2.314831215355063,0.991037215913209
2023-11-10,133.06202697753906,131.09312,3.413288791421394,21.155868345899812,4.599550885238668,2.314831215355063,0.991037215913209
2023-11-13,132.6451416015625,131.88843,3.413288791421394,21.155868345899812,4.599550885238668,2.314831215355063,0.991037215913209
2023-11-14,134.42181396484375,132.49716,3.413288791421394,21.155868345899812,4.599550885238668,2.314831215355063,0.991037215913209
2023-11-15,135.36476135253906,133.25621,3.413288791421394,21.155868345899812,4.599550885238668,2.314831215355063,0.991037215913209
2023-11-16,137.66744995117188,134.11441,3.413288791421394,21.155868345899812,4.599550885238668,2.314831215355063,0.991037215913209
2023-11-17,135.92056274414062,135.29282,3.413288791421394,21.155868345899812,4.599550885238668,2.314831215355063,0.991037215913209
2023-11-20,136.8932647705078,136.05765,3.413288791421394,21.155868345899812,4.599550885238668,2.314831215355063,0.991037215913209
2023-11-21,137.58804321289062,136.69989,3.413288791421394,21.155868345899812,4.599550885238668,2.314831215355063,0.991037215913209
2023-11-22,138.97764587402344,137.29874,3.413288791421394,21.155868345899812,4.599550885238668,2.314831215355063,0.991037215913209
2023-11-24,137.19107055664062,138.03008,3.413288791421394,21.155868345899812,4.599550885238668,2.314831215355063,0.991037215913209
2023-11-27,137.02230834960938,138.3435,3.413288791421394,21.155868345899812,4.599550885238668,2.314831215355063,0.991037215913209
2023-11-28,137.58804321289062,138.39827,3.413288791421394,21.155868345899812,4.599550885238668,2.314831215355063,0.991037215913209
2023-11-29,135.3845672607422,138.4374,3.413288791421394,21.155868345899812,4.599550885238668,2.314831215355063,0.991037215913209
2023-11-30,132.9230499267578,138.04436,3.413288791421394,21.155868345899812,4.599550885238668,2.314831215355063,0.991037215913209
2023-12-01,132.32752990722656,137.08359,3.413288791421394,21.155868345899812,4.599550885238668,2.314831215355063,0.991037215913209
2023-12-04,129.65756225585938,135.94817,3.413288791421394,21.155868345899812,4.599550885238668,2.314831215355063,0.991037215913209
2023-12-05,131.40443420410156,134.43936,3.413288791421394,21.155868345899812,4.599550885238668,2.314831215355063,0.991037215913209
2023-12-06,130.45156860351562,133.3786,3.413288791421394,21.155868345899812,4.599550885238668,2.314831215355063,0.991037215913209
2023-12-07,137.41934204101562,132.51112,3.413288791421394,21.155868345899812,4.599550885238668,2.314831215355063,0.991037215913209
2023-12-08,135.622802734375,133.1988,3.413288791421394,21.155868345899812,4.599550885238668,2.314831215355063,0.991037215913209
2023-12-11,133.697265625,134.06256,3.413288791421394,21.155868345899812,4.599550885238668,2.314831215355063,0.991037215913209
2023-12-12,132.6451416015625,134.49525,3.413288791421394,21.155868345899812,4.599550885238668,2.314831215355063,0.991037215913209
2023-12-13,132.97267150878906,134.47353,3.413288791421394,21.155868345899812,4.599550885238668,2.314831215355063,0.991037215913209
2023-12-14,132.2084197998047,134.32494,3.413288791421394,21.155868345899812,4.599550885238668,2.314831215355063,0.991037215913209
2023-12-15,132.8436279296875,134.00284,3.413288791421394,21.155868345899812,4.599550885238668,2.314831215355063,0.991037215913209
2023-12-18,136.168701171875,133.7881,3.413288791421394,21.155868345899812,4.599550885238668,2.314831215355063,0.991037215913209
2023-12-19,137.07196044921875,134.2819,3.413288791421394,21.155868345899812,4.599550885238668,2.314831215355063,0.991037215913209
2023-12-20,138.62033081054688,135.14865,3.413288791421394,21.155868345899812,4.599550885238668,2.314831215355063,0.991037215913209
2023-12-21,140.74440002441406,136.31036,3.413288791421394,21.155868345899812,4.599550885238668,2.314831215355063,0.991037215913209
2023-12-22,141.6575469970703,137.78394,3.413288791421394,21.155868345899812,4.599550885238668,2.314831215355063,0.991037215913209
2023-12-26,141.75680541992188,139.28896,3.413288791421394,21.155868345899812,4.599550885238668,2.314831215355063,0.991037215913209
2023-12-27,140.38706970214844,140.55165,3.413288791421394,21.155868345899812,4.599550885238668,2.314831215355063,0.991037215913209
2023-12-28,140.22828674316406,141.22469,3.413288791421394,21.155868345899812,4.599550885238668,2.314831215355063,0.991037215913209
2023-12-29,139.88087463378906,141.50092,3.413288791421394,21.155868345899812,4.599550885238668,2.314831215355063,0.991037215913209
2024-01-02,138.52108764648438,141.49208,3.413288791421394,21.155868345899812,4.599550885238668,2.314831215355063,0.991037215913209
2024-01-03,139.3151092529297,141.10855,3.413288791421394,21.155868345899812,4.599550885238668,2.314831215355063,0.991037215913209
2024-01-04,137.01235961914062,140.78915,3.413288791421394,21.155868345899812,4.599550885238668,2.314831215355063,0.991037215913209
2024-01-05,136.3672332763672,140.11623,3.413288791421394,21.155868345899812,4.599550885238668,2.314831215355063,0.991037215913209
2024-01-08,139.4838409423828,139.30208,3.413288791421394,21.155868345899812,4.599550885238668,2.314831215355063,0.991037215913209
2024-01-09,141.4987335205078,139.1601,3.413288791421394,21.155868345899812,4.599550885238668,2.314831215355063,0.991037215913209
2024-01-10,142.72950744628906,139.6959,3.413288791421394,21.155868345899812,4.599550885238668,2.314831215355063,0.991037215913209
2024-01-11,142.60047912597656,140.65031,3.413288791421394,21.155868345899812,4.599550885238668,2.314831215355063,0.991037215913209
2024-01-12,143.16622924804688,141.58246,3.413288791421394,21.155868345899812,4.599550885238668,2.314831215355063,0.991037215913209
2024-01-16,143.00741577148438,142.44406,3.413288791421394,21.155868345899812,4.599550885238668,2.314831215355063,0.991037215913209
2024-01-17,141.82626342773438,143.08646,3.413288791421394,21.155868345899812,4.599550885238668,2.314831215355063,0.991037215913209
2024-01-18,143.91065979003906,143.29759,3.413288791421394,21.155868345899812,4.599550885238668,2.314831215355063,0.991037215913209
2024-01-19,146.86843872070312,143.6847,3.413288791421394,21.155868345899812,4.599550885238668,2.314831215355063,0.991037215913209
2024-01-22,146.6103973388672,144.6245,3.413288791421394,21.155868345899812,4.599550885238668,2.314831215355063,0.991037215913209
2024-01-23,147.5731658935547,145.57016,3.413288791421394,21.155868345899812,4.599550885238668,2.314831215355063,0.991037215913209
2024-01-24,149.2307586669922,146.53325,3.413288791421394,21.155868345899812,4.599550885238668,2.314831215355063,0.991037215913209
2024-01-25,152.49624633789062,147.63748,3.413288791421394,21.155868345899812,4.599550885238668,2.314831215355063,0.991037215913209
2024-01-26,152.6451416015625,149.2112,3.413288791421394,21.155868345899812,4.599550885238668,2.314831215355063,0.991037215913209
2024-01-29,153.6873016357422,150.71323,3.413288791421394,21.155868345899812,4.599550885238668,2.314831215355063,0.991037215913209
2024-01-30,151.91064453125,152.11147,3.413288791421394,21.155868345899812,4.599550885238668,2.314831215355063,0.991037215913209
2024-01-31,140.74440002441406,152.8718,3.413288791421394,21.155868345899812,4.599550885238668,2.314831215355063,0.991037215913209
2024-02-01,141.6476287841797,151.13292,3.413288791421394,21.155868345899812,4.599550885238668,2.314831215355063,0.991037215913209
2024-02-02,142.47140502929688,148.86955,3.413288791421394,21.155868345899812,4.599550885238668,2.314831215355063,0.991037215913209
2024-02-05,143.85108947753906,146.92537,3.413288791421394,21.155868345899812,4.599550885238668,2.314831215355063,0.991037215913209
2024-02-06,144.3275146484375,145.72142,3.413288791421394,21.155868345899812,4.599550885238668,2.314831215355063,0.991037215913209
2024-02-07,145.58804321289062,145.13435,3.413288791421394,21.155868345899812,4.599550885238668,2.314831215355063,0.991037215913209
2024-02-08,146.12405395507812,145.15231,3.413288791421394,21.155868345899812,4.599550885238668,2.314831215355063,0.991037215913209
2024-02-09,149.10169982910156,145.51929,3.413288791421394,21.155868345899812,4.599550885238668,2.314831215355063,0.991037215913209
2024-02-12,147.622802734375,146.5273,3.413288791421394,21.155868345899812,4.599550885238668,2.314831215355063,0.991037215913209
2024-02-13,145.28036499023438,147.33226,3.413288791421394,21.155868345899812,4.599550885238668,2.314831215355063,0.991037215913209
2024-02-14,146.04466247558594,147.47252,3.413288791421394,21.155868345899812,4.599550885238668,2.314831215355063,0.991037215913209
2024-02-15,142.86846923828125,147.45807,3.413288791421394,21.155868345899812,4.599550885238668,2.314831215355063,0.991037215913209
2024-02-16,140.70468139648438,146.77658,3.413288791421394,21.155868345899812,4.599550885238668,2.314831215355063,0.991037215913209
2024-02-20,141.1414031982422,145.54326,3.413288791421394,21.155868345899812,4.599550885238668,2.314831215355063,0.991037215913209
2024-02-21,142.7692108154297,144.38622,3.413288791421394,21.155868345899812,4.599550885238668,2.314831215355063,0.991037215913209
2024-02-22,144.2382049560547,143.77213,3.413288791421394,21.155868345899812,4.599550885238668,2.314831215355063,0.991037215913209
2024-02-23,144.20840454101562,143.7706,3.413288791421394,21.155868345899812,4.599550885238668,2.314831215355063,0.991037215913209
2024-02-26,137.71710205078125,144.02063,3.413288791421394,21.155868345899812,4.599550885238668,2.314831215355063,0.991037215913209
2024-02-27,139.0570526123047,143.11246,3.413288791421394,21.155868345899812,4.599550885238668,2.314831215355063,0.991037215913209
2024-02-28,136.4069366455078,142.15474,3.413288791421394,21.155868345899812,4.599550885238668,2.314831215355063,0.991037215913209
2024-02-29,138.7394256591797,140.8369,3.413288791421394,21.155868345899812,4.599550885238668,2.314831215355063,0.991037215913209
2024-03-01,137.05209350585938,140.05286,3.413288791421394,21.155868345899812,4.599550885238668,2.314831215355063,0.991037215913209
2024-03-04,133.20098876953125,139.30872,3.413288791421394,21.155868345899812,4.599550885238668,2.314831215355063,0.991037215913209
2024-03-05,132.7841033935547,138.0015,3.413288791421394,21.155868345899812,4.599550885238668,2.314831215355063,0.991037215913209
2024-03-06,131.57318115234375,136.62518,3.413288791421394,21.155868345899812,4.599550885238668,2.314831215355063,0.991037215913209
2024-03-07,134.2332305908203,135.23676,3.413288791421394,21.155868345899812,4.599550885238668,2.314831215355063,0.991037215913209
2024-03-08,135.275390625,134.59683,3.413288791421394,21.155868345899812,4.599550885238668,2.314831215355063,0.991037215913209
2024-03-11,137.90570068359375,134.5779,3.413288791421394,21.155868345899812,4.599550885238668,2.314831215355063,0.991037215913209
2024-03-12,138.5806121826172,135.32314,3.413288791421394,21.155868345899812,4.599550885238668,2.314831215355063,0.991037215913209
2024-03-13,139.72207641601562,136.37964,3.413288791421394,21.155868345899812,4.599550885238668,2.314831215355063,0.991037215913209
2024-03-14,143.26548767089844,137.59381,3.413288791421394,21.155868345899812,4.599550885238668,2.314831215355063,0.991037215913209
2024-03-15,141.11163330078125,139.32141,3.413288791421394,21.155868345899812,4.599550885238668,2.314831215355063,0.991037215913209
2024-03-18,147.37466430664062,140.53563,3.413288791421394,21.155868345899812,4.599550885238668,2.314831215355063,0.991037215913209
2024-03-19,146.81883239746094,142.50732,3.413288791421394,21.155868345899812,4.599550885238668,2.314831215355063,0.991037215913209
2024-03-20,148.5657196044922,144.31161,3.413288791421394,21.155868345899812,4.599550885238668,2.314831215355063,0.991037215913209
2024-03-21,147.63272094726562,146.05646,3.413288791421394,21.155868345899812,4.599550885238668,2.314831215355063,0.991037215913209
2024-03-22,150.64016723632812,147.27626,3.413288791421394,21.155868345899812,4.599550885238668,2.314831215355063,0.991037215913209
2024-03-25,150.02479553222656,148.62598,3.413288791421394,21.155868345899812,4.599550885238668,2.314831215355063,0.991037215913209
2024-03-26,150.5706787109375,149.65556,3.413288791421394,21.155868345899812,4.599550885238668,2.314831215355063,0.991037215913209
2024-03-27,150.80889892578125,150.47165,3.413288791421394,21.155868345899812,4.599550885238668,2.314831215355063,0.991037215913209
2024-03-28,151.12652587890625,151.09116,3.413288791421394,21.155868345899812,4.599550885238668,2.314831215355063,0.991037215913209
2024-04-01,155.33497619628906,151.57384,3.413288791421394,21.155868345899812,4.599550885238668,2.314831215355063,0.991037215913209
2024-04-02,154.70962524414062,152.70311,3.413288791421394,21.155868345899812,4.599550885238668,2.314831215355063,0.991037215913209
2024-04-03,155.20591735839844,153.76329,3.413288791421394,21.155868345899812,4.599550885238668,2.314831215355063,0.991037215913209
2024-04-04,150.80889892578125,154.70215,3.413288791421394,21.155868345899812,4.599550885238668,2.314831215355063,0.991037215913209
2024-04-05,152.79405212402344,154.5867,3.413288791421394,21.155868345899812,4.599550885238668,2.314831215355063,0.991037215913209
2024-04-08,154.97764587402344,154.44046,3.413288791421394,21.155868345899812,4.599550885238668,2.314831215355063,0.991037215913209
2024-04-09,156.96275329589844,154.70305,3.413288791421394,21.155868345899812,4.599550885238668,2.314831215355063,0.991037215913209
2024-04-10,156.48634338378906,155.45622,3.413288791421394,21.155868345899812,4.599550885238668,2.314831215355063,0.991037215913209
2024-04-11,159.59300231933594,156.18336,3.413288791421394,21.155868345899812,4.599550885238668,2.314831215355063,0.991037215913209
2024-04-12,158.0049285888672,157.35791,3.413288791421394,21.155868345899812,4.599550885238668,2.314831215355063,0.991037215913209
2024-04-15,155.16622924804688,158.19188,3.413288791421394,21.155868345899812,4.599550885238668,2.314831215355063,0.991037215913209
2024-04-16,154.8386993408203,158.20602,3.413288791421394,21.155868345899812,4.599550885238668,2.314831215355063,0.991037215913209
2024-04-17,155.71214294433594,157.82153,3.413288791421394,21.155868345899812,4.599550885238668,2.314831215355063,0.991037215913209
2024-04-18,156.28781127929688,157.49985,3.413288791421394,21.155868345899812,4.599550885238668,2.314831215355063,0.991037215913209
2024-04-19,154.56077575683594,157.36598,3.413288791421394,21.155868345899812,4.599550885238668,2.314831215355063,0.991037215913209
2024-04-22,156.77415466308594,157.00882,3.413288791421394,21.155868345899812,4.599550885238668,2.314831215355063,0.991037215913209
2024-04-23,158.72950744628906,157.04784,3.413288791421394,21.155868345899812,4.599550885238668,2.314831215355063,0.991037215913209
2024-04-24,159.9007110595703,157.60266,3.413288791421394,21.155868345899812,4.599550885238668,2.314831215355063,0.991037215913209
2024-04-25,156.77415466308594,158.4882,3.413288791421394,21.155868345899812,4.599550885238668,2.314831215355063,0.991037215913209
2024-04-26,172.39697265625,158.75928,3.413288791421394,21.155868345899812,4.599550885238668,2.314831215355063,0.991037215913209
2024-04-29,166.6501007080078,161.68982,3.413288791421394,21.155868345899812,4.599550885238668,2.314831215355063,0.991037215913209
2024-04-30,163.41436767578125,164.03833,3.413288791421394,21.155868345899812,4.599550885238668,2.314831215355063,0.991037215913209
2024-05-01,164.3374481201172,165.14963,3.413288791421394,21.155868345899812,4.599550885238668,2.314831215355063,0.991037215913209
2024-05-02,167.20594787597656,165.72481,3.413288791421394,21.155868345899812,4.599550885238668,2.314831215355063,0.991037215913209
2024-05-03,167.7319793701172,166.50076,3.413288791421394,21.155868345899812,4.599550885238668,2.314831215355063,0.991037215913209
2024-05-06,168.5657196044922,167.3054,3.413288791421394,21.155868345899812,4.599550885238668,2.314831215355063,0.991037215913209
2024-05-07,171.69227600097653,168.13545,3.413288791421394,21.155868345899812,4.599550885238668,2.314831215355063,0.991037215913209
2024-05-08,169.88584899902344,169.41278,3.413288791421394,21.155868345899812,4.599550885238668,2.314831215355063,0.991037215913209
2024-05-09,170.30271911621094,170.28906,3.413288791421394,21.155868345899812,4.599550885238668,2.314831215355063,0.991037215913209
2024-05-10,169.02230834960938,170.93042,3.413288791421394,21.155868345899812,4.599550885238668,2.314831215355063,0.991037215913209
2024-05-13,169.62774658203125,171.11067,3.413288791421394,21.155868345899812,4.599550885238668,2.314831215355063,0.991037215913209
2024-05-14,170.65011596679688,171.18588,3.413288791421394,21.155868345899812,4.599550885238668,2.314831215355063,0.991037215913209
2024-05-15,172.5855712890625,171.39067,3.413288791421394,21.155868345899812,4.599550885238668,2.314831215355063,0.991037215913209
2024-05-16,174.12403869628906,171.97243,3.413288791421394,21.155868345899812,4.599550885238668,2.314831215355063,0.991037215913209
2024-05-17,175.97019958496094,172.88742,3.413288791421394,21.155868345899812,4.599550885238668,2.314831215355063,0.991037215913209
2024-05-20,177.13148498535156,174.11781,3.413288791421394,21.155868345899812,4.599550885238668,2.314831215355063,0.991037215913209
2024-05-21,178.20346069335935,175.46661,3.413288791421394,21.155868345899812,4.599550885238668,2.314831215355063,0.991037215913209
2024-05-22,176.67489624023435,176.81665,3.413288791421394,21.155868345899812,4.599550885238668,2.314831215355063,0.991037215913209
2024-05-23,173.75677490234375,177.6278,3.413288791421394,21.155868345899812,4.599550885238668,2.314831215355063,0.991037215913209
2024-05-24,175.017333984375,177.52695,3.413288791421394,21.155868345899812,4.599550885238668,2.314831215355063,0.991037215913209
2024-05-28,176.6947784423828,177.31555,3.413288791421394,21.155868345899812,4.599550885238668,2.314831215355063,0.991037215913209
2024-05-29,176.07936096191406,177.4005,3.413288791421394,21.155868345899812,4.599550885238668,2.314831215355063,0.991037215913209
2024-05-30,172.26795959472653,177.47072,3.413288791421394,21.155868345899812,4.599550885238668,2.314831215355063,0.991037215913209
2024-05-31,172.66497802734375,176.81184,3.413288791421394,21.155868345899812,4.599550885238668,2.314831215355063,0.991037215913209
2024-06-03,173.12153625488284,176.06377,3.413288791421394,21.155868345899812,4.599550885238668,2.314831215355063,0.991037215913209
2024-06-04,173.82626342773438,175.49121,3.413288791421394,21.155868345899812,4.599550885238668,2.314831215355063,0.991037215913209
2024-06-05,175.75184631347656,175.22559,3.413288791421394,21.155868345899812,4.599550885238668,2.314831215355063,0.991037215913209
2024-06-06,177.02230834960938,175.49574,3.413288791421394,21.155868345899812,4.599550885238668,2.314831215355063,0.991037215913209
2024-06-07,174.64016723632812,176.1703,3.413288791421394,21.155868345899812,4.599550885238668,2.314831215355063,0.991037215913209
2024-06-10,175.51461791992185,176.43724,3.413288791421394,21.155868345899812,4.599550885238668,2.314831215355063,0.991037215913209
2024-06-11,177.0647735595703,176.66457,3.413288791421394,21.155868345899812,4.599550885238668,2.314831215355063,0.991037215913209
2024-06-12,178.4261016845703,177.11673,3.413288791421394,21.155868345899812,4.599550885238668,2.314831215355063,0.991037215913209
2024-06-13,175.62391662597656,177.8288,3.413288791421394,21.155868345899812,4.599550885238668,2.314831215355063,0.991037215913209
2024-06-14,177.2436065673828,177.98662,3.413288791421394,21.155868345899812,4.599550885238668,2.314831215355063,0.991037215913209
2024-06-17,177.65103149414062,178.20793,3.413288791421394,21.155868345899812,4.599550885238668,2.314831215355063,0.991037215913209
2024-06-18,175.3357391357422,178.47908,3.413288791421394,21.155868345899812,4.599550885238668,2.314831215355063,0.991037215913209
2024-06-20,176.58779907226562,178.28587,3.413288791421394,21.155868345899812,4.599550885238668,2.314831215355063,0.991037215913209
2024-06-21,179.12167358398438,178.18422,3.413288791421394,21.155868345899812,4.599550885238668,2.314831215355063,0.991037215913209
2024-06-24,179.64833068847656,178.6061,3.413288791421394,21.155868345899812,4.599550885238668,2.314831215355063,0.991037215913209
2024-06-25,184.40809631347656,179.25648,3.413288791421394,21.155868345899812,4.599550885238668,2.314831215355063,0.991037215913209
2024-06-26,184.19941711425784,180.7826,3.413288791421394,21.155868345899812,4.599550885238668,2.314831215355063,0.991037215913209
2024-06-27,185.67999267578128,182.32924,3.413288791421394,21.155868345899812,4.599550885238668,2.314831215355063,0.991037215913209
2024-06-28,182.26173400878903,183.88908,3.413288791421394,21.155868345899812,4.599550885238668,2.314831215355063,0.991037215913209
2024-07-01,183.32498168945312,184.51627,3.413288791421394,21.155868345899812,4.599550885238668,2.314831215355063,0.991037215913209
2024-07-02,185.43157958984372,184.86436,3.413288791421394,21.155868345899812,4.599550885238668,2.314831215355063,0.991037215913209
2024-07-03,186.2066650390625,185.41827,3.413288791421394,21.155868345899812,4.599550885238668,2.314831215355063,0.991037215913209
2024-07-05,190.74778747558597,186.09218,3.413288791421394,21.155868345899812,4.599550885238668,2.314831215355063,0.991037215913209
2024-07-08,189.2771453857422,187.54897,3.413288791421394,21.155868345899812,4.599550885238668,2.314831215355063,0.991037215913209
2024-07-09,189.2373962402344,188.76239,3.413288791421394,21.155868345899812,4.599550885238668,2.314831215355063,0.991037215913209
2024-07-10,191.44337463378903,189.66248,3.413288791421394,21.155868345899812,4.599550885238668,2.314831215355063,0.991037215913209
2024-07-11,186.1172332763672,190.68224,3.413288791421394,21.155868345899812,4.599550885238668,2.314831215355063,0.991037215913209
2024-07-12,185.6005096435547,190.54924,3.413288791421394,21.155868345899812,4.599550885238668,2.314831215355063,0.991037215913209
2024-07-15,187.00161743164065,189.90364,3.413288791421394,21.155868345899812,4.599550885238668,2.314831215355063,0.991037215913209
2024-07-16,184.3285980224609,189.42116,3.413288791421394,21.155868345899812,4.599550885238668,2.314831215355063,0.991037215913209
2024-07-17,181.4667816162109,188.58238,3.413288791421394,21.155868345899812,4.599550885238668,2.314831215355063,0.991037215913209
2024-07-18,178.0882568359375,187.23071,3.413288791421394,21.155868345899812,4.599550885238668,2.314831215355063,0.991037215913209
2024-07-19,178.2572021484375,185.29105,3.413288791421394,21.155868345899812,4.599550885238668,2.314831215355063,0.991037215913209
2024-07-22,182.19216918945312,183.50421,3.413288791421394,21.155868345899812,4.599550885238668,2.314831215355063,0.991037215913209
2024-07-23,182.44061279296875,182.83574,3.413288791421394,21.155868345899812,4.599550885238668,2.314831215355063,0.991037215913209
2024-07-24,173.2688751220703,182.77802,3.413288791421394,21.155868345899812,4.599550885238668,2.314831215355063,0.991037215913209
2024-07-25,168.09178161621094,181.26552,3.413288791421394,21.155868345899812,4.599550885238668,2.314831215355063,0.991037215913209
2024-07-26,167.61480712890625,178.50362,3.413288791421394,21.155868345899812,4.599550885238668,2.314831215355063,0.991037215913209
2024-07-29,170.0493621826172,175.64102,3.413288791421394,21.155868345899812,4.599550885238668,2.314831215355063,0.991037215913209
2024-07-30,170.77473449707028,173.69911,3.413288791421394,21.155868345899812,4.599550885238668,2.314831215355063,0.991037215913209
2024-07-31,172.05657958984378,172.61499,3.413288791421394,21.155868345899812,4.599550885238668,2.314831215355063,0.991037215913209
2024-08-01,171.3609924316406,172.32791,3.413288791421394,21.155868345899812,4.599550885238668,2.314831215355063,0.991037215913209
2024-08-02,167.33657836914062,172.28981,3.413288791421394,21.155868345899812,4.599550885238668,2.314831215355063,0.991037215913209
2024-08-05,159.62559509277344,171.60934,3.413288791421394,21.155868345899812,4.599550885238668,2.314831215355063,0.991037215913209
2024-08-06,159.5261993408203,169.35399,3.413288791421394,21.155868345899812,4.599550885238668,2.314831215355063,0.991037215913209
2024-08-07,159.73487854003906,166.86024,3.413288791421394,21.155868345899812,4.599550885238668,2.314831215355063,0.991037215913209
2024-08-08,162.80535888671872,164.74184,3.413288791421394,21.155868345899812,4.599550885238668,2.314831215355063,0.991037215913209
2024-08-09,164.34559631347656,163.73862,3.413288791421394,21.155868345899812,4.599550885238668,2.314831215355063,0.991037215913209
2024-08-12,162.9146728515625,163.66316,3.413288791421394,21.155868345899812,4.599550885238668,2.314831215355063,0.991037215913209
2024-08-13,164.8821563720703,163.71986,3.413288791421394,21.155868345899812,4.599550885238668,2.314831215355063,0.991037215913209
2024-08-14,161.00679016113284,164.20209,3.413288791421394,21.155868345899812,4.599550885238668,2.314831215355063,0.991037215913209
2024-08-15,162.13961791992188,164.03299,3.413288791421394,21.155868345899812,4.599550885238668,2.314831215355063,0.991037215913209
2024-08-16,163.69970703125,163.85556,3.413288791421394,21.155868345899812,4.599550885238668,2.314831215355063,0.991037215913209
2024-08-19,167.33657836914062,163.99002,3.413288791421394,21.155868345899812,4.599550885238668,2.314831215355063,0.991037215913209
2024-08-20,167.8930358886719,164.91107,3.413288791421394,21.155868345899812,4.599550885238668,2.314831215355063,0.991037215913209
2024-08-21,166.57144165039062,166.08571,3.413288791421394,21.155868345899812,4.599550885238668,2.314831215355063,0.991037215913209
2024-08-22,164.44497680664062,166.90707,3.413288791421394,21.155868345899812,4.599550885238668,2.314831215355063,0.991037215913209
2024-08-23,166.37271118164062,167.03893,3.413288791421394,21.155868345899812,4.599550885238668,2.314831215355063,0.991037215913209
2024-08-26,166.86952209472656,167.2306,3.413288791421394,21.155868345899812,4.599550885238668,2.314831215355063,0.991037215913209
2024-08-27,165.32936096191406,167.49364,3.413288791421394,21.155868345899812,4.599550885238668,2.314831215355063,0.991037215913209
2024-08-28,163.46122741699216,167.44963,3.413288791421394,21.155868345899812,4.599550885238668,2.314831215355063,0.991037215913209
2024-08-29,162.36813354492188,166.94318,3.413288791421394,21.155868345899812,4.599550885238668,2.314831215355063,0.991037215913209
2024-08-30,164.06736755371094,166.13702,3.413288791421394,21.155868345899812,4.599550885238668,2.314831215355063,0.991037215913209
2024-09-03,157.60841369628906,165.67365,3.413288791421394,21.155868345899812,4.599550885238668,2.314831215355063,0.991037215913209
2024-09-04,156.81346130371094,164.21327,3.413288791421394,21.155868345899812,4.599550885238668,2.314831215355063,0.991037215913209
2024-09-05,157.59848022460938,162.4835,3.413288791421394,21.155868345899812,4.599550885238668,2.314831215355063,0.991037215913209
2024-09-06,151.16932678222656,161.09453,3.413288791421394,21.155868345899812,4.599550885238668,2.314831215355063,0.991037215913209
2024-09-09,148.79127502441406,158.88591,3.413288791421394,21.155868345899812,4.599550885238668,2.314831215355063,0.991037215913209
2024-09-10,149.25892639160156,156.31506,3.413288791421394,21.155868345899812,4.599550885238668,2.314831215355063,0.991037215913209
2024-09-11,151.38821411132812,154.14278,3.413288791421394,21.155868345899812,4.599550885238668,2.314831215355063,0.991037215913209
2024-09-12,154.76124572753906,152.92314,3.413288791421394,21.155868345899812,4.599550885238668,2.314831215355063,0.991037215913209
2024-09-13,157.5770721435547,152.9528,3.413288791421394,21.155868345899812,4.599550885238668,2.314831215355063,0.991037215913209
2024-09-16,158.1939697265625,154.02518,3.413288791421394,21.155868345899812,4.599550885238668,2.314831215355063,0.991037215913209
2024-09-17,159.47750854492188,155.45145,3.413288791421394,21.155868345899812,4.599550885238668,2.314831215355063,0.991037215913209
2024-09-18,160.00486755371094,157.01031,3.413288791421394,21.155868345899812,4.599550885238668,2.314831215355063,0.991037215913209
2024-09-19,162.42269897460935,158.4355,3.413288791421394,21.155868345899812,4.599550885238668,2.314831215355063,0.991037215913209
2024-09-20,163.81567382812497,160.00084,3.413288791421394,21.155868345899812,4.599550885238668,2.314831215355063,0.991037215913209
2024-09-23,162.2535400390625,161.59334,3.413288791421394,21.155868345899812,4.599550885238668,2.314831215355063,0.991037215913209
2024-09-24,162.82069396972656,162.61002,3.413288791421394,21.155868345899812,4.599550885238668,2.314831215355063,0.991037215913209
2024-09-25,162.17393493652344,163.31833,3.413288791421394,21.155868345899812,4.599550885238668,2.314831215355063,0.991037215913209
2024-09-26,163.00971984863284,163.64313,3.413288791421394,21.155868345899812,4.599550885238668,2.314831215355063,0.991037215913209
2024-09-27,164.46243286132812,163.91039,3.413288791421394,21.155868345899812,4.599550885238668,2.314831215355063,0.991037215913209
2024-09-30,166.35292053222656,164.3749,3.413288791421394,21.155868345899812,4.599550885238668,2.314831215355063,0.991037215913209
2024-10-01,167.57675170898438,165.18915,3.413288791421394,21.155868345899812,4.599550885238668,2.314831215355063,0.991037215913209
2024-10-02,166.47232055664062,166.22615,3.413288791421394,21.155868345899812,4.599550885238668,2.314831215355063,0.991037215913209
2024-10-03,166.37283325195312,166.95609,3.413288791421394,21.155868345899812,4.599550885238668,2.314831215355063,0.991037215913209
2024-10-04,167.71603393554688,167.41284,3.413288791421394,21.155868345899812,4.599550885238668,2.314831215355063,0.991037215913209
2024-10-07,163.56694030761716,167.92363,3.413288791421394,21.155868345899812,4.599550885238668,2.314831215355063,0.991037215913209
2024-10-08,164.87037658691406,167.57487,3.413288791421394,21.155868345899812,4.599550885238668,2.314831215355063,0.991037215913209
2024-10-09,162.24359130859375,167.19751,3.413288791421394,21.155868345899812,4.599550885238668,2.314831215355063,0.991037215913209
2024-10-10,162.36297607421875,166.36952,3.413288791421394,21.155868345899812,4.599550885238668,2.314831215355063,0.991037215913209
2024-10-11,163.69627380371094,165.53929,3.413288791421394,21.155868345899812,4.599550885238668,2.314831215355063,0.991037215913209
2024-10-14,165.5171356201172,165.10497,3.413288791421394,21.155868345899812,4.599550885238668,2.314831215355063,0.991037215913209
2024-10-15,166.06436157226565,165.2517,3.413288791421394,21.155868345899812,4.599550885238668,2.314831215355063,0.991037215913209
2024-10-16,165.90518188476562,165.71149,3.413288791421394,21.155868345899812,4.599550885238668,2.314831215355063,0.991037215913209
2024-10-17,163.6863250732422,166.18852,3.413288791421394,21.155868345899812,4.599550885238668,2.314831215355063,0.991037215913209
2024-10-18,164.22363281250003,166.16878,3.413288791421394,21.155868345899812,4.599550885238668,2.314831215355063,0.991037215913209
2024-10-21,164.96987915039062,166.05553,3.413288791421394,21.155868345899812,4.599550885238668,2.314831215355063,0.991037215913209
2024-10-22,165.98477172851562,166.05746,3.413288791421394,21.155868345899812,4.599550885238668,2.314831215355063,0.991037215913209
2024-10-23,163.65647888183594,166.29518,3.413288791421394,21.155868345899812,4.599550885238668,2.314831215355063,0.991037215913209
2024-10-24,163.7062225341797,166.14638,3.413288791421394,21.155868345899812,4.599550885238668,2.314831215355063,0.991037215913209
2024-10-25,166.15390014648438,165.88538,3.413288791421394,21.155868345899812,4.599550885238668,2.314831215355063,0.991037215913209
2024-10-28,167.49717712402344,166.08229,3.413288791421394,21.155868345899812,4.599550885238668,2.314831215355063,0.991037215913209
2024-10-29,170.2831268310547,166.67639,3.413288791421394,21.155868345899812,4.599550885238668,2.314831215355063,0.991037215913209
2024-10-30,175.25808715820312,167.8517,3.413288791421394,21.155868345899812,4.599550885238668,2.314831215355063,0.991037215913209
2024-10-31,171.8253936767578,169.98453,3.413288791421394,21.155868345899812,4.599550885238668,2.314831215355063,0.991037215913209
2024-11-01,171.78558349609372,171.45828,3.413288791421394,21.155868345899812,4.599550885238668,2.314831215355063,0.991037215913209
2024-11-04,169.825439453125,172.40526,3.413288791421394,21.155868345899812,4.599550885238668,2.314831215355063,0.991037215913209
2024-11-05,170.5517730712891,172.58592,3.413288791421394,21.155868345899812,4.599550885238668,2.314831215355063,0.991037215913209
2024-11-06,177.43714904785156,172.56023,3.413288791421394,21.155868345899812,4.599550885238668,2.314831215355063,0.991037215913209
2024-11-07,181.3673553466797,173.7446,3.413288791421394,21.155868345899812,4.599550885238668,2.314831215355063,0.991037215913209
2024-11-08,178.9594573974609,175.92674,3.413288791421394,21.155868345899812,4.599550885238668,2.314831215355063,0.991037215913209
2024-11-11,181.05889892578122,177.66125,3.413288791421394,21.155868345899812,4.599550885238668,2.314831215355063,0.991037215913209
2024-11-12,182.4021759033203,179.3087,3.413288791421394,21.155868345899812,4.599550885238668,2.314831215355063,0.991037215913209
2024-11-13,179.58633422851565,180.85667,3.413288791421394,21.155868345899812,4.599550885238668,2.314831215355063,0.991037215913209
2024-11-14,176.46205139160156,181.54405,3.413288791421394,21.155868345899812,4.599550885238668,2.314831215355063,0.991037215913209
2024-11-15,173.0193786621094,181.1793,3.413288791421394,21.155868345899812,4.599550885238668,2.314831215355063,0.991037215913209
2024-11-18,175.91481018066406,179.81091,3.413288791421394,21.155868345899812,4.599550885238668,2.314831215355063,0.991037215913209
2024-11-19,178.68087768554688,178.83109,3.413288791421394,21.155868345899812,4.599550885238668,2.314831215355063,0.991037215913209
2024-11-20,176.44216918945312,178.68988,3.413288791421394,21.155868345899812,4.599550885238668,2.314831215355063,0.991037215913209
2024-11-21,168.3926544189453,178.4928,3.413288791421394,21.155868345899812,4.599550885238668,2.314831215355063,0.991037215913209
2024-11-22,165.7360382080078,176.81325,3.413288791421394,21.155868345899812,4.599550885238668,2.314831215355063,0.991037215913209
2024-11-25,168.58169555664062,174.36214,3.413288791421394,21.155868345899812,4.599550885238668,2.314831215355063,0.991037215913209
2024-11-26,169.76573181152344,172.5638,3.413288791421394,21.155868345899812,4.599550885238668,2.314831215355063,0.991037215913209
2024-11-27,169.96475219726562,171.56427,3.413288791421394,21.155868345899812,4.599550885238668,2.314831215355063,0.991037215913209
2024-11-29,169.63641357421875,171.11559,3.413288791421394,21.155868345899812,4.599550885238668,2.314831215355063,0.991037215913209
2024-12-02,172.11390686035156,170.91791,3.413288791421394,21.155868345899812,4.599550885238668,2.314831215355063,0.991037215913209
2024-12-03,172.1537322998047,171.32875,3.413288791421394,21.155868345899812,4.599550885238668,2.314831215355063,0.991037215913209
2024-12-04,175.20834350585938,171.91187,3.413288791421394,21.155868345899812,4.599550885238668,2.314831215355063,0.991037215913209
2024-12-05,173.437255859375,173.03883,3.413288791421394,21.155868345899812,4.599550885238668,2.314831215355063,0.991037215913209
2024-12-06,175.60635375976562,173.83694,3.413288791421394,21.155868345899812,4.599550885238668,2.314831215355063,0.991037215913209
2024-12-09,176.41320800781253,174.7748,3.413288791421394,21.155868345899812,4.599550885238668,2.314831215355063,0.991037215913209
2024-12-10,185.8066253662109,175.73834,3.413288791421394,21.155868345899812,4.599550885238668,2.314831215355063,0.991037215913209
2024-12-11,195.94715881347656,178.3097,3.413288791421394,21.155868345899812,4.599550885238668,2.314831215355063,0.991037215913209
2024-12-12,192.8791046142578,182.9516,3.413288791421394,21.155868345899812,4.599550885238668,2.314831215355063,0.991037215913209
2024-12-13,190.63783264160162,186.97313,3.413288791421394,21.155868345899812,4.599550885238668,2.314831215355063,0.991037215913209
2024-12-16,197.3915557861328,189.60722,3.413288791421394,21.155868345899812,4.599550885238668,2.314831215355063,0.991037215913209
2024-12-17,196.3555603027344,192.46933,3.413288791421394,21.155868345899812,4.599550885238668,2.314831215355063,0.991037215913209
2024-12-18,189.41259765624997,194.65778,3.413288791421394,21.155868345899812,4.599550885238668,2.314831215355063,0.991037215913209
2024-12-19,188.9643402099609,194.87955,3.413288791421394,21.155868345899812,4.599550885238668,2.314831215355063,0.991037215913209
2024-12-20,192.2117156982422,194.21336,3.413288791421394,21.155868345899812,4.599550885238668,2.314831215355063,0.991037215913209
2024-12-23,195.22994995117188,193.90443,3.413288791421394,21.155868345899812,4.599550885238668,2.314831215355063,0.991037215913209
2024-12-24,196.8038330078125,194.34743,3.413288791421394,21.155868345899812,4.599550885238668,2.314831215355063,0.991037215913209
2024-12-26,196.3356475830078,195.30644,3.413288791421394,21.155868345899812,4.599550885238668,2.314831215355063,0.991037215913209
2024-12-27,193.2875213623047,196.21269,3.413288791421394,21.155868345899812,4.599550885238668,2.314831215355063,0.991037215913209
2024-12-30,191.94274902343747,196.3645,3.413288791421394,21.155868345899812,4.599550885238668,2.314831215355063,0.991037215913209
2024-12-31,189.70147705078128,195.94263,3.413288791421394,21.155868345899812,4.599550885238668,2.314831215355063,0.991037215913209
2025-01-02,189.89073181152344,194.94199,3.413288791421394,21.155868345899812,4.599550885238668,2.314831215355063,0.991037215913209
2025-01-03,192.3810272216797,193.93016,3.413288791421394,21.155868345899812,4.599550885238668,2.314831215355063,0.991037215913209
2025-01-06,197.19232177734372,193.55971,3.413288791421394,21.155868345899812,4.599550885238668,2.314831215355063,0.991037215913209
2025-01-07,195.94715881347656,194.4117,3.413288791421394,21.155868345899812,4.599550885238668,2.314831215355063,0.991037215913209
2025-01-08,194.6322784423828,195.35355,3.413288791421394,21.155868345899812,4.599550885238668,2.314831215355063,0.991037215913209
2025-01-10,192.4208831787109,195.92859,3.413288791421394,21.155868345899812,4.599550885238668,2.314831215355063,0.991037215913209
2025-01-13,191.54429626464844,195.83691,3.413288791421394,21.155868345899812,4.599550885238668,2.314831215355063,0.991037215913209
2025-01-14,190.30911254882807,195.33212,3.413288791421394,21.155868345899812,4.599550885238668,2.314831215355063,0.991037215913209
2025-01-15,196.21611022949216,194.51727,3.413288791421394,21.155868345899812,4.599550885238668,2.314831215355063,0.991037215913209
2025-01-16,193.65608215332028,194.83812,3.413288791421394,21.155868345899812,4.599550885238668,2.314831215355063,0.991037215913209
2025-01-17,196.78390502929688,195.05008,3.413288791421394,21.155868345899812,4.599550885238668,2.314831215355063,0.991037215913209
2025-01-21,198.85585021972656,195.79373,3.413288791421394,21.155868345899812,4.599550885238668,2.314831215355063,0.991037215913209
2025-01-22,199.25430297851562,196.98738,3.413288791421394,21.155868345899812,4.599550885238668,2.314831215355063,0.991037215913209
2025-01-23,198.8060302734375,198.21422,3.413288791421394,21.155868345899812,4.599550885238668,2.314831215355063,0.991037215913209
2025-01-24,201.11703491210935,199.14645,3.413288791421394,21.155868345899812,4.599550885238668,2.314831215355063,0.991037215913209
2025-01-27,193.01856994628903,200.22472,3.413288791421394,21.155868345899812,4.599550885238668,2.314831215355063,0.991037215913209
2025-01-28,196.30577087402344,199.6288,3.413288791421394,21.155868345899812,4.599550885238668,2.314831215355063,0.991037215913209
2025-01-29,196.4153289794922,199.1274,3.413288791421394,21.155868345899812,4.599550885238668,2.314831215355063,0.991037215913209
2025-01-30,201.8442230224609,198.7416,3.413288791421394,21.155868345899812,4.599550885238668,2.314831215355063,0.991037215913209
2025-01-31,204.80270385742188,199.4993,3.413288791421394,21.155868345899812,4.599550885238668,2.314831215355063,0.991037215913209
2025-02-03,201.85415649414068,201.11394,3.413288791421394,21.155868345899812,4.599550885238668,2.314831215355063,0.991037215913209
2025-02-04,206.90449523925784,202.22165,3.413288791421394,21.155868345899812,4.599550885238668,2.314831215355063,0.991037215913209
2025-02-05,192.5503845214844,203.89308,3.413288791421394,21.155868345899812,4.599550885238668,2.314831215355063,0.991037215913209
2025-02-06,192.5603485107422,202.75551,3.413288791421394,21.155868345899812,4.599550885238668,2.314831215355063,0.991037215913209
2025-02-07,186.41426086425778,200.78014,3.413288791421394,21.155868345899812,4.599550885238668,2.314831215355063,0.991037215913209
2025-02-10,187.47015380859372,197.64182,3.413288791421394,21.155868345899812,4.599550885238668,2.314831215355063,0.991037215913209
2025-02-11,186.3445587158203,194.82648,3.413288791421394,21.155868345899812,4.599550885238668,2.314831215355063,0.991037215913209
2025-02-12,184.7108917236328,192.42656,3.413288791421394,21.155868345899812,4.599550885238668,2.314831215355063,0.991037215913209
2025-02-13,187.15139770507804,190.337,3.413288791421394,21.155868345899812,4.599550885238668,2.314831215355063,0.991037215913209
2025-02-14,186.1453094482422,189.22076,3.413288791421394,21.155868345899812,4.599550885238668,2.314831215355063,0.991037215913209
2025-02-18,185.0794830322266,188.50285,3.413288791421394,21.155868345899812,4.599550885238668,2.314831215355063,0.991037215913209
2025-02-19,186.40431213378903,187.8875,3.413288791421394,21.155868345899812,4.599550885238668,2.314831215355063,0.991037215913209
2025-02-20,185.91622924804688,187.67705,3.413288791421394,21.155868345899812,4.599550885238668,2.314831215355063,0.991037215913209
2025-02-21,180.87583923339844,187.5678,3.413288791421394,21.155868345899812,4.599550885238668,2.314831215355063,0.991037215913209
2025-02-24,180.4873504638672,186.57559,3.413288791421394,21.155868345899812,4.599550885238668,2.314831215355063,0.991037215913209
2025-02-25,176.6821746826172,185.35202,3.413288791421394,21.155868345899812,4.599550885238668,2.314831215355063,0.991037215913209
2025-02-26,174.02252197265625,183.53258,3.413288791421394,21.155868345899812,4.599550885238668,2.314831215355063,0.991037215913209
2025-02-27,169.54994201660156,181.31628,3.413288791421394,21.155868345899812,4.599550885238668,2.314831215355063,0.991037215913209
2025-02-28,171.55213928222656,178.50586,3.413288791421394,21.155868345899812,4.599550885238668,2.314831215355063,0.991037215913209
2025-03-03,168.00595092773438,176.35004,3.413288791421394,21.155868345899812,4.599550885238668,2.314831215355063,0.991037215913209
2025-03-04,171.94061279296875,174.17303,3.413288791421394,21.155868345899812,4.599550885238668,2.314831215355063,0.991037215913209
2025-03-05,174.31141662597656,173.14098,3.413288791421394,21.155868345899812,4.599550885238668,2.314831215355063,0.991037215913209
2025-03-06,173.534423828125,173.19513,3.413288791421394,21.155868345899812,4.599550885238668,2.314831215355063,0.991037215913209
2025-03-07,175.0684356689453,173.53957,3.413288791421394,21.155868345899812,4.599550885238668,2.314831215355063,0.991037215913209
2025-03-10,167.3496551513672,174.2385,3.413288791421394,21.155868345899812,4.599550885238668,2.314831215355063,0.991037215913209
2025-03-11,165.52468872070312,173.4943,3.413288791421394,21.155868345899812,4.599550885238668,2.314831215355063,0.991037215913209
2025-03-12,168.5364227294922,171.98236,3.413288791421394,21.155868345899812,4.599550885238668,2.314831215355063,0.991037215913209
2025-03-13,164.2781219482422,170.98608,3.413288791421394,21.155868345899812,4.599550885238668,2.314831215355063,0.991037215913209
2025-03-14,167.16018676757812,169.56642,3.413288791421394,21.155868345899812,4.599550885238668,2.314831215355063,0.991037215913209
2025-03-17,166.1130828857422,168.79602,3.413288791421394,21.155868345899812,4.599550885238668,2.314831215355063,0.991037215913209
2025-03-18,162.22378540039062,168.22125,3.413288791421394,21.155868345899812,4.599550885238668,2.314831215355063,0.991037215913209
2025-03-19,165.82388305664065,167.1109,3.413288791421394,21.155868345899812,4.599550885238668,2.314831215355063,0.991037215913209
2025-03-20,164.5972442626953,166.673,3.413288791421394,21.155868345899812,4.599550885238668,2.314831215355063,0.991037215913209
2025-03-21,165.7939453125,166.34169,3.413288791421394,21.155868345899812,4.599550885238668,2.314831215355063,0.991037215913209
2025-03-24,169.4638671875,166.35133,3.413288791421394,21.155868345899812,4.599550885238668,2.314831215355063,0.991037215913209
2025-03-25,172.31600952148435,167.18723,3.413288791421394,21.155868345899812,4.599550885238668,2.314831215355063,0.991037215913209
2025-03-26,166.6815185546875,168.73929,3.413288791421394,21.155868345899812,4.599550885238668,2.314831215355063,0.991037215913209
2025-03-27,163.62991333007812,169.23611,3.413288791421394,21.155868345899812,4.599550885238668,2.314831215355063,0.991037215913209
2025-03-28,155.63189697265625,168.66063,3.413288791421394,21.155868345899812,4.599550885238668,2.314831215355063,0.991037215913209
2025-03-31,155.8014373779297,166.24686,3.413288791421394,21.155868345899812,4.599550885238668,2.314831215355063,0.991037215913209
2025-04-01,158.44418334960938,163.5651,3.413288791421394,21.155868345899812,4.599550885238668,2.314831215355063,0.991037215913209
2025-04-02,158.42422485351562,161.73643,3.413288791421394,21.155868345899812,4.599550885238668,2.314831215355063,0.991037215913209
2025-04-03,152.21131896972656,160.58136,3.413288791421394,21.155868345899812,4.599550885238668,2.314831215355063,0.991037215913209
2025-04-04,147.33473205566406,158.75667,3.413288791421394,21.155868345899812,4.599550885238668,2.314831215355063,0.991037215913209
2025-04-07,148.8306121826172,156.09396,3.413288791421394,21.155868345899812,4.599550885238668,2.314831215355063,0.991037215913209
2025-04-08,146.1779327392578,153.84969,3.413288791421394,21.155868345899812,4.599550885238668,2.314831215355063,0.991037215913209
2025-04-09,160.61819458007815,151.67227,3.413288791421394,21.155868345899812,4.599550885238668,2.314831215355063,0.991037215913209
2025-04-10,154.9438018798828,152.64693,3.413288791421394,21.155868345899812,4.599550885238668,2.314831215355063,0.991037215913209
2025-04-11,158.96275329589844,153.64415,3.413288791421394,21.155868345899812,4.599550885238668,2.314831215355063,0.991037215913209
2025-04-14,161.02706909179688,155.2709,3.413288791421394,21.155868345899812,4.599550885238668,2.314831215355063,0.991037215913209
2025-04-15,158.24472045898438,157.23358,3.413288791421394,21.155868345899812,4.599550885238668,2.314831215355063,0.991037215913209
2025-04-16,155.07342529296875,158.44844,3.413288791421394,21.155868345899812,4.599550885238668,2.314831215355063,0.991037215913209
2025-04-17,152.93931579589844,158.54622,3.413288791421394,21.155868345899812,4.599550885238668,2.314831215355063,0.991037215913209
2025-04-21,149.44891357421875,157.76744,3.413288791421394,21.155868345899812,4.599550885238668,2.314831215355063,0.991037215913209
2025-04-22,153.4778289794922,156.11115,3.413288791421394,21.155868345899812,4.599550885238668,2.314831215355063,0.991037215913209
2025-04-23,157.28736877441406,155.15532,3.413288791421394,21.155868345899812,4.599550885238668,2.314831215355063,0.991037215913209
2025-04-24,161.02706909179688,155.36449,3.413288791421394,21.155868345899812,4.599550885238668,2.314831215355063,0.991037215913209
2025-04-25,163.4005584716797,156.72357,3.413288791421394,21.155868345899812,4.599550885238668,2.314831215355063,0.991037215913209
2025-04-28,161.97445678710938,158.75874,3.413288791421394,21.155868345899812,4.599550885238668,2.314831215355063,0.991037215913209
2025-04-29,161.6154327392578,160.43175,3.413288791421394,21.155868345899812,4.599550885238668,2.314831215355063,0.991037215913209
2025-04-30,160.4486541748047,161.58902,3.413288791421394,21.155868345899812,4.599550885238668,2.314831215355063,0.991037215913209
2025-05-01,162.34344482421875,162.09808,3.413288791421394,21.155868345899812,4.599550885238668,2.314831215355063,0.991037215913209
2025-05-02,165.35516357421878,162.60411,3.413288791421394,21.155868345899812,4.599550885238668,2.314831215355063,0.991037215913209
2025-05-05,165.59451293945315,163.57443,3.413288791421394,21.155868345899812,4.599550885238668,2.314831215355063,0.991037215913209
2025-05-06,164.74684143066406,164.59709,3.413288791421394,21.155868345899812,4.599550885238668,2.314831215355063,0.991037215913209
2025-05-07,152.380859375,165.29971,3.413288791421394,21.155868345899812,4.599550885238668,2.314831215355063,0.991037215913209
2025-05-08,155.32276916503906,163.41965,3.413288791421394,21.155868345899812,4.599550885238668,2.314831215355063,0.991037215913209
2025-05-09,153.95651245117188,161.40866,3.413288791421394,21.155868345899812,4.599550885238668,2.314831215355063,0.991037215913209
2025-05-12,159.14224243164062,159.41484,3.413288791421394,21.155868345899812,4.599550885238668,2.314831215355063,0.991037215913209
2025-05-13,160.4486541748047,158.77159,3.413288791421394,21.155868345899812,4.599550885238668,2.314831215355063,0.991037215913209
2025-05-14,166.35241699218747,159.03612,3.413288791421394,21.155868345899812,4.599550885238668,2.314831215355063,0.991037215913209
2025-05-15,164.94627380371094,160.7509,3.413288791421394,21.155868345899812,4.599550885238668,2.314831215355063,0.991037215913209
2025-05-16,166.97071838378906,162.47173,3.413288791421394,21.155868345899812,4.599550885238668,2.314831215355063,0.991037215913209
2025-05-19,167.40951538085938,164.27632,3.413288791421394,21.155868345899812,4.599550885238668,2.314831215355063,0.991037215913209
2025-05-20,164.86651611328125,165.85683,3.413288791421394,21.155868345899812,4.599550885238668,2.314831215355063,0.991037215913209
2025-05-21,169.5934906005859,166.57442,3.413288791421394,21.155868345899812,4.599550885238668,2.314831215355063,0.991037215913209
2025-05-22,171.50822448730466,167.70505,3.413288791421394,21.155868345899812,4.599550885238668,2.314831215355063,0.991037215913209
2025-05-23,169.12477111816403,169.13728,3.413288791421394,21.155868345899812,4.599550885238668,2.314831215355063,0.991037215913209
2025-05-27,173.50274658203125,169.98238,3.413288791421394,21.155868345899812,4.599550885238668,2.314831215355063,0.991037215913209
2025-05-28,172.90438842773438,171.27083,3.413288791421394,21.155868345899812,4.599550885238668,2.314831215355063,0.991037215913209
2025-05-29,172.4855499267578,172.37137,3.413288791421394,21.155868345899812,4.599550885238668,2.314831215355063,0.991037215913209
2025-05-30,172.3758544921875,173.12326,3.413288791421394,21.155868345899812,4.599550885238668,2.314831215355063,0.991037215913209
2025-06-02,169.90264892578125,173.57417,3.413288791421394,21.155868345899812,4.599550885238668,2.314831215355063,0.991037215913209
2025-06-03,167.2499542236328,173.35152,3.413288791421394,21.155868345899812,4.599550885238668,2.314831215355063,0.991037215913209
2025-06-04,168.9253387451172,172.40218,3.413288791421394,21.155868345899812,4.599550885238668,2.314831215355063,0.991037215913209
2025-06-05,169.3441925048828,171.64644,3.413288791421394,21.155868345899812,4.599550885238668,2.314831215355063,0.991037215913209
2025-06-06,174.44017028808594,171.17426,3.413288791421394,21.155868345899812,4.599550885238668,2.314831215355063,0.991037215913209
2025-06-09,177.3556671142578,171.86671,3.413288791421394,21.155868345899812,4.599550885238668,2.314831215355063,0.991037215913209
2025-06-10,179.7319793701172,173.44522,3.413288791421394,21.155868345899812,4.599550885238668,2.314831215355063,0.991037215913209
2025-06-11,178.51385498046875,175.54617,3.413288791421394,21.155868345899812,4.599550885238668,2.314831215355063,0.991037215913209
2025-06-12,176.69668579101565,177.2413,3.413288791421394,21.155868345899812,4.599550885238668,2.314831215355063,0.991037215913209
2025-06-13,175.60838317871094,178.1238,3.413288791421394,21.155868345899812,4.599550885238668,2.314831215355063,0.991037215913209
2025-06-16,177.6651916503906,178.30948,3.413288791421394,21.155868345899812,4.599550885238668,2.314831215355063,0.991037215913209
2025-06-17,176.95628356933594,178.56104,3.413288791421394,21.155868345899812,4.599550885238668,2.314831215355063,0.991037215913209
2025-06-18,173.71130371093747,178.64784,3.413288791421394,21.155868345899812,4.599550885238668,2.314831215355063,0.991037215913209
2025-06-20,167.47094726562497,178.04803,3.413288791421394,21.155868345899812,4.599550885238668,2.314831215355063,0.991037215913209
2025-06-23,165.75360107421875,176.11758,3.413288791421394,21.155868345899812,4.599550885238668,2.314831215355063,0.991037215913209
2025-06-24,167.48094177246094,173.68872,3.413288791421394,21.155868345899812,4.599550885238668,2.314831215355063,0.991037215913209
2025-06-25,171.2251434326172,171.81215,3.413288791421394,21.155868345899812,4.599550885238668,2.314831215355063,0.991037215913209
2025-06-26,174.16059875488278,171.19727,3.413288791421394,21.155868345899812,4.599550885238668,2.314831215355063,0.991037215913209
2025-06-27,177.9946746826172,171.75934,3.413288791421394,21.155868345899812,4.599550885238668,2.314831215355063,0.991037215913209
2025-06-30,177.11602783203125,173.4259,3.413288791421394,21.155868345899812,4.599550885238668,2.314831215355063,0.991037215913209
2025-07-01,176.63677978515625,175.06679,3.413288791421394,21.155868345899812,4.599550885238668,2.314831215355063,0.991037215913209
2025-07-02,179.4823760986328,176.31493,3.413288791421394,21.155868345899812,4.599550885238668,2.314831215355063,0.991037215913209
2025-07-03,180.27114868164065,177.70802,3.413288791421394,21.155868345899812,4.599550885238668,2.314831215355063,0.991037215913209
2025-07-07,177.2857666015625,179.03802,3.413288791421394,21.155868345899812,4.599550885238668,2.314831215355063,0.991037215913209
2025-07-08,174.8894805908203,179.53615,3.413288791421394,21.155868345899812,4.599550885238668,2.314831215355063,0.991037215913209
2025-07-09,177.38563537597653,179.16609,3.413288791421394,21.155868345899812,4.599550885238668,2.314831215355063,0.991037215913209
2025-07-10,178.42401123046875,178.98149,3.413288791421394,21.155868345899812,4.599550885238668,2.314831215355063,0.991037215913209
2025-07-11,181.0299835205078,179.08623,3.413288791421394,21.155868345899812,4.599550885238668,2.314831215355063,0.991037215913209
2025-07-14,182.52764892578125,179.78282,3.413288791421394,21.155868345899812,4.599550885238668,2.314831215355063,0.991037215913209
2025-07-15,182.8172149658203,180.8701,3.413288791421394,21.155868345899812,4.599550885238668,2.314831215355063,0.991037215913209
2025-07-16,183.48617553710935,181.97223,3.413288791421394,21.155868345899812,4.599550885238668,2.314831215355063,0.991037215913209
2025-07-17,184.4147491455078,183.00609,3.413288791421394,21.155868345899812,4.599550885238668,2.314831215355063,0.991037215913209
2025-07-18,185.65283203125,183.99391,3.413288791421394,21.155868345899812,4.599550885238668,2.314831215355063,0.991037215913209
2025-07-21,190.8547821044922,185.01064,3.413288791421394,21.155868345899812,4.599550885238668,2.314831215355063,0.991037215913209
2025-07-22,191.81329345703125,186.8287,3.413288791421394,21.155868345899812,4.599550885238668,2.314831215355063,0.991037215913209
2025-07-23,191.21421813964844,188.79865,3.413288791421394,21.155868345899812,4.599550885238668,2.314831215355063,0.991037215913209
2025-07-24,192.901611328125,190.36061,3.413288791421394,21.155868345899812,4.599550885238668,2.314831215355063,0.991037215913209
2025-07-25,193.7802581787109,191.79207,3.413288791421394,21.155868345899812,4.599550885238668,2.314831215355063,0.991037215913209
2025-07-28,193.12127685546875,193.06178,3.413288791421394,21.155868345899812,4.599550885238668,2.314831215355063,0.991037215913209
2025-07-29,196.12661743164065,193.90608,3.413288791421394,21.155868345899812,4.599550885238668,2.314831215355063,0.991037215913209
2025-07-30,197.13507080078128,194.99286,3.413288791421394,21.155868345899812,4.599550885238668,2.314831215355063,0.991037215913209
2025-07-31,192.5621490478516,196.1519,3.413288791421394,21.155868345899812,4.599550885238668,2.314831215355063,0.991037215913209
2025-08-01,189.6566314697266,196.26869,3.413288791421394,21.155868345899812,4.599550885238668,2.314831215355063,0.991037215913209
2025-08-04,195.44769287109372,195.42204,3.413288791421394,21.155868345899812,4.599550885238668,2.314831215355063,0.991037215913209
2025-08-05,195.01835632324216,195.43016,3.413288791421394,21.155868345899812,4.599550885238668,2.314831215355063,0.991037215913209
2025-08-06,196.61587524414065,195.66742,3.413288791421394,21.155868345899812,4.599550885238668,2.314831215355063,0.991037215913209
2025-08-07,196.9753112792969,196.27011,3.413288791421394,21.155868345899812,4.599550885238668,2.314831215355063,0.991037215913209
2025-08-08,201.77789306640625,196.97176,3.413288791421394,21.155868345899812,4.599550885238668,2.314831215355063,0.991037215913209
2025-08-11,201.318603515625,198.48956,3.413288791421394,21.155868345899812,4.599550885238668,2.314831215355063,0.991037215913209
2025-08-12,203.84469604492188,199.94794,3.413288791421394,21.155868345899812,4.599550885238668,2.314831215355063,0.991037215913209
2025-08-13,202.7164306640625,201.60023,3.413288791421394,21.155868345899812,4.599550885238668,2.314831215355063,0.991037215913209
2025-08-14,203.50523376464844,202.79922,3.413288791421394,21.155868345899812,4.599550885238668,2.314831215355063,0.991037215913209
2025-08-15,204.59353637695312,203.75201,3.413288791421394,21.155868345899812,4.599550885238668,2.314831215355063,0.991037215913209
2025-08-18,203.9744873046875,204.62686,3.413288791421394,21.155868345899812,4.599550885238668,2.314831215355063,0.991037215913209
2025-08-19,202.17727661132807,205.188,3.413288791421394,21.155868345899812,4.599550885238668,2.314831215355063,0.991037215913209
2025-08-20,199.88082885742188,205.18834,3.413288791421394,21.155868345899812,4.599550885238668,2.314831215355063,0.991037215913209
2025-08-21,200.31015014648443,204.54095,3.413288791421394,21.155868345899812,4.599550885238668,2.314831215355063,0.991037215913209
2025-08-22,206.40074157714844,203.83957,3.413288791421394,21.155868345899812,4.599550885238668,2.314831215355063,0.991037215913209
2025-08-25,208.8369598388672,204.3804,3.413288791421394,21.155868345899812,4.599550885238668,2.314831215355063,0.991037215913209
2025-08-26,207.6288299560547,205.75208,3.413288791421394,21.155868345899812,4.599550885238668,2.314831215355063,0.991037215913209
2025-08-27,207.8884429931641,206.98189,3.413288791421394,21.155868345899812,4.599550885238668,2.314831215355063,0.991037215913209
2025-08-28,212.0419921875,207.98996,3.413288791421394,21.155868345899812,4.599550885238668,2.314831215355063,0.991037215913209
2025-08-29,213.2002258300781,209.49724,3.413288791421394,21.155868345899812,4.599550885238668,2.314831215355063,0.991037215913209
2025-09-02,211.66261291503903,211.11964,3.413288791421394,21.155868345899812,4.599550885238668,2.314831215355063,0.991037215913209
2025-09-03,230.7430877685547,212.20163,3.413288791421394,21.155868345899812,4.599550885238668,2.314831215355063,0.991037215913209
2025-09-04,232.3006744384766,216.46564,3.413288791421394,21.155868345899812,4.599550885238668,2.314831215355063,0.991037215913209
2025-09-05,234.80679321289065,221.39075,3.413288791421394,21.155868345899812,4.599550885238668,2.314831215355063,0.991037215913209
2025-09-08,234.00732421875,226.1615,3.413288791421394,21.155868345899812,4.599550885238668,2.314831215355063,0.991037215913209
2025-09-09,239.78355407714844,229.81693,3.413288791421394,21.155868345899812,4.599550885238668,2.314831215355063,0.991037215913209
2025-09-10,239.4037933349609,233.4366,3.413288791421394,21.155868345899812,4.599550885238668,2.314831215355063,0.991037215913209
2025-09-11,240.6230010986328,236.25092,3.413288791421394,21.155868345899812,4.599550885238668,2.314831215355063,0.991037215913209
2025-09-12,241.22262573242188,238.4664,3.413288791421394,21.155868345899812,4.599550885238668,2.314831215355063,0.991037215913209
2025-09-15,251.5958404541016,240.13875,3.413288791421394,21.155868345899812,4.599550885238668,2.314831215355063,0.991037215913209
2025-09-16,251.25607299804688,243.22179,3.413288791421394,21.155868345899812,4.599550885238668,2.314831215355063,0.991037215913209
2025-09-17,249.6871032714844,246.15392,3.413288791421394,21.155868345899812,4.599550885238668,2.314831215355063,0.991037215913209
2025-09-18,252.1654815673828,248.22128,3.413288791421394,21.155868345899812,4.599550885238668,2.314831215355063,0.991037215913209
2025-09-19,255.07357788085935,250.03996,3.413288791421394,21.155868345899812,4.599550885238668,2.314831215355063,0.991037215913209
2025-09-22,252.71511840820312,251.94002,3.413288791421394,21.155868345899812,4.599550885238668,2.314831215355063,0.991037215913209
2025-09-23,252.1754608154297,253.06671,3.413288791421394,21.155868345899812,4.599550885238668,2.314831215355063,0.991037215913209
2025-09-24,247.6684112548828,253.61101,3.413288791421394,21.155868345899812,4.599550885238668,2.314831215355063,0.991037215913209
2025-09-25,246.40924072265625,252.9941,3.413288791421394,21.155868345899812,4.599550885238668,2.314831215355063,0.991037215913209
2025-09-26,247.01882934570312,251.83942,3.413288791421394,21.155868345899812,4.599550885238668,2.314831215355063,0.991037215913209
2025-09-29,244.20066833496094,250.79974,3.413288791421394,21.155868345899812,4.599550885238668,2.314831215355063,0.991037215913209
2025-09-30,243.3912048339844,249.47218,3.413288791421394,21.155868345899812,4.599550885238668,2.314831215355063,0.991037215913209
2025-10-01,245.379898071289,248.15416,3.413288791421394,21.155868345899812,4.599550885238668,2.314831215355063,0.991037215913209
2025-10-02,246.26931762695312,247.4528,3.413288791421394,21.155868345899812,4.599550885238668,2.314831215355063,0.991037215913209
2025-10-03,246.289306640625,247.27357,3.413288791421394,21.155868345899812,4.599550885238668,2.314831215355063,0.991037215913209
2025-10-06,251.34600830078125,247.33665,3.413288791421394,21.155868345899812,4.599550885238668,2.314831215355063,0.991037215913209
2025-10-07,246.9688720703125,248.42316,3.413288791421394,21.155868345899812,4.599550885238668,2.314831215355063,0.991037215913209
2025-10-08,245.29995727539065,248.85915,3.413288791421394,21.155868345899812,4.599550885238668,2.314831215355063,0.991037215913209
2025-10-09,242.0520782470703,248.69234,3.413288791421394,21.155868345899812,4.599550885238668,2.314831215355063,0.991037215913209
2025-10-10,237.3351593017578,247.7153,3.413288791421394,21.155868345899812,4.599550885238668,2.314831215355063,0.991037215913209
2025-10-13,244.48048400878903,245.74208,3.413288791421394,21.155868345899812,4.599550885238668,2.314831215355063,0.991037215913209
2025-10-14,246.02947998046875,245.08566,3.413288791421394,21.155868345899812,4.599550885238668,2.314831215355063,0.991037215913209
2025-10-15,251.5458831787109,245.2942,3.413288791421394,21.155868345899812,4.599550885238668,2.314831215355063,0.991037215913209
2025-10-16,251.7157745361328,246.84116,3.413288791421394,21.155868345899812,4.599550885238668,2.314831215355063,0.991037215913209
2025-10-17,253.62451171875,248.62646,3.413288791421394,21.155868345899812,4.599550885238668,2.314831215355063,0.991037215913209
2025-10-20,256.8524169921875,250.53929,3.413288791421394,21.155868345899812,4.599550885238668,2.314831215355063,0.991037215913209
2025-10-21,251.17611694335938,252.72731,3.413288791421394,21.155868345899812,4.599550885238668,2.314831215355063,0.991037215913209
2025-10-22,252.36534118652344,253.53873,3.413288791421394,21.155868345899812,4.599550885238668,2.314831215355063,0.991037215913209
2025-10-23,253.56455993652344,253.93027,3.413288791421394,21.155868345899812,4.599550885238668,2.314831215355063,0.991037215913209
2025-10-24,260.34014892578125,254.28017,3.413288791421394,21.155868345899812,4.599550885238668,2.314831215355063,0.991037215913209
2025-10-27,269.7539978027344,255.7969,3.413288791421394,21.155868345899812,4.599550885238668,2.314831215355063,0.991037215913209
2025-10-28,268.2549743652344,259.1872,3.413288791421394,21.155868345899812,4.599550885238668,2.314831215355063,0.991037215913209
2025-10-29,274.9906005859375,262.34378,3.413288791421394,21.155868345899812,4.599550885238668,2.314831215355063,0.991037215913209
2025-10-30,281.7161865234375,266.10223,3.413288791421394,21.155868345899812,4.599550885238668,2.314831215355063,0.991037215913209
2025-10-31,281.6362609863281,270.56766,3.413288791421394,21.155868345899812,4.599550885238668,2.314831215355063,0.991037215913209
2025-11-03,283.93475341796875,274.4055,3.413288791421394,21.155868345899812,4.599550885238668,2.314831215355063,0.991037215913209
2025-11-04,277.8786926269531,277.71796,3.413288791421394,21.155868345899812,4.599550885238668,2.314831215355063,0.991037215913209
2025-11-05,284.5643310546875,279.07324,3.413288791421394,21.155868345899812,4.599550885238668,2.314831215355063,0.991037215913209
2025-11-06,285.1539611816406,280.70782,3.413288791421394,21.155868345899812,4.599550885238668,2.314831215355063,0.991037215913209
2025-11-07,279.51763916015625,282.17688,3.413288791421394,21.155868345899812,4.599550885238668,2.314831215355063,0.991037215913209
2025-11-10,290.4005126953125,282.30066,3.413288791421394,21.155868345899812,4.599550885238668,2.314831215355063,0.991037215913209
2025-11-11,291.5497741699219,283.93457,3.413288791421394,21.155868345899812,4.599550885238668,2.314831215355063,0.991037215913209
2025-11-12,287.2425842285156,285.94385,3.413288791421394,21.155868345899812,4.599550885238668,2.314831215355063,0.991037215913209
2025-11-13,278.9380187988281,286.96442,3.413288791421394,21.155868345899812,4.599550885238668,2.314831215355063,0.991037215913209
2025-11-14,276.7994079589844,285.9554,3.413288791421394,21.155868345899812,4.599550885238668,2.314831215355063,0.991037215913209
2025-11-17,285.4137878417969,284.03238,3.413288791421394,21.155868345899812,4.599550885238668,2.314831215355063,0.991037215913209
2025-11-18,284.7742004394531,283.67563,3.413288791421394,21.155868345899812,4.599550885238668,2.314831215355063,0.991037215913209
2025-11-19,292.7989501953125,283.7933,3.413288791421394,21.155868345899812,4.599550885238668,2.314831215355063,0.991037215913209
2025-11-20,289.7909545898437,285.5773,3.413288791421394,21.155868345899812,4.599550885238668,2.314831215355063,0.991037215913209
2025-11-21,299.4546203613281,287.0491,3.413288791421394,21.155868345899812,4.599550885238668,2.314831215355063,0.991037215913209
2025-11-24,318.2623596191406,289.9375,3.413288791421394,21.155868345899812,4.599550885238668,2.314831215355063,0.991037215913209
2025-11-25,323.4289855957031,296.14465,3.413288791421394,21.155868345899812,4.599550885238668,2.314831215355063,0.991037215913209
2025-11-26,320.0711669921875,303.2034,3.413288791421394,21.155868345899812,4.599550885238668,2.314831215355063,0.991037215913209
2025-11-28,319.9112854003906,308.61157,3.413288791421394,21.155868345899812,4.599550885238668,2.314831215355063,0.991037215913209
2025-12-01,314.9145202636719,312.37555,3.413288791421394,21.155868345899812,4.599550885238668,2.314831215355063,0.991037215913209
2025-12-02,315.8139343261719,313.88992,3.413288791421394,21.155868345899812,4.599550885238668,2.314831215355063,0.991037215913209
2025-12-03,320.41094970703125,314.4838,3.413288791421394,21.155868345899812,4.599550885238668,2.314831215355063,0.991037215913209
2025-12-04,318.18243408203125,315.42096,3.413288791421394,21.155868345899812,4.599550885238668,2.314831215355063,0.991037215913209
2025-12-05,321.8799743652344,315.88162,3.413288791421394,21.155868345899812,4.599550885238668,2.314831215355063,0.991037215913209
2025-12-08,314.45001220703125,316.7952,3.413288791421394,21.155868345899812,4.599550885238668,2.314831215355063,0.991037215913209
2025-12-09,317.75,316.35117,3.413288791421394,21.155868345899812,4.599550885238668,2.314831215355063,0.991037215913209
2025-12-10,321.00000000000006,316.1734,3.413288791421394,21.155868345899812,4.599550885238668,2.314831215355063,0.991037215913209
2025-12-11,313.70001220703125,316.65662,3.413288791421394,21.155868345899812,4.599550885238668,2.314831215355063,0.991037215913209
2025-12-12,310.5199890136719,315.9813,3.413288791421394,21.155868345899812,4.599550885238668,2.314831215355063,0.991037215913209
2025-12-15,309.32000732421875,314.52716,3.413288791421394,21.155868345899812,4.599550885238668,2.314831215355063,0.991037215913209
2025-12-16,307.7300109863281,312.84924,3.413288791421394,21.155868345899812,4.599550885238668,2.314831215355063,0.991037215913209
2025-12-17,298.0599975585937,311.12057,3.413288791421394,21.155868345899812,4.599550885238668,2.314831215355063,0.991037215913209
2025-12-18,303.75,307.9855,3.413288791421394,21.155868345899812,4.599550885238668,2.314831215355063,0.991037215913209
2025-12-19,308.6099853515625,306.01477,3.413288791421394,21.155868345899812,4.599550885238668,2.314831215355063,0.991037215913209
2025-12-22,311.3299865722656,305.6372,3.413288791421394,21.155868345899812,4.599550885238668,2.314831215355063,0.991037215913209
2025-12-23,315.67999267578125,306.39783,3.413288791421394,21.155868345899812,4.599550885238668,2.314831215355063,0.991037215913209
2025-12-24,315.6700134277344,308.2177,3.413288791421394,21.155868345899812,4.599550885238668,2.314831215355063,0.991037215913209
2025-12-26,314.9599914550781,310.0502,3.413288791421394,21.155868345899812,4.599550885238668,2.314831215355063,0.991037215913209
2025-12-29,314.3900146484375,311.4167,3.413288791421394,21.155868345899812,4.599550885238668,2.314831215355063,0.991037215913209
2025-12-30,314.54998779296875,312.24246,3.413288791421394,21.155868345899812,4.599550885238668,2.314831215355063,0.991037215913209
