Date,Actual,Predicted,MAE,MSE,RMSE,MAPE,R2
2020-03-25,96.51358795166016,93.15078,3.2077038890712863,19.992852825016957,4.471336805141943,2.0808792079686547,0.9949795872547024
2020-03-26,104.541259765625,95.284035,3.2077038890712863,19.992852825016957,4.471336805141943,2.0808792079686547,0.9949795872547024
2020-03-27,100.0330581665039,99.364845,3.2077038890712863,19.992852825016957,4.471336805141943,2.0808792079686547,0.9949795872547024
2020-03-30,102.4096221923828,101.225975,3.2077038890712863,19.992852825016957,4.471336805141943,2.0808792079686547,0.9949795872547024
2020-03-31,100.23263549804688,103.08866,3.2077038890712863,19.992852825016957,4.471336805141943,2.0808792079686547,0.9949795872547024
2020-04-01,95.72441864013673,103.77364,3.2077038890712863,19.992852825016957,4.471336805141943,2.0808792079686547,0.9949795872547024
2020-04-02,95.2345962524414,102.79318,3.2077038890712863,19.992852825016957,4.471336805141943,2.0808792079686547,0.9949795872547024
2020-04-03,95.416015625,101.72848,3.2077038890712863,19.992852825016957,4.471336805141943,2.0808792079686547,0.9949795872547024
2020-04-06,101.6023178100586,100.86684,3.2077038890712863,19.992852825016957,4.471336805141943,2.0808792079686547,0.9949795872547024
2020-04-07,101.43904876708984,101.96231,3.2077038890712863,19.992852825016957,4.471336805141943,2.0808792079686547,0.9949795872547024
2020-04-08,104.33262634277344,102.86647,3.2077038890712863,19.992852825016957,4.471336805141943,2.0808792079686547,0.9949795872547024
2020-04-09,110.12889862060548,104.38728,3.2077038890712863,19.992852825016957,4.471336805141943,2.0808792079686547,0.9949795872547024
2020-04-13,111.00875854492188,107.26762,3.2077038890712863,19.992852825016957,4.471336805141943,2.0808792079686547,0.9949795872547024
2020-04-14,111.87049865722656,109.7693,3.2077038890712863,19.992852825016957,4.471336805141943,2.0808792079686547,0.9949795872547024
2020-04-15,107.6253433227539,111.829216,3.2077038890712863,19.992852825016957,4.471336805141943,2.0808792079686547,0.9949795872547024
2020-04-16,108.19680786132812,111.952576,3.2077038890712863,19.992852825016957,4.471336805141943,2.0808792079686547,0.9949795872547024
2020-04-17,111.94306182861328,111.96211,3.2077038890712863,19.992852825016957,4.471336805141943,2.0808792079686547,0.9949795872547024
2020-04-20,111.17203521728516,112.868034,3.2077038890712863,19.992852825016957,4.471336805141943,2.0808792079686547,0.9949795872547024
2020-04-21,105.22157287597656,113.2698,3.2077038890712863,19.992852825016957,4.471336805141943,2.0808792079686547,0.9949795872547024
2020-04-22,106.21936798095705,111.68784,3.2077038890712863,19.992852825016957,4.471336805141943,2.0808792079686547,0.9949795872547024
2020-04-23,104.45056915283205,110.612976,3.2077038890712863,19.992852825016957,4.471336805141943,2.0808792079686547,0.9949795872547024
2020-04-24,105.66604614257812,109.30058,3.2077038890712863,19.992852825016957,4.471336805141943,2.0808792079686547,0.9949795872547024
2020-04-27,106.0016632080078,108.65941,3.2077038890712863,19.992852825016957,4.471336805141943,2.0808792079686547,0.9949795872547024
2020-04-28,106.0016632080078,108.35419,3.2077038890712863,19.992852825016957,4.471336805141943,2.0808792079686547,0.9949795872547024
2020-04-29,108.07888793945312,108.219246,3.2077038890712863,19.992852825016957,4.471336805141943,2.0808792079686547,0.9949795872547024
2020-04-30,107.52557373046876,108.761,3.2077038890712863,19.992852825016957,4.471336805141943,2.0808792079686547,0.9949795872547024
2020-05-01,106.1014404296875,109.02885,3.2077038890712863,19.992852825016957,4.471336805141943,2.0808792079686547,0.9949795872547024
2020-05-04,106.3010025024414,108.77473,3.2077038890712863,19.992852825016957,4.471336805141943,2.0808792079686547,0.9949795872547024
2020-05-05,105.73861694335938,108.61315,3.2077038890712863,19.992852825016957,4.471336805141943,2.0808792079686547,0.9949795872547024
2020-05-06,102.63639068603516,108.34748,3.2077038890712863,19.992852825016957,4.471336805141943,2.0808792079686547,0.9949795872547024
2020-05-07,104.5140609741211,107.24412,3.2077038890712863,19.992852825016957,4.471336805141943,2.0808792079686547,0.9949795872547024
2020-05-08,105.90188598632812,106.887054,3.2077038890712863,19.992852825016957,4.471336805141943,2.0808792079686547,0.9949795872547024
2020-05-11,104.56847381591795,107.01367,3.2077038890712863,19.992852825016957,4.471336805141943,2.0808792079686547,0.9949795872547024
2020-05-12,103.78839111328125,106.77362,3.2077038890712863,19.992852825016957,4.471336805141943,2.0808792079686547,0.9949795872547024
2020-05-13,103.47997283935548,106.348114,3.2077038890712863,19.992852825016957,4.471336805141943,2.0808792079686547,0.9949795872547024
2020-05-14,102.61824798583983,105.8909,3.2077038890712863,19.992852825016957,4.471336805141943,2.0808792079686547,0.9949795872547024
2020-05-15,102.6908187866211,105.190895,3.2077038890712863,19.992852825016957,4.471336805141943,2.0808792079686547,0.9949795872547024
2020-05-18,106.56405639648439,104.61526,3.2077038890712863,19.992852825016957,4.471336805141943,2.0808792079686547,0.9949795872547024
2020-05-19,106.33728790283205,105.256836,3.2077038890712863,19.992852825016957,4.471336805141943,2.0808792079686547,0.9949795872547024
2020-05-20,109.12203216552734,105.79971,3.2077038890712863,19.992852825016957,4.471336805141943,2.0808792079686547,0.9949795872547024
2020-05-21,106.91544342041016,107.05769,3.2077038890712863,19.992852825016957,4.471336805141943,2.0808792079686547,0.9949795872547024
2020-05-22,106.80502319335939,107.382385,3.2077038890712863,19.992852825016957,4.471336805141943,2.0808792079686547,0.9949795872547024
2020-05-26,111.77398681640624,107.55453,3.2077038890712863,19.992852825016957,4.471336805141943,2.0808792079686547,0.9949795872547024
2020-05-27,113.16344451904295,109.09034,3.2077038890712863,19.992852825016957,4.471336805141943,2.0808792079686547,0.9949795872547024
2020-05-28,113.76156616210938,110.591484,3.2077038890712863,19.992852825016957,4.471336805141943,2.0808792079686547,0.9949795872547024
2020-05-29,117.87476348876952,111.88768,3.2077038890712863,19.992852825016957,4.471336805141943,2.0808792079686547,0.9949795872547024
2020-06-01,118.25202178955078,113.87781,3.2077038890712863,19.992852825016957,4.471336805141943,2.0808792079686547,0.9949795872547024
2020-06-02,120.04637908935548,115.45511,3.2077038890712863,19.992852825016957,4.471336805141943,2.0808792079686547,0.9949795872547024
2020-06-03,122.89892578125001,116.95164,3.2077038890712863,19.992852825016957,4.471336805141943,2.0808792079686547,0.9949795872547024
2020-06-04,123.6166763305664,118.93837,3.2077038890712863,19.992852825016957,4.471336805141943,2.0808792079686547,0.9949795872547024
2020-06-05,124.97853088378905,120.31714,3.2077038890712863,19.992852825016957,4.471336805141943,2.0808792079686547,0.9949795872547024
2020-06-08,125.70547485351562,121.5964,3.2077038890712863,19.992852825016957,4.471336805141943,2.0808792079686547,0.9949795872547024
2020-06-09,125.82508850097656,122.82248,3.2077038890712863,19.992852825016957,4.471336805141943,2.0808792079686547,0.9949795872547024
2020-06-10,125.67786407470705,123.44398,3.2077038890712863,19.992852825016957,4.471336805141943,2.0808792079686547,0.9949795872547024
2020-06-11,119.16300201416016,123.93476,3.2077038890712863,19.992852825016957,4.471336805141943,2.0808792079686547,0.9949795872547024
2020-06-12,119.7519073486328,122.18044,3.2077038890712863,19.992852825016957,4.471336805141943,2.0808792079686547,0.9949795872547024
2020-06-15,120.0095672607422,120.9666,3.2077038890712863,19.992852825016957,4.471336805141943,2.0808792079686547,0.9949795872547024
2020-06-16,122.871337890625,120.20842,3.2077038890712863,19.992852825016957,4.471336805141943,2.0808792079686547,0.9949795872547024
2020-06-17,123.78231048583986,120.59986,3.2077038890712863,19.992852825016957,4.471336805141943,2.0808792079686547,0.9949795872547024
2020-06-18,124.3528060913086,121.292145,3.2077038890712863,19.992852825016957,4.471336805141943,2.0808792079686547,0.9949795872547024
2020-06-19,126.09194946289062,121.96045,3.2077038890712863,19.992852825016957,4.471336805141943,2.0808792079686547,0.9949795872547024
2020-06-22,129.72665405273438,123.034935,3.2077038890712863,19.992852825016957,4.471336805141943,2.0808792079686547,0.9949795872547024
2020-06-23,129.80947875976562,124.71178,3.2077038890712863,19.992852825016957,4.471336805141943,2.0808792079686547,0.9949795872547024
2020-06-24,125.0061264038086,126.09234,3.2077038890712863,19.992852825016957,4.471336805141943,2.0808792079686547,0.9949795872547024
2020-06-25,126.67166137695312,125.60666,3.2077038890712863,19.992852825016957,4.471336805141943,2.0808792079686547,0.9949795872547024
2020-06-26,125.86190032958984,125.57447,3.2077038890712863,19.992852825016957,4.471336805141943,2.0808792079686547,0.9949795872547024
2020-06-29,127.38018798828124,125.374985,3.2077038890712863,19.992852825016957,4.471336805141943,2.0808792079686547,0.9949795872547024
2020-06-30,128.8248748779297,125.690186,3.2077038890712863,19.992852825016957,4.471336805141943,2.0808792079686547,0.9949795872547024
2020-07-01,128.89849853515625,126.441376,3.2077038890712863,19.992852825016957,4.471336805141943,2.0808792079686547,0.9949795872547024
2020-07-02,131.4473876953125,126.98356,3.2077038890712863,19.992852825016957,4.471336805141943,2.0808792079686547,0.9949795872547024
2020-07-06,135.7814178466797,128.19145,3.2077038890712863,19.992852825016957,4.471336805141943,2.0808792079686547,0.9949795872547024
2020-07-07,132.56080627441406,130.36989,3.2077038890712863,19.992852825016957,4.471336805141943,2.0808792079686547,0.9949795872547024
2020-07-08,135.22010803222656,131.00533,3.2077038890712863,19.992852825016957,4.471336805141943,2.0808792079686547,0.9949795872547024
2020-07-09,140.4835205078125,132.10628,3.2077038890712863,19.992852825016957,4.471336805141943,2.0808792079686547,0.9949795872547024
2020-07-10,141.23806762695312,134.33525,3.2077038890712863,19.992852825016957,4.471336805141943,2.0808792079686547,0.9949795872547024
2020-07-13,138.8824005126953,136.30627,3.2077038890712863,19.992852825016957,4.471336805141943,2.0808792079686547,0.9949795872547024
2020-07-14,141.56935119628906,137.0241,3.2077038890712863,19.992852825016957,4.471336805141943,2.0808792079686547,0.9949795872547024
2020-07-15,144.10902404785156,138.05463,3.2077038890712863,19.992852825016957,4.471336805141943,2.0808792079686547,0.9949795872547024
2020-07-16,142.7379608154297,139.41592,3.2077038890712863,19.992852825016957,4.471336805141943,2.0808792079686547,0.9949795872547024
2020-07-17,143.80535888671875,140.09186,3.2077038890712863,19.992852825016957,4.471336805141943,2.0808792079686547,0.9949795872547024
2020-07-20,147.01678466796875,140.76715,3.2077038890712863,19.992852825016957,4.471336805141943,2.0808792079686547,0.9949795872547024
2020-07-21,149.53807067871094,142.16177,3.2077038890712863,19.992852825016957,4.471336805141943,2.0808792079686547,0.9949795872547024
2020-07-22,151.34161376953125,143.88718,3.2077038890712863,19.992852825016957,4.471336805141943,2.0808792079686547,0.9949795872547024
2020-07-23,148.3970489501953,145.66655,3.2077038890712863,19.992852825016957,4.471336805141943,2.0808792079686547,0.9949795872547024
2020-07-24,145.9585723876953,146.11317,3.2077038890712863,19.992852825016957,4.471336805141943,2.0808792079686547,0.9949795872547024
2020-07-27,151.70968627929688,145.55687,3.2077038890712863,19.992852825016957,4.471336805141943,2.0808792079686547,0.9949795872547024
2020-07-28,147.5596923828125,146.63232,3.2077038890712863,19.992852825016957,4.471336805141943,2.0808792079686547,0.9949795872547024
2020-07-29,151.51646423339844,146.28804,3.2077038890712863,19.992852825016957,4.471336805141943,2.0808792079686547,0.9949795872547024
2020-07-30,147.3848419189453,147.05399,3.2077038890712863,19.992852825016957,4.471336805141943,2.0808792079686547,0.9949795872547024
2020-07-31,146.51068115234375,146.45943,3.2077038890712863,19.992852825016957,4.471336805141943,2.0808792079686547,0.9949795872547024
2020-08-03,149.20680236816406,145.7697,3.2077038890712863,19.992852825016957,4.471336805141943,2.0808792079686547,0.9949795872547024
2020-08-04,147.46766662597656,145.95378,3.2077038890712863,19.992852825016957,4.471336805141943,2.0808792079686547,0.9949795872547024
2020-08-05,148.73753356933594,145.59923,3.2077038890712863,19.992852825016957,4.471336805141943,2.0808792079686547,0.9949795872547024
2020-08-06,149.05038452148438,145.71515,3.2077038890712863,19.992852825016957,4.471336805141943,2.0808792079686547,0.9949795872547024
2020-08-07,148.30503845214844,145.94374,3.2077038890712863,19.992852825016957,4.471336805141943,2.0808792079686547,0.9949795872547024
2020-08-10,146.8971710205078,145.94762,3.2077038890712863,19.992852825016957,4.471336805141943,2.0808792079686547,0.9949795872547024
2020-08-11,146.44625854492188,145.60107,3.2077038890712863,19.992852825016957,4.471336805141943,2.0808792079686547,0.9949795872547024
2020-08-12,149.63009643554688,145.24825,3.2077038890712863,19.992852825016957,4.471336805141943,2.0808792079686547,0.9949795872547024
2020-08-13,148.01058959960938,145.84337,3.2077038890712863,19.992852825016957,4.471336805141943,2.0808792079686547,0.9949795872547024
2020-08-14,147.31124877929688,145.93196,3.2077038890712863,19.992852825016957,4.471336805141943,2.0808792079686547,0.9949795872547024
2020-08-17,147.6700897216797,145.76324,3.2077038890712863,19.992852825016957,4.471336805141943,2.0808792079686547,0.9949795872547024
2020-08-18,148.86634826660156,145.82603,3.2077038890712863,19.992852825016957,4.471336805141943,2.0808792079686547,0.9949795872547024
2020-08-19,148.43385314941406,146.31436,3.2077038890712863,19.992852825016957,4.471336805141943,2.0808792079686547,0.9949795872547024
2020-08-20,149.97055053710938,146.55173,3.2077038890712863,19.992852825016957,4.471336805141943,2.0808792079686547,0.9949795872547024
2020-08-21,147.513671875,147.20412,3.2077038890712863,19.992852825016957,4.471336805141943,2.0808792079686547,0.9949795872547024
2020-08-24,150.80792236328125,147.07841,3.2077038890712863,19.992852825016957,4.471336805141943,2.0808792079686547,0.9949795872547024
2020-08-25,152.36302185058594,147.857,3.2077038890712863,19.992852825016957,4.471336805141943,2.0808792079686547,0.9949795872547024
2020-08-26,155.0131378173828,148.96693,3.2077038890712863,19.992852825016957,4.471336805141943,2.0808792079686547,0.9949795872547024
2020-08-27,152.61148071289062,150.59317,3.2077038890712863,19.992852825016957,4.471336805141943,2.0808792079686547,0.9949795872547024
2020-08-28,153.41201782226562,151.11415,3.2077038890712863,19.992852825016957,4.471336805141943,2.0808792079686547,0.9949795872547024
2020-08-31,152.20660400390625,151.65636,3.2077038890712863,19.992852825016957,4.471336805141943,2.0808792079686547,0.9949795872547024
2020-09-01,153.0807647705078,151.63554,3.2077038890712863,19.992852825016957,4.471336805141943,2.0808792079686547,0.9949795872547024
2020-09-02,155.52845764160153,151.76663,3.2077038890712863,19.992852825016957,4.471336805141943,2.0808792079686547,0.9949795872547024
2020-09-03,148.9951629638672,152.49701,3.2077038890712863,19.992852825016957,4.471336805141943,2.0808792079686547,0.9949795872547024
2020-09-04,146.7039031982422,151.15643,3.2077038890712863,19.992852825016957,4.471336805141943,2.0808792079686547,0.9949795872547024
2020-09-08,142.34228515625,149.54247,3.2077038890712863,19.992852825016957,4.471336805141943,2.0808792079686547,0.9949795872547024
2020-09-09,149.48287963867188,147.07198,3.2077038890712863,19.992852825016957,4.471336805141943,2.0808792079686547,0.9949795872547024
2020-09-10,146.30825805664062,147.2749,3.2077038890712863,19.992852825016957,4.471336805141943,2.0808792079686547,0.9949795872547024
2020-09-11,146.83274841308594,146.69286,3.2077038890712863,19.992852825016957,4.471336805141943,2.0808792079686547,0.9949795872547024
2020-09-14,147.87255859375,146.50037,3.2077038890712863,19.992852825016957,4.471336805141943,2.0808792079686547,0.9949795872547024
2020-09-15,147.84494018554688,146.76353,3.2077038890712863,19.992852825016957,4.471336805141943,2.0808792079686547,0.9949795872547024
2020-09-16,146.28065490722656,147.03186,3.2077038890712863,19.992852825016957,4.471336805141943,2.0808792079686547,0.9949795872547024
2020-09-17,147.6240997314453,146.75456,3.2077038890712863,19.992852825016957,4.471336805141943,2.0808792079686547,0.9949795872547024
2020-09-18,147.366455078125,146.90529,3.2077038890712863,19.992852825016957,4.471336805141943,2.0808792079686547,0.9949795872547024
2020-09-21,143.4373016357422,147.09865,3.2077038890712863,19.992852825016957,4.471336805141943,2.0808792079686547,0.9949795872547024
2020-09-22,144.67953491210938,146.1357,3.2077038890712863,19.992852825016957,4.471336805141943,2.0808792079686547,0.9949795872547024
2020-09-23,139.96823120117188,145.78291,3.2077038890712863,19.992852825016957,4.471336805141943,2.0808792079686547,0.9949795872547024
2020-09-24,141.1000518798828,144.22308,3.2077038890712863,19.992852825016957,4.471336805141943,2.0808792079686547,0.9949795872547024
2020-09-25,139.92221069335938,143.36603,3.2077038890712863,19.992852825016957,4.471336805141943,2.0808792079686547,0.9949795872547024
2020-09-28,144.54150390625,142.51068,3.2077038890712863,19.992852825016957,4.471336805141943,2.0808792079686547,0.9949795872547024
2020-09-29,144.0722198486328,143.2594,3.2077038890712863,19.992852825016957,4.471336805141943,2.0808792079686547,0.9949795872547024
2020-09-30,143.3728790283203,143.77037,3.2077038890712863,19.992852825016957,4.471336805141943,2.0808792079686547,0.9949795872547024
2020-10-01,144.30227661132812,144.1456,3.2077038890712863,19.992852825016957,4.471336805141943,2.0808792079686547,0.9949795872547024
2020-10-02,141.97421264648438,144.7247,3.2077038890712863,19.992852825016957,4.471336805141943,2.0808792079686547,0.9949795872547024
2020-10-05,144.09982299804688,144.43167,3.2077038890712863,19.992852825016957,4.471336805141943,2.0808792079686547,0.9949795872547024
2020-10-06,141.7533721923828,144.77798,3.2077038890712863,19.992852825016957,4.471336805141943,2.0808792079686547,0.9949795872547024
2020-10-07,142.0018310546875,144.48145,3.2077038890712863,19.992852825016957,4.471336805141943,2.0808792079686547,0.9949795872547024
2020-10-08,143.65814208984375,144.29092,3.2077038890712863,19.992852825016957,4.471336805141943,2.0808792079686547,0.9949795872547024
2020-10-09,144.5967254638672,144.59467,3.2077038890712863,19.992852825016957,4.471336805141943,2.0808792079686547,0.9949795872547024
2020-10-12,146.09661865234375,145.19785,3.2077038890712863,19.992852825016957,4.471336805141943,2.0808792079686547,0.9949795872547024
2020-10-13,144.09982299804688,146.14084,3.2077038890712863,19.992852825016957,4.471336805141943,2.0808792079686547,0.9949795872547024
2020-10-14,144.87278747558594,146.26854,3.2077038890712863,19.992852825016957,4.471336805141943,2.0808792079686547,0.9949795872547024
2020-10-15,141.5233154296875,146.49338,3.2077038890712863,19.992852825016957,4.471336805141943,2.0808792079686547,0.9949795872547024
2020-10-16,142.7379608154297,145.62277,3.2077038890712863,19.992852825016957,4.471336805141943,2.0808792079686547,0.9949795872547024
2020-10-19,140.33628845214844,145.30003,3.2077038890712863,19.992852825016957,4.471336805141943,2.0808792079686547,0.9949795872547024
2020-10-20,138.6339569091797,144.45703,3.2077038890712863,19.992852825016957,4.471336805141943,2.0808792079686547,0.9949795872547024
2020-10-21,136.52676391601562,143.18712,3.2077038890712863,19.992852825016957,4.471336805141943,2.0808792079686547,0.9949795872547024
2020-10-22,135.8550262451172,141.71535,3.2077038890712863,19.992852825016957,4.471336805141943,2.0808792079686547,0.9949795872547024
2020-10-23,137.73219299316406,140.32358,3.2077038890712863,19.992852825016957,4.471336805141943,2.0808792079686547,0.9949795872547024
2020-10-26,105.83883666992188,139.94835,3.2077038890712863,19.992852825016957,4.471336805141943,2.0808792079686547,0.9949795872547024
2020-10-27,105.36034393310548,130.7131,3.2077038890712863,19.992852825016957,4.471336805141943,2.0808792079686547,0.9949795872547024
2020-10-28,99.48040771484376,123.16594,3.2077038890712863,19.992852825016957,4.471336805141943,2.0808792079686547,0.9949795872547024
2020-10-29,99.95890808105467,115.91277,3.2077038890712863,19.992852825016957,4.471336805141943,2.0808792079686547,0.9949795872547024
2020-10-30,98.30258178710938,110.7969,3.2077038890712863,19.992852825016957,4.471336805141943,2.0808792079686547,0.9949795872547024
2020-11-02,97.38241577148438,106.889465,3.2077038890712863,19.992852825016957,4.471336805141943,2.0808792079686547,0.9949795872547024
2020-11-03,100.95269775390624,104.14274,3.2077038890712863,19.992852825016957,4.471336805141943,2.0808792079686547,0.9949795872547024
2020-11-04,103.47398376464844,103.57621,3.2077038890712863,19.992852825016957,4.471336805141943,2.0808792079686547,0.9949795872547024
2020-11-05,106.44615936279295,104.36552,3.2077038890712863,19.992852825016957,4.471336805141943,2.0808792079686547,0.9949795872547024
2020-11-06,105.9308624267578,106.115906,3.2077038890712863,19.992852825016957,4.471336805141943,2.0808792079686547,0.9949795872547024
2020-11-09,106.02288055419922,107.57471,3.2077038890712863,19.992852825016957,4.471336805141943,2.0808792079686547,0.9949795872547024
2020-11-10,107.4583511352539,108.82361,3.2077038890712863,19.992852825016957,4.471336805141943,2.0808792079686547,0.9949795872547024
2020-11-11,109.9704360961914,110.20695,3.2077038890712863,19.992852825016957,4.471336805141943,2.0808792079686547,0.9949795872547024
2020-11-12,108.05647277832033,111.957596,3.2077038890712863,19.992852825016957,4.471336805141943,2.0808792079686547,0.9949795872547024
2020-11-13,110.70658111572266,112.73464,3.2077038890712863,19.992852825016957,4.471336805141943,2.0808792079686547,0.9949795872547024
2020-11-16,109.45513153076172,113.967705,3.2077038890712863,19.992852825016957,4.471336805141943,2.0808792079686547,0.9949795872547024
2020-11-17,107.65159606933592,114.57421,3.2077038890712863,19.992852825016957,4.471336805141943,2.0808792079686547,0.9949795872547024
2020-11-18,108.5165557861328,114.37429,3.2077038890712863,19.992852825016957,4.471336805141943,2.0808792079686547,0.9949795872547024
2020-11-19,109.2066879272461,114.34229,3.2077038890712863,19.992852825016957,4.471336805141943,2.0808792079686547,0.9949795872547024
2020-11-20,107.67919158935548,114.39047,3.2077038890712863,19.992852825016957,4.471336805141943,2.0808792079686547,0.9949795872547024
2020-11-23,108.0196533203125,113.99441,3.2077038890712863,19.992852825016957,4.471336805141943,2.0808792079686547,0.9949795872547024
2020-11-24,107.4767532348633,113.70957,3.2077038890712863,19.992852825016957,4.471336805141943,2.0808792079686547,0.9949795872547024
2020-11-25,108.66378784179688,113.327,3.2077038890712863,19.992852825016957,4.471336805141943,2.0808792079686547,0.9949795872547024
2020-11-27,109.73118591308594,113.31679,3.2077038890712863,19.992852825016957,4.471336805141943,2.0808792079686547,0.9949795872547024
2020-11-30,111.48873138427734,113.50517,3.2077038890712863,19.992852825016957,4.471336805141943,2.0808792079686547,0.9949795872547024
2020-12-01,113.20024871826172,114.26504,3.2077038890712863,19.992852825016957,4.471336805141943,2.0808792079686547,0.9949795872547024
2020-12-02,112.72176361083984,115.39488,3.2077038890712863,19.992852825016957,4.471336805141943,2.0808792079686547,0.9949795872547024
2020-12-03,112.63894653320312,116.251976,3.2077038890712863,19.992852825016957,4.471336805141943,2.0808792079686547,0.9949795872547024
2020-12-04,114.6909408569336,116.67766,3.2077038890712863,19.992852825016957,4.471336805141943,2.0808792079686547,0.9949795872547024
2020-12-07,113.38429260253906,117.59584,3.2077038890712863,19.992852825016957,4.471336805141943,2.0808792079686547,0.9949795872547024
2020-12-08,114.0928192138672,117.87536,3.2077038890712863,19.992852825016957,4.471336805141943,2.0808792079686547,0.9949795872547024
2020-12-09,113.16344451904295,118.18355,3.2077038890712863,19.992852825016957,4.471336805141943,2.0808792079686547,0.9949795872547024
2020-12-10,113.18185424804688,118.07255,3.2077038890712863,19.992852825016957,4.471336805141943,2.0808792079686547,0.9949795872547024
2020-12-11,111.20347595214844,117.945076,3.2077038890712863,19.992852825016957,4.471336805141943,2.0808792079686547,0.9949795872547024
2020-12-14,111.6267547607422,117.17032,3.2077038890712863,19.992852825016957,4.471336805141943,2.0808792079686547,0.9949795872547024
2020-12-15,113.24626159667967,116.59984,3.2077038890712863,19.992852825016957,4.471336805141943,2.0808792079686547,0.9949795872547024
2020-12-16,115.022216796875,116.67902,3.2077038890712863,19.992852825016957,4.471336805141943,2.0808792079686547,0.9949795872547024
2020-12-17,118.39925384521484,117.21887,3.2077038890712863,19.992852825016957,4.471336805141943,2.0808792079686547,0.9949795872547024
2020-12-18,117.17542266845706,118.73294,3.2077038890712863,19.992852825016957,4.471336805141943,2.0808792079686547,0.9949795872547024
2020-12-21,115.31666564941406,119.54462,3.2077038890712863,19.992852825016957,4.471336805141943,2.0808792079686547,0.9949795872547024
2020-12-22,115.87796783447266,119.606865,3.2077038890712863,19.992852825016957,4.471336805141943,2.0808792079686547,0.9949795872547024
2020-12-23,115.9423828125,119.60101,3.2077038890712863,19.992852825016957,4.471336805141943,2.0808792079686547,0.9949795872547024
2020-12-24,115.99759674072264,119.52573,3.2077038890712863,19.992852825016957,4.471336805141943,2.0808792079686547,0.9949795872547024
2020-12-28,120.46045684814452,119.41955,3.2077038890712863,19.992852825016957,4.471336805141943,2.0808792079686547,0.9949795872547024
2020-12-29,119.57708740234376,120.53175,3.2077038890712863,19.992852825016957,4.471336805141943,2.0808792079686547,0.9949795872547024
2020-12-30,120.21200561523438,121.177704,3.2077038890712863,19.992852825016957,4.471336805141943,2.0808792079686547,0.9949795872547024
2020-12-31,119.9819564819336,121.72997,3.2077038890712863,19.992852825016957,4.471336805141943,2.0808792079686547,0.9949795872547024
2021-01-04,118.92376708984376,122.06625,3.2077038890712863,19.992852825016957,4.471336805141943,2.0808792079686547,0.9949795872547024
2021-01-05,119.60468292236328,121.950226,3.2077038890712863,19.992852825016957,4.471336805141943,2.0808792079686547,0.9949795872547024
2021-01-06,119.38385772705078,121.94937,3.2077038890712863,19.992852825016957,4.471336805141943,2.0808792079686547,0.9949795872547024
2021-01-07,118.51888275146484,121.81702,3.2077038890712863,19.992852825016957,4.471336805141943,2.0808792079686547,0.9949795872547024
2021-01-08,120.69049835205078,121.37216,3.2077038890712863,19.992852825016957,4.471336805141943,2.0808792079686547,0.9949795872547024
2021-01-11,118.9789810180664,121.6428,3.2077038890712863,19.992852825016957,4.471336805141943,2.0808792079686547,0.9949795872547024
2021-01-12,119.07098388671876,121.31252,3.2077038890712863,19.992852825016957,4.471336805141943,2.0808792079686547,0.9949795872547024
2021-01-13,117.8379440307617,121.09292,3.2077038890712863,19.992852825016957,4.471336805141943,2.0808792079686547,0.9949795872547024
2021-01-14,116.0344009399414,120.46368,3.2077038890712863,19.992852825016957,4.471336805141943,2.0808792079686547,0.9949795872547024
2021-01-15,115.022216796875,119.396835,3.2077038890712863,19.992852825016957,4.471336805141943,2.0808792079686547,0.9949795872547024
2021-01-19,116.93617248535156,118.17665,3.2077038890712863,19.992852825016957,4.471336805141943,2.0808792079686547,0.9949795872547024
2021-01-20,117.44226837158205,117.67468,3.2077038890712863,19.992852825016957,4.471336805141943,2.0808792079686547,0.9949795872547024
2021-01-21,117.69072723388672,117.27024,3.2077038890712863,19.992852825016957,4.471336805141943,2.0808792079686547,0.9949795872547024
2021-01-22,117.3042449951172,116.671936,3.2077038890712863,19.992852825016957,4.471336805141943,2.0808792079686547,0.9949795872547024
2021-01-25,119.28263092041017,116.65466,3.2077038890712863,19.992852825016957,4.471336805141943,2.0808792079686547,0.9949795872547024
2021-01-26,124.1135711669922,117.1727,3.2077038890712863,19.992852825016957,4.471336805141943,2.0808792079686547,0.9949795872547024
2021-01-27,121.6382827758789,119.107216,3.2077038890712863,19.992852825016957,4.471336805141943,2.0808792079686547,0.9949795872547024
2021-01-28,120.0279769897461,119.92191,3.2077038890712863,19.992852825016957,4.471336805141943,2.0808792079686547,0.9949795872547024
2021-01-29,116.1264114379883,120.08018,3.2077038890712863,19.992852825016957,4.471336805141943,2.0808792079686547,0.9949795872547024
2021-02-01,119.2182159423828,119.07567,3.2077038890712863,19.992852825016957,4.471336805141943,2.0808792079686547,0.9949795872547024
2021-02-02,119.2182159423828,119.086624,3.2077038890712863,19.992852825016957,4.471336805141943,2.0808792079686547,0.9949795872547024
2021-02-03,120.18441009521484,119.109,3.2077038890712863,19.992852825016957,4.471336805141943,2.0808792079686547,0.9949795872547024
2021-02-04,121.74871063232422,119.380806,3.2077038890712863,19.992852825016957,4.471336805141943,2.0808792079686547,0.9949795872547024
2021-02-05,119.8899459838867,120.09766,3.2077038890712863,19.992852825016957,4.471336805141943,2.0808792079686547,0.9949795872547024
2021-02-08,121.00335693359375,120.16333,3.2077038890712863,19.992852825016957,4.471336805141943,2.0808792079686547,0.9949795872547024
2021-02-09,121.0401611328125,120.497856,3.2077038890712863,19.992852825016957,4.471336805141943,2.0808792079686547,0.9949795872547024
2021-02-10,119.31942749023438,120.70245,3.2077038890712863,19.992852825016957,4.471336805141943,2.0808792079686547,0.9949795872547024
2021-02-11,121.94195556640624,120.39574,3.2077038890712863,19.992852825016957,4.471336805141943,2.0808792079686547,0.9949795872547024
2021-02-12,121.3990249633789,120.81063,3.2077038890712863,19.992852825016957,4.471336805141943,2.0808792079686547,0.9949795872547024
2021-02-16,120.32242584228516,121.00153,3.2077038890712863,19.992852825016957,4.471336805141943,2.0808792079686547,0.9949795872547024
2021-02-17,116.22763061523438,120.868385,3.2077038890712863,19.992852825016957,4.471336805141943,2.0808792079686547,0.9949795872547024
2021-02-18,118.40845489501952,119.545265,3.2077038890712863,19.992852825016957,4.471336805141943,2.0808792079686547,0.9949795872547024
2021-02-19,116.6969223022461,119.08587,3.2077038890712863,19.992852825016957,4.471336805141943,2.0808792079686547,0.9949795872547024
2021-02-22,115.69393920898439,118.328804,3.2077038890712863,19.992852825016957,4.471336805141943,2.0808792079686547,0.9949795872547024
2021-02-23,114.89337921142577,117.502396,3.2077038890712863,19.992852825016957,4.471336805141943,2.0808792079686547,0.9949795872547024
2021-02-24,116.45767974853516,116.72583,3.2077038890712863,19.992852825016957,4.471336805141943,2.0808792079686547,0.9949795872547024
2021-02-25,113.8167724609375,116.650246,3.2077038890712863,19.992852825016957,4.471336805141943,2.0808792079686547,0.9949795872547024
2021-02-26,113.5039138793945,115.93359,3.2077038890712863,19.992852825016957,4.471336805141943,2.0808792079686547,0.9949795872547024
2021-03-01,114.48849487304688,115.31706,3.2077038890712863,19.992852825016957,4.471336805141943,2.0808792079686547,0.9949795872547024
2021-03-02,115.3350601196289,115.15214,3.2077038890712863,19.992852825016957,4.471336805141943,2.0808792079686547,0.9949795872547024
2021-03-03,113.2922821044922,115.36119,3.2077038890712863,19.992852825016957,4.471336805141943,2.0808792079686547,0.9949795872547024
2021-03-04,112.2984848022461,115.010025,3.2077038890712863,19.992852825016957,4.471336805141943,2.0808792079686547,0.9949795872547024
2021-03-05,113.25546264648438,114.4143,3.2077038890712863,19.992852825016957,4.471336805141943,2.0808792079686547,0.9949795872547024
2021-03-08,113.24626159667967,114.26974,3.2077038890712863,19.992852825016957,4.471336805141943,2.0808792079686547,0.9949795872547024
2021-03-09,116.15402221679688,114.17683,3.2077038890712863,19.992852825016957,4.471336805141943,2.0808792079686547,0.9949795872547024
2021-03-10,115.87796783447266,114.99775,3.2077038890712863,19.992852825016957,4.471336805141943,2.0808792079686547,0.9949795872547024
2021-03-11,116.72453308105466,115.606636,3.2077038890712863,19.992852825016957,4.471336805141943,2.0808792079686547,0.9949795872547024
2021-03-12,113.9364013671875,116.38758,3.2077038890712863,19.992852825016957,4.471336805141943,2.0808792079686547,0.9949795872547024
2021-03-15,112.97020721435548,116.19981,3.2077038890712863,19.992852825016957,4.471336805141943,2.0808792079686547,0.9949795872547024
2021-03-16,112.41810607910156,115.71355,3.2077038890712863,19.992852825016957,4.471336805141943,2.0808792079686547,0.9949795872547024
2021-03-17,113.75236511230469,115.12846,3.2077038890712863,19.992852825016957,4.471336805141943,2.0808792079686547,0.9949795872547024
2021-03-18,112.06843566894533,114.975494,3.2077038890712863,19.992852825016957,4.471336805141943,2.0808792079686547,0.9949795872547024
2021-03-19,113.33828735351562,114.420296,3.2077038890712863,19.992852825016957,4.471336805141943,2.0808792079686547,0.9949795872547024
2021-03-22,113.1358413696289,114.42183,3.2077038890712863,19.992852825016957,4.471336805141943,2.0808792079686547,0.9949795872547024
2021-03-23,112.5561294555664,114.4173,3.2077038890712863,19.992852825016957,4.471336805141943,2.0808792079686547,0.9949795872547024
2021-03-24,111.42430877685548,114.30189,3.2077038890712863,19.992852825016957,4.471336805141943,2.0808792079686547,0.9949795872547024
2021-03-25,111.78318786621094,113.94052,3.2077038890712863,19.992852825016957,4.471336805141943,2.0808792079686547,0.9949795872547024
2021-03-26,112.91500091552734,113.68381,3.2077038890712863,19.992852825016957,4.471336805141943,2.0808792079686547,0.9949795872547024
2021-03-29,112.67575073242188,113.85828,3.2077038890712863,19.992852825016957,4.471336805141943,2.0808792079686547,0.9949795872547024
2021-03-30,111.83839416503906,113.945145,3.2077038890712863,19.992852825016957,4.471336805141943,2.0808792079686547,0.9949795872547024
2021-03-31,112.98861694335938,113.783455,3.2077038890712863,19.992852825016957,4.471336805141943,2.0808792079686547,0.9949795872547024
2021-04-01,115.71233367919922,114.013794,3.2077038890712863,19.992852825016957,4.471336805141943,2.0808792079686547,0.9949795872547024
2021-04-05,121.27941131591795,114.9802,3.2077038890712863,19.992852825016957,4.471336805141943,2.0808792079686547,0.9949795872547024
2021-04-06,118.19681549072266,117.36492,3.2077038890712863,19.992852825016957,4.471336805141943,2.0808792079686547,0.9949795872547024
2021-04-07,119.42985534667967,118.36126,3.2077038890712863,19.992852825016957,4.471336805141943,2.0808792079686547,0.9949795872547024
2021-04-08,122.54924774169922,119.307335,3.2077038890712863,19.992852825016957,4.471336805141943,2.0808792079686547,0.9949795872547024
2021-04-09,123.11055755615234,120.854,3.2077038890712863,19.992852825016957,4.471336805141943,2.0808792079686547,0.9949795872547024
2021-04-12,121.8315200805664,122.109856,3.2077038890712863,19.992852825016957,4.471336805141943,2.0808792079686547,0.9949795872547024
2021-04-13,123.69947052001952,122.61073,3.2077038890712863,19.992852825016957,4.471336805141943,2.0808792079686547,0.9949795872547024
2021-04-14,125.1165542602539,123.44441,3.2077038890712863,19.992852825016957,4.471336805141943,2.0808792079686547,0.9949795872547024
2021-04-15,128.08872985839844,124.45548,3.2077038890712863,19.992852825016957,4.471336805141943,2.0808792079686547,0.9949795872547024
2021-04-16,128.1807403564453,125.99581,3.2077038890712863,19.992852825016957,4.471336805141943,2.0808792079686547,0.9949795872547024
2021-04-19,128.39239501953125,127.1526,3.2077038890712863,19.992852825016957,4.471336805141943,2.0808792079686547,0.9949795872547024
2021-04-20,128.0059051513672,128.01547,3.2077038890712863,19.992852825016957,4.471336805141943,2.0808792079686547,0.9949795872547024
2021-04-21,130.57321166992188,128.49548,3.2077038890712863,19.992852825016957,4.471336805141943,2.0808792079686547,0.9949795872547024
2021-04-22,132.27554321289062,129.4733,3.2077038890712863,19.992852825016957,4.471336805141943,2.0808792079686547,0.9949795872547024
2021-04-23,132.45037841796875,130.5135,3.2077038890712863,19.992852825016957,4.471336805141943,2.0808792079686547,0.9949795872547024
2021-04-26,131.78785705566406,131.30972,3.2077038890712863,19.992852825016957,4.471336805141943,2.0808792079686547,0.9949795872547024
2021-04-27,131.2633514404297,131.65332,3.2077038890712863,19.992852825016957,4.471336805141943,2.0808792079686547,0.9949795872547024
2021-04-28,132.57919311523438,131.77367,3.2077038890712863,19.992852825016957,4.471336805141943,2.0808792079686547,0.9949795872547024
2021-04-29,132.3031463623047,132.11185,3.2077038890712863,19.992852825016957,4.471336805141943,2.0808792079686547,0.9949795872547024
2021-04-30,128.76966857910156,132.26076,3.2077038890712863,19.992852825016957,4.471336805141943,2.0808792079686547,0.9949795872547024
2021-05-03,129.76345825195312,131.30275,3.2077038890712863,19.992852825016957,4.471336805141943,2.0808792079686547,0.9949795872547024
2021-05-04,125.8066864013672,130.73727,3.2077038890712863,19.992852825016957,4.471336805141943,2.0808792079686547,0.9949795872547024
2021-05-05,127.12254333496094,129.2085,3.2077038890712863,19.992852825016957,4.471336805141943,2.0808792079686547,0.9949795872547024
2021-05-06,130.36155700683594,128.36488,3.2077038890712863,19.992852825016957,4.471336805141943,2.0808792079686547,0.9949795872547024
2021-05-07,130.42599487304688,128.695,3.2077038890712863,19.992852825016957,4.471336805141943,2.0808792079686547,0.9949795872547024
2021-05-10,128.38319396972656,129.1075,3.2077038890712863,19.992852825016957,4.471336805141943,2.0808792079686547,0.9949795872547024
2021-05-11,126.82809448242188,128.80681,3.2077038890712863,19.992852825016957,4.471336805141943,2.0808792079686547,0.9949795872547024
2021-05-12,124.68408203125,128.0914,3.2077038890712863,19.992852825016957,4.471336805141943,2.0808792079686547,0.9949795872547024
2021-05-13,126.47889709472658,126.89284,3.2077038890712863,19.992852825016957,4.471336805141943,2.0808792079686547,0.9949795872547024
2021-05-14,129.83657836914062,126.5607,3.2077038890712863,19.992852825016957,4.471336805141943,2.0808792079686547,0.9949795872547024
2021-05-17,128.47105407714844,127.26393,3.2077038890712863,19.992852825016957,4.471336805141943,2.0808792079686547,0.9949795872547024
2021-05-18,129.0696563720703,127.51084,3.2077038890712863,19.992852825016957,4.471336805141943,2.0808792079686547,0.9949795872547024
2021-05-19,128.22789001464844,127.88907,3.2077038890712863,19.992852825016957,4.471336805141943,2.0808792079686547,0.9949795872547024
2021-05-20,131.09921264648438,127.9486,3.2077038890712863,19.992852825016957,4.471336805141943,2.0808792079686547,0.9949795872547024
2021-05-21,130.7999267578125,128.7407,3.2077038890712863,19.992852825016957,4.471336805141943,2.0808792079686547,0.9949795872547024
2021-05-24,132.28701782226562,129.32368,3.2077038890712863,19.992852825016957,4.471336805141943,2.0808792079686547,0.9949795872547024
2021-05-25,131.85679626464844,130.18344,3.2077038890712863,19.992852825016957,4.471336805141943,2.0808792079686547,0.9949795872547024
2021-05-26,132.389892578125,130.67242,3.2077038890712863,19.992852825016957,4.471336805141943,2.0808792079686547,0.9949795872547024
2021-05-27,129.39698791503906,131.11562,3.2077038890712863,19.992852825016957,4.471336805141943,2.0808792079686547,0.9949795872547024
2021-05-28,130.87474060058594,130.5937,3.2077038890712863,19.992852825016957,4.471336805141943,2.0808792079686547,0.9949795872547024
2021-06-01,130.96827697753906,130.58447,3.2077038890712863,19.992852825016957,4.471336805141943,2.0808792079686547,0.9949795872547024
2021-06-02,130.1358642578125,130.59766,3.2077038890712863,19.992852825016957,4.471336805141943,2.0808792079686547,0.9949795872547024
2021-06-03,128.91998291015625,130.39479,3.2077038890712863,19.992852825016957,4.471336805141943,2.0808792079686547,0.9949795872547024
2021-06-04,130.82798767089844,129.82207,3.2077038890712863,19.992852825016957,4.471336805141943,2.0808792079686547,0.9949795872547024
2021-06-07,131.7913360595703,129.91872,3.2077038890712863,19.992852825016957,4.471336805141943,2.0808792079686547,0.9949795872547024
2021-06-08,132.50213623046875,130.26367,3.2077038890712863,19.992852825016957,4.471336805141943,2.0808792079686547,0.9949795872547024
2021-06-09,130.9121551513672,130.8107,3.2077038890712863,19.992852825016957,4.471336805141943,2.0808792079686547,0.9949795872547024
2021-06-10,132.76402282714844,130.81001,3.2077038890712863,19.992852825016957,4.471336805141943,2.0808792079686547,0.9949795872547024
2021-06-11,134.22305297851562,131.33656,3.2077038890712863,19.992852825016957,4.471336805141943,2.0808792079686547,0.9949795872547024
2021-06-14,136.40228271484375,132.1348,3.2077038890712863,19.992852825016957,4.471336805141943,2.0808792079686547,0.9949795872547024
2021-06-15,134.88711547851562,133.41753,3.2077038890712863,19.992852825016957,4.471336805141943,2.0808792079686547,0.9949795872547024
2021-06-16,133.29713439941406,133.93266,3.2077038890712863,19.992852825016957,4.471336805141943,2.0808792079686547,0.9949795872547024
2021-06-17,132.63308715820312,133.80379,3.2077038890712863,19.992852825016957,4.471336805141943,2.0808792079686547,0.9949795872547024
2021-06-18,131.10855102539062,133.4503,3.2077038890712863,19.992852825016957,4.471336805141943,2.0808792079686547,0.9949795872547024
2021-06-21,131.66973876953125,132.73503,3.2077038890712863,19.992852825016957,4.471336805141943,2.0808792079686547,0.9949795872547024
2021-06-22,132.0999755859375,132.33606,3.2077038890712863,19.992852825016957,4.471336805141943,2.0808792079686547,0.9949795872547024
2021-06-23,129.73370361328125,132.1707,3.2077038890712863,19.992852825016957,4.471336805141943,2.0808792079686547,0.9949795872547024
2021-06-24,132.09060668945312,131.43617,3.2077038890712863,19.992852825016957,4.471336805141943,2.0808792079686547,0.9949795872547024
2021-06-25,131.27691650390625,131.6295,3.2077038890712863,19.992852825016957,4.471336805141943,2.0808792079686547,0.9949795872547024
2021-06-28,132.31507873535156,131.65176,3.2077038890712863,19.992852825016957,4.471336805141943,2.0808792079686547,0.9949795872547024
2021-06-29,133.5870819091797,132.0009,3.2077038890712863,19.992852825016957,4.471336805141943,2.0808792079686547,0.9949795872547024
2021-06-30,131.3704376220703,132.56223,3.2077038890712863,19.992852825016957,4.471336805141943,2.0808792079686547,0.9949795872547024
2021-07-01,131.41720581054688,132.47668,3.2077038890712863,19.992852825016957,4.471336805141943,2.0808792079686547,0.9949795872547024
2021-07-02,132.5489044189453,132.41495,3.2077038890712863,19.992852825016957,4.471336805141943,2.0808792079686547,0.9949795872547024
2021-07-06,132.53955078125,132.64104,3.2077038890712863,19.992852825016957,4.471336805141943,2.0808792079686547,0.9949795872547024
2021-07-07,138.13258361816406,132.82954,3.2077038890712863,19.992852825016957,4.471336805141943,2.0808792079686547,0.9949795872547024
2021-07-08,136.65481567382812,134.64868,3.2077038890712863,19.992852825016957,4.471336805141943,2.0808792079686547,0.9949795872547024
2021-07-09,138.525390625,135.67567,3.2077038890712863,19.992852825016957,4.471336805141943,2.0808792079686547,0.9949795872547024
2021-07-12,139.3203887939453,136.96054,3.2077038890712863,19.992852825016957,4.471336805141943,2.0808792079686547,0.9949795872547024
2021-07-13,139.91897583007812,138.07968,3.2077038890712863,19.992852825016957,4.471336805141943,2.0808792079686547,0.9949795872547024
2021-07-14,140.4801483154297,139.05276,3.2077038890712863,19.992852825016957,4.471336805141943,2.0808792079686547,0.9949795872547024
2021-07-15,138.13258361816406,139.89642,3.2077038890712863,19.992852825016957,4.471336805141943,2.0808792079686547,0.9949795872547024
2021-07-16,138.0951690673828,139.8332,3.2077038890712863,19.992852825016957,4.471336805141943,2.0808792079686547,0.9949795872547024
2021-07-19,135.43894958496094,139.63724,3.2077038890712863,19.992852825016957,4.471336805141943,2.0808792079686547,0.9949795872547024
2021-07-20,134.77490234375,138.62856,3.2077038890712863,19.992852825016957,4.471336805141943,2.0808792079686547,0.9949795872547024
2021-07-21,129.8739776611328,137.59265,3.2077038890712863,19.992852825016957,4.471336805141943,2.0808792079686547,0.9949795872547024
2021-07-22,130.31356811523438,135.39377,3.2077038890712863,19.992852825016957,4.471336805141943,2.0808792079686547,0.9949795872547024
2021-07-23,129.789794921875,133.82092,3.2077038890712863,19.992852825016957,4.471336805141943,2.0808792079686547,0.9949795872547024
2021-07-26,129.68692016601562,132.49046,3.2077038890712863,19.992852825016957,4.471336805141943,2.0808792079686547,0.9949795872547024
2021-07-27,132.26832580566406,131.51205,3.2077038890712863,19.992852825016957,4.471336805141943,2.0808792079686547,0.9949795872547024
2021-07-28,133.718017578125,131.67706,3.2077038890712863,19.992852825016957,4.471336805141943,2.0808792079686547,0.9949795872547024
2021-07-29,134.99935913085938,132.31778,3.2077038890712863,19.992852825016957,4.471336805141943,2.0808792079686547,0.9949795872547024
2021-07-30,134.41949462890625,133.371,3.2077038890712863,19.992852825016957,4.471336805141943,2.0808792079686547,0.9949795872547024
2021-08-02,134.04537963867188,134.05481,3.2077038890712863,19.992852825016957,4.471336805141943,2.0808792079686547,0.9949795872547024
2021-08-03,136.1217041015625,134.37746,3.2077038890712863,19.992852825016957,4.471336805141943,2.0808792079686547,0.9949795872547024
2021-08-04,136.91668701171875,135.15088,3.2077038890712863,19.992852825016957,4.471336805141943,2.0808792079686547,0.9949795872547024
2021-08-05,139.3016815185547,135.98076,3.2077038890712863,19.992852825016957,4.471336805141943,2.0808792079686547,0.9949795872547024
2021-08-06,136.89797973632812,137.30315,3.2077038890712863,19.992852825016957,4.471336805141943,2.0808792079686547,0.9949795872547024
2021-08-09,137.07569885253906,137.67847,3.2077038890712863,19.992852825016957,4.471336805141943,2.0808792079686547,0.9949795872547024
2021-08-10,136.318115234375,137.92584,3.2077038890712863,19.992852825016957,4.471336805141943,2.0808792079686547,0.9949795872547024
2021-08-11,135.8411102294922,137.7683,3.2077038890712863,19.992852825016957,4.471336805141943,2.0808792079686547,0.9949795872547024
2021-08-12,138.18869018554688,137.49591,3.2077038890712863,19.992852825016957,4.471336805141943,2.0808792079686547,0.9949795872547024
2021-08-13,138.70310974121094,137.93034,3.2077038890712863,19.992852825016957,4.471336805141943,2.0808792079686547,0.9949795872547024
2021-08-16,138.35704040527344,138.47311,3.2077038890712863,19.992852825016957,4.471336805141943,2.0808792079686547,0.9949795872547024
2021-08-17,139.28297424316406,138.73927,3.2077038890712863,19.992852825016957,4.471336805141943,2.0808792079686547,0.9949795872547024
2021-08-18,138.0297088623047,139.19548,3.2077038890712863,19.992852825016957,4.471336805141943,2.0808792079686547,0.9949795872547024
2021-08-19,137.5059356689453,139.1288,3.2077038890712863,19.992852825016957,4.471336805141943,2.0808792079686547,0.9949795872547024
2021-08-20,138.27285766601562,138.88147,3.2077038890712863,19.992852825016957,4.471336805141943,2.0808792079686547,0.9949795872547024
2021-08-23,139.31103515625,138.84703,3.2077038890712863,19.992852825016957,4.471336805141943,2.0808792079686547,0.9949795872547024
2021-08-24,138.6376190185547,139.17992,3.2077038890712863,19.992852825016957,4.471336805141943,2.0808792079686547,0.9949795872547024
2021-08-25,137.46852111816406,139.22034,3.2077038890712863,19.992852825016957,4.471336805141943,2.0808792079686547,0.9949795872547024
2021-08-26,137.6088104248047,138.89644,3.2077038890712863,19.992852825016957,4.471336805141943,2.0808792079686547,0.9949795872547024
2021-08-27,139.09591674804688,138.68956,3.2077038890712863,19.992852825016957,4.471336805141943,2.0808792079686547,0.9949795872547024
2021-08-30,140.18084716796875,139.0121,3.2077038890712863,19.992852825016957,4.471336805141943,2.0808792079686547,0.9949795872547024
2021-08-31,140.42401123046875,139.58138,3.2077038890712863,19.992852825016957,4.471336805141943,2.0808792079686547,0.9949795872547024
2021-09-01,140.3959503173828,140.10199,3.2077038890712863,19.992852825016957,4.471336805141943,2.0808792079686547,0.9949795872547024
2021-09-02,139.33908081054688,140.4829,3.2077038890712863,19.992852825016957,4.471336805141943,2.0808792079686547,0.9949795872547024
2021-09-03,140.13409423828125,140.51305,3.2077038890712863,19.992852825016957,4.471336805141943,2.0808792079686547,0.9949795872547024
2021-09-07,139.93768310546875,140.7126,3.2077038890712863,19.992852825016957,4.471336805141943,2.0808792079686547,0.9949795872547024
2021-09-08,137.23468017578125,140.77222,3.2077038890712863,19.992852825016957,4.471336805141943,2.0808792079686547,0.9949795872547024
2021-09-09,136.2526397705078,139.95714,3.2077038890712863,19.992852825016957,4.471336805141943,2.0808792079686547,0.9949795872547024
2021-09-10,135.68211364746094,139.01245,3.2077038890712863,19.992852825016957,4.471336805141943,2.0808792079686547,0.9949795872547024
2021-09-13,135.86917114257812,138.13248,3.2077038890712863,19.992852825016957,4.471336805141943,2.0808792079686547,0.9949795872547024
2021-09-14,135.75694274902344,137.53647,3.2077038890712863,19.992852825016957,4.471336805141943,2.0808792079686547,0.9949795872547024
2021-09-15,134.91517639160156,137.12978,3.2077038890712863,19.992852825016957,4.471336805141943,2.0808792079686547,0.9949795872547024
2021-09-16,135.48570251464844,136.61674,3.2077038890712863,19.992852825016957,4.471336805141943,2.0808792079686547,0.9949795872547024
2021-09-17,134.04537963867188,136.40883,3.2077038890712863,19.992852825016957,4.471336805141943,2.0808792079686547,0.9949795872547024
2021-09-20,130.16392517089844,135.95093,3.2077038890712863,19.992852825016957,4.471336805141943,2.0808792079686547,0.9949795872547024
2021-09-21,132.65179443359375,134.46773,3.2077038890712863,19.992852825016957,4.471336805141943,2.0808792079686547,0.9949795872547024
2021-09-22,132.6143798828125,134.063,3.2077038890712863,19.992852825016957,4.471336805141943,2.0808792079686547,0.9949795872547024
2021-09-23,135.50442504882812,133.809,3.2077038890712863,19.992852825016957,4.471336805141943,2.0808792079686547,0.9949795872547024
2021-09-24,133.3625946044922,134.48141,3.2077038890712863,19.992852825016957,4.471336805141943,2.0808792079686547,0.9949795872547024
2021-09-27,133.27842712402344,134.53203,3.2077038890712863,19.992852825016957,4.471336805141943,2.0808792079686547,0.9949795872547024
2021-09-28,128.66746520996094,134.59212,3.2077038890712863,19.992852825016957,4.471336805141943,2.0808792079686547,0.9949795872547024
2021-09-29,127.51705932617188,133.34436,3.2077038890712863,19.992852825016957,4.471336805141943,2.0808792079686547,0.9949795872547024
2021-09-30,126.30116271972656,132.0803,3.2077038890712863,19.992852825016957,4.471336805141943,2.0808792079686547,0.9949795872547024
2021-10-01,127.15228271484378,130.68599,3.2077038890712863,19.992852825016957,4.471336805141943,2.0808792079686547,0.9949795872547024
2021-10-04,125.11337280273439,129.97054,3.2077038890712863,19.992852825016957,4.471336805141943,2.0808792079686547,0.9949795872547024
2021-10-05,124.78601074218749,128.91226,3.2077038890712863,19.992852825016957,4.471336805141943,2.0808792079686547,0.9949795872547024
2021-10-06,126.96524047851562,128.05939,3.2077038890712863,19.992852825016957,4.471336805141943,2.0808792079686547,0.9949795872547024
2021-10-07,126.88107299804688,128.08325,3.2077038890712863,19.992852825016957,4.471336805141943,2.0808792079686547,0.9949795872547024
2021-10-08,126.67530822753906,128.13234,3.2077038890712863,19.992852825016957,4.471336805141943,2.0808792079686547,0.9949795872547024
2021-10-11,126.37602233886719,128.18369,3.2077038890712863,19.992852825016957,4.471336805141943,2.0808792079686547,0.9949795872547024
2021-10-12,125.917724609375,128.1193,3.2077038890712863,19.992852825016957,4.471336805141943,2.0808792079686547,0.9949795872547024
2021-10-13,132.48341369628906,127.96341,3.2077038890712863,19.992852825016957,4.471336805141943,2.0808792079686547,0.9949795872547024
2021-10-14,135.654052734375,129.70827,3.2077038890712863,19.992852825016957,4.471336805141943,2.0808792079686547,0.9949795872547024
2021-10-15,136.5800018310547,132.13762,3.2077038890712863,19.992852825016957,4.471336805141943,2.0808792079686547,0.9949795872547024
2021-10-18,135.9626922607422,134.28238,3.2077038890712863,19.992852825016957,4.471336805141943,2.0808792079686547,0.9949795872547024
2021-10-19,135.0741729736328,135.70757,3.2077038890712863,19.992852825016957,4.471336805141943,2.0808792079686547,0.9949795872547024
2021-10-20,134.35400390625,136.45274,3.2077038890712863,19.992852825016957,4.471336805141943,2.0808792079686547,0.9949795872547024
2021-10-21,130.43516540527344,136.6498,3.2077038890712863,19.992852825016957,4.471336805141943,2.0808792079686547,0.9949795872547024
2021-10-22,132.6050262451172,135.54314,3.2077038890712863,19.992852825016957,4.471336805141943,2.0808792079686547,0.9949795872547024
2021-10-25,135.35476684570312,135.17618,3.2077038890712863,19.992852825016957,4.471336805141943,2.0808792079686547,0.9949795872547024
2021-10-26,136.29940795898438,135.70047,3.2077038890712863,19.992852825016957,4.471336805141943,2.0808792079686547,0.9949795872547024
2021-10-27,135.50442504882812,136.44661,3.2077038890712863,19.992852825016957,4.471336805141943,2.0808792079686547,0.9949795872547024
2021-10-28,137.9268035888672,136.77666,3.2077038890712863,19.992852825016957,4.471336805141943,2.0808792079686547,0.9949795872547024
2021-10-29,135.410888671875,137.68579,3.2077038890712863,19.992852825016957,4.471336805141943,2.0808792079686547,0.9949795872547024
2021-11-01,136.7764129638672,137.5848,3.2077038890712863,19.992852825016957,4.471336805141943,2.0808792079686547,0.9949795872547024
2021-11-02,137.45916748046875,137.87596,3.2077038890712863,19.992852825016957,4.471336805141943,2.0808792079686547,0.9949795872547024
2021-11-03,139.7599639892578,138.26495,3.2077038890712863,19.992852825016957,4.471336805141943,2.0808792079686547,0.9949795872547024
2021-11-04,139.28297424316406,139.22713,3.2077038890712863,19.992852825016957,4.471336805141943,2.0808792079686547,0.9949795872547024
2021-11-05,139.85350036621094,139.85432,3.2077038890712863,19.992852825016957,4.471336805141943,2.0808792079686547,0.9949795872547024
2021-11-08,139.06785583496094,140.40999,3.2077038890712863,19.992852825016957,4.471336805141943,2.0808792079686547,0.9949795872547024
2021-11-09,138.73117065429688,140.54628,3.2077038890712863,19.992852825016957,4.471336805141943,2.0808792079686547,0.9949795872547024
2021-11-10,136.22459411621094,140.49579,3.2077038890712863,19.992852825016957,4.471336805141943,2.0808792079686547,0.9949795872547024
2021-11-11,135.53248596191406,139.6571,3.2077038890712863,19.992852825016957,4.471336805141943,2.0808792079686547,0.9949795872547024
2021-11-12,133.1942596435547,138.77939,3.2077038890712863,19.992852825016957,4.471336805141943,2.0808792079686547,0.9949795872547024
2021-11-15,132.2309112548828,137.44029,3.2077038890712863,19.992852825016957,4.471336805141943,2.0808792079686547,0.9949795872547024
2021-11-16,133.053955078125,136.12505,3.2077038890712863,19.992852825016957,4.471336805141943,2.0808792079686547,0.9949795872547024
2021-11-17,132.78273010253906,135.363,3.2077038890712863,19.992852825016957,4.471336805141943,2.0808792079686547,0.9949795872547024
2021-11-18,133.2597198486328,134.79369,3.2077038890712863,19.992852825016957,4.471336805141943,2.0808792079686547,0.9949795872547024
2021-11-19,131.8287353515625,134.60703,3.2077038890712863,19.992852825016957,4.471336805141943,2.0808792079686547,0.9949795872547024
2021-11-22,127.16165161132811,134.14551,3.2077038890712863,19.992852825016957,4.471336805141943,2.0808792079686547,0.9949795872547024
2021-11-23,126.703369140625,132.47304,3.2077038890712863,19.992852825016957,4.471336805141943,2.0808792079686547,0.9949795872547024
2021-11-24,125.010498046875,131.02669,3.2077038890712863,19.992852825016957,4.471336805141943,2.0808792079686547,0.9949795872547024
2021-11-26,122.2233352661133,129.47064,3.2077038890712863,19.992852825016957,4.471336805141943,2.0808792079686547,0.9949795872547024
2021-11-29,124.32772827148438,127.53197,3.2077038890712863,19.992852825016957,4.471336805141943,2.0808792079686547,0.9949795872547024
2021-11-30,120.1282958984375,126.73043,3.2077038890712863,19.992852825016957,4.471336805141943,2.0808792079686547,0.9949795872547024
2021-12-01,121.40963745117188,125.00901,3.2077038890712863,19.992852825016957,4.471336805141943,2.0808792079686547,0.9949795872547024
2021-12-02,121.746337890625,124.094986,3.2077038890712863,19.992852825016957,4.471336805141943,2.0808792079686547,0.9949795872547024
2021-12-03,120.6333465576172,123.64923,3.2077038890712863,19.992852825016957,4.471336805141943,2.0808792079686547,0.9949795872547024
2021-12-06,124.00973510742188,123.11354,3.2077038890712863,19.992852825016957,4.471336805141943,2.0808792079686547,0.9949795872547024
2021-12-07,125.79612731933592,123.76011,3.2077038890712863,19.992852825016957,4.471336805141943,2.0808792079686547,0.9949795872547024
2021-12-08,125.81484985351562,124.866196,3.2077038890712863,19.992852825016957,4.471336805141943,2.0808792079686547,0.9949795872547024
2021-12-09,124.26226806640622,125.77037,3.2077038890712863,19.992852825016957,4.471336805141943,2.0808792079686547,0.9949795872547024
2021-12-10,126.62854003906251,126.01803,3.2077038890712863,19.992852825016957,4.471336805141943,2.0808792079686547,0.9949795872547024
2021-12-13,129.0228729248047,126.802414,3.2077038890712863,19.992852825016957,4.471336805141943,2.0808792079686547,0.9949795872547024
2021-12-14,126.824951171875,128.08905,3.2077038890712863,19.992852825016957,4.471336805141943,2.0808792079686547,0.9949795872547024
2021-12-15,129.45310974121094,128.53001,3.2077038890712863,19.992852825016957,4.471336805141943,2.0808792079686547,0.9949795872547024
2021-12-16,128.74227905273438,129.50201,3.2077038890712863,19.992852825016957,4.471336805141943,2.0808792079686547,0.9949795872547024
2021-12-17,129.6588592529297,130.00468,3.2077038890712863,19.992852825016957,4.471336805141943,2.0808792079686547,0.9949795872547024
2021-12-20,127.5544891357422,130.48442,3.2077038890712863,19.992852825016957,4.471336805141943,2.0808792079686547,0.9949795872547024
2021-12-21,128.5271759033203,130.18843,3.2077038890712863,19.992852825016957,4.471336805141943,2.0808792079686547,0.9949795872547024
2021-12-22,130.3790283203125,130.10196,3.2077038890712863,19.992852825016957,4.471336805141943,2.0808792079686547,0.9949795872547024
2021-12-23,131.01504516601562,130.59845,3.2077038890712863,19.992852825016957,4.471336805141943,2.0808792079686547,0.9949795872547024
2021-12-27,132.146728515625,131.16837,3.2077038890712863,19.992852825016957,4.471336805141943,2.0808792079686547,0.9949795872547024
2021-12-28,132.35247802734375,131.93611,3.2077038890712863,19.992852825016957,4.471336805141943,2.0808792079686547,0.9949795872547024
2021-12-29,130.9776153564453,132.53426,3.2077038890712863,19.992852825016957,4.471336805141943,2.0808792079686547,0.9949795872547024
2021-12-30,131.3143310546875,132.60742,3.2077038890712863,19.992852825016957,4.471336805141943,2.0808792079686547,0.9949795872547024
2021-12-31,131.0430908203125,132.73123,3.2077038890712863,19.992852825016957,4.471336805141943,2.0808792079686547,0.9949795872547024
2022-01-03,132.24960327148438,132.68443,3.2077038890712863,19.992852825016957,4.471336805141943,2.0808792079686547,0.9949795872547024
2022-01-04,131.1927490234375,132.99127,3.2077038890712863,19.992852825016957,4.471336805141943,2.0808792079686547,0.9949795872547024
2022-01-05,130.54737854003906,132.96335,3.2077038890712863,19.992852825016957,4.471336805141943,2.0808792079686547,0.9949795872547024
2022-01-06,128.125,132.80034,3.2077038890712863,19.992852825016957,4.471336805141943,2.0808792079686547,0.9949795872547024
2022-01-07,129.31280517578125,132.06297,3.2077038890712863,19.992852825016957,4.471336805141943,2.0808792079686547,0.9949795872547024
2022-01-10,129.64016723632812,131.72636,3.2077038890712863,19.992852825016957,4.471336805141943,2.0808792079686547,0.9949795872547024
2022-01-11,129.80850219726562,131.52997,3.2077038890712863,19.992852825016957,4.471336805141943,2.0808792079686547,0.9949795872547024
2022-01-12,131.08050537109375,131.42343,3.2077038890712863,19.992852825016957,4.471336805141943,2.0808792079686547,0.9949795872547024
2022-01-13,127.11488342285156,131.72272,3.2077038890712863,19.992852825016957,4.471336805141943,2.0808792079686547,0.9949795872547024
2022-01-14,129.91139221191406,130.84113,3.2077038890712863,19.992852825016957,4.471336805141943,2.0808792079686547,0.9949795872547024
2022-01-18,127.29261779785155,130.93051,3.2077038890712863,19.992852825016957,4.471336805141943,2.0808792079686547,0.9949795872547024
2022-01-19,127.93792724609375,130.39711,3.2077038890712863,19.992852825016957,4.471336805141943,2.0808792079686547,0.9949795872547024
2022-01-20,128.14369201660156,130.1575,3.2077038890712863,19.992852825016957,4.471336805141943,2.0808792079686547,0.9949795872547024
2022-01-21,127.0120086669922,130.01393,3.2077038890712863,19.992852825016957,4.471336805141943,2.0808792079686547,0.9949795872547024
2022-01-24,125.06660461425781,129.58765,3.2077038890712863,19.992852825016957,4.471336805141943,2.0808792079686547,0.9949795872547024
2022-01-25,123.75721740722656,128.73877,3.2077038890712863,19.992852825016957,4.471336805141943,2.0808792079686547,0.9949795872547024
2022-01-26,123.71978759765624,127.655945,3.2077038890712863,19.992852825016957,4.471336805141943,2.0808792079686547,0.9949795872547024
2022-01-27,114.46044921874999,126.90193,3.2077038890712863,19.992852825016957,4.471336805141943,2.0808792079686547,0.9949795872547024
2022-01-28,114.07698059082034,123.70617,3.2077038890712863,19.992852825016957,4.471336805141943,2.0808792079686547,0.9949795872547024
2022-01-31,117.10731506347656,121.10494,3.2077038890712863,19.992852825016957,4.471336805141943,2.0808792079686547,0.9949795872547024
2022-02-01,119.4174728393555,120.02198,3.2077038890712863,19.992852825016957,4.471336805141943,2.0808792079686547,0.9949795872547024
2022-02-02,118.9217758178711,120.051384,3.2077038890712863,19.992852825016957,4.471336805141943,2.0808792079686547,0.9949795872547024
2022-02-03,115.79790496826172,120.08294,3.2077038890712863,19.992852825016957,4.471336805141943,2.0808792079686547,0.9949795872547024
2022-02-04,117.97712707519533,119.29869,3.2077038890712863,19.992852825016957,4.471336805141943,2.0808792079686547,0.9949795872547024
2022-02-07,118.67859649658205,119.32116,3.2077038890712863,19.992852825016957,4.471336805141943,2.0808792079686547,0.9949795872547024
2022-02-08,117.5562515258789,119.637115,3.2077038890712863,19.992852825016957,4.471336805141943,2.0808792079686547,0.9949795872547024
2022-02-09,118.11742401123048,119.59547,3.2077038890712863,19.992852825016957,4.471336805141943,2.0808792079686547,0.9949795872547024
2022-02-10,115.83531951904295,119.76954,3.2077038890712863,19.992852825016957,4.471336805141943,2.0808792079686547,0.9949795872547024
2022-02-11,112.5524673461914,119.27465,3.2077038890712863,19.992852825016957,4.471336805141943,2.0808792079686547,0.9949795872547024
2022-02-14,110.69124603271484,117.89114,3.2077038890712863,19.992852825016957,4.471336805141943,2.0808792079686547,0.9949795872547024
2022-02-15,112.46829223632811,116.236725,3.2077038890712863,19.992852825016957,4.471336805141943,2.0808792079686547,0.9949795872547024
2022-02-16,113.08557891845705,115.42964,3.2077038890712863,19.992852825016957,4.471336805141943,2.0808792079686547,0.9949795872547024
2022-02-17,110.21424865722656,115.04404,3.2077038890712863,19.992852825016957,4.471336805141943,2.0808792079686547,0.9949795872547024
2022-02-18,108.22209167480467,114.06994,3.2077038890712863,19.992852825016957,4.471336805141943,2.0808792079686547,0.9949795872547024
2022-02-22,106.21121978759766,112.7583,3.2077038890712863,19.992852825016957,4.471336805141943,2.0808792079686547,0.9949795872547024
2022-02-23,103.79818725585938,111.214836,3.2077038890712863,19.992852825016957,4.471336805141943,2.0808792079686547,0.9949795872547024
2022-02-24,104.70540618896484,109.44171,3.2077038890712863,19.992852825016957,4.471336805141943,2.0808792079686547,0.9949795872547024
2022-02-25,107.57673645019533,108.350044,3.2077038890712863,19.992852825016957,4.471336805141943,2.0808792079686547,0.9949795872547024
2022-02-28,105.29463958740234,108.5764,3.2077038890712863,19.992852825016957,4.471336805141943,2.0808792079686547,0.9949795872547024
2022-03-01,102.18013763427733,108.24815,3.2077038890712863,19.992852825016957,4.471336805141943,2.0808792079686547,0.9949795872547024
2022-03-02,105.8651657104492,107.183075,3.2077038890712863,19.992852825016957,4.471336805141943,2.0808792079686547,0.9949795872547024
2022-03-03,101.9556655883789,107.531425,3.2077038890712863,19.992852825016957,4.471336805141943,2.0808792079686547,0.9949795872547024
2022-03-04,99.23397827148438,106.73845,3.2077038890712863,19.992852825016957,4.471336805141943,2.0808792079686547,0.9949795872547024
2022-03-07,98.17710876464845,105.33226,3.2077038890712863,19.992852825016957,4.471336805141943,2.0808792079686547,0.9949795872547024
2022-03-08,99.33686065673828,103.97141,3.2077038890712863,19.992852825016957,4.471336805141943,2.0808792079686547,0.9949795872547024
2022-03-09,104.61188507080078,103.387474,3.2077038890712863,19.992852825016957,4.471336805141943,2.0808792079686547,0.9949795872547024
2022-03-10,101.48802185058594,104.55787,3.2077038890712863,19.992852825016957,4.471336805141943,2.0808792079686547,0.9949795872547024
2022-03-11,100.71173858642578,104.65797,3.2077038890712863,19.992852825016957,4.471336805141943,2.0808792079686547,0.9949795872547024
2022-03-14,102.9283676147461,104.58816,3.2077038890712863,19.992852825016957,4.471336805141943,2.0808792079686547,0.9949795872547024
2022-03-15,103.56436157226562,105.12406,3.2077038890712863,19.992852825016957,4.471336805141943,2.0808792079686547,0.9949795872547024
2022-03-16,107.08103942871094,105.76901,3.2077038890712863,19.992852825016957,4.471336805141943,2.0808792079686547,0.9949795872547024
2022-03-17,108.22209167480467,107.270195,3.2077038890712863,19.992852825016957,4.471336805141943,2.0808792079686547,0.9949795872547024
2022-03-18,107.89473724365234,108.83519,3.2077038890712863,19.992852825016957,4.471336805141943,2.0808792079686547,0.9949795872547024
2022-03-21,104.6305923461914,109.9088,3.2077038890712863,19.992852825016957,4.471336805141943,2.0808792079686547,0.9949795872547024
2022-03-22,105.4349365234375,109.6684,3.2077038890712863,19.992852825016957,4.471336805141943,2.0808792079686547,0.9949795872547024
2022-03-23,102.68518829345705,109.57022,3.2077038890712863,19.992852825016957,4.471336805141943,2.0808792079686547,0.9949795872547024
2022-03-24,104.02265167236327,108.59606,3.2077038890712863,19.992852825016957,4.471336805141943,2.0808792079686547,0.9949795872547024
2022-03-25,104.13488769531251,108.139435,3.2077038890712863,19.992852825016957,4.471336805141943,2.0808792079686547,0.9949795872547024
2022-03-28,104.57447052001952,107.844604,3.2077038890712863,19.992852825016957,4.471336805141943,2.0808792079686547,0.9949795872547024
2022-03-29,107.31486511230467,107.745415,3.2077038890712863,19.992852825016957,4.471336805141943,2.0808792079686547,0.9949795872547024
2022-03-30,105.82775115966795,108.48161,3.2077038890712863,19.992852825016957,4.471336805141943,2.0808792079686547,0.9949795872547024
2022-03-31,103.77947998046875,108.60819,3.2077038890712863,19.992852825016957,4.471336805141943,2.0808792079686547,0.9949795872547024
2022-04-01,103.4708251953125,108.08254,3.2077038890712863,19.992852825016957,4.471336805141943,2.0808792079686547,0.9949795872547024
2022-04-04,105.20111083984376,107.53151,3.2077038890712863,19.992852825016957,4.471336805141943,2.0808792079686547,0.9949795872547024
2022-04-05,103.6391830444336,107.64692,3.2077038890712863,19.992852825016957,4.471336805141943,2.0808792079686547,0.9949795872547024
2022-04-06,102.61036682128906,107.28806,3.2077038890712863,19.992852825016957,4.471336805141943,2.0808792079686547,0.9949795872547024
2022-04-07,102.11466217041016,106.69489,3.2077038890712863,19.992852825016957,4.471336805141943,2.0808792079686547,0.9949795872547024
2022-04-08,101.45060729980467,106.07657,3.2077038890712863,19.992852825016957,4.471336805141943,2.0808792079686547,0.9949795872547024
2022-04-11,100.59949493408205,105.36338,3.2077038890712863,19.992852825016957,4.471336805141943,2.0808792079686547,0.9949795872547024
2022-04-12,98.59797668457033,104.668686,3.2077038890712863,19.992852825016957,4.471336805141943,2.0808792079686547,0.9949795872547024
2022-04-13,99.06562805175778,103.4975,3.2077038890712863,19.992852825016957,4.471336805141943,2.0808792079686547,0.9949795872547024
2022-04-14,97.16699218749999,102.786415,3.2077038890712863,19.992852825016957,4.471336805141943,2.0808792079686547,0.9949795872547024
2022-04-18,97.47563934326172,101.70469,3.2077038890712863,19.992852825016957,4.471336805141943,2.0808792079686547,0.9949795872547024
2022-04-19,98.42963409423828,100.9457,3.2077038890712863,19.992852825016957,4.471336805141943,2.0808792079686547,0.9949795872547024
2022-04-20,99.9635009765625,100.66514,3.2077038890712863,19.992852825016957,4.471336805141943,2.0808792079686547,0.9949795872547024
2022-04-21,99.4584503173828,100.9479,3.2077038890712863,19.992852825016957,4.471336805141943,2.0808792079686547,0.9949795872547024
2022-04-22,97.12958526611327,101.04811,3.2077038890712863,19.992852825016957,4.471336805141943,2.0808792079686547,0.9949795872547024
2022-04-25,97.01734924316406,100.381775,3.2077038890712863,19.992852825016957,4.471336805141943,2.0808792079686547,0.9949795872547024
2022-04-26,93.3323211669922,99.998276,3.2077038890712863,19.992852825016957,4.471336805141943,2.0808792079686547,0.9949795872547024
2022-04-27,93.08914184570312,98.680626,3.2077038890712863,19.992852825016957,4.471336805141943,2.0808792079686547,0.9949795872547024
2022-04-28,96.06334686279295,97.52707,3.2077038890712863,19.992852825016957,4.471336805141943,2.0808792079686547,0.9949795872547024
2022-04-29,94.27696228027344,97.47999,3.2077038890712863,19.992852825016957,4.471336805141943,2.0808792079686547,0.9949795872547024
2022-05-02,95.78277587890625,97.01671,3.2077038890712863,19.992852825016957,4.471336805141943,2.0808792079686547,0.9949795872547024
2022-05-03,93.52871704101564,97.21231,3.2077038890712863,19.992852825016957,4.471336805141943,2.0808792079686547,0.9949795872547024
2022-05-04,95.92305755615234,96.71423,3.2077038890712863,19.992852825016957,4.471336805141943,2.0808792079686547,0.9949795872547024
2022-05-05,93.3603744506836,96.98596,3.2077038890712863,19.992852825016957,4.471336805141943,2.0808792079686547,0.9949795872547024
2022-05-06,89.91851043701172,96.486534,3.2077038890712863,19.992852825016957,4.471336805141943,2.0808792079686547,0.9949795872547024
2022-05-09,89.76887512207033,95.0223,3.2077038890712863,19.992852825016957,4.471336805141943,2.0808792079686547,0.9949795872547024
2022-05-10,90.56386566162111,93.81701,3.2077038890712863,19.992852825016957,4.471336805141943,2.0808792079686547,0.9949795872547024
2022-05-11,89.4041061401367,93.198906,3.2077038890712863,19.992852825016957,4.471336805141943,2.0808792079686547,0.9949795872547024
2022-05-12,90.6948013305664,92.498314,3.2077038890712863,19.992852825016957,4.471336805141943,2.0808792079686547,0.9949795872547024
2022-05-13,92.32220458984376,92.33216,3.2077038890712863,19.992852825016957,4.471336805141943,2.0808792079686547,0.9949795872547024
2022-05-16,91.22792053222656,92.69319,3.2077038890712863,19.992852825016957,4.471336805141943,2.0808792079686547,0.9949795872547024
2022-05-17,92.64955139160156,92.73985,3.2077038890712863,19.992852825016957,4.471336805141943,2.0808792079686547,0.9949795872547024
2022-05-18,87.2061767578125,93.213005,3.2077038890712863,19.992852825016957,4.471336805141943,2.0808792079686547,0.9949795872547024
2022-05-19,91.79851531982422,92.03729,3.2077038890712863,19.992852825016957,4.471336805141943,2.0808792079686547,0.9949795872547024
2022-05-20,93.80104064941406,92.457756,3.2077038890712863,19.992852825016957,4.471336805141943,2.0808792079686547,0.9949795872547024
2022-05-23,96.11164855957033,93.409515,3.2077038890712863,19.992852825016957,4.471336805141943,2.0808792079686547,0.9949795872547024
2022-05-24,95.02374267578124,94.76138,3.2077038890712863,19.992852825016957,4.471336805141943,2.0808792079686547,0.9949795872547024
2022-05-25,93.69513702392578,95.50381,3.2077038890712863,19.992852825016957,4.471336805141943,2.0808792079686547,0.9949795872547024
2022-05-26,94.80230712890624,95.67573,3.2077038890712863,19.992852825016957,4.471336805141943,2.0808792079686547,0.9949795872547024
2022-05-27,97.38248443603516,95.915405,3.2077038890712863,19.992852825016957,4.471336805141943,2.0808792079686547,0.9949795872547024
2022-05-31,96.12126922607422,96.849525,3.2077038890712863,19.992852825016957,4.471336805141943,2.0808792079686547,0.9949795872547024
2022-06-01,95.6302719116211,97.24584,3.2077038890712863,19.992852825016957,4.471336805141943,2.0808792079686547,0.9949795872547024
2022-06-02,98.31635284423828,97.3978,3.2077038890712863,19.992852825016957,4.471336805141943,2.0808792079686547,0.9949795872547024
2022-06-03,96.68930053710938,98.25052,3.2077038890712863,19.992852825016957,4.471336805141943,2.0808792079686547,0.9949795872547024
2022-06-06,97.10327911376952,98.30212,3.2077038890712863,19.992852825016957,4.471336805141943,2.0808792079686547,0.9949795872547024
2022-06-07,98.19120025634766,98.4771,3.2077038890712863,19.992852825016957,4.471336805141943,2.0808792079686547,0.9949795872547024
2022-06-08,96.14053344726564,98.94496,3.2077038890712863,19.992852825016957,4.471336805141943,2.0808792079686547,0.9949795872547024
2022-06-09,93.18488311767578,98.67564,3.2077038890712863,19.992852825016957,4.471336805141943,2.0808792079686547,0.9949795872547024
2022-06-10,90.66246032714844,97.57229,3.2077038890712863,19.992852825016957,4.471336805141943,2.0808792079686547,0.9949795872547024
2022-06-13,87.43724060058594,95.857704,3.2077038890712863,19.992852825016957,4.471336805141943,2.0808792079686547,0.9949795872547024
2022-06-14,87.0040054321289,93.52791,3.2077038890712863,19.992852825016957,4.471336805141943,2.0808792079686547,0.9949795872547024
2022-06-15,89.8248748779297,91.59244,3.2077038890712863,19.992852825016957,4.471336805141943,2.0808792079686547,0.9949795872547024
2022-06-16,89.30498504638672,91.07579,3.2077038890712863,19.992852825016957,4.471336805141943,2.0808792079686547,0.9949795872547024
2022-06-17,89.53604888916016,90.66723,3.2077038890712863,19.992852825016957,4.471336805141943,2.0808792079686547,0.9949795872547024
2022-06-21,90.58544158935548,90.61011,3.2077038890712863,19.992852825016957,4.471336805141943,2.0808792079686547,0.9949795872547024
2022-06-22,90.4988021850586,90.949875,3.2077038890712863,19.992852825016957,4.471336805141943,2.0808792079686547,0.9949795872547024
2022-06-23,90.72985076904295,91.26946,3.2077038890712863,19.992852825016957,4.471336805141943,2.0808792079686547,0.9949795872547024
2022-06-24,94.74453735351562,91.61442,3.2077038890712863,19.992852825016957,4.471336805141943,2.0808792079686547,0.9949795872547024
2022-06-27,93.67588806152345,92.979256,3.2077038890712863,19.992852825016957,4.471336805141943,2.0808792079686547,0.9949795872547024
2022-06-28,91.91404724121095,93.758354,3.2077038890712863,19.992852825016957,4.471336805141943,2.0808792079686547,0.9949795872547024
2022-06-29,90.43141174316406,93.8263,3.2077038890712863,19.992852825016957,4.471336805141943,2.0808792079686547,0.9949795872547024
2022-06-30,87.3409652709961,93.36037,3.2077038890712863,19.992852825016957,4.471336805141943,2.0808792079686547,0.9949795872547024
2022-07-01,87.32170867919922,91.960144,3.2077038890712863,19.992852825016957,4.471336805141943,2.0808792079686547,0.9949795872547024
2022-07-05,85.83907318115234,90.812096,3.2077038890712863,19.992852825016957,4.471336805141943,2.0808792079686547,0.9949795872547024
2022-07-06,86.51300048828124,89.50388,3.2077038890712863,19.992852825016957,4.471336805141943,2.0808792079686547,0.9949795872547024
2022-07-07,87.33134460449219,88.709274,3.2077038890712863,19.992852825016957,4.471336805141943,2.0808792079686547,0.9949795872547024
2022-07-08,87.21580505371094,88.40061,3.2077038890712863,19.992852825016957,4.471336805141943,2.0808792079686547,0.9949795872547024
2022-07-11,85.03036499023438,88.20873,3.2077038890712863,19.992852825016957,4.471336805141943,2.0808792079686547,0.9949795872547024
2022-07-12,83.13372802734374,87.519516,3.2077038890712863,19.992852825016957,4.471336805141943,2.0808792079686547,0.9949795872547024
2022-07-13,82.7486343383789,86.43475,3.2077038890712863,19.992852825016957,4.471336805141943,2.0808792079686547,0.9949795872547024
2022-07-14,82.23836517333984,85.55136,3.2077038890712863,19.992852825016957,4.471336805141943,2.0808792079686547,0.9949795872547024
2022-07-15,84.72228240966797,84.77862,3.2077038890712863,19.992852825016957,4.471336805141943,2.0808792079686547,0.9949795872547024
2022-07-18,84.80892181396484,84.95271,3.2077038890712863,19.992852825016957,4.471336805141943,2.0808792079686547,0.9949795872547024
2022-07-19,88.90061950683594,85.15765,3.2077038890712863,19.992852825016957,4.471336805141943,2.0808792079686547,0.9949795872547024
2022-07-20,88.89099884033203,86.54071,3.2077038890712863,19.992852825016957,4.471336805141943,2.0808792079686547,0.9949795872547024
2022-07-21,86.92698669433594,87.69938,3.2077038890712863,19.992852825016957,4.471336805141943,2.0808792079686547,0.9949795872547024
2022-07-22,90.2581024169922,87.97812,3.2077038890712863,19.992852825016957,4.471336805141943,2.0808792079686547,0.9949795872547024
2022-07-25,88.54440307617188,89.167404,3.2077038890712863,19.992852825016957,4.471336805141943,2.0808792079686547,0.9949795872547024
2022-07-26,86.92698669433594,89.58595,3.2077038890712863,19.992852825016957,4.471336805141943,2.0808792079686547,0.9949795872547024
2022-07-27,87.90898895263672,89.2832,3.2077038890712863,19.992852825016957,4.471336805141943,2.0808792079686547,0.9949795872547024
2022-07-28,88.35185241699219,89.28245,3.2077038890712863,19.992852825016957,4.471336805141943,2.0808792079686547,0.9949795872547024
2022-07-29,89.73822021484375,89.32511,3.2077038890712863,19.992852825016957,4.471336805141943,2.0808792079686547,0.9949795872547024
2022-08-01,90.29662322998048,89.77929,3.2077038890712863,19.992852825016957,4.471336805141943,2.0808792079686547,0.9949795872547024
2022-08-02,87.79346466064455,90.19832,3.2077038890712863,19.992852825016957,4.471336805141943,2.0808792079686547,0.9949795872547024
2022-08-03,90.00779724121094,89.788734,3.2077038890712863,19.992852825016957,4.471336805141943,2.0808792079686547,0.9949795872547024
2022-08-04,91.7407455444336,90.12472,3.2077038890712863,19.992852825016957,4.471336805141943,2.0808792079686547,0.9949795872547024
2022-08-05,91.03793334960938,90.90093,3.2077038890712863,19.992852825016957,4.471336805141943,2.0808792079686547,0.9949795872547024
2022-08-08,90.81649780273438,91.28422,3.2077038890712863,19.992852825016957,4.471336805141943,2.0808792079686547,0.9949795872547024
2022-08-09,90.26773834228516,91.514915,3.2077038890712863,19.992852825016957,4.471336805141943,2.0808792079686547,0.9949795872547024
2022-08-10,92.49169158935548,91.47179,3.2077038890712863,19.992852825016957,4.471336805141943,2.0808792079686547,0.9949795872547024
2022-08-11,91.69260406494142,92.001465,3.2077038890712863,19.992852825016957,4.471336805141943,2.0808792079686547,0.9949795872547024
2022-08-12,92.37615966796876,92.19789,3.2077038890712863,19.992852825016957,4.471336805141943,2.0808792079686547,0.9949795872547024
2022-08-15,92.24137878417969,92.474625,3.2077038890712863,19.992852825016957,4.471336805141943,2.0808792079686547,0.9949795872547024
2022-08-16,90.69134521484376,92.79121,3.2077038890712863,19.992852825016957,4.471336805141943,2.0808792079686547,0.9949795872547024
2022-08-17,89.48789978027344,92.4993,3.2077038890712863,19.992852825016957,4.471336805141943,2.0808792079686547,0.9949795872547024
2022-08-18,89.01615142822267,91.8562,3.2077038890712863,19.992852825016957,4.471336805141943,2.0808792079686547,0.9949795872547024
2022-08-19,88.20744323730469,91.14137,3.2077038890712863,19.992852825016957,4.471336805141943,2.0808792079686547,0.9949795872547024
2022-08-22,85.13626098632812,90.38233,3.2077038890712863,19.992852825016957,4.471336805141943,2.0808792079686547,0.9949795872547024
2022-08-23,84.1157455444336,88.97607,3.2077038890712863,19.992852825016957,4.471336805141943,2.0808792079686547,0.9949795872547024
2022-08-24,84.16387939453125,87.60714,3.2077038890712863,19.992852825016957,4.471336805141943,2.0808792079686547,0.9949795872547024
2022-08-25,84.9148178100586,86.56692,3.2077038890712863,19.992852825016957,4.471336805141943,2.0808792079686547,0.9949795872547024
2022-08-26,81.10232543945312,86.1079,3.2077038890712863,19.992852825016957,4.471336805141943,2.0808792079686547,0.9949795872547024
2022-08-29,81.42967224121094,84.77533,3.2077038890712863,19.992852825016957,4.471336805141943,2.0808792079686547,0.9949795872547024
2022-08-30,81.37189483642578,83.81203,3.2077038890712863,19.992852825016957,4.471336805141943,2.0808792079686547,0.9949795872547024
2022-08-31,82.04582214355469,83.15347,3.2077038890712863,19.992852825016957,4.471336805141943,2.0808792079686547,0.9949795872547024
2022-09-01,80.85200500488281,82.89324,3.2077038890712863,19.992852825016957,4.471336805141943,2.0808792079686547,0.9949795872547024
2022-09-02,80.16844940185547,82.34793,3.2077038890712863,19.992852825016957,4.471336805141943,2.0808792079686547,0.9949795872547024
2022-09-06,81.03492736816406,81.75044,3.2077038890712863,19.992852825016957,4.471336805141943,2.0808792079686547,0.9949795872547024
2022-09-07,82.3827896118164,81.59199,3.2077038890712863,19.992852825016957,4.471336805141943,2.0808792079686547,0.9949795872547024
2022-09-08,82.1324691772461,81.94246,3.2077038890712863,19.992852825016957,4.471336805141943,2.0808792079686547,0.9949795872547024
2022-09-09,83.82691955566406,82.27085,3.2077038890712863,19.992852825016957,4.471336805141943,2.0808792079686547,0.9949795872547024
2022-09-12,85.63689422607422,83.07622,3.2077038890712863,19.992852825016957,4.471336805141943,2.0808792079686547,0.9949795872547024
2022-09-13,82.66197967529297,84.19916,3.2077038890712863,19.992852825016957,4.471336805141943,2.0808792079686547,0.9949795872547024
2022-09-14,83.09522247314453,84.22364,3.2077038890712863,19.992852825016957,4.471336805141943,2.0808792079686547,0.9949795872547024
2022-09-15,81.26599884033205,84.307045,3.2077038890712863,19.992852825016957,4.471336805141943,2.0808792079686547,0.9949795872547024
2022-09-16,80.8134994506836,83.78868,3.2077038890712863,19.992852825016957,4.471336805141943,2.0808792079686547,0.9949795872547024
2022-09-19,81.12158203125,83.22742,3.2077038890712863,19.992852825016957,4.471336805141943,2.0808792079686547,0.9949795872547024
2022-09-20,79.84111785888672,82.88528,3.2077038890712863,19.992852825016957,4.471336805141943,2.0808792079686547,0.9949795872547024
2022-09-21,79.27308654785156,82.15458,3.2077038890712863,19.992852825016957,4.471336805141943,2.0808792079686547,0.9949795872547024
2022-09-22,78.33922576904297,81.41297,3.2077038890712863,19.992852825016957,4.471336805141943,2.0808792079686547,0.9949795872547024
2022-09-23,76.50999450683592,80.58996,3.2077038890712863,19.992852825016957,4.471336805141943,2.0808792079686547,0.9949795872547024
2022-09-26,76.66402435302733,79.44768,3.2077038890712863,19.992852825016957,4.471336805141943,2.0808792079686547,0.9949795872547024
2022-09-27,76.17302703857422,78.69497,3.2077038890712863,19.992852825016957,4.471336805141943,2.0808792079686547,0.9949795872547024
2022-09-28,78.42586517333983,78.0299,3.2077038890712863,19.992852825016957,4.471336805141943,2.0808792079686547,0.9949795872547024
2022-09-29,77.48238372802733,78.27705,3.2077038890712863,19.992852825016957,4.471336805141943,2.0808792079686547,0.9949795872547024
2022-09-30,78.22369384765624,78.27157,3.2077038890712863,19.992852825016957,4.471336805141943,2.0808792079686547,0.9949795872547024
2022-10-03,80.8134994506836,78.48682,3.2077038890712863,19.992852825016957,4.471336805141943,2.0808792079686547,0.9949795872547024
2022-10-04,84.76078796386719,79.4167,3.2077038890712863,19.992852825016957,4.471336805141943,2.0808792079686547,0.9949795872547024
2022-10-05,83.93281555175783,81.36169,3.2077038890712863,19.992852825016957,4.471336805141943,2.0808792079686547,0.9949795872547024
2022-10-06,83.1433639526367,82.69896,3.2077038890712863,19.992852825016957,4.471336805141943,2.0808792079686547,0.9949795872547024
2022-10-07,81.38153076171875,83.4606,3.2077038890712863,19.992852825016957,4.471336805141943,2.0808792079686547,0.9949795872547024
2022-10-10,80.91940307617188,83.480934,3.2077038890712863,19.992852825016957,4.471336805141943,2.0808792079686547,0.9949795872547024
2022-10-11,79.9181365966797,83.2294,3.2077038890712863,19.992852825016957,4.471336805141943,2.0808792079686547,0.9949795872547024
2022-10-12,79.43675994873048,82.706085,3.2077038890712863,19.992852825016957,4.471336805141943,2.0808792079686547,0.9949795872547024
2022-10-13,81.97843170166016,82.034386,3.2077038890712863,19.992852825016957,4.471336805141943,2.0808792079686547,0.9949795872547024
2022-10-14,81.45854187011719,82.238594,3.2077038890712863,19.992852825016957,4.471336805141943,2.0808792079686547,0.9949795872547024
2022-10-17,83.61510467529295,82.34439,3.2077038890712863,19.992852825016957,4.471336805141943,2.0808792079686547,0.9949795872547024
2022-10-18,85.70428466796875,82.981544,3.2077038890712863,19.992852825016957,4.471336805141943,2.0808792079686547,0.9949795872547024
2022-10-19,83.49958801269531,84.13292,3.2077038890712863,19.992852825016957,4.471336805141943,2.0808792079686547,0.9949795872547024
2022-10-20,83.67288208007814,84.42943,3.2077038890712863,19.992852825016957,4.471336805141943,2.0808792079686547,0.9949795872547024
2022-10-21,87.49500274658203,84.629105,3.2077038890712863,19.992852825016957,4.471336805141943,2.0808792079686547,0.9949795872547024
2022-10-24,87.62016296386719,85.84687,3.2077038890712863,19.992852825016957,4.471336805141943,2.0808792079686547,0.9949795872547024
2022-10-25,92.73238372802734,86.79298,3.2077038890712863,19.992852825016957,4.471336805141943,2.0808792079686547,0.9949795872547024
2022-10-26,94.1187515258789,88.9442,3.2077038890712863,19.992852825016957,4.471336805141943,2.0808792079686547,0.9949795872547024
2022-10-27,93.8106689453125,91.06095,3.2077038890712863,19.992852825016957,4.471336805141943,2.0808792079686547,0.9949795872547024
2022-10-28,94.07061004638672,92.4781,3.2077038890712863,19.992852825016957,4.471336805141943,2.0808792079686547,0.9949795872547024
2022-10-31,92.48207092285156,93.45265,3.2077038890712863,19.992852825016957,4.471336805141943,2.0808792079686547,0.9949795872547024
2022-11-01,92.270263671875,93.598976,3.2077038890712863,19.992852825016957,4.471336805141943,2.0808792079686547,0.9949795872547024
2022-11-02,90.46991729736327,93.500755,3.2077038890712863,19.992852825016957,4.471336805141943,2.0808792079686547,0.9949795872547024
2022-11-03,89.2375946044922,92.815094,3.2077038890712863,19.992852825016957,4.471336805141943,2.0808792079686547,0.9949795872547024
2022-11-04,92.44355010986327,91.7854,3.2077038890712863,19.992852825016957,4.471336805141943,2.0808792079686547,0.9949795872547024
2022-11-07,93.93582153320314,91.88735,3.2077038890712863,19.992852825016957,4.471336805141943,2.0808792079686547,0.9949795872547024
2022-11-08,94.3209228515625,92.40891,3.2077038890712863,19.992852825016957,4.471336805141943,2.0808792079686547,0.9949795872547024
2022-11-09,93.91657257080078,92.923454,3.2077038890712863,19.992852825016957,4.471336805141943,2.0808792079686547,0.9949795872547024
2022-11-10,103.18788146972656,93.19522,3.2077038890712863,19.992852825016957,4.471336805141943,2.0808792079686547,0.9949795872547024
2022-11-11,106.06651306152344,96.064125,3.2077038890712863,19.992852825016957,4.471336805141943,2.0808792079686547,0.9949795872547024
2022-11-14,104.77642822265622,99.144035,3.2077038890712863,19.992852825016957,4.471336805141943,2.0808792079686547,0.9949795872547024
2022-11-15,105.7199249267578,101.04819,3.2077038890712863,19.992852825016957,4.471336805141943,2.0808792079686547,0.9949795872547024
2022-11-16,106.9233627319336,102.6369,3.2077038890712863,19.992852825016957,4.471336805141943,2.0808792079686547,0.9949795872547024
2022-11-17,107.65505981445312,104.02097,3.2077038890712863,19.992852825016957,4.471336805141943,2.0808792079686547,0.9949795872547024
2022-11-18,104.7379150390625,105.097824,3.2077038890712863,19.992852825016957,4.471336805141943,2.0808792079686547,0.9949795872547024
2022-11-21,104.45870971679688,104.85807,3.2077038890712863,19.992852825016957,4.471336805141943,2.0808792079686547,0.9949795872547024
2022-11-22,105.53700256347656,104.4773,3.2077038890712863,19.992852825016957,4.471336805141943,2.0808792079686547,0.9949795872547024
2022-11-23,105.75843048095705,104.37206,3.2077038890712863,19.992852825016957,4.471336805141943,2.0808792079686547,0.9949795872547024
2022-11-25,106.52863311767578,104.30647,3.2077038890712863,19.992852825016957,4.471336805141943,2.0808792079686547,0.9949795872547024
2022-11-28,103.9773406982422,104.430405,3.2077038890712863,19.992852825016957,4.471336805141943,2.0808792079686547,0.9949795872547024
2022-11-29,102.93756866455077,103.80662,3.2077038890712863,19.992852825016957,4.471336805141943,2.0808792079686547,0.9949795872547024
2022-11-30,106.74044036865234,103.02054,3.2077038890712863,19.992852825016957,4.471336805141943,2.0808792079686547,0.9949795872547024
2022-12-01,107.8379898071289,103.51259,3.2077038890712863,19.992852825016957,4.471336805141943,2.0808792079686547,0.9949795872547024
2022-12-02,107.85723876953124,104.263504,3.2077038890712863,19.992852825016957,4.471336805141943,2.0808792079686547,0.9949795872547024
2022-12-05,106.16278839111328,104.90248,3.2077038890712863,19.992852825016957,4.471336805141943,2.0808792079686547,0.9949795872547024
2022-12-06,103.7559051513672,104.856804,3.2077038890712863,19.992852825016957,4.471336805141943,2.0808792079686547,0.9949795872547024
2022-12-07,103.85218811035156,104.00342,3.2077038890712863,19.992852825016957,4.471336805141943,2.0808792079686547,0.9949795872547024
2022-12-08,103.80404663085938,103.36178,3.2077038890712863,19.992852825016957,4.471336805141943,2.0808792079686547,0.9949795872547024
2022-12-09,103.29379272460938,102.81929,3.2077038890712863,19.992852825016957,4.471336805141943,2.0808792079686547,0.9949795872547024
2022-12-12,104.3239288330078,102.2997,3.2077038890712863,19.992852825016957,4.471336805141943,2.0808792079686547,0.9949795872547024
2022-12-13,105.7199249267578,102.22331,3.2077038890712863,19.992852825016957,4.471336805141943,2.0808792079686547,0.9949795872547024
2022-12-14,105.62364959716795,102.58878,3.2077038890712863,19.992852825016957,4.471336805141943,2.0808792079686547,0.9949795872547024
2022-12-15,101.64747619628906,102.89703,3.2077038890712863,19.992852825016957,4.471336805141943,2.0808792079686547,0.9949795872547024
2022-12-16,101.43567657470705,101.98885,3.2077038890712863,19.992852825016957,4.471336805141943,2.0808792079686547,0.9949795872547024
2022-12-19,100.41516113281251,101.19071,3.2077038890712863,19.992852825016957,4.471336805141943,2.0808792079686547,0.9949795872547024
2022-12-20,100.59807586669922,100.34005,3.2077038890712863,19.992852825016957,4.471336805141943,2.0808792079686547,0.9949795872547024
2022-12-21,100.89653778076173,99.79016,3.2077038890712863,19.992852825016957,4.471336805141943,2.0808792079686547,0.9949795872547024
2022-12-22,100.1070785522461,99.56601,3.2077038890712863,19.992852825016957,4.471336805141943,2.0808792079686547,0.9949795872547024
2022-12-23,99.64495086669922,99.21839,3.2077038890712863,19.992852825016957,4.471336805141943,2.0808792079686547,0.9949795872547024
2022-12-27,99.49091339111328,98.932785,3.2077038890712863,19.992852825016957,4.471336805141943,2.0808792079686547,0.9949795872547024
2022-12-28,98.01789093017578,98.75431,3.2077038890712863,19.992852825016957,4.471336805141943,2.0808792079686547,0.9949795872547024
2022-12-29,100.23223114013672,98.219345,3.2077038890712863,19.992852825016957,4.471336805141943,2.0808792079686547,0.9949795872547024
2022-12-30,99.3465042114258,98.385,3.2077038890712863,19.992852825016957,4.471336805141943,2.0808792079686547,0.9949795872547024
2023-01-03,100.1070785522461,98.31939,3.2077038890712863,19.992852825016957,4.471336805141943,2.0808792079686547,0.9949795872547024
2023-01-04,102.90868377685548,98.51331,3.2077038890712863,19.992852825016957,4.471336805141943,2.0808792079686547,0.9949795872547024
2023-01-05,102.20587158203124,99.53854,3.2077038890712863,19.992852825016957,4.471336805141943,2.0808792079686547,0.9949795872547024
2023-01-06,105.0459976196289,100.182076,3.2077038890712863,19.992852825016957,4.471336805141943,2.0808792079686547,0.9949795872547024
2023-01-09,107.28921508789062,101.52668,3.2077038890712863,19.992852825016957,4.471336805141943,2.0808792079686547,0.9949795872547024
2023-01-10,109.19546508789061,103.26232,3.2077038890712863,19.992852825016957,4.471336805141943,2.0808792079686547,0.9949795872547024
2023-01-11,110.5914535522461,105.102036,3.2077038890712863,19.992852825016957,4.471336805141943,2.0808792079686547,0.9949795872547024
2023-01-12,112.33403778076172,106.91411,3.2077038890712863,19.992852825016957,4.471336805141943,2.0808792079686547,0.9949795872547024
2023-01-13,112.6517562866211,108.71161,3.2077038890712863,19.992852825016957,4.471336805141943,2.0808792079686547,0.9949795872547024
2023-01-17,111.8815460205078,110.05489,3.2077038890712863,19.992852825016957,4.471336805141943,2.0808792079686547,0.9949795872547024
2023-01-18,112.71914672851562,110.82852,3.2077038890712863,19.992852825016957,4.471336805141943,2.0808792079686547,0.9949795872547024
2023-01-19,111.36166381835938,111.59813,3.2077038890712863,19.992852825016957,4.471336805141943,2.0808792079686547,0.9949795872547024
2023-01-20,112.75765228271484,111.67132,3.2077038890712863,19.992852825016957,4.471336805141943,2.0808792079686547,0.9949795872547024
2023-01-23,112.36292266845705,112.087975,3.2077038890712863,19.992852825016957,4.471336805141943,2.0808792079686547,0.9949795872547024
2023-01-24,111.86228942871094,112.15893,3.2077038890712863,19.992852825016957,4.471336805141943,2.0808792079686547,0.9949795872547024
2023-01-25,111.83341217041016,111.98117,3.2077038890712863,19.992852825016957,4.471336805141943,2.0808792079686547,0.9949795872547024
2023-01-26,109.85012817382812,111.785805,3.2077038890712863,19.992852825016957,4.471336805141943,2.0808792079686547,0.9949795872547024
2023-01-27,108.99327850341794,111.01134,3.2077038890712863,19.992852825016957,4.471336805141943,2.0808792079686547,0.9949795872547024
2023-01-30,111.76600646972656,110.15972,3.2077038890712863,19.992852825016957,4.471336805141943,2.0808792079686547,0.9949795872547024
2023-01-31,114.11513519287111,110.30947,3.2077038890712863,19.992852825016957,4.471336805141943,2.0808792079686547,0.9949795872547024
2023-02-01,116.52201080322266,111.232216,3.2077038890712863,19.992852825016957,4.471336805141943,2.0808792079686547,0.9949795872547024
2023-02-02,118.38975524902344,112.78762,3.2077038890712863,19.992852825016957,4.471336805141943,2.0808792079686547,0.9949795872547024
2023-02-03,116.1369094848633,114.545654,3.2077038890712863,19.992852825016957,4.471336805141943,2.0808792079686547,0.9949795872547024
2023-02-06,115.26081085205078,115.25337,3.2077038890712863,19.992852825016957,4.471336805141943,2.0808792079686547,0.9949795872547024
2023-02-07,115.37633514404295,115.512115,3.2077038890712863,19.992852825016957,4.471336805141943,2.0808792079686547,0.9949795872547024
2023-02-08,114.19215393066406,115.772964,3.2077038890712863,19.992852825016957,4.471336805141943,2.0808792079686547,0.9949795872547024
2023-02-09,114.27880096435548,115.42829,3.2077038890712863,19.992852825016957,4.471336805141943,2.0808792079686547,0.9949795872547024
2023-02-10,112.97908020019531,115.07676,3.2077038890712863,19.992852825016957,4.471336805141943,2.0808792079686547,0.9949795872547024
2023-02-13,114.06700134277344,114.44698,3.2077038890712863,19.992852825016957,4.471336805141943,2.0808792079686547,0.9949795872547024
2023-02-14,114.33656311035156,114.248276,3.2077038890712863,19.992852825016957,4.471336805141943,2.0808792079686547,0.9949795872547024
2023-02-15,114.82756042480466,114.16404,3.2077038890712863,19.992852825016957,4.471336805141943,2.0808792079686547,0.9949795872547024
2023-02-16,113.56636810302734,114.223236,3.2077038890712863,19.992852825016957,4.471336805141943,2.0808792079686547,0.9949795872547024
2023-02-17,112.97908020019531,113.98062,3.2077038890712863,19.992852825016957,4.471336805141943,2.0808792079686547,0.9949795872547024
2023-02-21,110.50480651855467,113.63221,3.2077038890712863,19.992852825016957,4.471336805141943,2.0808792079686547,0.9949795872547024
2023-02-22,110.96692657470705,112.62688,3.2077038890712863,19.992852825016957,4.471336805141943,2.0808792079686547,0.9949795872547024
2023-02-23,111.68899536132812,111.96585,3.2077038890712863,19.992852825016957,4.471336805141943,2.0808792079686547,0.9949795872547024
2023-02-24,108.96440124511719,111.67351,3.2077038890712863,19.992852825016957,4.471336805141943,2.0808792079686547,0.9949795872547024
2023-02-27,110.8417739868164,110.78119,3.2077038890712863,19.992852825016957,4.471336805141943,2.0808792079686547,0.9949795872547024
2023-02-28,109.58056640625,110.712036,3.2077038890712863,19.992852825016957,4.471336805141943,2.0808792079686547,0.9949795872547024
2023-03-01,109.97530364990234,110.29064,3.2077038890712863,19.992852825016957,4.471336805141943,2.0808792079686547,0.9949795872547024
2023-03-02,110.2641143798828,110.07409,3.2077038890712863,19.992852825016957,4.471336805141943,2.0808792079686547,0.9949795872547024
2023-03-03,112.54583740234376,110.00254,3.2077038890712863,19.992852825016957,4.471336805141943,2.0808792079686547,0.9949795872547024
2023-03-06,115.27043151855467,110.65779,3.2077038890712863,19.992852825016957,4.471336805141943,2.0808792079686547,0.9949795872547024
2023-03-07,112.53621673583984,112.052666,3.2077038890712863,19.992852825016957,4.471336805141943,2.0808792079686547,0.9949795872547024
2023-03-08,113.03684234619142,112.373055,3.2077038890712863,19.992852825016957,4.471336805141943,2.0808792079686547,0.9949795872547024
2023-03-09,111.66973876953124,112.710335,3.2077038890712863,19.992852825016957,4.471336805141943,2.0808792079686547,0.9949795872547024
2023-03-10,111.15947723388672,112.553444,3.2077038890712863,19.992852825016957,4.471336805141943,2.0808792079686547,0.9949795872547024
2023-03-13,110.74549102783205,112.21328,3.2077038890712863,19.992852825016957,4.471336805141943,2.0808792079686547,0.9949795872547024
2023-03-14,113.72040557861328,111.750206,3.2077038890712863,19.992852825016957,4.471336805141943,2.0808792079686547,0.9949795872547024
2023-03-15,111.29427337646484,112.20719,3.2077038890712863,19.992852825016957,4.471336805141943,2.0808792079686547,0.9949795872547024
2023-03-16,115.8192138671875,111.969955,3.2077038890712863,19.992852825016957,4.471336805141943,2.0808792079686547,0.9949795872547024
2023-03-17,114.77942657470705,113.07569,3.2077038890712863,19.992852825016957,4.471336805141943,2.0808792079686547,0.9949795872547024
2023-03-20,116.85897827148438,113.692375,3.2077038890712863,19.992852825016957,4.471336805141943,2.0808792079686547,0.9949795872547024
2023-03-21,118.88076019287108,114.73558,3.2077038890712863,19.992852825016957,4.471336805141943,2.0808792079686547,0.9949795872547024
2023-03-22,117.68695068359376,116.08683,3.2077038890712863,19.992852825016957,4.471336805141943,2.0808792079686547,0.9949795872547024
2023-03-23,119.13107299804688,116.75706,3.2077038890712863,19.992852825016957,4.471336805141943,2.0808792079686547,0.9949795872547024
2023-03-24,118.69783782958984,117.61097,3.2077038890712863,19.992852825016957,4.471336805141943,2.0808792079686547,0.9949795872547024
2023-03-27,118.6593246459961,118.08364,3.2077038890712863,19.992852825016957,4.471336805141943,2.0808792079686547,0.9949795872547024
2023-03-28,118.87113189697266,118.41602,3.2077038890712863,19.992852825016957,4.471336805141943,2.0808792079686547,0.9949795872547024
2023-03-29,119.68946838378906,118.64212,3.2077038890712863,19.992852825016957,4.471336805141943,2.0808792079686547,0.9949795872547024
2023-03-30,121.3742904663086,119.06025,3.2077038890712863,19.992852825016957,4.471336805141943,2.0808792079686547,0.9949795872547024
2023-03-31,121.83641815185548,119.87737,3.2077038890712863,19.992852825016957,4.471336805141943,2.0808792079686547,0.9949795872547024
2023-04-03,121.61498260498048,120.610794,3.2077038890712863,19.992852825016957,4.471336805141943,2.0808792079686547,0.9949795872547024
2023-04-04,123.04947662353516,121.15609,3.2077038890712863,19.992852825016957,4.471336805141943,2.0808792079686547,0.9949795872547024
2023-04-05,122.01932525634766,121.940865,3.2077038890712863,19.992852825016957,4.471336805141943,2.0808792079686547,0.9949795872547024
2023-04-06,123.91596221923828,122.2145,3.2077038890712863,19.992852825016957,4.471336805141943,2.0808792079686547,0.9949795872547024
2023-04-10,122.70288848876952,122.907486,3.2077038890712863,19.992852825016957,4.471336805141943,2.0808792079686547,0.9949795872547024
2023-04-11,121.82678985595705,123.057846,3.2077038890712863,19.992852825016957,4.471336805141943,2.0808792079686547,0.9949795872547024
2023-04-12,122.37554931640624,122.83342,3.2077038890712863,19.992852825016957,4.471336805141943,2.0808792079686547,0.9949795872547024
2023-04-13,123.28054809570312,122.75636,3.2077038890712863,19.992852825016957,4.471336805141943,2.0808792079686547,0.9949795872547024
2023-04-14,122.67401123046876,122.95459,3.2077038890712863,19.992852825016957,4.471336805141943,2.0808792079686547,0.9949795872547024
2023-04-17,122.4622039794922,122.904274,3.2077038890712863,19.992852825016957,4.471336805141943,2.0808792079686547,0.9949795872547024
2023-04-18,122.88581848144533,122.816025,3.2077038890712863,19.992852825016957,4.471336805141943,2.0808792079686547,0.9949795872547024
2023-04-19,122.55847167968751,122.81764,3.2077038890712863,19.992852825016957,4.471336805141943,2.0808792079686547,0.9949795872547024
2023-04-20,122.13485717773436,122.718704,3.2077038890712863,19.992852825016957,4.471336805141943,2.0808792079686547,0.9949795872547024
2023-04-21,128.9607696533203,122.51826,3.2077038890712863,19.992852825016957,4.471336805141943,2.0808792079686547,0.9949795872547024
2023-04-24,127.6032943725586,124.32419,3.2077038890712863,19.992852825016957,4.471336805141943,2.0808792079686547,0.9949795872547024
2023-04-25,128.4601593017578,125.459526,3.2077038890712863,19.992852825016957,4.471336805141943,2.0808792079686547,0.9949795872547024
2023-04-26,128.3831329345703,126.6108,3.2077038890712863,19.992852825016957,4.471336805141943,2.0808792079686547,0.9949795872547024
2023-04-27,131.56021118164062,127.402534,3.2077038890712863,19.992852825016957,4.471336805141943,2.0808792079686547,0.9949795872547024
2023-04-28,130.23162841796875,128.82478,3.2077038890712863,19.992852825016957,4.471336805141943,2.0808792079686547,0.9949795872547024
2023-05-01,129.47105407714844,129.43823,3.2077038890712863,19.992852825016957,4.471336805141943,2.0808792079686547,0.9949795872547024
2023-05-02,129.3555145263672,129.5224,3.2077038890712863,19.992852825016957,4.471336805141943,2.0808792079686547,0.9949795872547024
2023-05-03,130.7226104736328,129.48207,3.2077038890712863,19.992852825016957,4.471336805141943,2.0808792079686547,0.9949795872547024
2023-05-04,129.09555053710938,129.78279,3.2077038890712863,19.992852825016957,4.471336805141943,2.0808792079686547,0.9949795872547024
2023-05-05,129.74061584472656,129.50047,3.2077038890712863,19.992852825016957,4.471336805141943,2.0808792079686547,0.9949795872547024
2023-05-08,130.7226104736328,129.43929,3.2077038890712863,19.992852825016957,4.471336805141943,2.0808792079686547,0.9949795872547024
2023-05-09,129.66358947753906,129.65227,3.2077038890712863,19.992852825016957,4.471336805141943,2.0808792079686547,0.9949795872547024
2023-05-10,129.80799865722656,129.54698,3.2077038890712863,19.992852825016957,4.471336805141943,2.0808792079686547,0.9949795872547024
2023-05-11,128.71046447753906,129.46452,3.2077038890712863,19.992852825016957,4.471336805141943,2.0808792079686547,0.9949795872547024
2023-05-12,128.78485107421875,129.06184,3.2077038890712863,19.992852825016957,4.471336805141943,2.0808792079686547,0.9949795872547024
2023-05-15,128.5108184814453,128.72539,3.2077038890712863,19.992852825016957,4.471336805141943,2.0808792079686547,0.9949795872547024
2023-05-16,130.331298828125,128.3976,3.2077038890712863,19.992852825016957,4.471336805141943,2.0808792079686547,0.9949795872547024
2023-05-17,129.80276489257812,128.67151,3.2077038890712863,19.992852825016957,4.471336805141943,2.0808792079686547,0.9949795872547024
2023-05-18,131.05557250976562,128.81897,3.2077038890712863,19.992852825016957,4.471336805141943,2.0808792079686547,0.9949795872547024
2023-05-19,131.427490234375,129.29161,3.2077038890712863,19.992852825016957,4.471336805141943,2.0808792079686547,0.9949795872547024
2023-05-22,130.45852661132812,129.75015,3.2077038890712863,19.992852825016957,4.471336805141943,2.0808792079686547,0.9949795872547024
2023-05-23,127.07203674316408,129.89226,3.2077038890712863,19.992852825016957,4.471336805141943,2.0808792079686547,0.9949795872547024
2023-05-24,126.4652099609375,128.97083,3.2077038890712863,19.992852825016957,4.471336805141943,2.0808792079686547,0.9949795872547024
2023-05-25,126.69032287597656,128.0826,3.2077038890712863,19.992852825016957,4.471336805141943,2.0808792079686547,0.9949795872547024
2023-05-26,128.61846923828125,127.485275,3.2077038890712863,19.992852825016957,4.471336805141943,2.0808792079686547,0.9949795872547024
2023-05-30,127.47333526611327,127.64982,3.2077038890712863,19.992852825016957,4.471336805141943,2.0808792079686547,0.9949795872547024
2023-05-31,127.66907501220705,127.488464,3.2077038890712863,19.992852825016957,4.471336805141943,2.0808792079686547,0.9949795872547024
2023-06-01,129.36231994628906,127.37299,3.2077038890712863,19.992852825016957,4.471336805141943,2.0808792079686547,0.9949795872547024
2023-06-02,130.14532470703125,127.84813,3.2077038890712863,19.992852825016957,4.471336805141943,2.0808792079686547,0.9949795872547024
2023-06-05,128.70655822753906,128.46066,3.2077038890712863,19.992852825016957,4.471336805141943,2.0808792079686547,0.9949795872547024
2023-06-06,129.03933715820312,128.5676,3.2077038890712863,19.992852825016957,4.471336805141943,2.0808792079686547,0.9949795872547024
2023-06-07,128.90231323242188,128.75026,3.2077038890712863,19.992852825016957,4.471336805141943,2.0808792079686547,0.9949795872547024
2023-06-08,130.38023376464844,128.8844,3.2077038890712863,19.992852825016957,4.471336805141943,2.0808792079686547,0.9949795872547024
2023-06-09,129.900634765625,129.35997,3.2077038890712863,19.992852825016957,4.471336805141943,2.0808792079686547,0.9949795872547024
2023-06-12,130.92832946777344,129.6947,3.2077038890712863,19.992852825016957,4.471336805141943,2.0808792079686547,0.9949795872547024
2023-06-13,132.41604614257812,130.16348,3.2077038890712863,19.992852825016957,4.471336805141943,2.0808792079686547,0.9949795872547024
2023-06-14,132.68031311035156,130.99771,3.2077038890712863,19.992852825016957,4.471336805141943,2.0808792079686547,0.9949795872547024
2023-06-15,134.12887573242188,131.69096,3.2077038890712863,19.992852825016957,4.471336805141943,2.0808792079686547,0.9949795872547024
2023-06-16,134.36378479003906,132.5716,3.2077038890712863,19.992852825016957,4.471336805141943,2.0808792079686547,0.9949795872547024
2023-06-20,133.12074279785156,133.32414,3.2077038890712863,19.992852825016957,4.471336805141943,2.0808792079686547,0.9949795872547024
2023-06-21,131.92666625976562,133.47382,3.2077038890712863,19.992852825016957,4.471336805141943,2.0808792079686547,0.9949795872547024
2023-06-22,132.2398681640625,133.19756,3.2077038890712863,19.992852825016957,4.471336805141943,2.0808792079686547,0.9949795872547024
2023-06-23,130.63470458984375,133.0381,3.2077038890712863,19.992852825016957,4.471336805141943,2.0808792079686547,0.9949795872547024
2023-06-26,129.61679077148438,132.45927,3.2077038890712863,19.992852825016957,4.471336805141943,2.0808792079686547,0.9949795872547024
2023-06-27,130.18447875976562,131.7162,3.2077038890712863,19.992852825016957,4.471336805141943,2.0808792079686547,0.9949795872547024
2023-06-28,131.41770935058594,131.2945,3.2077038890712863,19.992852825016957,4.471336805141943,2.0808792079686547,0.9949795872547024
2023-06-29,131.5742950439453,131.36673,3.2077038890712863,19.992852825016957,4.471336805141943,2.0808792079686547,0.9949795872547024
2023-06-30,133.90374755859375,131.54292,3.2077038890712863,19.992852825016957,4.471336805141943,2.0808792079686547,0.9949795872547024
2023-07-03,131.6917724609375,132.35524,3.2077038890712863,19.992852825016957,4.471336805141943,2.0808792079686547,0.9949795872547024
2023-07-05,131.54495239257812,132.41322,3.2077038890712863,19.992852825016957,4.471336805141943,2.0808792079686547,0.9949795872547024
2023-07-06,129.61679077148438,132.33934,3.2077038890712863,19.992852825016957,4.471336805141943,2.0808792079686547,0.9949795872547024
2023-07-07,130.42916870117188,131.72858,3.2077038890712863,19.992852825016957,4.471336805141943,2.0808792079686547,0.9949795872547024
2023-07-10,132.01475524902344,131.49026,3.2077038890712863,19.992852825016957,4.471336805141943,2.0808792079686547,0.9949795872547024
2023-07-11,133.42416381835938,131.77559,3.2077038890712863,19.992852825016957,4.471336805141943,2.0808792079686547,0.9949795872547024
2023-07-12,137.5936737060547,132.41888,3.2077038890712863,19.992852825016957,4.471336805141943,2.0808792079686547,0.9949795872547024
2023-07-13,140.90187072753906,134.1578,3.2077038890712863,19.992852825016957,4.471336805141943,2.0808792079686547,0.9949795872547024
2023-07-14,141.28358459472656,136.49896,3.2077038890712863,19.992852825016957,4.471336805141943,2.0808792079686547,0.9949795872547024
2023-07-17,141.9099884033203,138.40656,3.2077038890712863,19.992852825016957,4.471336805141943,2.0808792079686547,0.9949795872547024
2023-07-18,141.83169555664062,140.00146,3.2077038890712863,19.992852825016957,4.471336805141943,2.0808792079686547,0.9949795872547024
2023-07-19,139.96226501464844,141.15161,3.2077038890712863,19.992852825016957,4.471336805141943,2.0808792079686547,0.9949795872547024
2023-07-20,131.08493041992188,141.23506,3.2077038890712863,19.992852825016957,4.471336805141943,2.0808792079686547,0.9949795872547024
2023-07-21,131.1730194091797,138.6564,3.2077038890712863,19.992852825016957,4.471336805141943,2.0808792079686547,0.9949795872547024
2023-07-24,129.57765197753906,136.51688,3.2077038890712863,19.992852825016957,4.471336805141943,2.0808792079686547,0.9949795872547024
2023-07-25,129.79298400878906,134.42458,3.2077038890712863,19.992852825016957,4.471336805141943,2.0808792079686547,0.9949795872547024
2023-07-26,129.52871704101562,132.86302,3.2077038890712863,19.992852825016957,4.471336805141943,2.0808792079686547,0.9949795872547024
2023-07-27,131.2219696044922,131.72542,3.2077038890712863,19.992852825016957,4.471336805141943,2.0808792079686547,0.9949795872547024
2023-07-28,133.90374755859375,131.48463,3.2077038890712863,19.992852825016957,4.471336805141943,2.0808792079686547,0.9949795872547024
2023-07-31,133.4535369873047,132.22046,3.2077038890712863,19.992852825016957,4.471336805141943,2.0808792079686547,0.9949795872547024
2023-08-01,133.49267578125,132.74648,3.2077038890712863,19.992852825016957,4.471336805141943,2.0808792079686547,0.9949795872547024
2023-08-02,130.38023376464844,133.24455,3.2077038890712863,19.992852825016957,4.471336805141943,2.0808792079686547,0.9949795872547024
2023-08-03,129.39169311523438,132.73264,3.2077038890712863,19.992852825016957,4.471336805141943,2.0808792079686547,0.9949795872547024
2023-08-04,130.1355438232422,131.98387,3.2077038890712863,19.992852825016957,4.471336805141943,2.0808792079686547,0.9949795872547024
2023-08-07,132.91522216796875,131.62636,3.2077038890712863,19.992852825016957,4.471336805141943,2.0808792079686547,0.9949795872547024
2023-08-08,131.7700653076172,132.17442,3.2077038890712863,19.992852825016957,4.471336805141943,2.0808792079686547,0.9949795872547024
2023-08-09,132.6411590576172,132.35979,3.2077038890712863,19.992852825016957,4.471336805141943,2.0808792079686547,0.9949795872547024
2023-08-10,134.9608154296875,132.77054,3.2077038890712863,19.992852825016957,4.471336805141943,2.0808792079686547,0.9949795872547024
2023-08-11,134.7259063720703,133.7838,3.2077038890712863,19.992852825016957,4.471336805141943,2.0808792079686547,0.9949795872547024
2023-08-14,135.998291015625,134.47318,3.2077038890712863,19.992852825016957,4.471336805141943,2.0808792079686547,0.9949795872547024
2023-08-15,134.76507568359375,135.34692,3.2077038890712863,19.992852825016957,4.471336805141943,2.0808792079686547,0.9949795872547024
2023-08-16,134.50079345703125,135.58781,3.2077038890712863,19.992852825016957,4.471336805141943,2.0808792079686547,0.9949795872547024
2023-08-17,131.48623657226562,135.58884,3.2077038890712863,19.992852825016957,4.471336805141943,2.0808792079686547,0.9949795872547024
2023-08-18,132.48455810546875,134.6532,3.2077038890712863,19.992852825016957,4.471336805141943,2.0808792079686547,0.9949795872547024
2023-08-21,133.80589294433594,134.21828,3.2077038890712863,19.992852825016957,4.471336805141943,2.0808792079686547,0.9949795872547024
2023-08-22,135.5284881591797,134.29182,3.2077038890712863,19.992852825016957,4.471336805141943,2.0808792079686547,0.9949795872547024
2023-08-23,137.16302490234375,134.88945,3.2077038890712863,19.992852825016957,4.471336805141943,2.0808792079686547,0.9949795872547024
2023-08-24,132.6998748779297,135.81519,3.2077038890712863,19.992852825016957,4.471336805141943,2.0808792079686547,0.9949795872547024
2023-08-25,134.53994750976562,135.29463,3.2077038890712863,19.992852825016957,4.471336805141943,2.0808792079686547,0.9949795872547024
2023-08-28,135.40126037597656,135.36497,3.2077038890712863,19.992852825016957,4.471336805141943,2.0808792079686547,0.9949795872547024
2023-08-29,137.07493591308594,135.63206,3.2077038890712863,19.992852825016957,4.471336805141943,2.0808792079686547,0.9949795872547024
2023-08-30,137.65240478515625,136.30095,3.2077038890712863,19.992852825016957,4.471336805141943,2.0808792079686547,0.9949795872547024
2023-08-31,136.7225799560547,137.02802,3.2077038890712863,19.992852825016957,4.471336805141943,2.0808792079686547,0.9949795872547024
2023-09-01,135.2544403076172,137.31413,3.2077038890712863,19.992852825016957,4.471336805141943,2.0808792079686547,0.9949795872547024
2023-09-05,134.7454833984375,137.0958,3.2077038890712863,19.992852825016957,4.471336805141943,2.0808792079686547,0.9949795872547024
2023-09-06,135.7927703857422,136.71994,3.2077038890712863,19.992852825016957,4.471336805141943,2.0808792079686547,0.9949795872547024
2023-09-07,136.97705078125,136.74411,3.2077038890712863,19.992852825016957,4.471336805141943,2.0808792079686547,0.9949795872547024
2023-09-08,137.47622680664062,137.12086,3.2077038890712863,19.992852825016957,4.471336805141943,2.0808792079686547,0.9949795872547024
2023-09-11,136.213623046875,137.55873,3.2077038890712863,19.992852825016957,4.471336805141943,2.0808792079686547,0.9949795872547024
2023-09-12,132.37689208984375,137.54185,3.2077038890712863,19.992852825016957,4.471336805141943,2.0808792079686547,0.9949795872547024
2023-09-13,132.86627197265625,136.36569,3.2077038890712863,19.992852825016957,4.471336805141943,2.0808792079686547,0.9949795872547024
2023-09-14,133.10118103027344,135.52179,3.2077038890712863,19.992852825016957,4.471336805141943,2.0808792079686547,0.9949795872547024
2023-09-15,132.36712646484375,134.96344,3.2077038890712863,19.992852825016957,4.471336805141943,2.0808792079686547,0.9949795872547024
2023-09-18,132.36712646484375,134.38313,3.2077038890712863,19.992852825016957,4.471336805141943,2.0808792079686547,0.9949795872547024
2023-09-19,131.8385772705078,133.9563,3.2077038890712863,19.992852825016957,4.471336805141943,2.0808792079686547,0.9949795872547024
2023-09-20,130.69342041015625,133.55255,3.2077038890712863,19.992852825016957,4.471336805141943,2.0808792079686547,0.9949795872547024
2023-09-21,128.373779296875,132.98647,3.2077038890712863,19.992852825016957,4.471336805141943,2.0808792079686547,0.9949795872547024
2023-09-22,129.83212280273438,131.91776,3.2077038890712863,19.992852825016957,4.471336805141943,2.0808792079686547,0.9949795872547024
2023-09-25,129.14700317382812,131.5119,3.2077038890712863,19.992852825016957,4.471336805141943,2.0808792079686547,0.9949795872547024
2023-09-26,124.47832489013672,131.07172,3.2077038890712863,19.992852825016957,4.471336805141943,2.0808792079686547,0.9949795872547024
2023-09-27,124.96770477294922,129.37721,3.2077038890712863,19.992852825016957,4.471336805141943,2.0808792079686547,0.9949795872547024
2023-09-28,125.23196411132812,128.2578,3.2077038890712863,19.992852825016957,4.471336805141943,2.0808792079686547,0.9949795872547024
2023-09-29,126.5728759765625,127.5594,3.2077038890712863,19.992852825016957,4.471336805141943,2.0808792079686547,0.9949795872547024
2023-10-02,125.82901000976562,127.58785,3.2077038890712863,19.992852825016957,4.471336805141943,2.0808792079686547,0.9949795872547024
2023-10-03,125.22218322753906,127.547806,3.2077038890712863,19.992852825016957,4.471336805141943,2.0808792079686547,0.9949795872547024
2023-10-04,126.1911392211914,127.44161,3.2077038890712863,19.992852825016957,4.471336805141943,2.0808792079686547,0.9949795872547024
2023-10-05,126.80776977539061,127.72338,3.2077038890712863,19.992852825016957,4.471336805141943,2.0808792079686547,0.9949795872547024
2023-10-06,128.1388702392578,128.12022,3.2077038890712863,19.992852825016957,4.471336805141943,2.0808792079686547,0.9949795872547024
2023-10-09,127.1503448486328,128.76688,3.2077038890712863,19.992852825016957,4.471336805141943,2.0808792079686547,0.9949795872547024
2023-10-10,128.41293334960938,128.96019,3.2077038890712863,19.992852825016957,4.471336805141943,2.0808792079686547,0.9949795872547024
2023-10-11,129.57765197753906,129.37611,3.2077038890712863,19.992852825016957,4.471336805141943,2.0808792079686547,0.9949795872547024
2023-10-12,128.8631591796875,129.93181,3.2077038890712863,19.992852825016957,4.471336805141943,2.0808792079686547,0.9949795872547024
2023-10-13,126.05412292480467,130.07243,3.2077038890712863,19.992852825016957,4.471336805141943,2.0808792079686547,0.9949795872547024
2023-10-16,127.92354583740234,129.48053,3.2077038890712863,19.992852825016957,4.471336805141943,2.0808792079686547,0.9949795872547024
2023-10-17,127.71802520751952,129.48653,3.2077038890712863,19.992852825016957,4.471336805141943,2.0808792079686547,0.9949795872547024
2023-10-18,124.8991928100586,129.47638,3.2077038890712863,19.992852825016957,4.471336805141943,2.0808792079686547,0.9949795872547024
2023-10-19,130.54661560058594,128.67184,3.2077038890712863,19.992852825016957,4.471336805141943,2.0808792079686547,0.9949795872547024
2023-10-20,127.92354583740234,129.68413,3.2077038890712863,19.992852825016957,4.471336805141943,2.0808792079686547,0.9949795872547024
2023-10-23,129.39169311523438,129.76591,3.2077038890712863,19.992852825016957,4.471336805141943,2.0808792079686547,0.9949795872547024
2023-10-24,130.83045959472656,130.16568,3.2077038890712863,19.992852825016957,4.471336805141943,2.0808792079686547,0.9949795872547024
2023-10-25,127.933349609375,130.87454,3.2077038890712863,19.992852825016957,4.471336805141943,2.0808792079686547,0.9949795872547024
2023-10-26,128.43251037597656,130.55612,3.2077038890712863,19.992852825016957,4.471336805141943,2.0808792079686547,0.9949795872547024
2023-10-27,128.59890747070312,130.46107,3.2077038890712863,19.992852825016957,4.471336805141943,2.0808792079686547,0.9949795872547024
2023-10-30,130.81088256835938,130.46365,3.2077038890712863,19.992852825016957,4.471336805141943,2.0808792079686547,0.9949795872547024
2023-10-31,131.15345764160156,131.11667,3.2077038890712863,19.992852825016957,4.471336805141943,2.0808792079686547,0.9949795872547024
2023-11-01,133.18927001953125,131.69492,3.2077038890712863,19.992852825016957,4.471336805141943,2.0808792079686547,0.9949795872547024
2023-11-02,135.63616943359375,132.76283,3.2077038890712863,19.992852825016957,4.471336805141943,2.0808792079686547,0.9949795872547024
2023-11-03,136.0276641845703,134.28477,3.2077038890712863,19.992852825016957,4.471336805141943,2.0808792079686547,0.9949795872547024
2023-11-06,135.60679626464844,135.497,3.2077038890712863,19.992852825016957,4.471336805141943,2.0808792079686547,0.9949795872547024
2023-11-07,137.67196655273438,136.23582,3.2077038890712863,19.992852825016957,4.471336805141943,2.0808792079686547,0.9949795872547024
2023-11-08,139.14990234375,137.24994,3.2077038890712863,19.992852825016957,4.471336805141943,2.0808792079686547,0.9949795872547024
2023-11-09,139.42393493652344,138.38612,3.2077038890712863,19.992852825016957,4.471336805141943,2.0808792079686547,0.9949795872547024
2023-11-10,142.0176544189453,139.25061,3.2077038890712863,19.992852825016957,4.471336805141943,2.0808792079686547,0.9949795872547024
2023-11-13,141.9491424560547,140.64302,3.2077038890712863,19.992852825016957,4.471336805141943,2.0808792079686547,0.9949795872547024
2023-11-14,144.52328491210938,141.62425,3.2077038890712863,19.992852825016957,4.471336805141943,2.0808792079686547,0.9949795872547024
2023-11-15,145.36500549316406,143.00256,3.2077038890712863,19.992852825016957,4.471336805141943,2.0808792079686547,0.9949795872547024
2023-11-16,145.43350219726562,144.18477,3.2077038890712863,19.992852825016957,4.471336805141943,2.0808792079686547,0.9949795872547024
2023-11-17,146.76463317871094,144.95415,3.2077038890712863,19.992852825016957,4.471336805141943,2.0808792079686547,0.9949795872547024
2023-11-20,150.04347229003906,145.92017,3.2077038890712863,19.992852825016957,4.471336805141943,2.0808792079686547,0.9949795872547024
2023-11-21,149.26046752929688,147.48634,3.2077038890712863,19.992852825016957,4.471336805141943,2.0808792079686547,0.9949795872547024
2023-11-22,149.9064483642578,148.38945,3.2077038890712863,19.992852825016957,4.471336805141943,2.0808792079686547,0.9949795872547024
2023-11-24,150.91456604003906,149.11223,3.2077038890712863,19.992852825016957,4.471336805141943,2.0808792079686547,0.9949795872547024
2023-11-27,151.6486358642578,149.81708,3.2077038890712863,19.992852825016957,4.471336805141943,2.0808792079686547,0.9949795872547024
2023-11-28,152.979736328125,150.47911,3.2077038890712863,19.992852825016957,4.471336805141943,2.0808792079686547,0.9949795872547024
2023-11-29,155.26023864746094,151.31209,3.2077038890712863,19.992852825016957,4.471336805141943,2.0808792079686547,0.9949795872547024
2023-11-30,155.73982238769534,152.54982,3.2077038890712863,19.992852825016957,4.471336805141943,2.0808792079686547,0.9949795872547024
2023-12-01,156.68922424316406,153.55515,3.2077038890712863,19.992852825016957,4.471336805141943,2.0808792079686547,0.9949795872547024
2023-12-04,155.88664245605466,154.46925,3.2077038890712863,19.992852825016957,4.471336805141943,2.0808792079686547,0.9949795872547024
2023-12-05,155.97473144531247,154.80621,3.2077038890712863,19.992852825016957,4.471336805141943,2.0808792079686547,0.9949795872547024
2023-12-06,154.7415008544922,154.97278,3.2077038890712863,19.992852825016957,4.471336805141943,2.0808792079686547,0.9949795872547024
2023-12-07,155.95515441894528,154.73914,3.2077038890712863,19.992852825016957,4.471336805141943,2.0808792079686547,0.9949795872547024
2023-12-08,156.7577362060547,154.81664,3.2077038890712863,19.992852825016957,4.471336805141943,2.0808792079686547,0.9949795872547024
2023-12-11,155.7496337890625,155.05568,3.2077038890712863,19.992852825016957,4.471336805141943,2.0808792079686547,0.9949795872547024
2023-12-12,154.89808654785156,154.93433,3.2077038890712863,19.992852825016957,4.471336805141943,2.0808792079686547,0.9949795872547024
2023-12-13,156.3760223388672,154.54219,3.2077038890712863,19.992852825016957,4.471336805141943,2.0808792079686547,0.9949795872547024
2023-12-14,152.69589233398438,154.61313,3.2077038890712863,19.992852825016957,4.471336805141943,2.0808792079686547,0.9949795872547024
2023-12-15,150.2392120361328,153.62149,3.2077038890712863,19.992852825016957,4.471336805141943,2.0808792079686547,0.9949795872547024
2023-12-18,151.60946655273438,152.16153,3.2077038890712863,19.992852825016957,4.471336805141943,2.0808792079686547,0.9949795872547024
2023-12-19,151.78564453125,151.35918,3.2077038890712863,19.992852825016957,4.471336805141943,2.0808792079686547,0.9949795872547024
2023-12-20,147.92933654785156,150.82794,3.2077038890712863,19.992852825016957,4.471336805141943,2.0808792079686547,0.9949795872547024
2023-12-21,148.94725036621094,149.49051,3.2077038890712863,19.992852825016957,4.471336805141943,2.0808792079686547,0.9949795872547024
2023-12-22,149.45620727539062,148.78288,3.2077038890712863,19.992852825016957,4.471336805141943,2.0808792079686547,0.9949795872547024
2023-12-26,149.92599487304688,148.47295,3.2077038890712863,19.992852825016957,4.471336805141943,2.0808792079686547,0.9949795872547024
2023-12-27,152.58822631835938,148.43082,3.2077038890712863,19.992852825016957,4.471336805141943,2.0808792079686547,0.9949795872547024
2023-12-28,151.05157470703125,149.255,3.2077038890712863,19.992852825016957,4.471336805141943,2.0808792079686547,0.9949795872547024
2023-12-29,151.30606079101562,149.5606,3.2077038890712863,19.992852825016957,4.471336805141943,2.0808792079686547,0.9949795872547024
2024-01-02,147.0191192626953,149.87596,3.2077038890712863,19.992852825016957,4.471336805141943,2.0808792079686547,0.9949795872547024
2024-01-03,146.60801696777344,148.90312,3.2077038890712863,19.992852825016957,4.471336805141943,2.0808792079686547,0.9949795872547024
2024-01-04,145.36500549316406,147.97293,3.2077038890712863,19.992852825016957,4.471336805141943,2.0808792079686547,0.9949795872547024
2024-01-05,146.66676330566406,146.94974,3.2077038890712863,19.992852825016957,4.471336805141943,2.0808792079686547,0.9949795872547024
2024-01-08,149.31918334960938,146.55206,3.2077038890712863,19.992852825016957,4.471336805141943,2.0808792079686547,0.9949795872547024
2024-01-09,148.9178924560547,147.04752,3.2077038890712863,19.992852825016957,4.471336805141943,2.0808792079686547,0.9949795872547024
2024-01-10,152.52951049804688,147.40944,3.2077038890712863,19.992852825016957,4.471336805141943,2.0808792079686547,0.9949795872547024
2024-01-11,153.18527221679688,148.83115,3.2077038890712863,19.992852825016957,4.471336805141943,2.0808792079686547,0.9949795872547024
2024-01-12,155.17214965820312,150.128,3.2077038890712863,19.992852825016957,4.471336805141943,2.0808792079686547,0.9949795872547024
2024-01-16,153.4886932373047,151.68944,3.2077038890712863,19.992852825016957,4.471336805141943,2.0808792079686547,0.9949795872547024
2024-01-17,154.42828369140625,152.47502,3.2077038890712863,19.992852825016957,4.471336805141943,2.0808792079686547,0.9949795872547024
2024-01-18,157.02200317382812,153.14203,3.2077038890712863,19.992852825016957,4.471336805141943,2.0808792079686547,0.9949795872547024
2024-01-19,159.97784423828122,154.38893,3.2077038890712863,19.992852825016957,4.471336805141943,2.0808792079686547,0.9949795872547024
2024-01-22,159.74295043945312,156.12506,3.2077038890712863,19.992852825016957,4.471336805141943,2.0808792079686547,0.9949795872547024
2024-01-23,159.9093475341797,157.30975,3.2077038890712863,19.992852825016957,4.471336805141943,2.0808792079686547,0.9949795872547024
2024-01-24,170.90077209472656,158.25407,3.2077038890712863,19.992852825016957,4.471336805141943,2.0808792079686547,0.9949795872547024
2024-01-25,169.75563049316406,162.02898,3.2077038890712863,19.992852825016957,4.471336805141943,2.0808792079686547,0.9949795872547024
2024-01-26,169.9905242919922,164.64075,3.2077038890712863,19.992852825016957,4.471336805141943,2.0808792079686547,0.9949795872547024
2024-01-29,172.59400939941406,166.55966,3.2077038890712863,19.992852825016957,4.471336805141943,2.0808792079686547,0.9949795872547024
2024-01-30,171.99697875976562,168.6235,3.2077038890712863,19.992852825016957,4.471336805141943,2.0808792079686547,0.9949795872547024
2024-01-31,169.42286682128906,169.87735,3.2077038890712863,19.992852825016957,4.471336805141943,2.0808792079686547,0.9949795872547024
2024-02-01,173.4553375244141,169.91208,3.2077038890712863,19.992852825016957,4.471336805141943,2.0808792079686547,0.9949795872547024
2024-02-02,173.2987365722656,170.92212,3.2077038890712863,19.992852825016957,4.471336805141943,2.0808792079686547,0.9949795872547024
2024-02-05,173.27915954589847,171.6289,3.2077038890712863,19.992852825016957,4.471336805141943,2.0808792079686547,0.9949795872547024
2024-02-06,174.99197387695312,172.08238,3.2077038890712863,19.992852825016957,4.471336805141943,2.0808792079686547,0.9949795872547024
2024-02-07,177.33119201660156,172.84193,3.2077038890712863,19.992852825016957,4.471336805141943,2.0808792079686547,0.9949795872547024
2024-02-08,177.31163024902344,174.07298,3.2077038890712863,19.992852825016957,4.471336805141943,2.0808792079686547,0.9949795872547024
2024-02-09,177.69335937499997,174.95238,3.2077038890712863,19.992852825016957,4.471336805141943,2.0808792079686547,0.9949795872547024
2024-02-12,175.57923889160156,175.70798,3.2077038890712863,19.992852825016957,4.471336805141943,2.0808792079686547,0.9949795872547024
2024-02-13,170.2841491699219,175.59766,3.2077038890712863,19.992852825016957,4.471336805141943,2.0808792079686547,0.9949795872547024
2024-02-14,173.7000274658203,173.94504,3.2077038890712863,19.992852825016957,4.471336805141943,2.0808792079686547,0.9949795872547024
2024-02-15,173.82727050781253,173.5805,3.2077038890712863,19.992852825016957,4.471336805141943,2.0808792079686547,0.9949795872547024
2024-02-16,173.15191650390625,173.37912,3.2077038890712863,19.992852825016957,4.471336805141943,2.0808792079686547,0.9949795872547024
2024-02-20,172.8485107421875,173.01942,3.2077038890712863,19.992852825016957,4.471336805141943,2.0808792079686547,0.9949795872547024
2024-02-21,172.1829376220703,172.7198,3.2077038890712863,19.992852825016957,4.471336805141943,2.0808792079686547,0.9949795872547024
2024-02-22,177.83038330078128,172.3435,3.2077038890712863,19.992852825016957,4.471336805141943,2.0808792079686547,0.9949795872547024
2024-02-23,180.3066253662109,173.67816,3.2077038890712863,19.992852825016957,4.471336805141943,2.0808792079686547,0.9949795872547024
2024-02-26,183.5267333984375,175.49152,3.2077038890712863,19.992852825016957,4.471336805141943,2.0808792079686547,0.9949795872547024
2024-02-27,185.1514892578125,177.80931,3.2077038890712863,19.992852825016957,4.471336805141943,2.0808792079686547,0.9949795872547024
2024-02-28,182.70458984375,179.97495,3.2077038890712863,19.992852825016957,4.471336805141943,2.0808792079686547,0.9949795872547024
2024-02-29,183.87908935546875,180.8459,3.2077038890712863,19.992852825016957,4.471336805141943,2.0808792079686547,0.9949795872547024
2024-03-01,184.5250701904297,181.65875,3.2077038890712863,19.992852825016957,4.471336805141943,2.0808792079686547,0.9949795872547024
2024-03-04,186.7664337158203,182.3513,3.2077038890712863,19.992852825016957,4.471336805141943,2.0808792079686547,0.9949795872547024
2024-03-05,183.47779846191406,183.40189,3.2077038890712863,19.992852825016957,4.471336805141943,2.0808792079686547,0.9949795872547024
2024-03-06,186.62939453125,183.24165,3.2077038890712863,19.992852825016957,4.471336805141943,2.0808792079686547,0.9949795872547024
2024-03-07,191.41552734375,183.86337,3.2077038890712863,19.992852825016957,4.471336805141943,2.0808792079686547,0.9949795872547024
2024-03-08,188.8903350830078,185.59955,3.2077038890712863,19.992852825016957,4.471336805141943,2.0808792079686547,0.9949795872547024
2024-03-11,185.79747009277344,186.20331,3.2077038890712863,19.992852825016957,4.471336805141943,2.0808792079686547,0.9949795872547024
2024-03-12,189.7124938964844,185.70262,3.2077038890712863,19.992852825016957,4.471336805141943,2.0808792079686547,0.9949795872547024
2024-03-13,188.4205322265625,186.22964,3.2077038890712863,19.992852825016957,4.471336805141943,2.0808792079686547,0.9949795872547024
2024-03-14,186.4042816162109,186.29665,3.2077038890712863,19.992852825016957,4.471336805141943,2.0808792079686547,0.9949795872547024
2024-03-15,184.3097381591797,185.79533,3.2077038890712863,19.992852825016957,4.471336805141943,2.0808792079686547,0.9949795872547024
2024-03-18,182.802474975586,184.74794,3.2077038890712863,19.992852825016957,4.471336805141943,2.0808792079686547,0.9949795872547024
2024-03-19,184.7012481689453,183.48016,3.2077038890712863,19.992852825016957,4.471336805141943,2.0808792079686547,0.9949795872547024
2024-03-20,186.33578491210935,183.15167,3.2077038890712863,19.992852825016957,4.471336805141943,2.0808792079686547,0.9949795872547024
2024-03-21,190.6716766357422,183.43442,3.2077038890712863,19.992852825016957,4.471336805141943,2.0808792079686547,0.9949795872547024
2024-03-22,191.2001953125,184.95084,3.2077038890712863,19.992852825016957,4.471336805141943,2.0808792079686547,0.9949795872547024
2024-03-25,191.13168334960935,186.33855,3.2077038890712863,19.992852825016957,4.471336805141943,2.0808792079686547,0.9949795872547024
2024-03-26,192.48237609863278,187.30807,3.2077038890712863,19.992852825016957,4.471336805141943,2.0808792079686547,0.9949795872547024
2024-03-27,192.9032287597656,188.38753,3.2077038890712863,19.992852825016957,4.471336805141943,2.0808792079686547,0.9949795872547024
2024-03-28,190.88699340820312,189.23999,3.2077038890712863,19.992852825016957,4.471336805141943,2.0808792079686547,0.9949795872547024
2024-04-01,191.86575317382807,189.3536,3.2077038890712863,19.992852825016957,4.471336805141943,2.0808792079686547,0.9949795872547024
2024-04-02,188.038818359375,189.66225,3.2077038890712863,19.992852825016957,4.471336805141943,2.0808792079686547,0.9949795872547024
2024-04-03,189.1350250244141,188.85963,3.2077038890712863,19.992852825016957,4.471336805141943,2.0808792079686547,0.9949795872547024
2024-04-04,186.9719696044922,188.5212,3.2077038890712863,19.992852825016957,4.471336805141943,2.0808792079686547,0.9949795872547024
2024-04-05,187.7451934814453,187.65115,3.2077038890712863,19.992852825016957,4.471336805141943,2.0808792079686547,0.9949795872547024
2024-04-08,187.55923461914065,187.27037,3.2077038890712863,19.992852825016957,4.471336805141943,2.0808792079686547,0.9949795872547024
2024-04-09,183.89866638183597,186.93507,3.2077038890712863,19.992852825016957,4.471336805141943,2.0808792079686547,0.9949795872547024
2024-04-10,180.3066253662109,185.72157,3.2077038890712863,19.992852825016957,4.471336805141943,2.0808792079686547,0.9949795872547024
2024-04-11,181.72581481933597,183.7881,3.2077038890712863,19.992852825016957,4.471336805141943,2.0808792079686547,0.9949795872547024
2024-04-12,176.939697265625,182.81778,3.2077038890712863,19.992852825016957,4.471336805141943,2.0808792079686547,0.9949795872547024
2024-04-15,176.40138244628906,180.89272,3.2077038890712863,19.992852825016957,4.471336805141943,2.0808792079686547,0.9949795872547024
2024-04-16,176.72438049316406,179.35776,3.2077038890712863,19.992852825016957,4.471336805141943,2.0808792079686547,0.9949795872547024
2024-04-17,176.1175537109375,178.39029,3.2077038890712863,19.992852825016957,4.471336805141943,2.0808792079686547,0.9949795872547024
2024-04-18,174.8451690673828,177.70667,3.2077038890712863,19.992852825016957,4.471336805141943,2.0808792079686547,0.9949795872547024
2024-04-19,172.0361328125,177.06567,3.2077038890712863,19.992852825016957,4.471336805141943,2.0808792079686547,0.9949795872547024
2024-04-22,174.3949279785156,175.70055,3.2077038890712863,19.992852825016957,4.471336805141943,2.0808792079686547,0.9949795872547024
2024-04-23,184.01611328125,175.43605,3.2077038890712863,19.992852825016957,4.471336805141943,2.0808792079686547,0.9949795872547024
2024-04-24,184.07485961914065,178.0897,3.2077038890712863,19.992852825016957,4.471336805141943,2.0808792079686547,0.9949795872547024
2024-04-25,181.15814208984372,180.2683,3.2077038890712863,19.992852825016957,4.471336805141943,2.0808792079686547,0.9949795872547024
2024-04-26,182.22499084472656,181.15688,3.2077038890712863,19.992852825016957,4.471336805141943,2.0808792079686547,0.9949795872547024
2024-04-29,179.86619567871094,182.14806,3.2077038890712863,19.992852825016957,4.471336805141943,2.0808792079686547,0.9949795872547024
2024-04-30,177.36058044433594,182.11896,3.2077038890712863,19.992852825016957,4.471336805141943,2.0808792079686547,0.9949795872547024
2024-05-01,176.2447967529297,181.33209,3.2077038890712863,19.992852825016957,4.471336805141943,2.0808792079686547,0.9949795872547024
2024-05-02,176.8026885986328,180.37921,3.2077038890712863,19.992852825016957,4.471336805141943,2.0808792079686547,0.9949795872547024
2024-05-03,179.552978515625,179.77364,3.2077038890712863,19.992852825016957,4.471336805141943,2.0808792079686547,0.9949795872547024
2024-05-06,181.4713592529297,180.05869,3.2077038890712863,19.992852825016957,4.471336805141943,2.0808792079686547,0.9949795872547024
2024-05-07,183.55610656738278,180.85843,3.2077038890712863,19.992852825016957,4.471336805141943,2.0808792079686547,0.9949795872547024
2024-05-08,186.2672576904297,182.05367,3.2077038890712863,19.992852825016957,4.471336805141943,2.0808792079686547,0.9949795872547024
2024-05-09,187.91157531738278,183.75183,3.2077038890712863,19.992852825016957,4.471336805141943,2.0808792079686547,0.9949795872547024
2024-05-10,186.01278686523438,185.62743,3.2077038890712863,19.992852825016957,4.471336805141943,2.0808792079686547,0.9949795872547024
2024-05-13,185.9246978759766,186.4189,3.2077038890712863,19.992852825016957,4.471336805141943,2.0808792079686547,0.9949795872547024
2024-05-14,185.6702117919922,186.89548,3.2077038890712863,19.992852825016957,4.471336805141943,2.0808792079686547,0.9949795872547024
2024-05-15,188.3520202636719,187.13445,3.2077038890712863,19.992852825016957,4.471336805141943,2.0808792079686547,0.9949795872547024
2024-05-16,188.96150207519534,188.05305,3.2077038890712863,19.992852825016957,4.471336805141943,2.0808792079686547,0.9949795872547024
2024-05-17,191.07241821289065,188.99928,3.2077038890712863,19.992852825016957,4.471336805141943,2.0808792079686547,0.9949795872547024
2024-05-20,193.55001831054685,190.22545,3.2077038890712863,19.992852825016957,4.471336805141943,2.0808792079686547,0.9949795872547024
2024-05-21,192.9752197265625,191.8129,3.2077038890712863,19.992852825016957,4.471336805141943,2.0808792079686547,0.9949795872547024
2024-05-22,192.17247009277344,192.77335,3.2077038890712863,19.992852825016957,4.471336805141943,2.0808792079686547,0.9949795872547024
2024-05-23,193.2725372314453,193.15974,3.2077038890712863,19.992852825016957,4.471336805141943,2.0808792079686547,0.9949795872547024
2024-05-24,193.6293029785156,193.73604,3.2077038890712863,19.992852825016957,4.471336805141943,2.0808792079686547,0.9949795872547024
2024-05-28,190.79493713378903,194.2134,3.2077038890712863,19.992852825016957,4.471336805141943,2.0808792079686547,0.9949795872547024
2024-05-29,188.6641845703125,193.74406,3.2077038890712863,19.992852825016957,4.471336805141943,2.0808792079686547,0.9949795872547024
2024-05-30,178.63487243652344,192.68015,3.2077038890712863,19.992852825016957,4.471336805141943,2.0808792079686547,0.9949795872547024
2024-05-31,180.8052520751953,189.1278,3.2077038890712863,19.992852825016957,4.471336805141943,2.0808792079686547,0.9949795872547024
2024-06-03,182.5891265869141,186.9071,3.2077038890712863,19.992852825016957,4.471336805141943,2.0808792079686547,0.9949795872547024
2024-06-04,182.56930541992185,185.67735,3.2077038890712863,19.992852825016957,4.471336805141943,2.0808792079686547,0.9949795872547024
2024-06-05,187.0587158203125,184.9077,3.2077038890712863,19.992852825016957,4.471336805141943,2.0808792079686547,0.9949795872547024
2024-06-06,191.3102569580078,185.77676,3.2077038890712863,19.992852825016957,4.471336805141943,2.0808792079686547,0.9949795872547024
2024-06-07,189.38766479492188,187.66783,3.2077038890712863,19.992852825016957,4.471336805141943,2.0808792079686547,0.9949795872547024
2024-06-10,188.53536987304688,188.65114,3.2077038890712863,19.992852825016957,4.471336805141943,2.0808792079686547,0.9949795872547024
2024-06-11,187.0487976074219,189.15096,3.2077038890712863,19.992852825016957,4.471336805141943,2.0808792079686547,0.9949795872547024
2024-06-12,195.43298339843753,189.10074,3.2077038890712863,19.992852825016957,4.471336805141943,2.0808792079686547,0.9949795872547024
2024-06-13,190.69581604003903,191.41145,3.2077038890712863,19.992852825016957,4.471336805141943,2.0808792079686547,0.9949795872547024
2024-06-14,186.13705444335938,191.88866,3.2077038890712863,19.992852825016957,4.471336805141943,2.0808792079686547,0.9949795872547024
2024-06-17,188.3173370361328,190.89882,3.2077038890712863,19.992852825016957,4.471336805141943,2.0808792079686547,0.9949795872547024
2024-06-18,186.92987060546875,190.56264,3.2077038890712863,19.992852825016957,4.471336805141943,2.0808792079686547,0.9949795872547024
2024-06-20,189.75433349609372,189.88884,3.2077038890712863,19.992852825016957,4.471336805141943,2.0808792079686547,0.9949795872547024
2024-06-21,192.4202423095703,190.1562,3.2077038890712863,19.992852825016957,4.471336805141943,2.0808792079686547,0.9949795872547024
2024-06-24,189.9723663330078,191.10194,3.2077038890712863,19.992852825016957,4.471336805141943,2.0808792079686547,0.9949795872547024
2024-06-25,193.986083984375,191.1343,3.2077038890712863,19.992852825016957,4.471336805141943,2.0808792079686547,0.9949795872547024
2024-06-26,196.8105316162109,192.26187,3.2077038890712863,19.992852825016957,4.471336805141943,2.0808792079686547,0.9949795872547024
2024-06-27,198.95118713378906,193.85458,3.2077038890712863,19.992852825016957,4.471336805141943,2.0808792079686547,0.9949795872547024
2024-06-28,199.90258789062503,195.70784,3.2077038890712863,19.992852825016957,4.471336805141943,2.0808792079686547,0.9949795872547024
2024-07-01,197.6331024169922,197.27893,3.2077038890712863,19.992852825016957,4.471336805141943,2.0808792079686547,0.9949795872547024
2024-07-02,196.80062866210935,197.76485,3.2077038890712863,19.992852825016957,4.471336805141943,2.0808792079686547,0.9949795872547024
2024-07-03,201.2008514404297,197.7063,3.2077038890712863,19.992852825016957,4.471336805141943,2.0808792079686547,0.9949795872547024
2024-07-05,204.0946807861328,198.70618,3.2077038890712863,19.992852825016957,4.471336805141943,2.0808792079686547,0.9949795872547024
2024-07-08,200.972900390625,200.2475,3.2077038890712863,19.992852825016957,4.471336805141943,2.0808792079686547,0.9949795872547024
2024-07-09,198.4853973388672,200.55377,3.2077038890712863,19.992852825016957,4.471336805141943,2.0808792079686547,0.9949795872547024
2024-07-10,200.4773712158203,199.91135,3.2077038890712863,19.992852825016957,4.471336805141943,2.0808792079686547,0.9949795872547024
2024-07-11,199.92239379882807,199.95175,3.2077038890712863,19.992852825016957,4.471336805141943,2.0808792079686547,0.9949795872547024
2024-07-12,203.2721099853516,199.81264,3.2077038890712863,19.992852825016957,4.471336805141943,2.0808792079686547,0.9949795872547024
2024-07-15,201.6864471435547,200.61235,3.2077038890712863,19.992852825016957,4.471336805141943,2.0808792079686547,0.9949795872547024
2024-07-16,203.03425598144534,200.82161,3.2077038890712863,19.992852825016957,4.471336805141943,2.0808792079686547,0.9949795872547024
2024-07-17,198.21780395507807,201.38695,3.2077038890712863,19.992852825016957,4.471336805141943,2.0808792079686547,0.9949795872547024
2024-07-18,195.46272277832028,200.60602,3.2077038890712863,19.992852825016957,4.471336805141943,2.0808792079686547,0.9949795872547024
2024-07-19,195.4429168701172,199.23308,3.2077038890712863,19.992852825016957,4.471336805141943,2.0808792079686547,0.9949795872547024
2024-07-22,198.67369079589844,197.96292,3.2077038890712863,19.992852825016957,4.471336805141943,2.0808792079686547,0.9949795872547024
2024-07-23,212.8356475830078,197.88882,3.2077038890712863,19.992852825016957,4.471336805141943,2.0808792079686547,0.9949795872547024
2024-07-24,207.523666381836,201.9,3.2077038890712863,19.992852825016957,4.471336805141943,2.0808792079686547,0.9949795872547024
2024-07-25,208.9210357666016,203.58783,3.2077038890712863,19.992852825016957,4.471336805141943,2.0808792079686547,0.9949795872547024
2024-07-26,211.53738403320312,205.21176,3.2077038890712863,19.992852825016957,4.471336805141943,2.0808792079686547,0.9949795872547024
2024-07-29,207.32546997070312,207.12784,3.2077038890712863,19.992852825016957,4.471336805141943,2.0808792079686547,0.9949795872547024
2024-07-30,204.9073181152344,207.38411,3.2077038890712863,19.992852825016957,4.471336805141943,2.0808792079686547,0.9949795872547024
2024-07-31,209.70396423339847,206.80452,3.2077038890712863,19.992852825016957,4.471336805141943,2.0808792079686547,0.9949795872547024
2024-08-01,203.71807861328122,207.56512,3.2077038890712863,19.992852825016957,4.471336805141943,2.0808792079686547,0.9949795872547024
2024-08-02,202.88560485839844,206.47787,3.2077038890712863,19.992852825016957,4.471336805141943,2.0808792079686547,0.9949795872547024
2024-08-05,197.24659729003906,205.33656,3.2077038890712863,19.992852825016957,4.471336805141943,2.0808792079686547,0.9949795872547024
2024-08-06,199.92239379882807,202.84442,3.2077038890712863,19.992852825016957,4.471336805141943,2.0808792079686547,0.9949795872547024
2024-08-07,199.78364562988284,201.63092,3.2077038890712863,19.992852825016957,4.471336805141943,2.0808792079686547,0.9949795872547024
2024-08-08,204.4316253662109,200.81416,3.2077038890712863,19.992852825016957,4.471336805141943,2.0808792079686547,0.9949795872547024
2024-08-09,206.66146850585935,201.61975,3.2077038890712863,19.992852825016957,4.471336805141943,2.0808792079686547,0.9949795872547024
2024-08-12,204.13430786132807,203.04034,3.2077038890712863,19.992852825016957,4.471336805141943,2.0808792079686547,0.9949795872547024
2024-08-13,209.1291656494141,203.48682,3.2077038890712863,19.992852825016957,4.471336805141943,2.0808792079686547,0.9949795872547024
2024-08-14,210.64544677734372,205.22354,3.2077038890712863,19.992852825016957,4.471336805141943,2.0808792079686547,0.9949795872547024
2024-08-15,213.0140380859375,206.96318,3.2077038890712863,19.992852825016957,4.471336805141943,2.0808792079686547,0.9949795872547024
2024-08-16,214.23301696777344,208.85396,3.2077038890712863,19.992852825016957,4.471336805141943,2.0808792079686547,0.9949795872547024
2024-08-19,217.0772857666016,210.55911,3.2077038890712863,19.992852825016957,4.471336805141943,2.0808792079686547,0.9949795872547024
2024-08-20,215.8186798095703,212.54062,3.2077038890712863,19.992852825016957,4.471336805141943,2.0808792079686547,0.9949795872547024
2024-08-21,216.9088134765625,213.53185,3.2077038890712863,19.992852825016957,4.471336805141943,2.0808792079686547,0.9949795872547024
2024-08-22,215.30332946777344,214.36252,3.2077038890712863,19.992852825016957,4.471336805141943,2.0808792079686547,0.9949795872547024
2024-08-23,217.18630981445312,214.41252,3.2077038890712863,19.992852825016957,4.471336805141943,2.0808792079686547,0.9949795872547024
2024-08-26,213.92579650878903,214.82478,3.2077038890712863,19.992852825016957,4.471336805141943,2.0808792079686547,0.9949795872547024
2024-08-27,215.87814331054688,214.40707,3.2077038890712863,19.992852825016957,4.471336805141943,2.0808792079686547,0.9949795872547024
2024-08-28,214.9861907958984,214.56686,3.2077038890712863,19.992852825016957,4.471336805141943,2.0808792079686547,0.9949795872547024
2024-08-29,216.8196258544922,214.4468,3.2077038890712863,19.992852825016957,4.471336805141943,2.0808792079686547,0.9949795872547024
2024-08-30,217.7413024902344,214.91866,3.2077038890712863,19.992852825016957,4.471336805141943,2.0808792079686547,0.9949795872547024
2024-09-03,214.55015563964844,215.50072,3.2077038890712863,19.992852825016957,4.471336805141943,2.0808792079686547,0.9949795872547024
2024-09-04,213.4996337890625,214.98114,3.2077038890712863,19.992852825016957,4.471336805141943,2.0808792079686547,0.9949795872547024
2024-09-05,210.69500732421875,214.29553,3.2077038890712863,19.992852825016957,4.471336805141943,2.0808792079686547,0.9949795872547024
2024-09-06,209.43638610839844,213.01521,3.2077038890712863,19.992852825016957,4.471336805141943,2.0808792079686547,0.9949795872547024
2024-09-09,212.0626373291016,211.75494,3.2077038890712863,19.992852825016957,4.471336805141943,2.0808792079686547,0.9949795872547024
2024-09-10,212.003173828125,211.34128,3.2077038890712863,19.992852825016957,4.471336805141943,2.0808792079686547,0.9949795872547024
2024-09-11,215.6700134277344,211.1541,3.2077038890712863,19.992852825016957,4.471336805141943,2.0808792079686547,0.9949795872547024
2024-09-12,219.02963256835935,212.2053,3.2077038890712863,19.992852825016957,4.471336805141943,2.0808792079686547,0.9949795872547024
2024-09-13,219.2972259521484,213.99269,3.2077038890712863,19.992852825016957,4.471336805141943,2.0808792079686547,0.9949795872547024
2024-09-16,221.596435546875,215.54773,3.2077038890712863,19.992852825016957,4.471336805141943,2.0808792079686547,0.9949795872547024
2024-09-17,220.0702362060547,217.32935,3.2077038890712863,19.992852825016957,4.471336805141943,2.0808792079686547,0.9949795872547024
2024-09-18,219.891845703125,218.19336,3.2077038890712863,19.992852825016957,4.471336805141943,2.0808792079686547,0.9949795872547024
2024-09-19,226.91831970214844,218.82217,3.2077038890712863,19.992852825016957,4.471336805141943,2.0808792079686547,0.9949795872547024
2024-09-20,226.7597503662109,221.12335,3.2077038890712863,19.992852825016957,4.471336805141943,2.0808792079686547,0.9949795872547024
2024-09-23,228.37515258789062,222.7855,3.2077038890712863,19.992852825016957,4.471336805141943,2.0808792079686547,0.9949795872547024
2024-09-24,228.8607482910156,224.37851,3.2077038890712863,19.992852825016957,4.471336805141943,2.0808792079686547,0.9949795872547024
2024-09-25,221.2891998291016,225.60236,3.2077038890712863,19.992852825016957,4.471336805141943,2.0808792079686547,0.9949795872547024
2024-09-26,226.06602478027344,224.41597,3.2077038890712863,19.992852825016957,4.471336805141943,2.0808792079686547,0.9949795872547024
2024-09-27,225.95701599121094,224.7252,3.2077038890712863,19.992852825016957,4.471336805141943,2.0808792079686547,0.9949795872547024
2024-09-30,227.0471649169922,224.82704,3.2077038890712863,19.992852825016957,4.471336805141943,2.0808792079686547,0.9949795872547024
2024-10-01,223.78663635253903,225.0931,3.2077038890712863,19.992852825016957,4.471336805141943,2.0808792079686547,0.9949795872547024
2024-10-02,222.61721801757807,224.43297,3.2077038890712863,19.992852825016957,4.471336805141943,2.0808792079686547,0.9949795872547024
2024-10-03,218.49447631835935,223.63326,3.2077038890712863,19.992852825016957,4.471336805141943,2.0808792079686547,0.9949795872547024
2024-10-04,218.90081787109372,221.84808,3.2077038890712863,19.992852825016957,4.471336805141943,2.0808792079686547,0.9949795872547024
2024-10-07,216.1754608154297,220.61116,3.2077038890712863,19.992852825016957,4.471336805141943,2.0808792079686547,0.9949795872547024
2024-10-08,224.5992889404297,218.88962,3.2077038890712863,19.992852825016957,4.471336805141943,2.0808792079686547,0.9949795872547024
2024-10-09,226.84893798828125,219.96214,3.2077038890712863,19.992852825016957,4.471336805141943,2.0808792079686547,0.9949795872547024
2024-10-10,222.7559509277344,221.48967,3.2077038890712863,19.992852825016957,4.471336805141943,2.0808792079686547,0.9949795872547024
2024-10-11,226.10565185546875,221.71991,3.2077038890712863,19.992852825016957,4.471336805141943,2.0808792079686547,0.9949795872547024
2024-10-14,229.72296142578125,222.91621,3.2077038890712863,19.992852825016957,4.471336805141943,2.0808792079686547,0.9949795872547024
2024-10-15,227.46339416503903,224.938,3.2077038890712863,19.992852825016957,4.471336805141943,2.0808792079686547,0.9949795872547024
2024-10-16,227.3841094970703,225.92097,3.2077038890712863,19.992852825016957,4.471336805141943,2.0808792079686547,0.9949795872547024
2024-10-17,226.78947448730472,226.29572,3.2077038890712863,19.992852825016957,4.471336805141943,2.0808792079686547,0.9949795872547024
2024-10-18,228.37515258789062,226.44978,3.2077038890712863,19.992852825016957,4.471336805141943,2.0808792079686547,0.9949795872547024
2024-10-21,227.4237365722656,226.90839,3.2077038890712863,19.992852825016957,4.471336805141943,2.0808792079686547,0.9949795872547024
2024-10-22,230.23831176757807,226.86462,3.2077038890712863,19.992852825016957,4.471336805141943,2.0808792079686547,0.9949795872547024
2024-10-23,232.4879608154297,227.60663,3.2077038890712863,19.992852825016957,4.471336805141943,2.0808792079686547,0.9949795872547024
2024-10-24,236.1647186279297,228.81026,3.2077038890712863,19.992852825016957,4.471336805141943,2.0808792079686547,0.9949795872547024
2024-10-25,235.5601806640625,230.55003,3.2077038890712863,19.992852825016957,4.471336805141943,2.0808792079686547,0.9949795872547024
2024-10-28,238.12696838378903,231.75246,3.2077038890712863,19.992852825016957,4.471336805141943,2.0808792079686547,0.9949795872547024
2024-10-29,240.13877868652344,233.27437,3.2077038890712863,19.992852825016957,4.471336805141943,2.0808792079686547,0.9949795872547024
2024-10-30,235.2232360839844,235.04948,3.2077038890712863,19.992852825016957,4.471336805141943,2.0808792079686547,0.9949795872547024
2024-10-31,231.54647827148438,234.97513,3.2077038890712863,19.992852825016957,4.471336805141943,2.0808792079686547,0.9949795872547024
2024-11-01,231.02122497558594,233.85725,3.2077038890712863,19.992852825016957,4.471336805141943,2.0808792079686547,0.9949795872547024
2024-11-04,230.7437286376953,232.7176,3.2077038890712863,19.992852825016957,4.471336805141943,2.0808792079686547,0.9949795872547024
2024-11-05,233.78620910644534,231.73622,3.2077038890712863,19.992852825016957,4.471336805141943,2.0808792079686547,0.9949795872547024
2024-11-06,229.2274475097656,231.9646,3.2077038890712863,19.992852825016957,4.471336805141943,2.0808792079686547,0.9949795872547024
2024-11-07,238.03778076171875,230.92686,3.2077038890712863,19.992852825016957,4.471336805141943,2.0808792079686547,0.9949795872547024
2024-11-08,235.4313507080078,232.57176,3.2077038890712863,19.992852825016957,4.471336805141943,2.0808792079686547,0.9949795872547024
2024-11-11,233.74658203125,233.19943,3.2077038890712863,19.992852825016957,4.471336805141943,2.0808792079686547,0.9949795872547024
2024-11-12,232.36903381347656,233.22694,3.2077038890712863,19.992852825016957,4.471336805141943,2.0808792079686547,0.9949795872547024
2024-11-13,227.9390869140625,232.78801,3.2077038890712863,19.992852825016957,4.471336805141943,2.0808792079686547,0.9949795872547024
2024-11-14,229.3265380859375,231.25316,3.2077038890712863,19.992852825016957,4.471336805141943,2.0808792079686547,0.9949795872547024
2024-11-15,226.2642364501953,230.41258,3.2077038890712863,19.992852825016957,4.471336805141943,2.0808792079686547,0.9949795872547024
2024-11-18,229.2274475097656,229.0214,3.2077038890712863,19.992852825016957,4.471336805141943,2.0808792079686547,0.9949795872547024
2024-11-19,231.11041259765625,228.76622,3.2077038890712863,19.992852825016957,4.471336805141943,2.0808792079686547,0.9949795872547024
2024-11-20,232.9141082763672,229.25479,3.2077038890712863,19.992852825016957,4.471336805141943,2.0808792079686547,0.9949795872547024
2024-11-21,233.91505432128903,230.16637,3.2077038890712863,19.992852825016957,4.471336805141943,2.0808792079686547,0.9949795872547024
2024-11-22,234.13308715820312,231.20172,3.2077038890712863,19.992852825016957,4.471336805141943,2.0808792079686547,0.9949795872547024
2024-11-25,231.71495056152344,232.0012,3.2077038890712863,19.992852825016957,4.471336805141943,2.0808792079686547,0.9949795872547024
2024-11-26,232.9537506103516,231.8575,3.2077038890712863,19.992852825016957,4.471336805141943,2.0808792079686547,0.9949795872547024
2024-11-27,229.9409942626953,232.05655,3.2077038890712863,19.992852825016957,4.471336805141943,2.0808792079686547,0.9949795872547024
2024-11-29,235.4709930419922,231.36058,3.2077038890712863,19.992852825016957,4.471336805141943,2.0808792079686547,0.9949795872547024
2024-12-02,239.42523193359372,232.3669,3.2077038890712863,19.992852825016957,4.471336805141943,2.0808792079686547,0.9949795872547024
2024-12-03,241.71453857421875,234.31418,3.2077038890712863,19.992852825016957,4.471336805141943,2.0808792079686547,0.9949795872547024
2024-12-04,251.3375244140625,236.43301,3.2077038890712863,19.992852825016957,4.471336805141943,2.0808792079686547,0.9949795872547024
2024-12-05,253.25022888183597,240.68987,3.2077038890712863,19.992852825016957,4.471336805141943,2.0808792079686547,0.9949795872547024
2024-12-06,251.8627777099609,244.38489,3.2077038890712863,19.992852825016957,4.471336805141943,2.0808792079686547,0.9949795872547024
2024-12-09,250.2771148681641,246.6366,3.2077038890712863,19.992852825016957,4.471336805141943,2.0808792079686547,0.9949795872547024
2024-12-10,249.0779571533203,247.73134,3.2077038890712863,19.992852825016957,4.471336805141943,2.0808792079686547,0.9949795872547024
2024-12-11,247.29408264160156,248.00462,3.2077038890712863,19.992852825016957,4.471336805141943,2.0808792079686547,0.9949795872547024
2024-12-12,251.35736083984372,247.6355,3.2077038890712863,19.992852825016957,4.471336805141943,2.0808792079686547,0.9949795872547024
2024-12-13,251.0303192138672,248.40443,3.2077038890712863,19.992852825016957,4.471336805141943,2.0808792079686547,0.9949795872547024
2024-12-16,250.693359375,248.7425,3.2077038890712863,19.992852825016957,4.471336805141943,2.0808792079686547,0.9949795872547024
2024-12-17,248.72119140625,248.86864,3.2077038890712863,19.992852825016957,4.471336805141943,2.0808792079686547,0.9949795872547024
2024-12-18,242.25961303710932,248.33807,3.2077038890712863,19.992852825016957,4.471336805141943,2.0808792079686547,0.9949795872547024
2024-12-19,243.48849487304688,246.09834,3.2077038890712863,19.992852825016957,4.471336805141943,2.0808792079686547,0.9949795872547024
2024-12-20,245.6786956787109,244.84613,3.2077038890712863,19.992852825016957,4.471336805141943,2.0808792079686547,0.9949795872547024
2024-12-23,246.63009643554688,244.43144,3.2077038890712863,19.992852825016957,4.471336805141943,2.0808792079686547,0.9949795872547024
2024-12-24,251.3672637939453,244.43764,3.2077038890712863,19.992852825016957,4.471336805141943,2.0808792079686547,0.9949795872547024
2024-12-26,251.2384185791016,245.72441,3.2077038890712863,19.992852825016957,4.471336805141943,2.0808792079686547,0.9949795872547024
2024-12-27,247.9085235595703,246.76364,3.2077038890712863,19.992852825016957,4.471336805141943,2.0808792079686547,0.9949795872547024
2024-12-30,246.6003570556641,246.65695,3.2077038890712863,19.992852825016957,4.471336805141943,2.0808792079686547,0.9949795872547024
2024-12-31,244.00384521484372,246.27322,3.2077038890712863,19.992852825016957,4.471336805141943,2.0808792079686547,0.9949795872547024
2025-01-02,240.9415283203125,245.27841,3.2077038890712863,19.992852825016957,4.471336805141943,2.0808792079686547,0.9949795872547024
2025-01-03,239.2369384765625,243.81999,3.2077038890712863,19.992852825016957,4.471336805141943,2.0808792079686547,0.9949795872547024
2025-01-06,244.83631896972653,242.1313,3.2077038890712863,19.992852825016957,4.471336805141943,2.0808792079686547,0.9949795872547024
2025-01-07,247.27426147460935,242.35916,3.2077038890712863,19.992852825016957,4.471336805141943,2.0808792079686547,0.9949795872547024
2025-01-08,251.21861267089844,243.42444,3.2077038890712863,19.992852825016957,4.471336805141943,2.0808792079686547,0.9949795872547024
2025-01-10,249.2761688232422,245.34889,3.2077038890712863,19.992852825016957,4.471336805141943,2.0808792079686547,0.9949795872547024
2025-01-13,247.29408264160156,246.24391,3.2077038890712863,19.992852825016957,4.471336805141943,2.0808792079686547,0.9949795872547024
2025-01-14,251.22851562500003,246.38837,3.2077038890712863,19.992852825016957,4.471336805141943,2.0808792079686547,0.9949795872547024
2025-01-15,259.4442443847656,247.50455,3.2077038890712863,19.992852825016957,4.471336805141943,2.0808792079686547,0.9949795872547024
2025-01-16,259.2361145019531,250.58481,3.2077038890712863,19.992852825016957,4.471336805141943,2.0808792079686547,0.9949795872547024
2025-01-17,260.47491455078125,252.86528,3.2077038890712863,19.992852825016957,4.471336805141943,2.0808792079686547,0.9949795872547024
2025-01-21,266.8770446777344,254.91164,3.2077038890712863,19.992852825016957,4.471336805141943,2.0808792079686547,0.9949795872547024
2025-01-22,270.5538024902344,258.05463,3.2077038890712863,19.992852825016957,4.471336805141943,2.0808792079686547,0.9949795872547024
2025-01-23,272.9025573730469,261.30853,3.2077038890712863,19.992852825016957,4.471336805141943,2.0808792079686547,0.9949795872547024
2025-01-24,273.8143310546875,264.1934,3.2077038890712863,19.992852825016957,4.471336805141943,2.0808792079686547,0.9949795872547024
2025-01-27,273.1304931640625,266.45572,3.2077038890712863,19.992852825016957,4.471336805141943,2.0808792079686547,0.9949795872547024
2025-01-28,271.33673095703125,267.71512,3.2077038890712863,19.992852825016957,4.471336805141943,2.0808792079686547,0.9949795872547024
2025-01-29,274.3494567871094,267.8895,3.2077038890712863,19.992852825016957,4.471336805141943,2.0808792079686547,0.9949795872547024
2025-01-30,276.8567810058594,268.69934,3.2077038890712863,19.992852825016957,4.471336805141943,2.0808792079686547,0.9949795872547024
2025-01-31,273.5863647460937,269.94324,3.2077038890712863,19.992852825016957,4.471336805141943,2.0808792079686547,0.9949795872547024
2025-02-03,270.11773681640625,269.97366,3.2077038890712863,19.992852825016957,4.471336805141943,2.0808792079686547,0.9949795872547024
2025-02-04,275.61798095703125,269.02075,3.2077038890712863,19.992852825016957,4.471336805141943,2.0808792079686547,0.9949795872547024
2025-02-05,280.6524963378906,269.62503,3.2077038890712863,19.992852825016957,4.471336805141943,2.0808792079686547,0.9949795872547024
2025-02-06,280.692138671875,271.5555,3.2077038890712863,19.992852825016957,4.471336805141943,2.0808792079686547,0.9949795872547024
2025-02-07,277.1343078613281,272.84763,3.2077038890712863,19.992852825016957,4.471336805141943,2.0808792079686547,0.9949795872547024
2025-02-10,278.22442626953125,272.8503,3.2077038890712863,19.992852825016957,4.471336805141943,2.0808792079686547,0.9949795872547024
2025-02-11,286.2815856933594,273.0525,3.2077038890712863,19.992852825016957,4.471336805141943,2.0808792079686547,0.9949795872547024
2025-02-12,288.3627624511719,275.2739,3.2077038890712863,19.992852825016957,4.471336805141943,2.0808792079686547,0.9949795872547024
2025-02-13,291.05841064453125,277.5939,3.2077038890712863,19.992852825016957,4.471336805141943,2.0808792079686547,0.9949795872547024
2025-02-14,288.08526611328125,279.99176,3.2077038890712863,19.992852825016957,4.471336805141943,2.0808792079686547,0.9949795872547024
2025-02-18,290.05743408203125,281.0372,3.2077038890712863,19.992852825016957,4.471336805141943,2.0808792079686547,0.9949795872547024
2025-02-19,285.8851623535156,282.19473,3.2077038890712863,19.992852825016957,4.471336805141943,2.0808792079686547,0.9949795872547024
2025-02-20,285.3401184082031,281.85425,3.2077038890712863,19.992852825016957,4.471336805141943,2.0808792079686547,0.9949795872547024
2025-02-21,280.4542541503906,281.3163,3.2077038890712863,19.992852825016957,4.471336805141943,2.0808792079686547,0.9949795872547024
2025-02-24,282.0002746582031,279.5381,3.2077038890712863,19.992852825016957,4.471336805141943,2.0808792079686547,0.9949795872547024
2025-02-25,284.3688659667969,278.54617,3.2077038890712863,19.992852825016957,4.471336805141943,2.0808792079686547,0.9949795872547024
2025-02-26,283.3183898925781,278.5215,3.2077038890712863,19.992852825016957,4.471336805141943,2.0808792079686547,0.9949795872547024
2025-02-27,272.13946533203125,278.3151,3.2077038890712863,19.992852825016957,4.471336805141943,2.0808792079686547,0.9949795872547024
2025-02-28,272.5358581542969,275.43222,3.2077038890712863,19.992852825016957,4.471336805141943,2.0808792079686547,0.9949795872547024
2025-03-03,278.1352233886719,273.34546,3.2077038890712863,19.992852825016957,4.471336805141943,2.0808792079686547,0.9949795872547024
2025-03-04,276.549560546875,273.33783,3.2077038890712863,19.992852825016957,4.471336805141943,2.0808792079686547,0.9949795872547024
2025-03-05,284.1607666015625,273.1216,3.2077038890712863,19.992852825016957,4.471336805141943,2.0808792079686547,0.9949795872547024
2025-03-06,276.83697509765625,274.9088,3.2077038890712863,19.992852825016957,4.471336805141943,2.0808792079686547,0.9949795872547024
2025-03-07,274.3197326660156,274.36728,3.2077038890712863,19.992852825016957,4.471336805141943,2.0808792079686547,0.9949795872547024
2025-03-10,258.9685363769531,273.28354,3.2077038890712863,19.992852825016957,4.471336805141943,2.0808792079686547,0.9949795872547024
2025-03-11,258.33428955078125,268.40878,3.2077038890712863,19.992852825016957,4.471336805141943,2.0808792079686547,0.9949795872547024
2025-03-12,261.7533569335937,264.51416,3.2077038890712863,19.992852825016957,4.471336805141943,2.0808792079686547,0.9949795872547024
2025-03-13,252.90338134765625,262.62265,3.2077038890712863,19.992852825016957,4.471336805141943,2.0808792079686547,0.9949795872547024
2025-03-14,261.5155029296875,258.95682,3.2077038890712863,19.992852825016957,4.471336805141943,2.0808792079686547,0.9949795872547024
2025-03-17,267.1346740722656,258.6044,3.2077038890712863,19.992852825016957,4.471336805141943,2.0808792079686547,0.9949795872547024
2025-03-18,268.2149353027344,260.05667,3.2077038890712863,19.992852825016957,4.471336805141943,2.0808792079686547,0.9949795872547024
2025-03-19,269.0077819824219,261.66644,3.2077038890712863,19.992852825016957,4.471336805141943,2.0808792079686547,0.9949795872547024
2025-03-20,269.2555236816406,263.35803,3.2077038890712863,19.992852825016957,4.471336805141943,2.0808792079686547,0.9949795872547024
2025-03-21,270.0880126953125,264.76044,3.2077038890712863,19.992852825016957,4.471336805141943,2.0808792079686547,0.9949795872547024
2025-03-24,273.26922607421875,266.02103,3.2077038890712863,19.992852825016957,4.471336805141943,2.0808792079686547,0.9949795872547024
2025-03-25,277.7190246582031,267.79483,3.2077038890712863,19.992852825016957,4.471336805141943,2.0808792079686547,0.9949795872547024
2025-03-26,265.5986022949219,270.1688,3.2077038890712863,19.992852825016957,4.471336805141943,2.0808792079686547,0.9949795872547024
2025-03-27,265.74725341796875,268.6503,3.2077038890712863,19.992852825016957,4.471336805141943,2.0808792079686547,0.9949795872547024
2025-03-28,265.5986022949219,267.41464,3.2077038890712863,19.992852825016957,4.471336805141943,2.0808792079686547,0.9949795872547024
2025-03-31,266.0346374511719,266.37155,3.2077038890712863,19.992852825016957,4.471336805141943,2.0808792079686547,0.9949795872547024
2025-04-01,267.9176330566406,265.74982,3.2077038890712863,19.992852825016957,4.471336805141943,2.0808792079686547,0.9949795872547024
2025-04-02,268.9879455566406,265.9211,3.2077038890712863,19.992852825016957,4.471336805141943,2.0808792079686547,0.9949795872547024
2025-04-03,261.97137451171875,266.5187,3.2077038890712863,19.992852825016957,4.471336805141943,2.0808792079686547,0.9949795872547024
2025-04-04,246.2733154296875,265.11618,3.2077038890712863,19.992852825016957,4.471336805141943,2.0808792079686547,0.9949795872547024
2025-04-07,239.37567138671875,259.86765,3.2077038890712863,19.992852825016957,4.471336805141943,2.0808792079686547,0.9949795872547024
2025-04-08,235.401611328125,253.93564,3.2077038890712863,19.992852825016957,4.471336805141943,2.0808792079686547,0.9949795872547024
2025-04-09,257.28375244140625,248.52817,3.2077038890712863,19.992852825016957,4.471336805141943,2.0808792079686547,0.9949795872547024
2025-04-10,256.1737976074219,250.6782,3.2077038890712863,19.992852825016957,4.471336805141943,2.0808792079686547,0.9949795872547024
2025-04-11,256.827880859375,252.52441,3.2077038890712863,19.992852825016957,4.471336805141943,2.0808792079686547,0.9949795872547024
2025-04-14,257.2044982910156,254.2674,3.2077038890712863,19.992852825016957,4.471336805141943,2.0808792079686547,0.9949795872547024
2025-04-15,259.6127014160156,255.87389,3.2077038890712863,19.992852825016957,4.471336805141943,2.0808792079686547,0.9949795872547024
2025-04-16,258.14599609375,257.83984,3.2077038890712863,19.992852825016957,4.471336805141943,2.0808792079686547,0.9949795872547024
2025-04-17,255.09356689453125,258.87445,3.2077038890712863,19.992852825016957,4.471336805141943,2.0808792079686547,0.9949795872547024
2025-04-21,248.29502868652344,258.74417,3.2077038890712863,19.992852825016957,4.471336805141943,2.0808792079686547,0.9949795872547024
2025-04-22,250.13836669921875,256.70514,3.2077038890712863,19.992852825016957,4.471336805141943,2.0808792079686547,0.9949795872547024
2025-04-23,269.04742431640625,255.54665,3.2077038890712863,19.992852825016957,4.471336805141943,2.0808792079686547,0.9949795872547024
2025-04-24,271.0988464355469,259.77792,3.2077038890712863,19.992852825016957,4.471336805141943,2.0808792079686547,0.9949795872547024
2025-04-25,275.4594421386719,263.7384,3.2077038890712863,19.992852825016957,4.471336805141943,2.0808792079686547,0.9949795872547024
2025-04-28,282.7931213378906,267.837,3.2077038890712863,19.992852825016957,4.471336805141943,2.0808792079686547,0.9949795872547024
2025-04-29,289.9285888671875,272.69336,3.2077038890712863,19.992852825016957,4.471336805141943,2.0808792079686547,0.9949795872547024
2025-04-30,289.57183837890625,278.1428,3.2077038890712863,19.992852825016957,4.471336805141943,2.0808792079686547,0.9949795872547024
2025-05-01,286.3410339355469,282.0633,3.2077038890712863,19.992852825016957,4.471336805141943,2.0808792079686547,0.9949795872547024
2025-05-02,299.0164489746094,283.82004,3.2077038890712863,19.992852825016957,4.471336805141943,2.0808792079686547,0.9949795872547024
2025-05-05,299.9183044433594,288.07248,3.2077038890712863,19.992852825016957,4.471336805141943,2.0808792079686547,0.9949795872547024
2025-05-06,295.0126342773437,291.29968,3.2077038890712863,19.992852825016957,4.471336805141943,2.0808792079686547,0.9949795872547024
2025-05-07,294.665771484375,292.3331,3.2077038890712863,19.992852825016957,4.471336805141943,2.0808792079686547,0.9949795872547024
2025-05-08,291.6926574707031,292.81915,3.2077038890712863,19.992852825016957,4.471336805141943,2.0808792079686547,0.9949795872547024
2025-05-09,291.3358764648437,292.0798,3.2077038890712863,19.992852825016957,4.471336805141943,2.0808792079686547,0.9949795872547024
2025-05-12,290.8800048828125,291.22614,3.2077038890712863,19.992852825016957,4.471336805141943,2.0808792079686547,0.9949795872547024
2025-05-13,289.7300109863281,290.2766,3.2077038890712863,19.992852825016957,4.471336805141943,2.0808792079686547,0.9949795872547024
2025-05-14,288.4599914550781,289.23627,3.2077038890712863,19.992852825016957,4.471336805141943,2.0808792079686547,0.9949795872547024
2025-05-15,294.3500061035156,288.0048,3.2077038890712863,19.992852825016957,4.471336805141943,2.0808792079686547,0.9949795872547024
2025-05-16,296.4100036621094,288.6503,3.2077038890712863,19.992852825016957,4.471336805141943,2.0808792079686547,0.9949795872547024
2025-05-19,298.739990234375,289.69162,3.2077038890712863,19.992852825016957,4.471336805141943,2.0808792079686547,0.9949795872547024
2025-05-20,299.2699890136719,291.1934,3.2077038890712863,19.992852825016957,4.471336805141943,2.0808792079686547,0.9949795872547024
2025-05-21,298.4100036621094,292.40833,3.2077038890712863,19.992852825016957,4.471336805141943,2.0808792079686547,0.9949795872547024
2025-05-22,299.8399963378906,292.9487,3.2077038890712863,19.992852825016957,4.471336805141943,2.0808792079686547,0.9949795872547024
2025-05-23,294.8699951171875,293.5914,3.2077038890712863,19.992852825016957,4.471336805141943,2.0808792079686547,0.9949795872547024
2025-05-27,301.8399963378906,292.94162,3.2077038890712863,19.992852825016957,4.471336805141943,2.0808792079686547,0.9949795872547024
2025-05-28,298.07000732421875,294.22278,3.2077038890712863,19.992852825016957,4.471336805141943,2.0808792079686547,0.9949795872547024
2025-05-29,296.92999267578125,294.07138,3.2077038890712863,19.992852825016957,4.471336805141943,2.0808792079686547,0.9949795872547024
2025-05-30,302.8599853515625,293.60458,3.2077038890712863,19.992852825016957,4.471336805141943,2.0808792079686547,0.9949795872547024
2025-06-02,304.6600036621094,294.45377,3.2077038890712863,19.992852825016957,4.471336805141943,2.0808792079686547,0.9949795872547024
2025-06-03,306.3900146484375,295.53543,3.2077038890712863,19.992852825016957,4.471336805141943,2.0808792079686547,0.9949795872547024
2025-06-04,309.32000732421875,296.65433,3.2077038890712863,19.992852825016957,4.471336805141943,2.0808792079686547,0.9949795872547024
2025-06-05,309.1000061035156,298.45184,3.2077038890712863,19.992852825016957,4.471336805141943,2.0808792079686547,0.9949795872547024
2025-06-06,309.79998779296875,299.7141,3.2077038890712863,19.992852825016957,4.471336805141943,2.0808792079686547,0.9949795872547024
2025-06-09,305.4200134277344,300.69025,3.2077038890712863,19.992852825016957,4.471336805141943,2.0808792079686547,0.9949795872547024
2025-06-10,304.4100036621094,300.47278,3.2077038890712863,19.992852825016957,4.471336805141943,2.0808792079686547,0.9949795872547024
2025-06-11,299.2099914550781,299.87622,3.2077038890712863,19.992852825016957,4.471336805141943,2.0808792079686547,0.9949795872547024
2025-06-12,301.739990234375,297.9505,3.2077038890712863,19.992852825016957,4.471336805141943,2.0808792079686547,0.9949795872547024
2025-06-13,293.3599853515625,297.11633,3.2077038890712863,19.992852825016957,4.471336805141943,2.0808792079686547,0.9949795872547024
2025-06-16,295.8399963378906,294.3562,3.2077038890712863,19.992852825016957,4.471336805141943,2.0808792079686547,0.9949795872547024
2025-06-17,292.6400146484375,292.95673,3.2077038890712863,19.992852825016957,4.471336805141943,2.0808792079686547,0.9949795872547024
2025-06-18,289.8099975585937,291.16238,3.2077038890712863,19.992852825016957,4.471336805141943,2.0808792079686547,0.9949795872547024
2025-06-20,287.5899963378906,289.09027,3.2077038890712863,19.992852825016957,4.471336805141943,2.0808792079686547,0.9949795872547024
2025-06-23,290.79998779296875,286.86346,3.2077038890712863,19.992852825016957,4.471336805141943,2.0808792079686547,0.9949795872547024
2025-06-24,297.0799865722656,286.3386,3.2077038890712863,19.992852825016957,4.471336805141943,2.0808792079686547,0.9949795872547024
2025-06-25,293.2900085449219,287.72867,3.2077038890712863,19.992852825016957,4.471336805141943,2.0808792079686547,0.9949795872547024
2025-06-26,295.54998779296875,287.9238,3.2077038890712863,19.992852825016957,4.471336805141943,2.0808792079686547,0.9949795872547024
2025-06-27,301.0899963378906,288.66354,3.2077038890712863,19.992852825016957,4.471336805141943,2.0808792079686547,0.9949795872547024
2025-06-30,304.1000061035156,290.56573,3.2077038890712863,19.992852825016957,4.471336805141943,2.0808792079686547,0.9949795872547024
2025-07-01,300.67999267578125,292.62448,3.2077038890712863,19.992852825016957,4.471336805141943,2.0808792079686547,0.9949795872547024
2025-07-02,298.1600036621094,293.2386,3.2077038890712863,19.992852825016957,4.471336805141943,2.0808792079686547,0.9949795872547024
2025-07-03,303.7200012207031,293.24362,3.2077038890712863,19.992852825016957,4.471336805141943,2.0808792079686547,0.9949795872547024
2025-07-07,305.5299987792968,294.8493,3.2077038890712863,19.992852825016957,4.471336805141943,2.0808792079686547,0.9949795872547024
2025-07-08,308.76000976562506,296.8026,3.2077038890712863,19.992852825016957,4.471336805141943,2.0808792079686547,0.9949795872547024
2025-07-09,311.92999267578125,298.731,3.2077038890712863,19.992852825016957,4.471336805141943,2.0808792079686547,0.9949795872547024
2025-07-10,306.20999145507807,300.98495,3.2077038890712863,19.992852825016957,4.471336805141943,2.0808792079686547,0.9949795872547024
2025-07-11,300.8500061035156,301.1312,3.2077038890712863,19.992852825016957,4.471336805141943,2.0808792079686547,0.9949795872547024
2025-07-14,300.6400146484375,299.73828,3.2077038890712863,19.992852825016957,4.471336805141943,2.0808792079686547,0.9949795872547024
2025-07-15,301.5799865722656,298.46542,3.2077038890712863,19.992852825016957,4.471336805141943,2.0808792079686547,0.9949795872547024
2025-07-16,306.01998901367193,297.73944,3.2077038890712863,19.992852825016957,4.471336805141943,2.0808792079686547,0.9949795872547024
2025-07-17,308.60998535156244,298.47116,3.2077038890712863,19.992852825016957,4.471336805141943,2.0808792079686547,0.9949795872547024
2025-07-18,305.9700012207032,300.05124,3.2077038890712863,19.992852825016957,4.471336805141943,2.0808792079686547,0.9949795872547024
2025-07-21,307.2699890136719,300.82773,3.2077038890712863,19.992852825016957,4.471336805141943,2.0808792079686547,0.9949795872547024
2025-07-22,306.2900085449219,301.54068,3.2077038890712863,19.992852825016957,4.471336805141943,2.0808792079686547,0.9949795872547024
2025-07-23,290.6300048828125,301.91025,3.2077038890712863,19.992852825016957,4.471336805141943,2.0808792079686547,0.9949795872547024
2025-07-24,286.1600036621094,298.19012,3.2077038890712863,19.992852825016957,4.471336805141943,2.0808792079686547,0.9949795872547024
2025-07-25,288.0299987792969,294.12527,3.2077038890712863,19.992852825016957,4.471336805141943,2.0808792079686547,0.9949795872547024
2025-07-28,282.3800048828125,291.47983,3.2077038890712863,19.992852825016957,4.471336805141943,2.0808792079686547,0.9949795872547024
2025-07-29,287.5400085449219,288.21185,3.2077038890712863,19.992852825016957,4.471336805141943,2.0808792079686547,0.9949795872547024
2025-07-30,290.5,287.409,3.2077038890712863,19.992852825016957,4.471336805141943,2.0808792079686547,0.9949795872547024
2025-07-31,286.70001220703125,287.55786,3.2077038890712863,19.992852825016957,4.471336805141943,2.0808792079686547,0.9949795872547024
2025-08-01,283.0,286.78577,3.2077038890712863,19.992852825016957,4.471336805141943,2.0808792079686547,0.9949795872547024
2025-08-04,283.7900085449219,285.38678,3.2077038890712863,19.992852825016957,4.471336805141943,2.0808792079686547,0.9949795872547024
2025-08-05,285.19000244140625,284.57297,3.2077038890712863,19.992852825016957,4.471336805141943,2.0808792079686547,0.9949795872547024
2025-08-06,291.7799987792969,284.45517,3.2077038890712863,19.992852825016957,4.471336805141943,2.0808792079686547,0.9949795872547024
2025-08-07,295.4599914550781,286.19586,3.2077038890712863,19.992852825016957,4.471336805141943,2.0808792079686547,0.9949795872547024
2025-08-08,292.1199951171875,288.58817,3.2077038890712863,19.992852825016957,4.471336805141943,2.0808792079686547,0.9949795872547024
2025-08-11,287.239990234375,289.60797,3.2077038890712863,19.992852825016957,4.471336805141943,2.0808792079686547,0.9949795872547024
2025-08-12,275.8900146484375,289.14096,3.2077038890712863,19.992852825016957,4.471336805141943,2.0808792079686547,0.9949795872547024
2025-08-13,278.82000732421875,285.66437,3.2077038890712863,19.992852825016957,4.471336805141943,2.0808792079686547,0.9949795872547024
2025-08-14,278.9100036621094,283.6928,3.2077038890712863,19.992852825016957,4.471336805141943,2.0808792079686547,0.9949795872547024
2025-08-15,277.8500061035156,282.2256,3.2077038890712863,19.992852825016957,4.471336805141943,2.0808792079686547,0.9949795872547024
2025-08-18,276.7200012207031,280.91312,3.2077038890712863,19.992852825016957,4.471336805141943,2.0808792079686547,0.9949795872547024
2025-08-19,274.2300109863281,279.7312,3.2077038890712863,19.992852825016957,4.471336805141943,2.0808792079686547,0.9949795872547024
2025-08-20,272.5299987792969,278.23172,3.2077038890712863,19.992852825016957,4.471336805141943,2.0808792079686547,0.9949795872547024
2025-08-21,269.2099914550781,276.86215,3.2077038890712863,19.992852825016957,4.471336805141943,2.0808792079686547,0.9949795872547024
2025-08-22,271.1099853515625,274.91074,3.2077038890712863,19.992852825016957,4.471336805141943,2.0808792079686547,0.9949795872547024
2025-08-25,270.260009765625,274.12366,3.2077038890712863,19.992852825016957,4.471336805141943,2.0808792079686547,0.9949795872547024
2025-08-26,269.8599853515625,273.5278,3.2077038890712863,19.992852825016957,4.471336805141943,2.0808792079686547,0.9949795872547024
2025-08-27,275.1099853515625,273.0248,3.2077038890712863,19.992852825016957,4.471336805141943,2.0808792079686547,0.9949795872547024
2025-08-28,275.3999938964844,274.1297,3.2077038890712863,19.992852825016957,4.471336805141943,2.0808792079686547,0.9949795872547024
2025-08-29,272.1600036621094,275.1342,3.2077038890712863,19.992852825016957,4.471336805141943,2.0808792079686547,0.9949795872547024
2025-09-02,266.20001220703125,275.00845,3.2077038890712863,19.992852825016957,4.471336805141943,2.0808792079686547,0.9949795872547024
2025-09-03,270.94000244140625,273.28055,3.2077038890712863,19.992852825016957,4.471336805141943,2.0808792079686547,0.9949795872547024
2025-09-04,271.989990234375,273.1044,3.2077038890712863,19.992852825016957,4.471336805141943,2.0808792079686547,0.9949795872547024
2025-09-05,269.0,273.31183,3.2077038890712863,19.992852825016957,4.471336805141943,2.0808792079686547,0.9949795872547024
2025-09-08,270.3299865722656,272.6687,3.2077038890712863,19.992852825016957,4.471336805141943,2.0808792079686547,0.9949795872547024
2025-09-09,271.4800109863281,272.59103,3.2077038890712863,19.992852825016957,4.471336805141943,2.0808792079686547,0.9949795872547024
2025-09-10,260.510009765625,272.73206,3.2077038890712863,19.992852825016957,4.471336805141943,2.0808792079686547,0.9949795872547024
2025-09-11,258.19000244140625,270.07712,3.2077038890712863,19.992852825016957,4.471336805141943,2.0808792079686547,0.9949795872547024
2025-09-12,257.1600036621094,267.31693,3.2077038890712863,19.992852825016957,4.471336805141943,2.0808792079686547,0.9949795872547024
2025-09-15,252.4199981689453,265.00967,3.2077038890712863,19.992852825016957,4.471336805141943,2.0808792079686547,0.9949795872547024
2025-09-16,253.6000061035156,262.16016,3.2077038890712863,19.992852825016957,4.471336805141943,2.0808792079686547,0.9949795872547024
2025-09-17,261.4200134277344,260.5248,3.2077038890712863,19.992852825016957,4.471336805141943,2.0808792079686547,0.9949795872547024
2025-09-18,269.739990234375,261.54535,3.2077038890712863,19.992852825016957,4.471336805141943,2.0808792079686547,0.9949795872547024
2025-09-19,266.9100036621094,264.6467,3.2077038890712863,19.992852825016957,4.471336805141943,2.0808792079686547,0.9949795872547024
2025-09-22,265.3800048828125,266.4991,3.2077038890712863,19.992852825016957,4.471336805141943,2.0808792079686547,0.9949795872547024
2025-09-23,265.2699890136719,267.49527,3.2077038890712863,19.992852825016957,4.471336805141943,2.0808792079686547,0.9949795872547024
2025-09-24,268.8500061035156,268.05673,3.2077038890712863,19.992852825016957,4.471336805141943,2.0808792079686547,0.9949795872547024
2025-09-25,262.510009765625,269.2806,3.2077038890712863,19.992852825016957,4.471336805141943,2.0808792079686547,0.9949795872547024
2025-09-26,264.0799865722656,268.53802,3.2077038890712863,19.992852825016957,4.471336805141943,2.0808792079686547,0.9949795872547024
2025-09-29,263.82000732421875,268.40143,3.2077038890712863,19.992852825016957,4.471336805141943,2.0808792079686547,0.9949795872547024
2025-09-30,267.2099914550781,268.1181,3.2077038890712863,19.992852825016957,4.471336805141943,2.0808792079686547,0.9949795872547024
2025-10-01,269.989990234375,268.76743,3.2077038890712863,19.992852825016957,4.471336805141943,2.0808792079686547,0.9949795872547024
2025-10-02,271.9100036621094,269.92645,3.2077038890712863,19.992852825016957,4.471336805141943,2.0808792079686547,0.9949795872547024
2025-10-03,270.5299987792969,271.176,3.2077038890712863,19.992852825016957,4.471336805141943,2.0808792079686547,0.9949795872547024
2025-10-06,274.2799987792969,271.7731,3.2077038890712863,19.992852825016957,4.471336805141943,2.0808792079686547,0.9949795872547024
2025-10-07,273.82000732421875,273.25763,3.2077038890712863,19.992852825016957,4.471336805141943,2.0808792079686547,0.9949795872547024
2025-10-08,277.1499938964844,274.24384,3.2077038890712863,19.992852825016957,4.471336805141943,2.0808792079686547,0.9949795872547024
2025-10-09,275.7900085449219,275.81494,3.2077038890712863,19.992852825016957,4.471336805141943,2.0808792079686547,0.9949795872547024
2025-10-10,265.5299987792969,276.48083,3.2077038890712863,19.992852825016957,4.471336805141943,2.0808792079686547,0.9949795872547024
2025-10-13,269.82000732421875,274.05215,3.2077038890712863,19.992852825016957,4.471336805141943,2.0808792079686547,0.9949795872547024
2025-10-14,270.5199890136719,273.1693,3.2077038890712863,19.992852825016957,4.471336805141943,2.0808792079686547,0.9949795872547024
2025-10-15,271.6400146484375,272.50525,3.2077038890712863,19.992852825016957,4.471336805141943,2.0808792079686547,0.9949795872547024
2025-10-16,269.739990234375,272.14117,3.2077038890712863,19.992852825016957,4.471336805141943,2.0808792079686547,0.9949795872547024
2025-10-17,272.8999938964844,271.58267,3.2077038890712863,19.992852825016957,4.471336805141943,2.0808792079686547,0.9949795872547024
2025-10-20,277.9100036621094,272.06616,3.2077038890712863,19.992852825016957,4.471336805141943,2.0808792079686547,0.9949795872547024
2025-10-21,280.4599914550781,273.7234,3.2077038890712863,19.992852825016957,4.471336805141943,2.0808792079686547,0.9949795872547024
2025-10-22,276.2200012207031,275.8082,3.2077038890712863,19.992852825016957,4.471336805141943,2.0808792079686547,0.9949795872547024
2025-10-23,278.5299987792969,276.14642,3.2077038890712863,19.992852825016957,4.471336805141943,2.0808792079686547,0.9949795872547024
2025-10-24,269.54998779296875,276.81934,3.2077038890712863,19.992852825016957,4.471336805141943,2.0808792079686547,0.9949795872547024
2025-10-27,272.1600036621094,274.93356,3.2077038890712863,19.992852825016957,4.471336805141943,2.0808792079686547,0.9949795872547024
2025-10-28,270.0599975585937,274.19354,3.2077038890712863,19.992852825016957,4.471336805141943,2.0808792079686547,0.9949795872547024
2025-10-29,259.6400146484375,273.10074,3.2077038890712863,19.992852825016957,4.471336805141943,2.0808792079686547,0.9949795872547024
2025-10-30,259.19000244140625,269.54727,3.2077038890712863,19.992852825016957,4.471336805141943,2.0808792079686547,0.9949795872547024
2025-10-31,260.010009765625,266.57236,3.2077038890712863,19.992852825016957,4.471336805141943,2.0808792079686547,0.9949795872547024
2025-11-03,263.9599914550781,264.44174,3.2077038890712863,19.992852825016957,4.471336805141943,2.0808792079686547,0.9949795872547024
2025-11-04,259.6400146484375,263.9587,3.2077038890712863,19.992852825016957,4.471336805141943,2.0808792079686547,0.9949795872547024
2025-11-05,261.0599975585937,262.58353,3.2077038890712863,19.992852825016957,4.471336805141943,2.0808792079686547,0.9949795872547024
2025-11-06,253.8800048828125,262.20694,3.2077038890712863,19.992852825016957,4.471336805141943,2.0808792079686547,0.9949795872547024
2025-11-07,251.9600067138672,260.02087,3.2077038890712863,19.992852825016957,4.471336805141943,2.0808792079686547,0.9949795872547024
2025-11-10,251.759994506836,257.83774,3.2077038890712863,19.992852825016957,4.471336805141943,2.0808792079686547,0.9949795872547024
2025-11-11,254.3800048828125,256.16434,3.2077038890712863,19.992852825016957,4.471336805141943,2.0808792079686547,0.9949795872547024
2025-11-12,253.33999633789065,255.6737,3.2077038890712863,19.992852825016957,4.471336805141943,2.0808792079686547,0.9949795872547024
2025-11-13,251.8600006103516,255.16277,3.2077038890712863,19.992852825016957,4.471336805141943,2.0808792079686547,0.9949795872547024
2025-11-14,245.02999877929688,254.47803,3.2077038890712863,19.992852825016957,4.471336805141943,2.0808792079686547,0.9949795872547024
2025-11-17,238.8999938964844,252.26143,3.2077038890712863,19.992852825016957,4.471336805141943,2.0808792079686547,0.9949795872547024
2025-11-18,237.9900054931641,248.92456,3.2077038890712863,19.992852825016957,4.471336805141943,2.0808792079686547,0.9949795872547024
2025-11-19,237.97000122070312,246.22105,3.2077038890712863,19.992852825016957,4.471336805141943,2.0808792079686547,0.9949795872547024
2025-11-20,233.94000244140628,244.33136,3.2077038890712863,19.992852825016957,4.471336805141943,2.0808792079686547,0.9949795872547024
2025-11-21,236.6999969482422,241.8665,3.2077038890712863,19.992852825016957,4.471336805141943,2.0808792079686547,0.9949795872547024
2025-11-24,238.2899932861328,240.83723,3.2077038890712863,19.992852825016957,4.471336805141943,2.0808792079686547,0.9949795872547024
2025-11-25,237.86000061035156,240.70148,3.2077038890712863,19.992852825016957,4.471336805141943,2.0808792079686547,0.9949795872547024
2025-11-26,240.0200042724609,240.78688,3.2077038890712863,19.992852825016957,4.471336805141943,2.0808792079686547,0.9949795872547024
2025-11-28,241.75000000000003,241.45125,3.2077038890712863,19.992852825016957,4.471336805141943,2.0808792079686547,0.9949795872547024
2025-12-01,242.0800018310547,242.44028,3.2077038890712863,19.992852825016957,4.471336805141943,2.0808792079686547,0.9949795872547024
2025-12-02,241.72000122070312,243.33652,3.2077038890712863,19.992852825016957,4.471336805141943,2.0808792079686547,0.9949795872547024
2025-12-03,243.82000732421875,243.81754,3.2077038890712863,19.992852825016957,4.471336805141943,2.0808792079686547,0.9949795872547024
2025-12-04,245.47000122070312,244.56989,3.2077038890712863,19.992852825016957,4.471336805141943,2.0808792079686547,0.9949795872547024
2025-12-05,247.25999450683597,245.71407,3.2077038890712863,19.992852825016957,4.471336805141943,2.0808792079686547,0.9949795872547024
2025-12-08,242.97999572753903,247.07071,3.2077038890712863,19.992852825016957,4.471336805141943,2.0808792079686547,0.9949795872547024
2025-12-09,244.1300048828125,246.93106,3.2077038890712863,19.992852825016957,4.471336805141943,2.0808792079686547,0.9949795872547024
2025-12-10,245.8800048828125,247.21664,3.2077038890712863,19.992852825016957,4.471336805141943,2.0808792079686547,0.9949795872547024
2025-12-11,247.38999938964847,247.96007,3.2077038890712863,19.992852825016957,4.471336805141943,2.0808792079686547,0.9949795872547024
2025-12-12,244.8300018310547,248.84523,3.2077038890712863,19.992852825016957,4.471336805141943,2.0808792079686547,0.9949795872547024
2025-12-15,244.4900054931641,248.63313,3.2077038890712863,19.992852825016957,4.471336805141943,2.0808792079686547,0.9949795872547024
2025-12-16,243.66000366210932,248.35985,3.2077038890712863,19.992852825016957,4.471336805141943,2.0808792079686547,0.9949795872547024
2025-12-17,241.4199981689453,247.92142,3.2077038890712863,19.992852825016957,4.471336805141943,2.0808792079686547,0.9949795872547024
2025-12-18,244.30999755859372,246.97484,3.2077038890712863,19.992852825016957,4.471336805141943,2.0808792079686547,0.9949795872547024
2025-12-19,244.3300018310547,246.92995,3.2077038890712863,19.992852825016957,4.471336805141943,2.0808792079686547,0.9949795872547024
2025-12-22,245.3000030517578,247.0841,3.2077038890712863,19.992852825016957,4.471336805141943,2.0808792079686547,0.9949795872547024
2025-12-23,244.9600067138672,247.50473,3.2077038890712863,19.992852825016957,4.471336805141943,2.0808792079686547,0.9949795872547024
2025-12-24,245.60000610351557,247.81694,3.2077038890712863,19.992852825016957,4.471336805141943,2.0808792079686547,0.9949795872547024
2025-12-26,246.55999755859372,248.21185,3.2077038890712863,19.992852825016957,4.471336805141943,2.0808792079686547,0.9949795872547024
2025-12-29,246.0399932861328,248.74019,3.2077038890712863,19.992852825016957,4.471336805141943,2.0808792079686547,0.9949795872547024
2025-12-30,244.58999633789062,248.96127,3.2077038890712863,19.992852825016957,4.471336805141943,2.0808792079686547,0.9949795872547024
2025-12-31,242.91000366210938,248.75523,3.2077038890712863,19.992852825016957,4.471336805141943,2.0808792079686547,0.9949795872547024
2026-01-02,236.9199981689453,248.02663,3.2077038890712863,19.992852825016957,4.471336805141943,2.0808792079686547,0.9949795872547024
2026-01-05,240.44000244140628,245.81131,3.2077038890712863,19.992852825016957,4.471336805141943,2.0808792079686547,0.9949795872547024
2026-01-06,237.97999572753903,244.91533,3.2077038890712863,19.992852825016957,4.471336805141943,2.0808792079686547,0.9949795872547024
2026-01-07,243.42999267578125,243.5725,3.2077038890712863,19.992852825016957,4.471336805141943,2.0808792079686547,0.9949795872547024
2026-01-08,241.02999877929688,244.29135,3.2077038890712863,19.992852825016957,4.471336805141943,2.0808792079686547,0.9949795872547024
