Date,Actual,Predicted,MAE,MSE,RMSE,MAPE,R2
2020-03-25,96.51358795166016,95.13279,5.670452694316487,56.32841928691425,7.505226131630828,3.5070595404091547,0.9858553495798941
2020-03-26,104.541259765625,94.06295,5.670452694316487,56.32841928691425,7.505226131630828,3.5070595404091547,0.9858553495798941
2020-03-27,100.0330581665039,95.290405,5.670452694316487,56.32841928691425,7.505226131630828,3.5070595404091547,0.9858553495798941
2020-03-30,102.4096221923828,96.25165,5.670452694316487,56.32841928691425,7.505226131630828,3.5070595404091547,0.9858553495798941
2020-03-31,100.23263549804688,99.20019,5.670452694316487,56.32841928691425,7.505226131630828,3.5070595404091547,0.9858553495798941
2020-04-01,95.72441864013673,100.13516,5.670452694316487,56.32841928691425,7.505226131630828,3.5070595404091547,0.9858553495798941
2020-04-02,95.2345962524414,98.3695,5.670452694316487,56.32841928691425,7.505226131630828,3.5070595404091547,0.9858553495798941
2020-04-03,95.416015625,98.24992,5.670452694316487,56.32841928691425,7.505226131630828,3.5070595404091547,0.9858553495798941
2020-04-06,101.6023178100586,95.83902,5.670452694316487,56.32841928691425,7.505226131630828,3.5070595404091547,0.9858553495798941
2020-04-07,101.43904876708984,98.22943,5.670452694316487,56.32841928691425,7.505226131630828,3.5070595404091547,0.9858553495798941
2020-04-08,104.33262634277344,97.54405,5.670452694316487,56.32841928691425,7.505226131630828,3.5070595404091547,0.9858553495798941
2020-04-09,110.12889862060548,94.39955,5.670452694316487,56.32841928691425,7.505226131630828,3.5070595404091547,0.9858553495798941
2020-04-13,111.00875854492188,96.43054,5.670452694316487,56.32841928691425,7.505226131630828,3.5070595404091547,0.9858553495798941
2020-04-14,111.87049865722656,95.32439,5.670452694316487,56.32841928691425,7.505226131630828,3.5070595404091547,0.9858553495798941
2020-04-15,107.6253433227539,98.42046,5.670452694316487,56.32841928691425,7.505226131630828,3.5070595404091547,0.9858553495798941
2020-04-16,108.19680786132812,97.733055,5.670452694316487,56.32841928691425,7.505226131630828,3.5070595404091547,0.9858553495798941
2020-04-17,111.94306182861328,99.2422,5.670452694316487,56.32841928691425,7.505226131630828,3.5070595404091547,0.9858553495798941
2020-04-20,111.17203521728516,101.0194,5.670452694316487,56.32841928691425,7.505226131630828,3.5070595404091547,0.9858553495798941
2020-04-21,105.22157287597656,101.55553,5.670452694316487,56.32841928691425,7.505226131630828,3.5070595404091547,0.9858553495798941
2020-04-22,106.21936798095705,102.198135,5.670452694316487,56.32841928691425,7.505226131630828,3.5070595404091547,0.9858553495798941
2020-04-23,104.45056915283205,103.06182,5.670452694316487,56.32841928691425,7.505226131630828,3.5070595404091547,0.9858553495798941
2020-04-24,105.66604614257812,104.08612,5.670452694316487,56.32841928691425,7.505226131630828,3.5070595404091547,0.9858553495798941
2020-04-27,106.0016632080078,105.894135,5.670452694316487,56.32841928691425,7.505226131630828,3.5070595404091547,0.9858553495798941
2020-04-28,106.0016632080078,105.00785,5.670452694316487,56.32841928691425,7.505226131630828,3.5070595404091547,0.9858553495798941
2020-04-29,108.07888793945312,102.43812,5.670452694316487,56.32841928691425,7.505226131630828,3.5070595404091547,0.9858553495798941
2020-04-30,107.52557373046876,100.09219,5.670452694316487,56.32841928691425,7.505226131630828,3.5070595404091547,0.9858553495798941
2020-05-01,106.1014404296875,100.56747,5.670452694316487,56.32841928691425,7.505226131630828,3.5070595404091547,0.9858553495798941
2020-05-04,106.3010025024414,101.33066,5.670452694316487,56.32841928691425,7.505226131630828,3.5070595404091547,0.9858553495798941
2020-05-05,105.73861694335938,101.73499,5.670452694316487,56.32841928691425,7.505226131630828,3.5070595404091547,0.9858553495798941
2020-05-06,102.63639068603516,102.29469,5.670452694316487,56.32841928691425,7.505226131630828,3.5070595404091547,0.9858553495798941
2020-05-07,104.5140609741211,102.65767,5.670452694316487,56.32841928691425,7.505226131630828,3.5070595404091547,0.9858553495798941
2020-05-08,105.90188598632812,105.95586,5.670452694316487,56.32841928691425,7.505226131630828,3.5070595404091547,0.9858553495798941
2020-05-11,104.56847381591795,107.21961,5.670452694316487,56.32841928691425,7.505226131630828,3.5070595404091547,0.9858553495798941
2020-05-12,103.78839111328125,106.03424,5.670452694316487,56.32841928691425,7.505226131630828,3.5070595404091547,0.9858553495798941
2020-05-13,103.47997283935548,105.7377,5.670452694316487,56.32841928691425,7.505226131630828,3.5070595404091547,0.9858553495798941
2020-05-14,102.61824798583983,103.991745,5.670452694316487,56.32841928691425,7.505226131630828,3.5070595404091547,0.9858553495798941
2020-05-15,102.6908187866211,101.68718,5.670452694316487,56.32841928691425,7.505226131630828,3.5070595404091547,0.9858553495798941
2020-05-18,106.56405639648439,103.60604,5.670452694316487,56.32841928691425,7.505226131630828,3.5070595404091547,0.9858553495798941
2020-05-19,106.33728790283205,104.86704,5.670452694316487,56.32841928691425,7.505226131630828,3.5070595404091547,0.9858553495798941
2020-05-20,109.12203216552734,105.53435,5.670452694316487,56.32841928691425,7.505226131630828,3.5070595404091547,0.9858553495798941
2020-05-21,106.91544342041016,108.0649,5.670452694316487,56.32841928691425,7.505226131630828,3.5070595404091547,0.9858553495798941
2020-05-22,106.80502319335939,105.578186,5.670452694316487,56.32841928691425,7.505226131630828,3.5070595404091547,0.9858553495798941
2020-05-26,111.77398681640624,108.12617,5.670452694316487,56.32841928691425,7.505226131630828,3.5070595404091547,0.9858553495798941
2020-05-27,113.16344451904295,108.504005,5.670452694316487,56.32841928691425,7.505226131630828,3.5070595404091547,0.9858553495798941
2020-05-28,113.76156616210938,108.74862,5.670452694316487,56.32841928691425,7.505226131630828,3.5070595404091547,0.9858553495798941
2020-05-29,117.87476348876952,106.23516,5.670452694316487,56.32841928691425,7.505226131630828,3.5070595404091547,0.9858553495798941
2020-06-01,118.25202178955078,108.73422,5.670452694316487,56.32841928691425,7.505226131630828,3.5070595404091547,0.9858553495798941
2020-06-02,120.04637908935548,112.1641,5.670452694316487,56.32841928691425,7.505226131630828,3.5070595404091547,0.9858553495798941
2020-06-03,122.89892578125001,111.69867,5.670452694316487,56.32841928691425,7.505226131630828,3.5070595404091547,0.9858553495798941
2020-06-04,123.6166763305664,113.61447,5.670452694316487,56.32841928691425,7.505226131630828,3.5070595404091547,0.9858553495798941
2020-06-05,124.97853088378905,113.24923,5.670452694316487,56.32841928691425,7.505226131630828,3.5070595404091547,0.9858553495798941
2020-06-08,125.70547485351562,114.70465,5.670452694316487,56.32841928691425,7.505226131630828,3.5070595404091547,0.9858553495798941
2020-06-09,125.82508850097656,114.42128,5.670452694316487,56.32841928691425,7.505226131630828,3.5070595404091547,0.9858553495798941
2020-06-10,125.67786407470705,114.97696,5.670452694316487,56.32841928691425,7.505226131630828,3.5070595404091547,0.9858553495798941
2020-06-11,119.16300201416016,117.422424,5.670452694316487,56.32841928691425,7.505226131630828,3.5070595404091547,0.9858553495798941
2020-06-12,119.7519073486328,117.77721,5.670452694316487,56.32841928691425,7.505226131630828,3.5070595404091547,0.9858553495798941
2020-06-15,120.0095672607422,118.84498,5.670452694316487,56.32841928691425,7.505226131630828,3.5070595404091547,0.9858553495798941
2020-06-16,122.871337890625,117.57532,5.670452694316487,56.32841928691425,7.505226131630828,3.5070595404091547,0.9858553495798941
2020-06-17,123.78231048583986,119.207405,5.670452694316487,56.32841928691425,7.505226131630828,3.5070595404091547,0.9858553495798941
2020-06-18,124.3528060913086,117.07742,5.670452694316487,56.32841928691425,7.505226131630828,3.5070595404091547,0.9858553495798941
2020-06-19,126.09194946289062,115.63912,5.670452694316487,56.32841928691425,7.505226131630828,3.5070595404091547,0.9858553495798941
2020-06-22,129.72665405273438,116.64834,5.670452694316487,56.32841928691425,7.505226131630828,3.5070595404091547,0.9858553495798941
2020-06-23,129.80947875976562,118.742294,5.670452694316487,56.32841928691425,7.505226131630828,3.5070595404091547,0.9858553495798941
2020-06-24,125.0061264038086,120.27205,5.670452694316487,56.32841928691425,7.505226131630828,3.5070595404091547,0.9858553495798941
2020-06-25,126.67166137695312,121.0316,5.670452694316487,56.32841928691425,7.505226131630828,3.5070595404091547,0.9858553495798941
2020-06-26,125.86190032958984,121.89497,5.670452694316487,56.32841928691425,7.505226131630828,3.5070595404091547,0.9858553495798941
2020-06-29,127.38018798828124,123.02479,5.670452694316487,56.32841928691425,7.505226131630828,3.5070595404091547,0.9858553495798941
2020-06-30,128.8248748779297,125.2452,5.670452694316487,56.32841928691425,7.505226131630828,3.5070595404091547,0.9858553495798941
2020-07-01,128.89849853515625,125.88705,5.670452694316487,56.32841928691425,7.505226131630828,3.5070595404091547,0.9858553495798941
2020-07-02,131.4473876953125,126.0206,5.670452694316487,56.32841928691425,7.505226131630828,3.5070595404091547,0.9858553495798941
2020-07-06,135.7814178466797,127.8915,5.670452694316487,56.32841928691425,7.505226131630828,3.5070595404091547,0.9858553495798941
2020-07-07,132.56080627441406,128.63855,5.670452694316487,56.32841928691425,7.505226131630828,3.5070595404091547,0.9858553495798941
2020-07-08,135.22010803222656,128.87477,5.670452694316487,56.32841928691425,7.505226131630828,3.5070595404091547,0.9858553495798941
2020-07-09,140.4835205078125,129.8345,5.670452694316487,56.32841928691425,7.505226131630828,3.5070595404091547,0.9858553495798941
2020-07-10,141.23806762695312,129.77371,5.670452694316487,56.32841928691425,7.505226131630828,3.5070595404091547,0.9858553495798941
2020-07-13,138.8824005126953,131.85214,5.670452694316487,56.32841928691425,7.505226131630828,3.5070595404091547,0.9858553495798941
2020-07-14,141.56935119628906,133.14322,5.670452694316487,56.32841928691425,7.505226131630828,3.5070595404091547,0.9858553495798941
2020-07-15,144.10902404785156,133.82793,5.670452694316487,56.32841928691425,7.505226131630828,3.5070595404091547,0.9858553495798941
2020-07-16,142.7379608154297,136.43655,5.670452694316487,56.32841928691425,7.505226131630828,3.5070595404091547,0.9858553495798941
2020-07-17,143.80535888671875,138.60335,5.670452694316487,56.32841928691425,7.505226131630828,3.5070595404091547,0.9858553495798941
2020-07-20,147.01678466796875,138.18282,5.670452694316487,56.32841928691425,7.505226131630828,3.5070595404091547,0.9858553495798941
2020-07-21,149.53807067871094,139.67696,5.670452694316487,56.32841928691425,7.505226131630828,3.5070595404091547,0.9858553495798941
2020-07-22,151.34161376953125,142.30296,5.670452694316487,56.32841928691425,7.505226131630828,3.5070595404091547,0.9858553495798941
2020-07-23,148.3970489501953,142.64412,5.670452694316487,56.32841928691425,7.505226131630828,3.5070595404091547,0.9858553495798941
2020-07-24,145.9585723876953,141.98453,5.670452694316487,56.32841928691425,7.505226131630828,3.5070595404091547,0.9858553495798941
2020-07-27,151.70968627929688,141.15103,5.670452694316487,56.32841928691425,7.505226131630828,3.5070595404091547,0.9858553495798941
2020-07-28,147.5596923828125,140.84459,5.670452694316487,56.32841928691425,7.505226131630828,3.5070595404091547,0.9858553495798941
2020-07-29,151.51646423339844,142.80159,5.670452694316487,56.32841928691425,7.505226131630828,3.5070595404091547,0.9858553495798941
2020-07-30,147.3848419189453,144.88127,5.670452694316487,56.32841928691425,7.505226131630828,3.5070595404091547,0.9858553495798941
2020-07-31,146.51068115234375,142.41072,5.670452694316487,56.32841928691425,7.505226131630828,3.5070595404091547,0.9858553495798941
2020-08-03,149.20680236816406,143.73401,5.670452694316487,56.32841928691425,7.505226131630828,3.5070595404091547,0.9858553495798941
2020-08-04,147.46766662597656,144.1785,5.670452694316487,56.32841928691425,7.505226131630828,3.5070595404091547,0.9858553495798941
2020-08-05,148.73753356933594,145.83951,5.670452694316487,56.32841928691425,7.505226131630828,3.5070595404091547,0.9858553495798941
2020-08-06,149.05038452148438,144.75394,5.670452694316487,56.32841928691425,7.505226131630828,3.5070595404091547,0.9858553495798941
2020-08-07,148.30503845214844,142.95276,5.670452694316487,56.32841928691425,7.505226131630828,3.5070595404091547,0.9858553495798941
2020-08-10,146.8971710205078,143.72072,5.670452694316487,56.32841928691425,7.505226131630828,3.5070595404091547,0.9858553495798941
2020-08-11,146.44625854492188,145.11665,5.670452694316487,56.32841928691425,7.505226131630828,3.5070595404091547,0.9858553495798941
2020-08-12,149.63009643554688,145.3944,5.670452694316487,56.32841928691425,7.505226131630828,3.5070595404091547,0.9858553495798941
2020-08-13,148.01058959960938,145.72388,5.670452694316487,56.32841928691425,7.505226131630828,3.5070595404091547,0.9858553495798941
2020-08-14,147.31124877929688,145.23488,5.670452694316487,56.32841928691425,7.505226131630828,3.5070595404091547,0.9858553495798941
2020-08-17,147.6700897216797,147.71481,5.670452694316487,56.32841928691425,7.505226131630828,3.5070595404091547,0.9858553495798941
2020-08-18,148.86634826660156,147.3986,5.670452694316487,56.32841928691425,7.505226131630828,3.5070595404091547,0.9858553495798941
2020-08-19,148.43385314941406,146.63513,5.670452694316487,56.32841928691425,7.505226131630828,3.5070595404091547,0.9858553495798941
2020-08-20,149.97055053710938,147.84375,5.670452694316487,56.32841928691425,7.505226131630828,3.5070595404091547,0.9858553495798941
2020-08-21,147.513671875,147.99324,5.670452694316487,56.32841928691425,7.505226131630828,3.5070595404091547,0.9858553495798941
2020-08-24,150.80792236328125,147.81793,5.670452694316487,56.32841928691425,7.505226131630828,3.5070595404091547,0.9858553495798941
2020-08-25,152.36302185058594,147.39229,5.670452694316487,56.32841928691425,7.505226131630828,3.5070595404091547,0.9858553495798941
2020-08-26,155.0131378173828,149.66333,5.670452694316487,56.32841928691425,7.505226131630828,3.5070595404091547,0.9858553495798941
2020-08-27,152.61148071289062,151.33041,5.670452694316487,56.32841928691425,7.505226131630828,3.5070595404091547,0.9858553495798941
2020-08-28,153.41201782226562,148.93858,5.670452694316487,56.32841928691425,7.505226131630828,3.5070595404091547,0.9858553495798941
2020-08-31,152.20660400390625,148.7936,5.670452694316487,56.32841928691425,7.505226131630828,3.5070595404091547,0.9858553495798941
2020-09-01,153.0807647705078,147.83621,5.670452694316487,56.32841928691425,7.505226131630828,3.5070595404091547,0.9858553495798941
2020-09-02,155.52845764160153,151.97746,5.670452694316487,56.32841928691425,7.505226131630828,3.5070595404091547,0.9858553495798941
2020-09-03,148.9951629638672,151.43112,5.670452694316487,56.32841928691425,7.505226131630828,3.5070595404091547,0.9858553495798941
2020-09-04,146.7039031982422,149.24385,5.670452694316487,56.32841928691425,7.505226131630828,3.5070595404091547,0.9858553495798941
2020-09-08,142.34228515625,147.95114,5.670452694316487,56.32841928691425,7.505226131630828,3.5070595404091547,0.9858553495798941
2020-09-09,149.48287963867188,146.74042,5.670452694316487,56.32841928691425,7.505226131630828,3.5070595404091547,0.9858553495798941
2020-09-10,146.30825805664062,148.56013,5.670452694316487,56.32841928691425,7.505226131630828,3.5070595404091547,0.9858553495798941
2020-09-11,146.83274841308594,148.07382,5.670452694316487,56.32841928691425,7.505226131630828,3.5070595404091547,0.9858553495798941
2020-09-14,147.87255859375,145.28873,5.670452694316487,56.32841928691425,7.505226131630828,3.5070595404091547,0.9858553495798941
2020-09-15,147.84494018554688,143.41525,5.670452694316487,56.32841928691425,7.505226131630828,3.5070595404091547,0.9858553495798941
2020-09-16,146.28065490722656,145.49199,5.670452694316487,56.32841928691425,7.505226131630828,3.5070595404091547,0.9858553495798941
2020-09-17,147.6240997314453,144.60223,5.670452694316487,56.32841928691425,7.505226131630828,3.5070595404091547,0.9858553495798941
2020-09-18,147.366455078125,144.29567,5.670452694316487,56.32841928691425,7.505226131630828,3.5070595404091547,0.9858553495798941
2020-09-21,143.4373016357422,145.31592,5.670452694316487,56.32841928691425,7.505226131630828,3.5070595404091547,0.9858553495798941
2020-09-22,144.67953491210938,144.62447,5.670452694316487,56.32841928691425,7.505226131630828,3.5070595404091547,0.9858553495798941
2020-09-23,139.96823120117188,143.73999,5.670452694316487,56.32841928691425,7.505226131630828,3.5070595404091547,0.9858553495798941
2020-09-24,141.1000518798828,145.3006,5.670452694316487,56.32841928691425,7.505226131630828,3.5070595404091547,0.9858553495798941
2020-09-25,139.92221069335938,144.94328,5.670452694316487,56.32841928691425,7.505226131630828,3.5070595404091547,0.9858553495798941
2020-09-28,144.54150390625,142.22224,5.670452694316487,56.32841928691425,7.505226131630828,3.5070595404091547,0.9858553495798941
2020-09-29,144.0722198486328,143.42923,5.670452694316487,56.32841928691425,7.505226131630828,3.5070595404091547,0.9858553495798941
2020-09-30,143.3728790283203,142.27046,5.670452694316487,56.32841928691425,7.505226131630828,3.5070595404091547,0.9858553495798941
2020-10-01,144.30227661132812,141.86513,5.670452694316487,56.32841928691425,7.505226131630828,3.5070595404091547,0.9858553495798941
2020-10-02,141.97421264648438,140.78203,5.670452694316487,56.32841928691425,7.505226131630828,3.5070595404091547,0.9858553495798941
2020-10-05,144.09982299804688,140.50214,5.670452694316487,56.32841928691425,7.505226131630828,3.5070595404091547,0.9858553495798941
2020-10-06,141.7533721923828,141.10362,5.670452694316487,56.32841928691425,7.505226131630828,3.5070595404091547,0.9858553495798941
2020-10-07,142.0018310546875,140.02136,5.670452694316487,56.32841928691425,7.505226131630828,3.5070595404091547,0.9858553495798941
2020-10-08,143.65814208984375,140.74251,5.670452694316487,56.32841928691425,7.505226131630828,3.5070595404091547,0.9858553495798941
2020-10-09,144.5967254638672,141.9911,5.670452694316487,56.32841928691425,7.505226131630828,3.5070595404091547,0.9858553495798941
2020-10-12,146.09661865234375,141.94566,5.670452694316487,56.32841928691425,7.505226131630828,3.5070595404091547,0.9858553495798941
2020-10-13,144.09982299804688,142.57196,5.670452694316487,56.32841928691425,7.505226131630828,3.5070595404091547,0.9858553495798941
2020-10-14,144.87278747558594,140.36194,5.670452694316487,56.32841928691425,7.505226131630828,3.5070595404091547,0.9858553495798941
2020-10-15,141.5233154296875,141.16415,5.670452694316487,56.32841928691425,7.505226131630828,3.5070595404091547,0.9858553495798941
2020-10-16,142.7379608154297,140.89671,5.670452694316487,56.32841928691425,7.505226131630828,3.5070595404091547,0.9858553495798941
2020-10-19,140.33628845214844,141.11017,5.670452694316487,56.32841928691425,7.505226131630828,3.5070595404091547,0.9858553495798941
2020-10-20,138.6339569091797,139.8333,5.670452694316487,56.32841928691425,7.505226131630828,3.5070595404091547,0.9858553495798941
2020-10-21,136.52676391601562,137.62906,5.670452694316487,56.32841928691425,7.505226131630828,3.5070595404091547,0.9858553495798941
2020-10-22,135.8550262451172,137.1074,5.670452694316487,56.32841928691425,7.505226131630828,3.5070595404091547,0.9858553495798941
2020-10-23,137.73219299316406,136.59966,5.670452694316487,56.32841928691425,7.505226131630828,3.5070595404091547,0.9858553495798941
2020-10-26,105.83883666992188,136.99347,5.670452694316487,56.32841928691425,7.505226131630828,3.5070595404091547,0.9858553495798941
2020-10-27,105.36034393310548,130.26614,5.670452694316487,56.32841928691425,7.505226131630828,3.5070595404091547,0.9858553495798941
2020-10-28,99.48040771484376,126.95176,5.670452694316487,56.32841928691425,7.505226131630828,3.5070595404091547,0.9858553495798941
2020-10-29,99.95890808105467,122.87628,5.670452694316487,56.32841928691425,7.505226131630828,3.5070595404091547,0.9858553495798941
2020-10-30,98.30258178710938,123.835045,5.670452694316487,56.32841928691425,7.505226131630828,3.5070595404091547,0.9858553495798941
2020-11-02,97.38241577148438,116.327705,5.670452694316487,56.32841928691425,7.505226131630828,3.5070595404091547,0.9858553495798941
2020-11-03,100.95269775390624,112.03298,5.670452694316487,56.32841928691425,7.505226131630828,3.5070595404091547,0.9858553495798941
2020-11-04,103.47398376464844,109.992,5.670452694316487,56.32841928691425,7.505226131630828,3.5070595404091547,0.9858553495798941
2020-11-05,106.44615936279295,109.553696,5.670452694316487,56.32841928691425,7.505226131630828,3.5070595404091547,0.9858553495798941
2020-11-06,105.9308624267578,109.407036,5.670452694316487,56.32841928691425,7.505226131630828,3.5070595404091547,0.9858553495798941
2020-11-09,106.02288055419922,109.48591,5.670452694316487,56.32841928691425,7.505226131630828,3.5070595404091547,0.9858553495798941
2020-11-10,107.4583511352539,108.6013,5.670452694316487,56.32841928691425,7.505226131630828,3.5070595404091547,0.9858553495798941
2020-11-11,109.9704360961914,110.89604,5.670452694316487,56.32841928691425,7.505226131630828,3.5070595404091547,0.9858553495798941
2020-11-12,108.05647277832033,115.207146,5.670452694316487,56.32841928691425,7.505226131630828,3.5070595404091547,0.9858553495798941
2020-11-13,110.70658111572266,116.58668,5.670452694316487,56.32841928691425,7.505226131630828,3.5070595404091547,0.9858553495798941
2020-11-16,109.45513153076172,114.64755,5.670452694316487,56.32841928691425,7.505226131630828,3.5070595404091547,0.9858553495798941
2020-11-17,107.65159606933592,112.28739,5.670452694316487,56.32841928691425,7.505226131630828,3.5070595404091547,0.9858553495798941
2020-11-18,108.5165557861328,112.76091,5.670452694316487,56.32841928691425,7.505226131630828,3.5070595404091547,0.9858553495798941
2020-11-19,109.2066879272461,110.39817,5.670452694316487,56.32841928691425,7.505226131630828,3.5070595404091547,0.9858553495798941
2020-11-20,107.67919158935548,110.04461,5.670452694316487,56.32841928691425,7.505226131630828,3.5070595404091547,0.9858553495798941
2020-11-23,108.0196533203125,104.15157,5.670452694316487,56.32841928691425,7.505226131630828,3.5070595404091547,0.9858553495798941
2020-11-24,107.4767532348633,101.10209,5.670452694316487,56.32841928691425,7.505226131630828,3.5070595404091547,0.9858553495798941
2020-11-25,108.66378784179688,97.36294,5.670452694316487,56.32841928691425,7.505226131630828,3.5070595404091547,0.9858553495798941
2020-11-27,109.73118591308594,96.811066,5.670452694316487,56.32841928691425,7.505226131630828,3.5070595404091547,0.9858553495798941
2020-11-30,111.48873138427734,98.32501,5.670452694316487,56.32841928691425,7.505226131630828,3.5070595404091547,0.9858553495798941
2020-12-01,113.20024871826172,102.69416,5.670452694316487,56.32841928691425,7.505226131630828,3.5070595404091547,0.9858553495798941
2020-12-02,112.72176361083984,102.996376,5.670452694316487,56.32841928691425,7.505226131630828,3.5070595404091547,0.9858553495798941
2020-12-03,112.63894653320312,104.196754,5.670452694316487,56.32841928691425,7.505226131630828,3.5070595404091547,0.9858553495798941
2020-12-04,114.6909408569336,107.373665,5.670452694316487,56.32841928691425,7.505226131630828,3.5070595404091547,0.9858553495798941
2020-12-07,113.38429260253906,110.30374,5.670452694316487,56.32841928691425,7.505226131630828,3.5070595404091547,0.9858553495798941
2020-12-08,114.0928192138672,111.60262,5.670452694316487,56.32841928691425,7.505226131630828,3.5070595404091547,0.9858553495798941
2020-12-09,113.16344451904295,108.374664,5.670452694316487,56.32841928691425,7.505226131630828,3.5070595404091547,0.9858553495798941
2020-12-10,113.18185424804688,107.08617,5.670452694316487,56.32841928691425,7.505226131630828,3.5070595404091547,0.9858553495798941
2020-12-11,111.20347595214844,107.96655,5.670452694316487,56.32841928691425,7.505226131630828,3.5070595404091547,0.9858553495798941
2020-12-14,111.6267547607422,108.11804,5.670452694316487,56.32841928691425,7.505226131630828,3.5070595404091547,0.9858553495798941
2020-12-15,113.24626159667967,109.51664,5.670452694316487,56.32841928691425,7.505226131630828,3.5070595404091547,0.9858553495798941
2020-12-16,115.022216796875,110.76307,5.670452694316487,56.32841928691425,7.505226131630828,3.5070595404091547,0.9858553495798941
2020-12-17,118.39925384521484,109.20408,5.670452694316487,56.32841928691425,7.505226131630828,3.5070595404091547,0.9858553495798941
2020-12-18,117.17542266845706,108.91678,5.670452694316487,56.32841928691425,7.505226131630828,3.5070595404091547,0.9858553495798941
2020-12-21,115.31666564941406,107.33328,5.670452694316487,56.32841928691425,7.505226131630828,3.5070595404091547,0.9858553495798941
2020-12-22,115.87796783447266,107.43655,5.670452694316487,56.32841928691425,7.505226131630828,3.5070595404091547,0.9858553495798941
2020-12-23,115.9423828125,107.35489,5.670452694316487,56.32841928691425,7.505226131630828,3.5070595404091547,0.9858553495798941
2020-12-24,115.99759674072264,110.57505,5.670452694316487,56.32841928691425,7.505226131630828,3.5070595404091547,0.9858553495798941
2020-12-28,120.46045684814452,112.22485,5.670452694316487,56.32841928691425,7.505226131630828,3.5070595404091547,0.9858553495798941
2020-12-29,119.57708740234376,114.49895,5.670452694316487,56.32841928691425,7.505226131630828,3.5070595404091547,0.9858553495798941
2020-12-30,120.21200561523438,114.1308,5.670452694316487,56.32841928691425,7.505226131630828,3.5070595404091547,0.9858553495798941
2020-12-31,119.9819564819336,115.456406,5.670452694316487,56.32841928691425,7.505226131630828,3.5070595404091547,0.9858553495798941
2021-01-04,118.92376708984376,117.25209,5.670452694316487,56.32841928691425,7.505226131630828,3.5070595404091547,0.9858553495798941
2021-01-05,119.60468292236328,115.73183,5.670452694316487,56.32841928691425,7.505226131630828,3.5070595404091547,0.9858553495798941
2021-01-06,119.38385772705078,118.33171,5.670452694316487,56.32841928691425,7.505226131630828,3.5070595404091547,0.9858553495798941
2021-01-07,118.51888275146484,117.33367,5.670452694316487,56.32841928691425,7.505226131630828,3.5070595404091547,0.9858553495798941
2021-01-08,120.69049835205078,117.4657,5.670452694316487,56.32841928691425,7.505226131630828,3.5070595404091547,0.9858553495798941
2021-01-11,118.9789810180664,118.13375,5.670452694316487,56.32841928691425,7.505226131630828,3.5070595404091547,0.9858553495798941
2021-01-12,119.07098388671876,117.96136,5.670452694316487,56.32841928691425,7.505226131630828,3.5070595404091547,0.9858553495798941
2021-01-13,117.8379440307617,118.53521,5.670452694316487,56.32841928691425,7.505226131630828,3.5070595404091547,0.9858553495798941
2021-01-14,116.0344009399414,116.63974,5.670452694316487,56.32841928691425,7.505226131630828,3.5070595404091547,0.9858553495798941
2021-01-15,115.022216796875,118.379524,5.670452694316487,56.32841928691425,7.505226131630828,3.5070595404091547,0.9858553495798941
2021-01-19,116.93617248535156,113.78677,5.670452694316487,56.32841928691425,7.505226131630828,3.5070595404091547,0.9858553495798941
2021-01-20,117.44226837158205,114.297134,5.670452694316487,56.32841928691425,7.505226131630828,3.5070595404091547,0.9858553495798941
2021-01-21,117.69072723388672,114.36214,5.670452694316487,56.32841928691425,7.505226131630828,3.5070595404091547,0.9858553495798941
2021-01-22,117.3042449951172,114.89494,5.670452694316487,56.32841928691425,7.505226131630828,3.5070595404091547,0.9858553495798941
2021-01-25,119.28263092041017,114.17576,5.670452694316487,56.32841928691425,7.505226131630828,3.5070595404091547,0.9858553495798941
2021-01-26,124.1135711669922,115.92186,5.670452694316487,56.32841928691425,7.505226131630828,3.5070595404091547,0.9858553495798941
2021-01-27,121.6382827758789,117.999794,5.670452694316487,56.32841928691425,7.505226131630828,3.5070595404091547,0.9858553495798941
2021-01-28,120.0279769897461,117.88917,5.670452694316487,56.32841928691425,7.505226131630828,3.5070595404091547,0.9858553495798941
2021-01-29,116.1264114379883,117.64207,5.670452694316487,56.32841928691425,7.505226131630828,3.5070595404091547,0.9858553495798941
2021-02-01,119.2182159423828,116.61319,5.670452694316487,56.32841928691425,7.505226131630828,3.5070595404091547,0.9858553495798941
2021-02-02,119.2182159423828,118.19461,5.670452694316487,56.32841928691425,7.505226131630828,3.5070595404091547,0.9858553495798941
2021-02-03,120.18441009521484,119.4071,5.670452694316487,56.32841928691425,7.505226131630828,3.5070595404091547,0.9858553495798941
2021-02-04,121.74871063232422,119.41291,5.670452694316487,56.32841928691425,7.505226131630828,3.5070595404091547,0.9858553495798941
2021-02-05,119.8899459838867,117.45448,5.670452694316487,56.32841928691425,7.505226131630828,3.5070595404091547,0.9858553495798941
2021-02-08,121.00335693359375,117.001755,5.670452694316487,56.32841928691425,7.505226131630828,3.5070595404091547,0.9858553495798941
2021-02-09,121.0401611328125,117.17193,5.670452694316487,56.32841928691425,7.505226131630828,3.5070595404091547,0.9858553495798941
2021-02-10,119.31942749023438,117.84652,5.670452694316487,56.32841928691425,7.505226131630828,3.5070595404091547,0.9858553495798941
2021-02-11,121.94195556640624,117.80536,5.670452694316487,56.32841928691425,7.505226131630828,3.5070595404091547,0.9858553495798941
2021-02-12,121.3990249633789,117.71747,5.670452694316487,56.32841928691425,7.505226131630828,3.5070595404091547,0.9858553495798941
2021-02-16,120.32242584228516,117.72901,5.670452694316487,56.32841928691425,7.505226131630828,3.5070595404091547,0.9858553495798941
2021-02-17,116.22763061523438,118.24044,5.670452694316487,56.32841928691425,7.505226131630828,3.5070595404091547,0.9858553495798941
2021-02-18,118.40845489501952,116.674126,5.670452694316487,56.32841928691425,7.505226131630828,3.5070595404091547,0.9858553495798941
2021-02-19,116.6969223022461,116.839645,5.670452694316487,56.32841928691425,7.505226131630828,3.5070595404091547,0.9858553495798941
2021-02-22,115.69393920898439,116.96577,5.670452694316487,56.32841928691425,7.505226131630828,3.5070595404091547,0.9858553495798941
2021-02-23,114.89337921142577,117.08042,5.670452694316487,56.32841928691425,7.505226131630828,3.5070595404091547,0.9858553495798941
2021-02-24,116.45767974853516,117.32716,5.670452694316487,56.32841928691425,7.505226131630828,3.5070595404091547,0.9858553495798941
2021-02-25,113.8167724609375,117.054474,5.670452694316487,56.32841928691425,7.505226131630828,3.5070595404091547,0.9858553495798941
2021-02-26,113.5039138793945,115.85235,5.670452694316487,56.32841928691425,7.505226131630828,3.5070595404091547,0.9858553495798941
2021-03-01,114.48849487304688,115.054596,5.670452694316487,56.32841928691425,7.505226131630828,3.5070595404091547,0.9858553495798941
2021-03-02,115.3350601196289,113.18791,5.670452694316487,56.32841928691425,7.505226131630828,3.5070595404091547,0.9858553495798941
2021-03-03,113.2922821044922,112.88311,5.670452694316487,56.32841928691425,7.505226131630828,3.5070595404091547,0.9858553495798941
2021-03-04,112.2984848022461,112.6191,5.670452694316487,56.32841928691425,7.505226131630828,3.5070595404091547,0.9858553495798941
2021-03-05,113.25546264648438,113.13922,5.670452694316487,56.32841928691425,7.505226131630828,3.5070595404091547,0.9858553495798941
2021-03-08,113.24626159667967,113.55674,5.670452694316487,56.32841928691425,7.505226131630828,3.5070595404091547,0.9858553495798941
2021-03-09,116.15402221679688,114.14546,5.670452694316487,56.32841928691425,7.505226131630828,3.5070595404091547,0.9858553495798941
2021-03-10,115.87796783447266,113.679115,5.670452694316487,56.32841928691425,7.505226131630828,3.5070595404091547,0.9858553495798941
2021-03-11,116.72453308105466,114.36917,5.670452694316487,56.32841928691425,7.505226131630828,3.5070595404091547,0.9858553495798941
2021-03-12,113.9364013671875,114.52523,5.670452694316487,56.32841928691425,7.505226131630828,3.5070595404091547,0.9858553495798941
2021-03-15,112.97020721435548,112.61658,5.670452694316487,56.32841928691425,7.505226131630828,3.5070595404091547,0.9858553495798941
2021-03-16,112.41810607910156,112.802895,5.670452694316487,56.32841928691425,7.505226131630828,3.5070595404091547,0.9858553495798941
2021-03-17,113.75236511230469,112.83415,5.670452694316487,56.32841928691425,7.505226131630828,3.5070595404091547,0.9858553495798941
2021-03-18,112.06843566894533,113.00694,5.670452694316487,56.32841928691425,7.505226131630828,3.5070595404091547,0.9858553495798941
2021-03-19,113.33828735351562,112.300125,5.670452694316487,56.32841928691425,7.505226131630828,3.5070595404091547,0.9858553495798941
2021-03-22,113.1358413696289,112.36933,5.670452694316487,56.32841928691425,7.505226131630828,3.5070595404091547,0.9858553495798941
2021-03-23,112.5561294555664,112.285645,5.670452694316487,56.32841928691425,7.505226131630828,3.5070595404091547,0.9858553495798941
2021-03-24,111.42430877685548,111.99845,5.670452694316487,56.32841928691425,7.505226131630828,3.5070595404091547,0.9858553495798941
2021-03-25,111.78318786621094,110.15263,5.670452694316487,56.32841928691425,7.505226131630828,3.5070595404091547,0.9858553495798941
2021-03-26,112.91500091552734,109.46893,5.670452694316487,56.32841928691425,7.505226131630828,3.5070595404091547,0.9858553495798941
2021-03-29,112.67575073242188,110.559494,5.670452694316487,56.32841928691425,7.505226131630828,3.5070595404091547,0.9858553495798941
2021-03-30,111.83839416503906,111.23878,5.670452694316487,56.32841928691425,7.505226131630828,3.5070595404091547,0.9858553495798941
2021-03-31,112.98861694335938,110.8869,5.670452694316487,56.32841928691425,7.505226131630828,3.5070595404091547,0.9858553495798941
2021-04-01,115.71233367919922,110.61616,5.670452694316487,56.32841928691425,7.505226131630828,3.5070595404091547,0.9858553495798941
2021-04-05,121.27941131591795,111.473625,5.670452694316487,56.32841928691425,7.505226131630828,3.5070595404091547,0.9858553495798941
2021-04-06,118.19681549072266,112.087135,5.670452694316487,56.32841928691425,7.505226131630828,3.5070595404091547,0.9858553495798941
2021-04-07,119.42985534667967,111.24036,5.670452694316487,56.32841928691425,7.505226131630828,3.5070595404091547,0.9858553495798941
2021-04-08,122.54924774169922,112.29751,5.670452694316487,56.32841928691425,7.505226131630828,3.5070595404091547,0.9858553495798941
2021-04-09,123.11055755615234,113.81278,5.670452694316487,56.32841928691425,7.505226131630828,3.5070595404091547,0.9858553495798941
2021-04-12,121.8315200805664,116.42809,5.670452694316487,56.32841928691425,7.505226131630828,3.5070595404091547,0.9858553495798941
2021-04-13,123.69947052001952,115.87386,5.670452694316487,56.32841928691425,7.505226131630828,3.5070595404091547,0.9858553495798941
2021-04-14,125.1165542602539,116.109535,5.670452694316487,56.32841928691425,7.505226131630828,3.5070595404091547,0.9858553495798941
2021-04-15,128.08872985839844,117.2894,5.670452694316487,56.32841928691425,7.505226131630828,3.5070595404091547,0.9858553495798941
2021-04-16,128.1807403564453,117.98667,5.670452694316487,56.32841928691425,7.505226131630828,3.5070595404091547,0.9858553495798941
2021-04-19,128.39239501953125,119.54041,5.670452694316487,56.32841928691425,7.505226131630828,3.5070595404091547,0.9858553495798941
2021-04-20,128.0059051513672,119.66486,5.670452694316487,56.32841928691425,7.505226131630828,3.5070595404091547,0.9858553495798941
2021-04-21,130.57321166992188,118.7468,5.670452694316487,56.32841928691425,7.505226131630828,3.5070595404091547,0.9858553495798941
2021-04-22,132.27554321289062,120.245514,5.670452694316487,56.32841928691425,7.505226131630828,3.5070595404091547,0.9858553495798941
2021-04-23,132.45037841796875,122.44523,5.670452694316487,56.32841928691425,7.505226131630828,3.5070595404091547,0.9858553495798941
2021-04-26,131.78785705566406,124.03871,5.670452694316487,56.32841928691425,7.505226131630828,3.5070595404091547,0.9858553495798941
2021-04-27,131.2633514404297,122.52401,5.670452694316487,56.32841928691425,7.505226131630828,3.5070595404091547,0.9858553495798941
2021-04-28,132.57919311523438,123.16386,5.670452694316487,56.32841928691425,7.505226131630828,3.5070595404091547,0.9858553495798941
2021-04-29,132.3031463623047,124.613556,5.670452694316487,56.32841928691425,7.505226131630828,3.5070595404091547,0.9858553495798941
2021-04-30,128.76966857910156,125.78486,5.670452694316487,56.32841928691425,7.505226131630828,3.5070595404091547,0.9858553495798941
2021-05-03,129.76345825195312,125.36822,5.670452694316487,56.32841928691425,7.505226131630828,3.5070595404091547,0.9858553495798941
2021-05-04,125.8066864013672,126.05913,5.670452694316487,56.32841928691425,7.505226131630828,3.5070595404091547,0.9858553495798941
2021-05-05,127.12254333496094,125.80421,5.670452694316487,56.32841928691425,7.505226131630828,3.5070595404091547,0.9858553495798941
2021-05-06,130.36155700683594,126.582115,5.670452694316487,56.32841928691425,7.505226131630828,3.5070595404091547,0.9858553495798941
2021-05-07,130.42599487304688,125.99163,5.670452694316487,56.32841928691425,7.505226131630828,3.5070595404091547,0.9858553495798941
2021-05-10,128.38319396972656,125.16033,5.670452694316487,56.32841928691425,7.505226131630828,3.5070595404091547,0.9858553495798941
2021-05-11,126.82809448242188,124.32872,5.670452694316487,56.32841928691425,7.505226131630828,3.5070595404091547,0.9858553495798941
2021-05-12,124.68408203125,124.77964,5.670452694316487,56.32841928691425,7.505226131630828,3.5070595404091547,0.9858553495798941
2021-05-13,126.47889709472658,125.49345,5.670452694316487,56.32841928691425,7.505226131630828,3.5070595404091547,0.9858553495798941
2021-05-14,129.83657836914062,125.93957,5.670452694316487,56.32841928691425,7.505226131630828,3.5070595404091547,0.9858553495798941
2021-05-17,128.47105407714844,127.94756,5.670452694316487,56.32841928691425,7.505226131630828,3.5070595404091547,0.9858553495798941
2021-05-18,129.0696563720703,127.14718,5.670452694316487,56.32841928691425,7.505226131630828,3.5070595404091547,0.9858553495798941
2021-05-19,128.22789001464844,125.90938,5.670452694316487,56.32841928691425,7.505226131630828,3.5070595404091547,0.9858553495798941
2021-05-20,131.09921264648438,127.05368,5.670452694316487,56.32841928691425,7.505226131630828,3.5070595404091547,0.9858553495798941
2021-05-21,130.7999267578125,130.17072,5.670452694316487,56.32841928691425,7.505226131630828,3.5070595404091547,0.9858553495798941
2021-05-24,132.28701782226562,130.04242,5.670452694316487,56.32841928691425,7.505226131630828,3.5070595404091547,0.9858553495798941
2021-05-25,131.85679626464844,128.51855,5.670452694316487,56.32841928691425,7.505226131630828,3.5070595404091547,0.9858553495798941
2021-05-26,132.389892578125,127.86424,5.670452694316487,56.32841928691425,7.505226131630828,3.5070595404091547,0.9858553495798941
2021-05-27,129.39698791503906,130.44214,5.670452694316487,56.32841928691425,7.505226131630828,3.5070595404091547,0.9858553495798941
2021-05-28,130.87474060058594,131.28041,5.670452694316487,56.32841928691425,7.505226131630828,3.5070595404091547,0.9858553495798941
2021-06-01,130.96827697753906,131.31747,5.670452694316487,56.32841928691425,7.505226131630828,3.5070595404091547,0.9858553495798941
2021-06-02,130.1358642578125,129.6102,5.670452694316487,56.32841928691425,7.505226131630828,3.5070595404091547,0.9858553495798941
2021-06-03,128.91998291015625,128.73062,5.670452694316487,56.32841928691425,7.505226131630828,3.5070595404091547,0.9858553495798941
2021-06-04,130.82798767089844,127.94168,5.670452694316487,56.32841928691425,7.505226131630828,3.5070595404091547,0.9858553495798941
2021-06-07,131.7913360595703,128.46692,5.670452694316487,56.32841928691425,7.505226131630828,3.5070595404091547,0.9858553495798941
2021-06-08,132.50213623046875,129.29095,5.670452694316487,56.32841928691425,7.505226131630828,3.5070595404091547,0.9858553495798941
2021-06-09,130.9121551513672,128.93332,5.670452694316487,56.32841928691425,7.505226131630828,3.5070595404091547,0.9858553495798941
2021-06-10,132.76402282714844,127.852776,5.670452694316487,56.32841928691425,7.505226131630828,3.5070595404091547,0.9858553495798941
2021-06-11,134.22305297851562,128.70668,5.670452694316487,56.32841928691425,7.505226131630828,3.5070595404091547,0.9858553495798941
2021-06-14,136.40228271484375,128.31418,5.670452694316487,56.32841928691425,7.505226131630828,3.5070595404091547,0.9858553495798941
2021-06-15,134.88711547851562,129.65804,5.670452694316487,56.32841928691425,7.505226131630828,3.5070595404091547,0.9858553495798941
2021-06-16,133.29713439941406,130.27414,5.670452694316487,56.32841928691425,7.505226131630828,3.5070595404091547,0.9858553495798941
2021-06-17,132.63308715820312,129.19037,5.670452694316487,56.32841928691425,7.505226131630828,3.5070595404091547,0.9858553495798941
2021-06-18,131.10855102539062,129.1412,5.670452694316487,56.32841928691425,7.505226131630828,3.5070595404091547,0.9858553495798941
2021-06-21,131.66973876953125,130.83131,5.670452694316487,56.32841928691425,7.505226131630828,3.5070595404091547,0.9858553495798941
2021-06-22,132.0999755859375,131.61003,5.670452694316487,56.32841928691425,7.505226131630828,3.5070595404091547,0.9858553495798941
2021-06-23,129.73370361328125,130.93938,5.670452694316487,56.32841928691425,7.505226131630828,3.5070595404091547,0.9858553495798941
2021-06-24,132.09060668945312,129.61362,5.670452694316487,56.32841928691425,7.505226131630828,3.5070595404091547,0.9858553495798941
2021-06-25,131.27691650390625,128.32817,5.670452694316487,56.32841928691425,7.505226131630828,3.5070595404091547,0.9858553495798941
2021-06-28,132.31507873535156,128.07355,5.670452694316487,56.32841928691425,7.505226131630828,3.5070595404091547,0.9858553495798941
2021-06-29,133.5870819091797,129.38358,5.670452694316487,56.32841928691425,7.505226131630828,3.5070595404091547,0.9858553495798941
2021-06-30,131.3704376220703,128.71011,5.670452694316487,56.32841928691425,7.505226131630828,3.5070595404091547,0.9858553495798941
2021-07-01,131.41720581054688,128.6132,5.670452694316487,56.32841928691425,7.505226131630828,3.5070595404091547,0.9858553495798941
2021-07-02,132.5489044189453,129.09914,5.670452694316487,56.32841928691425,7.505226131630828,3.5070595404091547,0.9858553495798941
2021-07-06,132.53955078125,129.43217,5.670452694316487,56.32841928691425,7.505226131630828,3.5070595404091547,0.9858553495798941
2021-07-07,138.13258361816406,130.08499,5.670452694316487,56.32841928691425,7.505226131630828,3.5070595404091547,0.9858553495798941
2021-07-08,136.65481567382812,130.69589,5.670452694316487,56.32841928691425,7.505226131630828,3.5070595404091547,0.9858553495798941
2021-07-09,138.525390625,130.81131,5.670452694316487,56.32841928691425,7.505226131630828,3.5070595404091547,0.9858553495798941
2021-07-12,139.3203887939453,132.8995,5.670452694316487,56.32841928691425,7.505226131630828,3.5070595404091547,0.9858553495798941
2021-07-13,139.91897583007812,132.4107,5.670452694316487,56.32841928691425,7.505226131630828,3.5070595404091547,0.9858553495798941
2021-07-14,140.4801483154297,134.88318,5.670452694316487,56.32841928691425,7.505226131630828,3.5070595404091547,0.9858553495798941
2021-07-15,138.13258361816406,134.93845,5.670452694316487,56.32841928691425,7.505226131630828,3.5070595404091547,0.9858553495798941
2021-07-16,138.0951690673828,133.86543,5.670452694316487,56.32841928691425,7.505226131630828,3.5070595404091547,0.9858553495798941
2021-07-19,135.43894958496094,133.04295,5.670452694316487,56.32841928691425,7.505226131630828,3.5070595404091547,0.9858553495798941
2021-07-20,134.77490234375,133.52942,5.670452694316487,56.32841928691425,7.505226131630828,3.5070595404091547,0.9858553495798941
2021-07-21,129.8739776611328,134.15869,5.670452694316487,56.32841928691425,7.505226131630828,3.5070595404091547,0.9858553495798941
2021-07-22,130.31356811523438,131.9495,5.670452694316487,56.32841928691425,7.505226131630828,3.5070595404091547,0.9858553495798941
2021-07-23,129.789794921875,131.06871,5.670452694316487,56.32841928691425,7.505226131630828,3.5070595404091547,0.9858553495798941
2021-07-26,129.68692016601562,130.01381,5.670452694316487,56.32841928691425,7.505226131630828,3.5070595404091547,0.9858553495798941
2021-07-27,132.26832580566406,130.12132,5.670452694316487,56.32841928691425,7.505226131630828,3.5070595404091547,0.9858553495798941
2021-07-28,133.718017578125,130.52766,5.670452694316487,56.32841928691425,7.505226131630828,3.5070595404091547,0.9858553495798941
2021-07-29,134.99935913085938,130.24693,5.670452694316487,56.32841928691425,7.505226131630828,3.5070595404091547,0.9858553495798941
2021-07-30,134.41949462890625,129.46317,5.670452694316487,56.32841928691425,7.505226131630828,3.5070595404091547,0.9858553495798941
2021-08-02,134.04537963867188,129.44923,5.670452694316487,56.32841928691425,7.505226131630828,3.5070595404091547,0.9858553495798941
2021-08-03,136.1217041015625,129.64732,5.670452694316487,56.32841928691425,7.505226131630828,3.5070595404091547,0.9858553495798941
2021-08-04,136.91668701171875,131.66365,5.670452694316487,56.32841928691425,7.505226131630828,3.5070595404091547,0.9858553495798941
2021-08-05,139.3016815185547,132.70276,5.670452694316487,56.32841928691425,7.505226131630828,3.5070595404091547,0.9858553495798941
2021-08-06,136.89797973632812,134.29085,5.670452694316487,56.32841928691425,7.505226131630828,3.5070595404091547,0.9858553495798941
2021-08-09,137.07569885253906,134.50806,5.670452694316487,56.32841928691425,7.505226131630828,3.5070595404091547,0.9858553495798941
2021-08-10,136.318115234375,134.36751,5.670452694316487,56.32841928691425,7.505226131630828,3.5070595404091547,0.9858553495798941
2021-08-11,135.8411102294922,134.48691,5.670452694316487,56.32841928691425,7.505226131630828,3.5070595404091547,0.9858553495798941
2021-08-12,138.18869018554688,134.97717,5.670452694316487,56.32841928691425,7.505226131630828,3.5070595404091547,0.9858553495798941
2021-08-13,138.70310974121094,134.65256,5.670452694316487,56.32841928691425,7.505226131630828,3.5070595404091547,0.9858553495798941
2021-08-16,138.35704040527344,133.3636,5.670452694316487,56.32841928691425,7.505226131630828,3.5070595404091547,0.9858553495798941
2021-08-17,139.28297424316406,132.95462,5.670452694316487,56.32841928691425,7.505226131630828,3.5070595404091547,0.9858553495798941
2021-08-18,138.0297088623047,132.66617,5.670452694316487,56.32841928691425,7.505226131630828,3.5070595404091547,0.9858553495798941
2021-08-19,137.5059356689453,133.37848,5.670452694316487,56.32841928691425,7.505226131630828,3.5070595404091547,0.9858553495798941
2021-08-20,138.27285766601562,133.61884,5.670452694316487,56.32841928691425,7.505226131630828,3.5070595404091547,0.9858553495798941
2021-08-23,139.31103515625,132.98909,5.670452694316487,56.32841928691425,7.505226131630828,3.5070595404091547,0.9858553495798941
2021-08-24,138.6376190185547,134.06107,5.670452694316487,56.32841928691425,7.505226131630828,3.5070595404091547,0.9858553495798941
2021-08-25,137.46852111816406,134.75018,5.670452694316487,56.32841928691425,7.505226131630828,3.5070595404091547,0.9858553495798941
2021-08-26,137.6088104248047,134.4821,5.670452694316487,56.32841928691425,7.505226131630828,3.5070595404091547,0.9858553495798941
2021-08-27,139.09591674804688,135.2354,5.670452694316487,56.32841928691425,7.505226131630828,3.5070595404091547,0.9858553495798941
2021-08-30,140.18084716796875,135.83675,5.670452694316487,56.32841928691425,7.505226131630828,3.5070595404091547,0.9858553495798941
2021-08-31,140.42401123046875,136.40034,5.670452694316487,56.32841928691425,7.505226131630828,3.5070595404091547,0.9858553495798941
2021-09-01,140.3959503173828,136.56532,5.670452694316487,56.32841928691425,7.505226131630828,3.5070595404091547,0.9858553495798941
2021-09-02,139.33908081054688,135.59752,5.670452694316487,56.32841928691425,7.505226131630828,3.5070595404091547,0.9858553495798941
2021-09-03,140.13409423828125,135.54773,5.670452694316487,56.32841928691425,7.505226131630828,3.5070595404091547,0.9858553495798941
2021-09-07,139.93768310546875,135.73831,5.670452694316487,56.32841928691425,7.505226131630828,3.5070595404091547,0.9858553495798941
2021-09-08,137.23468017578125,135.38417,5.670452694316487,56.32841928691425,7.505226131630828,3.5070595404091547,0.9858553495798941
2021-09-09,136.2526397705078,135.35535,5.670452694316487,56.32841928691425,7.505226131630828,3.5070595404091547,0.9858553495798941
2021-09-10,135.68211364746094,134.91356,5.670452694316487,56.32841928691425,7.505226131630828,3.5070595404091547,0.9858553495798941
2021-09-13,135.86917114257812,135.00352,5.670452694316487,56.32841928691425,7.505226131630828,3.5070595404091547,0.9858553495798941
2021-09-14,135.75694274902344,135.88516,5.670452694316487,56.32841928691425,7.505226131630828,3.5070595404091547,0.9858553495798941
2021-09-15,134.91517639160156,134.34225,5.670452694316487,56.32841928691425,7.505226131630828,3.5070595404091547,0.9858553495798941
2021-09-16,135.48570251464844,133.71776,5.670452694316487,56.32841928691425,7.505226131630828,3.5070595404091547,0.9858553495798941
2021-09-17,134.04537963867188,133.22531,5.670452694316487,56.32841928691425,7.505226131630828,3.5070595404091547,0.9858553495798941
2021-09-20,130.16392517089844,133.54553,5.670452694316487,56.32841928691425,7.505226131630828,3.5070595404091547,0.9858553495798941
2021-09-21,132.65179443359375,132.77458,5.670452694316487,56.32841928691425,7.505226131630828,3.5070595404091547,0.9858553495798941
2021-09-22,132.6143798828125,132.69044,5.670452694316487,56.32841928691425,7.505226131630828,3.5070595404091547,0.9858553495798941
2021-09-23,135.50442504882812,132.34193,5.670452694316487,56.32841928691425,7.505226131630828,3.5070595404091547,0.9858553495798941
2021-09-24,133.3625946044922,132.32803,5.670452694316487,56.32841928691425,7.505226131630828,3.5070595404091547,0.9858553495798941
2021-09-27,133.27842712402344,132.14062,5.670452694316487,56.32841928691425,7.505226131630828,3.5070595404091547,0.9858553495798941
2021-09-28,128.66746520996094,132.26305,5.670452694316487,56.32841928691425,7.505226131630828,3.5070595404091547,0.9858553495798941
2021-09-29,127.51705932617188,131.93622,5.670452694316487,56.32841928691425,7.505226131630828,3.5070595404091547,0.9858553495798941
2021-09-30,126.30116271972656,132.37305,5.670452694316487,56.32841928691425,7.505226131630828,3.5070595404091547,0.9858553495798941
2021-10-01,127.15228271484378,130.96463,5.670452694316487,56.32841928691425,7.505226131630828,3.5070595404091547,0.9858553495798941
2021-10-04,125.11337280273439,130.34784,5.670452694316487,56.32841928691425,7.505226131630828,3.5070595404091547,0.9858553495798941
2021-10-05,124.78601074218749,127.698845,5.670452694316487,56.32841928691425,7.505226131630828,3.5070595404091547,0.9858553495798941
2021-10-06,126.96524047851562,126.86642,5.670452694316487,56.32841928691425,7.505226131630828,3.5070595404091547,0.9858553495798941
2021-10-07,126.88107299804688,126.3447,5.670452694316487,56.32841928691425,7.505226131630828,3.5070595404091547,0.9858553495798941
2021-10-08,126.67530822753906,126.71656,5.670452694316487,56.32841928691425,7.505226131630828,3.5070595404091547,0.9858553495798941
2021-10-11,126.37602233886719,124.87578,5.670452694316487,56.32841928691425,7.505226131630828,3.5070595404091547,0.9858553495798941
2021-10-12,125.917724609375,124.437126,5.670452694316487,56.32841928691425,7.505226131630828,3.5070595404091547,0.9858553495798941
2021-10-13,132.48341369628906,125.03937,5.670452694316487,56.32841928691425,7.505226131630828,3.5070595404091547,0.9858553495798941
2021-10-14,135.654052734375,126.69666,5.670452694316487,56.32841928691425,7.505226131630828,3.5070595404091547,0.9858553495798941
2021-10-15,136.5800018310547,128.47588,5.670452694316487,56.32841928691425,7.505226131630828,3.5070595404091547,0.9858553495798941
2021-10-18,135.9626922607422,128.7381,5.670452694316487,56.32841928691425,7.505226131630828,3.5070595404091547,0.9858553495798941
2021-10-19,135.0741729736328,128.10677,5.670452694316487,56.32841928691425,7.505226131630828,3.5070595404091547,0.9858553495798941
2021-10-20,134.35400390625,129.29715,5.670452694316487,56.32841928691425,7.505226131630828,3.5070595404091547,0.9858553495798941
2021-10-21,130.43516540527344,130.40802,5.670452694316487,56.32841928691425,7.505226131630828,3.5070595404091547,0.9858553495798941
2021-10-22,132.6050262451172,130.54782,5.670452694316487,56.32841928691425,7.505226131630828,3.5070595404091547,0.9858553495798941
2021-10-25,135.35476684570312,130.62599,5.670452694316487,56.32841928691425,7.505226131630828,3.5070595404091547,0.9858553495798941
2021-10-26,136.29940795898438,129.98999,5.670452694316487,56.32841928691425,7.505226131630828,3.5070595404091547,0.9858553495798941
2021-10-27,135.50442504882812,129.74936,5.670452694316487,56.32841928691425,7.505226131630828,3.5070595404091547,0.9858553495798941
2021-10-28,137.9268035888672,129.00304,5.670452694316487,56.32841928691425,7.505226131630828,3.5070595404091547,0.9858553495798941
2021-10-29,135.410888671875,129.51608,5.670452694316487,56.32841928691425,7.505226131630828,3.5070595404091547,0.9858553495798941
2021-11-01,136.7764129638672,128.96463,5.670452694316487,56.32841928691425,7.505226131630828,3.5070595404091547,0.9858553495798941
2021-11-02,137.45916748046875,128.769,5.670452694316487,56.32841928691425,7.505226131630828,3.5070595404091547,0.9858553495798941
2021-11-03,139.7599639892578,129.88528,5.670452694316487,56.32841928691425,7.505226131630828,3.5070595404091547,0.9858553495798941
2021-11-04,139.28297424316406,131.58632,5.670452694316487,56.32841928691425,7.505226131630828,3.5070595404091547,0.9858553495798941
2021-11-05,139.85350036621094,131.54146,5.670452694316487,56.32841928691425,7.505226131630828,3.5070595404091547,0.9858553495798941
2021-11-08,139.06785583496094,132.70372,5.670452694316487,56.32841928691425,7.505226131630828,3.5070595404091547,0.9858553495798941
2021-11-09,138.73117065429688,133.49854,5.670452694316487,56.32841928691425,7.505226131630828,3.5070595404091547,0.9858553495798941
2021-11-10,136.22459411621094,133.6564,5.670452694316487,56.32841928691425,7.505226131630828,3.5070595404091547,0.9858553495798941
2021-11-11,135.53248596191406,132.86592,5.670452694316487,56.32841928691425,7.505226131630828,3.5070595404091547,0.9858553495798941
2021-11-12,133.1942596435547,132.9641,5.670452694316487,56.32841928691425,7.505226131630828,3.5070595404091547,0.9858553495798941
2021-11-15,132.2309112548828,133.16087,5.670452694316487,56.32841928691425,7.505226131630828,3.5070595404091547,0.9858553495798941
2021-11-16,133.053955078125,133.01672,5.670452694316487,56.32841928691425,7.505226131630828,3.5070595404091547,0.9858553495798941
2021-11-17,132.78273010253906,132.50255,5.670452694316487,56.32841928691425,7.505226131630828,3.5070595404091547,0.9858553495798941
2021-11-18,133.2597198486328,132.15741,5.670452694316487,56.32841928691425,7.505226131630828,3.5070595404091547,0.9858553495798941
2021-11-19,131.8287353515625,131.0759,5.670452694316487,56.32841928691425,7.505226131630828,3.5070595404091547,0.9858553495798941
2021-11-22,127.16165161132811,129.39355,5.670452694316487,56.32841928691425,7.505226131630828,3.5070595404091547,0.9858553495798941
2021-11-23,126.703369140625,128.50676,5.670452694316487,56.32841928691425,7.505226131630828,3.5070595404091547,0.9858553495798941
2021-11-24,125.010498046875,127.84599,5.670452694316487,56.32841928691425,7.505226131630828,3.5070595404091547,0.9858553495798941
2021-11-26,122.2233352661133,128.66159,5.670452694316487,56.32841928691425,7.505226131630828,3.5070595404091547,0.9858553495798941
2021-11-29,124.32772827148438,128.75403,5.670452694316487,56.32841928691425,7.505226131630828,3.5070595404091547,0.9858553495798941
2021-11-30,120.1282958984375,127.64747,5.670452694316487,56.32841928691425,7.505226131630828,3.5070595404091547,0.9858553495798941
2021-12-01,121.40963745117188,126.50633,5.670452694316487,56.32841928691425,7.505226131630828,3.5070595404091547,0.9858553495798941
2021-12-02,121.746337890625,125.97118,5.670452694316487,56.32841928691425,7.505226131630828,3.5070595404091547,0.9858553495798941
2021-12-03,120.6333465576172,124.66404,5.670452694316487,56.32841928691425,7.505226131630828,3.5070595404091547,0.9858553495798941
2021-12-06,124.00973510742188,123.234856,5.670452694316487,56.32841928691425,7.505226131630828,3.5070595404091547,0.9858553495798941
2021-12-07,125.79612731933592,123.229294,5.670452694316487,56.32841928691425,7.505226131630828,3.5070595404091547,0.9858553495798941
2021-12-08,125.81484985351562,124.33678,5.670452694316487,56.32841928691425,7.505226131630828,3.5070595404091547,0.9858553495798941
2021-12-09,124.26226806640622,124.96626,5.670452694316487,56.32841928691425,7.505226131630828,3.5070595404091547,0.9858553495798941
2021-12-10,126.62854003906251,124.46499,5.670452694316487,56.32841928691425,7.505226131630828,3.5070595404091547,0.9858553495798941
2021-12-13,129.0228729248047,125.19019,5.670452694316487,56.32841928691425,7.505226131630828,3.5070595404091547,0.9858553495798941
2021-12-14,126.824951171875,125.158005,5.670452694316487,56.32841928691425,7.505226131630828,3.5070595404091547,0.9858553495798941
2021-12-15,129.45310974121094,123.779724,5.670452694316487,56.32841928691425,7.505226131630828,3.5070595404091547,0.9858553495798941
2021-12-16,128.74227905273438,124.27155,5.670452694316487,56.32841928691425,7.505226131630828,3.5070595404091547,0.9858553495798941
2021-12-17,129.6588592529297,124.712685,5.670452694316487,56.32841928691425,7.505226131630828,3.5070595404091547,0.9858553495798941
2021-12-20,127.5544891357422,126.27688,5.670452694316487,56.32841928691425,7.505226131630828,3.5070595404091547,0.9858553495798941
2021-12-21,128.5271759033203,126.188736,5.670452694316487,56.32841928691425,7.505226131630828,3.5070595404091547,0.9858553495798941
2021-12-22,130.3790283203125,125.603035,5.670452694316487,56.32841928691425,7.505226131630828,3.5070595404091547,0.9858553495798941
2021-12-23,131.01504516601562,125.06236,5.670452694316487,56.32841928691425,7.505226131630828,3.5070595404091547,0.9858553495798941
2021-12-27,132.146728515625,123.56001,5.670452694316487,56.32841928691425,7.505226131630828,3.5070595404091547,0.9858553495798941
2021-12-28,132.35247802734375,124.19535,5.670452694316487,56.32841928691425,7.505226131630828,3.5070595404091547,0.9858553495798941
2021-12-29,130.9776153564453,124.657845,5.670452694316487,56.32841928691425,7.505226131630828,3.5070595404091547,0.9858553495798941
2021-12-30,131.3143310546875,124.38866,5.670452694316487,56.32841928691425,7.505226131630828,3.5070595404091547,0.9858553495798941
2021-12-31,131.0430908203125,125.59609,5.670452694316487,56.32841928691425,7.505226131630828,3.5070595404091547,0.9858553495798941
2022-01-03,132.24960327148438,126.85375,5.670452694316487,56.32841928691425,7.505226131630828,3.5070595404091547,0.9858553495798941
2022-01-04,131.1927490234375,128.4045,5.670452694316487,56.32841928691425,7.505226131630828,3.5070595404091547,0.9858553495798941
2022-01-05,130.54737854003906,127.59335,5.670452694316487,56.32841928691425,7.505226131630828,3.5070595404091547,0.9858553495798941
2022-01-06,128.125,126.916725,5.670452694316487,56.32841928691425,7.505226131630828,3.5070595404091547,0.9858553495798941
2022-01-07,129.31280517578125,125.43282,5.670452694316487,56.32841928691425,7.505226131630828,3.5070595404091547,0.9858553495798941
2022-01-10,129.64016723632812,125.77168,5.670452694316487,56.32841928691425,7.505226131630828,3.5070595404091547,0.9858553495798941
2022-01-11,129.80850219726562,125.8137,5.670452694316487,56.32841928691425,7.505226131630828,3.5070595404091547,0.9858553495798941
2022-01-12,131.08050537109375,126.09402,5.670452694316487,56.32841928691425,7.505226131630828,3.5070595404091547,0.9858553495798941
2022-01-13,127.11488342285156,126.09933,5.670452694316487,56.32841928691425,7.505226131630828,3.5070595404091547,0.9858553495798941
2022-01-14,129.91139221191406,125.96015,5.670452694316487,56.32841928691425,7.505226131630828,3.5070595404091547,0.9858553495798941
2022-01-18,127.29261779785155,126.36823,5.670452694316487,56.32841928691425,7.505226131630828,3.5070595404091547,0.9858553495798941
2022-01-19,127.93792724609375,124.9221,5.670452694316487,56.32841928691425,7.505226131630828,3.5070595404091547,0.9858553495798941
2022-01-20,128.14369201660156,125.443344,5.670452694316487,56.32841928691425,7.505226131630828,3.5070595404091547,0.9858553495798941
2022-01-21,127.0120086669922,125.73119,5.670452694316487,56.32841928691425,7.505226131630828,3.5070595404091547,0.9858553495798941
2022-01-24,125.06660461425781,125.58346,5.670452694316487,56.32841928691425,7.505226131630828,3.5070595404091547,0.9858553495798941
2022-01-25,123.75721740722656,125.59344,5.670452694316487,56.32841928691425,7.505226131630828,3.5070595404091547,0.9858553495798941
2022-01-26,123.71978759765624,126.270775,5.670452694316487,56.32841928691425,7.505226131630828,3.5070595404091547,0.9858553495798941
2022-01-27,114.46044921874999,125.361145,5.670452694316487,56.32841928691425,7.505226131630828,3.5070595404091547,0.9858553495798941
2022-01-28,114.07698059082034,122.6887,5.670452694316487,56.32841928691425,7.505226131630828,3.5070595404091547,0.9858553495798941
2022-01-31,117.10731506347656,121.181114,5.670452694316487,56.32841928691425,7.505226131630828,3.5070595404091547,0.9858553495798941
2022-02-01,119.4174728393555,120.88689,5.670452694316487,56.32841928691425,7.505226131630828,3.5070595404091547,0.9858553495798941
2022-02-02,118.9217758178711,121.89759,5.670452694316487,56.32841928691425,7.505226131630828,3.5070595404091547,0.9858553495798941
2022-02-03,115.79790496826172,119.23979,5.670452694316487,56.32841928691425,7.505226131630828,3.5070595404091547,0.9858553495798941
2022-02-04,117.97712707519533,116.617645,5.670452694316487,56.32841928691425,7.505226131630828,3.5070595404091547,0.9858553495798941
2022-02-07,118.67859649658205,117.94267,5.670452694316487,56.32841928691425,7.505226131630828,3.5070595404091547,0.9858553495798941
2022-02-08,117.5562515258789,118.621864,5.670452694316487,56.32841928691425,7.505226131630828,3.5070595404091547,0.9858553495798941
2022-02-09,118.11742401123048,119.46732,5.670452694316487,56.32841928691425,7.505226131630828,3.5070595404091547,0.9858553495798941
2022-02-10,115.83531951904295,119.23699,5.670452694316487,56.32841928691425,7.505226131630828,3.5070595404091547,0.9858553495798941
2022-02-11,112.5524673461914,116.91883,5.670452694316487,56.32841928691425,7.505226131630828,3.5070595404091547,0.9858553495798941
2022-02-14,110.69124603271484,116.24218,5.670452694316487,56.32841928691425,7.505226131630828,3.5070595404091547,0.9858553495798941
2022-02-15,112.46829223632811,115.69251,5.670452694316487,56.32841928691425,7.505226131630828,3.5070595404091547,0.9858553495798941
2022-02-16,113.08557891845705,116.66767,5.670452694316487,56.32841928691425,7.505226131630828,3.5070595404091547,0.9858553495798941
2022-02-17,110.21424865722656,114.72531,5.670452694316487,56.32841928691425,7.505226131630828,3.5070595404091547,0.9858553495798941
2022-02-18,108.22209167480467,113.235435,5.670452694316487,56.32841928691425,7.505226131630828,3.5070595404091547,0.9858553495798941
2022-02-22,106.21121978759766,111.59795,5.670452694316487,56.32841928691425,7.505226131630828,3.5070595404091547,0.9858553495798941
2022-02-23,103.79818725585938,110.42512,5.670452694316487,56.32841928691425,7.505226131630828,3.5070595404091547,0.9858553495798941
2022-02-24,104.70540618896484,109.984634,5.670452694316487,56.32841928691425,7.505226131630828,3.5070595404091547,0.9858553495798941
2022-02-25,107.57673645019533,107.77182,5.670452694316487,56.32841928691425,7.505226131630828,3.5070595404091547,0.9858553495798941
2022-02-28,105.29463958740234,107.68494,5.670452694316487,56.32841928691425,7.505226131630828,3.5070595404091547,0.9858553495798941
2022-03-01,102.18013763427733,106.479034,5.670452694316487,56.32841928691425,7.505226131630828,3.5070595404091547,0.9858553495798941
2022-03-02,105.8651657104492,105.25438,5.670452694316487,56.32841928691425,7.505226131630828,3.5070595404091547,0.9858553495798941
2022-03-03,101.9556655883789,105.69984,5.670452694316487,56.32841928691425,7.505226131630828,3.5070595404091547,0.9858553495798941
2022-03-04,99.23397827148438,105.72305,5.670452694316487,56.32841928691425,7.505226131630828,3.5070595404091547,0.9858553495798941
2022-03-07,98.17710876464845,105.33145,5.670452694316487,56.32841928691425,7.505226131630828,3.5070595404091547,0.9858553495798941
2022-03-08,99.33686065673828,102.67114,5.670452694316487,56.32841928691425,7.505226131630828,3.5070595404091547,0.9858553495798941
2022-03-09,104.61188507080078,102.72639,5.670452694316487,56.32841928691425,7.505226131630828,3.5070595404091547,0.9858553495798941
2022-03-10,101.48802185058594,104.43025,5.670452694316487,56.32841928691425,7.505226131630828,3.5070595404091547,0.9858553495798941
2022-03-11,100.71173858642578,102.8364,5.670452694316487,56.32841928691425,7.505226131630828,3.5070595404091547,0.9858553495798941
2022-03-14,102.9283676147461,99.84493,5.670452694316487,56.32841928691425,7.505226131630828,3.5070595404091547,0.9858553495798941
2022-03-15,103.56436157226562,99.003746,5.670452694316487,56.32841928691425,7.505226131630828,3.5070595404091547,0.9858553495798941
2022-03-16,107.08103942871094,100.93797,5.670452694316487,56.32841928691425,7.505226131630828,3.5070595404091547,0.9858553495798941
2022-03-17,108.22209167480467,102.78438,5.670452694316487,56.32841928691425,7.505226131630828,3.5070595404091547,0.9858553495798941
2022-03-18,107.89473724365234,103.33976,5.670452694316487,56.32841928691425,7.505226131630828,3.5070595404091547,0.9858553495798941
2022-03-21,104.6305923461914,102.33881,5.670452694316487,56.32841928691425,7.505226131630828,3.5070595404091547,0.9858553495798941
2022-03-22,105.4349365234375,101.08806,5.670452694316487,56.32841928691425,7.505226131630828,3.5070595404091547,0.9858553495798941
2022-03-23,102.68518829345705,102.31314,5.670452694316487,56.32841928691425,7.505226131630828,3.5070595404091547,0.9858553495798941
2022-03-24,104.02265167236327,101.51268,5.670452694316487,56.32841928691425,7.505226131630828,3.5070595404091547,0.9858553495798941
2022-03-25,104.13488769531251,102.59713,5.670452694316487,56.32841928691425,7.505226131630828,3.5070595404091547,0.9858553495798941
2022-03-28,104.57447052001952,101.25961,5.670452694316487,56.32841928691425,7.505226131630828,3.5070595404091547,0.9858553495798941
2022-03-29,107.31486511230467,101.46813,5.670452694316487,56.32841928691425,7.505226131630828,3.5070595404091547,0.9858553495798941
2022-03-30,105.82775115966795,102.0699,5.670452694316487,56.32841928691425,7.505226131630828,3.5070595404091547,0.9858553495798941
2022-03-31,103.77947998046875,101.760216,5.670452694316487,56.32841928691425,7.505226131630828,3.5070595404091547,0.9858553495798941
2022-04-01,103.4708251953125,99.887726,5.670452694316487,56.32841928691425,7.505226131630828,3.5070595404091547,0.9858553495798941
2022-04-04,105.20111083984376,100.05825,5.670452694316487,56.32841928691425,7.505226131630828,3.5070595404091547,0.9858553495798941
2022-04-05,103.6391830444336,101.241104,5.670452694316487,56.32841928691425,7.505226131630828,3.5070595404091547,0.9858553495798941
2022-04-06,102.61036682128906,100.54946,5.670452694316487,56.32841928691425,7.505226131630828,3.5070595404091547,0.9858553495798941
2022-04-07,102.11466217041016,100.98833,5.670452694316487,56.32841928691425,7.505226131630828,3.5070595404091547,0.9858553495798941
2022-04-08,101.45060729980467,100.58472,5.670452694316487,56.32841928691425,7.505226131630828,3.5070595404091547,0.9858553495798941
2022-04-11,100.59949493408205,101.49481,5.670452694316487,56.32841928691425,7.505226131630828,3.5070595404091547,0.9858553495798941
2022-04-12,98.59797668457033,101.032265,5.670452694316487,56.32841928691425,7.505226131630828,3.5070595404091547,0.9858553495798941
2022-04-13,99.06562805175778,100.05505,5.670452694316487,56.32841928691425,7.505226131630828,3.5070595404091547,0.9858553495798941
2022-04-14,97.16699218749999,100.516655,5.670452694316487,56.32841928691425,7.505226131630828,3.5070595404091547,0.9858553495798941
2022-04-18,97.47563934326172,98.39326,5.670452694316487,56.32841928691425,7.505226131630828,3.5070595404091547,0.9858553495798941
2022-04-19,98.42963409423828,96.818794,5.670452694316487,56.32841928691425,7.505226131630828,3.5070595404091547,0.9858553495798941
2022-04-20,99.9635009765625,96.55481,5.670452694316487,56.32841928691425,7.505226131630828,3.5070595404091547,0.9858553495798941
2022-04-21,99.4584503173828,97.08914,5.670452694316487,56.32841928691425,7.505226131630828,3.5070595404091547,0.9858553495798941
2022-04-22,97.12958526611327,97.63623,5.670452694316487,56.32841928691425,7.505226131630828,3.5070595404091547,0.9858553495798941
2022-04-25,97.01734924316406,97.7122,5.670452694316487,56.32841928691425,7.505226131630828,3.5070595404091547,0.9858553495798941
2022-04-26,93.3323211669922,98.06463,5.670452694316487,56.32841928691425,7.505226131630828,3.5070595404091547,0.9858553495798941
2022-04-27,93.08914184570312,97.22568,5.670452694316487,56.32841928691425,7.505226131630828,3.5070595404091547,0.9858553495798941
2022-04-28,96.06334686279295,95.930084,5.670452694316487,56.32841928691425,7.505226131630828,3.5070595404091547,0.9858553495798941
2022-04-29,94.27696228027344,96.719696,5.670452694316487,56.32841928691425,7.505226131630828,3.5070595404091547,0.9858553495798941
2022-05-02,95.78277587890625,96.83406,5.670452694316487,56.32841928691425,7.505226131630828,3.5070595404091547,0.9858553495798941
2022-05-03,93.52871704101564,96.00024,5.670452694316487,56.32841928691425,7.505226131630828,3.5070595404091547,0.9858553495798941
2022-05-04,95.92305755615234,94.638115,5.670452694316487,56.32841928691425,7.505226131630828,3.5070595404091547,0.9858553495798941
2022-05-05,93.3603744506836,96.03309,5.670452694316487,56.32841928691425,7.505226131630828,3.5070595404091547,0.9858553495798941
2022-05-06,89.91851043701172,93.60476,5.670452694316487,56.32841928691425,7.505226131630828,3.5070595404091547,0.9858553495798941
2022-05-09,89.76887512207033,92.58293,5.670452694316487,56.32841928691425,7.505226131630828,3.5070595404091547,0.9858553495798941
2022-05-10,90.56386566162111,92.57405,5.670452694316487,56.32841928691425,7.505226131630828,3.5070595404091547,0.9858553495798941
2022-05-11,89.4041061401367,92.05829,5.670452694316487,56.32841928691425,7.505226131630828,3.5070595404091547,0.9858553495798941
2022-05-12,90.6948013305664,92.60049,5.670452694316487,56.32841928691425,7.505226131630828,3.5070595404091547,0.9858553495798941
2022-05-13,92.32220458984376,91.74615,5.670452694316487,56.32841928691425,7.505226131630828,3.5070595404091547,0.9858553495798941
2022-05-16,91.22792053222656,90.47218,5.670452694316487,56.32841928691425,7.505226131630828,3.5070595404091547,0.9858553495798941
2022-05-17,92.64955139160156,90.80572,5.670452694316487,56.32841928691425,7.505226131630828,3.5070595404091547,0.9858553495798941
2022-05-18,87.2061767578125,90.261444,5.670452694316487,56.32841928691425,7.505226131630828,3.5070595404091547,0.9858553495798941
2022-05-19,91.79851531982422,90.39589,5.670452694316487,56.32841928691425,7.505226131630828,3.5070595404091547,0.9858553495798941
2022-05-20,93.80104064941406,90.949814,5.670452694316487,56.32841928691425,7.505226131630828,3.5070595404091547,0.9858553495798941
2022-05-23,96.11164855957033,90.98314,5.670452694316487,56.32841928691425,7.505226131630828,3.5070595404091547,0.9858553495798941
2022-05-24,95.02374267578124,91.700966,5.670452694316487,56.32841928691425,7.505226131630828,3.5070595404091547,0.9858553495798941
2022-05-25,93.69513702392578,90.21058,5.670452694316487,56.32841928691425,7.505226131630828,3.5070595404091547,0.9858553495798941
2022-05-26,94.80230712890624,89.95434,5.670452694316487,56.32841928691425,7.505226131630828,3.5070595404091547,0.9858553495798941
2022-05-27,97.38248443603516,90.22982,5.670452694316487,56.32841928691425,7.505226131630828,3.5070595404091547,0.9858553495798941
2022-05-31,96.12126922607422,93.27377,5.670452694316487,56.32841928691425,7.505226131630828,3.5070595404091547,0.9858553495798941
2022-06-01,95.6302719116211,92.89279,5.670452694316487,56.32841928691425,7.505226131630828,3.5070595404091547,0.9858553495798941
2022-06-02,98.31635284423828,92.9408,5.670452694316487,56.32841928691425,7.505226131630828,3.5070595404091547,0.9858553495798941
2022-06-03,96.68930053710938,92.90517,5.670452694316487,56.32841928691425,7.505226131630828,3.5070595404091547,0.9858553495798941
2022-06-06,97.10327911376952,93.7303,5.670452694316487,56.32841928691425,7.505226131630828,3.5070595404091547,0.9858553495798941
2022-06-07,98.19120025634766,94.33441,5.670452694316487,56.32841928691425,7.505226131630828,3.5070595404091547,0.9858553495798941
2022-06-08,96.14053344726564,93.45331,5.670452694316487,56.32841928691425,7.505226131630828,3.5070595404091547,0.9858553495798941
2022-06-09,93.18488311767578,91.41603,5.670452694316487,56.32841928691425,7.505226131630828,3.5070595404091547,0.9858553495798941
2022-06-10,90.66246032714844,90.55858,5.670452694316487,56.32841928691425,7.505226131630828,3.5070595404091547,0.9858553495798941
2022-06-13,87.43724060058594,91.95682,5.670452694316487,56.32841928691425,7.505226131630828,3.5070595404091547,0.9858553495798941
2022-06-14,87.0040054321289,91.63794,5.670452694316487,56.32841928691425,7.505226131630828,3.5070595404091547,0.9858553495798941
2022-06-15,89.8248748779297,91.31265,5.670452694316487,56.32841928691425,7.505226131630828,3.5070595404091547,0.9858553495798941
2022-06-16,89.30498504638672,90.22891,5.670452694316487,56.32841928691425,7.505226131630828,3.5070595404091547,0.9858553495798941
2022-06-17,89.53604888916016,89.9631,5.670452694316487,56.32841928691425,7.505226131630828,3.5070595404091547,0.9858553495798941
2022-06-21,90.58544158935548,88.82697,5.670452694316487,56.32841928691425,7.505226131630828,3.5070595404091547,0.9858553495798941
2022-06-22,90.4988021850586,87.76956,5.670452694316487,56.32841928691425,7.505226131630828,3.5070595404091547,0.9858553495798941
2022-06-23,90.72985076904295,88.68257,5.670452694316487,56.32841928691425,7.505226131630828,3.5070595404091547,0.9858553495798941
2022-06-24,94.74453735351562,89.68319,5.670452694316487,56.32841928691425,7.505226131630828,3.5070595404091547,0.9858553495798941
2022-06-27,93.67588806152345,90.56358,5.670452694316487,56.32841928691425,7.505226131630828,3.5070595404091547,0.9858553495798941
2022-06-28,91.91404724121095,90.74131,5.670452694316487,56.32841928691425,7.505226131630828,3.5070595404091547,0.9858553495798941
2022-06-29,90.43141174316406,91.22215,5.670452694316487,56.32841928691425,7.505226131630828,3.5070595404091547,0.9858553495798941
2022-06-30,87.3409652709961,90.58302,5.670452694316487,56.32841928691425,7.505226131630828,3.5070595404091547,0.9858553495798941
2022-07-01,87.32170867919922,90.62485,5.670452694316487,56.32841928691425,7.505226131630828,3.5070595404091547,0.9858553495798941
2022-07-05,85.83907318115234,89.93124,5.670452694316487,56.32841928691425,7.505226131630828,3.5070595404091547,0.9858553495798941
2022-07-06,86.51300048828124,88.17179,5.670452694316487,56.32841928691425,7.505226131630828,3.5070595404091547,0.9858553495798941
2022-07-07,87.33134460449219,89.012215,5.670452694316487,56.32841928691425,7.505226131630828,3.5070595404091547,0.9858553495798941
2022-07-08,87.21580505371094,89.34084,5.670452694316487,56.32841928691425,7.505226131630828,3.5070595404091547,0.9858553495798941
2022-07-11,85.03036499023438,88.20547,5.670452694316487,56.32841928691425,7.505226131630828,3.5070595404091547,0.9858553495798941
2022-07-12,83.13372802734374,87.058205,5.670452694316487,56.32841928691425,7.505226131630828,3.5070595404091547,0.9858553495798941
2022-07-13,82.7486343383789,85.193886,5.670452694316487,56.32841928691425,7.505226131630828,3.5070595404091547,0.9858553495798941
2022-07-14,82.23836517333984,84.43411,5.670452694316487,56.32841928691425,7.505226131630828,3.5070595404091547,0.9858553495798941
2022-07-15,84.72228240966797,82.83673,5.670452694316487,56.32841928691425,7.505226131630828,3.5070595404091547,0.9858553495798941
2022-07-18,84.80892181396484,83.94976,5.670452694316487,56.32841928691425,7.505226131630828,3.5070595404091547,0.9858553495798941
2022-07-19,88.90061950683594,85.20816,5.670452694316487,56.32841928691425,7.505226131630828,3.5070595404091547,0.9858553495798941
2022-07-20,88.89099884033203,85.9644,5.670452694316487,56.32841928691425,7.505226131630828,3.5070595404091547,0.9858553495798941
2022-07-21,86.92698669433594,86.052574,5.670452694316487,56.32841928691425,7.505226131630828,3.5070595404091547,0.9858553495798941
2022-07-22,90.2581024169922,86.86586,5.670452694316487,56.32841928691425,7.505226131630828,3.5070595404091547,0.9858553495798941
2022-07-25,88.54440307617188,87.12098,5.670452694316487,56.32841928691425,7.505226131630828,3.5070595404091547,0.9858553495798941
2022-07-26,86.92698669433594,87.0491,5.670452694316487,56.32841928691425,7.505226131630828,3.5070595404091547,0.9858553495798941
2022-07-27,87.90898895263672,87.064384,5.670452694316487,56.32841928691425,7.505226131630828,3.5070595404091547,0.9858553495798941
2022-07-28,88.35185241699219,85.35777,5.670452694316487,56.32841928691425,7.505226131630828,3.5070595404091547,0.9858553495798941
2022-07-29,89.73822021484375,86.34936,5.670452694316487,56.32841928691425,7.505226131630828,3.5070595404091547,0.9858553495798941
2022-08-01,90.29662322998048,86.49049,5.670452694316487,56.32841928691425,7.505226131630828,3.5070595404091547,0.9858553495798941
2022-08-02,87.79346466064455,86.209984,5.670452694316487,56.32841928691425,7.505226131630828,3.5070595404091547,0.9858553495798941
2022-08-03,90.00779724121094,86.10965,5.670452694316487,56.32841928691425,7.505226131630828,3.5070595404091547,0.9858553495798941
2022-08-04,91.7407455444336,86.28746,5.670452694316487,56.32841928691425,7.505226131630828,3.5070595404091547,0.9858553495798941
2022-08-05,91.03793334960938,86.379524,5.670452694316487,56.32841928691425,7.505226131630828,3.5070595404091547,0.9858553495798941
2022-08-08,90.81649780273438,86.57042,5.670452694316487,56.32841928691425,7.505226131630828,3.5070595404091547,0.9858553495798941
2022-08-09,90.26773834228516,86.37848,5.670452694316487,56.32841928691425,7.505226131630828,3.5070595404091547,0.9858553495798941
2022-08-10,92.49169158935548,86.31288,5.670452694316487,56.32841928691425,7.505226131630828,3.5070595404091547,0.9858553495798941
2022-08-11,91.69260406494142,88.0772,5.670452694316487,56.32841928691425,7.505226131630828,3.5070595404091547,0.9858553495798941
2022-08-12,92.37615966796876,88.77403,5.670452694316487,56.32841928691425,7.505226131630828,3.5070595404091547,0.9858553495798941
2022-08-15,92.24137878417969,89.05652,5.670452694316487,56.32841928691425,7.505226131630828,3.5070595404091547,0.9858553495798941
2022-08-16,90.69134521484376,88.40028,5.670452694316487,56.32841928691425,7.505226131630828,3.5070595404091547,0.9858553495798941
2022-08-17,89.48789978027344,88.23338,5.670452694316487,56.32841928691425,7.505226131630828,3.5070595404091547,0.9858553495798941
2022-08-18,89.01615142822267,88.73691,5.670452694316487,56.32841928691425,7.505226131630828,3.5070595404091547,0.9858553495798941
2022-08-19,88.20744323730469,90.71017,5.670452694316487,56.32841928691425,7.505226131630828,3.5070595404091547,0.9858553495798941
2022-08-22,85.13626098632812,90.38074,5.670452694316487,56.32841928691425,7.505226131630828,3.5070595404091547,0.9858553495798941
2022-08-23,84.1157455444336,87.76026,5.670452694316487,56.32841928691425,7.505226131630828,3.5070595404091547,0.9858553495798941
2022-08-24,84.16387939453125,87.07919,5.670452694316487,56.32841928691425,7.505226131630828,3.5070595404091547,0.9858553495798941
2022-08-25,84.9148178100586,86.07149,5.670452694316487,56.32841928691425,7.505226131630828,3.5070595404091547,0.9858553495798941
2022-08-26,81.10232543945312,85.328514,5.670452694316487,56.32841928691425,7.505226131630828,3.5070595404091547,0.9858553495798941
2022-08-29,81.42967224121094,84.423195,5.670452694316487,56.32841928691425,7.505226131630828,3.5070595404091547,0.9858553495798941
2022-08-30,81.37189483642578,83.50637,5.670452694316487,56.32841928691425,7.505226131630828,3.5070595404091547,0.9858553495798941
2022-08-31,82.04582214355469,83.66399,5.670452694316487,56.32841928691425,7.505226131630828,3.5070595404091547,0.9858553495798941
2022-09-01,80.85200500488281,84.30924,5.670452694316487,56.32841928691425,7.505226131630828,3.5070595404091547,0.9858553495798941
2022-09-02,80.16844940185547,82.091736,5.670452694316487,56.32841928691425,7.505226131630828,3.5070595404091547,0.9858553495798941
2022-09-06,81.03492736816406,82.167534,5.670452694316487,56.32841928691425,7.505226131630828,3.5070595404091547,0.9858553495798941
2022-09-07,82.3827896118164,82.12522,5.670452694316487,56.32841928691425,7.505226131630828,3.5070595404091547,0.9858553495798941
2022-09-08,82.1324691772461,82.426056,5.670452694316487,56.32841928691425,7.505226131630828,3.5070595404091547,0.9858553495798941
2022-09-09,83.82691955566406,83.35406,5.670452694316487,56.32841928691425,7.505226131630828,3.5070595404091547,0.9858553495798941
2022-09-12,85.63689422607422,84.08899,5.670452694316487,56.32841928691425,7.505226131630828,3.5070595404091547,0.9858553495798941
2022-09-13,82.66197967529297,84.673416,5.670452694316487,56.32841928691425,7.505226131630828,3.5070595404091547,0.9858553495798941
2022-09-14,83.09522247314453,84.09342,5.670452694316487,56.32841928691425,7.505226131630828,3.5070595404091547,0.9858553495798941
2022-09-15,81.26599884033205,83.49539,5.670452694316487,56.32841928691425,7.505226131630828,3.5070595404091547,0.9858553495798941
2022-09-16,80.8134994506836,83.49094,5.670452694316487,56.32841928691425,7.505226131630828,3.5070595404091547,0.9858553495798941
2022-09-19,81.12158203125,83.117836,5.670452694316487,56.32841928691425,7.505226131630828,3.5070595404091547,0.9858553495798941
2022-09-20,79.84111785888672,81.07241,5.670452694316487,56.32841928691425,7.505226131630828,3.5070595404091547,0.9858553495798941
2022-09-21,79.27308654785156,80.83185,5.670452694316487,56.32841928691425,7.505226131630828,3.5070595404091547,0.9858553495798941
2022-09-22,78.33922576904297,80.93278,5.670452694316487,56.32841928691425,7.505226131630828,3.5070595404091547,0.9858553495798941
2022-09-23,76.50999450683592,79.78668,5.670452694316487,56.32841928691425,7.505226131630828,3.5070595404091547,0.9858553495798941
2022-09-26,76.66402435302733,79.46372,5.670452694316487,56.32841928691425,7.505226131630828,3.5070595404091547,0.9858553495798941
2022-09-27,76.17302703857422,78.67802,5.670452694316487,56.32841928691425,7.505226131630828,3.5070595404091547,0.9858553495798941
2022-09-28,78.42586517333983,77.58427,5.670452694316487,56.32841928691425,7.505226131630828,3.5070595404091547,0.9858553495798941
2022-09-29,77.48238372802733,77.7261,5.670452694316487,56.32841928691425,7.505226131630828,3.5070595404091547,0.9858553495798941
2022-09-30,78.22369384765624,76.16268,5.670452694316487,56.32841928691425,7.505226131630828,3.5070595404091547,0.9858553495798941
2022-10-03,80.8134994506836,77.01874,5.670452694316487,56.32841928691425,7.505226131630828,3.5070595404091547,0.9858553495798941
2022-10-04,84.76078796386719,78.00593,5.670452694316487,56.32841928691425,7.505226131630828,3.5070595404091547,0.9858553495798941
2022-10-05,83.93281555175783,79.34935,5.670452694316487,56.32841928691425,7.505226131630828,3.5070595404091547,0.9858553495798941
2022-10-06,83.1433639526367,80.28673,5.670452694316487,56.32841928691425,7.505226131630828,3.5070595404091547,0.9858553495798941
2022-10-07,81.38153076171875,80.87354,5.670452694316487,56.32841928691425,7.505226131630828,3.5070595404091547,0.9858553495798941
2022-10-10,80.91940307617188,80.90697,5.670452694316487,56.32841928691425,7.505226131630828,3.5070595404091547,0.9858553495798941
2022-10-11,79.9181365966797,80.98958,5.670452694316487,56.32841928691425,7.505226131630828,3.5070595404091547,0.9858553495798941
2022-10-12,79.43675994873048,80.57287,5.670452694316487,56.32841928691425,7.505226131630828,3.5070595404091547,0.9858553495798941
2022-10-13,81.97843170166016,80.14496,5.670452694316487,56.32841928691425,7.505226131630828,3.5070595404091547,0.9858553495798941
2022-10-14,81.45854187011719,79.20433,5.670452694316487,56.32841928691425,7.505226131630828,3.5070595404091547,0.9858553495798941
2022-10-17,83.61510467529295,78.68984,5.670452694316487,56.32841928691425,7.505226131630828,3.5070595404091547,0.9858553495798941
2022-10-18,85.70428466796875,79.42133,5.670452694316487,56.32841928691425,7.505226131630828,3.5070595404091547,0.9858553495798941
2022-10-19,83.49958801269531,79.82473,5.670452694316487,56.32841928691425,7.505226131630828,3.5070595404091547,0.9858553495798941
2022-10-20,83.67288208007814,79.89004,5.670452694316487,56.32841928691425,7.505226131630828,3.5070595404091547,0.9858553495798941
2022-10-21,87.49500274658203,78.73461,5.670452694316487,56.32841928691425,7.505226131630828,3.5070595404091547,0.9858553495798941
2022-10-24,87.62016296386719,80.36413,5.670452694316487,56.32841928691425,7.505226131630828,3.5070595404091547,0.9858553495798941
2022-10-25,92.73238372802734,82.39963,5.670452694316487,56.32841928691425,7.505226131630828,3.5070595404091547,0.9858553495798941
2022-10-26,94.1187515258789,83.61648,5.670452694316487,56.32841928691425,7.505226131630828,3.5070595404091547,0.9858553495798941
2022-10-27,93.8106689453125,83.94041,5.670452694316487,56.32841928691425,7.505226131630828,3.5070595404091547,0.9858553495798941
2022-10-28,94.07061004638672,85.2103,5.670452694316487,56.32841928691425,7.505226131630828,3.5070595404091547,0.9858553495798941
2022-10-31,92.48207092285156,86.435844,5.670452694316487,56.32841928691425,7.505226131630828,3.5070595404091547,0.9858553495798941
2022-11-01,92.270263671875,88.53248,5.670452694316487,56.32841928691425,7.505226131630828,3.5070595404091547,0.9858553495798941
2022-11-02,90.46991729736327,89.8063,5.670452694316487,56.32841928691425,7.505226131630828,3.5070595404091547,0.9858553495798941
2022-11-03,89.2375946044922,89.32861,5.670452694316487,56.32841928691425,7.505226131630828,3.5070595404091547,0.9858553495798941
2022-11-04,92.44355010986327,89.06877,5.670452694316487,56.32841928691425,7.505226131630828,3.5070595404091547,0.9858553495798941
2022-11-07,93.93582153320314,88.05077,5.670452694316487,56.32841928691425,7.505226131630828,3.5070595404091547,0.9858553495798941
2022-11-08,94.3209228515625,88.26335,5.670452694316487,56.32841928691425,7.505226131630828,3.5070595404091547,0.9858553495798941
2022-11-09,93.91657257080078,88.30124,5.670452694316487,56.32841928691425,7.505226131630828,3.5070595404091547,0.9858553495798941
2022-11-10,103.18788146972656,87.6393,5.670452694316487,56.32841928691425,7.505226131630828,3.5070595404091547,0.9858553495798941
2022-11-11,106.06651306152344,90.61515,5.670452694316487,56.32841928691425,7.505226131630828,3.5070595404091547,0.9858553495798941
2022-11-14,104.77642822265622,92.77017,5.670452694316487,56.32841928691425,7.505226131630828,3.5070595404091547,0.9858553495798941
2022-11-15,105.7199249267578,94.6684,5.670452694316487,56.32841928691425,7.505226131630828,3.5070595404091547,0.9858553495798941
2022-11-16,106.9233627319336,95.044174,5.670452694316487,56.32841928691425,7.505226131630828,3.5070595404091547,0.9858553495798941
2022-11-17,107.65505981445312,97.05737,5.670452694316487,56.32841928691425,7.505226131630828,3.5070595404091547,0.9858553495798941
2022-11-18,104.7379150390625,99.97613,5.670452694316487,56.32841928691425,7.505226131630828,3.5070595404091547,0.9858553495798941
2022-11-21,104.45870971679688,101.05517,5.670452694316487,56.32841928691425,7.505226131630828,3.5070595404091547,0.9858553495798941
2022-11-22,105.53700256347656,101.210144,5.670452694316487,56.32841928691425,7.505226131630828,3.5070595404091547,0.9858553495798941
2022-11-23,105.75843048095705,101.57623,5.670452694316487,56.32841928691425,7.505226131630828,3.5070595404091547,0.9858553495798941
2022-11-25,106.52863311767578,103.10307,5.670452694316487,56.32841928691425,7.505226131630828,3.5070595404091547,0.9858553495798941
2022-11-28,103.9773406982422,105.021515,5.670452694316487,56.32841928691425,7.505226131630828,3.5070595404091547,0.9858553495798941
2022-11-29,102.93756866455077,104.04024,5.670452694316487,56.32841928691425,7.505226131630828,3.5070595404091547,0.9858553495798941
2022-11-30,106.74044036865234,103.15843,5.670452694316487,56.32841928691425,7.505226131630828,3.5070595404091547,0.9858553495798941
2022-12-01,107.8379898071289,103.14485,5.670452694316487,56.32841928691425,7.505226131630828,3.5070595404091547,0.9858553495798941
2022-12-02,107.85723876953124,103.144325,5.670452694316487,56.32841928691425,7.505226131630828,3.5070595404091547,0.9858553495798941
2022-12-05,106.16278839111328,103.02595,5.670452694316487,56.32841928691425,7.505226131630828,3.5070595404091547,0.9858553495798941
2022-12-06,103.7559051513672,101.40538,5.670452694316487,56.32841928691425,7.505226131630828,3.5070595404091547,0.9858553495798941
2022-12-07,103.85218811035156,102.41329,5.670452694316487,56.32841928691425,7.505226131630828,3.5070595404091547,0.9858553495798941
2022-12-08,103.80404663085938,105.3395,5.670452694316487,56.32841928691425,7.505226131630828,3.5070595404091547,0.9858553495798941
2022-12-09,103.29379272460938,107.42917,5.670452694316487,56.32841928691425,7.505226131630828,3.5070595404091547,0.9858553495798941
2022-12-12,104.3239288330078,106.765205,5.670452694316487,56.32841928691425,7.505226131630828,3.5070595404091547,0.9858553495798941
2022-12-13,105.7199249267578,105.29143,5.670452694316487,56.32841928691425,7.505226131630828,3.5070595404091547,0.9858553495798941
2022-12-14,105.62364959716795,105.702255,5.670452694316487,56.32841928691425,7.505226131630828,3.5070595404091547,0.9858553495798941
2022-12-15,101.64747619628906,105.92691,5.670452694316487,56.32841928691425,7.505226131630828,3.5070595404091547,0.9858553495798941
2022-12-16,101.43567657470705,104.642624,5.670452694316487,56.32841928691425,7.505226131630828,3.5070595404091547,0.9858553495798941
2022-12-19,100.41516113281251,103.70181,5.670452694316487,56.32841928691425,7.505226131630828,3.5070595404091547,0.9858553495798941
2022-12-20,100.59807586669922,104.06103,5.670452694316487,56.32841928691425,7.505226131630828,3.5070595404091547,0.9858553495798941
2022-12-21,100.89653778076173,105.90423,5.670452694316487,56.32841928691425,7.505226131630828,3.5070595404091547,0.9858553495798941
2022-12-22,100.1070785522461,103.1017,5.670452694316487,56.32841928691425,7.505226131630828,3.5070595404091547,0.9858553495798941
2022-12-23,99.64495086669922,102.7724,5.670452694316487,56.32841928691425,7.505226131630828,3.5070595404091547,0.9858553495798941
2022-12-27,99.49091339111328,103.846115,5.670452694316487,56.32841928691425,7.505226131630828,3.5070595404091547,0.9858553495798941
2022-12-28,98.01789093017578,102.44927,5.670452694316487,56.32841928691425,7.505226131630828,3.5070595404091547,0.9858553495798941
2022-12-29,100.23223114013672,101.309326,5.670452694316487,56.32841928691425,7.505226131630828,3.5070595404091547,0.9858553495798941
2022-12-30,99.3465042114258,101.504616,5.670452694316487,56.32841928691425,7.505226131630828,3.5070595404091547,0.9858553495798941
2023-01-03,100.1070785522461,100.710236,5.670452694316487,56.32841928691425,7.505226131630828,3.5070595404091547,0.9858553495798941
2023-01-04,102.90868377685548,101.11236,5.670452694316487,56.32841928691425,7.505226131630828,3.5070595404091547,0.9858553495798941
2023-01-05,102.20587158203124,100.96717,5.670452694316487,56.32841928691425,7.505226131630828,3.5070595404091547,0.9858553495798941
2023-01-06,105.0459976196289,100.90532,5.670452694316487,56.32841928691425,7.505226131630828,3.5070595404091547,0.9858553495798941
2023-01-09,107.28921508789062,101.78428,5.670452694316487,56.32841928691425,7.505226131630828,3.5070595404091547,0.9858553495798941
2023-01-10,109.19546508789061,103.03949,5.670452694316487,56.32841928691425,7.505226131630828,3.5070595404091547,0.9858553495798941
2023-01-11,110.5914535522461,103.801254,5.670452694316487,56.32841928691425,7.505226131630828,3.5070595404091547,0.9858553495798941
2023-01-12,112.33403778076172,103.60866,5.670452694316487,56.32841928691425,7.505226131630828,3.5070595404091547,0.9858553495798941
2023-01-13,112.6517562866211,104.93362,5.670452694316487,56.32841928691425,7.505226131630828,3.5070595404091547,0.9858553495798941
2023-01-17,111.8815460205078,106.13922,5.670452694316487,56.32841928691425,7.505226131630828,3.5070595404091547,0.9858553495798941
2023-01-18,112.71914672851562,107.160675,5.670452694316487,56.32841928691425,7.505226131630828,3.5070595404091547,0.9858553495798941
2023-01-19,111.36166381835938,107.56154,5.670452694316487,56.32841928691425,7.505226131630828,3.5070595404091547,0.9858553495798941
2023-01-20,112.75765228271484,106.93025,5.670452694316487,56.32841928691425,7.505226131630828,3.5070595404091547,0.9858553495798941
2023-01-23,112.36292266845705,107.96853,5.670452694316487,56.32841928691425,7.505226131630828,3.5070595404091547,0.9858553495798941
2023-01-24,111.86228942871094,106.570755,5.670452694316487,56.32841928691425,7.505226131630828,3.5070595404091547,0.9858553495798941
2023-01-25,111.83341217041016,105.94365,5.670452694316487,56.32841928691425,7.505226131630828,3.5070595404091547,0.9858553495798941
2023-01-26,109.85012817382812,106.03471,5.670452694316487,56.32841928691425,7.505226131630828,3.5070595404091547,0.9858553495798941
2023-01-27,108.99327850341794,105.93343,5.670452694316487,56.32841928691425,7.505226131630828,3.5070595404091547,0.9858553495798941
2023-01-30,111.76600646972656,106.73985,5.670452694316487,56.32841928691425,7.505226131630828,3.5070595404091547,0.9858553495798941
2023-01-31,114.11513519287111,107.375374,5.670452694316487,56.32841928691425,7.505226131630828,3.5070595404091547,0.9858553495798941
2023-02-01,116.52201080322266,108.35737,5.670452694316487,56.32841928691425,7.505226131630828,3.5070595404091547,0.9858553495798941
2023-02-02,118.38975524902344,108.52114,5.670452694316487,56.32841928691425,7.505226131630828,3.5070595404091547,0.9858553495798941
2023-02-03,116.1369094848633,109.15674,5.670452694316487,56.32841928691425,7.505226131630828,3.5070595404091547,0.9858553495798941
2023-02-06,115.26081085205078,110.859825,5.670452694316487,56.32841928691425,7.505226131630828,3.5070595404091547,0.9858553495798941
2023-02-07,115.37633514404295,111.14802,5.670452694316487,56.32841928691425,7.505226131630828,3.5070595404091547,0.9858553495798941
2023-02-08,114.19215393066406,112.420494,5.670452694316487,56.32841928691425,7.505226131630828,3.5070595404091547,0.9858553495798941
2023-02-09,114.27880096435548,113.40586,5.670452694316487,56.32841928691425,7.505226131630828,3.5070595404091547,0.9858553495798941
2023-02-10,112.97908020019531,112.71097,5.670452694316487,56.32841928691425,7.505226131630828,3.5070595404091547,0.9858553495798941
2023-02-13,114.06700134277344,111.39375,5.670452694316487,56.32841928691425,7.505226131630828,3.5070595404091547,0.9858553495798941
2023-02-14,114.33656311035156,111.541756,5.670452694316487,56.32841928691425,7.505226131630828,3.5070595404091547,0.9858553495798941
2023-02-15,114.82756042480466,112.16814,5.670452694316487,56.32841928691425,7.505226131630828,3.5070595404091547,0.9858553495798941
2023-02-16,113.56636810302734,112.70956,5.670452694316487,56.32841928691425,7.505226131630828,3.5070595404091547,0.9858553495798941
2023-02-17,112.97908020019531,112.23036,5.670452694316487,56.32841928691425,7.505226131630828,3.5070595404091547,0.9858553495798941
2023-02-21,110.50480651855467,111.44597,5.670452694316487,56.32841928691425,7.505226131630828,3.5070595404091547,0.9858553495798941
2023-02-22,110.96692657470705,110.78223,5.670452694316487,56.32841928691425,7.505226131630828,3.5070595404091547,0.9858553495798941
2023-02-23,111.68899536132812,111.956856,5.670452694316487,56.32841928691425,7.505226131630828,3.5070595404091547,0.9858553495798941
2023-02-24,108.96440124511719,112.0376,5.670452694316487,56.32841928691425,7.505226131630828,3.5070595404091547,0.9858553495798941
2023-02-27,110.8417739868164,110.87478,5.670452694316487,56.32841928691425,7.505226131630828,3.5070595404091547,0.9858553495798941
2023-02-28,109.58056640625,111.084625,5.670452694316487,56.32841928691425,7.505226131630828,3.5070595404091547,0.9858553495798941
2023-03-01,109.97530364990234,110.631874,5.670452694316487,56.32841928691425,7.505226131630828,3.5070595404091547,0.9858553495798941
2023-03-02,110.2641143798828,111.41718,5.670452694316487,56.32841928691425,7.505226131630828,3.5070595404091547,0.9858553495798941
2023-03-03,112.54583740234376,111.373436,5.670452694316487,56.32841928691425,7.505226131630828,3.5070595404091547,0.9858553495798941
2023-03-06,115.27043151855467,111.380104,5.670452694316487,56.32841928691425,7.505226131630828,3.5070595404091547,0.9858553495798941
2023-03-07,112.53621673583984,112.34934,5.670452694316487,56.32841928691425,7.505226131630828,3.5070595404091547,0.9858553495798941
2023-03-08,113.03684234619142,111.78955,5.670452694316487,56.32841928691425,7.505226131630828,3.5070595404091547,0.9858553495798941
2023-03-09,111.66973876953124,111.49432,5.670452694316487,56.32841928691425,7.505226131630828,3.5070595404091547,0.9858553495798941
2023-03-10,111.15947723388672,111.3151,5.670452694316487,56.32841928691425,7.505226131630828,3.5070595404091547,0.9858553495798941
2023-03-13,110.74549102783205,110.708496,5.670452694316487,56.32841928691425,7.505226131630828,3.5070595404091547,0.9858553495798941
2023-03-14,113.72040557861328,109.96912,5.670452694316487,56.32841928691425,7.505226131630828,3.5070595404091547,0.9858553495798941
2023-03-15,111.29427337646484,111.068596,5.670452694316487,56.32841928691425,7.505226131630828,3.5070595404091547,0.9858553495798941
2023-03-16,115.8192138671875,110.42797,5.670452694316487,56.32841928691425,7.505226131630828,3.5070595404091547,0.9858553495798941
2023-03-17,114.77942657470705,111.67826,5.670452694316487,56.32841928691425,7.505226131630828,3.5070595404091547,0.9858553495798941
2023-03-20,116.85897827148438,111.829384,5.670452694316487,56.32841928691425,7.505226131630828,3.5070595404091547,0.9858553495798941
2023-03-21,118.88076019287108,112.3424,5.670452694316487,56.32841928691425,7.505226131630828,3.5070595404091547,0.9858553495798941
2023-03-22,117.68695068359376,110.930756,5.670452694316487,56.32841928691425,7.505226131630828,3.5070595404091547,0.9858553495798941
2023-03-23,119.13107299804688,111.7556,5.670452694316487,56.32841928691425,7.505226131630828,3.5070595404091547,0.9858553495798941
2023-03-24,118.69783782958984,111.69082,5.670452694316487,56.32841928691425,7.505226131630828,3.5070595404091547,0.9858553495798941
2023-03-27,118.6593246459961,113.18269,5.670452694316487,56.32841928691425,7.505226131630828,3.5070595404091547,0.9858553495798941
2023-03-28,118.87113189697266,114.46109,5.670452694316487,56.32841928691425,7.505226131630828,3.5070595404091547,0.9858553495798941
2023-03-29,119.68946838378906,114.821594,5.670452694316487,56.32841928691425,7.505226131630828,3.5070595404091547,0.9858553495798941
2023-03-30,121.3742904663086,115.81416,5.670452694316487,56.32841928691425,7.505226131630828,3.5070595404091547,0.9858553495798941
2023-03-31,121.83641815185548,116.1837,5.670452694316487,56.32841928691425,7.505226131630828,3.5070595404091547,0.9858553495798941
2023-04-03,121.61498260498048,116.26181,5.670452694316487,56.32841928691425,7.505226131630828,3.5070595404091547,0.9858553495798941
2023-04-04,123.04947662353516,116.459114,5.670452694316487,56.32841928691425,7.505226131630828,3.5070595404091547,0.9858553495798941
2023-04-05,122.01932525634766,116.143684,5.670452694316487,56.32841928691425,7.505226131630828,3.5070595404091547,0.9858553495798941
2023-04-06,123.91596221923828,116.70638,5.670452694316487,56.32841928691425,7.505226131630828,3.5070595404091547,0.9858553495798941
2023-04-10,122.70288848876952,117.66977,5.670452694316487,56.32841928691425,7.505226131630828,3.5070595404091547,0.9858553495798941
2023-04-11,121.82678985595705,116.88072,5.670452694316487,56.32841928691425,7.505226131630828,3.5070595404091547,0.9858553495798941
2023-04-12,122.37554931640624,117.84297,5.670452694316487,56.32841928691425,7.505226131630828,3.5070595404091547,0.9858553495798941
2023-04-13,123.28054809570312,117.715744,5.670452694316487,56.32841928691425,7.505226131630828,3.5070595404091547,0.9858553495798941
2023-04-14,122.67401123046876,117.87492,5.670452694316487,56.32841928691425,7.505226131630828,3.5070595404091547,0.9858553495798941
2023-04-17,122.4622039794922,118.11628,5.670452694316487,56.32841928691425,7.505226131630828,3.5070595404091547,0.9858553495798941
2023-04-18,122.88581848144533,118.34607,5.670452694316487,56.32841928691425,7.505226131630828,3.5070595404091547,0.9858553495798941
2023-04-19,122.55847167968751,118.93946,5.670452694316487,56.32841928691425,7.505226131630828,3.5070595404091547,0.9858553495798941
2023-04-20,122.13485717773436,119.62917,5.670452694316487,56.32841928691425,7.505226131630828,3.5070595404091547,0.9858553495798941
2023-04-21,128.9607696533203,120.28959,5.670452694316487,56.32841928691425,7.505226131630828,3.5070595404091547,0.9858553495798941
2023-04-24,127.6032943725586,121.8339,5.670452694316487,56.32841928691425,7.505226131630828,3.5070595404091547,0.9858553495798941
2023-04-25,128.4601593017578,121.25286,5.670452694316487,56.32841928691425,7.505226131630828,3.5070595404091547,0.9858553495798941
2023-04-26,128.3831329345703,121.569824,5.670452694316487,56.32841928691425,7.505226131630828,3.5070595404091547,0.9858553495798941
2023-04-27,131.56021118164062,121.4447,5.670452694316487,56.32841928691425,7.505226131630828,3.5070595404091547,0.9858553495798941
2023-04-28,130.23162841796875,124.820656,5.670452694316487,56.32841928691425,7.505226131630828,3.5070595404091547,0.9858553495798941
2023-05-01,129.47105407714844,126.111465,5.670452694316487,56.32841928691425,7.505226131630828,3.5070595404091547,0.9858553495798941
2023-05-02,129.3555145263672,125.508224,5.670452694316487,56.32841928691425,7.505226131630828,3.5070595404091547,0.9858553495798941
2023-05-03,130.7226104736328,125.65468,5.670452694316487,56.32841928691425,7.505226131630828,3.5070595404091547,0.9858553495798941
2023-05-04,129.09555053710938,126.221794,5.670452694316487,56.32841928691425,7.505226131630828,3.5070595404091547,0.9858553495798941
2023-05-05,129.74061584472656,126.921646,5.670452694316487,56.32841928691425,7.505226131630828,3.5070595404091547,0.9858553495798941
2023-05-08,130.7226104736328,127.02587,5.670452694316487,56.32841928691425,7.505226131630828,3.5070595404091547,0.9858553495798941
2023-05-09,129.66358947753906,127.124954,5.670452694316487,56.32841928691425,7.505226131630828,3.5070595404091547,0.9858553495798941
2023-05-10,129.80799865722656,126.57041,5.670452694316487,56.32841928691425,7.505226131630828,3.5070595404091547,0.9858553495798941
2023-05-11,128.71046447753906,126.026886,5.670452694316487,56.32841928691425,7.505226131630828,3.5070595404091547,0.9858553495798941
2023-05-12,128.78485107421875,126.82146,5.670452694316487,56.32841928691425,7.505226131630828,3.5070595404091547,0.9858553495798941
2023-05-15,128.5108184814453,126.128494,5.670452694316487,56.32841928691425,7.505226131630828,3.5070595404091547,0.9858553495798941
2023-05-16,130.331298828125,126.307846,5.670452694316487,56.32841928691425,7.505226131630828,3.5070595404091547,0.9858553495798941
2023-05-17,129.80276489257812,126.41516,5.670452694316487,56.32841928691425,7.505226131630828,3.5070595404091547,0.9858553495798941
2023-05-18,131.05557250976562,126.139015,5.670452694316487,56.32841928691425,7.505226131630828,3.5070595404091547,0.9858553495798941
2023-05-19,131.427490234375,127.17958,5.670452694316487,56.32841928691425,7.505226131630828,3.5070595404091547,0.9858553495798941
2023-05-22,130.45852661132812,127.74441,5.670452694316487,56.32841928691425,7.505226131630828,3.5070595404091547,0.9858553495798941
2023-05-23,127.07203674316408,127.85258,5.670452694316487,56.32841928691425,7.505226131630828,3.5070595404091547,0.9858553495798941
2023-05-24,126.4652099609375,128.38295,5.670452694316487,56.32841928691425,7.505226131630828,3.5070595404091547,0.9858553495798941
2023-05-25,126.69032287597656,127.61154,5.670452694316487,56.32841928691425,7.505226131630828,3.5070595404091547,0.9858553495798941
2023-05-26,128.61846923828125,127.39437,5.670452694316487,56.32841928691425,7.505226131630828,3.5070595404091547,0.9858553495798941
2023-05-30,127.47333526611327,127.49907,5.670452694316487,56.32841928691425,7.505226131630828,3.5070595404091547,0.9858553495798941
2023-05-31,127.66907501220705,126.21925,5.670452694316487,56.32841928691425,7.505226131630828,3.5070595404091547,0.9858553495798941
2023-06-01,129.36231994628906,126.03347,5.670452694316487,56.32841928691425,7.505226131630828,3.5070595404091547,0.9858553495798941
2023-06-02,130.14532470703125,125.217415,5.670452694316487,56.32841928691425,7.505226131630828,3.5070595404091547,0.9858553495798941
2023-06-05,128.70655822753906,126.474625,5.670452694316487,56.32841928691425,7.505226131630828,3.5070595404091547,0.9858553495798941
2023-06-06,129.03933715820312,127.12535,5.670452694316487,56.32841928691425,7.505226131630828,3.5070595404091547,0.9858553495798941
2023-06-07,128.90231323242188,127.02298,5.670452694316487,56.32841928691425,7.505226131630828,3.5070595404091547,0.9858553495798941
2023-06-08,130.38023376464844,126.93137,5.670452694316487,56.32841928691425,7.505226131630828,3.5070595404091547,0.9858553495798941
2023-06-09,129.900634765625,127.48846,5.670452694316487,56.32841928691425,7.505226131630828,3.5070595404091547,0.9858553495798941
2023-06-12,130.92832946777344,128.16698,5.670452694316487,56.32841928691425,7.505226131630828,3.5070595404091547,0.9858553495798941
2023-06-13,132.41604614257812,127.78181,5.670452694316487,56.32841928691425,7.505226131630828,3.5070595404091547,0.9858553495798941
2023-06-14,132.68031311035156,127.22985,5.670452694316487,56.32841928691425,7.505226131630828,3.5070595404091547,0.9858553495798941
2023-06-15,134.12887573242188,128.21252,5.670452694316487,56.32841928691425,7.505226131630828,3.5070595404091547,0.9858553495798941
2023-06-16,134.36378479003906,129.40228,5.670452694316487,56.32841928691425,7.505226131630828,3.5070595404091547,0.9858553495798941
2023-06-20,133.12074279785156,129.65953,5.670452694316487,56.32841928691425,7.505226131630828,3.5070595404091547,0.9858553495798941
2023-06-21,131.92666625976562,129.65,5.670452694316487,56.32841928691425,7.505226131630828,3.5070595404091547,0.9858553495798941
2023-06-22,132.2398681640625,129.10826,5.670452694316487,56.32841928691425,7.505226131630828,3.5070595404091547,0.9858553495798941
2023-06-23,130.63470458984375,129.2691,5.670452694316487,56.32841928691425,7.505226131630828,3.5070595404091547,0.9858553495798941
2023-06-26,129.61679077148438,128.8174,5.670452694316487,56.32841928691425,7.505226131630828,3.5070595404091547,0.9858553495798941
2023-06-27,130.18447875976562,128.5611,5.670452694316487,56.32841928691425,7.505226131630828,3.5070595404091547,0.9858553495798941
2023-06-28,131.41770935058594,127.46223,5.670452694316487,56.32841928691425,7.505226131630828,3.5070595404091547,0.9858553495798941
2023-06-29,131.5742950439453,128.15388,5.670452694316487,56.32841928691425,7.505226131630828,3.5070595404091547,0.9858553495798941
2023-06-30,133.90374755859375,129.14897,5.670452694316487,56.32841928691425,7.505226131630828,3.5070595404091547,0.9858553495798941
2023-07-03,131.6917724609375,128.28539,5.670452694316487,56.32841928691425,7.505226131630828,3.5070595404091547,0.9858553495798941
2023-07-05,131.54495239257812,128.0611,5.670452694316487,56.32841928691425,7.505226131630828,3.5070595404091547,0.9858553495798941
2023-07-06,129.61679077148438,128.63962,5.670452694316487,56.32841928691425,7.505226131630828,3.5070595404091547,0.9858553495798941
2023-07-07,130.42916870117188,128.07597,5.670452694316487,56.32841928691425,7.505226131630828,3.5070595404091547,0.9858553495798941
2023-07-10,132.01475524902344,127.806526,5.670452694316487,56.32841928691425,7.505226131630828,3.5070595404091547,0.9858553495798941
2023-07-11,133.42416381835938,128.03055,5.670452694316487,56.32841928691425,7.505226131630828,3.5070595404091547,0.9858553495798941
2023-07-12,137.5936737060547,128.98425,5.670452694316487,56.32841928691425,7.505226131630828,3.5070595404091547,0.9858553495798941
2023-07-13,140.90187072753906,130.36534,5.670452694316487,56.32841928691425,7.505226131630828,3.5070595404091547,0.9858553495798941
2023-07-14,141.28358459472656,131.83221,5.670452694316487,56.32841928691425,7.505226131630828,3.5070595404091547,0.9858553495798941
2023-07-17,141.9099884033203,133.1843,5.670452694316487,56.32841928691425,7.505226131630828,3.5070595404091547,0.9858553495798941
2023-07-18,141.83169555664062,133.80792,5.670452694316487,56.32841928691425,7.505226131630828,3.5070595404091547,0.9858553495798941
2023-07-19,139.96226501464844,133.88698,5.670452694316487,56.32841928691425,7.505226131630828,3.5070595404091547,0.9858553495798941
2023-07-20,131.08493041992188,134.29974,5.670452694316487,56.32841928691425,7.505226131630828,3.5070595404091547,0.9858553495798941
2023-07-21,131.1730194091797,132.6246,5.670452694316487,56.32841928691425,7.505226131630828,3.5070595404091547,0.9858553495798941
2023-07-24,129.57765197753906,132.44078,5.670452694316487,56.32841928691425,7.505226131630828,3.5070595404091547,0.9858553495798941
2023-07-25,129.79298400878906,132.05957,5.670452694316487,56.32841928691425,7.505226131630828,3.5070595404091547,0.9858553495798941
2023-07-26,129.52871704101562,132.46794,5.670452694316487,56.32841928691425,7.505226131630828,3.5070595404091547,0.9858553495798941
2023-07-27,131.2219696044922,130.20868,5.670452694316487,56.32841928691425,7.505226131630828,3.5070595404091547,0.9858553495798941
2023-07-28,133.90374755859375,129.49332,5.670452694316487,56.32841928691425,7.505226131630828,3.5070595404091547,0.9858553495798941
2023-07-31,133.4535369873047,129.56255,5.670452694316487,56.32841928691425,7.505226131630828,3.5070595404091547,0.9858553495798941
2023-08-01,133.49267578125,129.17055,5.670452694316487,56.32841928691425,7.505226131630828,3.5070595404091547,0.9858553495798941
2023-08-02,130.38023376464844,129.06169,5.670452694316487,56.32841928691425,7.505226131630828,3.5070595404091547,0.9858553495798941
2023-08-03,129.39169311523438,128.48434,5.670452694316487,56.32841928691425,7.505226131630828,3.5070595404091547,0.9858553495798941
2023-08-04,130.1355438232422,128.2589,5.670452694316487,56.32841928691425,7.505226131630828,3.5070595404091547,0.9858553495798941
2023-08-07,132.91522216796875,129.52629,5.670452694316487,56.32841928691425,7.505226131630828,3.5070595404091547,0.9858553495798941
2023-08-08,131.7700653076172,131.15479,5.670452694316487,56.32841928691425,7.505226131630828,3.5070595404091547,0.9858553495798941
2023-08-09,132.6411590576172,131.40443,5.670452694316487,56.32841928691425,7.505226131630828,3.5070595404091547,0.9858553495798941
2023-08-10,134.9608154296875,130.97455,5.670452694316487,56.32841928691425,7.505226131630828,3.5070595404091547,0.9858553495798941
2023-08-11,134.7259063720703,131.44424,5.670452694316487,56.32841928691425,7.505226131630828,3.5070595404091547,0.9858553495798941
2023-08-14,135.998291015625,132.87306,5.670452694316487,56.32841928691425,7.505226131630828,3.5070595404091547,0.9858553495798941
2023-08-15,134.76507568359375,132.6687,5.670452694316487,56.32841928691425,7.505226131630828,3.5070595404091547,0.9858553495798941
2023-08-16,134.50079345703125,131.26764,5.670452694316487,56.32841928691425,7.505226131630828,3.5070595404091547,0.9858553495798941
2023-08-17,131.48623657226562,130.47357,5.670452694316487,56.32841928691425,7.505226131630828,3.5070595404091547,0.9858553495798941
2023-08-18,132.48455810546875,129.52371,5.670452694316487,56.32841928691425,7.505226131630828,3.5070595404091547,0.9858553495798941
2023-08-21,133.80589294433594,129.87505,5.670452694316487,56.32841928691425,7.505226131630828,3.5070595404091547,0.9858553495798941
2023-08-22,135.5284881591797,129.95091,5.670452694316487,56.32841928691425,7.505226131630828,3.5070595404091547,0.9858553495798941
2023-08-23,137.16302490234375,130.43236,5.670452694316487,56.32841928691425,7.505226131630828,3.5070595404091547,0.9858553495798941
2023-08-24,132.6998748779297,131.14197,5.670452694316487,56.32841928691425,7.505226131630828,3.5070595404091547,0.9858553495798941
2023-08-25,134.53994750976562,131.35558,5.670452694316487,56.32841928691425,7.505226131630828,3.5070595404091547,0.9858553495798941
2023-08-28,135.40126037597656,131.28723,5.670452694316487,56.32841928691425,7.505226131630828,3.5070595404091547,0.9858553495798941
2023-08-29,137.07493591308594,131.73079,5.670452694316487,56.32841928691425,7.505226131630828,3.5070595404091547,0.9858553495798941
2023-08-30,137.65240478515625,133.01147,5.670452694316487,56.32841928691425,7.505226131630828,3.5070595404091547,0.9858553495798941
2023-08-31,136.7225799560547,132.03917,5.670452694316487,56.32841928691425,7.505226131630828,3.5070595404091547,0.9858553495798941
2023-09-01,135.2544403076172,130.62617,5.670452694316487,56.32841928691425,7.505226131630828,3.5070595404091547,0.9858553495798941
2023-09-05,134.7454833984375,131.77647,5.670452694316487,56.32841928691425,7.505226131630828,3.5070595404091547,0.9858553495798941
2023-09-06,135.7927703857422,132.67279,5.670452694316487,56.32841928691425,7.505226131630828,3.5070595404091547,0.9858553495798941
2023-09-07,136.97705078125,133.4586,5.670452694316487,56.32841928691425,7.505226131630828,3.5070595404091547,0.9858553495798941
2023-09-08,137.47622680664062,133.66876,5.670452694316487,56.32841928691425,7.505226131630828,3.5070595404091547,0.9858553495798941
2023-09-11,136.213623046875,132.52861,5.670452694316487,56.32841928691425,7.505226131630828,3.5070595404091547,0.9858553495798941
2023-09-12,132.37689208984375,132.341,5.670452694316487,56.32841928691425,7.505226131630828,3.5070595404091547,0.9858553495798941
2023-09-13,132.86627197265625,131.55963,5.670452694316487,56.32841928691425,7.505226131630828,3.5070595404091547,0.9858553495798941
2023-09-14,133.10118103027344,131.8922,5.670452694316487,56.32841928691425,7.505226131630828,3.5070595404091547,0.9858553495798941
2023-09-15,132.36712646484375,130.88141,5.670452694316487,56.32841928691425,7.505226131630828,3.5070595404091547,0.9858553495798941
2023-09-18,132.36712646484375,130.2329,5.670452694316487,56.32841928691425,7.505226131630828,3.5070595404091547,0.9858553495798941
2023-09-19,131.8385772705078,130.56804,5.670452694316487,56.32841928691425,7.505226131630828,3.5070595404091547,0.9858553495798941
2023-09-20,130.69342041015625,130.66347,5.670452694316487,56.32841928691425,7.505226131630828,3.5070595404091547,0.9858553495798941
2023-09-21,128.373779296875,130.88878,5.670452694316487,56.32841928691425,7.505226131630828,3.5070595404091547,0.9858553495798941
2023-09-22,129.83212280273438,129.657,5.670452694316487,56.32841928691425,7.505226131630828,3.5070595404091547,0.9858553495798941
2023-09-25,129.14700317382812,129.59727,5.670452694316487,56.32841928691425,7.505226131630828,3.5070595404091547,0.9858553495798941
2023-09-26,124.47832489013672,128.28754,5.670452694316487,56.32841928691425,7.505226131630828,3.5070595404091547,0.9858553495798941
2023-09-27,124.96770477294922,126.412125,5.670452694316487,56.32841928691425,7.505226131630828,3.5070595404091547,0.9858553495798941
2023-09-28,125.23196411132812,127.66997,5.670452694316487,56.32841928691425,7.505226131630828,3.5070595404091547,0.9858553495798941
2023-09-29,126.5728759765625,128.24475,5.670452694316487,56.32841928691425,7.505226131630828,3.5070595404091547,0.9858553495798941
2023-10-02,125.82901000976562,128.85542,5.670452694316487,56.32841928691425,7.505226131630828,3.5070595404091547,0.9858553495798941
2023-10-03,125.22218322753906,127.086296,5.670452694316487,56.32841928691425,7.505226131630828,3.5070595404091547,0.9858553495798941
2023-10-04,126.1911392211914,126.36789,5.670452694316487,56.32841928691425,7.505226131630828,3.5070595404091547,0.9858553495798941
2023-10-05,126.80776977539061,126.42337,5.670452694316487,56.32841928691425,7.505226131630828,3.5070595404091547,0.9858553495798941
2023-10-06,128.1388702392578,126.014656,5.670452694316487,56.32841928691425,7.505226131630828,3.5070595404091547,0.9858553495798941
2023-10-09,127.1503448486328,125.82522,5.670452694316487,56.32841928691425,7.505226131630828,3.5070595404091547,0.9858553495798941
2023-10-10,128.41293334960938,124.15415,5.670452694316487,56.32841928691425,7.505226131630828,3.5070595404091547,0.9858553495798941
2023-10-11,129.57765197753906,123.88818,5.670452694316487,56.32841928691425,7.505226131630828,3.5070595404091547,0.9858553495798941
2023-10-12,128.8631591796875,124.68085,5.670452694316487,56.32841928691425,7.505226131630828,3.5070595404091547,0.9858553495798941
2023-10-13,126.05412292480467,126.805664,5.670452694316487,56.32841928691425,7.505226131630828,3.5070595404091547,0.9858553495798941
2023-10-16,127.92354583740234,126.61379,5.670452694316487,56.32841928691425,7.505226131630828,3.5070595404091547,0.9858553495798941
2023-10-17,127.71802520751952,126.353676,5.670452694316487,56.32841928691425,7.505226131630828,3.5070595404091547,0.9858553495798941
2023-10-18,124.8991928100586,126.20847,5.670452694316487,56.32841928691425,7.505226131630828,3.5070595404091547,0.9858553495798941
2023-10-19,130.54661560058594,124.71509,5.670452694316487,56.32841928691425,7.505226131630828,3.5070595404091547,0.9858553495798941
2023-10-20,127.92354583740234,124.997314,5.670452694316487,56.32841928691425,7.505226131630828,3.5070595404091547,0.9858553495798941
2023-10-23,129.39169311523438,124.697205,5.670452694316487,56.32841928691425,7.505226131630828,3.5070595404091547,0.9858553495798941
2023-10-24,130.83045959472656,124.805336,5.670452694316487,56.32841928691425,7.505226131630828,3.5070595404091547,0.9858553495798941
2023-10-25,127.933349609375,123.900085,5.670452694316487,56.32841928691425,7.505226131630828,3.5070595404091547,0.9858553495798941
2023-10-26,128.43251037597656,125.341934,5.670452694316487,56.32841928691425,7.505226131630828,3.5070595404091547,0.9858553495798941
2023-10-27,128.59890747070312,124.5313,5.670452694316487,56.32841928691425,7.505226131630828,3.5070595404091547,0.9858553495798941
2023-10-30,130.81088256835938,124.34759,5.670452694316487,56.32841928691425,7.505226131630828,3.5070595404091547,0.9858553495798941
2023-10-31,131.15345764160156,126.372215,5.670452694316487,56.32841928691425,7.505226131630828,3.5070595404091547,0.9858553495798941
2023-11-01,133.18927001953125,126.59006,5.670452694316487,56.32841928691425,7.505226131630828,3.5070595404091547,0.9858553495798941
2023-11-02,135.63616943359375,126.84194,5.670452694316487,56.32841928691425,7.505226131630828,3.5070595404091547,0.9858553495798941
2023-11-03,136.0276641845703,126.56927,5.670452694316487,56.32841928691425,7.505226131630828,3.5070595404091547,0.9858553495798941
2023-11-06,135.60679626464844,127.79823,5.670452694316487,56.32841928691425,7.505226131630828,3.5070595404091547,0.9858553495798941
2023-11-07,137.67196655273438,128.26653,5.670452694316487,56.32841928691425,7.505226131630828,3.5070595404091547,0.9858553495798941
2023-11-08,139.14990234375,128.48955,5.670452694316487,56.32841928691425,7.505226131630828,3.5070595404091547,0.9858553495798941
2023-11-09,139.42393493652344,130.3973,5.670452694316487,56.32841928691425,7.505226131630828,3.5070595404091547,0.9858553495798941
2023-11-10,142.0176544189453,131.31538,5.670452694316487,56.32841928691425,7.505226131630828,3.5070595404091547,0.9858553495798941
2023-11-13,141.9491424560547,132.24329,5.670452694316487,56.32841928691425,7.505226131630828,3.5070595404091547,0.9858553495798941
2023-11-14,144.52328491210938,132.7662,5.670452694316487,56.32841928691425,7.505226131630828,3.5070595404091547,0.9858553495798941
2023-11-15,145.36500549316406,133.43933,5.670452694316487,56.32841928691425,7.505226131630828,3.5070595404091547,0.9858553495798941
2023-11-16,145.43350219726562,134.72565,5.670452694316487,56.32841928691425,7.505226131630828,3.5070595404091547,0.9858553495798941
2023-11-17,146.76463317871094,135.81209,5.670452694316487,56.32841928691425,7.505226131630828,3.5070595404091547,0.9858553495798941
2023-11-20,150.04347229003906,136.72562,5.670452694316487,56.32841928691425,7.505226131630828,3.5070595404091547,0.9858553495798941
2023-11-21,149.26046752929688,137.973,5.670452694316487,56.32841928691425,7.505226131630828,3.5070595404091547,0.9858553495798941
2023-11-22,149.9064483642578,138.84442,5.670452694316487,56.32841928691425,7.505226131630828,3.5070595404091547,0.9858553495798941
2023-11-24,150.91456604003906,140.35124,5.670452694316487,56.32841928691425,7.505226131630828,3.5070595404091547,0.9858553495798941
2023-11-27,151.6486358642578,140.72987,5.670452694316487,56.32841928691425,7.505226131630828,3.5070595404091547,0.9858553495798941
2023-11-28,152.979736328125,141.72614,5.670452694316487,56.32841928691425,7.505226131630828,3.5070595404091547,0.9858553495798941
2023-11-29,155.26023864746094,143.19377,5.670452694316487,56.32841928691425,7.505226131630828,3.5070595404091547,0.9858553495798941
2023-11-30,155.73982238769534,144.49466,5.670452694316487,56.32841928691425,7.505226131630828,3.5070595404091547,0.9858553495798941
2023-12-01,156.68922424316406,144.92917,5.670452694316487,56.32841928691425,7.505226131630828,3.5070595404091547,0.9858553495798941
2023-12-04,155.88664245605466,146.5181,5.670452694316487,56.32841928691425,7.505226131630828,3.5070595404091547,0.9858553495798941
2023-12-05,155.97473144531247,147.57954,5.670452694316487,56.32841928691425,7.505226131630828,3.5070595404091547,0.9858553495798941
2023-12-06,154.7415008544922,149.3657,5.670452694316487,56.32841928691425,7.505226131630828,3.5070595404091547,0.9858553495798941
2023-12-07,155.95515441894528,149.60672,5.670452694316487,56.32841928691425,7.505226131630828,3.5070595404091547,0.9858553495798941
2023-12-08,156.7577362060547,149.04578,5.670452694316487,56.32841928691425,7.505226131630828,3.5070595404091547,0.9858553495798941
2023-12-11,155.7496337890625,149.71326,5.670452694316487,56.32841928691425,7.505226131630828,3.5070595404091547,0.9858553495798941
2023-12-12,154.89808654785156,150.6438,5.670452694316487,56.32841928691425,7.505226131630828,3.5070595404091547,0.9858553495798941
2023-12-13,156.3760223388672,150.34383,5.670452694316487,56.32841928691425,7.505226131630828,3.5070595404091547,0.9858553495798941
2023-12-14,152.69589233398438,151.72942,5.670452694316487,56.32841928691425,7.505226131630828,3.5070595404091547,0.9858553495798941
2023-12-15,150.2392120361328,151.83907,5.670452694316487,56.32841928691425,7.505226131630828,3.5070595404091547,0.9858553495798941
2023-12-18,151.60946655273438,151.19551,5.670452694316487,56.32841928691425,7.505226131630828,3.5070595404091547,0.9858553495798941
2023-12-19,151.78564453125,151.03105,5.670452694316487,56.32841928691425,7.505226131630828,3.5070595404091547,0.9858553495798941
2023-12-20,147.92933654785156,151.13583,5.670452694316487,56.32841928691425,7.505226131630828,3.5070595404091547,0.9858553495798941
2023-12-21,148.94725036621094,149.50027,5.670452694316487,56.32841928691425,7.505226131630828,3.5070595404091547,0.9858553495798941
2023-12-22,149.45620727539062,149.54199,5.670452694316487,56.32841928691425,7.505226131630828,3.5070595404091547,0.9858553495798941
2023-12-26,149.92599487304688,149.64842,5.670452694316487,56.32841928691425,7.505226131630828,3.5070595404091547,0.9858553495798941
2023-12-27,152.58822631835938,150.19176,5.670452694316487,56.32841928691425,7.505226131630828,3.5070595404091547,0.9858553495798941
2023-12-28,151.05157470703125,151.63437,5.670452694316487,56.32841928691425,7.505226131630828,3.5070595404091547,0.9858553495798941
2023-12-29,151.30606079101562,150.72691,5.670452694316487,56.32841928691425,7.505226131630828,3.5070595404091547,0.9858553495798941
2024-01-02,147.0191192626953,150.6703,5.670452694316487,56.32841928691425,7.505226131630828,3.5070595404091547,0.9858553495798941
2024-01-03,146.60801696777344,149.28697,5.670452694316487,56.32841928691425,7.505226131630828,3.5070595404091547,0.9858553495798941
2024-01-04,145.36500549316406,149.7498,5.670452694316487,56.32841928691425,7.505226131630828,3.5070595404091547,0.9858553495798941
2024-01-05,146.66676330566406,149.49591,5.670452694316487,56.32841928691425,7.505226131630828,3.5070595404091547,0.9858553495798941
2024-01-08,149.31918334960938,148.5921,5.670452694316487,56.32841928691425,7.505226131630828,3.5070595404091547,0.9858553495798941
2024-01-09,148.9178924560547,148.3427,5.670452694316487,56.32841928691425,7.505226131630828,3.5070595404091547,0.9858553495798941
2024-01-10,152.52951049804688,147.88936,5.670452694316487,56.32841928691425,7.505226131630828,3.5070595404091547,0.9858553495798941
2024-01-11,153.18527221679688,148.70895,5.670452694316487,56.32841928691425,7.505226131630828,3.5070595404091547,0.9858553495798941
2024-01-12,155.17214965820312,148.6628,5.670452694316487,56.32841928691425,7.505226131630828,3.5070595404091547,0.9858553495798941
2024-01-16,153.4886932373047,149.04251,5.670452694316487,56.32841928691425,7.505226131630828,3.5070595404091547,0.9858553495798941
2024-01-17,154.42828369140625,148.3641,5.670452694316487,56.32841928691425,7.505226131630828,3.5070595404091547,0.9858553495798941
2024-01-18,157.02200317382812,149.28482,5.670452694316487,56.32841928691425,7.505226131630828,3.5070595404091547,0.9858553495798941
2024-01-19,159.97784423828122,150.05956,5.670452694316487,56.32841928691425,7.505226131630828,3.5070595404091547,0.9858553495798941
2024-01-22,159.74295043945312,151.21022,5.670452694316487,56.32841928691425,7.505226131630828,3.5070595404091547,0.9858553495798941
2024-01-23,159.9093475341797,151.975,5.670452694316487,56.32841928691425,7.505226131630828,3.5070595404091547,0.9858553495798941
2024-01-24,170.90077209472656,152.17378,5.670452694316487,56.32841928691425,7.505226131630828,3.5070595404091547,0.9858553495798941
2024-01-25,169.75563049316406,155.11539,5.670452694316487,56.32841928691425,7.505226131630828,3.5070595404091547,0.9858553495798941
2024-01-26,169.9905242919922,157.1599,5.670452694316487,56.32841928691425,7.505226131630828,3.5070595404091547,0.9858553495798941
2024-01-29,172.59400939941406,157.82474,5.670452694316487,56.32841928691425,7.505226131630828,3.5070595404091547,0.9858553495798941
2024-01-30,171.99697875976562,158.49396,5.670452694316487,56.32841928691425,7.505226131630828,3.5070595404091547,0.9858553495798941
2024-01-31,169.42286682128906,159.41454,5.670452694316487,56.32841928691425,7.505226131630828,3.5070595404091547,0.9858553495798941
2024-02-01,173.4553375244141,159.20653,5.670452694316487,56.32841928691425,7.505226131630828,3.5070595404091547,0.9858553495798941
2024-02-02,173.2987365722656,160.97047,5.670452694316487,56.32841928691425,7.505226131630828,3.5070595404091547,0.9858553495798941
2024-02-05,173.27915954589847,162.18062,5.670452694316487,56.32841928691425,7.505226131630828,3.5070595404091547,0.9858553495798941
2024-02-06,174.99197387695312,162.18726,5.670452694316487,56.32841928691425,7.505226131630828,3.5070595404091547,0.9858553495798941
2024-02-07,177.33119201660156,162.57361,5.670452694316487,56.32841928691425,7.505226131630828,3.5070595404091547,0.9858553495798941
2024-02-08,177.31163024902344,165.44788,5.670452694316487,56.32841928691425,7.505226131630828,3.5070595404091547,0.9858553495798941
2024-02-09,177.69335937499997,166.0919,5.670452694316487,56.32841928691425,7.505226131630828,3.5070595404091547,0.9858553495798941
2024-02-12,175.57923889160156,166.0206,5.670452694316487,56.32841928691425,7.505226131630828,3.5070595404091547,0.9858553495798941
2024-02-13,170.2841491699219,165.66217,5.670452694316487,56.32841928691425,7.505226131630828,3.5070595404091547,0.9858553495798941
2024-02-14,173.7000274658203,166.75668,5.670452694316487,56.32841928691425,7.505226131630828,3.5070595404091547,0.9858553495798941
2024-02-15,173.82727050781253,166.9749,5.670452694316487,56.32841928691425,7.505226131630828,3.5070595404091547,0.9858553495798941
2024-02-16,173.15191650390625,167.10321,5.670452694316487,56.32841928691425,7.505226131630828,3.5070595404091547,0.9858553495798941
2024-02-20,172.8485107421875,168.13295,5.670452694316487,56.32841928691425,7.505226131630828,3.5070595404091547,0.9858553495798941
2024-02-21,172.1829376220703,167.0909,5.670452694316487,56.32841928691425,7.505226131630828,3.5070595404091547,0.9858553495798941
2024-02-22,177.83038330078128,168.0613,5.670452694316487,56.32841928691425,7.505226131630828,3.5070595404091547,0.9858553495798941
2024-02-23,180.3066253662109,171.4038,5.670452694316487,56.32841928691425,7.505226131630828,3.5070595404091547,0.9858553495798941
2024-02-26,183.5267333984375,173.09602,5.670452694316487,56.32841928691425,7.505226131630828,3.5070595404091547,0.9858553495798941
2024-02-27,185.1514892578125,173.37982,5.670452694316487,56.32841928691425,7.505226131630828,3.5070595404091547,0.9858553495798941
2024-02-28,182.70458984375,173.29865,5.670452694316487,56.32841928691425,7.505226131630828,3.5070595404091547,0.9858553495798941
2024-02-29,183.87908935546875,172.78513,5.670452694316487,56.32841928691425,7.505226131630828,3.5070595404091547,0.9858553495798941
2024-03-01,184.5250701904297,175.29591,5.670452694316487,56.32841928691425,7.505226131630828,3.5070595404091547,0.9858553495798941
2024-03-04,186.7664337158203,179.16292,5.670452694316487,56.32841928691425,7.505226131630828,3.5070595404091547,0.9858553495798941
2024-03-05,183.47779846191406,181.5701,5.670452694316487,56.32841928691425,7.505226131630828,3.5070595404091547,0.9858553495798941
2024-03-06,186.62939453125,178.52547,5.670452694316487,56.32841928691425,7.505226131630828,3.5070595404091547,0.9858553495798941
2024-03-07,191.41552734375,181.46709,5.670452694316487,56.32841928691425,7.505226131630828,3.5070595404091547,0.9858553495798941
2024-03-08,188.8903350830078,185.3101,5.670452694316487,56.32841928691425,7.505226131630828,3.5070595404091547,0.9858553495798941
2024-03-11,185.79747009277344,184.62761,5.670452694316487,56.32841928691425,7.505226131630828,3.5070595404091547,0.9858553495798941
2024-03-12,189.7124938964844,182.10822,5.670452694316487,56.32841928691425,7.505226131630828,3.5070595404091547,0.9858553495798941
2024-03-13,188.4205322265625,182.20627,5.670452694316487,56.32841928691425,7.505226131630828,3.5070595404091547,0.9858553495798941
2024-03-14,186.4042816162109,182.41193,5.670452694316487,56.32841928691425,7.505226131630828,3.5070595404091547,0.9858553495798941
2024-03-15,184.3097381591797,181.83089,5.670452694316487,56.32841928691425,7.505226131630828,3.5070595404091547,0.9858553495798941
2024-03-18,182.802474975586,180.98717,5.670452694316487,56.32841928691425,7.505226131630828,3.5070595404091547,0.9858553495798941
2024-03-19,184.7012481689453,181.39832,5.670452694316487,56.32841928691425,7.505226131630828,3.5070595404091547,0.9858553495798941
2024-03-20,186.33578491210935,181.91309,5.670452694316487,56.32841928691425,7.505226131630828,3.5070595404091547,0.9858553495798941
2024-03-21,190.6716766357422,183.11713,5.670452694316487,56.32841928691425,7.505226131630828,3.5070595404091547,0.9858553495798941
2024-03-22,191.2001953125,183.56337,5.670452694316487,56.32841928691425,7.505226131630828,3.5070595404091547,0.9858553495798941
2024-03-25,191.13168334960935,182.38538,5.670452694316487,56.32841928691425,7.505226131630828,3.5070595404091547,0.9858553495798941
2024-03-26,192.48237609863278,182.8769,5.670452694316487,56.32841928691425,7.505226131630828,3.5070595404091547,0.9858553495798941
2024-03-27,192.9032287597656,183.32706,5.670452694316487,56.32841928691425,7.505226131630828,3.5070595404091547,0.9858553495798941
2024-03-28,190.88699340820312,186.04042,5.670452694316487,56.32841928691425,7.505226131630828,3.5070595404091547,0.9858553495798941
2024-04-01,191.86575317382807,185.81427,5.670452694316487,56.32841928691425,7.505226131630828,3.5070595404091547,0.9858553495798941
2024-04-02,188.038818359375,185.369,5.670452694316487,56.32841928691425,7.505226131630828,3.5070595404091547,0.9858553495798941
2024-04-03,189.1350250244141,186.91272,5.670452694316487,56.32841928691425,7.505226131630828,3.5070595404091547,0.9858553495798941
2024-04-04,186.9719696044922,186.47955,5.670452694316487,56.32841928691425,7.505226131630828,3.5070595404091547,0.9858553495798941
2024-04-05,187.7451934814453,185.40475,5.670452694316487,56.32841928691425,7.505226131630828,3.5070595404091547,0.9858553495798941
2024-04-08,187.55923461914065,186.02809,5.670452694316487,56.32841928691425,7.505226131630828,3.5070595404091547,0.9858553495798941
2024-04-09,183.89866638183597,183.98822,5.670452694316487,56.32841928691425,7.505226131630828,3.5070595404091547,0.9858553495798941
2024-04-10,180.3066253662109,183.3046,5.670452694316487,56.32841928691425,7.505226131630828,3.5070595404091547,0.9858553495798941
2024-04-11,181.72581481933597,183.29008,5.670452694316487,56.32841928691425,7.505226131630828,3.5070595404091547,0.9858553495798941
2024-04-12,176.939697265625,182.49892,5.670452694316487,56.32841928691425,7.505226131630828,3.5070595404091547,0.9858553495798941
2024-04-15,176.40138244628906,180.43819,5.670452694316487,56.32841928691425,7.505226131630828,3.5070595404091547,0.9858553495798941
2024-04-16,176.72438049316406,180.3013,5.670452694316487,56.32841928691425,7.505226131630828,3.5070595404091547,0.9858553495798941
2024-04-17,176.1175537109375,178.54889,5.670452694316487,56.32841928691425,7.505226131630828,3.5070595404091547,0.9858553495798941
2024-04-18,174.8451690673828,177.00127,5.670452694316487,56.32841928691425,7.505226131630828,3.5070595404091547,0.9858553495798941
2024-04-19,172.0361328125,177.49321,5.670452694316487,56.32841928691425,7.505226131630828,3.5070595404091547,0.9858553495798941
2024-04-22,174.3949279785156,177.72926,5.670452694316487,56.32841928691425,7.505226131630828,3.5070595404091547,0.9858553495798941
2024-04-23,184.01611328125,176.05188,5.670452694316487,56.32841928691425,7.505226131630828,3.5070595404091547,0.9858553495798941
2024-04-24,184.07485961914065,178.2976,5.670452694316487,56.32841928691425,7.505226131630828,3.5070595404091547,0.9858553495798941
2024-04-25,181.15814208984372,178.55992,5.670452694316487,56.32841928691425,7.505226131630828,3.5070595404091547,0.9858553495798941
2024-04-26,182.22499084472656,177.27458,5.670452694316487,56.32841928691425,7.505226131630828,3.5070595404091547,0.9858553495798941
2024-04-29,179.86619567871094,177.23842,5.670452694316487,56.32841928691425,7.505226131630828,3.5070595404091547,0.9858553495798941
2024-04-30,177.36058044433594,178.25542,5.670452694316487,56.32841928691425,7.505226131630828,3.5070595404091547,0.9858553495798941
2024-05-01,176.2447967529297,178.78711,5.670452694316487,56.32841928691425,7.505226131630828,3.5070595404091547,0.9858553495798941
2024-05-02,176.8026885986328,176.98955,5.670452694316487,56.32841928691425,7.505226131630828,3.5070595404091547,0.9858553495798941
2024-05-03,179.552978515625,176.1474,5.670452694316487,56.32841928691425,7.505226131630828,3.5070595404091547,0.9858553495798941
2024-05-06,181.4713592529297,175.53654,5.670452694316487,56.32841928691425,7.505226131630828,3.5070595404091547,0.9858553495798941
2024-05-07,183.55610656738278,175.96214,5.670452694316487,56.32841928691425,7.505226131630828,3.5070595404091547,0.9858553495798941
2024-05-08,186.2672576904297,176.40732,5.670452694316487,56.32841928691425,7.505226131630828,3.5070595404091547,0.9858553495798941
2024-05-09,187.91157531738278,176.05449,5.670452694316487,56.32841928691425,7.505226131630828,3.5070595404091547,0.9858553495798941
2024-05-10,186.01278686523438,175.68486,5.670452694316487,56.32841928691425,7.505226131630828,3.5070595404091547,0.9858553495798941
2024-05-13,185.9246978759766,174.90256,5.670452694316487,56.32841928691425,7.505226131630828,3.5070595404091547,0.9858553495798941
2024-05-14,185.6702117919922,178.29414,5.670452694316487,56.32841928691425,7.505226131630828,3.5070595404091547,0.9858553495798941
2024-05-15,188.3520202636719,179.55968,5.670452694316487,56.32841928691425,7.505226131630828,3.5070595404091547,0.9858553495798941
2024-05-16,188.96150207519534,179.29352,5.670452694316487,56.32841928691425,7.505226131630828,3.5070595404091547,0.9858553495798941
2024-05-17,191.07241821289065,179.67805,5.670452694316487,56.32841928691425,7.505226131630828,3.5070595404091547,0.9858553495798941
2024-05-20,193.55001831054685,181.52565,5.670452694316487,56.32841928691425,7.505226131630828,3.5070595404091547,0.9858553495798941
2024-05-21,192.9752197265625,181.46361,5.670452694316487,56.32841928691425,7.505226131630828,3.5070595404091547,0.9858553495798941
2024-05-22,192.17247009277344,182.19763,5.670452694316487,56.32841928691425,7.505226131630828,3.5070595404091547,0.9858553495798941
2024-05-23,193.2725372314453,182.9671,5.670452694316487,56.32841928691425,7.505226131630828,3.5070595404091547,0.9858553495798941
2024-05-24,193.6293029785156,184.47527,5.670452694316487,56.32841928691425,7.505226131630828,3.5070595404091547,0.9858553495798941
2024-05-28,190.79493713378903,183.86348,5.670452694316487,56.32841928691425,7.505226131630828,3.5070595404091547,0.9858553495798941
2024-05-29,188.6641845703125,182.9651,5.670452694316487,56.32841928691425,7.505226131630828,3.5070595404091547,0.9858553495798941
2024-05-30,178.63487243652344,182.9233,5.670452694316487,56.32841928691425,7.505226131630828,3.5070595404091547,0.9858553495798941
2024-05-31,180.8052520751953,180.74059,5.670452694316487,56.32841928691425,7.505226131630828,3.5070595404091547,0.9858553495798941
2024-06-03,182.5891265869141,180.21793,5.670452694316487,56.32841928691425,7.505226131630828,3.5070595404091547,0.9858553495798941
2024-06-04,182.56930541992185,179.59496,5.670452694316487,56.32841928691425,7.505226131630828,3.5070595404091547,0.9858553495798941
2024-06-05,187.0587158203125,179.26222,5.670452694316487,56.32841928691425,7.505226131630828,3.5070595404091547,0.9858553495798941
2024-06-06,191.3102569580078,179.63525,5.670452694316487,56.32841928691425,7.505226131630828,3.5070595404091547,0.9858553495798941
2024-06-07,189.38766479492188,180.81148,5.670452694316487,56.32841928691425,7.505226131630828,3.5070595404091547,0.9858553495798941
2024-06-10,188.53536987304688,181.28911,5.670452694316487,56.32841928691425,7.505226131630828,3.5070595404091547,0.9858553495798941
2024-06-11,187.0487976074219,183.291,5.670452694316487,56.32841928691425,7.505226131630828,3.5070595404091547,0.9858553495798941
2024-06-12,195.43298339843753,182.47897,5.670452694316487,56.32841928691425,7.505226131630828,3.5070595404091547,0.9858553495798941
2024-06-13,190.69581604003903,184.26544,5.670452694316487,56.32841928691425,7.505226131630828,3.5070595404091547,0.9858553495798941
2024-06-14,186.13705444335938,184.08372,5.670452694316487,56.32841928691425,7.505226131630828,3.5070595404091547,0.9858553495798941
2024-06-17,188.3173370361328,184.0243,5.670452694316487,56.32841928691425,7.505226131630828,3.5070595404091547,0.9858553495798941
2024-06-18,186.92987060546875,185.37328,5.670452694316487,56.32841928691425,7.505226131630828,3.5070595404091547,0.9858553495798941
2024-06-20,189.75433349609372,188.411,5.670452694316487,56.32841928691425,7.505226131630828,3.5070595404091547,0.9858553495798941
2024-06-21,192.4202423095703,187.85312,5.670452694316487,56.32841928691425,7.505226131630828,3.5070595404091547,0.9858553495798941
2024-06-24,189.9723663330078,186.56421,5.670452694316487,56.32841928691425,7.505226131630828,3.5070595404091547,0.9858553495798941
2024-06-25,193.986083984375,185.56859,5.670452694316487,56.32841928691425,7.505226131630828,3.5070595404091547,0.9858553495798941
2024-06-26,196.8105316162109,183.75253,5.670452694316487,56.32841928691425,7.505226131630828,3.5070595404091547,0.9858553495798941
2024-06-27,198.95118713378906,185.38393,5.670452694316487,56.32841928691425,7.505226131630828,3.5070595404091547,0.9858553495798941
2024-06-28,199.90258789062503,187.45139,5.670452694316487,56.32841928691425,7.505226131630828,3.5070595404091547,0.9858553495798941
2024-07-01,197.6331024169922,186.9303,5.670452694316487,56.32841928691425,7.505226131630828,3.5070595404091547,0.9858553495798941
2024-07-02,196.80062866210935,186.74481,5.670452694316487,56.32841928691425,7.505226131630828,3.5070595404091547,0.9858553495798941
2024-07-03,201.2008514404297,187.34424,5.670452694316487,56.32841928691425,7.505226131630828,3.5070595404091547,0.9858553495798941
2024-07-05,204.0946807861328,191.55203,5.670452694316487,56.32841928691425,7.505226131630828,3.5070595404091547,0.9858553495798941
2024-07-08,200.972900390625,194.22627,5.670452694316487,56.32841928691425,7.505226131630828,3.5070595404091547,0.9858553495798941
2024-07-09,198.4853973388672,191.66104,5.670452694316487,56.32841928691425,7.505226131630828,3.5070595404091547,0.9858553495798941
2024-07-10,200.4773712158203,190.82501,5.670452694316487,56.32841928691425,7.505226131630828,3.5070595404091547,0.9858553495798941
2024-07-11,199.92239379882807,192.65259,5.670452694316487,56.32841928691425,7.505226131630828,3.5070595404091547,0.9858553495798941
2024-07-12,203.2721099853516,195.31697,5.670452694316487,56.32841928691425,7.505226131630828,3.5070595404091547,0.9858553495798941
2024-07-15,201.6864471435547,196.28665,5.670452694316487,56.32841928691425,7.505226131630828,3.5070595404091547,0.9858553495798941
2024-07-16,203.03425598144534,193.37099,5.670452694316487,56.32841928691425,7.505226131630828,3.5070595404091547,0.9858553495798941
2024-07-17,198.21780395507807,193.49536,5.670452694316487,56.32841928691425,7.505226131630828,3.5070595404091547,0.9858553495798941
2024-07-18,195.46272277832028,191.55566,5.670452694316487,56.32841928691425,7.505226131630828,3.5070595404091547,0.9858553495798941
2024-07-19,195.4429168701172,191.16014,5.670452694316487,56.32841928691425,7.505226131630828,3.5070595404091547,0.9858553495798941
2024-07-22,198.67369079589844,192.14522,5.670452694316487,56.32841928691425,7.505226131630828,3.5070595404091547,0.9858553495798941
2024-07-23,212.8356475830078,194.16322,5.670452694316487,56.32841928691425,7.505226131630828,3.5070595404091547,0.9858553495798941
2024-07-24,207.523666381836,195.56583,5.670452694316487,56.32841928691425,7.505226131630828,3.5070595404091547,0.9858553495798941
2024-07-25,208.9210357666016,195.39217,5.670452694316487,56.32841928691425,7.505226131630828,3.5070595404091547,0.9858553495798941
2024-07-26,211.53738403320312,195.99832,5.670452694316487,56.32841928691425,7.505226131630828,3.5070595404091547,0.9858553495798941
2024-07-29,207.32546997070312,198.35611,5.670452694316487,56.32841928691425,7.505226131630828,3.5070595404091547,0.9858553495798941
2024-07-30,204.9073181152344,201.06241,5.670452694316487,56.32841928691425,7.505226131630828,3.5070595404091547,0.9858553495798941
2024-07-31,209.70396423339847,200.9835,5.670452694316487,56.32841928691425,7.505226131630828,3.5070595404091547,0.9858553495798941
2024-08-01,203.71807861328122,201.58528,5.670452694316487,56.32841928691425,7.505226131630828,3.5070595404091547,0.9858553495798941
2024-08-02,202.88560485839844,201.0212,5.670452694316487,56.32841928691425,7.505226131630828,3.5070595404091547,0.9858553495798941
2024-08-05,197.24659729003906,199.60782,5.670452694316487,56.32841928691425,7.505226131630828,3.5070595404091547,0.9858553495798941
2024-08-06,199.92239379882807,198.1913,5.670452694316487,56.32841928691425,7.505226131630828,3.5070595404091547,0.9858553495798941
2024-08-07,199.78364562988284,200.15494,5.670452694316487,56.32841928691425,7.505226131630828,3.5070595404091547,0.9858553495798941
2024-08-08,204.4316253662109,197.38408,5.670452694316487,56.32841928691425,7.505226131630828,3.5070595404091547,0.9858553495798941
2024-08-09,206.66146850585935,199.0535,5.670452694316487,56.32841928691425,7.505226131630828,3.5070595404091547,0.9858553495798941
2024-08-12,204.13430786132807,198.28946,5.670452694316487,56.32841928691425,7.505226131630828,3.5070595404091547,0.9858553495798941
2024-08-13,209.1291656494141,199.09558,5.670452694316487,56.32841928691425,7.505226131630828,3.5070595404091547,0.9858553495798941
2024-08-14,210.64544677734372,198.73872,5.670452694316487,56.32841928691425,7.505226131630828,3.5070595404091547,0.9858553495798941
2024-08-15,213.0140380859375,198.75616,5.670452694316487,56.32841928691425,7.505226131630828,3.5070595404091547,0.9858553495798941
2024-08-16,214.23301696777344,202.33661,5.670452694316487,56.32841928691425,7.505226131630828,3.5070595404091547,0.9858553495798941
2024-08-19,217.0772857666016,201.47874,5.670452694316487,56.32841928691425,7.505226131630828,3.5070595404091547,0.9858553495798941
2024-08-20,215.8186798095703,203.0639,5.670452694316487,56.32841928691425,7.505226131630828,3.5070595404091547,0.9858553495798941
2024-08-21,216.9088134765625,206.60568,5.670452694316487,56.32841928691425,7.505226131630828,3.5070595404091547,0.9858553495798941
2024-08-22,215.30332946777344,207.57643,5.670452694316487,56.32841928691425,7.505226131630828,3.5070595404091547,0.9858553495798941
2024-08-23,217.18630981445312,208.64853,5.670452694316487,56.32841928691425,7.505226131630828,3.5070595404091547,0.9858553495798941
2024-08-26,213.92579650878903,210.28685,5.670452694316487,56.32841928691425,7.505226131630828,3.5070595404091547,0.9858553495798941
2024-08-27,215.87814331054688,207.78091,5.670452694316487,56.32841928691425,7.505226131630828,3.5070595404091547,0.9858553495798941
2024-08-28,214.9861907958984,210.07,5.670452694316487,56.32841928691425,7.505226131630828,3.5070595404091547,0.9858553495798941
2024-08-29,216.8196258544922,209.00264,5.670452694316487,56.32841928691425,7.505226131630828,3.5070595404091547,0.9858553495798941
2024-08-30,217.7413024902344,207.6607,5.670452694316487,56.32841928691425,7.505226131630828,3.5070595404091547,0.9858553495798941
2024-09-03,214.55015563964844,204.96117,5.670452694316487,56.32841928691425,7.505226131630828,3.5070595404091547,0.9858553495798941
2024-09-04,213.4996337890625,205.99318,5.670452694316487,56.32841928691425,7.505226131630828,3.5070595404091547,0.9858553495798941
2024-09-05,210.69500732421875,206.88364,5.670452694316487,56.32841928691425,7.505226131630828,3.5070595404091547,0.9858553495798941
2024-09-06,209.43638610839844,206.32956,5.670452694316487,56.32841928691425,7.505226131630828,3.5070595404091547,0.9858553495798941
2024-09-09,212.0626373291016,207.7687,5.670452694316487,56.32841928691425,7.505226131630828,3.5070595404091547,0.9858553495798941
2024-09-10,212.003173828125,208.59024,5.670452694316487,56.32841928691425,7.505226131630828,3.5070595404091547,0.9858553495798941
2024-09-11,215.6700134277344,207.18916,5.670452694316487,56.32841928691425,7.505226131630828,3.5070595404091547,0.9858553495798941
2024-09-12,219.02963256835935,207.04738,5.670452694316487,56.32841928691425,7.505226131630828,3.5070595404091547,0.9858553495798941
2024-09-13,219.2972259521484,208.50652,5.670452694316487,56.32841928691425,7.505226131630828,3.5070595404091547,0.9858553495798941
2024-09-16,221.596435546875,210.87921,5.670452694316487,56.32841928691425,7.505226131630828,3.5070595404091547,0.9858553495798941
2024-09-17,220.0702362060547,213.1988,5.670452694316487,56.32841928691425,7.505226131630828,3.5070595404091547,0.9858553495798941
2024-09-18,219.891845703125,212.41193,5.670452694316487,56.32841928691425,7.505226131630828,3.5070595404091547,0.9858553495798941
2024-09-19,226.91831970214844,212.60516,5.670452694316487,56.32841928691425,7.505226131630828,3.5070595404091547,0.9858553495798941
2024-09-20,226.7597503662109,213.09727,5.670452694316487,56.32841928691425,7.505226131630828,3.5070595404091547,0.9858553495798941
2024-09-23,228.37515258789062,215.55824,5.670452694316487,56.32841928691425,7.505226131630828,3.5070595404091547,0.9858553495798941
2024-09-24,228.8607482910156,215.30614,5.670452694316487,56.32841928691425,7.505226131630828,3.5070595404091547,0.9858553495798941
2024-09-25,221.2891998291016,216.95233,5.670452694316487,56.32841928691425,7.505226131630828,3.5070595404091547,0.9858553495798941
2024-09-26,226.06602478027344,216.55826,5.670452694316487,56.32841928691425,7.505226131630828,3.5070595404091547,0.9858553495798941
2024-09-27,225.95701599121094,217.4148,5.670452694316487,56.32841928691425,7.505226131630828,3.5070595404091547,0.9858553495798941
2024-09-30,227.0471649169922,219.59143,5.670452694316487,56.32841928691425,7.505226131630828,3.5070595404091547,0.9858553495798941
2024-10-01,223.78663635253903,218.07704,5.670452694316487,56.32841928691425,7.505226131630828,3.5070595404091547,0.9858553495798941
2024-10-02,222.61721801757807,216.86372,5.670452694316487,56.32841928691425,7.505226131630828,3.5070595404091547,0.9858553495798941
2024-10-03,218.49447631835935,216.98334,5.670452694316487,56.32841928691425,7.505226131630828,3.5070595404091547,0.9858553495798941
2024-10-04,218.90081787109372,214.67117,5.670452694316487,56.32841928691425,7.505226131630828,3.5070595404091547,0.9858553495798941
2024-10-07,216.1754608154297,215.02098,5.670452694316487,56.32841928691425,7.505226131630828,3.5070595404091547,0.9858553495798941
2024-10-08,224.5992889404297,214.47696,5.670452694316487,56.32841928691425,7.505226131630828,3.5070595404091547,0.9858553495798941
2024-10-09,226.84893798828125,214.9867,5.670452694316487,56.32841928691425,7.505226131630828,3.5070595404091547,0.9858553495798941
2024-10-10,222.7559509277344,216.86832,5.670452694316487,56.32841928691425,7.505226131630828,3.5070595404091547,0.9858553495798941
2024-10-11,226.10565185546875,218.12881,5.670452694316487,56.32841928691425,7.505226131630828,3.5070595404091547,0.9858553495798941
2024-10-14,229.72296142578125,218.92302,5.670452694316487,56.32841928691425,7.505226131630828,3.5070595404091547,0.9858553495798941
2024-10-15,227.46339416503903,219.97153,5.670452694316487,56.32841928691425,7.505226131630828,3.5070595404091547,0.9858553495798941
2024-10-16,227.3841094970703,220.4923,5.670452694316487,56.32841928691425,7.505226131630828,3.5070595404091547,0.9858553495798941
2024-10-17,226.78947448730472,220.00949,5.670452694316487,56.32841928691425,7.505226131630828,3.5070595404091547,0.9858553495798941
2024-10-18,228.37515258789062,218.8208,5.670452694316487,56.32841928691425,7.505226131630828,3.5070595404091547,0.9858553495798941
2024-10-21,227.4237365722656,221.27373,5.670452694316487,56.32841928691425,7.505226131630828,3.5070595404091547,0.9858553495798941
2024-10-22,230.23831176757807,221.30473,5.670452694316487,56.32841928691425,7.505226131630828,3.5070595404091547,0.9858553495798941
2024-10-23,232.4879608154297,221.63763,5.670452694316487,56.32841928691425,7.505226131630828,3.5070595404091547,0.9858553495798941
2024-10-24,236.1647186279297,222.10309,5.670452694316487,56.32841928691425,7.505226131630828,3.5070595404091547,0.9858553495798941
2024-10-25,235.5601806640625,223.57275,5.670452694316487,56.32841928691425,7.505226131630828,3.5070595404091547,0.9858553495798941
2024-10-28,238.12696838378903,223.07565,5.670452694316487,56.32841928691425,7.505226131630828,3.5070595404091547,0.9858553495798941
2024-10-29,240.13877868652344,225.3214,5.670452694316487,56.32841928691425,7.505226131630828,3.5070595404091547,0.9858553495798941
2024-10-30,235.2232360839844,226.13646,5.670452694316487,56.32841928691425,7.505226131630828,3.5070595404091547,0.9858553495798941
2024-10-31,231.54647827148438,224.45961,5.670452694316487,56.32841928691425,7.505226131630828,3.5070595404091547,0.9858553495798941
2024-11-01,231.02122497558594,224.41115,5.670452694316487,56.32841928691425,7.505226131630828,3.5070595404091547,0.9858553495798941
2024-11-04,230.7437286376953,226.88498,5.670452694316487,56.32841928691425,7.505226131630828,3.5070595404091547,0.9858553495798941
2024-11-05,233.78620910644534,228.19589,5.670452694316487,56.32841928691425,7.505226131630828,3.5070595404091547,0.9858553495798941
2024-11-06,229.2274475097656,229.0323,5.670452694316487,56.32841928691425,7.505226131630828,3.5070595404091547,0.9858553495798941
2024-11-07,238.03778076171875,225.68727,5.670452694316487,56.32841928691425,7.505226131630828,3.5070595404091547,0.9858553495798941
2024-11-08,235.4313507080078,226.41907,5.670452694316487,56.32841928691425,7.505226131630828,3.5070595404091547,0.9858553495798941
2024-11-11,233.74658203125,226.34055,5.670452694316487,56.32841928691425,7.505226131630828,3.5070595404091547,0.9858553495798941
2024-11-12,232.36903381347656,226.36336,5.670452694316487,56.32841928691425,7.505226131630828,3.5070595404091547,0.9858553495798941
2024-11-13,227.9390869140625,225.97519,5.670452694316487,56.32841928691425,7.505226131630828,3.5070595404091547,0.9858553495798941
2024-11-14,229.3265380859375,227.16899,5.670452694316487,56.32841928691425,7.505226131630828,3.5070595404091547,0.9858553495798941
2024-11-15,226.2642364501953,225.65434,5.670452694316487,56.32841928691425,7.505226131630828,3.5070595404091547,0.9858553495798941
2024-11-18,229.2274475097656,224.6081,5.670452694316487,56.32841928691425,7.505226131630828,3.5070595404091547,0.9858553495798941
2024-11-19,231.11041259765625,224.53667,5.670452694316487,56.32841928691425,7.505226131630828,3.5070595404091547,0.9858553495798941
2024-11-20,232.9141082763672,225.16887,5.670452694316487,56.32841928691425,7.505226131630828,3.5070595404091547,0.9858553495798941
2024-11-21,233.91505432128903,226.23749,5.670452694316487,56.32841928691425,7.505226131630828,3.5070595404091547,0.9858553495798941
2024-11-22,234.13308715820312,225.72005,5.670452694316487,56.32841928691425,7.505226131630828,3.5070595404091547,0.9858553495798941
2024-11-25,231.71495056152344,226.59119,5.670452694316487,56.32841928691425,7.505226131630828,3.5070595404091547,0.9858553495798941
2024-11-26,232.9537506103516,227.93964,5.670452694316487,56.32841928691425,7.505226131630828,3.5070595404091547,0.9858553495798941
2024-11-27,229.9409942626953,225.10931,5.670452694316487,56.32841928691425,7.505226131630828,3.5070595404091547,0.9858553495798941
2024-11-29,235.4709930419922,226.09428,5.670452694316487,56.32841928691425,7.505226131630828,3.5070595404091547,0.9858553495798941
2024-12-02,239.42523193359372,228.29901,5.670452694316487,56.32841928691425,7.505226131630828,3.5070595404091547,0.9858553495798941
2024-12-03,241.71453857421875,227.673,5.670452694316487,56.32841928691425,7.505226131630828,3.5070595404091547,0.9858553495798941
2024-12-04,251.3375244140625,230.28294,5.670452694316487,56.32841928691425,7.505226131630828,3.5070595404091547,0.9858553495798941
2024-12-05,253.25022888183597,231.34695,5.670452694316487,56.32841928691425,7.505226131630828,3.5070595404091547,0.9858553495798941
2024-12-06,251.8627777099609,234.37024,5.670452694316487,56.32841928691425,7.505226131630828,3.5070595404091547,0.9858553495798941
2024-12-09,250.2771148681641,235.83394,5.670452694316487,56.32841928691425,7.505226131630828,3.5070595404091547,0.9858553495798941
2024-12-10,249.0779571533203,235.9156,5.670452694316487,56.32841928691425,7.505226131630828,3.5070595404091547,0.9858553495798941
2024-12-11,247.29408264160156,238.41043,5.670452694316487,56.32841928691425,7.505226131630828,3.5070595404091547,0.9858553495798941
2024-12-12,251.35736083984372,239.50566,5.670452694316487,56.32841928691425,7.505226131630828,3.5070595404091547,0.9858553495798941
2024-12-13,251.0303192138672,239.03352,5.670452694316487,56.32841928691425,7.505226131630828,3.5070595404091547,0.9858553495798941
2024-12-16,250.693359375,238.7573,5.670452694316487,56.32841928691425,7.505226131630828,3.5070595404091547,0.9858553495798941
2024-12-17,248.72119140625,239.0473,5.670452694316487,56.32841928691425,7.505226131630828,3.5070595404091547,0.9858553495798941
2024-12-18,242.25961303710932,237.72833,5.670452694316487,56.32841928691425,7.505226131630828,3.5070595404091547,0.9858553495798941
2024-12-19,243.48849487304688,238.35954,5.670452694316487,56.32841928691425,7.505226131630828,3.5070595404091547,0.9858553495798941
2024-12-20,245.6786956787109,237.75194,5.670452694316487,56.32841928691425,7.505226131630828,3.5070595404091547,0.9858553495798941
2024-12-23,246.63009643554688,238.33151,5.670452694316487,56.32841928691425,7.505226131630828,3.5070595404091547,0.9858553495798941
2024-12-24,251.3672637939453,237.27437,5.670452694316487,56.32841928691425,7.505226131630828,3.5070595404091547,0.9858553495798941
2024-12-26,251.2384185791016,237.62746,5.670452694316487,56.32841928691425,7.505226131630828,3.5070595404091547,0.9858553495798941
2024-12-27,247.9085235595703,237.19191,5.670452694316487,56.32841928691425,7.505226131630828,3.5070595404091547,0.9858553495798941
2024-12-30,246.6003570556641,237.82289,5.670452694316487,56.32841928691425,7.505226131630828,3.5070595404091547,0.9858553495798941
2024-12-31,244.00384521484372,239.26376,5.670452694316487,56.32841928691425,7.505226131630828,3.5070595404091547,0.9858553495798941
2025-01-02,240.9415283203125,240.13606,5.670452694316487,56.32841928691425,7.505226131630828,3.5070595404091547,0.9858553495798941
2025-01-03,239.2369384765625,241.19963,5.670452694316487,56.32841928691425,7.505226131630828,3.5070595404091547,0.9858553495798941
2025-01-06,244.83631896972653,241.12723,5.670452694316487,56.32841928691425,7.505226131630828,3.5070595404091547,0.9858553495798941
2025-01-07,247.27426147460935,242.11423,5.670452694316487,56.32841928691425,7.505226131630828,3.5070595404091547,0.9858553495798941
2025-01-08,251.21861267089844,241.78506,5.670452694316487,56.32841928691425,7.505226131630828,3.5070595404091547,0.9858553495798941
2025-01-10,249.2761688232422,240.63853,5.670452694316487,56.32841928691425,7.505226131630828,3.5070595404091547,0.9858553495798941
2025-01-13,247.29408264160156,238.62135,5.670452694316487,56.32841928691425,7.505226131630828,3.5070595404091547,0.9858553495798941
2025-01-14,251.22851562500003,238.63531,5.670452694316487,56.32841928691425,7.505226131630828,3.5070595404091547,0.9858553495798941
2025-01-15,259.4442443847656,241.03181,5.670452694316487,56.32841928691425,7.505226131630828,3.5070595404091547,0.9858553495798941
2025-01-16,259.2361145019531,245.5219,5.670452694316487,56.32841928691425,7.505226131630828,3.5070595404091547,0.9858553495798941
2025-01-17,260.47491455078125,246.42287,5.670452694316487,56.32841928691425,7.505226131630828,3.5070595404091547,0.9858553495798941
2025-01-21,266.8770446777344,247.4777,5.670452694316487,56.32841928691425,7.505226131630828,3.5070595404091547,0.9858553495798941
2025-01-22,270.5538024902344,248.20488,5.670452694316487,56.32841928691425,7.505226131630828,3.5070595404091547,0.9858553495798941
2025-01-23,272.9025573730469,253.70934,5.670452694316487,56.32841928691425,7.505226131630828,3.5070595404091547,0.9858553495798941
2025-01-24,273.8143310546875,254.92957,5.670452694316487,56.32841928691425,7.505226131630828,3.5070595404091547,0.9858553495798941
2025-01-27,273.1304931640625,253.7722,5.670452694316487,56.32841928691425,7.505226131630828,3.5070595404091547,0.9858553495798941
2025-01-28,271.33673095703125,255.05705,5.670452694316487,56.32841928691425,7.505226131630828,3.5070595404091547,0.9858553495798941
2025-01-29,274.3494567871094,256.36365,5.670452694316487,56.32841928691425,7.505226131630828,3.5070595404091547,0.9858553495798941
2025-01-30,276.8567810058594,261.10156,5.670452694316487,56.32841928691425,7.505226131630828,3.5070595404091547,0.9858553495798941
2025-01-31,273.5863647460937,262.74744,5.670452694316487,56.32841928691425,7.505226131630828,3.5070595404091547,0.9858553495798941
2025-02-03,270.11773681640625,261.9793,5.670452694316487,56.32841928691425,7.505226131630828,3.5070595404091547,0.9858553495798941
2025-02-04,275.61798095703125,258.5034,5.670452694316487,56.32841928691425,7.505226131630828,3.5070595404091547,0.9858553495798941
2025-02-05,280.6524963378906,258.0661,5.670452694316487,56.32841928691425,7.505226131630828,3.5070595404091547,0.9858553495798941
2025-02-06,280.692138671875,260.91135,5.670452694316487,56.32841928691425,7.505226131630828,3.5070595404091547,0.9858553495798941
2025-02-07,277.1343078613281,261.9591,5.670452694316487,56.32841928691425,7.505226131630828,3.5070595404091547,0.9858553495798941
2025-02-10,278.22442626953125,259.96188,5.670452694316487,56.32841928691425,7.505226131630828,3.5070595404091547,0.9858553495798941
2025-02-11,286.2815856933594,264.4119,5.670452694316487,56.32841928691425,7.505226131630828,3.5070595404091547,0.9858553495798941
2025-02-12,288.3627624511719,269.25754,5.670452694316487,56.32841928691425,7.505226131630828,3.5070595404091547,0.9858553495798941
2025-02-13,291.05841064453125,271.1299,5.670452694316487,56.32841928691425,7.505226131630828,3.5070595404091547,0.9858553495798941
2025-02-14,288.08526611328125,272.42657,5.670452694316487,56.32841928691425,7.505226131630828,3.5070595404091547,0.9858553495798941
2025-02-18,290.05743408203125,269.68332,5.670452694316487,56.32841928691425,7.505226131630828,3.5070595404091547,0.9858553495798941
2025-02-19,285.8851623535156,270.82382,5.670452694316487,56.32841928691425,7.505226131630828,3.5070595404091547,0.9858553495798941
2025-02-20,285.3401184082031,273.6614,5.670452694316487,56.32841928691425,7.505226131630828,3.5070595404091547,0.9858553495798941
2025-02-21,280.4542541503906,277.7126,5.670452694316487,56.32841928691425,7.505226131630828,3.5070595404091547,0.9858553495798941
2025-02-24,282.0002746582031,276.5068,5.670452694316487,56.32841928691425,7.505226131630828,3.5070595404091547,0.9858553495798941
2025-02-25,284.3688659667969,277.8179,5.670452694316487,56.32841928691425,7.505226131630828,3.5070595404091547,0.9858553495798941
2025-02-26,283.3183898925781,276.65485,5.670452694316487,56.32841928691425,7.505226131630828,3.5070595404091547,0.9858553495798941
2025-02-27,272.13946533203125,276.4869,5.670452694316487,56.32841928691425,7.505226131630828,3.5070595404091547,0.9858553495798941
2025-02-28,272.5358581542969,272.77655,5.670452694316487,56.32841928691425,7.505226131630828,3.5070595404091547,0.9858553495798941
2025-03-03,278.1352233886719,270.7967,5.670452694316487,56.32841928691425,7.505226131630828,3.5070595404091547,0.9858553495798941
2025-03-04,276.549560546875,271.58395,5.670452694316487,56.32841928691425,7.505226131630828,3.5070595404091547,0.9858553495798941
2025-03-05,284.1607666015625,274.22983,5.670452694316487,56.32841928691425,7.505226131630828,3.5070595404091547,0.9858553495798941
2025-03-06,276.83697509765625,274.41934,5.670452694316487,56.32841928691425,7.505226131630828,3.5070595404091547,0.9858553495798941
2025-03-07,274.3197326660156,272.36548,5.670452694316487,56.32841928691425,7.505226131630828,3.5070595404091547,0.9858553495798941
2025-03-10,258.9685363769531,272.01303,5.670452694316487,56.32841928691425,7.505226131630828,3.5070595404091547,0.9858553495798941
2025-03-11,258.33428955078125,268.84,5.670452694316487,56.32841928691425,7.505226131630828,3.5070595404091547,0.9858553495798941
2025-03-12,261.7533569335937,269.50754,5.670452694316487,56.32841928691425,7.505226131630828,3.5070595404091547,0.9858553495798941
2025-03-13,252.90338134765625,268.21143,5.670452694316487,56.32841928691425,7.505226131630828,3.5070595404091547,0.9858553495798941
2025-03-14,261.5155029296875,265.61978,5.670452694316487,56.32841928691425,7.505226131630828,3.5070595404091547,0.9858553495798941
2025-03-17,267.1346740722656,264.85925,5.670452694316487,56.32841928691425,7.505226131630828,3.5070595404091547,0.9858553495798941
2025-03-18,268.2149353027344,266.5283,5.670452694316487,56.32841928691425,7.505226131630828,3.5070595404091547,0.9858553495798941
2025-03-19,269.0077819824219,265.54663,5.670452694316487,56.32841928691425,7.505226131630828,3.5070595404091547,0.9858553495798941
2025-03-20,269.2555236816406,262.85898,5.670452694316487,56.32841928691425,7.505226131630828,3.5070595404091547,0.9858553495798941
2025-03-21,270.0880126953125,262.0231,5.670452694316487,56.32841928691425,7.505226131630828,3.5070595404091547,0.9858553495798941
2025-03-24,273.26922607421875,262.76447,5.670452694316487,56.32841928691425,7.505226131630828,3.5070595404091547,0.9858553495798941
2025-03-25,277.7190246582031,262.72223,5.670452694316487,56.32841928691425,7.505226131630828,3.5070595404091547,0.9858553495798941
2025-03-26,265.5986022949219,265.95288,5.670452694316487,56.32841928691425,7.505226131630828,3.5070595404091547,0.9858553495798941
2025-03-27,265.74725341796875,264.35205,5.670452694316487,56.32841928691425,7.505226131630828,3.5070595404091547,0.9858553495798941
2025-03-28,265.5986022949219,263.5453,5.670452694316487,56.32841928691425,7.505226131630828,3.5070595404091547,0.9858553495798941
2025-03-31,266.0346374511719,264.70718,5.670452694316487,56.32841928691425,7.505226131630828,3.5070595404091547,0.9858553495798941
2025-04-01,267.9176330566406,266.0913,5.670452694316487,56.32841928691425,7.505226131630828,3.5070595404091547,0.9858553495798941
2025-04-02,268.9879455566406,265.9894,5.670452694316487,56.32841928691425,7.505226131630828,3.5070595404091547,0.9858553495798941
2025-04-03,261.97137451171875,261.97693,5.670452694316487,56.32841928691425,7.505226131630828,3.5070595404091547,0.9858553495798941
2025-04-04,246.2733154296875,258.5342,5.670452694316487,56.32841928691425,7.505226131630828,3.5070595404091547,0.9858553495798941
2025-04-07,239.37567138671875,253.20972,5.670452694316487,56.32841928691425,7.505226131630828,3.5070595404091547,0.9858553495798941
2025-04-08,235.401611328125,251.10223,5.670452694316487,56.32841928691425,7.505226131630828,3.5070595404091547,0.9858553495798941
2025-04-09,257.28375244140625,250.92123,5.670452694316487,56.32841928691425,7.505226131630828,3.5070595404091547,0.9858553495798941
2025-04-10,256.1737976074219,251.48592,5.670452694316487,56.32841928691425,7.505226131630828,3.5070595404091547,0.9858553495798941
2025-04-11,256.827880859375,247.58702,5.670452694316487,56.32841928691425,7.505226131630828,3.5070595404091547,0.9858553495798941
2025-04-14,257.2044982910156,247.57666,5.670452694316487,56.32841928691425,7.505226131630828,3.5070595404091547,0.9858553495798941
2025-04-15,259.6127014160156,245.55284,5.670452694316487,56.32841928691425,7.505226131630828,3.5070595404091547,0.9858553495798941
2025-04-16,258.14599609375,249.2615,5.670452694316487,56.32841928691425,7.505226131630828,3.5070595404091547,0.9858553495798941
2025-04-17,255.09356689453125,252.60179,5.670452694316487,56.32841928691425,7.505226131630828,3.5070595404091547,0.9858553495798941
2025-04-21,248.29502868652344,254.12363,5.670452694316487,56.32841928691425,7.505226131630828,3.5070595404091547,0.9858553495798941
2025-04-22,250.13836669921875,249.58786,5.670452694316487,56.32841928691425,7.505226131630828,3.5070595404091547,0.9858553495798941
2025-04-23,269.04742431640625,248.03677,5.670452694316487,56.32841928691425,7.505226131630828,3.5070595404091547,0.9858553495798941
2025-04-24,271.0988464355469,252.62051,5.670452694316487,56.32841928691425,7.505226131630828,3.5070595404091547,0.9858553495798941
2025-04-25,275.4594421386719,254.95029,5.670452694316487,56.32841928691425,7.505226131630828,3.5070595404091547,0.9858553495798941
2025-04-28,282.7931213378906,252.95345,5.670452694316487,56.32841928691425,7.505226131630828,3.5070595404091547,0.9858553495798941
2025-04-29,289.9285888671875,252.97725,5.670452694316487,56.32841928691425,7.505226131630828,3.5070595404091547,0.9858553495798941
2025-04-30,289.57183837890625,261.17673,5.670452694316487,56.32841928691425,7.505226131630828,3.5070595404091547,0.9858553495798941
2025-05-01,286.3410339355469,266.18408,5.670452694316487,56.32841928691425,7.505226131630828,3.5070595404091547,0.9858553495798941
2025-05-02,299.0164489746094,265.9784,5.670452694316487,56.32841928691425,7.505226131630828,3.5070595404091547,0.9858553495798941
2025-05-05,299.9183044433594,265.86963,5.670452694316487,56.32841928691425,7.505226131630828,3.5070595404091547,0.9858553495798941
2025-05-06,295.0126342773437,268.04343,5.670452694316487,56.32841928691425,7.505226131630828,3.5070595404091547,0.9858553495798941
2025-05-07,294.665771484375,269.62646,5.670452694316487,56.32841928691425,7.505226131630828,3.5070595404091547,0.9858553495798941
2025-05-08,291.6926574707031,274.3273,5.670452694316487,56.32841928691425,7.505226131630828,3.5070595404091547,0.9858553495798941
2025-05-09,291.3358764648437,275.8157,5.670452694316487,56.32841928691425,7.505226131630828,3.5070595404091547,0.9858553495798941
2025-05-12,290.8800048828125,276.6969,5.670452694316487,56.32841928691425,7.505226131630828,3.5070595404091547,0.9858553495798941
2025-05-13,289.7300109863281,277.27432,5.670452694316487,56.32841928691425,7.505226131630828,3.5070595404091547,0.9858553495798941
2025-05-14,288.4599914550781,275.80984,5.670452694316487,56.32841928691425,7.505226131630828,3.5070595404091547,0.9858553495798941
2025-05-15,294.3500061035156,274.814,5.670452694316487,56.32841928691425,7.505226131630828,3.5070595404091547,0.9858553495798941
2025-05-16,296.4100036621094,273.24207,5.670452694316487,56.32841928691425,7.505226131630828,3.5070595404091547,0.9858553495798941
2025-05-19,298.739990234375,278.0085,5.670452694316487,56.32841928691425,7.505226131630828,3.5070595404091547,0.9858553495798941
2025-05-20,299.2699890136719,277.99307,5.670452694316487,56.32841928691425,7.505226131630828,3.5070595404091547,0.9858553495798941
2025-05-21,298.4100036621094,273.49127,5.670452694316487,56.32841928691425,7.505226131630828,3.5070595404091547,0.9858553495798941
2025-05-22,299.8399963378906,277.09778,5.670452694316487,56.32841928691425,7.505226131630828,3.5070595404091547,0.9858553495798941
2025-05-23,294.8699951171875,285.11356,5.670452694316487,56.32841928691425,7.505226131630828,3.5070595404091547,0.9858553495798941
2025-05-27,301.8399963378906,288.67004,5.670452694316487,56.32841928691425,7.505226131630828,3.5070595404091547,0.9858553495798941
2025-05-28,298.07000732421875,290.07602,5.670452694316487,56.32841928691425,7.505226131630828,3.5070595404091547,0.9858553495798941
2025-05-29,296.92999267578125,290.05338,5.670452694316487,56.32841928691425,7.505226131630828,3.5070595404091547,0.9858553495798941
2025-05-30,302.8599853515625,287.12982,5.670452694316487,56.32841928691425,7.505226131630828,3.5070595404091547,0.9858553495798941
2025-06-02,304.6600036621094,286.7755,5.670452694316487,56.32841928691425,7.505226131630828,3.5070595404091547,0.9858553495798941
2025-06-03,306.3900146484375,290.55325,5.670452694316487,56.32841928691425,7.505226131630828,3.5070595404091547,0.9858553495798941
2025-06-04,309.32000732421875,287.7879,5.670452694316487,56.32841928691425,7.505226131630828,3.5070595404091547,0.9858553495798941
2025-06-05,309.1000061035156,292.58044,5.670452694316487,56.32841928691425,7.505226131630828,3.5070595404091547,0.9858553495798941
2025-06-06,309.79998779296875,299.9677,5.670452694316487,56.32841928691425,7.505226131630828,3.5070595404091547,0.9858553495798941
2025-06-09,305.4200134277344,299.4898,5.670452694316487,56.32841928691425,7.505226131630828,3.5070595404091547,0.9858553495798941
2025-06-10,304.4100036621094,297.86282,5.670452694316487,56.32841928691425,7.505226131630828,3.5070595404091547,0.9858553495798941
2025-06-11,299.2099914550781,300.51212,5.670452694316487,56.32841928691425,7.505226131630828,3.5070595404091547,0.9858553495798941
2025-06-12,301.739990234375,298.80072,5.670452694316487,56.32841928691425,7.505226131630828,3.5070595404091547,0.9858553495798941
2025-06-13,293.3599853515625,296.49545,5.670452694316487,56.32841928691425,7.505226131630828,3.5070595404091547,0.9858553495798941
2025-06-16,295.8399963378906,294.46643,5.670452694316487,56.32841928691425,7.505226131630828,3.5070595404091547,0.9858553495798941
2025-06-17,292.6400146484375,295.4206,5.670452694316487,56.32841928691425,7.505226131630828,3.5070595404091547,0.9858553495798941
2025-06-18,289.8099975585937,297.63638,5.670452694316487,56.32841928691425,7.505226131630828,3.5070595404091547,0.9858553495798941
2025-06-20,287.5899963378906,293.9883,5.670452694316487,56.32841928691425,7.505226131630828,3.5070595404091547,0.9858553495798941
2025-06-23,290.79998779296875,292.02274,5.670452694316487,56.32841928691425,7.505226131630828,3.5070595404091547,0.9858553495798941
2025-06-24,297.0799865722656,290.8286,5.670452694316487,56.32841928691425,7.505226131630828,3.5070595404091547,0.9858553495798941
2025-06-25,293.2900085449219,289.46292,5.670452694316487,56.32841928691425,7.505226131630828,3.5070595404091547,0.9858553495798941
2025-06-26,295.54998779296875,285.4883,5.670452694316487,56.32841928691425,7.505226131630828,3.5070595404091547,0.9858553495798941
2025-06-27,301.0899963378906,284.1213,5.670452694316487,56.32841928691425,7.505226131630828,3.5070595404091547,0.9858553495798941
2025-06-30,304.1000061035156,287.43488,5.670452694316487,56.32841928691425,7.505226131630828,3.5070595404091547,0.9858553495798941
2025-07-01,300.67999267578125,292.49542,5.670452694316487,56.32841928691425,7.505226131630828,3.5070595404091547,0.9858553495798941
2025-07-02,298.1600036621094,296.78394,5.670452694316487,56.32841928691425,7.505226131630828,3.5070595404091547,0.9858553495798941
2025-07-03,303.7200012207031,294.33463,5.670452694316487,56.32841928691425,7.505226131630828,3.5070595404091547,0.9858553495798941
2025-07-07,305.5299987792968,295.84064,5.670452694316487,56.32841928691425,7.505226131630828,3.5070595404091547,0.9858553495798941
2025-07-08,308.76000976562506,296.04855,5.670452694316487,56.32841928691425,7.505226131630828,3.5070595404091547,0.9858553495798941
2025-07-09,311.92999267578125,296.4135,5.670452694316487,56.32841928691425,7.505226131630828,3.5070595404091547,0.9858553495798941
2025-07-10,306.20999145507807,294.8368,5.670452694316487,56.32841928691425,7.505226131630828,3.5070595404091547,0.9858553495798941
2025-07-11,300.8500061035156,293.11337,5.670452694316487,56.32841928691425,7.505226131630828,3.5070595404091547,0.9858553495798941
2025-07-14,300.6400146484375,293.89706,5.670452694316487,56.32841928691425,7.505226131630828,3.5070595404091547,0.9858553495798941
2025-07-15,301.5799865722656,292.9302,5.670452694316487,56.32841928691425,7.505226131630828,3.5070595404091547,0.9858553495798941
2025-07-16,306.01998901367193,296.7884,5.670452694316487,56.32841928691425,7.505226131630828,3.5070595404091547,0.9858553495798941
2025-07-17,308.60998535156244,296.9983,5.670452694316487,56.32841928691425,7.505226131630828,3.5070595404091547,0.9858553495798941
2025-07-18,305.9700012207032,293.22195,5.670452694316487,56.32841928691425,7.505226131630828,3.5070595404091547,0.9858553495798941
2025-07-21,307.2699890136719,293.61118,5.670452694316487,56.32841928691425,7.505226131630828,3.5070595404091547,0.9858553495798941
2025-07-22,306.2900085449219,295.428,5.670452694316487,56.32841928691425,7.505226131630828,3.5070595404091547,0.9858553495798941
2025-07-23,290.6300048828125,296.63678,5.670452694316487,56.32841928691425,7.505226131630828,3.5070595404091547,0.9858553495798941
2025-07-24,286.1600036621094,292.45953,5.670452694316487,56.32841928691425,7.505226131630828,3.5070595404091547,0.9858553495798941
2025-07-25,288.0299987792969,291.79742,5.670452694316487,56.32841928691425,7.505226131630828,3.5070595404091547,0.9858553495798941
2025-07-28,282.3800048828125,290.9892,5.670452694316487,56.32841928691425,7.505226131630828,3.5070595404091547,0.9858553495798941
2025-07-29,287.5400085449219,290.28952,5.670452694316487,56.32841928691425,7.505226131630828,3.5070595404091547,0.9858553495798941
2025-07-30,290.5,286.85846,5.670452694316487,56.32841928691425,7.505226131630828,3.5070595404091547,0.9858553495798941
2025-07-31,286.70001220703125,285.50812,5.670452694316487,56.32841928691425,7.505226131630828,3.5070595404091547,0.9858553495798941
2025-08-01,283.0,283.82242,5.670452694316487,56.32841928691425,7.505226131630828,3.5070595404091547,0.9858553495798941
2025-08-04,283.7900085449219,279.71634,5.670452694316487,56.32841928691425,7.505226131630828,3.5070595404091547,0.9858553495798941
2025-08-05,285.19000244140625,281.08847,5.670452694316487,56.32841928691425,7.505226131630828,3.5070595404091547,0.9858553495798941
2025-08-06,291.7799987792969,282.889,5.670452694316487,56.32841928691425,7.505226131630828,3.5070595404091547,0.9858553495798941
2025-08-07,295.4599914550781,284.42746,5.670452694316487,56.32841928691425,7.505226131630828,3.5070595404091547,0.9858553495798941
2025-08-08,292.1199951171875,284.13885,5.670452694316487,56.32841928691425,7.505226131630828,3.5070595404091547,0.9858553495798941
2025-08-11,287.239990234375,283.22916,5.670452694316487,56.32841928691425,7.505226131630828,3.5070595404091547,0.9858553495798941
2025-08-12,275.8900146484375,283.8226,5.670452694316487,56.32841928691425,7.505226131630828,3.5070595404091547,0.9858553495798941
2025-08-13,278.82000732421875,281.3297,5.670452694316487,56.32841928691425,7.505226131630828,3.5070595404091547,0.9858553495798941
2025-08-14,278.9100036621094,282.03683,5.670452694316487,56.32841928691425,7.505226131630828,3.5070595404091547,0.9858553495798941
2025-08-15,277.8500061035156,281.71106,5.670452694316487,56.32841928691425,7.505226131630828,3.5070595404091547,0.9858553495798941
2025-08-18,276.7200012207031,279.98328,5.670452694316487,56.32841928691425,7.505226131630828,3.5070595404091547,0.9858553495798941
2025-08-19,274.2300109863281,276.31738,5.670452694316487,56.32841928691425,7.505226131630828,3.5070595404091547,0.9858553495798941
2025-08-20,272.5299987792969,274.91177,5.670452694316487,56.32841928691425,7.505226131630828,3.5070595404091547,0.9858553495798941
2025-08-21,269.2099914550781,275.16327,5.670452694316487,56.32841928691425,7.505226131630828,3.5070595404091547,0.9858553495798941
2025-08-22,271.1099853515625,271.48196,5.670452694316487,56.32841928691425,7.505226131630828,3.5070595404091547,0.9858553495798941
2025-08-25,270.260009765625,268.97046,5.670452694316487,56.32841928691425,7.505226131630828,3.5070595404091547,0.9858553495798941
2025-08-26,269.8599853515625,266.0602,5.670452694316487,56.32841928691425,7.505226131630828,3.5070595404091547,0.9858553495798941
2025-08-27,275.1099853515625,265.8814,5.670452694316487,56.32841928691425,7.505226131630828,3.5070595404091547,0.9858553495798941
2025-08-28,275.3999938964844,268.33792,5.670452694316487,56.32841928691425,7.505226131630828,3.5070595404091547,0.9858553495798941
2025-08-29,272.1600036621094,269.86646,5.670452694316487,56.32841928691425,7.505226131630828,3.5070595404091547,0.9858553495798941
2025-09-02,266.20001220703125,269.56143,5.670452694316487,56.32841928691425,7.505226131630828,3.5070595404091547,0.9858553495798941
2025-09-03,270.94000244140625,265.73404,5.670452694316487,56.32841928691425,7.505226131630828,3.5070595404091547,0.9858553495798941
2025-09-04,271.989990234375,267.6443,5.670452694316487,56.32841928691425,7.505226131630828,3.5070595404091547,0.9858553495798941
2025-09-05,269.0,266.27835,5.670452694316487,56.32841928691425,7.505226131630828,3.5070595404091547,0.9858553495798941
2025-09-08,270.3299865722656,264.7762,5.670452694316487,56.32841928691425,7.505226131630828,3.5070595404091547,0.9858553495798941
2025-09-09,271.4800109863281,262.8265,5.670452694316487,56.32841928691425,7.505226131630828,3.5070595404091547,0.9858553495798941
2025-09-10,260.510009765625,262.09604,5.670452694316487,56.32841928691425,7.505226131630828,3.5070595404091547,0.9858553495798941
2025-09-11,258.19000244140625,262.58423,5.670452694316487,56.32841928691425,7.505226131630828,3.5070595404091547,0.9858553495798941
2025-09-12,257.1600036621094,261.05408,5.670452694316487,56.32841928691425,7.505226131630828,3.5070595404091547,0.9858553495798941
2025-09-15,252.4199981689453,259.19675,5.670452694316487,56.32841928691425,7.505226131630828,3.5070595404091547,0.9858553495798941
2025-09-16,253.6000061035156,257.0274,5.670452694316487,56.32841928691425,7.505226131630828,3.5070595404091547,0.9858553495798941
2025-09-17,261.4200134277344,251.26746,5.670452694316487,56.32841928691425,7.505226131630828,3.5070595404091547,0.9858553495798941
2025-09-18,269.739990234375,251.78548,5.670452694316487,56.32841928691425,7.505226131630828,3.5070595404091547,0.9858553495798941
2025-09-19,266.9100036621094,256.08914,5.670452694316487,56.32841928691425,7.505226131630828,3.5070595404091547,0.9858553495798941
2025-09-22,265.3800048828125,256.07306,5.670452694316487,56.32841928691425,7.505226131630828,3.5070595404091547,0.9858553495798941
2025-09-23,265.2699890136719,255.75533,5.670452694316487,56.32841928691425,7.505226131630828,3.5070595404091547,0.9858553495798941
2025-09-24,268.8500061035156,257.86246,5.670452694316487,56.32841928691425,7.505226131630828,3.5070595404091547,0.9858553495798941
2025-09-25,262.510009765625,258.366,5.670452694316487,56.32841928691425,7.505226131630828,3.5070595404091547,0.9858553495798941
2025-09-26,264.0799865722656,256.5088,5.670452694316487,56.32841928691425,7.505226131630828,3.5070595404091547,0.9858553495798941
2025-09-29,263.82000732421875,256.95587,5.670452694316487,56.32841928691425,7.505226131630828,3.5070595404091547,0.9858553495798941
2025-09-30,267.2099914550781,255.18404,5.670452694316487,56.32841928691425,7.505226131630828,3.5070595404091547,0.9858553495798941
2025-10-01,269.989990234375,259.14615,5.670452694316487,56.32841928691425,7.505226131630828,3.5070595404091547,0.9858553495798941
2025-10-02,271.9100036621094,261.61682,5.670452694316487,56.32841928691425,7.505226131630828,3.5070595404091547,0.9858553495798941
2025-10-03,270.5299987792969,260.51694,5.670452694316487,56.32841928691425,7.505226131630828,3.5070595404091547,0.9858553495798941
2025-10-06,274.2799987792969,258.86475,5.670452694316487,56.32841928691425,7.505226131630828,3.5070595404091547,0.9858553495798941
2025-10-07,273.82000732421875,258.5539,5.670452694316487,56.32841928691425,7.505226131630828,3.5070595404091547,0.9858553495798941
2025-10-08,277.1499938964844,257.2078,5.670452694316487,56.32841928691425,7.505226131630828,3.5070595404091547,0.9858553495798941
2025-10-09,275.7900085449219,259.84918,5.670452694316487,56.32841928691425,7.505226131630828,3.5070595404091547,0.9858553495798941
2025-10-10,265.5299987792969,260.6656,5.670452694316487,56.32841928691425,7.505226131630828,3.5070595404091547,0.9858553495798941
2025-10-13,269.82000732421875,257.2976,5.670452694316487,56.32841928691425,7.505226131630828,3.5070595404091547,0.9858553495798941
2025-10-14,270.5199890136719,257.3973,5.670452694316487,56.32841928691425,7.505226131630828,3.5070595404091547,0.9858553495798941
2025-10-15,271.6400146484375,259.88312,5.670452694316487,56.32841928691425,7.505226131630828,3.5070595404091547,0.9858553495798941
2025-10-16,269.739990234375,262.00137,5.670452694316487,56.32841928691425,7.505226131630828,3.5070595404091547,0.9858553495798941
2025-10-17,272.8999938964844,259.82748,5.670452694316487,56.32841928691425,7.505226131630828,3.5070595404091547,0.9858553495798941
2025-10-20,277.9100036621094,260.23727,5.670452694316487,56.32841928691425,7.505226131630828,3.5070595404091547,0.9858553495798941
2025-10-21,280.4599914550781,264.72864,5.670452694316487,56.32841928691425,7.505226131630828,3.5070595404091547,0.9858553495798941
2025-10-22,276.2200012207031,266.5134,5.670452694316487,56.32841928691425,7.505226131630828,3.5070595404091547,0.9858553495798941
2025-10-23,278.5299987792969,263.36487,5.670452694316487,56.32841928691425,7.505226131630828,3.5070595404091547,0.9858553495798941
2025-10-24,269.54998779296875,263.526,5.670452694316487,56.32841928691425,7.505226131630828,3.5070595404091547,0.9858553495798941
2025-10-27,272.1600036621094,262.64517,5.670452694316487,56.32841928691425,7.505226131630828,3.5070595404091547,0.9858553495798941
2025-10-28,270.0599975585937,263.75845,5.670452694316487,56.32841928691425,7.505226131630828,3.5070595404091547,0.9858553495798941
2025-10-29,259.6400146484375,263.05612,5.670452694316487,56.32841928691425,7.505226131630828,3.5070595404091547,0.9858553495798941
2025-10-30,259.19000244140625,264.78906,5.670452694316487,56.32841928691425,7.505226131630828,3.5070595404091547,0.9858553495798941
2025-10-31,260.010009765625,260.75354,5.670452694316487,56.32841928691425,7.505226131630828,3.5070595404091547,0.9858553495798941
2025-11-03,263.9599914550781,261.19012,5.670452694316487,56.32841928691425,7.505226131630828,3.5070595404091547,0.9858553495798941
2025-11-04,259.6400146484375,262.63397,5.670452694316487,56.32841928691425,7.505226131630828,3.5070595404091547,0.9858553495798941
2025-11-05,261.0599975585937,258.24194,5.670452694316487,56.32841928691425,7.505226131630828,3.5070595404091547,0.9858553495798941
2025-11-06,253.8800048828125,255.07063,5.670452694316487,56.32841928691425,7.505226131630828,3.5070595404091547,0.9858553495798941
2025-11-07,251.9600067138672,250.94884,5.670452694316487,56.32841928691425,7.505226131630828,3.5070595404091547,0.9858553495798941
2025-11-10,251.759994506836,254.0168,5.670452694316487,56.32841928691425,7.505226131630828,3.5070595404091547,0.9858553495798941
2025-11-11,254.3800048828125,253.99939,5.670452694316487,56.32841928691425,7.505226131630828,3.5070595404091547,0.9858553495798941
2025-11-12,253.33999633789065,254.20178,5.670452694316487,56.32841928691425,7.505226131630828,3.5070595404091547,0.9858553495798941
2025-11-13,251.8600006103516,253.71284,5.670452694316487,56.32841928691425,7.505226131630828,3.5070595404091547,0.9858553495798941
2025-11-14,245.02999877929688,252.25908,5.670452694316487,56.32841928691425,7.505226131630828,3.5070595404091547,0.9858553495798941
2025-11-17,238.8999938964844,249.03264,5.670452694316487,56.32841928691425,7.505226131630828,3.5070595404091547,0.9858553495798941
2025-11-18,237.9900054931641,250.19557,5.670452694316487,56.32841928691425,7.505226131630828,3.5070595404091547,0.9858553495798941
2025-11-19,237.97000122070312,247.58597,5.670452694316487,56.32841928691425,7.505226131630828,3.5070595404091547,0.9858553495798941
2025-11-20,233.94000244140628,247.16144,5.670452694316487,56.32841928691425,7.505226131630828,3.5070595404091547,0.9858553495798941
2025-11-21,236.6999969482422,244.47328,5.670452694316487,56.32841928691425,7.505226131630828,3.5070595404091547,0.9858553495798941
2025-11-24,238.2899932861328,241.85689,5.670452694316487,56.32841928691425,7.505226131630828,3.5070595404091547,0.9858553495798941
2025-11-25,237.86000061035156,239.6083,5.670452694316487,56.32841928691425,7.505226131630828,3.5070595404091547,0.9858553495798941
2025-11-26,240.0200042724609,237.72269,5.670452694316487,56.32841928691425,7.505226131630828,3.5070595404091547,0.9858553495798941
2025-11-28,241.75000000000003,235.67572,5.670452694316487,56.32841928691425,7.505226131630828,3.5070595404091547,0.9858553495798941
2025-12-01,242.0800018310547,234.04848,5.670452694316487,56.32841928691425,7.505226131630828,3.5070595404091547,0.9858553495798941
2025-12-02,241.72000122070312,234.93959,5.670452694316487,56.32841928691425,7.505226131630828,3.5070595404091547,0.9858553495798941
2025-12-03,243.82000732421875,235.29622,5.670452694316487,56.32841928691425,7.505226131630828,3.5070595404091547,0.9858553495798941
2025-12-04,245.47000122070312,238.92426,5.670452694316487,56.32841928691425,7.505226131630828,3.5070595404091547,0.9858553495798941
2025-12-05,247.25999450683597,239.7454,5.670452694316487,56.32841928691425,7.505226131630828,3.5070595404091547,0.9858553495798941
2025-12-08,242.97999572753903,239.73906,5.670452694316487,56.32841928691425,7.505226131630828,3.5070595404091547,0.9858553495798941
2025-12-09,244.1300048828125,237.94229,5.670452694316487,56.32841928691425,7.505226131630828,3.5070595404091547,0.9858553495798941
2025-12-10,245.8800048828125,238.64763,5.670452694316487,56.32841928691425,7.505226131630828,3.5070595404091547,0.9858553495798941
2025-12-11,247.38999938964847,238.68343,5.670452694316487,56.32841928691425,7.505226131630828,3.5070595404091547,0.9858553495798941
2025-12-12,244.8300018310547,238.311,5.670452694316487,56.32841928691425,7.505226131630828,3.5070595404091547,0.9858553495798941
2025-12-15,244.4900054931641,235.73135,5.670452694316487,56.32841928691425,7.505226131630828,3.5070595404091547,0.9858553495798941
2025-12-16,243.66000366210932,235.51779,5.670452694316487,56.32841928691425,7.505226131630828,3.5070595404091547,0.9858553495798941
2025-12-17,241.4199981689453,233.71048,5.670452694316487,56.32841928691425,7.505226131630828,3.5070595404091547,0.9858553495798941
2025-12-18,244.30999755859372,233.07076,5.670452694316487,56.32841928691425,7.505226131630828,3.5070595404091547,0.9858553495798941
2025-12-19,244.3300018310547,235.43529,5.670452694316487,56.32841928691425,7.505226131630828,3.5070595404091547,0.9858553495798941
2025-12-22,245.3000030517578,234.15015,5.670452694316487,56.32841928691425,7.505226131630828,3.5070595404091547,0.9858553495798941
2025-12-23,244.9600067138672,233.66356,5.670452694316487,56.32841928691425,7.505226131630828,3.5070595404091547,0.9858553495798941
2025-12-24,245.60000610351557,232.95847,5.670452694316487,56.32841928691425,7.505226131630828,3.5070595404091547,0.9858553495798941
2025-12-26,246.55999755859372,235.54256,5.670452694316487,56.32841928691425,7.505226131630828,3.5070595404091547,0.9858553495798941
2025-12-29,246.0399932861328,237.8521,5.670452694316487,56.32841928691425,7.505226131630828,3.5070595404091547,0.9858553495798941
2025-12-30,244.58999633789062,237.4482,5.670452694316487,56.32841928691425,7.505226131630828,3.5070595404091547,0.9858553495798941
2025-12-31,242.91000366210938,235.56244,5.670452694316487,56.32841928691425,7.505226131630828,3.5070595404091547,0.9858553495798941
2026-01-02,236.9199981689453,235.0839,5.670452694316487,56.32841928691425,7.505226131630828,3.5070595404091547,0.9858553495798941
2026-01-05,240.44000244140628,232.1614,5.670452694316487,56.32841928691425,7.505226131630828,3.5070595404091547,0.9858553495798941
2026-01-06,237.97999572753903,234.63475,5.670452694316487,56.32841928691425,7.505226131630828,3.5070595404091547,0.9858553495798941
2026-01-07,243.42999267578125,234.17833,5.670452694316487,56.32841928691425,7.505226131630828,3.5070595404091547,0.9858553495798941
2026-01-08,241.02999877929688,236.12787,5.670452694316487,56.32841928691425,7.505226131630828,3.5070595404091547,0.9858553495798941
