Date,Actual,Predicted,MAE,MSE,RMSE,MAPE,R2
2022-09-29,42.68137741088867,42.56160707149962,1.0969679399780083,2.908855827340073,1.7055368150057837,0.6602346958358054,0.999670325708773
2022-09-30,42.10107421875,42.84948407792032,1.0969679399780083,2.908855827340073,1.7055368150057837,0.6602346958358054,0.999670325708773
2022-10-03,43.31192779541016,43.32087652154962,1.0969679399780083,2.908855827340073,1.7055368150057837,0.6602346958358054,0.999670325708773
2022-10-04,45.5003776550293,45.11939685466723,1.0969679399780083,2.908855827340073,1.7055368150057837,0.6602346958358054,0.999670325708773
2022-10-05,45.96878433227539,45.9007618051247,1.0969679399780083,2.908855827340073,1.7055368150057837,0.6602346958358054,0.999670325708773
2022-10-06,45.46623611450195,45.96350218168348,1.0969679399780083,2.908855827340073,1.7055368150057837,0.6602346958358054,0.999670325708773
2022-10-07,43.66276168823242,43.88781021225765,1.0969679399780083,2.908855827340073,1.7055368150057837,0.6602346958358054,0.999670325708773
2022-10-10,41.50276184082031,41.512130491437915,1.0969679399780083,2.908855827340073,1.7055368150057837,0.6602346958358054,0.999670325708773
2022-10-11,40.84471130371094,40.82989677038806,1.0969679399780083,2.908855827340073,1.7055368150057837,0.6602346958358054,0.999670325708773
2022-10-12,40.82669448852539,40.956986692231126,1.0969679399780083,2.908855827340073,1.7055368150057837,0.6602346958358054,0.999670325708773
2022-10-13,41.528358459472656,41.356832508242476,1.0969679399780083,2.908855827340073,1.7055368150057837,0.6602346958358054,0.999670325708773
2022-10-14,40.49766540527344,40.83324858469554,1.0969679399780083,2.908855827340073,1.7055368150057837,0.6602346958358054,0.999670325708773
2022-10-17,41.28183364868164,41.37753230667708,1.0969679399780083,2.908855827340073,1.7055368150057837,0.6602346958358054,0.999670325708773
2022-10-18,41.23063659667969,41.18455076349646,1.0969679399780083,2.908855827340073,1.7055368150057837,0.6602346958358054,0.999670325708773
2022-10-19,41.27519226074219,41.310946805944894,1.0969679399780083,2.908855827340073,1.7055368150057837,0.6602346958358054,0.999670325708773
2022-10-20,40.80109024047852,41.282671363360905,1.0969679399780083,2.908855827340073,1.7055368150057837,0.6602346958358054,0.999670325708773
2022-10-21,42.64344787597656,42.14261543230823,1.0969679399780083,2.908855827340073,1.7055368150057837,0.6602346958358054,0.999670325708773
2022-10-24,43.28727722167969,43.295349214314726,1.0969679399780083,2.908855827340073,1.7055368150057837,0.6602346958358054,0.999670325708773
2022-10-25,43.6238899230957,43.84231672786922,1.0969679399780083,2.908855827340073,1.7055368150057837,0.6602346958358054,0.999670325708773
2022-10-26,43.72913360595703,44.27533426469495,1.0969679399780083,2.908855827340073,1.7055368150057837,0.6602346958358054,0.999670325708773
2022-10-27,43.18107986450195,43.72707921154212,1.0969679399780083,2.908855827340073,1.7055368150057837,0.6602346958358054,0.999670325708773
2022-10-28,44.84042739868164,44.54006479710573,1.0969679399780083,2.908855827340073,1.7055368150057837,0.6602346958358054,0.999670325708773
2022-10-31,44.57683563232422,44.60947582431086,1.0969679399780083,2.908855827340073,1.7055368150057837,0.6602346958358054,0.999670325708773
2022-11-01,44.36632537841797,44.26999483831881,1.0969679399780083,2.908855827340073,1.7055368150057837,0.6602346958358054,0.999670325708773
2022-11-02,43.240814208984375,44.26134233990474,1.0969679399780083,2.908855827340073,1.7055368150057837,0.6602346958358054,0.999670325708773
2022-11-03,42.11149978637695,42.212589896287184,1.0969679399780083,2.908855827340073,1.7055368150057837,0.6602346958358054,0.999670325708773
2022-11-04,44.11979293823242,43.97101813910288,1.0969679399780083,2.908855827340073,1.7055368150057837,0.6602346958358054,0.999670325708773
2022-11-07,45.06040954589844,44.705506760122034,1.0969679399780083,2.908855827340073,1.7055368150057837,0.6602346958358054,0.999670325708773
2022-11-08,45.71372222900391,45.63765662667366,1.0969679399780083,2.908855827340073,1.7055368150057837,0.6602346958358054,0.999670325708773
2022-11-09,44.51519775390625,44.73479566616271,1.0969679399780083,2.908855827340073,1.7055368150057837,0.6602346958358054,0.999670325708773
2022-11-10,48.033016204833984,47.49662971543923,1.0969679399780083,2.908855827340073,1.7055368150057837,0.6602346958358054,0.999670325708773
2022-11-11,49.12534332275391,48.73839470475659,1.0969679399780083,2.908855827340073,1.7055368150057837,0.6602346958358054,0.999670325708773
2022-11-14,48.66357421875,49.442085697580424,1.0969679399780083,2.908855827340073,1.7055368150057837,0.6602346958358054,0.999670325708773
2022-11-15,49.725563049316406,49.41964061715318,1.0969679399780083,2.908855827340073,1.7055368150057837,0.6602346958358054,0.999670325708773
2022-11-16,48.52229309082031,48.692242040414655,1.0969679399780083,2.908855827340073,1.7055368150057837,0.6602346958358054,0.999670325708773
2022-11-17,48.55832290649414,48.3588888552856,1.0969679399780083,2.908855827340073,1.7055368150057837,0.6602346958358054,0.999670325708773
2022-11-18,48.8475227355957,48.67626624187538,1.0969679399780083,2.908855827340073,1.7055368150057837,0.6602346958358054,0.999670325708773
2022-11-21,49.06371688842773,49.12683468699342,1.0969679399780083,2.908855827340073,1.7055368150057837,0.6602346958358054,0.999670325708773
2022-11-22,50.25939178466797,49.87163148550019,1.0969679399780083,2.908855827340073,1.7055368150057837,0.6602346958358054,0.999670325708773
2022-11-23,50.59980392456055,51.03239302012453,1.0969679399780083,2.908855827340073,1.7055368150057837,0.6602346958358054,0.999670325708773
2022-11-25,50.246124267578125,50.56354374179773,1.0969679399780083,2.908855827340073,1.7055368150057837,0.6602346958358054,0.999670325708773
2022-11-28,49.51600646972656,49.427307618995854,1.0969679399780083,2.908855827340073,1.7055368150057837,0.6602346958358054,0.999670325708773
2022-11-29,49.438255310058594,49.22486246863461,1.0969679399780083,2.908855827340073,1.7055368150057837,0.6602346958358054,0.999670325708773
2022-11-30,52.248722076416016,51.280092412378124,1.0969679399780083,2.908855827340073,1.7055368150057837,0.6602346958358054,0.999670325708773
2022-12-01,52.22217178344727,51.715066841407705,1.0969679399780083,2.908855827340073,1.7055368150057837,0.6602346958358054,0.999670325708773
2022-12-02,51.27871322631836,51.31859685248757,1.0969679399780083,2.908855827340073,1.7055368150057837,0.6602346958358054,0.999670325708773
2022-12-05,50.31533432006836,50.23046222063738,1.0969679399780083,2.908855827340073,1.7055368150057837,0.6602346958358054,0.999670325708773
2022-12-06,49.858306884765625,49.90296133255504,1.0969679399780083,2.908855827340073,1.7055368150057837,0.6602346958358054,0.999670325708773
2022-12-07,49.16422271728516,49.44415958953188,1.0969679399780083,2.908855827340073,1.7055368150057837,0.6602346958358054,0.999670325708773
2022-12-08,50.357059478759766,50.25415834204887,1.0969679399780083,2.908855827340073,1.7055368150057837,0.6602346958358054,0.999670325708773
2022-12-09,51.6504020690918,51.668833597755665,1.0969679399780083,2.908855827340073,1.7055368150057837,0.6602346958358054,0.999670325708773
2022-12-12,52.77971267700195,52.401630097856966,1.0969679399780083,2.908855827340073,1.7055368150057837,0.6602346958358054,0.999670325708773
2022-12-13,54.14607620239258,54.27908015365391,1.0969679399780083,2.908855827340073,1.7055368150057837,0.6602346958358054,0.999670325708773
2022-12-14,54.46846771240234,55.15632888164785,1.0969679399780083,2.908855827340073,1.7055368150057837,0.6602346958358054,0.999670325708773
2022-12-15,52.90962219238281,53.25672204933937,1.0969679399780083,2.908855827340073,1.7055368150057837,0.6602346958358054,0.999670325708773
2022-12-16,52.71144104003906,52.59553323399129,1.0969679399780083,2.908855827340073,1.7055368150057837,0.6602346958358054,0.999670325708773
2022-12-19,52.55081558227539,52.5701537274536,1.0969679399780083,2.908855827340073,1.7055368150057837,0.6602346958358054,0.999670325708773
2022-12-20,52.014442443847656,52.13920874590346,1.0969679399780083,2.908855827340073,1.7055368150057837,0.6602346958358054,0.999670325708773
2022-12-21,53.65990829467773,53.41098350005444,1.0969679399780083,2.908855827340073,1.7055368150057837,0.6602346958358054,0.999670325708773
2022-12-22,52.88163757324219,52.609837970278676,1.0969679399780083,2.908855827340073,1.7055368150057837,0.6602346958358054,0.999670325708773
2022-12-23,52.81853485107422,52.71164331511403,1.0969679399780083,2.908855827340073,1.7055368150057837,0.6602346958358054,0.999670325708773
2022-12-27,52.92465591430664,52.91589097243586,1.0969679399780083,2.908855827340073,1.7055368150057837,0.6602346958358054,0.999670325708773
2022-12-28,52.09762573242188,52.536945505985,1.0969679399780083,2.908855827340073,1.7055368150057837,0.6602346958358054,0.999670325708773
2022-12-29,53.33292007446289,53.504624386934935,1.0969679399780083,2.908855827340073,1.7055368150057837,0.6602346958358054,0.999670325708773
2022-12-30,53.45912170410156,53.09607855797644,1.0969679399780083,2.908855827340073,1.7055368150057837,0.6602346958358054,0.999670325708773
2023-01-03,52.918922424316406,53.16836883981506,1.0969679399780083,2.908855827340073,1.7055368150057837,0.6602346958358054,0.999670325708773
2023-01-04,53.56525421142578,53.727578334612076,1.0969679399780083,2.908855827340073,1.7055368150057837,0.6602346958358054,0.999670325708773
2023-01-05,53.066162109375,53.13852651403347,1.0969679399780083,2.908855827340073,1.7055368150057837,0.6602346958358054,0.999670325708773
2023-01-06,56.26053237915039,55.88207073606944,1.0969679399780083,2.908855827340073,1.7055368150057837,0.6602346958358054,0.999670325708773
2023-01-09,55.15717697143555,54.92332360072183,1.0969679399780083,2.908855827340073,1.7055368150057837,0.6602346958358054,0.999670325708773
2023-01-10,54.96978759765625,53.2825184497658,1.0969679399780083,2.908855827340073,1.7055368150057837,0.6602346958358054,0.999670325708773
2023-01-11,55.27669906616211,54.76432161348643,1.0969679399780083,2.908855827340073,1.7055368150057837,0.6602346958358054,0.999670325708773
2023-01-12,55.6400260925293,55.65053004123534,1.0969679399780083,2.908855827340073,1.7055368150057837,0.6602346958358054,0.999670325708773
2023-01-13,55.35892105102539,55.55885456035486,1.0969679399780083,2.908855827340073,1.7055368150057837,0.6602346958358054,0.999670325708773
2023-01-17,55.38187026977539,55.76625618673404,1.0969679399780083,2.908855827340073,1.7055368150057837,0.6602346958358054,0.999670325708773
2023-01-18,54.90859603881836,55.40701903802325,1.0969679399780083,2.908855827340073,1.7055368150057837,0.6602346958358054,0.999670325708773
2023-01-19,53.85017013549805,53.865322388761754,1.0969679399780083,2.908855827340073,1.7055368150057837,0.6602346958358054,0.999670325708773
2023-01-20,54.57299423217773,54.20198959975701,1.0969679399780083,2.908855827340073,1.7055368150057837,0.6602346958358054,0.999670325708773
2023-01-23,55.610382080078125,55.5185939798553,1.0969679399780083,2.908855827340073,1.7055368150057837,0.6602346958358054,0.999670325708773
2023-01-24,55.93545150756836,55.75341678506467,1.0969679399780083,2.908855827340073,1.7055368150057837,0.6602346958358054,0.999670325708773
2023-01-25,55.997596740722656,55.84798141335136,1.0969679399780083,2.908855827340073,1.7055368150057837,0.6602346958358054,0.999670325708773
2023-01-26,57.230995178222656,56.93888604882697,1.0969679399780083,2.908855827340073,1.7055368150057837,0.6602346958358054,0.999670325708773
2023-01-27,56.50530242919922,56.98596586393124,1.0969679399780083,2.908855827340073,1.7055368150057837,0.6602346958358054,0.999670325708773
2023-01-30,55.593170166015625,56.03811623656608,1.0969679399780083,2.908855827340073,1.7055368150057837,0.6602346958358054,0.999670325708773
2023-01-31,55.93354415893555,55.9944875504102,1.0969679399780083,2.908855827340073,1.7055368150057837,0.6602346958358054,0.999670325708773
2023-02-01,57.62969207763672,57.603931903917385,1.0969679399780083,2.908855827340073,1.7055368150057837,0.6602346958358054,0.999670325708773
2023-02-02,57.918434143066406,57.95800159823017,1.0969679399780083,2.908855827340073,1.7055368150057837,0.6602346958358054,0.999670325708773
2023-02-03,57.13920593261719,57.84064699284717,1.0969679399780083,2.908855827340073,1.7055368150057837,0.6602346958358054,0.999670325708773
2023-02-06,57.49105072021485,57.43504323901891,1.0969679399780083,2.908855827340073,1.7055368150057837,0.6602346958358054,0.999670325708773
2023-02-07,58.74834060668945,58.62185284223955,1.0969679399780083,2.908855827340073,1.7055368150057837,0.6602346958358054,0.999670325708773
2023-02-08,57.53025436401367,57.858567809933035,1.0969679399780083,2.908855827340073,1.7055368150057837,0.6602346958358054,0.999670325708773
2023-02-09,57.31034851074219,57.48285657192184,1.0969679399780083,2.908855827340073,1.7055368150057837,0.6602346958358054,0.999670325708773
2023-02-10,56.72138214111328,56.72218078985017,1.0969679399780083,2.908855827340073,1.7055368150057837,0.6602346958358054,0.999670325708773
2023-02-13,57.47383880615234,57.31225822650384,1.0969679399780083,2.908855827340073,1.7055368150057837,0.6602346958358054,0.999670325708773
2023-02-14,57.58761596679688,57.64439292994396,1.0969679399780083,2.908855827340073,1.7055368150057837,0.6602346958358054,0.999670325708773
2023-02-15,58.10200119018555,57.84384224677744,1.0969679399780083,2.908855827340073,1.7055368150057837,0.6602346958358054,0.999670325708773
2023-02-16,57.41839599609375,58.01208502421669,1.0969679399780083,2.908855827340073,1.7055368150057837,0.6602346958358054,0.999670325708773
2023-02-17,56.945106506347656,56.909685109221996,1.0969679399780083,2.908855827340073,1.7055368150057837,0.6602346958358054,0.999670325708773
2023-02-21,55.60177230834961,55.91790041719139,1.0969679399780083,2.908855827340073,1.7055368150057837,0.6602346958358054,0.999670325708773
2023-02-22,55.088340759277344,55.0126192139208,1.0969679399780083,2.908855827340073,1.7055368150057837,0.6602346958358054,0.999670325708773
2023-02-23,55.81785583496094,55.148606913230665,1.0969679399780083,2.908855827340073,1.7055368150057837,0.6602346958358054,0.999670325708773
2023-02-24,55.23941040039063,55.176987485514076,1.0969679399780083,2.908855827340073,1.7055368150057837,0.6602346958358054,0.999670325708773
2023-02-27,55.97561264038086,56.245373131745595,1.0969679399780083,2.908855827340073,1.7055368150057837,0.6602346958358054,0.999670325708773
2023-02-28,56.82081604003906,56.74662442856024,1.0969679399780083,2.908855827340073,1.7055368150057837,0.6602346958358054,0.999670325708773
2023-03-01,56.75197219848633,56.88019994958945,1.0969679399780083,2.908855827340073,1.7055368150057837,0.6602346958358054,0.999670325708773
2023-03-02,57.2376823425293,57.01532880078288,1.0969679399780083,2.908855827340073,1.7055368150057837,0.6602346958358054,0.999670325708773
2023-03-03,60.498985290527344,60.30863933572911,1.0969679399780083,2.908855827340073,1.7055368150057837,0.6602346958358054,0.999670325708773
2023-03-06,60.514278411865234,61.195792737026565,1.0969679399780083,2.908855827340073,1.7055368150057837,0.6602346958358054,0.999670325708773
2023-03-07,59.77138137817383,59.95797021192432,1.0969679399780083,2.908855827340073,1.7055368150057837,0.6602346958358054,0.999670325708773
2023-03-08,60.45117950439453,60.13812700441005,1.0969679399780083,2.908855827340073,1.7055368150057837,0.6602346958358054,0.999670325708773
2023-03-09,59.51992034912109,60.582024167675925,1.0969679399780083,2.908855827340073,1.7055368150057837,0.6602346958358054,0.999670325708773
2023-03-10,58.7846794128418,59.08754665334088,1.0969679399780083,2.908855827340073,1.7055368150057837,0.6602346958358054,0.999670325708773
2023-03-13,58.94147872924805,59.362592096189104,1.0969679399780083,2.908855827340073,1.7055368150057837,0.6602346958358054,0.999670325708773
2023-03-14,60.47029876708984,60.026475280087354,1.0969679399780083,2.908855827340073,1.7055368150057837,0.6602346958358054,0.999670325708773
2023-03-15,59.85647964477539,59.370220284215904,1.0969679399780083,2.908855827340073,1.7055368150057837,0.6602346958358054,0.999670325708773
2023-03-16,60.856571197509766,60.32966165925508,1.0969679399780083,2.908855827340073,1.7055368150057837,0.6602346958358054,0.999670325708773
2023-03-17,60.32783508300781,60.444225554881626,1.0969679399780083,2.908855827340073,1.7055368150057837,0.6602346958358054,0.999670325708773
2023-03-20,61.5459213256836,61.358030031536885,1.0969679399780083,2.908855827340073,1.7055368150057837,0.6602346958358054,0.999670325708773
2023-03-21,61.31865692138672,61.57602426957891,1.0969679399780083,2.908855827340073,1.7055368150057837,0.6602346958358054,0.999670325708773
2023-03-22,60.75723648071289,61.77309939295451,1.0969679399780083,2.908855827340073,1.7055368150057837,0.6602346958358054,0.999670325708773
2023-03-23,61.5574836730957,61.70650791466021,1.0969679399780083,2.908855827340073,1.7055368150057837,0.6602346958358054,0.999670325708773
2023-03-24,61.2628059387207,60.8647239920666,1.0969679399780083,2.908855827340073,1.7055368150057837,0.6602346958358054,0.999670325708773
2023-03-27,60.36433410644531,60.59519168090175,1.0969679399780083,2.908855827340073,1.7055368150057837,0.6602346958358054,0.999670325708773
2023-03-28,60.15824508666992,59.87517889786598,1.0969679399780083,2.908855827340073,1.7055368150057837,0.6602346958358054,0.999670325708773
2023-03-29,60.23528671264648,60.464016078223594,1.0969679399780083,2.908855827340073,1.7055368150057837,0.6602346958358054,0.999670325708773
2023-03-30,61.029762268066406,60.97952060249196,1.0969679399780083,2.908855827340073,1.7055368150057837,0.6602346958358054,0.999670325708773
2023-03-31,61.77992248535156,61.28994814491897,1.0969679399780083,2.908855827340073,1.7055368150057837,0.6602346958358054,0.999670325708773
2023-04-03,61.86949157714844,61.7663991155392,1.0969679399780083,2.908855827340073,1.7055368150057837,0.6602346958358054,0.999670325708773
2023-04-04,61.09331893920898,61.21359179708281,1.0969679399780083,2.908855827340073,1.7055368150057837,0.6602346958358054,0.999670325708773
2023-04-05,60.57329940795898,60.46479123186323,1.0969679399780083,2.908855827340073,1.7055368150057837,0.6602346958358054,0.999670325708773
2023-04-06,59.95986557006836,60.08110045216701,1.0969679399780083,2.908855827340073,1.7055368150057837,0.6602346958358054,0.999670325708773
2023-04-10,60.41728973388672,60.183716301989094,1.0969679399780083,2.908855827340073,1.7055368150057837,0.6602346958358054,0.999670325708773
2023-04-11,59.85683059692383,60.042902016795495,1.0969679399780083,2.908855827340073,1.7055368150057837,0.6602346958358054,0.999670325708773
2023-04-12,59.38784790039063,59.62861887186499,1.0969679399780083,2.908855827340073,1.7055368150057837,0.6602346958358054,0.999670325708773
2023-04-13,60.11394882202149,60.07930996921178,1.0969679399780083,2.908855827340073,1.7055368150057837,0.6602346958358054,0.999670325708773
2023-04-14,59.66134262084961,59.965535099900904,1.0969679399780083,2.908855827340073,1.7055368150057837,0.6602346958358054,0.999670325708773
2023-04-17,60.41440582275391,60.29424507400313,1.0969679399780083,2.908855827340073,1.7055368150057837,0.6602346958358054,0.999670325708773
2023-04-18,60.89204788208008,60.831937276265506,1.0969679399780083,2.908855827340073,1.7055368150057837,0.6602346958358054,0.999670325708773
2023-04-19,61.10198974609375,61.07200316367721,1.0969679399780083,2.908855827340073,1.7055368150057837,0.6602346958358054,0.999670325708773
2023-04-20,60.9594612121582,61.57485274310507,1.0969679399780083,2.908855827340073,1.7055368150057837,0.6602346958358054,0.999670325708773
2023-04-21,60.94791030883789,60.360795693798934,1.0969679399780083,2.908855827340073,1.7055368150057837,0.6602346958358054,0.999670325708773
2023-04-24,61.10584259033203,61.32906113721141,1.0969679399780083,2.908855827340073,1.7055368150057837,0.6602346958358054,0.999670325708773
2023-04-25,59.900169372558594,60.31985254299789,1.0969679399780083,2.908855827340073,1.7055368150057837,0.6602346958358054,0.999670325708773
2023-04-26,59.33874130249024,59.502314269775184,1.0969679399780083,2.908855827340073,1.7055368150057837,0.6602346958358054,0.999670325708773
2023-04-27,59.552528381347656,58.6847911346283,1.0969679399780083,2.908855827340073,1.7055368150057837,0.6602346958358054,0.999670325708773
2023-04-28,60.33158874511719,59.9024757853999,1.0969679399780083,2.908855827340073,1.7055368150057837,0.6602346958358054,0.999670325708773
2023-05-01,61.43421173095703,61.30031219230615,1.0969679399780083,2.908855827340073,1.7055368150057837,0.6602346958358054,0.999670325708773
2023-05-02,58.96799087524414,58.77251901211572,1.0969679399780083,2.908855827340073,1.7055368150057837,0.6602346958358054,0.999670325708773
2023-05-03,59.0508041381836,59.50015734226088,1.0969679399780083,2.908855827340073,1.7055368150057837,0.6602346958358054,0.999670325708773
2023-05-04,58.75804901123047,58.42418935999143,1.0969679399780083,2.908855827340073,1.7055368150057837,0.6602346958358054,0.999670325708773
2023-05-05,60.68019485473633,60.33127975108279,1.0969679399780083,2.908855827340073,1.7055368150057837,0.6602346958358054,0.999670325708773
2023-05-08,60.578121185302734,60.06915821688088,1.0969679399780083,2.908855827340073,1.7055368150057837,0.6602346958358054,0.999670325708773
2023-05-09,59.56216812133789,59.602104524335246,1.0969679399780083,2.908855827340073,1.7055368150057837,0.6602346958358054,0.999670325708773
2023-05-10,60.30944061279297,60.117799647736916,1.0969679399780083,2.908855827340073,1.7055368150057837,0.6602346958358054,0.999670325708773
2023-05-11,60.44425582885742,59.87842876819899,1.0969679399780083,2.908855827340073,1.7055368150057837,0.6602346958358054,0.999670325708773
2023-05-12,60.77937698364258,60.57434381520359,1.0969679399780083,2.908855827340073,1.7055368150057837,0.6602346958358054,0.999670325708773
2023-05-15,61.61236953735352,61.25423382969814,1.0969679399780083,2.908855827340073,1.7055368150057837,0.6602346958358054,0.999670325708773
2023-05-16,61.77029800415039,62.08825875351593,1.0969679399780083,2.908855827340073,1.7055368150057837,0.6602346958358054,0.999670325708773
2023-05-17,63.3139762878418,63.19844712867203,1.0969679399780083,2.908855827340073,1.7055368150057837,0.6602346958358054,0.999670325708773
2023-05-18,65.28137969970703,64.97158886948812,1.0969679399780083,2.908855827340073,1.7055368150057837,0.6602346958358054,0.999670325708773
2023-05-19,65.70028686523438,65.80500196088212,1.0969679399780083,2.908855827340073,1.7055368150057837,0.6602346958358054,0.999670325708773
2023-05-22,65.32662963867188,65.36914363289118,1.0969679399780083,2.908855827340073,1.7055368150057837,0.6602346958358054,0.999670325708773
2023-05-23,66.10957336425781,66.53735803631093,1.0969679399780083,2.908855827340073,1.7055368150057837,0.6602346958358054,0.999670325708773
2023-05-24,65.43834686279297,65.49372293712051,1.0969679399780083,2.908855827340073,1.7055368150057837,0.6602346958358054,0.999670325708773
2023-05-25,70.18302154541016,69.19747350661557,1.0969679399780083,2.908855827340073,1.7055368150057837,0.6602346958358054,0.999670325708773
2023-05-26,78.26543426513672,77.02417185117233,1.0969679399780083,2.908855827340073,1.7055368150057837,0.6602346958358054,0.999670325708773
2023-05-30,77.36117553710938,84.08264719756968,1.0969679399780083,2.908855827340073,1.7055368150057837,0.6602346958358054,0.999670325708773
2023-05-31,77.80607604980469,78.25493864126041,1.0969679399780083,2.908855827340073,1.7055368150057837,0.6602346958358054,0.999670325708773
2023-06-01,76.07172393798828,76.3767307583442,1.0969679399780083,2.908855827340073,1.7055368150057837,0.6602346958358054,0.999670325708773
2023-06-02,78.19513702392578,78.40469432536237,1.0969679399780083,2.908855827340073,1.7055368150057837,0.6602346958358054,0.999670325708773
2023-06-05,77.26102447509766,76.86518146664012,1.0969679399780083,2.908855827340073,1.7055368150057837,0.6602346958358054,0.999670325708773
2023-06-06,76.07654571533203,75.32139359212456,1.0969679399780083,2.908855827340073,1.7055368150057837,0.6602346958358054,0.999670325708773
2023-06-07,76.3298110961914,77.11726115526504,1.0969679399780083,2.908855827340073,1.7055368150057837,0.6602346958358054,0.999670325708773
2023-06-08,77.44400024414062,76.90065148482927,1.0969679399780083,2.908855827340073,1.7055368150057837,0.6602346958358054,0.999670325708773
2023-06-09,77.48444366455078,78.41519046602116,1.0969679399780083,2.908855827340073,1.7055368150057837,0.6602346958358054,0.999670325708773
2023-06-12,82.37068176269531,81.65495653563556,1.0969679399780083,2.908855827340073,1.7055368150057837,0.6602346958358054,0.999670325708773
2023-06-13,81.96237182617188,81.60769671637318,1.0969679399780083,2.908855827340073,1.7055368150057837,0.6602346958358054,0.999670325708773
2023-06-14,85.33863830566406,84.24366443679715,1.0969679399780083,2.908855827340073,1.7055368150057837,0.6602346958358054,0.999670325708773
2023-06-15,85.07379913330078,84.48291366844475,1.0969679399780083,2.908855827340073,1.7055368150057837,0.6602346958358054,0.999670325708773
2023-06-16,83.59848022460938,83.93076959431379,1.0969679399780083,2.908855827340073,1.7055368150057837,0.6602346958358054,0.999670325708773
2023-06-20,83.5907974243164,84.10037776400397,1.0969679399780083,2.908855827340073,1.7055368150057837,0.6602346958358054,0.999670325708773
2023-06-21,82.0640640258789,82.58665102465467,1.0969679399780083,2.908855827340073,1.7055368150057837,0.6602346958358054,0.999670325708773
2023-06-22,81.55772399902344,81.42230561899926,1.0969679399780083,2.908855827340073,1.7055368150057837,0.6602346958358054,0.999670325708773
2023-06-23,79.5943603515625,79.7945262854275,1.0969679399780083,2.908855827340073,1.7055368150057837,0.6602346958358054,0.999670325708773
2023-06-26,79.54402923583984,80.47260563575463,1.0969679399780083,2.908855827340073,1.7055368150057837,0.6602346958358054,0.999670325708773
2023-06-27,82.13568878173828,81.29151243688383,1.0969679399780083,2.908855827340073,1.7055368150057837,0.6602346958358054,0.999670325708773
2023-06-28,82.0911636352539,82.6250334083845,1.0969679399780083,2.908855827340073,1.7055368150057837,0.6602346958358054,0.999670325708773
2023-06-29,83.50753021240234,82.80583992132878,1.0969679399780083,2.908855827340073,1.7055368150057837,0.6602346958358054,0.999670325708773
2023-06-30,83.97803497314453,84.29981209254755,1.0969679399780083,2.908855827340073,1.7055368150057837,0.6602346958358054,0.999670325708773
2023-07-03,84.85031127929688,84.49607827391175,1.0969679399780083,2.908855827340073,1.7055368150057837,0.6602346958358054,0.999670325708773
2023-07-05,83.43878936767578,84.32925000631217,1.0969679399780083,2.908855827340073,1.7055368150057837,0.6602346958358054,0.999670325708773
2023-07-06,82.09697723388672,82.50885606946218,1.0969679399780083,2.908855827340073,1.7055368150057837,0.6602346958358054,0.999670325708773
2023-07-07,81.97596740722656,82.53356843622299,1.0969679399780083,2.908855827340073,1.7055368150057837,0.6602346958358054,0.999670325708773
2023-07-10,84.97521209716797,84.50775512877584,1.0969679399780083,2.908855827340073,1.7055368150057837,0.6602346958358054,0.999670325708773
2023-07-11,85.39344787597656,84.24791511822654,1.0969679399780083,2.908855827340073,1.7055368150057837,0.6602346958358054,0.999670325708773
2023-07-12,86.15825653076172,86.25480220316481,1.0969679399780083,2.908855827340073,1.7055368150057837,0.6602346958358054,0.999670325708773
2023-07-13,86.19794464111328,85.50762819391086,1.0969679399780083,2.908855827340073,1.7055368150057837,0.6602346958358054,0.999670325708773
2023-07-14,86.02562713623047,87.16268674046763,1.0969679399780083,2.908855827340073,1.7055368150057837,0.6602346958358054,0.999670325708773
2023-07-17,88.13321685791016,87.90990975565019,1.0969679399780083,2.908855827340073,1.7055368150057837,0.6602346958358054,0.999670325708773
2023-07-18,87.46328735351562,87.49898940603678,1.0969679399780083,2.908855827340073,1.7055368150057837,0.6602346958358054,0.999670325708773
2023-07-19,87.26384735107422,86.69985302095401,1.0969679399780083,2.908855827340073,1.7055368150057837,0.6602346958358054,0.999670325708773
2023-07-20,86.00238037109375,87.06998058153597,1.0969679399780083,2.908855827340073,1.7055368150057837,0.6602346958358054,0.999670325708773
2023-07-21,86.81658172607422,87.34467597656771,1.0969679399780083,2.908855827340073,1.7055368150057837,0.6602346958358054,0.999670325708773
2023-07-24,87.28514099121094,87.13799381698645,1.0969679399780083,2.908855827340073,1.7055368150057837,0.6602346958358054,0.999670325708773
2023-07-25,88.87288665771484,88.96215478972096,1.0969679399780083,2.908855827340073,1.7055368150057837,0.6602346958358054,0.999670325708773
2023-07-26,86.46223449707031,86.5473977227812,1.0969679399780083,2.908855827340073,1.7055368150057837,0.6602346958358054,0.999670325708773
2023-07-27,86.50483703613281,86.38936161376138,1.0969679399780083,2.908855827340073,1.7055368150057837,0.6602346958358054,0.999670325708773
2023-07-28,87.11087036132812,87.05895585221286,1.0969679399780083,2.908855827340073,1.7055368150057837,0.6602346958358054,0.999670325708773
2023-07-31,87.00051879882812,86.73749816870003,1.0969679399780083,2.908855827340073,1.7055368150057837,0.6602346958358054,0.999670325708773
2023-08-01,89.06746673583984,88.6344370671247,1.0969679399780083,2.908855827340073,1.7055368150057837,0.6602346958358054,0.999670325708773
2023-08-02,86.38575744628906,86.74997413812609,1.0969679399780083,2.908855827340073,1.7055368150057837,0.6602346958358054,0.999670325708773
2023-08-03,85.67709350585938,86.14478463329623,1.0969679399780083,2.908855827340073,1.7055368150057837,0.6602346958358054,0.999670325708773
2023-08-04,85.3547134399414,85.50451652451991,1.0969679399780083,2.908855827340073,1.7055368150057837,0.6602346958358054,0.999670325708773
2023-08-07,86.84658813476562,86.56334241576582,1.0969679399780083,2.908855827340073,1.7055368150057837,0.6602346958358054,0.999670325708773
2023-08-08,85.50091552734375,84.99674755207722,1.0969679399780083,2.908855827340073,1.7055368150057837,0.6602346958358054,0.999670325708773
2023-08-09,82.36125946044922,82.9481329472056,1.0969679399780083,2.908855827340073,1.7055368150057837,0.6602346958358054,0.999670325708773
2023-08-10,81.60324096679688,82.04840193177711,1.0969679399780083,2.908855827340073,1.7055368150057837,0.6602346958358054,0.999670325708773
2023-08-11,80.33110809326172,80.18730821037097,1.0969679399780083,2.908855827340073,1.7055368150057837,0.6602346958358054,0.999670325708773
2023-08-14,82.68753814697266,81.96780359434449,1.0969679399780083,2.908855827340073,1.7055368150057837,0.6602346958358054,0.999670325708773
2023-08-15,81.56644439697266,81.70682319661933,1.0969679399780083,2.908855827340073,1.7055368150057837,0.6602346958358054,0.999670325708773
2023-08-16,80.64381408691406,81.42413833855275,1.0969679399780083,2.908855827340073,1.7055368150057837,0.6602346958358054,0.999670325708773
2023-08-17,80.0735855102539,80.54926424328704,1.0969679399780083,2.908855827340073,1.7055368150057837,0.6602346958358054,0.999670325708773
2023-08-18,79.95159912109375,79.4563889524238,1.0969679399780083,2.908855827340073,1.7055368150057837,0.6602346958358054,0.999670325708773
2023-08-21,83.75633239746094,83.1309731816996,1.0969679399780083,2.908855827340073,1.7055368150057837,0.6602346958358054,0.999670325708773
2023-08-22,82.85114288330078,82.98520731017116,1.0969679399780083,2.908855827340073,1.7055368150057837,0.6602346958358054,0.999670325708773
2023-08-23,84.8638687133789,84.43146503538206,1.0969679399780083,2.908855827340073,1.7055368150057837,0.6602346958358054,0.999670325708773
2023-08-24,82.72237396240234,84.10217263748336,1.0969679399780083,2.908855827340073,1.7055368150057837,0.6602346958358054,0.999670325708773
2023-08-25,82.4667739868164,82.4691792029129,1.0969679399780083,2.908855827340073,1.7055368150057837,0.6602346958358054,0.999670325708773
2023-08-28,83.36327362060547,82.84882860322848,1.0969679399780083,2.908855827340073,1.7055368150057837,0.6602346958358054,0.999670325708773
2023-08-29,86.15631103515625,85.59847259778809,1.0969679399780083,2.908855827340073,1.7055368150057837,0.6602346958358054,0.999670325708773
2023-08-30,86.38382720947266,85.92316602992682,1.0969679399780083,2.908855827340073,1.7055368150057837,0.6602346958358054,0.999670325708773
2023-08-31,89.34725189208984,88.62267361236955,1.0969679399780083,2.908855827340073,1.7055368150057837,0.6602346958358054,0.999670325708773
2023-09-01,84.47080993652344,84.50908842050526,1.0969679399780083,2.908855827340073,1.7055368150057837,0.6602346958358054,0.999670325708773
2023-09-05,84.43692779541016,85.08091783084892,1.0969679399780083,2.908855827340073,1.7055368150057837,0.6602346958358054,0.999670325708773
2023-09-06,84.44661712646484,84.47581491833523,1.0969679399780083,2.908855827340073,1.7055368150057837,0.6602346958358054,0.999670325708773
2023-09-07,82.97118377685547,81.98119735132555,1.0969679399780083,2.908855827340073,1.7055368150057837,0.6602346958358054,0.999670325708773
2023-09-08,83.02153778076172,82.9184065133517,1.0969679399780083,2.908855827340073,1.7055368150057837,0.6602346958358054,0.999670325708773
2023-09-11,83.17546844482422,82.40442281859697,1.0969679399780083,2.908855827340073,1.7055368150057837,0.6602346958358054,0.999670325708773
2023-09-12,81.76007080078125,82.32878187338362,1.0969679399780083,2.908855827340073,1.7055368150057837,0.6602346958358054,0.999670325708773
2023-09-13,82.57425689697266,82.76371679857986,1.0969679399780083,2.908855827340073,1.7055368150057837,0.6602346958358054,0.999670325708773
2023-09-14,84.38560485839844,84.25017176970152,1.0969679399780083,2.908855827340073,1.7055368150057837,0.6602346958358054,0.999670325708773
2023-09-15,82.4532470703125,82.17297717305779,1.0969679399780083,2.908855827340073,1.7055368150057837,0.6602346958358054,0.999670325708773
2023-09-18,82.29059600830078,82.48050477571975,1.0969679399780083,2.908855827340073,1.7055368150057837,0.6602346958358054,0.999670325708773
2023-09-19,82.2131576538086,81.77980109542294,1.0969679399780083,2.908855827340073,1.7055368150057837,0.6602346958358054,0.999670325708773
2023-09-20,80.84746551513672,81.28005093331203,1.0969679399780083,2.908855827340073,1.7055368150057837,0.6602346958358054,0.999670325708773
2023-09-21,78.685546875,79.53389613758135,1.0969679399780083,2.908855827340073,1.7055368150057837,0.6602346958358054,0.999670325708773
2023-09-22,80.70244598388672,80.43123629676381,1.0969679399780083,2.908855827340073,1.7055368150057837,0.6602346958358054,0.999670325708773
2023-09-25,81.1706314086914,81.08080170778126,1.0969679399780083,2.908855827340073,1.7055368150057837,0.6602346958358054,0.999670325708773
2023-09-26,79.44772338867188,79.46691761808991,1.0969679399780083,2.908855827340073,1.7055368150057837,0.6602346958358054,0.999670325708773
2023-09-27,79.5080795288086,78.99071083644718,1.0969679399780083,2.908855827340073,1.7055368150057837,0.6602346958358054,0.999670325708773
2023-09-28,80.98666381835938,80.88298893005503,1.0969679399780083,2.908855827340073,1.7055368150057837,0.6602346958358054,0.999670325708773
2023-09-29,80.84844970703125,81.00859046535058,1.0969679399780083,2.908855827340073,1.7055368150057837,0.6602346958358054,0.999670325708773
2023-10-02,81.27381134033203,81.06119838967616,1.0969679399780083,2.908855827340073,1.7055368150057837,0.6602346958358054,0.999670325708773
2023-10-03,79.31533813476562,79.81616633244802,1.0969679399780083,2.908855827340073,1.7055368150057837,0.6602346958358054,0.999670325708773
2023-10-04,80.18944549560547,80.38814929171791,1.0969679399780083,2.908855827340073,1.7055368150057837,0.6602346958358054,0.999670325708773
2023-10-05,80.1943130493164,80.18845880517665,1.0969679399780083,2.908855827340073,1.7055368150057837,0.6602346958358054,0.999670325708773
2023-10-06,82.27739715576172,81.40467068750053,1.0969679399780083,2.908855827340073,1.7055368150057837,0.6602346958358054,0.999670325708773
2023-10-09,83.31114196777344,82.89909859978545,1.0969679399780083,2.908855827340073,1.7055368150057837,0.6602346958358054,0.999670325708773
2023-10-10,83.55740356445312,84.564219018952,1.0969679399780083,2.908855827340073,1.7055368150057837,0.6602346958358054,0.999670325708773
2023-10-11,85.12943267822266,84.6938799314142,1.0969679399780083,2.908855827340073,1.7055368150057837,0.6602346958358054,0.999670325708773
2023-10-12,88.15087127685547,88.51015028390958,1.0969679399780083,2.908855827340073,1.7055368150057837,0.6602346958358054,0.999670325708773
2023-10-13,85.96852111816406,87.72198665850648,1.0969679399780083,2.908855827340073,1.7055368150057837,0.6602346958358054,0.999670325708773
2023-10-16,87.8559341430664,88.6766201829401,1.0969679399780083,2.908855827340073,1.7055368150057837,0.6602346958358054,0.999670325708773
2023-10-17,86.0872802734375,85.33764870245575,1.0969679399780083,2.908855827340073,1.7055368150057837,0.6602346958358054,0.999670325708773
2023-10-18,86.34327697753906,86.5467054122093,1.0969679399780083,2.908855827340073,1.7055368150057837,0.6602346958358054,0.999670325708773
2023-10-19,84.4743423461914,84.94503989679102,1.0969679399780083,2.908855827340073,1.7055368150057837,0.6602346958358054,0.999670325708773
2023-10-20,83.09212493896484,83.44528521901773,1.0969679399780083,2.908855827340073,1.7055368150057837,0.6602346958358054,0.999670325708773
2023-10-23,83.92826080322266,83.57791564522982,1.0969679399780083,2.908855827340073,1.7055368150057837,0.6602346958358054,0.999670325708773
2023-10-24,85.76701354980469,85.54300030518345,1.0969679399780083,2.908855827340073,1.7055368150057837,0.6602346958358054,0.999670325708773
2023-10-25,82.70276641845703,83.15035282229563,1.0969679399780083,2.908855827340073,1.7055368150057837,0.6602346958358054,0.999670325708773
2023-10-26,80.47563171386719,80.78424522255607,1.0969679399780083,2.908855827340073,1.7055368150057837,0.6602346958358054,0.999670325708773
2023-10-27,81.60575866699219,81.53151895340135,1.0969679399780083,2.908855827340073,1.7055368150057837,0.6602346958358054,0.999670325708773
2023-10-30,81.88704681396484,81.48717534930442,1.0969679399780083,2.908855827340073,1.7055368150057837,0.6602346958358054,0.999670325708773
2023-10-31,81.89873504638672,81.46696031834114,1.0969679399780083,2.908855827340073,1.7055368150057837,0.6602346958358054,0.999670325708773
2023-11-01,83.02495574951172,82.42859207208276,1.0969679399780083,2.908855827340073,1.7055368150057837,0.6602346958358054,0.999670325708773
2023-11-02,84.8121109008789,85.2236411438202,1.0969679399780083,2.908855827340073,1.7055368150057837,0.6602346958358054,0.999670325708773
2023-11-03,85.91983795166016,85.7509956497745,1.0969679399780083,2.908855827340073,1.7055368150057837,0.6602346958358054,0.999670325708773
2023-11-06,85.73975372314453,85.41361835646364,1.0969679399780083,2.908855827340073,1.7055368150057837,0.6602346958358054,0.999670325708773
2023-11-07,87.3935546875,86.9459493879686,1.0969679399780083,2.908855827340073,1.7055368150057837,0.6602346958358054,0.999670325708773
2023-11-08,88.68917083740234,88.58878720339641,1.0969679399780083,2.908855827340073,1.7055368150057837,0.6602346958358054,0.999670325708773
2023-11-09,88.71349334716797,89.9057208540298,1.0969679399780083,2.908855827340073,1.7055368150057837,0.6602346958358054,0.999670325708773
2023-11-10,93.20475769042967,92.32418252368667,1.0969679399780083,2.908855827340073,1.7055368150057837,0.6602346958358054,0.999670325708773
2023-11-13,92.17391204833984,92.0048333052295,1.0969679399780083,2.908855827340073,1.7055368150057837,0.6602346958358054,0.999670325708773
2023-11-14,94.70767974853516,94.30031135901979,1.0969679399780083,2.908855827340073,1.7055368150057837,0.6602346958358054,0.999670325708773
2023-11-15,94.94518280029295,94.62799018355966,1.0969679399780083,2.908855827340073,1.7055368150057837,0.6602346958358054,0.999670325708773
2023-11-16,93.40234375,93.23486282781667,1.0969679399780083,2.908855827340073,1.7055368150057837,0.6602346958358054,0.999670325708773
2023-11-17,95.17198944091795,94.72289198499938,1.0969679399780083,2.908855827340073,1.7055368150057837,0.6602346958358054,0.999670325708773
2023-11-20,96.92214965820312,96.82208991185598,1.0969679399780083,2.908855827340073,1.7055368150057837,0.6602346958358054,0.999670325708773
2023-11-21,95.509765625,95.95367408504714,1.0969679399780083,2.908855827340073,1.7055368150057837,0.6602346958358054,0.999670325708773
2023-11-22,94.6142349243164,95.18894339033832,1.0969679399780083,2.908855827340073,1.7055368150057837,0.6602346958358054,0.999670325708773
2023-11-24,95.282958984375,94.73215047550099,1.0969679399780083,2.908855827340073,1.7055368150057837,0.6602346958358054,0.999670325708773
2023-11-27,92.49610900878906,93.4017827013474,1.0969679399780083,2.908855827340073,1.7055368150057837,0.6602346958358054,0.999670325708773
2023-11-28,92.11746978759766,91.96317605796509,1.0969679399780083,2.908855827340073,1.7055368150057837,0.6602346958358054,0.999670325708773
2023-11-29,91.58015441894533,92.54014881154284,1.0969679399780083,2.908855827340073,1.7055368150057837,0.6602346958358054,0.999670325708773
2023-11-30,90.11032104492188,90.03059929245238,1.0969679399780083,2.908855827340073,1.7055368150057837,0.6602346958358054,0.999670325708773
2023-12-01,90.52595520019533,89.60731873228619,1.0969679399780083,2.908855827340073,1.7055368150057837,0.6602346958358054,0.999670325708773
2023-12-04,89.93900299072266,90.15687324338187,1.0969679399780083,2.908855827340073,1.7055368150057837,0.6602346958358054,0.999670325708773
2023-12-05,88.88286590576172,88.81061638804844,1.0969679399780083,2.908855827340073,1.7055368150057837,0.6602346958358054,0.999670325708773
2023-12-06,87.96009063720703,88.37406283128294,1.0969679399780083,2.908855827340073,1.7055368150057837,0.6602346958358054,0.999670325708773
2023-12-07,89.7725601196289,89.48559533451308,1.0969679399780083,2.908855827340073,1.7055368150057837,0.6602346958358054,0.999670325708773
2023-12-08,91.9179229736328,90.76785769524994,1.0969679399780083,2.908855827340073,1.7055368150057837,0.6602346958358054,0.999670325708773
2023-12-11,100.18596649169922,99.34470454896388,1.0969679399780083,2.908855827340073,1.7055368150057837,0.6602346958358054,0.999670325708773
2023-12-12,104.37545776367188,103.74818329538321,1.0969679399780083,2.908855827340073,1.7055368150057837,0.6602346958358054,0.999670325708773
2023-12-13,106.07014465332033,106.02114463630011,1.0969679399780083,2.908855827340073,1.7055368150057837,0.6602346958358054,0.999670325708773
2023-12-14,107.70545196533205,108.4712732281791,1.0969679399780083,2.908855827340073,1.7055368150057837,0.6602346958358054,0.999670325708773
2023-12-15,109.9686050415039,110.76648907425503,1.0969679399780083,2.908855827340073,1.7055368150057837,0.6602346958358054,0.999670325708773
2023-12-18,111.648681640625,111.36507026073268,1.0969679399780083,2.908855827340073,1.7055368150057837,0.6602346958358054,0.999670325708773
2023-12-19,111.43649291992188,111.68182845573595,1.0969679399780083,2.908855827340073,1.7055368150057837,0.6602346958358054,0.999670325708773
2023-12-20,108.58109283447266,109.67808431423515,1.0969679399780083,2.908855827340073,1.7055368150057837,0.6602346958358054,0.999670325708773
2023-12-21,110.2346649169922,109.69111867310096,1.0969679399780083,2.908855827340073,1.7055368150057837,0.6602346958358054,0.999670325708773
2023-12-22,109.71541595458984,109.58041690413901,1.0969679399780083,2.908855827340073,1.7055368150057837,0.6602346958358054,0.999670325708773
2023-12-26,110.68450164794922,110.80551166833148,1.0969679399780083,2.908855827340073,1.7055368150057837,0.6602346958358054,0.999670325708773
2023-12-27,110.12515258789062,110.44456258975589,1.0969679399780083,2.908855827340073,1.7055368150057837,0.6602346958358054,0.999670325708773
2023-12-28,109.75748443603516,109.82917197842201,1.0969679399780083,2.908855827340073,1.7055368150057837,0.6602346958358054,0.999670325708773
2023-12-29,109.15511322021484,109.46922437727397,1.0969679399780083,2.908855827340073,1.7055368150057837,0.6602346958358054,0.999670325708773
2024-01-02,106.13642120361328,106.46402407432096,1.0969679399780083,2.908855827340073,1.7055368150057837,0.6602346958358054,0.999670325708773
2024-01-03,103.51571655273438,103.95102569038585,1.0969679399780083,2.908855827340073,1.7055368150057837,0.6602346958358054,0.999670325708773
2024-01-04,102.5798797607422,103.59554641435196,1.0969679399780083,2.908855827340073,1.7055368150057837,0.6602346958358054,0.999670325708773
2024-01-05,102.60628509521484,102.43832303443465,1.0969679399780083,2.908855827340073,1.7055368150057837,0.6602346958358054,0.999670325708773
2024-01-08,105.1067123413086,104.68194694259928,1.0969679399780083,2.908855827340073,1.7055368150057837,0.6602346958358054,0.999670325708773
2024-01-09,105.8538055419922,105.96469729801314,1.0969679399780083,2.908855827340073,1.7055368150057837,0.6602346958358054,0.999670325708773
2024-01-10,105.66605377197266,104.55086535323161,1.0969679399780083,2.908855827340073,1.7055368150057837,0.6602346958358054,0.999670325708773
2024-01-11,107.56411743164062,106.64611620495067,1.0969679399780083,2.908855827340073,1.7055368150057837,0.6602346958358054,0.999670325708773
2024-01-12,108.31706237792967,108.18560007739187,1.0969679399780083,2.908855827340073,1.7055368150057837,0.6602346958358054,0.999670325708773
2024-01-16,109.02896118164062,108.85067149536286,1.0969679399780083,2.908855827340073,1.7055368150057837,0.6602346958358054,0.999670325708773
2024-01-17,107.92493438720705,107.53988798980022,1.0969679399780083,2.908855827340073,1.7055368150057837,0.6602346958358054,0.999670325708773
2024-01-18,111.85989379882812,111.51260791657405,1.0969679399780083,2.908855827340073,1.7055368150057837,0.6602346958358054,0.999670325708773
2024-01-19,118.44001770019533,117.67014613579244,1.0969679399780083,2.908855827340073,1.7055368150057837,0.6602346958358054,0.999670325708773
2024-01-22,119.34945678710938,119.56671895770971,1.0969679399780083,2.908855827340073,1.7055368150057837,0.6602346958358054,0.999670325708773
2024-01-23,119.9175796508789,118.59601110660647,1.0969679399780083,2.908855827340073,1.7055368150057837,0.6602346958358054,0.999670325708773
2024-01-24,122.61260223388672,123.88844113062127,1.0969679399780083,2.908855827340073,1.7055368150057837,0.6602346958358054,0.999670325708773
2024-01-25,120.27841186523438,121.27293923820325,1.0969679399780083,2.908855827340073,1.7055368150057837,0.6602346958358054,0.999670325708773
2024-01-26,117.8219985961914,117.97970179530301,1.0969679399780083,2.908855827340073,1.7055368150057837,0.6602346958358054,0.999670325708773
2024-01-29,119.08248138427734,118.80905690451277,1.0969679399780083,2.908855827340073,1.7055368150057837,0.6602346958358054,0.999670325708773
2024-01-30,118.14274597167967,118.97198227955766,1.0969679399780083,2.908855827340073,1.7055368150057837,0.6602346958358054,0.999670325708773
2024-01-31,115.38904571533205,115.83016015957082,1.0969679399780083,2.908855827340073,1.7055368150057837,0.6602346958358054,0.999670325708773
2024-02-01,117.34577178955078,116.76499131178191,1.0969679399780083,2.908855827340073,1.7055368150057837,0.6602346958358054,0.999670325708773
2024-02-02,119.72494506835938,119.99316399276334,1.0969679399780083,2.908855827340073,1.7055368150057837,0.6602346958358054,0.999670325708773
2024-02-05,121.5594253540039,121.29346507227872,1.0969679399780083,2.908855827340073,1.7055368150057837,0.6602346958358054,0.999670325708773
2024-02-06,119.55968475341795,120.24570480919678,1.0969679399780083,2.908855827340073,1.7055368150057837,0.6602346958358054,0.999670325708773
2024-02-07,122.92454528808594,122.13896027022149,1.0969679399780083,2.908855827340073,1.7055368150057837,0.6602346958358054,0.999670325708773
2024-02-08,124.65538024902344,126.0510233402411,1.0969679399780083,2.908855827340073,1.7055368150057837,0.6602346958358054,0.999670325708773
2024-02-09,125.50416564941406,124.85559561764101,1.0969679399780083,2.908855827340073,1.7055368150057837,0.6602346958358054,0.999670325708773
2024-02-12,123.70096588134766,123.8381757973874,1.0969679399780083,2.908855827340073,1.7055368150057837,0.6602346958358054,0.999670325708773
2024-02-13,122.39551544189452,121.83719415988455,1.0969679399780083,2.908855827340073,1.7055368150057837,0.6602346958358054,0.999670325708773
2024-02-14,123.42912292480467,122.32718817889497,1.0969679399780083,2.908855827340073,1.7055368150057837,0.6602346958358054,0.999670325708773
2024-02-15,123.70781707763672,122.52652360780927,1.0969679399780083,2.908855827340073,1.7055368150057837,0.6602346958358054,0.999670325708773
2024-02-16,121.79216766357422,123.18394280947987,1.0969679399780083,2.908855827340073,1.7055368150057837,0.6602346958358054,0.999670325708773
2024-02-20,119.94104766845705,119.28474019538336,1.0969679399780083,2.908855827340073,1.7055368150057837,0.6602346958358054,0.999670325708773
2024-02-21,120.02906036376952,118.77606875224883,1.0969679399780083,2.908855827340073,1.7055368150057837,0.6602346958358054,0.999670325708773
2024-02-22,127.60270690917967,127.26052966580261,1.0969679399780083,2.908855827340073,1.7055368150057837,0.6602346958358054,0.999670325708773
2024-02-23,126.76854705810548,127.38148947593281,1.0969679399780083,2.908855827340073,1.7055368150057837,0.6602346958358054,0.999670325708773
2024-02-26,128.01632690429688,128.22913188585065,1.0969679399780083,2.908855827340073,1.7055368150057837,0.6602346958358054,0.999670325708773
2024-02-27,126.7548599243164,127.0309599745076,1.0969679399780083,2.908855827340073,1.7055368150057837,0.6602346958358054,0.999670325708773
2024-02-28,126.08895111083984,126.20022416934812,1.0969679399780083,2.908855827340073,1.7055368150057837,0.6602346958358054,0.999670325708773
2024-02-29,127.17144775390624,126.70808475881694,1.0969679399780083,2.908855827340073,1.7055368150057837,0.6602346958358054,0.999670325708773
2024-03-01,136.82110595703125,135.46221984822324,1.0969679399780083,2.908855827340073,1.7055368150057837,0.6602346958358054,0.999670325708773
2024-03-04,137.12327575683594,138.56680566371224,1.0969679399780083,2.908855827340073,1.7055368150057837,0.6602346958358054,0.999670325708773
2024-03-05,131.3039093017578,131.6058524603946,1.0969679399780083,2.908855827340073,1.7055368150057837,0.6602346958358054,0.999670325708773
2024-03-06,132.0128936767578,132.95436866950476,1.0969679399780083,2.908855827340073,1.7055368150057837,0.6602346958358054,0.999670325708773
2024-03-07,137.58778381347656,137.00565302209486,1.0969679399780083,2.908855827340073,1.7055368150057837,0.6602346958358054,0.999670325708773
2024-03-08,127.97622680664062,130.5573862078824,1.0969679399780083,2.908855827340073,1.7055368150057837,0.6602346958358054,0.999670325708773
2024-03-11,126.45075988769533,124.67485278840111,1.0969679399780083,2.908855827340073,1.7055368150057837,0.6602346958358054,0.999670325708773
2024-03-12,126.32949829101562,124.23325897624096,1.0969679399780083,2.908855827340073,1.7055368150057837,0.6602346958358054,0.999670325708773
2024-03-13,123.00375366210938,123.1772080476738,1.0969679399780083,2.908855827340073,1.7055368150057837,0.6602346958358054,0.999670325708773
2024-03-14,123.43401336669922,123.22276321355382,1.0969679399780083,2.908855827340073,1.7055368150057837,0.6602346958358054,0.999670325708773
2024-03-15,120.81625366210938,121.91544702430662,1.0969679399780083,2.908855827340073,1.7055368150057837,0.6602346958358054,0.999670325708773
2024-03-18,120.98639678955078,121.66219106926658,1.0969679399780083,2.908855827340073,1.7055368150057837,0.6602346958358054,0.999670325708773
2024-03-19,121.06169891357422,119.85603197725567,1.0969679399780083,2.908855827340073,1.7055368150057837,0.6602346958358054,0.999670325708773
2024-03-20,125.30802154541016,124.50439091690532,1.0969679399780083,2.908855827340073,1.7055368150057837,0.6602346958358054,0.999670325708773
2024-03-21,132.3787078857422,135.2751007279831,1.0969679399780083,2.908855827340073,1.7055368150057837,0.6602346958358054,0.999670325708773
2024-03-22,132.9158477783203,134.39271217757405,1.0969679399780083,2.908855827340073,1.7055368150057837,0.6602346958358054,0.999670325708773
2024-03-25,132.73028564453125,132.64282600844803,1.0969679399780083,2.908855827340073,1.7055368150057837,0.6602346958358054,0.999670325708773
2024-03-26,130.75733947753906,132.5910669078313,1.0969679399780083,2.908855827340073,1.7055368150057837,0.6602346958358054,0.999670325708773
2024-03-27,129.5042724609375,128.42420426635718,1.0969679399780083,2.908855827340073,1.7055368150057837,0.6602346958358054,0.999670325708773
2024-03-28,130.16026306152344,129.97836143287577,1.0969679399780083,2.908855827340073,1.7055368150057837,0.6602346958358054,0.999670325708773
2024-04-01,132.60064697265625,133.112551172797,1.0969679399780083,2.908855827340073,1.7055368150057837,0.6602346958358054,0.999670325708773
2024-04-02,131.47129821777344,130.37232003838506,1.0969679399780083,2.908855827340073,1.7055368150057837,0.6602346958358054,0.999670325708773
2024-04-03,133.87237548828125,134.01159347098746,1.0969679399780083,2.908855827340073,1.7055368150057837,0.6602346958358054,0.999670325708773
2024-04-04,129.3834991455078,131.99400240864765,1.0969679399780083,2.908855827340073,1.7055368150057837,0.6602346958358054,0.999670325708773
2024-04-05,131.53709411621094,132.07021621303866,1.0969679399780083,2.908855827340073,1.7055368150057837,0.6602346958358054,0.999670325708773
2024-04-08,131.2100830078125,130.35707246274637,1.0969679399780083,2.908855827340073,1.7055368150057837,0.6602346958358054,0.999670325708773
2024-04-09,131.01173400878906,129.72509915179526,1.0969679399780083,2.908855827340073,1.7055368150057837,0.6602346958358054,0.999670325708773
2024-04-10,129.86172485351562,130.43079076733986,1.0969679399780083,2.908855827340073,1.7055368150057837,0.6602346958358054,0.999670325708773
2024-04-11,135.76280212402344,134.74991010141986,1.0969679399780083,2.908855827340073,1.7055368150057837,0.6602346958358054,0.999670325708773
2024-04-12,131.9927520751953,132.790266640945,1.0969679399780083,2.908855827340073,1.7055368150057837,0.6602346958358054,0.999670325708773
2024-04-15,128.71470642089844,129.5941527325854,1.0969679399780083,2.908855827340073,1.7055368150057837,0.6602346958358054,0.999670325708773
2024-04-16,130.5187225341797,130.54777259600527,1.0969679399780083,2.908855827340073,1.7055368150057837,0.6602346958358054,0.999670325708773
2024-04-17,125.95911407470705,127.42657736872935,1.0969679399780083,2.908855827340073,1.7055368150057837,0.6602346958358054,0.999670325708773
2024-04-18,123.63758850097656,124.39057157830722,1.0969679399780083,2.908855827340073,1.7055368150057837,0.6602346958358054,0.999670325708773
2024-04-19,118.30707550048828,118.9698889892905,1.0969679399780083,2.908855827340073,1.7055368150057837,0.6602346958358054,0.999670325708773
2024-04-22,120.24659729003906,119.13630704978034,1.0969679399780083,2.908855827340073,1.7055368150057837,0.6602346958358054,0.999670325708773
2024-04-23,122.67518615722656,122.97211548734205,1.0969679399780083,2.908855827340073,1.7055368150057837,0.6602346958358054,0.999670325708773
2024-04-24,123.42447662353516,124.38485603737769,1.0969679399780083,2.908855827340073,1.7055368150057837,0.6602346958358054,0.999670325708773
2024-04-25,127.116943359375,126.54764852897658,1.0969679399780083,2.908855827340073,1.7055368150057837,0.6602346958358054,0.999670325708773
2024-04-26,131.9927520751953,131.689845139514,1.0969679399780083,2.908855827340073,1.7055368150057837,0.6602346958358054,0.999670325708773
2024-04-29,131.45753479003906,131.34830440116093,1.0969679399780083,2.908855827340073,1.7055368150057837,0.6602346958358054,0.999670325708773
2024-04-30,127.6914291381836,129.73712989230276,1.0969679399780083,2.908855827340073,1.7055368150057837,0.6602346958358054,0.999670325708773
2024-05-01,122.0535659790039,123.7932917959901,1.0969679399780083,2.908855827340073,1.7055368150057837,0.6602346958358054,0.999670325708773
2024-05-02,121.63226318359376,121.50424410859311,1.0969679399780083,2.908855827340073,1.7055368150057837,0.6602346958358054,0.999670325708773
2024-05-03,125.51522827148438,124.70657924552674,1.0969679399780083,2.908855827340073,1.7055368150057837,0.6602346958358054,0.999670325708773
2024-05-06,128.6774139404297,127.41112540707165,1.0969679399780083,2.908855827340073,1.7055368150057837,0.6602346958358054,0.999670325708773
2024-05-07,127.97034454345705,128.0504167065561,1.0969679399780083,2.908855827340073,1.7055368150057837,0.6602346958358054,0.999670325708773
2024-05-08,130.15634155273438,130.10518907210533,1.0969679399780083,2.908855827340073,1.7055368150057837,0.6602346958358054,0.999670325708773
2024-05-09,128.2217254638672,128.58652720866928,1.0969679399780083,2.908855827340073,1.7055368150057837,0.6602346958358054,0.999670325708773
2024-05-10,130.885986328125,131.47162174250235,1.0969679399780083,2.908855827340073,1.7055368150057837,0.6602346958358054,0.999670325708773
2024-05-13,131.34852600097656,131.88739504586906,1.0969679399780083,2.908855827340073,1.7055368150057837,0.6602346958358054,0.999670325708773
2024-05-14,135.524169921875,134.19790654608073,1.0969679399780083,2.908855827340073,1.7055368150057837,0.6602346958358054,0.999670325708773
2024-05-15,141.03733825683594,139.30964330793066,1.0969679399780083,2.908855827340073,1.7055368150057837,0.6602346958358054,0.999670325708773
2024-05-16,138.67652893066406,139.99304967416353,1.0969679399780083,2.908855827340073,1.7055368150057837,0.6602346958358054,0.999670325708773
2024-05-17,137.0227508544922,136.9583068863143,1.0969679399780083,2.908855827340073,1.7055368150057837,0.6602346958358054,0.999670325708773
2024-05-20,138.86309814453125,138.60273335299058,1.0969679399780083,2.908855827340073,1.7055368150057837,0.6602346958358054,0.999670325708773
2024-05-21,137.40672302246094,137.90362518905116,1.0969679399780083,2.908855827340073,1.7055368150057837,0.6602346958358054,0.999670325708773
2024-05-22,136.72323608398438,136.9908229151131,1.0969679399780083,2.908855827340073,1.7055368150057837,0.6602346958358054,0.999670325708773
2024-05-23,136.82632446289062,136.4696976177288,1.0969679399780083,2.908855827340073,1.7055368150057837,0.6602346958358054,0.999670325708773
2024-05-24,138.25521850585938,138.04117157396658,1.0969679399780083,2.908855827340073,1.7055368150057837,0.6602346958358054,0.999670325708773
2024-05-28,138.70791625976562,137.77916157570843,1.0969679399780083,2.908855827340073,1.7055368150057837,0.6602346958358054,0.999670325708773
2024-05-29,136.56903076171875,136.2792018740888,1.0969679399780083,2.908855827340073,1.7055368150057837,0.6602346958358054,0.999670325708773
2024-05-30,133.9578094482422,134.00521097057347,1.0969679399780083,2.908855827340073,1.7055368150057837,0.6602346958358054,0.999670325708773
2024-05-31,130.46861267089844,129.64644857309278,1.0969679399780083,2.908855827340073,1.7055368150057837,0.6602346958358054,0.999670325708773
2024-06-03,129.81558227539062,129.0210884810222,1.0969679399780083,2.908855827340073,1.7055368150057837,0.6602346958358054,0.999670325708773
2024-06-04,130.69155883789062,129.62414942944676,1.0969679399780083,2.908855827340073,1.7055368150057837,0.6602346958358054,0.999670325708773
2024-06-05,138.7707977294922,137.03429661079844,1.0969679399780083,2.908855827340073,1.7055368150057837,0.6602346958358054,0.999670325708773
2024-06-06,137.61000061035156,137.1768055439973,1.0969679399780083,2.908855827340073,1.7055368150057837,0.6602346958358054,0.999670325708773
2024-06-07,138.13734436035156,138.84454280669632,1.0969679399780083,2.908855827340073,1.7055368150057837,0.6602346958358054,0.999670325708773
2024-06-10,141.4595947265625,141.50520172926755,1.0969679399780083,2.908855827340073,1.7055368150057837,0.6602346958358054,0.999670325708773
2024-06-11,143.47866821289062,141.6666972074534,1.0969679399780083,2.908855827340073,1.7055368150057837,0.6602346958358054,0.999670325708773
2024-06-12,146.86473083496094,146.04412406856807,1.0969679399780083,2.908855827340073,1.7055368150057837,0.6602346958358054,0.999670325708773
2024-06-13,164.8831787109375,165.50158074563853,1.0969679399780083,2.908855827340073,1.7055368150057837,0.6602346958358054,0.999670325708773
2024-06-14,170.38748168945312,170.01342366229193,1.0969679399780083,2.908855827340073,1.7055368150057837,0.6602346958358054,0.999670325708773
2024-06-17,179.60191345214844,178.50807880842683,1.0969679399780083,2.908855827340073,1.7055368150057837,0.6602346958358054,0.999670325708773
2024-06-18,177.01426696777344,177.43105432975588,1.0969679399780083,2.908855827340073,1.7055368150057837,0.6602346958358054,0.999670325708773
2024-06-20,170.34034729003906,170.9409490467923,1.0969679399780083,2.908855827340073,1.7055368150057837,0.6602346958358054,0.999670325708773
2024-06-21,162.8837432861328,164.57776301185856,1.0969679399780083,2.908855827340073,1.7055368150057837,0.6602346958358054,0.999670325708773
2024-06-24,156.85752868652344,159.27681397410424,1.0969679399780083,2.908855827340073,1.7055368150057837,0.6602346958358054,0.999670325708773
2024-06-25,155.7324676513672,155.38050571384667,1.0969679399780083,2.908855827340073,1.7055368150057837,0.6602346958358054,0.999670325708773
2024-06-26,156.8368377685547,157.20165302987607,1.0969679399780083,2.908855827340073,1.7055368150057837,0.6602346958358054,0.999670325708773
2024-06-27,156.31077575683594,156.36451159366837,1.0969679399780083,2.908855827340073,1.7055368150057837,0.6602346958358054,0.999670325708773
2024-06-28,158.1697540283203,159.88105754126943,1.0969679399780083,2.908855827340073,1.7055368150057837,0.6602346958358054,0.999670325708773
2024-07-01,161.64442443847656,160.4957268428056,1.0969679399780083,2.908855827340073,1.7055368150057837,0.6602346958358054,0.999670325708773
2024-07-02,163.28765869140625,161.71340750721967,1.0969679399780083,2.908855827340073,1.7055368150057837,0.6602346958358054,0.999670325708773
2024-07-03,170.35516357421875,168.7270145250103,1.0969679399780083,2.908855827340073,1.7055368150057837,0.6602346958358054,0.999670325708773
2024-07-05,167.8026123046875,169.1345998121269,1.0969679399780083,2.908855827340073,1.7055368150057837,0.6602346958358054,0.999670325708773
2024-07-08,171.99444580078125,172.07074958146907,1.0969679399780083,2.908855827340073,1.7055368150057837,0.6602346958358054,0.999670325708773
2024-07-09,170.75808715820312,170.2557708394151,1.0969679399780083,2.908855827340073,1.7055368150057837,0.6602346958358054,0.999670325708773
2024-07-10,171.8791961669922,172.1807022702655,1.0969679399780083,2.908855827340073,1.7055368150057837,0.6602346958358054,0.999670325708773
2024-07-11,168.06271362304688,166.37450239285454,1.0969679399780083,2.908855827340073,1.7055368150057837,0.6602346958358054,0.999670325708773
2024-07-12,167.54254150390625,168.30108900847614,1.0969679399780083,2.908855827340073,1.7055368150057837,0.6602346958358054,0.999670325708773
2024-07-15,168.87545776367188,169.71906241719546,1.0969679399780083,2.908855827340073,1.7055368150057837,0.6602346958358054,0.999670325708773
2024-07-16,166.86575317382812,165.54520216137067,1.0969679399780083,2.908855827340073,1.7055368150057837,0.6602346958358054,0.999670325708773
2024-07-17,153.66464233398438,155.1283524621361,1.0969679399780083,2.908855827340073,1.7055368150057837,0.6602346958358054,0.999670325708773
2024-07-18,158.13723754882812,154.69504713155158,1.0969679399780083,2.908855827340073,1.7055368150057837,0.6602346958358054,0.999670325708773
2024-07-19,155.0143280029297,157.4345956777487,1.0969679399780083,2.908855827340073,1.7055368150057837,0.6602346958358054,0.999670325708773
2024-07-22,158.6692352294922,158.24917382110738,1.0969679399780083,2.908855827340073,1.7055368150057837,0.6602346958358054,0.999670325708773
2024-07-23,161.33901977539062,161.51210121447022,1.0969679399780083,2.908855827340073,1.7055368150057837,0.6602346958358054,0.999670325708773
2024-07-24,149.09352111816406,151.55442069314202,1.0969679399780083,2.908855827340073,1.7055368150057837,0.6602346958358054,0.999670325708773
2024-07-25,147.04440307617188,146.3211321904142,1.0969679399780083,2.908855827340073,1.7055368150057837,0.6602346958358054,0.999670325708773
2024-07-26,149.3792266845703,148.59321358865637,1.0969679399780083,2.908855827340073,1.7055368150057837,0.6602346958358054,0.999670325708773
2024-07-29,147.9901580810547,149.88258312641366,1.0969679399780083,2.908855827340073,1.7055368150057837,0.6602346958358054,0.999670325708773
2024-07-30,141.38961791992188,143.38203400372328,1.0969679399780083,2.908855827340073,1.7055368150057837,0.6602346958358054,0.999670325708773
2024-07-31,158.29486083984375,156.4459494536589,1.0969679399780083,2.908855827340073,1.7055368150057837,0.6602346958358054,0.999670325708773
2024-08-01,144.83766174316406,147.34468168730226,1.0969679399780083,2.908855827340073,1.7055368150057837,0.6602346958358054,0.999670325708773
2024-08-02,141.68516540527344,140.699373011623,1.0969679399780083,2.908855827340073,1.7055368150057837,0.6602346958358054,0.999670325708773
2024-08-05,139.97097778320312,138.8483548524896,1.0969679399780083,2.908855827340073,1.7055368150057837,0.6602346958358054,0.999670325708773
2024-08-06,141.7836456298828,144.00834450287593,1.0969679399780083,2.908855827340073,1.7055368150057837,0.6602346958358054,0.999670325708773
2024-08-07,134.24722290039062,137.6772752239323,1.0969679399780083,2.908855827340073,1.7055368150057837,0.6602346958358054,0.999670325708773
2024-08-08,143.57664489746094,140.8433065421459,1.0969679399780083,2.908855827340073,1.7055368150057837,0.6602346958358054,0.999670325708773
2024-08-09,146.05923461914062,146.17830247391367,1.0969679399780083,2.908855827340073,1.7055368150057837,0.6602346958358054,0.999670325708773
2024-08-12,146.4138946533203,146.9783437854012,1.0969679399780083,2.908855827340073,1.7055368150057837,0.6602346958358054,0.999670325708773
2024-08-13,153.8419647216797,151.71756280196254,1.0969679399780083,2.908855827340073,1.7055368150057837,0.6602346958358054,0.999670325708773
2024-08-14,155.34925842285156,154.89425891708746,1.0969679399780083,2.908855827340073,1.7055368150057837,0.6602346958358054,0.999670325708773
2024-08-15,163.6639862060547,162.42376322761405,1.0969679399780083,2.908855827340073,1.7055368150057837,0.6602346958358054,0.999670325708773
2024-08-16,163.26007080078125,162.00513140380156,1.0969679399780083,2.908855827340073,1.7055368150057837,0.6602346958358054,0.999670325708773
2024-08-19,165.2205352783203,161.285689734579,1.0969679399780083,2.908855827340073,1.7055368150057837,0.6602346958358054,0.999670325708773
2024-08-20,163.48663330078125,163.43612091697852,1.0969679399780083,2.908855827340073,1.7055368150057837,0.6602346958358054,0.999670325708773
2024-08-21,163.3191680908203,162.0821931221111,1.0969679399780083,2.908855827340073,1.7055368150057837,0.6602346958358054,0.999670325708773
2024-08-22,159.9302215576172,162.21352452015395,1.0969679399780083,2.908855827340073,1.7055368150057837,0.6602346958358054,0.999670325708773
2024-08-23,163.89056396484375,163.96015488524012,1.0969679399780083,2.908855827340073,1.7055368150057837,0.6602346958358054,0.999670325708773
2024-08-26,157.25059509277344,158.21783790887642,1.0969679399780083,2.908855827340073,1.7055368150057837,0.6602346958358054,0.999670325708773
2024-08-27,158.9943389892578,157.35890037294246,1.0969679399780083,2.908855827340073,1.7055368150057837,0.6602346958358054,0.999670325708773
2024-08-28,155.8319854736328,156.47986252841451,1.0969679399780083,2.908855827340073,1.7055368150057837,0.6602346958358054,0.999670325708773
2024-08-29,154.6005401611328,157.40287913030474,1.0969679399780083,2.908855827340073,1.7055368150057837,0.6602346958358054,0.999670325708773
2024-08-30,160.40313720703125,158.58528712043665,1.0969679399780083,2.908855827340073,1.7055368150057837,0.6602346958358054,0.999670325708773
2024-09-03,150.52200317382812,151.2639225854014,1.0969679399780083,2.908855827340073,1.7055368150057837,0.6602346958358054,0.999670325708773
2024-09-04,151.8322296142578,152.95970266770905,1.0969679399780083,2.908855827340073,1.7055368150057837,0.6602346958358054,0.999670325708773
2024-09-05,150.5515594482422,152.50421117855782,1.0969679399780083,2.908855827340073,1.7055368150057837,0.6602346958358054,0.999670325708773
2024-09-06,134.9663848876953,136.18075747095088,1.0969679399780083,2.908855827340073,1.7055368150057837,0.6602346958358054,0.999670325708773
2024-09-09,138.72967529296875,135.7114488554885,1.0969679399780083,2.908855827340073,1.7055368150057837,0.6602346958358054,0.999670325708773
2024-09-10,146.00997924804688,145.6499012290544,1.0969679399780083,2.908855827340073,1.7055368150057837,0.6602346958358054,0.999670325708773
2024-09-11,155.920654296875,151.57065999198292,1.0969679399780083,2.908855827340073,1.7055368150057837,0.6602346958358054,0.999670325708773
2024-09-12,162.11729431152344,161.11252171714997,1.0969679399780083,2.908855827340073,1.7055368150057837,0.6602346958358054,0.999670325708773
2024-09-13,165.20082092285156,163.3087664306587,1.0969679399780083,2.908855827340073,1.7055368150057837,0.6602346958358054,0.999670325708773
2024-09-16,161.58531188964844,159.33933172752543,1.0969679399780083,2.908855827340073,1.7055368150057837,0.6602346958358054,0.999670325708773
2024-09-17,160.05833435058594,159.79053886584055,1.0969679399780083,2.908855827340073,1.7055368150057837,0.6602346958358054,0.999670325708773
2024-09-18,159.2701873779297,162.38568450578532,1.0969679399780083,2.908855827340073,1.7055368150057837,0.6602346958358054,0.999670325708773
2024-09-19,165.477294921875,166.06210338705344,1.0969679399780083,2.908855827340073,1.7055368150057837,0.6602346958358054,0.999670325708773
2024-09-20,169.1146240234375,168.53872248042254,1.0969679399780083,2.908855827340073,1.7055368150057837,0.6602346958358054,0.999670325708773
2024-09-23,170.93325805664062,168.27160113339747,1.0969679399780083,2.908855827340073,1.7055368150057837,0.6602346958358054,0.999670325708773
2024-09-24,172.8112030029297,172.5013713995523,1.0969679399780083,2.908855827340073,1.7055368150057837,0.6602346958358054,0.999670325708773
2024-09-25,173.48333740234375,173.98869678290862,1.0969679399780083,2.908855827340073,1.7055368150057837,0.6602346958358054,0.999670325708773
2024-09-26,176.02349853515625,175.14694347264432,1.0969679399780083,2.908855827340073,1.7055368150057837,0.6602346958358054,0.999670325708773
2024-09-27,170.6861572265625,171.38869949101027,1.0969679399780083,2.908855827340073,1.7055368150057837,0.6602346958358054,0.999670325708773
2024-09-30,170.4983673095703,169.0671232353293,1.0969679399780083,2.908855827340073,1.7055368150057837,0.6602346958358054,0.999670325708773
2024-10-01,165.5267333984375,165.32424963604595,1.0969679399780083,2.908855827340073,1.7055368150057837,0.6602346958358054,0.999670325708773
2024-10-02,168.67971801757812,169.36484691273046,1.0969679399780083,2.908855827340073,1.7055368150057837,0.6602346958358054,0.999670325708773
2024-10-03,169.8954315185547,171.5158754628282,1.0969679399780083,2.908855827340073,1.7055368150057837,0.6602346958358054,0.999670325708773
2024-10-04,174.59033203125,171.94028917243585,1.0969679399780083,2.908855827340073,1.7055368150057837,0.6602346958358054,0.999670325708773
2024-10-07,173.0484161376953,174.85621571663975,1.0969679399780083,2.908855827340073,1.7055368150057837,0.6602346958358054,0.999670325708773
2024-10-08,178.6328582763672,177.82778872675155,1.0969679399780083,2.908855827340073,1.7055368150057837,0.6602346958358054,0.999670325708773
2024-10-09,183.79229736328125,180.5264181650924,1.0969679399780083,2.908855827340073,1.7055368150057837,0.6602346958358054,0.999670325708773
2024-10-10,183.53530883789065,182.89108004961318,1.0969679399780083,2.908855827340073,1.7055368150057837,0.6602346958358054,0.999670325708773
2024-10-11,179.37416076660156,177.3423774664145,1.0969679399780083,2.908855827340073,1.7055368150057837,0.6602346958358054,0.999670325708773
2024-10-14,180.1945343017578,180.0861120541417,1.0969679399780083,2.908855827340073,1.7055368150057837,0.6602346958358054,0.999670325708773
2024-10-15,173.93798828125,173.6361340008967,1.0969679399780083,2.908855827340073,1.7055368150057837,0.6602346958358054,0.999670325708773
2024-10-16,174.7682342529297,174.65042642631002,1.0969679399780083,2.908855827340073,1.7055368150057837,0.6602346958358054,0.999670325708773
2024-10-17,179.42359924316406,182.05828658610415,1.0969679399780083,2.908855827340073,1.7055368150057837,0.6602346958358054,0.999670325708773
2024-10-18,177.8026123046875,177.789635899829,1.0969679399780083,2.908855827340073,1.7055368150057837,0.6602346958358054,0.999670325708773
2024-10-21,177.90145874023438,178.36544647098725,1.0969679399780083,2.908855827340073,1.7055368150057837,0.6602346958358054,0.999670325708773
2024-10-22,177.29852294921875,177.3221338002033,1.0969679399780083,2.908855827340073,1.7055368150057837,0.6602346958358054,0.999670325708773
2024-10-23,171.4966278076172,172.75774331612251,1.0969679399780083,2.908855827340073,1.7055368150057837,0.6602346958358054,0.999670325708773
2024-10-24,169.3616943359375,168.6528101068332,1.0969679399780083,2.908855827340073,1.7055368150057837,0.6602346958358054,0.999670325708773
2024-10-25,170.99256896972656,173.16437033795413,1.0969679399780083,2.908855827340073,1.7055368150057837,0.6602346958358054,0.999670325708773
2024-10-28,170.02394104003906,170.6007155820645,1.0969679399780083,2.908855827340073,1.7055368150057837,0.6602346958358054,0.999670325708773
2024-10-29,177.16015625,175.53757208780118,1.0969679399780083,2.908855827340073,1.7055368150057837,0.6602346958358054,0.999670325708773
2024-10-30,174.59033203125,175.43213065910683,1.0969679399780083,2.908855827340073,1.7055368150057837,0.6602346958358054,0.999670325708773
2024-10-31,167.800048828125,166.95887716798558,1.0969679399780083,2.908855827340073,1.7055368150057837,0.6602346958358054,0.999670325708773
2024-11-01,166.95989990234375,168.21200066595912,1.0969679399780083,2.908855827340073,1.7055368150057837,0.6602346958358054,0.999670325708773
2024-11-04,166.59420776367188,169.2143659530585,1.0969679399780083,2.908855827340073,1.7055368150057837,0.6602346958358054,0.999670325708773
2024-11-05,171.88211059570312,171.5574572916689,1.0969679399780083,2.908855827340073,1.7055368150057837,0.6602346958358054,0.999670325708773
2024-11-06,177.466552734375,175.2514113971515,1.0969679399780083,2.908855827340073,1.7055368150057837,0.6602346958358054,0.999670325708773
2024-11-07,181.6771240234375,182.10555383263815,1.0969679399780083,2.908855827340073,1.7055368150057837,0.6602346958358054,0.999670325708773
2024-11-08,181.50909423828125,181.70272670329769,1.0969679399780083,2.908855827340073,1.7055368150057837,0.6602346958358054,0.999670325708773
2024-11-11,176.833984375,176.37804291176775,1.0969679399780083,2.908855827340073,1.7055368150057837,0.6602346958358054,0.999670325708773
2024-11-12,174.17520141601562,172.95566991380258,1.0969679399780083,2.908855827340073,1.7055368150057837,0.6602346958358054,0.999670325708773
2024-11-13,171.5658416748047,171.85828144263238,1.0969679399780083,2.908855827340073,1.7055368150057837,0.6602346958358054,0.999670325708773
2024-11-14,168.40296936035156,169.6194814816425,1.0969679399780083,2.908855827340073,1.7055368150057837,0.6602346958358054,0.999670325708773
2024-11-15,162.92724609375,163.17475294923165,1.0969679399780083,2.908855827340073,1.7055368150057837,0.6602346958358054,0.999670325708773
2024-11-18,163.7476043701172,161.69180638012784,1.0969679399780083,2.908855827340073,1.7055368150057837,0.6602346958358054,0.999670325708773
2024-11-19,163.4313201904297,163.14112768699061,1.0969679399780083,2.908855827340073,1.7055368150057837,0.6602346958358054,0.999670325708773
2024-11-20,161.35569763183594,160.05632448935958,1.0969679399780083,2.908855827340073,1.7055368150057837,0.6602346958358054,0.999670325708773
2024-11-21,162.0376739501953,160.0522464026339,1.0969679399780083,2.908855827340073,1.7055368150057837,0.6602346958358054,0.999670325708773
2024-11-22,162.32431030273438,161.52143881795243,1.0969679399780083,2.908855827340073,1.7055368150057837,0.6602346958358054,0.999670325708773
2024-11-25,162.90748596191406,163.04595958842992,1.0969679399780083,2.908855827340073,1.7055368150057837,0.6602346958358054,0.999670325708773
2024-11-26,162.8284149169922,162.68520123341045,1.0969679399780083,2.908855827340073,1.7055368150057837,0.6602346958358054,0.999670325708773
2024-11-27,157.8172149658203,156.95514869290628,1.0969679399780083,2.908855827340073,1.7055368150057837,0.6602346958358054,0.999670325708773
2024-11-29,160.19927978515625,159.8640318946649,1.0969679399780083,2.908855827340073,1.7055368150057837,0.6602346958358054,0.999670325708773
2024-12-02,164.57785034179688,165.19102123080725,1.0969679399780083,2.908855827340073,1.7055368150057837,0.6602346958358054,0.999670325708773
2024-12-03,166.19883728027344,165.26384411315138,1.0969679399780083,2.908855827340073,1.7055368150057837,0.6602346958358054,0.999670325708773
2024-12-04,168.58087158203125,169.1929440533527,1.0969679399780083,2.908855827340073,1.7055368150057837,0.6602346958358054,0.999670325708773
2024-12-05,168.49191284179688,168.97039649624784,1.0969679399780083,2.908855827340073,1.7055368150057837,0.6602346958358054,0.999670325708773
2024-12-06,177.44677734375,175.69881803057083,1.0969679399780083,2.908855827340073,1.7055368150057837,0.6602346958358054,0.999670325708773
2024-12-09,176.8636474609375,176.12124862670598,1.0969679399780083,2.908855827340073,1.7055368150057837,0.6602346958358054,0.999670325708773
2024-12-10,169.8163604736328,169.99398243872795,1.0969679399780083,2.908855827340073,1.7055368150057837,0.6602346958358054,0.999670325708773
2024-12-11,181.07418823242188,178.9367875492351,1.0969679399780083,2.908855827340073,1.7055368150057837,0.6602346958358054,0.999670325708773
2024-12-12,178.56369018554688,175.8958958815855,1.0969679399780083,2.908855827340073,1.7055368150057837,0.6602346958358054,0.999670325708773
2024-12-13,222.1914978027344,220.63543307671947,1.0969679399780083,2.908855827340073,1.7055368150057837,0.6602346958358054,0.999670325708773
2024-12-16,247.09906005859372,243.7757751731754,1.0969679399780083,2.908855827340073,1.7055368150057837,0.6602346958358054,0.999670325708773
2024-12-17,237.44244384765625,234.02521305326417,1.0969679399780083,2.908855827340073,1.7055368150057837,0.6602346958358054,0.999670325708773
2024-12-18,221.02517700195312,221.041952301547,1.0969679399780083,2.908855827340073,1.7055368150057837,0.6602346958358054,0.999670325708773
2024-12-19,215.7866973876953,217.3468103043413,1.0969679399780083,2.908855827340073,1.7055368150057837,0.6602346958358054,0.999670325708773
2024-12-20,218.22799682617188,224.41497924440213,1.0969679399780083,2.908855827340073,1.7055368150057837,0.6602346958358054,0.999670325708773
2024-12-23,230.2692108154297,228.74883195496173,1.0969679399780083,2.908855827340073,1.7055368150057837,0.6602346958358054,0.999670325708773
2024-12-24,237.53355407714844,234.0481761555157,1.0969679399780083,2.908855827340073,1.7055368150057837,0.6602346958358054,0.999670325708773
2024-12-26,243.1626892089844,241.7074934591932,1.0969679399780083,2.908855827340073,1.7055368150057837,0.6602346958358054,0.999670325708773
2024-12-27,239.58502197265625,236.35374299906718,1.0969679399780083,2.908855827340073,1.7055368150057837,0.6602346958358054,0.999670325708773
2024-12-30,233.4702911376953,233.47145468776864,1.0969679399780083,2.908855827340073,1.7055368150057837,0.6602346958358054,0.999670325708773
2024-12-31,229.76377868652344,231.55618881762152,1.0969679399780083,2.908855827340073,1.7055368150057837,0.6602346958358054,0.999670325708773
2025-01-02,229.9025115966797,232.0824728387593,1.0969679399780083,2.908855827340073,1.7055368150057837,0.6602346958358054,0.999670325708773
2025-01-03,230.4674224853516,230.26858119307974,1.0969679399780083,2.908855827340073,1.7055368150057837,0.6602346958358054,0.999670325708773
2025-01-06,234.29283142089844,236.05531823203754,1.0969679399780083,2.908855827340073,1.7055368150057837,0.6602346958358054,0.999670325708773
2025-01-07,226.59243774414065,228.05380860853003,1.0969679399780083,2.908855827340073,1.7055368150057837,0.6602346958358054,0.999670325708773
2025-01-08,227.2564239501953,227.07367994345776,1.0969679399780083,2.908855827340073,1.7055368150057837,0.6602346958358054,0.999670325708773
2025-01-10,222.30120849609372,221.05831000715708,1.0969679399780083,2.908855827340073,1.7055368150057837,0.6602346958358054,0.999670325708773
2025-01-13,223.2724456787109,224.9037846630759,1.0969679399780083,2.908855827340073,1.7055368150057837,0.6602346958358054,0.999670325708773
2025-01-14,222.6876983642578,224.80128126038161,1.0969679399780083,2.908855827340073,1.7055368150057837,0.6602346958358054,0.999670325708773
2025-01-15,225.95816040039065,225.731730674468,1.0969679399780083,2.908855827340073,1.7055368150057837,0.6602346958358054,0.999670325708773
2025-01-16,227.35552978515625,231.10744176561224,1.0969679399780083,2.908855827340073,1.7055368150057837,0.6602346958358054,0.999670325708773
2025-01-17,235.31362915039065,232.44936433490162,1.0969679399780083,2.908855827340073,1.7055368150057837,0.6602346958358054,0.999670325708773
2025-01-21,238.1579132080078,237.2668033630875,1.0969679399780083,2.908855827340073,1.7055368150057837,0.6602346958358054,0.999670325708773
2025-01-22,238.7525329589844,240.1335696239674,1.0969679399780083,2.908855827340073,1.7055368150057837,0.6602346958358054,0.999670325708773
2025-01-23,238.12820434570312,236.21489998027891,1.0969679399780083,2.908855827340073,1.7055368150057837,0.6602346958358054,0.999670325708773
2025-01-24,242.50860595703125,244.2517357570864,1.0969679399780083,2.908855827340073,1.7055368150057837,0.6602346958358054,0.999670325708773
2025-01-27,200.31985473632807,201.74923739024385,1.0969679399780083,2.908855827340073,1.7055368150057837,0.6602346958358054,0.999670325708773
2025-01-28,205.5030212402344,200.52686509090506,1.0969679399780083,2.908855827340073,1.7055368150057837,0.6602346958358054,0.999670325708773
2025-01-29,204.5020294189453,204.30618825261863,1.0969679399780083,2.908855827340073,1.7055368150057837,0.6602346958358054,0.999670325708773
2025-01-30,213.72866821289065,215.51976852711755,1.0969679399780083,2.908855827340073,1.7055368150057837,0.6602346958358054,0.999670325708773
2025-01-31,219.28843688964844,220.6540442487064,1.0969679399780083,2.908855827340073,1.7055368150057837,0.6602346958358054,0.999670325708773
2025-02-03,215.78012084960935,216.3599129422449,1.0969679399780083,2.908855827340073,1.7055368150057837,0.6602346958358054,0.999670325708773
2025-02-04,220.4380340576172,217.16669564732288,1.0969679399780083,2.908855827340073,1.7055368150057837,0.6602346958358054,0.999670325708773
2025-02-05,229.92233276367188,229.95578443080777,1.0969679399780083,2.908855827340073,1.7055368150057837,0.6602346958358054,0.999670325708773
2025-02-06,229.2880706787109,228.11840518682953,1.0969679399780083,2.908855827340073,1.7055368150057837,0.6602346958358054,0.999670325708773
2025-02-07,222.85618591308597,224.89534963184033,1.0969679399780083,2.908855827340073,1.7055368150057837,0.6602346958358054,0.999670325708773
2025-02-10,232.93511962890625,231.75915370667505,1.0969679399780083,2.908855827340073,1.7055368150057837,0.6602346958358054,0.999670325708773
2025-02-11,232.93511962890625,232.74174908188087,1.0969679399780083,2.908855827340073,1.7055368150057837,0.6602346958358054,0.999670325708773
2025-02-12,234.2333984375,232.90551902730343,1.0969679399780083,2.908855827340073,1.7055368150057837,0.6602346958358054,0.999670325708773
2025-02-13,233.6883087158203,230.6037791437773,1.0969679399780083,2.908855827340073,1.7055368150057837,0.6602346958358054,0.999670325708773
2025-02-14,230.95301818847656,229.08513871674924,1.0969679399780083,2.908855827340073,1.7055368150057837,0.6602346958358054,0.999670325708773
2025-02-18,226.4833984375,225.2295960894582,1.0969679399780083,2.908855827340073,1.7055368150057837,0.6602346958358054,0.999670325708773
2025-02-19,226.6816253662109,224.21943527499624,1.0969679399780083,2.908855827340073,1.7055368150057837,0.6602346958358054,0.999670325708773
2025-02-20,224.70944213867188,222.3675601536167,1.0969679399780083,2.908855827340073,1.7055368150057837,0.6602346958358054,0.999670325708773
2025-02-21,216.70181274414065,217.41741736370548,1.0969679399780083,2.908855827340073,1.7055368150057837,0.6602346958358054,0.999670325708773
2025-02-24,206.06790161132807,208.66459475373225,1.0969679399780083,2.908855827340073,1.7055368150057837,0.6602346958358054,0.999670325708773
2025-02-25,200.7261657714844,201.7398920256251,1.0969679399780083,2.908855827340073,1.7055368150057837,0.6602346958358054,0.999670325708773
2025-02-26,211.03302001953125,209.58467871215763,1.0969679399780083,2.908855827340073,1.7055368150057837,0.6602346958358054,0.999670325708773
2025-02-27,196.02862548828125,201.0802671486647,1.0969679399780083,2.908855827340073,1.7055368150057837,0.6602346958358054,0.999670325708773
2025-02-28,197.64401245117188,196.25273445481054,1.0969679399780083,2.908855827340073,1.7055368150057837,0.6602346958358054,0.999670325708773
2025-03-03,185.6920166015625,186.7923796582062,1.0969679399780083,2.908855827340073,1.7055368150057837,0.6602346958358054,0.999670325708773
2025-03-04,185.801025390625,184.2986520748738,1.0969679399780083,2.908855827340073,1.7055368150057837,0.6602346958358054,0.999670325708773
2025-03-05,189.8643341064453,188.21689122279034,1.0969679399780083,2.908855827340073,1.7055368150057837,0.6602346958358054,0.999670325708773
2025-03-06,177.84295654296875,181.2653139506551,1.0969679399780083,2.908855827340073,1.7055368150057837,0.6602346958358054,0.999670325708773
2025-03-07,193.21405029296875,187.1854998711086,1.0969679399780083,2.908855827340073,1.7055368150057837,0.6602346958358054,0.999670325708773
2025-03-10,182.7981719970703,182.550522957375,1.0969679399780083,2.908855827340073,1.7055368150057837,0.6602346958358054,0.999670325708773
2025-03-11,188.38766479492188,190.14749069534935,1.0969679399780083,2.908855827340073,1.7055368150057837,0.6602346958358054,0.999670325708773
2025-03-12,192.49058532714844,194.5048205364149,1.0969679399780083,2.908855827340073,1.7055368150057837,0.6602346958358054,0.999670325708773
2025-03-13,189.64627075195312,191.08344277147455,1.0969679399780083,2.908855827340073,1.7055368150057837,0.6602346958358054,0.999670325708773
2025-03-14,193.78884887695312,193.24119865061476,1.0969679399780083,2.908855827340073,1.7055368150057837,0.6602346958358054,0.999670325708773
2025-03-17,192.7581787109375,192.70506390697463,1.0969679399780083,2.908855827340073,1.7055368150057837,0.6602346958358054,0.999670325708773
2025-03-18,186.9803771972656,187.9614063984497,1.0969679399780083,2.908855827340073,1.7055368150057837,0.6602346958358054,0.999670325708773
2025-03-19,193.81858825683597,192.6636515887072,1.0969679399780083,2.908855827340073,1.7055368150057837,0.6602346958358054,0.999670325708773
2025-03-20,189.4050445556641,190.28293141656806,1.0969679399780083,2.908855827340073,1.7055368150057837,0.6602346958358054,0.999670325708773
2025-03-21,190.5183563232422,189.56583008941374,1.0969679399780083,2.908855827340073,1.7055368150057837,0.6602346958358054,0.999670325708773
2025-03-24,190.1107940673828,192.25530080518837,1.0969679399780083,2.908855827340073,1.7055368150057837,0.6602346958358054,0.999670325708773
2025-03-25,187.13861083984372,187.92257527534605,1.0969679399780083,2.908855827340073,1.7055368150057837,0.6602346958358054,0.999670325708773
2025-03-26,178.20216369628906,179.49948119836708,1.0969679399780083,2.908855827340073,1.7055368150057837,0.6602346958358054,0.999670325708773
2025-03-27,170.9655303955078,171.54457459071295,1.0969679399780083,2.908855827340073,1.7055368150057837,0.6602346958358054,0.999670325708773
2025-03-28,168.11260986328125,167.73984923809948,1.0969679399780083,2.908855827340073,1.7055368150057837,0.6602346958358054,0.999670325708773
2025-03-31,166.43267822265625,163.19977762494747,1.0969679399780083,2.908855827340073,1.7055368150057837,0.6602346958358054,0.999670325708773
2025-04-01,167.5161895751953,164.96655098274135,1.0969679399780083,2.908855827340073,1.7055368150057837,0.6602346958358054,0.999670325708773
2025-04-02,171.06492614746094,170.39452880819937,1.0969679399780083,2.908855827340073,1.7055368150057837,0.6602346958358054,0.999670325708773
2025-04-03,153.09262084960938,156.44893994622316,1.0969679399780083,2.908855827340073,1.7055368150057837,0.6602346958358054,0.999670325708773
2025-04-04,145.41860961914062,143.7239385897977,1.0969679399780083,2.908855827340073,1.7055368150057837,0.6602346958358054,0.999670325708773
2025-04-07,153.2218475341797,150.75297874470098,1.0969679399780083,2.908855827340073,1.7055368150057837,0.6602346958358054,0.999670325708773
2025-04-08,155.1005859375,156.73586383138917,1.0969679399780083,2.908855827340073,1.7055368150057837,0.6602346958358054,0.999670325708773
2025-04-09,184.0471343994141,177.69827003552402,1.0969679399780083,2.908855827340073,1.7055368150057837,0.6602346958358054,0.999670325708773
2025-04-10,171.273681640625,168.5338656260246,1.0969679399780083,2.908855827340073,1.7055368150057837,0.6602346958358054,0.999670325708773
2025-04-11,180.85626220703125,179.40255590429643,1.0969679399780083,2.908855827340073,1.7055368150057837,0.6602346958358054,0.999670325708773
2025-04-14,177.29759216308594,177.4153079656942,1.0969679399780083,2.908855827340073,1.7055368150057837,0.6602346958358054,0.999670325708773
2025-04-15,177.88406372070312,179.4548814336833,1.0969679399780083,2.908855827340073,1.7055368150057837,0.6602346958358054,0.999670325708773
2025-04-16,173.56993103027344,171.07106227599692,1.0969679399780083,2.908855827340073,1.7055368150057837,0.6602346958358054,0.999670325708773
2025-04-17,169.97149658203125,170.29396743634197,1.0969679399780083,2.908855827340073,1.7055368150057837,0.6602346958358054,0.999670325708773
2025-04-21,165.219970703125,162.61246008428375,1.0969679399780083,2.908855827340073,1.7055368150057837,0.6602346958358054,0.999670325708773
2025-04-22,168.56988525390625,167.187428989585,1.0969679399780083,2.908855827340073,1.7055368150057837,0.6602346958358054,0.999670325708773
2025-04-23,175.85623168945312,177.37254537007257,1.0969679399780083,2.908855827340073,1.7055368150057837,0.6602346958358054,0.999670325708773
2025-04-24,187.0292510986328,184.448917251107,1.0969679399780083,2.908855827340073,1.7055368150057837,0.6602346958358054,0.999670325708773
2025-04-25,191.16448974609372,190.8958162109535,1.0969679399780083,2.908855827340073,1.7055368150057837,0.6602346958358054,0.999670325708773
2025-04-28,191.32354736328125,189.26493466122417,1.0969679399780083,2.908855827340073,1.7055368150057837,0.6602346958358054,0.999670325708773
2025-04-29,190.03128051757807,190.65235654456077,1.0969679399780083,2.908855827340073,1.7055368150057837,0.6602346958358054,0.999670325708773
2025-04-30,191.32354736328125,189.0331399107091,1.0969679399780083,2.908855827340073,1.7055368150057837,0.6602346958358054,0.999670325708773
2025-05-01,196.15460205078125,198.13198416605184,1.0969679399780083,2.908855827340073,1.7055368150057837,0.6602346958358054,0.999670325708773
2025-05-02,202.427001953125,201.99610979366324,1.0969679399780083,2.908855827340073,1.7055368150057837,0.6602346958358054,0.999670325708773
2025-05-05,199.5243988037109,201.348701966157,1.0969679399780083,2.908855827340073,1.7055368150057837,0.6602346958358054,0.999670325708773
2025-05-06,198.8981475830078,199.24671580406425,1.0969679399780083,2.908855827340073,1.7055368150057837,0.6602346958358054,0.999670325708773
2025-05-07,203.5900421142578,202.91038197773779,1.0969679399780083,2.908855827340073,1.7055368150057837,0.6602346958358054,0.999670325708773
2025-05-08,206.5323944091797,205.92377948910584,1.0969679399780083,2.908855827340073,1.7055368150057837,0.6602346958358054,0.999670325708773
2025-05-09,206.9598388671875,206.53599002832846,1.0969679399780083,2.908855827340073,1.7055368150057837,0.6602346958358054,0.999670325708773
2025-05-12,220.26014709472656,217.2829429761027,1.0969679399780083,2.908855827340073,1.7055368150057837,0.6602346958358054,0.999670325708773
2025-05-13,231.0355682373047,231.02501696144853,1.0969679399780083,2.908855827340073,1.7055368150057837,0.6602346958358054,0.999670325708773
2025-05-14,230.7373504638672,230.09412978503744,1.0969679399780083,2.908855827340073,1.7055368150057837,0.6602346958358054,0.999670325708773
2025-05-15,231.25425720214844,230.6367414480995,1.0969679399780083,2.908855827340073,1.7055368150057837,0.6602346958358054,0.999670325708773
2025-05-16,227.24826049804688,226.66682144600298,1.0969679399780083,2.908855827340073,1.7055368150057837,0.6602346958358054,0.999670325708773
2025-05-19,229.25624084472656,227.72218636521484,1.0969679399780083,2.908855827340073,1.7055368150057837,0.6602346958358054,0.999670325708773
2025-05-20,230.29998779296875,229.2912440966927,1.0969679399780083,2.908855827340073,1.7055368150057837,0.6602346958358054,0.999670325708773
2025-05-21,228.3615875244141,233.0027474589603,1.0969679399780083,2.908855827340073,1.7055368150057837,0.6602346958358054,0.999670325708773
2025-05-22,229.1568298339844,230.57364017780424,1.0969679399780083,2.908855827340073,1.7055368150057837,0.6602346958358054,0.999670325708773
2025-05-23,227.35760498046875,228.05710210446196,1.0969679399780083,2.908855827340073,1.7055368150057837,0.6602346958358054,0.999670325708773
2025-05-27,234.24632263183597,233.0929892435106,1.0969679399780083,2.908855827340073,1.7055368150057837,0.6602346958358054,0.999670325708773
2025-05-28,238.0038146972656,236.73712163980622,1.0969679399780083,2.908855827340073,1.7055368150057837,0.6602346958358054,0.999670325708773
2025-05-29,240.5286865234375,237.9871060122955,1.0969679399780083,2.908855827340073,1.7055368150057837,0.6602346958358054,0.999670325708773
2025-05-30,240.62811279296875,236.4499641397352,1.0969679399780083,2.908855827340073,1.7055368150057837,0.6602346958358054,0.999670325708773
2025-06-02,247.22854614257807,247.1639151660406,1.0969679399780083,2.908855827340073,1.7055368150057837,0.6602346958358054,0.999670325708773
2025-06-03,255.320068359375,254.26318729438108,1.0969679399780083,2.908855827340073,1.7055368150057837,0.6602346958358054,0.999670325708773
2025-06-04,259.5248413085937,262.0480840945013,1.0969679399780083,2.908855827340073,1.7055368150057837,0.6602346958358054,0.999670325708773
2025-06-05,258.3817138671875,260.03551067777505,1.0969679399780083,2.908855827340073,1.7055368150057837,0.6602346958358054,0.999670325708773
2025-06-06,245.45913696289065,249.0769876235132,1.0969679399780083,2.908855827340073,1.7055368150057837,0.6602346958358054,0.999670325708773
2025-06-09,242.82493591308597,243.06782219998686,1.0969679399780083,2.908855827340073,1.7055368150057837,0.6602346958358054,0.999670325708773
2025-06-10,243.1728515625,242.34137825375052,1.0969679399780083,2.908855827340073,1.7055368150057837,0.6602346958358054,0.999670325708773
2025-06-11,251.40353393554688,249.50144111733178,1.0969679399780083,2.908855827340073,1.7055368150057837,0.6602346958358054,0.999670325708773
2025-06-12,254.5446929931641,254.28195014756582,1.0969679399780083,2.908855827340073,1.7055368150057837,0.6602346958358054,0.999670325708773
2025-06-13,247.21859741210935,250.13122788148203,1.0969679399780083,2.908855827340073,1.7055368150057837,0.6602346958358054,0.999670325708773
2025-06-16,250.5983428955078,252.197343056585,1.0969679399780083,2.908855827340073,1.7055368150057837,0.6602346958358054,0.999670325708773
2025-06-17,247.8845977783203,249.58926916894978,1.0969679399780083,2.908855827340073,1.7055368150057837,0.6602346958358054,0.999670325708773
2025-06-18,249.76333618164065,252.10511635099067,1.0969679399780083,2.908855827340073,1.7055368150057837,0.6602346958358054,0.999670325708773
2025-06-20,249.0858154296875,245.52039628589134,1.0969679399780083,2.908855827340073,1.7055368150057837,0.6602346958358054,0.999670325708773
2025-06-23,252.8521423339844,250.23733254053374,1.0969679399780083,2.908855827340073,1.7055368150057837,0.6602346958358054,0.999670325708773
2025-06-24,262.81597900390625,263.544960900819,1.0969679399780083,2.908855827340073,1.7055368150057837,0.6602346958358054,0.999670325708773
2025-06-25,263.6928100585937,266.2142284702823,1.0969679399780083,2.908855827340073,1.7055368150057837,0.6602346958358054,0.999670325708773
2025-06-26,269.1928405761719,268.67902394858163,1.0969679399780083,2.908855827340073,1.7055368150057837,0.6602346958358054,0.999670325708773
2025-06-27,268.3758239746094,268.0536259029429,1.0969679399780083,2.908855827340073,1.7055368150057837,0.6602346958358054,0.999670325708773
2025-06-30,274.6529846191406,274.22345695453276,1.0969679399780083,2.908855827340073,1.7055368150057837,0.6602346958358054,0.999670325708773
2025-07-01,263.7824401855469,264.3075693390081,1.0969679399780083,2.908855827340073,1.7055368150057837,0.6602346958358054,0.999670325708773
2025-07-02,268.9237976074219,268.4190305716493,1.0969679399780083,2.908855827340073,1.7055368150057837,0.6602346958358054,0.999670325708773
2025-07-03,274.1846923828125,273.42879859560026,1.0969679399780083,2.908855827340073,1.7055368150057837,0.6602346958358054,0.999670325708773
2025-07-07,273.18829345703125,274.30672989586566,1.0969679399780083,2.908855827340073,1.7055368150057837,0.6602346958358054,0.999670325708773
2025-07-08,270.8169250488281,271.46494996235697,1.0969679399780083,2.908855827340073,1.7055368150057837,0.6602346958358054,0.999670325708773
2025-07-09,276.8948669433594,277.0381439986633,1.0969679399780083,2.908855827340073,1.7055368150057837,0.6602346958358054,0.999670325708773
2025-07-10,274.4039001464844,274.4263195307457,1.0969679399780083,2.908855827340073,1.7055368150057837,0.6602346958358054,0.999670325708773
2025-07-11,273.3876037597656,273.42071933252527,1.0969679399780083,2.908855827340073,1.7055368150057837,0.6602346958358054,0.999670325708773
2025-07-14,274.6031799316406,272.99423683280105,1.0969679399780083,2.908855827340073,1.7055368150057837,0.6602346958358054,0.999670325708773
2025-07-15,279.9238586425781,280.241749586501,1.0969679399780083,2.908855827340073,1.7055368150057837,0.6602346958358054,0.999670325708773
2025-07-16,279.7943420410156,276.8967889492264,1.0969679399780083,2.908855827340073,1.7055368150057837,0.6602346958358054,0.999670325708773
2025-07-17,285.4139404296875,284.8909223979521,1.0969679399780083,2.908855827340073,1.7055368150057837,0.6602346958358054,0.999670325708773
2025-07-18,282.315185546875,281.7828062515049,1.0969679399780083,2.908855827340073,1.7055368150057837,0.6602346958358054,0.999670325708773
2025-07-21,287.1675720214844,288.0073753140137,1.0969679399780083,2.908855827340073,1.7055368150057837,0.6602346958358054,0.999670325708773
2025-07-22,277.5823669433594,278.13429786357955,1.0969679399780083,2.908855827340073,1.7055368150057837,0.6602346958358054,0.999670325708773
2025-07-23,282.6639099121094,278.54194054676293,1.0969679399780083,2.908855827340073,1.7055368150057837,0.6602346958358054,0.999670325708773
2025-07-24,287.665771484375,285.0655760322989,1.0969679399780083,2.908855827340073,1.7055368150057837,0.6602346958358054,0.999670325708773
2025-07-25,289.13043212890625,290.157093495865,1.0969679399780083,2.908855827340073,1.7055368150057837,0.6602346958358054,0.999670325708773
2025-07-28,293.23553466796875,292.50725446045874,1.0969679399780083,2.908855827340073,1.7055368150057837,0.6602346958358054,0.999670325708773
2025-07-29,296.3442687988281,298.2170019054979,1.0969679399780083,2.908855827340073,1.7055368150057837,0.6602346958358054,0.999670325708773
2025-07-30,301.52545166015625,299.9831258568059,1.0969679399780083,2.908855827340073,1.7055368150057837,0.6602346958358054,0.999670325708773
2025-07-31,292.6377258300781,295.0532109610387,1.0969679399780083,2.908855827340073,1.7055368150057837,0.6602346958358054,0.999670325708773
2025-08-01,287.5960388183594,286.4965679432219,1.0969679399780083,2.908855827340073,1.7055368150057837,0.6602346958358054,0.999670325708773
2025-08-04,296.6431884765625,295.6193571069274,1.0969679399780083,2.908855827340073,1.7055368150057837,0.6602346958358054,0.999670325708773
2025-08-05,291.8705139160156,294.51775606498,1.0969679399780083,2.908855827340073,1.7055368150057837,0.6602346958358054,0.999670325708773
2025-08-06,300.57891845703125,298.91815514763795,1.0969679399780083,2.908855827340073,1.7055368150057837,0.6602346958358054,0.999670325708773
2025-08-07,302.6613464355469,303.5063046137368,1.0969679399780083,2.908855827340073,1.7055368150057837,0.6602346958358054,0.999670325708773
2025-08-08,303.8669738769531,304.9992152167234,1.0969679399780083,2.908855827340073,1.7055368150057837,0.6602346958358054,0.999670325708773
2025-08-11,302.80084228515625,303.74170274317515,1.0969679399780083,2.908855827340073,1.7055368150057837,0.6602346958358054,0.999670325708773
2025-08-12,311.6985168457031,309.4789927880085,1.0969679399780083,2.908855827340073,1.7055368150057837,0.6602346958358054,0.999670325708773
2025-08-13,307.9720764160156,306.72365591561976,1.0969679399780083,2.908855827340073,1.7055368150057837,0.6602346958358054,0.999670325708773
2025-08-14,310.1043395996094,311.70128357222336,1.0969679399780083,2.908855827340073,1.7055368150057837,0.6602346958358054,0.999670325708773
2025-08-15,305.23199462890625,301.51246245955474,1.0969679399780083,2.908855827340073,1.7055368150057837,0.6602346958358054,0.999670325708773
2025-08-18,304.65411376953125,301.6070459483068,1.0969679399780083,2.908855827340073,1.7055368150057837,0.6602346958358054,0.999670325708773
2025-08-19,293.8433532714844,293.9330151286692,1.0969679399780083,2.908855827340073,1.7055368150057837,0.6602346958358054,0.999670325708773
2025-08-20,290.11688232421875,283.768557430499,1.0969679399780083,2.908855827340073,1.7055368150057837,0.6602346958358054,0.999670325708773
2025-08-21,288.55255126953125,287.9767251905709,1.0969679399780083,2.908855827340073,1.7055368150057837,0.6602346958358054,0.999670325708773
2025-08-22,292.9366455078125,295.1672268282588,1.0969679399780083,2.908855827340073,1.7055368150057837,0.6602346958358054,0.999670325708773
2025-08-25,293.16583251953125,295.4584788462706,1.0969679399780083,2.908855827340073,1.7055368150057837,0.6602346958358054,0.999670325708773
2025-08-26,296.93212890625,297.83525350024246,1.0969679399780083,2.908855827340073,1.7055368150057837,0.6602346958358054,0.999670325708773
2025-08-27,299.1640319824219,296.5453414225647,1.0969679399780083,2.908855827340073,1.7055368150057837,0.6602346958358054,0.999670325708773
2025-08-28,307.5336303710937,307.84776146129957,1.0969679399780083,2.908855827340073,1.7055368150057837,0.6602346958358054,0.999670325708773
2025-08-29,296.3143920898437,295.46053640737847,1.0969679399780083,2.908855827340073,1.7055368150057837,0.6602346958358054,0.999670325708773
2025-09-02,297.16131591796875,294.0101142183734,1.0969679399780083,2.908855827340073,1.7055368150057837,0.6602346958358054,0.999670325708773
2025-09-03,301.2962951660156,298.4308739272993,1.0969679399780083,2.908855827340073,1.7055368150057837,0.6602346958358054,0.999670325708773
2025-09-04,304.9928894042969,304.8803670890821,1.0969679399780083,2.908855827340073,1.7055368150057837,0.6602346958358054,0.999670325708773
2025-09-05,333.6787414550781,335.65244719160336,1.0969679399780083,2.908855827340073,1.7055368150057837,0.6602346958358054,0.999670325708773
2025-09-08,344.3998107910156,349.39974188973724,1.0969679399780083,2.908855827340073,1.7055368150057837,0.6602346958358054,0.999670325708773
2025-09-09,335.45233154296875,338.68441996042003,1.0969679399780083,2.908855827340073,1.7055368150057837,0.6602346958358054,0.999670325708773
2025-09-10,368.2333068847656,366.2108064662809,1.0969679399780083,2.908855827340073,1.7055368150057837,0.6602346958358054,0.999670325708773
2025-09-11,358.3292541503906,362.5462882469395,1.0969679399780083,2.908855827340073,1.7055368150057837,0.6602346958358054,0.999670325708773
2025-09-12,358.5683898925781,358.5001757904025,1.0969679399780083,2.908855827340073,1.7055368150057837,0.6602346958358054,0.999670325708773
2025-09-15,362.7731323242188,360.41818085339133,1.0969679399780083,2.908855827340073,1.7055368150057837,0.6602346958358054,0.999670325708773
2025-09-16,358.69793701171875,357.9045796555676,1.0969679399780083,2.908855827340073,1.7055368150057837,0.6602346958358054,0.999670325708773
2025-09-17,344.9179382324219,344.7625454964955,1.0969679399780083,2.908855827340073,1.7055368150057837,0.6602346958358054,0.999670325708773
2025-09-18,344.1009216308594,344.652633284116,1.0969679399780083,2.908855827340073,1.7055368150057837,0.6602346958358054,0.999670325708773
2025-09-19,343.6923828125,338.3945552412655,1.0969679399780083,2.908855827340073,1.7055368150057837,0.6602346958358054,0.999670325708773
2025-09-22,338.1430053710937,341.7721970408088,1.0969679399780083,2.908855827340073,1.7055368150057837,0.6602346958358054,0.999670325708773
2025-09-23,338.292724609375,341.17499980191536,1.0969679399780083,2.908855827340073,1.7055368150057837,0.6602346958358054,0.999670325708773
2025-09-24,338.6620178222656,334.9294907959326,1.0969679399780083,2.908855827340073,1.7055368150057837,0.6602346958358054,0.999670325708773
2025-09-25,335.4581298828125,331.99651839980686,1.0969679399780083,2.908855827340073,1.7055368150057837,0.6602346958358054,0.999670325708773
2025-09-26,333.8911437988281,332.88394396369495,1.0969679399780083,2.908855827340073,1.7055368150057837,0.6602346958358054,0.999670325708773
2025-09-29,327.2738037109375,332.75163155526866,1.0969679399780083,2.908855827340073,1.7055368150057837,0.6602346958358054,0.999670325708773
2025-09-30,329.27996826171875,326.11833010767754,1.0969679399780083,2.908855827340073,1.7055368150057837,0.6602346958358054,0.999670325708773
2025-10-01,332.7533264160156,332.41909182895677,1.0969679399780083,2.908855827340073,1.7055368150057837,0.6602346958358054,0.999670325708773
2025-10-02,337.5341491699219,337.3337124347868,1.0969679399780083,2.908855827340073,1.7055368150057837,0.6602346958358054,0.999670325708773
2025-10-03,337.7237854003906,338.7877415409662,1.0969679399780083,2.908855827340073,1.7055368150057837,0.6602346958358054,0.999670325708773
2025-10-06,334.84930419921875,340.8280096844739,1.0969679399780083,2.908855827340073,1.7055368150057837,0.6602346958358054,0.999670325708773
2025-10-07,335.7675476074219,329.133554032294,1.0969679399780083,2.908855827340073,1.7055368150057837,0.6602346958358054,0.999670325708773
2025-10-08,344.8401794433594,342.2988785426619,1.0969679399780083,2.908855827340073,1.7055368150057837,0.6602346958358054,0.999670325708773
2025-10-09,344.361083984375,342.34772714459916,1.0969679399780083,2.908855827340073,1.7055368150057837,0.6602346958358054,0.999670325708773
2025-10-10,324.0100402832031,331.8131551711772,1.0969679399780083,2.908855827340073,1.7055368150057837,0.6602346958358054,0.999670325708773
2025-10-13,356.018798828125,350.0621406690357,1.0969679399780083,2.908855827340073,1.7055368150057837,0.6602346958358054,0.999670325708773
2025-10-14,343.4728088378906,341.789980871333,1.0969679399780083,2.908855827340073,1.7055368150057837,0.6602346958358054,0.999670325708773
2025-10-15,350.6590270996094,352.3196273252695,1.0969679399780083,2.908855827340073,1.7055368150057837,0.6602346958358054,0.999670325708773
2025-10-16,353.4736633300781,355.5217981109305,1.0969679399780083,2.908855827340073,1.7055368150057837,0.6602346958358054,0.999670325708773
2025-10-17,348.6628723144531,343.2333892454313,1.0969679399780083,2.908855827340073,1.7055368150057837,0.6602346958358054,0.999670325708773
2025-10-20,348.5730285644531,350.834584773284,1.0969679399780083,2.908855827340073,1.7055368150057837,0.6602346958358054,0.999670325708773
2025-10-21,342.005615234375,343.53645455203406,1.0969679399780083,2.908855827340073,1.7055368150057837,0.6602346958358054,0.999670325708773
2025-10-22,339.6501159667969,338.02975941769853,1.0969679399780083,2.908855827340073,1.7055368150057837,0.6602346958358054,0.999670325708773
2025-10-23,343.63250732421875,344.85116596725607,1.0969679399780083,2.908855827340073,1.7055368150057837,0.6602346958358054,0.999670325708773
2025-10-24,353.4537048339844,355.34285317363816,1.0969679399780083,2.908855827340073,1.7055368150057837,0.6602346958358054,0.999670325708773
2025-10-27,361.3585815429688,356.961688143769,1.0969679399780083,2.908855827340073,1.7055368150057837,0.6602346958358054,0.999670325708773
2025-10-28,372.2577209472656,371.00298204591076,1.0969679399780083,2.908855827340073,1.7055368150057837,0.6602346958358054,0.999670325708773
2025-10-29,385.2428894042969,383.0501779727532,1.0969679399780083,2.908855827340073,1.7055368150057837,0.6602346958358054,0.999670325708773
2025-10-30,375.75103759765625,372.87379186424437,1.0969679399780083,2.908855827340073,1.7055368150057837,0.6602346958358054,0.999670325708773
2025-10-31,368.9241027832031,367.7372851756055,1.0969679399780083,2.908855827340073,1.7055368150057837,0.6602346958358054,0.999670325708773
2025-11-03,361.8576049804688,365.77650606245703,1.0969679399780083,2.908855827340073,1.7055368150057837,0.6602346958358054,0.999670325708773
2025-11-04,351.26788330078125,360.11403974538064,1.0969679399780083,2.908855827340073,1.7055368150057837,0.6602346958358054,0.999670325708773
2025-11-05,358.2944641113281,360.6399181811792,1.0969679399780083,2.908855827340073,1.7055368150057837,0.6602346958358054,0.999670325708773
2025-11-06,354.9109191894531,356.43196319438397,1.0969679399780083,2.908855827340073,1.7055368150057837,0.6602346958358054,0.999670325708773
2025-11-07,348.7626647949219,340.4523828909438,1.0969679399780083,2.908855827340073,1.7055368150057837,0.6602346958358054,0.999670325708773
2025-11-10,357.7055969238281,356.5710489350286,1.0969679399780083,2.908855827340073,1.7055368150057837,0.6602346958358054,0.999670325708773
2025-11-11,351.287841796875,353.3935195691158,1.0969679399780083,2.908855827340073,1.7055368150057837,0.6602346958358054,0.999670325708773
2025-11-12,354.5416259765625,353.2522944676815,1.0969679399780083,2.908855827340073,1.7055368150057837,0.6602346958358054,0.999670325708773
2025-11-13,339.33074951171875,338.70594173895,1.0969679399780083,2.908855827340073,1.7055368150057837,0.6602346958358054,0.999670325708773
2025-11-14,341.80596923828125,339.3897080920781,1.0969679399780083,2.908855827340073,1.7055368150057837,0.6602346958358054,0.999670325708773
2025-11-17,341.9956359863281,347.14237427621265,1.0969679399780083,2.908855827340073,1.7055368150057837,0.6602346958358054,0.999670325708773
2025-11-18,339.8497314453125,340.353379270601,1.0969679399780083,2.908855827340073,1.7055368150057837,0.6602346958358054,0.999670325708773
2025-11-19,353.7431640625,352.5716711137112,1.0969679399780083,2.908855827340073,1.7055368150057837,0.6602346958358054,0.999670325708773
2025-11-20,346.1576843261719,356.5435912449961,1.0969679399780083,2.908855827340073,1.7055368150057837,0.6602346958358054,0.999670325708773
2025-11-21,339.5503234863281,336.7051516286035,1.0969679399780083,2.908855827340073,1.7055368150057837,0.6602346958358054,0.999670325708773
2025-11-24,377.2381896972656,373.55393402012226,1.0969679399780083,2.908855827340073,1.7055368150057837,0.6602346958358054,0.999670325708773
2025-11-25,384.2947082519531,376.40909306157704,1.0969679399780083,2.908855827340073,1.7055368150057837,0.6602346958358054,0.999670325708773
2025-11-26,396.8107604980469,394.3304706255871,1.0969679399780083,2.908855827340073,1.7055368150057837,0.6602346958358054,0.999670325708773
2025-11-28,402.1904602050781,400.061394504676,1.0969679399780083,2.908855827340073,1.7055368150057837,0.6602346958358054,0.999670325708773
2025-12-01,385.3426818847656,387.09304062073613,1.0969679399780083,2.908855827340073,1.7055368150057837,0.6602346958358054,0.999670325708773
2025-12-02,380.84130859375,385.0759492685613,1.0969679399780083,2.908855827340073,1.7055368150057837,0.6602346958358054,0.999670325708773
2025-12-03,379.8831176757813,373.89595728897916,1.0969679399780083,2.908855827340073,1.7055368150057837,0.6602346958358054,0.999670325708773
2025-12-04,380.3023376464844,379.48198719186325,1.0969679399780083,2.908855827340073,1.7055368150057837,0.6602346958358054,0.999670325708773
2025-12-05,389.4947509765625,390.6725525218865,1.0969679399780083,2.908855827340073,1.7055368150057837,0.6602346958358054,0.999670325708773
2025-12-08,400.3340148925781,401.7379121630854,1.0969679399780083,2.908855827340073,1.7055368150057837,0.6602346958358054,0.999670325708773
2025-12-09,405.51409912109375,402.0682369260907,1.0969679399780083,2.908855827340073,1.7055368150057837,0.6602346958358054,0.999670325708773
2025-12-10,412.1813354492188,409.22903286469,1.0969679399780083,2.908855827340073,1.7055368150057837,0.6602346958358054,0.999670325708773
2025-12-11,405.5939331054688,399.3245123592065,1.0969679399780083,2.908855827340073,1.7055368150057837,0.6602346958358054,0.999670325708773
2025-12-12,359.2426147460937,361.1491248628813,1.0969679399780083,2.908855827340073,1.7055368150057837,0.6602346958358054,0.999670325708773
2025-12-15,339.1610412597656,341.9577890710109,1.0969679399780083,2.908855827340073,1.7055368150057837,0.6602346958358054,0.999670325708773
2025-12-16,340.648193359375,343.7551426582881,1.0969679399780083,2.908855827340073,1.7055368150057837,0.6602346958358054,0.999670325708773
2025-12-17,325.3973693847656,325.9480537752811,1.0969679399780083,2.908855827340073,1.7055368150057837,0.6602346958358054,0.999670325708773
2025-12-18,329.2500305175781,325.755139957806,1.0969679399780083,2.908855827340073,1.7055368150057837,0.6602346958358054,0.999670325708773
2025-12-19,339.7099914550781,340.2148689479968,1.0969679399780083,2.908855827340073,1.7055368150057837,0.6602346958358054,0.999670325708773
2025-12-22,341.45001220703125,339.44093013437237,1.0969679399780083,2.908855827340073,1.7055368150057837,0.6602346958358054,0.999670325708773
2025-12-23,349.32000732421875,346.4686736503608,1.0969679399780083,2.908855827340073,1.7055368150057837,0.6602346958358054,0.999670325708773
2025-12-24,350.2200012207031,349.87142794813826,1.0969679399780083,2.908855827340073,1.7055368150057837,0.6602346958358054,0.999670325708773
2025-12-26,352.1300048828125,350.45301596730496,1.0969679399780083,2.908855827340073,1.7055368150057837,0.6602346958358054,0.999670325708773
2025-12-29,349.3900146484375,347.08421278516767,1.0969679399780083,2.908855827340073,1.7055368150057837,0.6602346958358054,0.999670325708773
2025-12-30,349.8500061035156,351.90342067750635,1.0969679399780083,2.908855827340073,1.7055368150057837,0.6602346958358054,0.999670325708773
