Date,Actual,SES_Pred,Holt_Pred,HW_no_season_Pred,HW_season_mul_Pred
2021-02-08,133.7555389404297,133.61747265269,133.81161500369052,133.81154203446516,133.26185203589063
2021-02-09,132.8762664794922,133.61747265269,133.98647209847067,133.98633399678624,131.64567290447533
2021-02-10,132.2705535888672,133.61747265269,134.16132919325085,134.16112595910732,128.1871458288075
2021-02-11,132.0165252685547,133.61747265269,134.336186288031,134.33591792142838,126.79926937408221
2021-02-12,132.25099182128906,133.61747265269,134.51104338281118,134.51070988374946,126.52633245591218
2021-02-15,132.25099182128906,133.61747265269,134.68590047759136,134.68550184607054,123.03438443969664
2021-02-16,130.1212158203125,133.61747265269,134.8607575723715,134.86029380839162,125.3231937160933
2021-02-17,127.82537841796876,133.61747265269,135.0356146671517,135.0350857707127,128.56249087043022
2021-02-18,126.721435546875,133.61747265269,135.21047176193184,135.20987773303378,127.70978574059785
2021-02-19,126.87774658203124,133.61747265269,135.38532885671202,135.38466969535483,129.52716398771227
2021-02-22,123.0969009399414,133.61747265269,135.5601859514922,135.5594616576759,128.27171941128236
2021-02-23,122.96012115478516,133.61747265269,135.73504304627235,135.734253619997,125.69116431551387
2021-02-24,122.46187591552734,133.61747265269,135.90990014105253,135.90904558231807,123.16990628726623
2021-02-25,118.20233917236328,133.61747265269,136.08475723583268,136.08383754463915,125.34010932783029
2021-02-26,118.46609497070312,133.61747265269,136.25961433061286,136.25862950696023,121.73754555421202
2021-03-01,124.8456573486328,133.61747265269,136.43447142539304,136.4334214692813,118.54644363671102
2021-03-02,122.23719787597656,133.61747265269,136.6093285201732,136.60821343160237,121.37567908511012
2021-03-03,119.24768829345705,133.61747265269,136.78418561495337,136.78300539392345,116.74186795417691
2021-03-04,117.36214447021484,133.61747265269,136.95904270973352,136.95779735624453,116.4607401755646
2021-03-05,118.6224136352539,133.61747265269,137.1338998045137,137.1325893185656,116.18918026325261
2021-03-08,113.67900848388672,133.61747265269,137.30875689929385,137.3073812808867,115.60633466523309
2021-03-09,118.30001831054688,133.61747265269,137.48361399407403,137.48217324320777,113.27850991428308
2021-03-10,117.2155990600586,133.61747265269,137.6584710888542,137.65696520552882,113.25019440025135
2021-03-11,119.14997100830078,133.61747265269,137.83332818363436,137.8317571678499,115.3752920401647
2021-03-12,118.24139404296876,133.61747265269,138.00818527841454,138.00654913017098,115.60334635151526
2021-03-15,121.13320922851562,133.61747265269,138.1830423731947,138.18134109249206,115.8537388674861
2021-03-16,122.67679595947266,133.61747265269,138.35789946797487,138.35613305481314,114.02098949379985
2021-03-17,121.88548278808594,133.61747265269,138.53275656275505,138.53092501713422,113.98779910308924
2021-03-18,117.75292205810548,133.61747265269,138.7076136575352,138.7057169794553,113.51722064523403
2021-03-19,117.22537231445312,133.61747265269,138.88247075231538,138.88050894177636,111.7075690541659
2021-03-22,120.54703521728516,133.61747265269,139.05732784709554,139.05530090409744,111.05870547864305
2021-03-23,119.71663665771484,133.61747265269,139.23218494187572,139.23009286641852,111.65183006968378
2021-03-24,117.32305908203124,133.61747265269,139.4070420366559,139.4048848287396,114.19920722185641
2021-03-25,117.81155395507812,133.61747265269,139.58189913143605,139.57967679106068,114.2098791755537
2021-03-26,118.4172592163086,133.61747265269,139.75675622621623,139.75446875338176,115.01307495124347
2021-03-29,118.59312438964844,133.61747265269,139.93161332099638,139.9292607157028,115.7212243216772
2021-03-30,117.13743591308594,133.61747265269,140.10647041577656,140.1040526780239,115.3160805850751
2021-03-31,119.33560180664062,133.61747265269,140.28132751055674,140.27884464034497,115.8659256454309
2021-04-01,120.16602325439452,133.61747265269,140.4561846053369,140.45363660266605,117.44079550187342
2021-04-02,120.16602325439452,133.61747265269,140.63104170011707,140.62842856498713,117.19413294408366
2021-04-05,122.9992218017578,133.61747265269,140.80589879489722,140.8032205273082,116.27418170265672
2021-04-06,123.30207061767578,133.61747265269,140.9807558896774,140.9780124896293,116.07603584396514
2021-04-07,124.95310974121094,133.61747265269,141.15561298445758,141.15280445195035,114.2907293859736
2021-04-08,127.35643005371094,133.61747265269,141.33047007923773,141.32759641427143,113.54297513469564
2021-04-09,129.93560791015625,133.61747265269,141.5053271740179,141.5023883765925,113.46170285877724
2021-04-12,128.21617126464844,133.61747265269,141.68018426879806,141.6771803389136,112.10185542440306
2021-04-13,131.3326416015625,133.61747265269,141.85504136357824,141.85197230123467,112.78517917983112
2021-04-14,128.98797607421875,133.61747265269,142.02989845835842,142.02676426355575,112.10682810654193
2021-04-15,131.40109252929688,133.61747265269,142.20475555313857,142.20155622587683,110.80953102893048
2021-04-16,131.0689239501953,133.61747265269,142.37961264791875,142.37634818819788,110.55306521635315
2021-04-19,131.7332000732422,133.61747265269,142.5544697426989,142.55114015051896,111.30311505965228
2021-04-20,130.0430908203125,133.61747265269,142.72932683747908,142.72593211284004,110.57263697424955
2021-04-21,130.42410278320312,133.61747265269,142.90418393225923,142.90072407516112,110.05689920027311
2021-04-22,128.90005493164062,133.61747265269,143.0790410270394,143.0755160374822,109.83647712778487
2021-04-23,131.2252197265625,133.61747265269,143.2538981218196,143.25030799980328,109.19933715140533
2021-04-26,131.615966796875,133.61747265269,143.42875521659974,143.42509996212436,109.65449350510232
2021-04-27,131.29356384277344,133.61747265269,143.60361231137992,143.59989192444542,110.57181314813413
2021-04-28,130.50228881835938,133.61747265269,143.77846940616007,143.7746838867665,110.58187473896018
2021-04-29,130.404541015625,133.61747265269,143.95332650094025,143.94947584908758,109.94750453147292
2021-04-30,128.43109130859375,133.61747265269,144.12818359572043,144.12426781140866,109.36053605205863
2021-05-03,129.48619079589844,133.61747265269,144.30304069050058,144.29905977372974,109.31663596551182
2021-05-04,124.90426635742188,133.61747265269,144.47789778528076,144.47385173605082,108.83826016021882
2021-05-05,125.14851379394533,133.61747265269,144.6527548800609,144.64864369837187,109.79152887139622
2021-05-06,126.75072479248048,133.61747265269,144.8276119748411,144.82343566069295,108.90666256321042
2021-05-07,127.42594909667967,133.61747265269,145.00246906962127,144.99822762301403,108.58085065582677
2021-05-10,124.13780975341795,133.61747265269,145.17732616440142,145.1730195853351,108.60576685663423
2021-05-11,123.2179183959961,133.61747265269,145.3521832591816,145.3478115476562,108.74821395095807
2021-05-12,120.14505004882812,133.61747265269,145.52704035396175,145.52260350997727,108.31514136807216
2021-05-13,122.29801940917967,133.61747265269,145.70189744874193,145.69739547229835,108.31020842049739
2021-05-14,124.72499084472656,133.61747265269,145.8767545435221,145.8721874346194,108.36280504314826
2021-05-17,123.57019805908205,133.61747265269,146.05161163830226,146.0469793969405,108.03316019864268
2021-05-18,122.18058776855467,133.61747265269,146.22646873308244,146.22177135926157,107.76659172023116
2021-05-19,122.02399444580078,133.61747265269,146.4013258278626,146.39656332158265,108.7983475936617
2021-05-20,124.58796691894533,133.61747265269,146.57618292264277,146.57135528390373,108.62444724510831
2021-05-21,122.74816131591795,133.61747265269,146.75104001742295,146.7461472462248,108.63950220962144
2021-05-24,124.38246154785156,133.61747265269,146.9258971122031,146.92093920854586,108.72634925479552
2021-05-25,124.1867446899414,133.61747265269,147.10075420698328,147.09573117086694,109.91062660747093
2021-05-26,124.13780975341795,133.61747265269,147.27561130176343,147.27052313318802,110.20568254295304
2021-05-27,122.60137939453124,133.61747265269,147.4504683965436,147.4453150955091,111.40890427480304
2021-05-28,121.94572448730467,133.61747265269,147.6253254913238,147.62010705783018,112.2203804479397
2021-05-31,121.94572448730467,133.61747265269,147.80018258610394,147.79489902015126,109.85437021065839
2021-06-01,121.62277221679688,133.61747265269,147.97503968088412,147.96969098247234,110.38450090256309
2021-06-02,122.3860855102539,133.61747265269,148.14989677566427,148.1444829447934,110.8624442718749
2021-06-03,120.8985824584961,133.61747265269,148.32475387044445,148.31927490711448,111.18178855219612
2021-06-04,123.1983413696289,133.61747265269,148.49961096522463,148.49406686943556,111.45025074197275
2021-06-07,123.20813751220705,133.61747265269,148.67446806000478,148.66885883175664,111.04726493999381
2021-06-08,124.03016662597656,133.61747265269,148.84932515478496,148.84365079407772,110.13282513154803
2021-06-09,124.41183471679688,133.61747265269,149.02418224956511,149.0184427563988,111.30564161486224
2021-06-10,123.41364288330078,133.61747265269,149.1990393443453,149.19323471871985,111.75081875984611
2021-06-11,124.62712097167967,133.61747265269,149.37389643912547,149.36802668104093,111.18463192688075
2021-06-14,127.69019317626952,133.61747265269,149.54875353390563,149.542818643362,111.97070271507562
2021-06-15,126.8681411743164,133.61747265269,149.7236106286858,149.7176106056831,110.86469605021405
2021-06-16,127.3672332763672,133.61747265269,149.89846772346596,149.89240256800417,111.48928958658414
2021-06-17,128.97219848632812,133.61747265269,150.07332481824614,150.06719453032525,111.82744031156513
2021-06-18,127.67064666748048,133.61747265269,150.24818191302631,150.24198649264633,111.68481468685277
2021-06-21,129.47129821777344,133.61747265269,150.42303900780647,150.41677845496739,110.80894842017533
2021-06-22,131.1153564453125,133.61747265269,150.59789610258665,150.59157041728847,109.94113909205824
2021-06-23,130.84133911132812,133.61747265269,150.7727531973668,150.76636237960955,111.32743875274801
2021-06-24,130.55755615234375,133.61747265269,150.94761029214698,150.94115434193063,111.78078002589878
2021-06-25,130.2639617919922,133.61747265269,151.12246738692716,151.1159463042517,113.25394999989916
2021-06-28,131.8982696533203,133.61747265269,151.2973244817073,151.2907382665728,113.60064799094
2021-06-29,133.4151611328125,133.61747265269,151.4721815764875,151.46553022889384,113.56264327925031
2021-06-30,134.03163146972656,133.61747265269,151.64703867126764,151.64032219121492,112.64224979521343
2021-07-01,134.33502197265625,133.61747265269,151.82189576604782,151.815114153536,114.00737370424606
2021-07-02,136.967529296875,133.61747265269,151.996752860828,151.98990611585708,114.67481220825672
2021-07-05,136.967529296875,133.61747265269,152.17160995560815,152.16469807817816,114.04858924513594
2021-07-06,138.9834442138672,133.61747265269,152.34646705038833,152.33949004049924,114.8649123978787
2021-07-07,141.4789581298828,133.61747265269,152.52132414516848,152.51428200282032,115.57285560246493
2021-07-08,140.17738342285156,133.61747265269,152.69618123994866,152.68907396514138,114.39886351809152
2021-07-09,142.00743103027344,133.61747265269,152.8710383347288,152.86386592746246,113.80655075464246
2021-07-12,141.4104461669922,133.61747265269,153.045895429509,153.03865788978354,111.99798527990966
2021-07-13,142.5260467529297,133.61747265269,153.22075252428917,153.21344985210462,111.8003182755854
2021-07-14,145.9610137939453,133.61747265269,153.39560961906932,153.3882418144257,112.87803452860614
2021-07-15,145.30531311035156,133.61747265269,153.5704667138495,153.56303377674678,112.53546333566484
2021-07-16,143.26002502441406,133.61747265269,153.74532380862965,153.73782573906783,113.57934079242207
2021-07-19,139.40428161621094,133.61747265269,153.92018090340983,153.9126177013889,115.20824966822026
2021-07-20,143.02513122558594,133.61747265269,154.09503799819,154.08740966371,120.4142167173329
2021-07-21,142.29115295410156,133.61747265269,154.26989509297016,154.26220162603107,122.0833366626683
2021-07-22,143.66128540039062,133.61747265269,154.44475218775034,154.43699358835215,123.21703254263096
2021-07-23,145.3836212158203,133.61747265269,154.6196092825305,154.61178555067323,124.19685205286183
2021-07-26,145.80445861816406,133.61747265269,154.79446637731067,154.7865775129943,126.15047848031728
2021-07-27,143.6318817138672,133.61747265269,154.96932347209082,154.96136947531537,125.92181748081752
2021-07-28,141.8801727294922,133.61747265269,155.144180566871,155.13616143763645,126.79837963244238
2021-07-29,142.5260467529297,133.61747265269,155.31903766165118,155.31095339995753,124.26567786753137
2021-07-30,142.7413787841797,133.61747265269,155.49389475643133,155.4857453622786,126.19740078664091
2021-08-02,142.40863037109375,133.61747265269,155.6687518512115,155.6605373245997,127.30368266138652
2021-08-03,144.20925903320312,133.61747265269,155.84360894599166,155.83532928692077,126.80960498829373
2021-08-04,143.80801391601562,133.61747265269,156.01846604077184,156.01012124924182,127.34928594751345
2021-08-05,143.9156951904297,133.61747265269,156.19332313555202,156.1849132115629,128.19954674464256
2021-08-06,143.22964477539062,133.61747265269,156.36818023033217,156.35970517388398,128.70051343822536
2021-08-09,143.18064880371094,133.61747265269,156.54303732511235,156.53449713620506,129.87960971618534
2021-08-10,142.70042419433594,133.61747265269,156.7178944198925,156.70928909852614,133.9067210007544
2021-08-11,142.95521545410156,133.61747265269,156.89275151467268,156.88408106084722,135.25427740904962
2021-08-12,145.92486572265625,133.61747265269,157.06760860945286,157.0588730231683,134.60727687890156
2021-08-13,146.1307373046875,133.61747265269,157.242465704233,157.23366498548936,136.6976930249503
2021-08-16,148.11048889160156,133.61747265269,157.4173227990132,157.40845694781044,136.50121000329645
2021-08-17,147.19900512695312,133.61747265269,157.59217989379334,157.58324891013152,137.38864530195028
2021-08-18,143.44528198242188,133.61747265269,157.76703698857352,157.7580408724526,140.25102087569547
2021-08-19,143.77850341796875,133.61747265269,157.9418940833537,157.93283283477368,144.1778342412158
2021-08-20,145.2388153076172,133.61747265269,158.11675117813385,158.10762479709476,142.06591867300415
2021-08-23,146.72857666015625,133.61747265269,158.29160827291403,158.2824167594158,135.6574275936885
2021-08-24,146.64031982421875,133.61747265269,158.46646536769418,158.4572087217369,136.49028523066875
2021-08-25,145.40541076660156,133.61747265269,158.64132246247436,158.63200068405797,135.5554824128378
2021-08-26,144.60174560546875,133.61747265269,158.81617955725454,158.80679264637905,131.0944658201753
2021-08-27,145.6406707763672,133.61747265269,158.9910366520347,158.98158460870013,133.7234845511217
2021-08-30,150.07064819335938,133.61747265269,159.16589374681487,159.1563765710212,131.2436677455398
2021-08-31,148.80633544921875,133.61747265269,159.34075084159502,159.3311685333423,130.49796331819044
2021-09-01,149.47279357910156,133.61747265269,159.5156079363752,159.50596049566337,133.3055082598072
2021-09-02,150.59007263183594,133.61747265269,159.69046503115538,159.68075245798443,132.17993505660402
2021-09-03,151.22711181640625,133.61747265269,159.86532212593553,159.8555444203055,131.42077759315833
2021-09-06,151.22711181640625,133.61747265269,160.04017922071571,160.0303363826266,131.26119590309904
2021-09-07,153.5695343017578,133.61747265269,160.21503631549587,160.20512834494767,128.66431280383753
2021-09-08,152.02101135253906,133.61747265269,160.38989341027604,160.37992030726875,131.82379242386276
2021-09-09,151.00173950195312,133.61747265269,160.56475050505622,160.5547122695898,134.02020292376062
2021-09-10,146.00328063964844,133.61747265269,160.73960759983638,160.72950423191088,130.88334106558239
2021-09-13,146.5717315673828,133.61747265269,160.91446469461656,160.90429619423196,131.71121871164593
2021-09-14,145.1702117919922,133.61747265269,161.0893217893967,161.07908815655304,135.534087983785
2021-09-15,146.06210327148438,133.61747265269,161.26417888417689,161.25388011887412,138.2337919670614
2021-09-16,145.8268585205078,133.61747265269,161.43903597895707,161.4286720811952,138.18047925427254
2021-09-17,143.15122985839844,133.61747265269,161.61389307373722,161.60346404351628,140.40057925226532
2021-09-20,140.0933837890625,133.61747265269,161.7887501685174,161.77825600583736,140.64183441310206
2021-09-21,140.57357788085938,133.61747265269,161.96360726329755,161.95304796815842,139.3538210742054
2021-09-22,142.94544982910156,133.61747265269,162.13846435807773,162.1278399304795,141.75154891040242
2021-09-23,143.9058837890625,133.61747265269,162.3133214528579,162.30263189280058,141.17703970915207
2021-09-24,143.99411010742188,133.61747265269,162.48817854763806,162.47742385512166,142.78859216442345
2021-09-27,142.47500610351562,133.61747265269,162.66303564241824,162.65221581744274,141.22953449992565
2021-09-28,139.0838623046875,133.61747265269,162.8378927371984,162.8270077797638,143.51840768977047
2021-09-29,139.98556518554688,133.61747265269,163.01274983197857,163.00179974208487,148.48112368094917
2021-09-30,138.68209838867188,133.61747265269,163.18760692675875,163.17659170440595,147.7264238095561
2021-10-01,139.80917358398438,133.61747265269,163.3624640215389,163.35138366672703,147.96028539935685
2021-10-04,136.36904907226562,133.61747265269,163.53732111631908,163.5261756290481,147.645353236217
2021-10-05,138.29981994628906,133.61747265269,163.71217821109923,163.7009675913692,144.9848930875328
2021-10-06,139.17208862304688,133.61747265269,163.8870353058794,163.87575955369027,143.9238844773226
2021-10-07,140.43641662597656,133.61747265269,164.0618924006596,164.05055151601135,145.32882692971202
2021-10-08,140.05413818359375,133.61747265269,164.23674949543974,164.2253434783324,145.82021120874663
2021-10-11,139.96595764160156,133.61747265269,164.41160659021992,164.4001354406535,144.20294170317473
2021-10-12,138.69186401367188,133.61747265269,164.58646368500007,164.57492740297457,143.19065537619477
2021-10-13,138.10379028320312,133.61747265269,164.76132077978025,164.74971936529565,143.59898596771734
2021-10-14,140.89703369140625,133.61747265269,164.93617787456043,164.92451132761673,143.83642723952346
2021-10-15,141.95553588867188,133.61747265269,165.11103496934058,165.0993032899378,141.5234583160075
2021-10-18,143.63150024414062,133.61747265269,165.28589206412076,165.27409525225886,142.9276349298916
2021-10-19,145.79745483398438,133.61747265269,165.4607491589009,165.44888721457994,139.85346353142367
2021-10-20,146.28750610351562,133.61747265269,165.6356062536811,165.62367917690102,138.91492131006603
2021-10-21,146.50311279296875,133.61747265269,165.81046334846127,165.7984711392221,140.88542997491817
2021-10-22,145.72886657714844,133.61747265269,165.98532044324142,165.97326310154318,143.0658596589156
2021-10-25,145.67987060546875,133.61747265269,166.16017753802157,166.14805506386426,145.59491627652073
2021-10-26,146.34632873535156,133.61747265269,166.33503463280175,166.32284702618534,145.7725402505011
2021-10-27,145.8856964111328,133.61747265269,166.50989172758193,166.4976389885064,143.47398811623478
2021-10-28,149.53160095214844,133.61747265269,166.6847488223621,166.67243095082748,143.93602481284208
2021-10-29,146.81675720214844,133.61747265269,166.85960591714226,166.84722291314856,146.03352039379388
2021-11-01,145.99349975585938,133.61747265269,167.0344630119224,167.02201487546964,144.85472019280525
2021-11-02,147.03237915039062,133.61747265269,167.2093201067026,167.19680683779072,145.07048053056027
2021-11-03,148.47312927246094,133.61747265269,167.38417720148277,167.37159880011177,145.74427535633325
2021-11-04,147.9536590576172,133.61747265269,167.55903429626295,167.54639076243285,144.56099201054744
2021-11-05,148.48370361328125,133.61747265269,167.7338913910431,167.72118272475393,143.3709524240754
2021-11-08,147.6592254638672,133.61747265269,167.90874848582325,167.895974687075,143.10640356235817
2021-11-09,148.0223388671875,133.61747265269,168.08360558060343,168.0707666493961,142.19940620662203
2021-11-10,145.18577575683594,133.61747265269,168.2584626753836,168.24555861171717,140.29593557930025
2021-11-11,145.13673400878906,133.61747265269,168.43331977016376,168.42035057403825,141.11167957063063
2021-11-12,147.217529296875,133.61747265269,168.60817686494394,168.59514253635933,140.96559067794493
2021-11-15,147.22735595703125,133.61747265269,168.7830339597241,168.7699344986804,140.6630605284842
2021-11-16,148.20884704589844,133.61747265269,168.95789105450427,168.94472646100147,140.99899456157902
2021-11-17,150.65281677246094,133.61747265269,169.13274814928445,169.11951842332255,142.52967401990068
2021-11-18,154.95187377929688,133.61747265269,169.3076052440646,169.29431038564363,145.63596857213327
2021-11-19,157.58233642578125,133.61747265269,169.48246233884478,169.4691023479647,146.84053772839067
2021-11-22,158.04364013671875,133.61747265269,169.65731943362493,169.64389431028576,146.76942164120166
2021-11-23,158.42642211914062,133.61747265269,169.8321765284051,169.81868627260684,146.43941319066576
2021-11-24,158.9466552734375,133.61747265269,170.0070336231853,169.99347823492792,148.18032372754217
2021-11-25,158.9466552734375,133.61747265269,170.18189071796544,170.168270197249,148.44537985051176
2021-11-26,153.9114532470703,133.61747265269,170.35674781274562,170.34306215957008,146.33108744970178
2021-11-29,157.27804565429688,133.61747265269,170.53160490752578,170.51785412189116,147.80938637749858
2021-11-30,162.24453735351562,133.61747265269,170.70646200230595,170.69264608421224,146.48771234418197
2021-12-01,161.72430419921875,133.61747265269,170.88131909708613,170.86743804653332,147.49250439289585
2021-12-02,160.73297119140625,133.61747265269,171.05617619186629,171.0422300088544,150.6658808339003
2021-12-03,158.84849548339844,133.61747265269,171.23103328664646,171.21702197117546,151.16853578939305
2021-12-06,162.26416015625,133.61747265269,171.40589038142662,171.39181393349654,151.60322788106112
2021-12-07,168.015869140625,133.61747265269,171.5807474762068,171.56660589581762,150.07948337995117
2021-12-08,171.84376525878906,133.61747265269,171.75560457098697,171.7413978581387,151.6457177267005
2021-12-09,171.33335876464844,133.61747265269,171.93046166576713,171.91618982045978,153.11847974123089
2021-12-10,176.1329803466797,133.61747265269,172.1053187605473,172.09098178278083,153.16783062398923
2021-12-13,172.49156188964844,133.61747265269,172.28017585532746,172.2657737451019,153.0268395782414
2021-12-14,171.10760498046875,133.61747265269,172.45503295010764,172.440565707423,153.9014736911674
2021-12-15,175.98574829101562,133.61747265269,172.62989004488782,172.61535766974407,156.59085892473453
2021-12-16,169.07586669921875,133.61747265269,172.80474713966797,172.79014963206515,155.60938672137138
2021-12-17,167.97657775878906,133.61747265269,172.97960423444815,172.96494159438623,155.56597001316246
2021-12-20,166.61227416992188,133.61747265269,173.1544613292283,173.1397335567073,154.6087536441297
2021-12-21,169.79238891601562,133.61747265269,173.32931842400848,173.3145255190284,153.481022110372
2021-12-22,172.3933868408203,133.61747265269,173.50417551878866,173.48931748134945,153.187696582991
2021-12-23,173.02157592773438,133.61747265269,173.6790326135688,173.66410944367053,154.68542975674706
2021-12-24,173.02157592773438,133.61747265269,173.853889708349,173.8389014059916,151.87066298703118
2021-12-27,176.9967041015625,133.61747265269,174.02874680312914,174.0136933683127,154.18192065461886
2021-12-28,175.97593688964844,133.61747265269,174.20360389790932,174.18848533063377,155.08595510148695
2021-12-29,176.06423950195312,133.61747265269,174.3784609926895,174.36327729295482,153.17374993806575
2021-12-30,174.9060821533203,133.61747265269,174.55331808746965,174.5380692552759,152.92029802149108
2021-12-31,174.2877197265625,133.61747265269,174.72817518224983,174.71286121759698,153.08958195916665
2022-01-03,178.64564514160156,133.61747265269,174.90303227702998,174.88765317991806,152.11956692467288
2022-01-04,176.3783721923828,133.61747265269,175.07788937181016,175.06244514223914,152.31311128826943
2022-01-05,171.6866912841797,133.61747265269,175.25274646659034,175.23723710456022,152.5318331587308
2022-01-06,168.82069396972656,133.61747265269,175.4276035613705,175.4120290668813,151.1268299108261
2022-01-07,168.987548828125,133.61747265269,175.60246065615067,175.58682102920238,153.6040636676188
2022-01-10,169.00717163085938,133.61747265269,175.77731775093082,175.76161299152344,157.1158608272457
2022-01-11,171.84376525878906,133.61747265269,175.952174845711,175.93640495384452,158.79026856941923
2022-01-12,172.2854461669922,133.61747265269,176.12703194049118,176.1111969161656,161.62568381334523
2022-01-13,169.00717163085938,133.61747265269,176.30188903527133,176.28598887848668,162.08176804061765
2022-01-14,169.87091064453125,133.61747265269,176.4767461300515,176.46078084080776,161.91986482914677
2022-01-17,169.87091064453125,133.61747265269,176.65160322483166,176.6355728031288,158.6547614659258
2022-01-18,166.6613311767578,133.61747265269,176.82646031961184,176.8103647654499,156.15089696821894
2022-01-19,163.15733337402344,133.61747265269,177.00131741439202,176.98515672777097,157.6241989776031
2022-01-20,161.46913146972656,133.61747265269,177.17617450917217,177.15994869009205,158.19270792295544
2022-01-21,159.40794372558594,133.61747265269,177.35103160395235,177.33474065241313,157.7376801107629
2022-01-24,158.6325225830078,133.61747265269,177.5258886987325,177.5095326147342,159.14137612113646
2022-01-25,156.82655334472656,133.61747265269,177.70074579351268,177.6843245770553,160.1291299612518
2022-01-26,156.7382049560547,133.61747265269,177.87560288829286,177.85911653937637,159.60629764500555
2022-01-27,156.2769317626953,133.61747265269,178.050459983073,178.03390850169743,157.65021706913865
2022-01-28,167.1815643310547,133.61747265269,178.2253170778532,178.2087004640185,153.4886790251905
2022-01-31,171.54930114746094,133.61747265269,178.40017417263334,178.3834924263396,151.807276424631
2022-02-01,171.38243103027344,133.61747265269,178.57503126741352,178.55828438866067,151.4609946244557
2022-02-02,172.58970642089844,133.61747265269,178.7498883621937,178.73307635098175,147.26193854701012
2022-02-03,169.70404052734375,133.61747265269,178.92474545697385,178.9078683133028,149.98218419511733
2022-02-04,169.4190216064453,133.61747265269,179.09960255175403,179.08266027562388,153.83911961720966
2022-02-07,168.70162963867188,133.61747265269,179.27445964653418,179.25745223794496,152.79918973404514
2022-02-08,171.8170166015625,133.61747265269,179.44931674131436,179.43224420026604,154.953781250539
2022-02-09,173.24200439453125,133.61747265269,179.62417383609454,179.60703616258712,153.43228906747711
2022-02-10,169.15367126464844,133.61747265269,179.7990309308747,179.7818281249082,150.32638120047014
2022-02-11,165.73365783691406,133.61747265269,179.97388802565484,179.95662008722928,147.29220004733386
2022-02-14,165.9695281982422,133.61747265269,180.14874512043502,180.13141204955036,149.8683654612847
2022-02-15,169.81214904785156,133.61747265269,180.3236022152152,180.30620401187142,145.5423171668036
2022-02-16,169.57627868652344,133.61747265269,180.49845930999538,180.4809959741925,141.70924823098025
2022-02-17,165.9695281982422,133.61747265269,180.67331640477553,180.65578793651358,145.0729145183311
2022-02-18,164.41676330566406,133.61747265269,180.84817349955568,180.83057989883466,139.5167589063391
2022-02-21,164.41676330566406,133.61747265269,181.02303059433586,181.00537186115574,139.16321130355894
2022-02-22,161.4881134033203,133.61747265269,181.19788768911604,181.1801638234768,138.82120720889645
2022-02-23,157.31138610839844,133.61747265269,181.3727447838962,181.35495578579787,138.10743898008855
2022-02-24,159.93536376953125,133.61747265269,181.54760187867637,181.52974774811895,135.30952079703866
2022-02-25,162.00901794433594,133.61747265269,181.72245897345653,181.70453971044003,135.25871287606785
2022-02-28,162.27435302734375,133.61747265269,181.8973160682367,181.8793316727611,137.77951464145602
2022-03-01,160.38742065429688,133.61747265269,182.07217316301688,182.0541236350822,138.03456881728957
2022-03-02,163.6895294189453,133.61747265269,182.24703025779704,182.22891559740327,138.3162507340154
2022-03-03,163.36520385742188,133.61747265269,182.42188735257722,182.40370755972435,136.11115942824892
2022-03-04,160.3579559326172,133.61747265269,182.59674444735737,182.5784995220454,136.0545738563793
2022-03-07,156.55465698242188,133.61747265269,182.77160154213755,182.75329148436649,135.4760276487877
2022-03-08,154.72671508789062,133.61747265269,182.94645863691773,182.92808344668757,133.29974189236003
2022-03-09,160.1417236328125,133.61747265269,183.12131573169788,183.10287540900865,132.50900516114092
2022-03-10,155.78811645507812,133.61747265269,183.29617282647806,183.27766737132973,133.20017249605493
2022-03-11,152.06341552734375,133.61747265269,183.4710299212582,183.45245933365078,136.22231638143342
2022-03-14,148.0242462158203,133.61747265269,183.6458870160384,183.62725129597186,136.21820407902678
2022-03-15,152.4171905517578,133.61747265269,183.82074411081857,183.80204325829294,137.15924140236854
2022-03-16,156.83963012695312,133.61747265269,183.99560120559872,183.97683522061402,137.98673429011635
2022-03-17,157.85189819335938,133.61747265269,184.1704583003789,184.1516271829351,137.48671061784967
2022-03-18,161.1539764404297,133.61747265269,184.34531539515905,184.32641914525618,138.1252862520914
2022-03-21,162.52987670898438,133.61747265269,184.52017248993923,184.50121110757726,139.9855221659471
2022-03-22,165.91058349609375,133.61747265269,184.6950295847194,184.67600306989834,139.67438375792625
2022-03-23,167.27659606933594,133.61747265269,184.86988667949956,184.8507950322194,138.56100233224
2022-03-24,171.07012939453125,133.61747265269,185.04474377427974,185.02558699454048,138.30796700563852
2022-03-25,171.7089080810547,133.61747265269,185.2196008690599,185.20037895686156,136.16409797972617
2022-03-28,172.57373046875,133.61747265269,185.39445796384007,185.37517091918264,135.25674513501474
2022-03-29,175.87582397460938,133.61747265269,185.56931505862025,185.54996288150372,135.1434765697479
2022-03-30,174.70632934570312,133.61747265269,185.7441721534004,185.72475484382477,133.50753929547736
2022-03-31,171.60076904296875,133.61747265269,185.91902924818058,185.89954680614585,134.3050364240394
2022-04-01,171.30593872070312,133.61747265269,186.09388634296073,186.07433876846693,133.4810696001829
2022-04-04,175.3647918701172,133.61747265269,186.2687434377409,186.249130730788,131.92045817338732
2022-04-05,172.0430450439453,133.61747265269,186.4436005325211,186.4239226931091,131.5992204812122
2022-04-06,168.86868286132812,133.61747265269,186.61845762730124,186.59871465543017,132.47606350850583
2022-04-07,169.17335510253906,133.61747265269,186.79331472208142,186.77350661775125,131.59076217238533
2022-04-08,167.15869140625,133.61747265269,186.96817181686157,186.94829858007233,130.96122253979595
2022-04-11,162.89346313476562,133.61747265269,187.14302891164175,187.1230905423934,130.68322036051674
2022-04-12,164.7705841064453,133.61747265269,187.31788600642193,187.29788250471447,129.909554248691
2022-04-13,167.4633331298828,133.61747265269,187.49274310120208,187.47267446703555,130.43539364906405
2022-04-14,162.44140625,133.61747265269,187.66760019598226,187.64746642935663,131.51081002141564
2022-04-15,162.44140625,133.61747265269,187.8424572907624,187.8222583916777,131.50705236067785
2022-04-18,162.22520446777344,133.61747265269,188.0173143855426,187.99705035399876,130.7370306541567
2022-04-19,164.5150146484375,133.61747265269,188.19217148032277,188.17184231631984,130.02357037239966
2022-04-20,164.34796142578125,133.61747265269,188.36702857510292,188.34663427864092,129.95590074603635
2022-04-21,163.55189514160156,133.61747265269,188.5418856698831,188.521426240962,129.37182225957918
2022-04-22,159.0017547607422,133.61747265269,188.71674276466325,188.69621820328308,130.4894402260796
2022-04-25,160.0729522705078,133.61747265269,188.89159985944343,188.87101016560416,129.42241107917098
2022-04-26,154.09771728515625,133.61747265269,189.0664569542236,189.04580212792524,129.01994402227
2022-04-27,153.87171936035156,133.61747265269,189.24131404900376,189.22059409024632,129.03429075145218
2022-04-28,160.81985473632812,133.61747265269,189.41617114378394,189.3953860525674,129.18827497394216
2022-04-29,154.93309020996094,133.61747265269,189.5910282385641,189.57017801488846,128.6586296060776
2022-05-02,155.23773193359375,133.61747265269,189.76588533334427,189.74496997720954,128.63761998427103
2022-05-03,156.73153686523438,133.61747265269,189.94074242812445,189.91976193953062,128.68495284386674
2022-05-04,163.15882873535156,133.61747265269,190.1155995229046,190.0945539018517,128.2784205584948
2022-05-05,154.06825256347656,133.61747265269,190.29045661768478,190.26934586417278,127.94689054569061
2022-05-06,154.7965545654297,133.61747265269,190.46531371246493,190.44413782649383,129.15672416588097
2022-05-09,149.6589813232422,133.61747265269,190.6401708072451,190.6189297888149,128.93520197309996
2022-05-10,152.07028198242188,133.61747265269,190.8150279020253,190.793721751136,128.93801065000594
2022-05-11,144.18673706054688,133.61747265269,190.98988499680544,190.96851371345707,129.02603344884767
2022-05-12,140.3089599609375,133.61747265269,191.16474209158562,191.14330567577815,130.41622815259802
2022-05-13,144.78713989257812,133.61747265269,191.33959918636577,191.31809763809923,130.75112088809595
2022-05-16,143.24192810058594,133.61747265269,191.51445628114595,191.4928896004203,132.16330300444514
2022-05-17,146.88348388671875,133.61747265269,191.68931337592613,191.6676815627414,133.11050635323446
2022-05-18,138.59645080566406,133.61747265269,191.86417047070628,191.84247352506245,130.28896188470526
2022-05-19,135.18124389648438,133.61747265269,192.03902756548646,192.01726548738353,130.90255946125387
2022-05-20,135.41744995117188,133.61747265269,192.21388466026661,192.1920574497046,131.45415334455083
2022-05-23,140.8502960205078,133.61747265269,192.3887417550468,192.3668494120257,131.81760298024187
2022-05-24,138.1437225341797,133.61747265269,192.56359884982697,192.54164137434677,132.12066862124823
2022-05-25,138.30120849609375,133.61747265269,192.73845594460713,192.71643333666782,131.6277950669283
2022-05-26,141.5097198486328,133.61747265269,192.91331303938728,192.8912252989889,130.5288808652616
2022-05-27,147.27719116210938,133.61747265269,193.08817013416746,193.06601726130998,131.90375959511798
2022-05-30,147.27719116210938,133.61747265269,193.26302722894764,193.24080922363106,132.4161449890954
2022-05-31,146.48985290527344,133.61747265269,193.43788432372781,193.41560118595214,131.73018025339374
2022-06-01,146.3618621826172,133.61747265269,193.61274141850797,193.59039314827322,132.64634609941163
2022-06-02,148.8223876953125,133.61747265269,193.78759851328812,193.7651851105943,131.32112341643935
2022-06-03,143.08448791503906,133.61747265269,193.9624556080683,193.93997707291538,132.04591333694654
2022-06-06,143.83245849609375,133.61747265269,194.13731270284848,194.11476903523644,132.4313376332854
2022-06-07,146.3618621826172,133.61747265269,194.31216979762863,194.28956099755752,132.24739950568946
2022-06-08,145.6237030029297,133.61747265269,194.4870268924088,194.4643529598786,131.19538075521234
2022-06-09,140.38771057128906,133.61747265269,194.66188398718896,194.63914492219968,130.1531571835037
2022-06-10,134.96473693847656,133.61747265269,194.83674108196914,194.81393688452076,131.77939919416806
2022-06-13,129.79762268066406,133.61747265269,195.01159817674932,194.9887288468418,132.3010643313606
2022-06-14,130.66371154785156,133.61747265269,195.18645527152947,195.1635208091629,134.02953863181423
2022-06-15,133.2915802001953,133.61747265269,195.36131236630965,195.33831277148397,134.4246769936551
2022-06-16,128.00637817382812,133.61747265269,195.5361694610898,195.51310473380505,134.36457399686878
2022-06-17,129.48268127441406,133.61747265269,195.71102655586998,195.68789669612613,133.26059944348182
2022-06-20,129.48268127441406,133.61747265269,195.88588365065016,195.8626886584472,134.8604525702954
2022-06-21,133.72463989257812,133.61747265269,196.0607407454303,196.0374806207683,135.63475877267211
2022-06-22,133.21282958984375,133.61747265269,196.2355978402105,196.21227258308937,134.87896808987782
2022-06-23,136.08673095703125,133.61747265269,196.41045493499064,196.38706454541042,135.8291938908589
2022-06-24,139.42320251464844,133.61747265269,196.58531202977082,196.5618565077315,136.65107954589877
2022-06-27,139.42320251464844,133.61747265269,196.760169124551,196.7366484700526,135.24788521334034
2022-06-28,135.2698516845703,133.61747265269,196.93502621933115,196.91144043237367,134.5326350578753
2022-06-29,137.0315399169922,133.61747265269,197.10988331411133,197.08623239469475,132.37996966630146
2022-06-30,134.56118774414062,133.61747265269,197.28474040889148,197.2610243570158,132.13164762739686
2022-07-01,136.7362823486328,133.61747265269,197.45959750367166,197.43581631933688,133.3905481319261
2022-07-04,136.7362823486328,133.61747265269,197.63445459845184,197.61060828165796,132.9709874278913
2022-07-05,139.3247528076172,133.61747265269,197.80931169323202,197.78540024397904,134.18957274641508
2022-07-06,140.6632843017578,133.61747265269,197.98416878801217,197.96019220630012,136.09902211104367
2022-07-07,144.03915405273438,133.61747265269,198.15902588279232,198.1349841686212,142.23328964658853
2022-07-08,144.71820068359375,133.61747265269,198.3338829775725,198.30977613094228,144.1889593520796
2022-07-11,142.58250427246094,133.61747265269,198.50874007235268,198.48456809326336,145.51191390437796
2022-07-12,143.55686950683594,133.61747265269,198.68359716713283,198.65936005558444,146.65289809779284
2022-07-13,143.19273376464844,133.61747265269,198.858454261913,198.8341520179055,148.94340599250935
2022-07-14,146.12567138671875,133.61747265269,199.03331135669316,199.00894398022658,148.65712951647686
2022-07-15,147.79881286621094,133.61747265269,199.20816845147334,199.18373594254766,149.6755649855903
2022-07-18,144.74778747558594,133.61747265269,199.38302554625352,199.3585279048687,146.66986825107216
2022-07-19,148.61569213867188,133.61747265269,199.55788264103367,199.5333198671898,148.93360009809007
2022-07-20,150.6234893798828,133.61747265269,199.73273973581385,199.70811182951087,150.22280818598733
2022-07-21,152.8970489501953,133.61747265269,199.907596830594,199.88290379183195,149.6234804129
2022-07-22,151.6569061279297,133.61747265269,200.08245392537418,200.05769575415303,150.24390868869722
2022-07-25,150.53492736816406,133.61747265269,200.25731102015436,200.2324877164741,151.23059734617797
2022-07-26,149.2062530517578,133.61747265269,200.4321681149345,200.4072796787952,151.8050915323647
2022-07-27,154.3142852783203,133.61747265269,200.6070252097147,200.58207164111627,153.1792631562797
2022-07-28,154.86546325683594,133.61747265269,200.78188230449484,200.75686360343735,157.91172626705438
2022-07-29,159.94398498535156,133.61747265269,200.95673939927502,200.93165556575843,159.4836183989135
2022-08-01,158.95977783203125,133.61747265269,201.1315964940552,201.10644752807949,158.7035853837134
2022-08-02,157.4834442138672,133.61747265269,201.30645358883535,201.28123949040057,161.15084030461907
2022-08-03,163.50680541992188,133.61747265269,201.48131068361553,201.45603145272165,160.90188836690223
2022-08-04,163.19186401367188,133.61747265269,201.65616777839568,201.6308234150427,161.93055082013603
2022-08-05,162.96519470214844,133.61747265269,201.83102487317586,201.80561537736378,165.28648962570074
2022-08-08,162.49209594726562,133.61747265269,202.00588196795604,201.98040733968486,169.89604015472216
2022-08-09,162.54136657714844,133.61747265269,202.1807390627362,202.15519930200594,167.38947924806368
2022-08-10,166.79908752441406,133.61747265269,202.35559615751635,202.32999126432702,159.82156812072958
2022-08-11,166.05990600585938,133.61747265269,202.53045325229652,202.5047832266481,160.78560636755512
2022-08-12,169.6178436279297,133.61747265269,202.7053103470767,202.67957518896918,159.66737685039485
2022-08-15,170.69207763671875,133.61747265269,202.88016744185688,202.85436715129026,154.39641042250526
2022-08-16,170.53440856933594,133.61747265269,203.05502453663703,203.02915911361134,157.47598136990723
2022-08-17,172.032470703125,133.61747265269,203.2298816314172,203.20395107593242,154.53926957812467
2022-08-18,171.63824462890625,133.61747265269,203.40473872619737,203.37874303825348,153.64489967335766
2022-08-19,169.04617309570312,133.61747265269,203.57959582097754,203.55353500057456,156.93379876759568
2022-08-22,165.15313720703125,133.61747265269,203.75445291575772,203.72832696289564,155.5922511358089
2022-08-23,164.8180389404297,133.61747265269,203.92931001053788,203.90311892521672,154.68227828696035
2022-08-24,165.1137237548828,133.61747265269,204.10416710531803,204.07791088753777,154.47814345186302
2022-08-25,167.57769775390625,133.61747265269,204.2790242000982,204.25270284985885,151.40597209796817
2022-08-26,161.2601318359375,133.61747265269,204.45388129487839,204.42749481217993,155.10756453069556
2022-08-29,159.0524444580078,133.61747265269,204.62873838965857,204.602286774501,157.67534261313034
2022-08-30,156.6180877685547,133.61747265269,204.80359548443872,204.7770787368221,153.9686419412561
2022-08-31,154.9524688720703,133.61747265269,204.97845257921887,204.95187069914317,154.9262924836425
2022-09-01,155.68179321289062,133.61747265269,205.15330967399905,205.12666266146425,159.40627364262872
2022-09-02,153.56277465820312,133.61747265269,205.32816676877923,205.30145462378533,162.56448195929258
2022-09-05,153.56277465820312,133.61747265269,205.5030238635594,205.4762465861064,162.48481008456008
2022-09-06,152.30123901367188,133.61747265269,205.67788095833956,205.65103854842747,165.07817550794132
2022-09-07,153.7106170654297,133.61747265269,205.8527380531197,205.82583051074855,165.34460527980207
2022-09-08,152.23223876953125,133.61747265269,206.0275951478999,206.00062247306963,163.81331307631064
2022-09-09,155.10028076171875,133.61747265269,206.20245224268007,206.1754144353907,166.61457461127466
2022-09-12,161.07286071777344,133.61747265269,206.37730933746025,206.35020639771176,165.92207409667844
2022-09-13,151.62118530273438,133.61747265269,206.5521664322404,206.52499836003284,167.79869843684224
2022-09-14,153.06996154785156,133.61747265269,206.72702352702055,206.69979032235392,165.9493826046562
2022-09-15,150.17239379882812,133.61747265269,206.90188062180073,206.874582284675,168.62144847543618
2022-09-16,148.52645874023438,133.61747265269,207.0767377165809,207.04937424699608,174.43418742320338
2022-09-19,152.251953125,133.61747265269,207.2515948113611,207.22416620931716,173.5296758611143
2022-09-20,154.63702392578125,133.61747265269,207.42645190614124,207.39895817163824,173.78648490521167
2022-09-21,151.50289916992188,133.61747265269,207.6013090009214,207.57375013395932,173.39874377862398
2022-09-22,150.53704833984375,133.61747265269,207.77616609570157,207.7485420962804,170.256734102025
2022-09-23,148.2603302001953,133.61747265269,207.95102319048175,207.92333405860148,168.99344411500005
2022-09-26,148.59548950195312,133.61747265269,208.12588028526193,208.09812602092254,170.62562267404203
2022-09-27,149.5711669921875,133.61747265269,208.30073738004208,208.27291798324362,171.1850197775904
2022-09-28,147.6788787841797,133.61747265269,208.47559447482223,208.4477099455647,169.26913087410728
2022-09-29,140.42501831054688,133.61747265269,208.6504515696024,208.62250190788575,168.06372601696793
2022-09-30,136.20677185058594,133.61747265269,208.8253086643826,208.79729387020683,168.52580377776349
2022-10-03,140.39544677734375,133.61747265269,209.00016575916277,208.9720858325279,168.78727459746196
2022-10-04,143.99281311035156,133.61747265269,209.17502285394292,209.146877794849,166.0561949503161
2022-10-05,144.2884979248047,133.61747265269,209.34987994872307,209.32166975717007,167.68675058859483
2022-10-06,143.33248901367188,133.61747265269,209.52473704350325,209.49646171949115,164.06340335756497
2022-10-07,138.06947326660156,133.61747265269,209.69959413828343,209.67125368181223,162.94588284609
2022-10-10,138.39476013183594,133.61747265269,209.8744512330636,209.8460456441333,165.2405517217619
2022-10-11,136.97549438476562,133.61747265269,210.04930832784376,210.0208376064544,167.78096172685125
2022-10-12,136.34474182128906,133.61747265269,210.2241654226239,210.19562956877547,170.72969065084445
2022-10-13,140.92770385742188,133.61747265269,210.3990225174041,210.37042153109653,170.9207507163498
2022-10-14,136.38417053222656,133.61747265269,210.57387961218427,210.5452134934176,168.20872658490967
2022-10-17,140.3560333251953,133.61747265269,210.74873670696445,210.7200054557387,168.73345336918473
2022-10-18,141.67672729492188,133.61747265269,210.9235938017446,210.89479741805974,171.17511922193373
2022-10-19,141.78512573242188,133.61747265269,211.09845089652475,211.06958938038082,169.7763468616212
2022-10-20,141.32188415527344,133.61747265269,211.27330799130493,211.2443813427019,170.01219959745907
2022-10-21,145.1459503173828,133.61747265269,211.4481650860851,211.41917330502298,170.7847548178446
2022-10-24,147.2945098876953,133.61747265269,211.62302218086526,211.59396526734406,169.38124809670958
2022-10-25,150.14285278320312,133.61747265269,211.79787927564544,211.76875722966514,167.97012580190358
2022-10-26,147.19595336914062,133.61747265269,211.9727363704256,211.94354919198622,167.6434800599108
2022-10-27,142.71156311035156,133.61747265269,212.14759346520577,212.1183411543073,166.56439071094135
2022-10-28,153.49378967285156,133.61747265269,212.32245055998595,212.29313311662838,164.31843846518635
2022-10-31,151.12838745117188,133.61747265269,212.4973076547661,212.46792507894946,165.25745373038677
2022-11-01,148.47718811035156,133.61747265269,212.67216474954628,212.64271704127052,165.07000021692613
2022-11-02,142.93824768066406,133.61747265269,212.84702184432643,212.8175090035916,164.69942901319658
2022-11-03,136.87698364257812,133.61747265269,213.0218789391066,212.99230096591268,165.07644042126313
2022-11-04,136.6103973388672,133.61747265269,213.1967360338868,213.16709292823373,166.85202207148888
2022-11-07,137.14349365234375,133.61747265269,213.37159312866694,213.3418848905548,170.47158035422729
2022-11-08,137.71609497070312,133.61747265269,213.54645022344712,213.5166768528759,171.8646330776282
2022-11-09,133.14527893066406,133.61747265269,213.72130731822728,213.69146881519697,171.76449451693648
2022-11-10,144.9918212890625,133.61747265269,213.89616441300745,213.86626077751805,171.36144277548024
2022-11-11,147.78564453125,133.61747265269,214.07102150778763,214.04105273983913,173.38161346850998
2022-11-14,146.3837890625,133.61747265269,214.24587860256779,214.2158447021602,173.67472117613792
2022-11-15,148.12132263183594,133.61747265269,214.42073569734796,214.3906366644813,171.1843280000024
2022-11-16,146.88729858398438,133.61747265269,214.59559279212812,214.56542862680237,172.89679657318
2022-11-17,148.7926025390625,133.61747265269,214.7704498869083,214.74022058912345,171.33406266167364
2022-11-18,149.3553009033203,133.61747265269,214.94530698168847,214.9150125514445,172.4924546545497
2022-11-21,146.11727905273438,133.61747265269,215.12016407646863,215.08980451376559,176.18655210381073
2022-11-22,148.25950622558594,133.61747265269,215.29502117124878,215.26459647608667,176.75714990590285
2022-11-23,149.1381378173828,133.61747265269,215.46987826602896,215.43938843840772,177.24819713533725
2022-11-24,149.1381378173828,133.61747265269,215.64473536080914,215.6141804007288,175.44966826859726
2022-11-25,146.21597290039062,133.61747265269,215.81959245558932,215.78897236304988,177.26348194515825
2022-11-28,142.37571716308594,133.61747265269,215.99444955036947,215.96376432537096,178.9677117165877
2022-11-29,139.36473083496094,133.61747265269,216.16930664514962,216.13855628769204,179.00808317679494
2022-11-30,146.13699340820312,133.61747265269,216.3441637399298,216.31334825001312,178.82603448000526
2022-12-01,146.41342163085938,133.61747265269,216.51902083470998,216.4881402123342,179.83077826483583
2022-12-02,145.91983032226562,133.61747265269,216.69387792949016,216.66293217465528,182.9556441165423
2022-12-05,144.7549285888672,133.61747265269,216.8687350242703,216.83772413697636,181.79143119544776
2022-12-06,141.08248901367188,133.61747265269,217.04359211905046,217.01251609929744,181.723244769351
2022-12-07,139.13766479492188,133.61747265269,217.21844921383064,217.1873080616185,180.5877454674568
2022-12-08,140.82579040527344,133.61747265269,217.39330630861082,217.36210002393958,179.2533359334968
2022-12-09,140.34207153320312,133.61747265269,217.568163403391,217.53689198626066,178.89362662262837
2022-12-12,142.6422882080078,133.61747265269,217.74302049817115,217.7116839485817,180.6254161057575
2022-12-13,143.6097412109375,133.61747265269,217.9178775929513,217.8864759109028,177.32169022599683
2022-12-14,141.3786163330078,133.61747265269,218.09273468773148,218.06126787322387,180.00310524181123
2022-12-15,134.75445556640625,133.61747265269,218.26759178251166,218.23605983554495,181.04129112653706
2022-12-16,132.78988647460938,133.61747265269,218.44244887729184,218.41085179786603,178.79204355154613
2022-12-19,130.67726135253906,133.61747265269,218.617305972072,218.5856437601871,178.47923861368844
2022-12-20,130.60818481445312,133.61747265269,218.79216306685214,218.7604357225082,178.65985701223306
2022-12-21,133.71788024902344,133.61747265269,218.96702016163232,218.93522768482927,177.5109924295649
2022-12-22,130.5390625,133.61747265269,219.1418772564125,219.11001964715035,177.72001394283635
2022-12-23,130.1737823486328,133.61747265269,219.31673435119268,219.28481160947143,177.95838949468165
2022-12-26,130.1737823486328,133.61747265269,219.49159144597283,219.45960357179248,176.30252321999347
2022-12-27,128.36717224121094,133.61747265269,219.66644854075298,219.63439553411357,179.1755265271965
2022-12-28,124.42821502685548,133.61747265269,219.84130563553316,219.80918749643465,183.2546874383027
2022-12-29,127.95255279541016,133.61747265269,220.01616273031334,219.9839794587557,185.19023179636685
2022-12-30,128.26846313476562,133.61747265269,220.19101982509352,220.15877142107678,188.47933745114432
2023-01-02,128.26846313476562,133.61747265269,220.36587691987367,220.33356338339786,188.99345553318452
2023-01-03,123.47061157226562,133.61747265269,220.54073401465382,220.50835534571894,188.7869680884363
2023-01-04,124.74412536621094,133.61747265269,220.715591109434,220.68314730804002,184.96276896266278
2023-01-05,123.42125701904295,133.61747265269,220.89044820421418,220.8579392703611,182.0266890264895
2023-01-06,127.96244049072266,133.61747265269,221.06530529899436,221.03273123268218,183.72696750604365
2023-01-09,128.4856719970703,133.61747265269,221.2401623937745,221.20752319500326,184.37241831606136
2023-01-10,129.0582275390625,133.61747265269,221.41501948855466,221.38231515732434,183.82495486291057
2023-01-11,131.78294372558594,133.61747265269,221.58987658333484,221.55710711964542,185.4435378881004
2023-01-12,131.70394897460938,133.61747265269,221.76473367811502,221.73189908196647,186.577197088259
2023-01-13,133.03668212890625,133.61747265269,221.9395907728952,221.90669104428756,185.9507432541205
2023-01-16,133.03668212890625,133.61747265269,222.11444786767535,222.08148300660864,183.65476123380193
2023-01-17,134.20162963867188,133.61747265269,222.2893049624555,222.25627496892972,178.79021222157348
2023-01-18,133.48092651367188,133.61747265269,222.46416205723568,222.43106693125077,176.81528347517977
2023-01-19,133.54019165039062,133.61747265269,222.63901915201586,222.60585889357185,176.39565679299923
2023-01-20,136.10691833496094,133.61747265269,222.81387624679604,222.78065085589293,171.48949265432358
2023-01-23,139.3054962158203,133.61747265269,222.9887333415762,222.955442818214,174.64117467414135
2023-01-24,140.7073516845703,133.61747265269,223.16359043635634,223.1302347805351,179.11574836398907
2023-01-25,140.04592895507812,133.61747265269,223.33844753113652,223.30502674285617,177.88859372749243
2023-01-26,142.11907958984375,133.61747265269,223.5133046259167,223.47981870517725,180.38039851336578
2023-01-27,144.06385803222656,133.61747265269,223.68816172069688,223.65461066749833,178.59285872367187
2023-01-30,141.1713104248047,133.61747265269,223.86301881547703,223.8294026298194,174.96159808542637
2023-01-31,142.44482421875,133.61747265269,224.03787591025718,224.00419459214046,171.4144938074015
2023-02-01,143.5702667236328,133.61747265269,224.21273300503736,224.17898655446155,174.3966215947391
2023-02-02,148.89134216308594,133.61747265269,224.38759009981754,224.35377851678263,169.3470887793952
2023-02-03,152.52426147460938,133.61747265269,224.56244719459772,224.5285704791037,164.87205282524948
2023-02-06,149.7896728515625,133.61747265269,224.73730428937787,224.70336244142476,168.77014995155204
2023-02-07,152.67234802246094,133.61747265269,224.91216138415803,224.87815440374584,162.29164985850127
2023-02-08,149.97727966308594,133.61747265269,225.0870184789382,225.05294636606692,161.86568243155327
2023-02-09,148.94068908691406,133.61747265269,225.26187557371838,225.227738328388,161.45323415454033
2023-02-10,149.30653381347656,133.61747265269,225.43673266849854,225.40253029070908,160.608543294944
2023-02-13,152.11447143554688,133.61747265269,225.61158976327872,225.57732225303016,157.3405316797942
2023-02-14,151.47178649902344,133.61747265269,225.78644685805887,225.75211421535124,157.26723135188436
2023-02-15,153.57778930664062,133.61747265269,225.96130395283905,225.92690617767232,160.1837372427474
2023-02-16,151.97607421875,133.61747265269,226.13616104761923,226.1016981399934,160.4657912830639
2023-02-17,150.82916259765625,133.61747265269,226.31101814239938,226.27649010231448,160.7787626005447
2023-02-20,150.82916259765625,133.61747265269,226.48587523717956,226.45128206463554,158.20132936269803
2023-02-21,146.8050537109375,133.61747265269,226.6607323319597,226.62607402695662,158.1213486096694
2023-02-22,147.230224609375,133.61747265269,226.8355894267399,226.8008659892777,157.43483465234138
2023-02-23,147.71469116210938,133.61747265269,227.01044652152007,226.97565795159875,154.89191473055416
2023-02-24,145.05503845214844,133.61747265269,227.18530361630022,227.15044991391983,153.9593048436388
2023-02-27,146.25137329101562,133.61747265269,227.3601607110804,227.3252418762409,154.74851492242607
2023-02-28,145.74713134765625,133.61747265269,227.53501780586055,227.500033838562,158.24542554101043
2023-03-01,143.67080688476562,133.61747265269,227.70987490064073,227.67482580088307,158.22652898249987
2023-03-02,144.2640838623047,133.61747265269,227.8847319954209,227.84961776320415,159.30540785349362
2023-03-03,149.32627868652344,133.61747265269,228.05958909020106,228.02440972552523,160.2522442585555
2023-03-06,152.0947265625,133.61747265269,228.2344461849812,228.1992016878463,159.6573406506242
2023-03-07,149.889892578125,133.61747265269,228.4093032797614,228.3739936501674,160.3846468587519
2023-03-08,151.14553833007812,133.61747265269,228.58416037454157,228.54878561248847,162.53024883002075
2023-03-09,148.89125061035156,133.61747265269,228.75901746932175,228.72357757480953,162.1546345717688
2023-03-10,146.82485961914062,133.61747265269,228.9338745641019,228.8983695371306,160.84782296182325
2023-03-13,148.77261352539062,133.61747265269,229.10873165888205,229.0731614994517,160.5398981673119
2023-03-14,150.8686981201172,133.61747265269,229.28358875366223,229.24795346177274,158.0374665734787
2023-03-15,151.26416015625,133.61747265269,229.4584458484424,229.42274542409382,156.97051513533387
2023-03-16,154.09193420410156,133.61747265269,229.6333029432226,229.5975373864149,156.8252502807185
2023-03-17,153.2515106201172,133.61747265269,229.80816003800274,229.77232934873598,154.91322316655166
2023-03-20,155.6244354248047,133.61747265269,229.9830171327829,229.94712131105706,155.8248936682477
2023-03-21,157.4832305908203,133.61747265269,230.15787422756307,230.12191327337814,154.85531109382387
2023-03-22,156.04957580566406,133.61747265269,230.33273132234325,230.29670523569922,153.0313853178441
2023-03-23,157.13717651367188,133.61747265269,230.50758841712343,230.4714971980203,152.64537574607124
2023-03-24,158.44229125976562,133.61747265269,230.68244551190358,230.64628916034138,153.6490119573594
2023-03-27,156.49449157714844,133.61747265269,230.85730260668373,230.82108112266246,152.6088873705211
2023-03-28,155.87159729003906,133.61747265269,231.0321597014639,230.99587308498351,151.8655458793188
2023-03-29,158.9564208984375,133.61747265269,231.2070167962441,231.1706650473046,151.5299635932486
2023-03-30,160.52845764160156,133.61747265269,231.38187389102427,231.34545700962568,150.6197713459767
2023-03-31,163.0398406982422,133.61747265269,231.55673098580442,231.52024897194673,151.21629379302578
2023-04-03,164.29550170898438,133.61747265269,231.73158808058457,231.6950409342678,152.44980689469713
2023-04-04,163.76161193847656,133.61747265269,231.90644517536475,231.8698328965889,152.4322299823955
2023-04-05,161.91268920898438,133.61747265269,232.08130227014493,232.04462485890997,151.52655677684055
2023-04-06,162.8025360107422,133.61747265269,232.2561593649251,232.21941682123105,150.68660469274067
2023-04-07,162.8025360107422,133.61747265269,232.43101645970526,232.39420878355213,150.59516552656092
2023-04-10,160.20220947265625,133.61747265269,232.6058735544854,232.5690007458732,149.90538435893956
2023-04-11,158.986083984375,133.61747265269,232.7807306492656,232.7437927081943,151.18735158076302
2023-04-12,158.29397583007812,133.61747265269,232.95558774404577,232.91858467051537,149.93815959513154
2023-04-13,163.69239807128906,133.61747265269,233.13044483882595,233.09337663283645,149.45903738871326
2023-04-14,163.34634399414062,133.61747265269,233.3053019336061,233.2681685951575,149.4628146462701
2023-04-17,163.36610412597656,133.61747265269,233.48015902838625,233.44296055747859,149.62833599692624
2023-04-18,164.5921173095703,133.61747265269,233.65501612316643,233.61775251979967,149.00211784408296
2023-04-19,165.73904418945312,133.61747265269,233.8298732179466,233.79254448212072,148.96503154804466
2023-04-20,164.77011108398438,133.61747265269,234.0047303127268,233.9673364444418,149.00710064458525
2023-04-21,163.15846252441406,133.61747265269,234.17958740750694,234.14212840676288,148.52368091834688
2023-04-24,163.4649658203125,133.61747265269,234.3544445022871,234.31692036908396,148.12718937115
2023-04-25,161.92257690429688,133.61747265269,234.52930159706727,234.49171233140504,149.51510073810024
2023-04-26,161.91268920898438,133.61747265269,234.70415869184745,234.66650429372612,149.24595670109161
2023-04-27,166.5102081298828,133.61747265269,234.87901578662763,234.8412962560472,149.23651909039043
2023-04-28,167.7659149169922,133.61747265269,235.05387288140778,235.01608821836828,149.32571764289986
2023-05-01,167.67691040039062,133.61747265269,235.22872997618794,235.19088018068936,150.92182969772512
2023-05-02,166.63876342773438,133.61747265269,235.40358707096811,235.36567214301044,151.2965592332389
2023-05-03,165.56105041503906,133.61747265269,235.5784441657483,235.5404641053315,152.91770173408727
2023-05-04,163.91978454589844,133.61747265269,235.75330126052847,235.71525606765258,154.00063225852924
2023-05-05,171.61204528808594,133.61747265269,235.92815835530863,235.89004802997366,150.72355355875214
2023-05-08,171.54281616210938,133.61747265269,236.10301545008878,236.0648399922947,151.42061801994467
2023-05-09,169.8323516845703,133.61747265269,236.27787254486896,236.2396319546158,152.04586241722677
2023-05-10,171.60214233398438,133.61747265269,236.45272963964914,236.41442391693687,152.45341740828763
2023-05-11,171.7899932861328,133.61747265269,236.62758673442931,236.58921587925795,152.79108650052373
2023-05-12,170.85931396484375,133.61747265269,236.80244382920947,236.76400784157903,152.20832519386278
2023-05-15,170.3642578125,133.61747265269,236.97730092398962,236.9387998039001,150.9249365989752
2023-05-16,170.3642578125,133.61747265269,237.1521580187698,237.1135917662212,152.50187757537373
2023-05-17,170.9781036376953,133.61747265269,237.32701511354998,237.28838372854227,153.08147121834466
2023-05-18,173.31472778320312,133.61747265269,237.50187220833016,237.46317569086335,152.2757285799067
2023-05-19,173.42364501953125,133.61747265269,237.6767293031103,237.63796765318443,153.3219894837476
2023-05-22,172.47314453125,133.61747265269,237.85158639789046,237.81275961550548,151.77755078266463
2023-05-23,169.8593292236328,133.61747265269,238.02644349267064,237.98755157782657,152.60253708730897
2023-05-24,170.1365509033203,133.61747265269,238.20130058745082,238.16234354014765,153.0352349550057
2023-05-25,171.27517700195312,133.61747265269,238.37615768223097,238.3371355024687,152.8099843245261
2023-05-26,173.6909637451172,133.61747265269,238.55101477701115,238.51192746478978,151.58181309024937
2023-05-29,173.6909637451172,133.61747265269,238.7258718717913,238.68671942711086,150.3651752749492
2023-05-30,175.54241943359375,133.61747265269,238.90072896657148,238.86151138943194,152.23135963558812
2023-05-31,175.49293518066406,133.61747265269,239.07558606135166,239.03630335175302,152.8213486368224
2023-06-01,178.3047637939453,133.61747265269,239.2504431561318,239.2110953140741,154.80512726372928
2023-06-02,179.15623474121094,133.61747265269,239.425300250912,239.38588727639518,155.24870599637026
2023-06-05,177.79981994628906,133.61747265269,239.60015734569214,239.56067923871626,155.16650471448727
2023-06-06,177.4335174560547,133.61747265269,239.77501444047232,239.73547120103734,153.87894909175014
2023-06-07,176.0572967529297,133.61747265269,239.9498715352525,239.91026316335842,155.71353143634474
2023-06-08,178.78001403808594,133.61747265269,240.12472863003265,240.08505512567947,156.59470533708753
2023-06-09,179.1661376953125,133.61747265269,240.29958572481283,240.25984708800056,155.70934693461973
2023-06-12,181.9680633544922,133.61747265269,240.47444281959298,240.43463905032164,156.79347538383914
2023-06-13,181.4928131103516,133.61747265269,240.64929991437316,240.60943101264272,157.72930348933264
2023-06-14,182.12652587890625,133.61747265269,240.82415700915334,240.78422297496377,156.09690690858915
2023-06-15,184.16607666015625,133.61747265269,240.9990141039335,240.95901493728485,155.25871936110815
2023-06-16,183.08688354492188,133.61747265269,241.17387119871367,241.13380689960593,152.76195405269326
2023-06-19,183.08688354492188,133.61747265269,241.34872829349382,241.308598861927,152.4629769792083
2023-06-20,183.17599487304688,133.61747265269,241.523585388274,241.4833908242481,153.90306173524607
2023-06-21,182.13641357421875,133.61747265269,241.69844248305418,241.65818278656917,153.40651152011776
2023-06-22,185.14627075195312,133.61747265269,241.87329957783433,241.83297474889025,154.7998047004081
2023-06-23,184.82945251464844,133.61747265269,242.04815667261448,242.00776671121133,156.98979455386709
2023-06-26,183.43341064453125,133.61747265269,242.22301376739466,242.1825586735324,164.05236257584417
2023-06-27,186.1957550048828,133.61747265269,242.39787086217484,242.35735063585346,166.29458204149086
2023-06-28,187.37396240234372,133.61747265269,242.57272795695502,242.53214259817454,167.80679526612496
2023-06-29,187.7105712890625,133.61747265269,242.74758505173517,242.70693456049563,169.1089441427239
2023-06-30,192.0471649169922,133.61747265269,242.92244214651532,242.8817265228167,171.73633350470143
2023-07-03,190.55213928222656,133.61747265269,243.0972992412955,243.05651848513776,171.39244155213615
2023-07-04,190.55213928222656,133.61747265269,243.27215633607568,243.23131044745884,172.55275033873824
2023-07-05,189.43333435058597,133.61747265269,243.44701343085586,243.40610240977992,169.074058634613
2023-07-06,189.9085693359375,133.61747265269,243.621870525636,243.580894372101,171.66979940953922
2023-07-07,188.789794921875,133.61747265269,243.79672762041616,243.75568633442208,173.1419337105881
2023-07-10,186.74029541015625,133.61747265269,243.97158471519634,243.93047829674316,172.43735583750626
2023-07-11,186.21556091308597,133.61747265269,244.14644180997652,244.10527025906424,173.13853142988097
2023-07-12,187.8888092041016,133.61747265269,244.3212989047567,244.28006222138532,174.26164794771339
2023-07-13,188.6511688232422,133.61747265269,244.49615599953685,244.4548541837064,174.90966962650404
2023-07-14,188.79969787597656,133.61747265269,244.671013094317,244.62964614602748,176.47891659637406
2023-07-17,192.0669708251953,133.61747265269,244.84587018909718,244.80443810834853,181.91673153335435
2023-07-18,191.8095703125,133.61747265269,245.02072728387736,244.97923007066962,183.7129593887774
2023-07-19,193.16595458984372,133.61747265269,245.19558437865754,245.1540220329907,182.79989388852525
2023-07-20,191.21551513671875,133.61747265269,245.3704414734377,245.32881399531175,185.60398758428784
2023-07-21,190.03733825683597,133.61747265269,245.54529856821785,245.50360595763283,185.302566730508
2023-07-24,190.8392639160156,133.61747265269,245.72015566299802,245.6783979199539,186.47245633832176
2023-07-25,191.7006378173828,133.61747265269,245.8950127577782,245.853189882275,190.32195837570598
2023-07-26,192.57192993164065,133.61747265269,246.06986985255838,246.02798184459607,195.61424606822848
2023-07-27,191.3045959472656,133.61747265269,246.24472694733853,246.20277380691715,192.71303982312318
2023-07-28,193.88873291015625,133.61747265269,246.4195840421187,246.37756576923823,183.98570864777065
2023-07-31,194.5025787353516,133.61747265269,246.59444113689887,246.5523577315593,185.08092750444146
2023-08-01,193.67092895507807,133.61747265269,246.76929823167904,246.7271496938804,183.77927128795196
2023-08-02,190.6709442138672,133.61747265269,246.94415532645922,246.90194165620147,177.69835502483522
2023-08-03,189.27493286132807,133.61747265269,247.11901242123938,247.07673361852252,181.22847818869275
2023-08-04,180.18592834472656,133.61747265269,247.29386951601953,247.2515255808436,177.83487141070952
2023-08-07,177.0770721435547,133.61747265269,247.4687266107997,247.42631754316469,176.79183602852493
2023-08-08,178.01763916015625,133.61747265269,247.64358370557989,247.60110950548574,180.56208927538412
2023-08-09,176.42359924316406,133.61747265269,247.81844080036007,247.77590146780682,179.0045672150137
2023-08-10,176.20578002929688,133.61747265269,247.99329789514022,247.9506934301279,177.9437789807624
2023-08-11,176.26527404785156,133.61747265269,248.16815498992037,248.12548539244898,177.69509100062706
2023-08-14,177.9209442138672,133.61747265269,248.34301208470055,248.30027735477006,174.14763139209884
2023-08-15,175.92819213867188,133.61747265269,248.51786917948073,248.47506931709114,178.3913366375283
2023-08-16,175.05572509765625,133.61747265269,248.6927262742609,248.64986127941222,181.33048230250006
2023-08-17,172.5077667236328,133.61747265269,248.86758336904106,248.8246532417333,177.05394281692983
2023-08-18,172.9935760498047,133.61747265269,249.0424404638212,248.99944520405438,178.14136625563904
2023-08-21,174.3319854736328,133.61747265269,249.2172975586014,249.17423716637546,183.27845930147242
2023-08-22,175.71006774902344,133.61747265269,249.39215465338157,249.34902912869651,186.8951719515238
2023-08-23,179.56671142578125,133.61747265269,249.56701174816175,249.5238210910176,186.78914091484765
2023-08-24,174.86737060546875,133.61747265269,249.7418688429419,249.69861305333868,189.75577176361733
2023-08-25,177.0782470703125,133.61747265269,249.91672593772205,249.87340501565973,190.04737614650205
2023-08-28,178.6446990966797,133.61747265269,250.09158303250223,250.0481969779808,188.27280507841587
2023-08-29,182.54098510742188,133.61747265269,250.2664401272824,250.2229889403019,191.4776003121469
2023-08-30,186.04071044921875,133.61747265269,250.4412972220626,250.39778090262297,190.66710848420482
2023-08-31,186.25880432128903,133.61747265269,250.61615431684274,250.57257286494405,192.80880470926104
2023-09-01,187.835205078125,133.61747265269,250.7910114116229,250.74736482726513,190.66923070938674
2023-09-04,187.835205078125,133.61747265269,250.96586850640307,250.9221567895862,193.7244892611019
2023-09-05,188.0731201171875,133.61747265269,251.14072560118325,251.0969487519073,200.38725116545757
2023-09-06,181.34133911132807,133.61747265269,251.31558269596343,251.27174071422837,199.3329279126725
2023-09-07,176.03721618652344,133.61747265269,251.49043979074358,251.44653267654945,199.61268441106654
2023-09-08,176.6519012451172,133.61747265269,251.66529688552373,251.6213246388705,199.15213432103096
2023-09-11,177.82177734375,133.61747265269,251.8401539803039,251.79611660119159,195.52857511651712
2023-09-12,174.7880401611328,133.61747265269,252.0150110750841,251.97090856351267,194.0630037526775
2023-09-13,172.71597290039062,133.61747265269,252.18986816986424,252.14570052583372,195.92241841837208
2023-09-14,174.23287963867188,133.61747265269,252.36472526464442,252.3204924881548,196.5498283464342
2023-09-15,173.5091094970703,133.61747265269,252.53958235942457,252.49528445047588,194.33532004503977
2023-09-18,176.44371032714844,133.61747265269,252.71443945420475,252.67007641279696,192.9367966577411
2023-09-19,177.53428649902344,133.61747265269,252.88929654898493,252.84486837511804,193.45262158780963
2023-09-20,173.98500061035156,133.61747265269,253.06415364376508,253.01966033743912,193.73812195540046
2023-09-21,172.4383544921875,133.61747265269,253.23901073854526,253.1944522997602,190.5889315846247
2023-09-22,173.29098510742188,133.61747265269,253.4138678333254,253.36924426208128,192.44586624729808
2023-09-25,174.56991577148438,133.61747265269,253.5887249281056,253.54403622440236,188.2733431837063
2023-09-26,170.4852752685547,133.61747265269,253.76358202288577,253.71882818672344,186.97684438211397
2023-09-27,168.9683837890625,133.61747265269,253.93843911766592,253.8936201490445,189.59567346860564
2023-09-28,169.2261505126953,133.61747265269,254.1132962124461,254.06841211136557,192.4960637947869
2023-09-29,169.74171447753906,133.61747265269,254.28815330722625,254.24320407368666,195.86446502516816
2023-10-02,172.25991821289062,133.61747265269,254.46301040200643,254.4179960360077,196.0689611821985
2023-10-03,170.92149353027344,133.61747265269,254.6378674967866,254.5927879983288,192.9434650535846
2023-10-04,172.17068481445312,133.61747265269,254.81272459156676,254.76757996064987,193.53088192552738
2023-10-05,173.4099578857422,133.61747265269,254.9875816863469,254.94237192297095,196.31671805007355
2023-10-06,175.96783447265625,133.61747265269,255.1624387811271,255.11716388529203,194.6979735304371
2023-10-09,177.45497131347656,133.61747265269,255.33729587590727,255.2919558476131,194.95391866435787
2023-10-10,176.860107421875,133.61747265269,255.51215297068745,255.4667478099342,195.825234279356
2023-10-11,178.25802612304688,133.61747265269,255.6870100654676,255.64153977225527,194.20150418287173
2023-10-12,179.1602325439453,133.61747265269,255.86186716024775,255.81633173457635,192.56929917973173
2023-10-13,177.31619262695312,133.61747265269,256.03672425502793,255.99112369689743,192.1805565574634
2023-10-16,177.1873016357422,133.61747265269,256.2115813498081,256.1659156592185,190.92937521526073
2023-10-17,175.63075256347656,133.61747265269,256.3864384445883,256.34070762153954,188.34094135107244
2023-10-18,174.3319854736328,133.61747265269,256.5612955393684,256.5154995838607,189.40322789014286
2023-10-19,173.9552764892578,133.61747265269,256.7361526341486,256.6902915461817,189.17440975590733
2023-10-20,171.3973846435547,133.61747265269,256.9110097289288,256.8650835085028,188.735797497909
2023-10-23,171.516357421875,133.61747265269,257.08586682370895,257.03987547082386,189.15388628094726
2023-10-24,171.95257568359375,133.61747265269,257.26072391848913,257.21466743314494,191.174370123077
2023-10-25,169.63265991210938,133.61747265269,257.43558101326926,257.389459395466,195.3071921363213
2023-10-26,165.45875549316406,133.61747265269,257.61043810804944,257.5642513577871,196.88872842686575
2023-10-27,166.77734375,133.61747265269,257.7852952028296,257.7390433201082,196.7595673926713
2023-10-30,168.82958984375,133.61747265269,257.9601522976098,257.91383528242926,196.2834723602947
2023-10-31,169.3054962158203,133.61747265269,258.13500939239,258.08862724475034,198.5829032094778
2023-11-01,172.47802734375,133.61747265269,258.3098664871701,258.2634192070714,198.90406250176406
2023-11-02,176.0471954345703,133.61747265269,258.4847235819503,258.4382111693925,196.03756855030298
2023-11-03,175.13504028320312,133.61747265269,258.65958067673046,258.6130031317135,197.98420676886147
2023-11-06,177.69290161132812,133.61747265269,258.83443777151064,258.78779509403466,196.18041297916534
2023-11-07,180.26071166992188,133.61747265269,259.0092948662908,258.9625870563557,197.49240491620353
2023-11-08,181.321533203125,133.61747265269,259.18415196107094,259.13737901867677,201.70722337372112
2023-11-09,180.84564208984372,133.61747265269,259.3590090558511,259.31217098099785,202.34576402241265
2023-11-10,185.0448760986328,133.61747265269,259.5338661506313,259.48696294331893,202.89316638961338
2023-11-13,183.4565277099609,133.61747265269,259.7087232454115,259.66175490564,200.81985315724333
2023-11-14,186.0773468017578,133.61747265269,259.88358034019166,259.8365468679611,202.88124616361597
2023-11-15,186.6431884765625,133.61747265269,260.0584374349718,260.01133883028217,204.81694369194454
2023-11-16,188.33084106445312,133.61747265269,260.23329452975196,260.18613079260325,204.8483357296007
2023-11-17,188.31097412109372,133.61747265269,260.40815162453214,260.36092275492433,204.62522938176912
2023-11-20,190.05816650390625,133.61747265269,260.5830087193123,260.5357147172454,205.7600828385042
2023-11-21,189.25405883789065,133.61747265269,260.7578658140925,260.7105066795665,209.32042930835001
2023-11-22,189.9192047119141,133.61747265269,260.9327229088726,260.8852986418875,207.9734756695242
2023-11-23,189.9192047119141,133.61747265269,261.1075800036528,261.06009060420865,207.8805195255395
2023-11-24,188.58892822265625,133.61747265269,261.282437098433,261.2348825665297,206.56673729078383
2023-11-27,188.41021728515625,133.61747265269,261.45729419321316,261.40967452885076,205.02564975662156
2023-11-28,189.01577758789065,133.61747265269,261.63215128799334,261.58446649117184,204.59955666226574
2023-11-29,187.9932861328125,133.61747265269,261.80700838277346,261.7592584534929,206.56540245476793
2023-11-30,188.569091796875,133.61747265269,261.9818654775537,261.934050415814,202.77271746496248
2023-12-01,189.8497009277344,133.61747265269,262.1567225723338,262.1088423781351,205.8242898290036
2023-12-04,188.05284118652344,133.61747265269,262.331579667114,262.28363434045616,206.99662715158718
2023-12-05,192.01385498046875,133.61747265269,262.5064367618942,262.45842630277724,204.41033716502648
2023-12-06,190.9218597412109,133.61747265269,262.6812938566743,262.6332182650983,204.0381792058858
2023-12-07,192.85769653320312,133.61747265269,262.85615095145454,262.80801022741935,204.2301320652995
2023-12-08,194.28721618652344,133.61747265269,263.03100804623466,262.9828021897405,202.90241793445693
2023-12-11,191.7755889892578,133.61747265269,263.20586514101484,263.1575941520615,203.12691659740324
2023-12-12,193.29449462890625,133.61747265269,263.380722235795,263.33238611438264,203.3849458306325
2023-12-13,196.5208740234375,133.61747265269,263.55557933057514,263.50717807670367,201.47821652916082
2023-12-14,196.6697540283203,133.61747265269,263.7304364253553,263.6819700390248,204.7469893867742
2023-12-15,196.13368225097656,133.61747265269,263.9052935201355,263.8567620013458,209.39351404935965
2023-12-18,194.4659118652344,133.61747265269,264.0801506149157,264.0315539636669,211.5901950233145
2023-12-19,195.5082855224609,133.61747265269,264.25500770969586,264.206345925988,215.33299108894346
2023-12-20,193.41360473632807,133.61747265269,264.429864804476,264.38113788830907,215.90514302575136
2023-12-21,193.26467895507807,133.61747265269,264.60472189925616,264.55592985063015,215.65407134772582
2023-12-22,192.1925506591797,133.61747265269,264.77957899403634,264.73072181295123,211.27077645939977
2023-12-25,192.1925506591797,133.61747265269,264.9544360888165,264.9055137752723,207.90248108476013
2023-12-26,191.64654541015625,133.61747265269,265.1292931835967,265.08030573759333,209.8297360344842
2023-12-27,191.74581909179688,133.61747265269,265.3041502783768,265.2550976999145,210.5521287091672
2023-12-28,192.17269897460935,133.61747265269,265.479007373157,265.4298896622355,209.91222961505824
2023-12-29,191.1303253173828,133.61747265269,265.6538644679372,265.60468162455663,211.7456996550644
2024-01-01,191.1303253173828,133.61747265269,265.82872156271736,265.77947358687766,213.02526421526616
2024-01-02,184.29042053222656,133.61747265269,266.00357865749754,265.9542655491988,212.2951888632354
2024-01-03,182.91050720214844,133.61747265269,266.17843575227766,266.1290575115198,209.65930539846522
2024-01-04,180.58755493164065,133.61747265269,266.35329284705784,266.3038494738409,204.0917454179565
2024-01-05,179.8628387451172,133.61747265269,266.528149941838,266.478641436162,201.82329052572857
2024-01-08,184.2110137939453,133.61747265269,266.7030070366182,266.65343339848306,201.33031896154276
2024-01-09,183.79405212402344,133.61747265269,266.8778641313984,266.82822536080414,195.71704676163705
2024-01-10,184.83642578125,133.61747265269,267.0527212261785,267.0030173231252,199.3001651531654
2024-01-11,184.2407684326172,133.61747265269,267.2275783209587,267.1778092854463,204.39237711076845
2024-01-12,184.56837463378903,133.61747265269,267.40243541573886,267.3526012477673,202.97799772093973
2024-01-15,184.56837463378903,133.61747265269,267.57729251051904,267.52739321008846,205.80701577619251
2024-01-16,182.2950439453125,133.61747265269,267.7521496052992,267.7021851724095,203.75342837986665
2024-01-17,181.35194396972656,133.61747265269,267.92700670007935,267.8769771347306,199.5968149703826
2024-01-18,187.25868225097656,133.61747265269,268.1018637948595,268.05176909705165,195.53678756746913
2024-01-19,190.16737365722656,133.61747265269,268.2767208896397,268.2265610593728,198.92487772819348
2024-01-22,192.48043823242188,133.61747265269,268.4515779844199,268.4013530216938,193.1518603919868
2024-01-23,193.76104736328125,133.61747265269,268.62643507920006,268.5761449840149,188.0348574195187
2024-01-24,193.08599853515625,133.61747265269,268.8012921739802,268.75093694633597,192.467385384773
2024-01-25,192.7584228515625,133.61747265269,268.97614926876037,268.92572890865705,185.06654081066347
2024-01-26,191.0211334228516,133.61747265269,269.15100636354055,269.10052087097813,184.5681535595476
2024-01-29,190.33612060546875,133.61747265269,269.3258634583207,269.2753128332992,184.08526110018417
2024-01-30,186.67295837402344,133.61747265269,269.5007205531009,269.4501047956203,183.10964760979948
2024-01-31,183.05943298339844,133.61747265269,269.675577647881,269.6248967579413,179.3715425625498
2024-02-01,185.5015563964844,133.61747265269,269.8504347426612,269.79968872026245,179.27574982770088
2024-02-02,184.49891662597656,133.61747265269,270.0252918374414,269.9744806825835,182.58795984403872
2024-02-05,186.31558227539065,133.61747265269,270.2001489322215,270.1492726449046,182.89701374883822
2024-02-06,187.92379760742188,133.61747265269,270.37500602700175,270.32406460722564,183.24127446707402
2024-02-07,188.0330047607422,133.61747265269,270.54986312178187,270.4988565695468,180.2914992971471
2024-02-08,186.9509429931641,133.61747265269,270.72472021656205,270.6736485318678,180.1881233629595
2024-02-09,187.71630859375,133.61747265269,270.8995773113422,270.8484404941889,179.39364165589504
2024-02-12,186.0265045166016,133.61747265269,271.07443440612235,271.02323245650996,176.48408756874832
2024-02-13,183.9291839599609,133.61747265269,271.2492915009026,271.19802441883104,175.40960452613663
2024-02-14,183.0445098876953,133.61747265269,271.4241485956827,271.3728163811521,176.29685734879723
2024-02-15,182.7562561035156,133.61747265269,271.5990056904629,271.5476083434732,180.26853470058742
2024-02-16,181.21556091308597,133.61747265269,271.77386278524307,271.7224003057943,180.23485388597297
2024-02-19,181.21556091308597,133.61747265269,271.9487198800232,271.8971922681153,181.45157430461867
2024-02-20,180.47006225585935,133.61747265269,272.1235769748034,272.07198423043644,182.51775422699464
2024-02-21,181.22552490234372,133.61747265269,272.29843406958355,272.24677619275747,181.82797068339877
2024-02-22,183.26321411132807,133.61747265269,272.47329116436373,272.4215681550786,182.6440074654124
2024-02-23,181.4243011474609,133.61747265269,272.6481482591439,272.5963601173996,185.0749754940944
2024-02-26,180.07247924804688,133.61747265269,272.82300535392403,272.77115207972076,184.6348853856114
2024-02-27,181.5336456298828,133.61747265269,272.99786244870427,272.9459440420418,183.13464359140656
2024-02-28,180.3308868408203,133.61747265269,273.1727195434844,273.12073600436287,182.77182932898523
2024-02-29,179.66493225097656,133.61747265269,273.34757663826457,273.29552796668395,179.91083516723123
2024-03-01,178.58148193359375,133.61747265269,273.52243373304475,273.47031992900503,178.68428513565297
2024-03-04,174.04885864257812,133.61747265269,273.6972908278249,273.6451118913261,178.50702399168915
2024-03-05,169.09873962402344,133.61747265269,273.8721479226051,273.8199038536472,176.31890703762596
2024-03-06,168.104736328125,133.61747265269,274.04700501738523,273.99469581596827,177.344750912456
2024-03-07,167.9854736328125,133.61747265269,274.2218621121654,274.16948777828935,176.22955258746484
2024-03-08,169.70506286621094,133.61747265269,274.3967192069456,274.34427974061043,174.14231246230094
2024-03-11,171.71295166015625,133.61747265269,274.5715763017257,274.51907170293146,173.69153101093028
2024-03-12,172.1900634765625,133.61747265269,274.74643339650595,274.6938636652526,174.82196040621292
2024-03-13,170.10269165039062,133.61747265269,274.9212904912861,274.8686556275736,173.62701256865688
2024-03-14,171.96145629882812,133.61747265269,275.09614758606625,275.04344758989475,172.76986921884168
2024-03-15,171.58372497558594,133.61747265269,275.27100468084643,275.2182395522158,172.37670682598045
2024-03-18,172.67713928222656,133.61747265269,275.44586177562655,275.39303151453686,171.32998844326235
2024-03-19,175.02297973632812,133.61747265269,275.6207188704068,275.56782347685794,171.99719393698754
2024-03-20,177.59742736816406,133.61747265269,275.7955759651869,275.742615439179,173.38880376797866
2024-03-21,170.34124755859375,133.61747265269,275.9704330599671,275.9174074015001,173.35740760411318
2024-03-22,171.24578857421875,133.61747265269,276.1452901547473,276.0921993638212,172.31608289952436
2024-03-25,169.82437133789062,133.61747265269,276.3201472495274,276.26699132614226,171.3496390130817
2024-03-26,168.69122314453125,133.61747265269,276.49500434430763,276.44178328846334,171.23443030708546
2024-03-27,172.2695770263672,133.61747265269,276.66986143908775,276.6165752507844,170.43894645829988
2024-03-28,170.45059204101562,133.61747265269,276.84471853386793,276.79136721310545,171.88526293544643
2024-03-29,170.45059204101562,133.61747265269,277.0195756286481,276.9661591754266,170.45390811109212
2024-04-01,169.00929260253906,133.61747265269,277.19443272342824,277.1409511377476,169.8981307551565
2024-04-02,167.826416015625,133.61747265269,277.3692898182085,277.31574310006874,169.891338541088
2024-04-03,168.63156127929688,133.61747265269,277.5441469129886,277.49053506238977,170.06839701991035
2024-04-04,167.8065643310547,133.61747265269,277.7190040077688,277.66532702471085,169.3456060820884
2024-04-05,168.56198120117188,133.61747265269,277.89386110254895,277.84011898703193,169.2924431118183
2024-04-08,167.43878173828125,133.61747265269,278.0687181973291,278.014910949353,169.32924844530373
2024-04-09,168.65142822265625,133.61747265269,278.2435752921093,278.1897029116741,168.76894127819898
2024-04-10,166.7727813720703,133.61747265269,278.41843238688944,278.36449487399517,168.30748819660946
2024-04-11,173.9892120361328,133.61747265269,278.5932894816696,278.53928683631625,169.87347731031952
2024-04-12,175.49017333984375,133.61747265269,278.7681465764498,278.71407879863733,169.55671142908324
2024-04-15,171.65330505371094,133.61747265269,278.9430036712299,278.8888707609584,169.53502753077493
2024-04-16,168.36317443847656,133.61747265269,279.11786076601015,279.06366272327944,169.62540183695205
2024-04-17,166.99147033691406,133.61747265269,279.2927178607903,279.2384546856006,171.4274312428522
2024-04-18,166.0372314453125,133.61747265269,279.46757495557046,279.4132466479216,171.8419975783818
2024-04-19,164.0094757080078,133.61747265269,279.64243205035064,279.58803861024273,173.67210046372938
2024-04-22,164.8444366455078,133.61747265269,279.81728914513076,279.76283057256376,174.89075816382402
2024-04-23,165.8980712890625,133.61747265269,279.992146239911,279.93762253488484,171.158145232799
2024-04-24,168.00535583496094,133.61747265269,280.1670033346911,280.1124144972059,171.93867657863547
2024-04-25,168.87013244628906,133.61747265269,280.3418604294713,280.287206459527,172.63757148990268
2024-04-26,168.28366088867188,133.61747265269,280.5167175242515,280.4619984218481,173.08923183633337
2024-04-29,172.4584503173828,133.61747265269,280.6915746190316,280.63679038416916,173.46150437979918
2024-04-30,169.3074951171875,133.61747265269,280.86643171381183,280.81158234649024,172.78885532079727
2024-05-01,168.28366088867188,133.61747265269,281.04128880859196,280.9863743088113,171.32099233268877
2024-05-02,171.99127197265625,133.61747265269,281.21614590337214,281.1611662711324,173.09999555562945
2024-05-03,182.27914428710935,133.61747265269,281.3910029981523,281.3359582334534,173.7467974475939
2024-05-06,180.6191864013672,133.61747265269,281.56586009293244,281.51075019577456,172.82127690641968
2024-05-07,181.3050079345703,133.61747265269,281.7407171877127,281.6855421580956,173.9976328680836
2024-05-08,181.64300537109372,133.61747265269,281.9155742824928,281.8603341204167,172.23397814888992
2024-05-09,183.4620056152344,133.61747265269,282.090431377273,282.03512608273775,173.15916083767135
2024-05-10,182.19793701171875,133.61747265269,282.26528847205316,282.2099180450589,173.63913227672597
2024-05-13,185.4128875732422,133.61747265269,282.4401455668333,282.3847100073799,173.3725691433628
2024-05-14,186.55751037597656,133.61747265269,282.6150026616135,282.559501969701,171.96824542528637
2024-05-15,188.8368682861328,133.61747265269,282.78985975639364,282.73429393202207,170.57719336639462
2024-05-16,188.9563140869141,133.61747265269,282.9647168511738,282.90908589434315,172.68332007700818
2024-05-17,188.9861602783203,133.61747265269,283.139573945954,283.08387785666423,173.3416329422842
2024-05-20,190.15072631835935,133.61747265269,283.3144310407341,283.2586698189853,175.58071589564432
2024-05-21,191.4546356201172,133.61747265269,283.48928813551436,283.4334617813064,176.07273499908538
2024-05-22,190.01138305664065,133.61747265269,283.6641452302945,283.6082537436274,175.96843543210576
2024-05-23,186.0100860595703,133.61747265269,283.83900232507466,283.78304570594855,174.49729874001852
2024-05-24,189.0956573486328,133.61747265269,284.01385941985484,283.9578376682696,176.56661030239408
2024-05-27,189.0956573486328,133.61747265269,284.18871651463496,284.1326296305907,177.55465190150292
2024-05-28,189.10562133789065,133.61747265269,284.3635736094152,284.30742159291174,176.53972577936162
2024-05-29,189.4042053222656,133.61747265269,284.5384307041953,284.4822135552329,177.75775687681934
2024-05-30,190.39956665039065,133.61747265269,284.7132877989755,284.6570055175539,178.80752743276645
2024-05-31,191.3551025390625,133.61747265269,284.8881448937557,284.831797479875,176.94592860383796
2024-06-03,193.12681579589844,133.61747265269,285.0630019885358,285.00658944219606,175.984803664341
2024-06-04,193.4453125,133.61747265269,285.23785908331604,285.18138140451714,173.14393843908505
2024-06-05,194.95823669433597,133.61747265269,285.41271617809616,285.3561733668382,172.79430633101973
2024-06-06,193.57470703125,133.61747265269,285.58757327287634,285.5309653291593,174.41557533856604
2024-06-07,195.97348022460935,133.61747265269,285.7624303676565,285.7057572914804,173.8420356123442
2024-06-10,192.22103881835935,133.61747265269,285.93728746243664,285.8805492538014,175.4100366544011
2024-06-11,206.18572998046875,133.61747265269,286.1121445572169,286.05534121612254,177.88056699669048
2024-06-12,212.0782012939453,133.61747265269,286.287001651997,286.23013317844357,185.8714355050998
2024-06-13,213.24273681640625,133.61747265269,286.4618587467772,286.4049251407647,188.40020473090217
2024-06-14,211.50086975097656,133.61747265269,286.63671584155736,286.5797171030857,190.10167662787197
2024-06-17,215.6614227294922,133.61747265269,286.8115729363375,286.75450906540686,191.56499018765493
2024-06-18,213.29249572753903,133.61747265269,286.9864300311177,286.9293010277279,194.5292610168935
2024-06-19,213.29249572753903,133.61747265269,287.16128712589784,287.10409299004897,194.1277535877955
2024-06-20,208.70394897460935,133.61747265269,287.336144220678,287.27888495237005,195.4299356918862
2024-06-21,206.524169921875,133.61747265269,287.5110013154582,287.45367691469113,191.47824901815383
2024-06-24,207.17112731933597,133.61747265269,287.6858584102383,287.6284688770122,194.40599872098835
2024-06-25,208.0968017578125,133.61747265269,287.86071550501856,287.8032608393333,196.06105923518894
2024-06-26,212.25733947753903,133.61747265269,288.0355725997987,287.97805280165437,195.2512312621125
2024-06-27,213.1033935546875,133.61747265269,288.21042969457886,288.1528447639754,196.03315417106472
2024-06-28,209.6395721435547,133.61747265269,288.38528678935904,288.32763672629653,197.2926985492488
2024-07-01,215.7410430908203,133.61747265269,288.56014388413917,288.50242868861756,198.0142477206434
2024-07-02,219.24465942382807,133.61747265269,288.7350009789194,288.6772206509387,199.77857003646838
2024-07-03,220.51870727539065,133.61747265269,288.9098580736995,288.8520126132597,205.92173679965433
2024-07-04,220.51870727539065,133.61747265269,289.0847151684797,289.02680457558085,207.94230037864128
2024-07-05,225.28640747070312,133.61747265269,289.2595722632599,289.2015965379019,206.8962023933371
2024-07-08,226.7595367431641,133.61747265269,289.43442935804,289.37638850022296,210.05713486395658
2024-07-09,227.61550903320312,133.61747265269,289.6092864528202,289.55118046254404,209.70324509411378
2024-07-10,231.8954925537109,133.61747265269,289.78414354760037,289.7259724248651,211.01436185650752
2024-07-11,226.5106964111328,133.61747265269,289.95900064238054,289.9007643871862,215.35742712571124
2024-07-12,229.46685791015625,133.61747265269,290.1338577371607,290.0755563495073,221.33245198173478
2024-07-15,233.3088836669922,133.61747265269,290.30871483194085,290.25034831182836,218.0366003981827
2024-07-16,233.72694396972656,133.61747265269,290.483571926721,290.4251402741494,208.14984917481175
2024-07-17,227.81460571289065,133.61747265269,290.6584290215012,290.5999322364705,209.37624864132783
2024-07-18,223.13645935058597,133.61747265269,290.8332861162814,290.77472419879155,207.891165725509
2024-07-19,223.26583862304688,133.61747265269,291.00814321106157,290.9495161611127,201.0002996271652
2024-07-22,222.91749572753903,133.61747265269,291.1830003058417,291.1243081234337,204.98097500747832
2024-07-23,223.96258544921875,133.61747265269,291.35785740062187,291.29910008575484,201.1304732432944
2024-07-24,217.522705078125,133.61747265269,291.53271449540205,291.47389204807587,199.93877238369214
2024-07-25,216.47760009765625,133.61747265269,291.7075715901822,291.64868401039695,204.1903797831726
2024-07-26,216.94541931152344,133.61747265269,291.8824286849624,291.82347597271803,202.4168832942186
2024-07-29,217.22412109375,133.61747265269,292.05728577974253,291.9982679350391,201.20527967456445
2024-07-30,217.7815093994141,133.61747265269,292.2321428745227,292.1730598973602,200.91203854939104
2024-07-31,221.0462188720703,133.61747265269,292.4069999693029,292.34785185968127,196.8892906862295
2024-08-01,217.34356689453125,133.61747265269,292.58185706408307,292.52264382200235,201.67510874436113
2024-08-02,218.83657836914065,133.61747265269,292.75671415886325,292.6974357843234,204.9856219918698
2024-08-05,208.29586791992188,133.61747265269,292.93157125364337,292.8722277466445,200.13924369260357
2024-08-06,206.26535034179688,133.61747265269,293.10642834842355,293.04701970896554,201.35644002763559
2024-08-07,208.84332275390625,133.61747265269,293.2812854432037,293.2218116712867,207.15064496031613
2024-08-08,212.3170623779297,133.61747265269,293.4561425379839,293.3966036336077,211.22586194375495
2024-08-09,215.23342895507807,133.61747265269,293.6309996327641,293.57139559592883,211.0934717451352
2024-08-12,216.76803588867188,133.61747265269,293.8058567275442,293.74618755824986,214.43336801929334
2024-08-13,220.49493408203125,133.61747265269,293.9807138223244,293.92097952057094,214.75014701320202
2024-08-14,220.943359375,133.61747265269,294.15557091710457,294.095771482892,212.73229708052108
2024-08-15,223.93284606933597,133.61747265269,294.33042801188475,294.2705634452131,216.34062601301918
2024-08-16,225.25819396972656,133.61747265269,294.5052851066649,294.4453554075342,215.41214287173122
2024-08-19,225.09873962402344,133.61747265269,294.68014220144505,294.62014736985526,217.8189109816798
2024-08-20,225.7165679931641,133.61747265269,294.85499929622523,294.79493933217634,215.38907881411723
2024-08-21,225.60696411132807,133.61747265269,295.0298563910054,294.96973129449736,218.8275300467676
2024-08-22,223.74351501464844,133.61747265269,295.2047134857856,295.1445232568185,226.34031490771184
2024-08-23,226.04542541503903,133.61747265269,295.37957058056577,295.3193152191395,225.1361799642307
2024-08-26,226.3842315673828,133.61747265269,295.5544276753459,295.49410718146066,225.43888391692136
2024-08-27,227.23126220703125,133.61747265269,295.72928477012607,295.6688991437817,224.90552486343793
2024-08-28,225.6966552734375,133.61747265269,295.90414186490625,295.8436911061028,220.8004161310093
2024-08-29,228.98507690429688,133.61747265269,296.07899895968643,296.01848306842385,219.13256339035496
2024-08-30,228.1978454589844,133.61747265269,296.2538560544666,296.1932750307449,221.2192141627021
2024-09-02,228.1978454589844,133.61747265269,296.42871314924673,296.368066993066,221.914636915278
2024-09-03,221.9896697998047,133.61747265269,296.6035702440269,296.5428589553871,219.40150921597228
2024-09-04,220.07640075683597,133.61747265269,296.7784273388071,296.71765091770817,217.80986729851426
2024-09-05,221.60104370117188,133.61747265269,296.9532844335872,296.89244288002925,218.37943939785578
2024-09-06,220.0465087890625,133.61747265269,297.12814152836745,297.06723484235033,218.68896931333896
2024-09-09,220.13619995117188,133.61747265269,297.3029986231476,297.24202680467135,215.12166821893334
2024-09-10,219.3389892578125,133.61747265269,297.47785571792775,297.4168187669925,217.20498190600128
2024-09-11,221.88006591796875,133.61747265269,297.65271281270793,297.5916107293135,212.48328300984755
2024-09-12,221.9896697998047,133.61747265269,297.82756990748805,297.76640269163465,211.007805918138
2024-09-13,221.7206268310547,133.61747265269,298.0024270022683,297.9411946539557,213.95079521544938
2024-09-16,215.56228637695312,133.61747265269,298.1772840970484,298.1159866162768,217.21116586272254
2024-09-17,216.03060913085935,133.61747265269,298.3521411918286,298.29077857859784,220.99923939949184
2024-09-18,219.9169769287109,133.61747265269,298.5269982866088,298.4655705409189,221.21717164804724
2024-09-19,228.0683135986328,133.61747265269,298.7018553813889,298.64036250324,217.67820352225948
2024-09-20,227.4006500244141,133.61747265269,298.87671247616913,298.8151544655611,218.32831048186998
2024-09-23,225.67672729492188,133.61747265269,299.05156957094925,298.98994642788216,221.45831687821337
2024-09-24,226.57354736328125,133.61747265269,299.22642666572943,299.16473839020324,219.61960019925306
2024-09-25,225.5770568847656,133.61747265269,299.4012837605096,299.3395303525243,219.89563773125667
2024-09-26,226.72303771972656,133.61747265269,299.57614085528974,299.51432231484534,220.86571374086736
2024-09-27,226.99208068847656,133.61747265269,299.75099795007,299.6891142771665,219.02176026903388
2024-09-30,232.1838531494141,133.61747265269,299.9258550448501,299.8639062394875,217.16847255755994
2024-10-01,225.41763305664065,133.61747265269,300.1007121396303,300.03869820180864,216.71763305501602
2024-10-02,225.98562622070312,133.61747265269,300.27556923441045,300.21349016412967,215.29435971958006
2024-10-03,224.8795166015625,133.61747265269,300.4504263291906,300.3882821264508,212.36344423695854
2024-10-04,226.00555419921875,133.61747265269,300.6252834239708,300.5630740887718,213.549002049899
2024-10-07,220.91346740722656,133.61747265269,300.80014051875094,300.7378660510929,213.27881929488856
2024-10-08,224.97918701171875,133.61747265269,300.9749976135311,300.912658013414,212.77216598262137
2024-10-09,228.73594665527344,133.61747265269,301.1498547083113,301.08744997573507,213.23133214063137
2024-10-10,228.2377014160156,133.61747265269,301.3247118030914,301.26224193805615,215.49671817466518
2024-10-11,226.75294494628903,133.61747265269,301.49956889787165,301.43703390037723,220.14280391841532
2024-10-14,230.48980712890625,133.61747265269,301.6744259926518,301.6118258626983,221.91282377610327
2024-10-15,233.03086853027344,133.61747265269,301.84928308743196,301.78661782501933,221.7546402684061
2024-10-16,230.96810913085935,133.61747265269,302.02414018221214,301.9614097873405,221.20550194510918
2024-10-17,231.3368225097656,133.61747265269,302.19899727699226,302.1362017496615,223.78419295044557
2024-10-18,234.1768341064453,133.61747265269,302.3738543717725,302.31099371198263,224.13340382739023
2024-10-21,235.65164184570312,133.61747265269,302.5487114665526,302.48578567430366,220.8908091006036
2024-10-22,235.0338287353516,133.61747265269,302.7235685613328,302.6605776366248,223.0716169645429
2024-10-23,229.95169067382807,133.61747265269,302.898425656113,302.8353695989458,221.02676329665698
2024-10-24,229.76235961914065,133.61747265269,303.0732827508931,303.0101615612669,222.49235517785735
2024-10-25,230.59942626953125,133.61747265269,303.24813984567334,303.184953523588,227.22789464363157
2024-10-28,232.5824432373047,133.61747265269,303.42299694045346,303.35974548590906,227.93437813892245
2024-10-29,232.85150146484372,133.61747265269,303.59785403523364,303.53453744823014,228.5381356438895
2024-10-30,229.29400634765625,133.61747265269,303.7727111300138,303.7093294105512,226.1900380458894
2024-10-31,225.11868286132807,133.61747265269,303.94756822479394,303.8841213728723,228.49901038207375
2024-11-01,222.12918090820312,133.61747265269,304.1224253195742,304.0589133351933,230.66617566730136
2024-11-04,221.2323303222656,133.61747265269,304.2972824143543,304.23370529751446,230.6885882824064
2024-11-05,222.66729736328125,133.61747265269,304.4721395091345,304.4084972598355,230.42442428353294
2024-11-06,221.9398498535156,133.61747265269,304.64699660391466,304.5832892221566,231.6893874121726
2024-11-07,226.6831817626953,133.61747265269,304.8218536986948,304.75808118447765,235.68521450015777
2024-11-08,226.4138336181641,133.61747265269,304.996710793475,304.9328731467988,234.15552014360057
2024-11-11,223.69039916992188,133.61747265269,305.17156788825514,305.1076651091198,234.03779428172805
2024-11-12,223.69039916992188,133.61747265269,305.3464249830353,305.2824570714409,232.54572911411094
2024-11-13,224.5782470703125,133.61747265269,305.5212820778155,305.45724903376197,230.79796357974635
2024-11-14,227.67079162597656,133.61747265269,305.6961391725956,305.63204099608305,230.30548670190305
2024-11-15,224.4585418701172,133.61747265269,305.87099626737586,305.80683295840413,232.50538880377837
2024-11-18,227.4712677001953,133.61747265269,306.045853362156,305.9816249207252,228.22374470392816
2024-11-19,227.73065185546875,133.61747265269,306.22071045693616,306.1564168830463,231.64547441619592
2024-11-20,228.44891357421875,133.61747265269,306.39556755171634,306.3312088453673,232.95196317663726
2024-11-21,227.97007751464844,133.61747265269,306.57042464649646,306.50600080768845,230.0286307785069
2024-11-22,229.3168182373047,133.61747265269,306.7452817412767,306.6807927700095,229.59711979808316
2024-11-25,232.30960083007807,133.61747265269,306.9201388360568,306.8555847323306,229.80040711836588
2024-11-26,234.49432373046875,133.61747265269,307.094995930837,307.03037669465164,228.29384343934893
2024-11-27,234.36463928222656,133.61747265269,307.2698530256172,307.2051686569728,228.5338192519702
2024-11-28,234.36463928222656,133.61747265269,307.4447101203973,307.3799606192938,228.81150216658335
2024-11-29,236.7588653564453,133.61747265269,307.61956721517754,307.5547525816149,226.65390983832813
2024-12-02,239.013427734375,133.61747265269,307.79442430995766,307.72954454393596,230.3184522463519
2024-12-03,242.06607055664065,133.61747265269,307.96928140473784,307.90433650625704,235.53234066041668
2024-12-04,242.4252014160156,133.61747265269,308.144138499518,308.0791284685781,237.99015825026214
2024-12-05,242.4551239013672,133.61747265269,308.31899559429814,308.2539204308992,242.18664472674254
2024-12-06,242.25559997558597,133.61747265269,308.4938526890784,308.4287123932203,242.81683051831823
2024-12-09,246.1562042236328,133.61747265269,308.6687097838585,308.60350435554136,242.52117460701538
2024-12-10,247.1737518310547,133.61747265269,308.8435668786387,308.77829631786244,237.57878395613673
2024-12-11,245.89683532714844,133.61747265269,309.01842397341886,308.95308828018347,233.77827314303067
2024-12-12,247.36329650878903,133.61747265269,309.193281068199,309.1278802425046,235.93250456292475
2024-12-13,247.5328826904297,133.61747265269,309.3681381629792,309.3026722048256,236.7318391022731
2024-12-16,250.43588256835935,133.61747265269,309.54299525775934,309.47746416714676,235.99950436720593
2024-12-17,252.8699951171875,133.61747265269,309.7178523525395,309.6522561294678,238.04786142202835
2024-12-18,247.4530792236328,133.61747265269,309.8927094473197,309.82704809178887,239.47333134227335
2024-12-19,249.1888885498047,133.61747265269,310.0675665420998,310.00184005410995,238.63963447235037
2024-12-20,253.87759399414065,133.61747265269,310.24242363688006,310.17663201643103,235.66384956312854
2024-12-23,254.6557159423828,133.61747265269,310.4172807316602,310.3514239787521,229.39327861433947
2024-12-24,257.57867431640625,133.61747265269,310.59213782644036,310.5262159410732,226.83129757627734
2024-12-25,257.57867431640625,133.61747265269,310.76699492122054,310.70100790339427,226.26498113008628
2024-12-26,258.39666748046875,133.61747265269,310.94185201600067,310.87579986571535,219.9446008689505
2024-12-27,254.9749298095703,133.61747265269,311.1167091107809,311.05059182803643,223.95915563218946
2024-12-30,251.59307861328125,133.61747265269,311.291566205561,311.22538379035745,229.6690058575479
2024-12-31,249.8173675537109,133.61747265269,311.4664233003412,311.4001757526786,228.06740171438705
2025-01-01,249.8173675537109,133.61747265269,311.6412803951214,311.5749677149996,231.23363303901925
2025-01-02,243.26319885253903,133.61747265269,311.8161374899015,311.74975967732075,228.9139980360614
2025-01-03,242.7743682861328,133.61747265269,311.99099458468174,311.9245516396418,224.2320318553389
2025-01-06,244.4104156494141,133.61747265269,312.16585167946187,312.09934360196286,219.65908132753677
2025-01-07,241.62713623046875,133.61747265269,312.34070877424205,312.27413556428394,223.45313386164784
2025-01-08,242.11595153808597,133.61747265269,312.5155658690222,312.448927526605,216.95663200457838
2025-01-09,242.11595153808597,133.61747265269,312.69042296380235,312.6237194889261,211.19766201378795
2025-01-10,236.2800445556641,133.61747265269,312.8652800585826,312.7985114512472,216.16462081799395
2025-01-13,233.8359222412109,133.61747265269,313.0401371533627,312.97330341356826,207.84143176282564
2025-01-14,232.71861267089844,133.61747265269,313.2149942481429,313.14809537588934,207.27062468754193
2025-01-15,237.2975616455078,133.61747265269,313.38985134292307,313.3228873382104,206.71728804582804
2025-01-16,227.710693359375,133.61747265269,313.5647084377032,313.49767930053144,205.61075192465492
2025-01-17,229.4265594482422,133.61747265269,313.7395655324834,313.6724712628526,201.40255344530536
2025-01-20,229.4265594482422,133.61747265269,313.91442262726355,313.8472632251736,201.28426830351736
2025-01-21,222.10421752929688,133.61747265269,314.0892797220437,314.02205518749474,204.9921824453301
2025-01-22,223.29136657714844,133.61747265269,314.2641368168239,314.19684714981577,205.32823621461256
2025-01-23,223.1217803955078,133.61747265269,314.43899391160403,314.37163911213685,205.70378633360332
2025-01-24,222.24388122558597,133.61747265269,314.61385100638427,314.5464310744579,202.38166923159622
2025-01-27,229.30685424804688,133.61747265269,314.7887081011644,314.721223036779,202.25489811624962
2025-01-28,237.68663024902344,133.61747265269,314.96356519594457,314.8960149991001,201.35244865944867
2025-01-29,238.7839813232422,133.61747265269,315.13842229072475,315.07080696142117,198.07626040694245
2025-01-30,237.0182342529297,133.61747265269,315.31327938550487,315.24559892374225,196.85990420863453
2025-01-31,235.4320831298828,133.61747265269,315.4881364802851,315.42039088606333,197.8451997751684
2025-02-03,227.46128845214844,133.61747265269,315.66299357506523,315.5951828483844,202.2916438601644
2025-02-04,232.23977661132807,133.61747265269,315.8378506698454,315.76997481070543,202.24317878944603
2025-02-05,231.91058349609372,133.61747265269,316.0127077646256,315.9447667730266,203.59774075574379
2025-02-06,232.6587677001953,133.61747265269,316.1875648594057,316.1195587353476,204.7832641954338
2025-02-07,227.08221435546875,133.61747265269,316.3624219541859,316.29435069766873,203.9986007161733
2025-02-10,227.3518524169922,133.61747265269,316.53727904896607,316.46914265998976,204.9033680720729
2025-02-11,232.3153533935547,133.61747265269,316.71213614374625,316.64393462231084,207.61970215816805
2025-02-12,236.55978393554688,133.61747265269,316.88699323852643,316.8187265846319,207.11513619945396
2025-02-13,241.21368408203125,133.61747265269,317.06185033330655,316.993518546953,205.4214642209898
2025-02-14,244.2796630859375,133.61747265269,317.23670742808673,317.1683105092741,205.0037604906586
2025-02-17,244.2796630859375,133.61747265269,317.4115645228669,317.34310247159516,201.7842037609838
2025-02-18,244.14984130859372,133.61747265269,317.5864216176471,317.51789443391624,200.3980551359721
2025-02-19,244.5493011474609,133.61747265269,317.76127871242727,317.6926863962373,200.18879770265977
2025-02-20,245.508056640625,133.61747265269,317.9361358072074,317.8674783585584,197.72459090870026
2025-02-21,245.2284240722656,133.61747265269,318.1109929019876,318.0422703208794,198.8646081566643
2025-02-24,246.77639770507807,133.61747265269,318.28584999676775,318.21706228320056,197.60379408110583
2025-02-25,246.71646118164065,133.61747265269,318.46070709154793,318.3918542455216,195.25323960675775
2025-02-26,240.0452117919922,133.61747265269,318.6355641863281,318.5666462078427,194.73768627578934
2025-02-27,236.98922729492188,133.61747265269,318.81042128110823,318.74143817016375,195.9949088550665
2025-02-28,241.5232696533203,133.61747265269,318.9852783758884,318.9162301324849,194.6451377667927
2025-03-03,237.71826171875,133.61747265269,319.1601354706686,319.0910220948059,193.67419255836452
2025-03-04,235.6210174560547,133.61747265269,319.3349925654488,319.265814057127,193.22345005871233
2025-03-05,235.4312744140625,133.61747265269,319.50984966022895,319.44060601944807,192.04020554054804
2025-03-06,235.0218048095703,133.61747265269,319.6847067550091,319.61539798176915,192.77809408094924
2025-03-07,238.7569122314453,133.61747265269,319.85956384978925,319.79018994409023,194.32780064126015
2025-03-10,227.1820831298828,133.61747265269,320.03442094456943,319.9649819064113,194.28258522583087
2025-03-11,220.55078125,133.61747265269,320.2092780393496,320.1397738687324,193.1056090222082
2025-03-12,216.69583129882807,133.61747265269,320.3841351341298,320.3145658310534,192.0126733334227
2025-03-13,209.4053955078125,133.61747265269,320.5589922289099,320.48935779337455,191.87369508761
2025-03-14,213.21041870117188,133.61747265269,320.7338493236901,320.6641497556956,190.97250855766026
2025-03-17,213.71974182128903,133.61747265269,320.9087064184703,320.8389417180167,192.58317429012982
2025-03-18,212.4114532470703,133.61747265269,321.08356351325045,321.01373368033774,190.96965662705264
2025-03-19,214.95811462402344,133.61747265269,321.25842060803063,321.1885256426589,190.33722412159977
2025-03-20,213.81961059570312,133.61747265269,321.43327770281076,321.3633176049799,190.31986243590595
2025-03-21,217.9841461181641,133.61747265269,321.60813479759094,321.538109567301,190.50845804289443
2025-03-24,220.44091796875,133.61747265269,321.7829918923711,321.71290152962206,189.6890943200938
2025-03-25,223.45697021484372,133.61747265269,321.9578489871513,321.88769349194314,189.61985467559194
2025-03-26,221.2398681640625,133.61747265269,322.1327060819315,322.0624854542642,189.65139624602224
2025-03-27,223.5568389892578,133.61747265269,322.3075631767116,322.2372774165853,189.0142016380511
2025-03-28,217.6146240234375,133.61747265269,322.4824202714918,322.4120693789064,188.48778702206886
2025-03-31,221.83909606933597,133.61747265269,322.65727736627196,322.5868613412274,190.2318538825388
2025-04-01,222.897705078125,133.61747265269,322.8321344610521,322.76165330354854,189.86746615707492
2025-04-02,223.59678649902344,133.61747265269,323.0069915558323,322.93644526586957,189.83353597115942
2025-04-03,202.9239044189453,133.61747265269,323.18184865061244,323.1112372281907,189.9250860310042
2025-04-04,188.13330078125,133.61747265269,323.3567057453926,323.2860291905117,191.9330327879793
2025-04-07,181.2223663330078,133.61747265269,323.5315628401728,323.46082115283286,192.38743592352475
2025-04-08,172.19419860839844,133.61747265269,323.7064199349529,323.6356131151539,194.42649919337148
2025-04-09,198.58958435058597,133.61747265269,323.88127702973316,323.81040507747497,195.78088406911877
2025-04-10,190.17062377929688,133.61747265269,324.0561341245133,323.98519703979605,191.5927369068459
2025-04-11,197.89048767089844,133.61747265269,324.23099121929346,324.15998900211713,192.45673513732626
2025-04-14,202.25477600097656,133.61747265269,324.40584831407364,324.3347809644382,193.2292805625786
2025-04-15,201.87527465820312,133.61747265269,324.58070540885376,324.5095729267593,193.72504626437913
2025-04-16,194.0155792236328,133.61747265269,324.755562503634,324.68436488908037,194.1319222590747
2025-04-17,196.72203063964844,133.61747265269,324.9304195984141,324.8591568514014,193.36938544773176
2025-04-18,196.72203063964844,133.61747265269,325.1052766931943,325.03394881372253,191.71704806640233
2025-04-21,192.9070281982422,133.61747265269,325.2801337879745,325.20874077604356,193.6981135358852
2025-04-22,199.4784240722656,133.61747265269,325.4549908827546,325.3835327383647,194.4121236768432
2025-04-23,204.33206176757807,133.61747265269,325.62984797753484,325.5583247006857,193.36682523293268
2025-04-24,208.09710693359372,133.61747265269,325.80470507231496,325.73311666300685,194.67327625241958
2025-04-25,209.00592041015625,133.61747265269,325.97956216709514,325.9079086253279,192.6904055151152
2025-04-28,209.8647918701172,133.61747265269,326.1544192618753,326.08270058764896,193.71578458803378
2025-04-29,210.9333953857422,133.61747265269,326.32927635665544,326.25749254997004,194.24302959844627
2025-04-30,212.22171020507807,133.61747265269,326.5041334514357,326.4322845122911,193.93515396219945
2025-05-01,213.04063415527344,133.61747265269,326.6789905462158,326.6070764746122,192.3546777603234
2025-05-02,205.08106994628903,133.61747265269,326.853847640996,326.7818684369333,190.78921145784014
2025-05-05,198.6295318603516,133.61747265269,327.02870473577616,326.95666039925436,193.1352805184282
2025-05-06,198.25001525878903,133.61747265269,327.2035618305563,327.1314523615754,193.861917247746
2025-05-07,195.99298095703125,133.61747265269,327.3784189253365,327.3062443238965,196.3563045275594
2025-05-08,197.2313690185547,133.61747265269,327.55327602011664,327.48103628621755,196.89676400180053
2025-05-09,198.2700042724609,133.61747265269,327.7281331148968,327.6558282485387,196.77036614972425
2025-05-12,210.7899932861328,133.61747265269,327.902990209677,327.8306202108597,195.11564838828684
2025-05-13,212.92999267578125,133.61747265269,328.0778473044571,328.00541217318084,197.41968916844343
2025-05-14,212.3300018310547,133.61747265269,328.25270439923736,328.18020413550187,198.5145984659183
2025-05-15,211.4499969482422,133.61747265269,328.4275614940175,328.35499609782295,197.37010462410348
2025-05-16,211.25999450683597,133.61747265269,328.60241858879766,328.529788060144,198.72203836979955
2025-05-19,208.77999877929688,133.61747265269,328.77727568357784,328.7045800224651,199.88575137620032
2025-05-20,206.8600006103516,133.61747265269,328.95213277835796,328.8793719847862,197.7949502990868
2025-05-21,202.08999633789065,133.61747265269,329.1269898731382,329.05416394710727,196.71088796757383
2025-05-22,201.3600006103516,133.61747265269,329.3018469679183,329.22895590942835,193.52592282547684
2025-05-23,195.2700042724609,133.61747265269,329.4767040626985,329.4037478717494,193.1256356828312
2025-05-26,195.2700042724609,133.61747265269,329.6515611574787,329.5785398340705,194.92808894188602
2025-05-27,200.2100067138672,133.61747265269,329.8264182522588,329.75333179639154,194.27755970457062
2025-05-28,200.4199981689453,133.61747265269,330.00127534703904,329.9281237587127,196.0202686083941
2025-05-29,199.9499969482422,133.61747265269,330.17613244181916,330.1029157210337,198.77133943951392
2025-05-30,200.8500061035156,133.61747265269,330.35098953659934,330.27770768335483,207.69050843435545
2025-06-02,201.6999969482422,133.61747265269,330.5258466313795,330.45249964567586,210.50582742031344
2025-06-03,203.2700042724609,133.61747265269,330.70070372615965,330.62729160799694,212.39655798961897
2025-06-04,202.82000732421875,133.61747265269,330.8755608209399,330.802083570318,214.021036232586
2025-06-05,200.6300048828125,133.61747265269,331.05041791572,330.9768755326391,217.3221885290856
2025-06-06,203.9199981689453,133.61747265269,331.2252750105002,331.1516674949602,216.8630656234548
2025-06-09,201.4499969482422,133.61747265269,331.40013210528036,331.32645945728126,218.3071210450341
2025-06-10,202.6699981689453,133.61747265269,331.5749892000605,331.50125141960234,213.88243940169468
2025-06-11,198.77999877929688,133.61747265269,331.7498462948407,331.67604338192336,217.1421980324375
2025-06-12,199.1999969482422,133.61747265269,331.92470338962084,331.8508353442445,218.9801847597897
2025-06-13,196.4499969482422,133.61747265269,332.099560484401,332.0256273065655,218.06510668671876
2025-06-16,198.4199981689453,133.61747265269,332.2744175791812,332.20041926888666,218.92777691224853
2025-06-17,195.63999938964844,133.61747265269,332.4492746739613,332.3752112312077,220.32374915078418
2025-06-18,196.5800018310547,133.61747265269,332.62413176874156,332.5500031935288,221.1188258147827
2025-06-19,196.5800018310547,133.61747265269,332.7989888635217,332.72479515584985,223.07822347656278
2025-06-20,201.0,133.61747265269,332.97384595830187,332.8995871181709,229.9267420659543
2025-06-23,201.5,133.61747265269,333.14870305308204,333.074379080492,232.17164136850514
2025-06-24,200.3000030517578,133.61747265269,333.32356014786217,333.2491710428131,230.99251089814894
2025-06-25,201.55999755859372,133.61747265269,333.4984172426424,333.42396300513417,234.5102821436254
2025-06-26,201.0,133.61747265269,333.6732743374225,333.59875496745525,234.10392345771953
2025-06-27,201.0800018310547,133.61747265269,333.8481314322027,333.77354692977633,235.55626737469322
2025-06-30,205.1699981689453,133.61747265269,334.0229885269829,333.94833889209735,240.3928958757165
2025-07-01,207.82000732421875,133.61747265269,334.197845621763,334.1231308544185,247.05065789524116
2025-07-02,212.44000244140625,133.61747265269,334.37270271654324,334.2979228167395,243.36016097324224
2025-07-03,213.5500030517578,133.61747265269,334.54755981132337,334.47271477906065,232.3139897018528
2025-07-04,213.5500030517578,133.61747265269,334.72241690610355,334.6475067413817,233.67156977821418
2025-07-07,209.9499969482422,133.61747265269,334.8972740008837,334.8222987037028,232.00306016306612
2025-07-08,210.00999450683597,133.61747265269,335.07213109566385,334.99709066602384,224.30224422949516
2025-07-09,211.13999938964844,133.61747265269,335.2469881904441,335.1718826283449,228.73347182626384
2025-07-10,212.41000366210935,133.61747265269,335.4218452852242,335.346674590666,224.42607507587925
2025-07-11,211.16000366210935,133.61747265269,335.5967023800044,335.5214665529871,223.0857087388594
2025-07-14,208.6199951171875,133.61747265269,335.77155947478457,335.69625851530816,227.81867029096105
2025-07-15,209.1100006103516,133.61747265269,335.9464165695647,335.87105047762924,225.8291993734234
2025-07-16,210.16000366210935,133.61747265269,336.1212736643449,336.0458424399503,224.4667803683665
2025-07-17,210.0200042724609,133.61747265269,336.29613075912505,336.22063440227134,224.12898609815508
2025-07-18,211.17999267578125,133.61747265269,336.4709878539052,336.3954263645925,219.63094998036013
2025-07-21,212.47999572753903,133.61747265269,336.6458449486854,336.5702183269135,224.95888085119387
2025-07-22,214.3999938964844,133.61747265269,336.82070204346553,336.74501028923464,228.64076168123952
2025-07-23,214.1499938964844,133.61747265269,336.99555913824577,336.91980225155567,223.22454456827728
2025-07-24,213.75999450683597,133.61747265269,337.1704162330259,337.0945942138768,224.57151379963213
