Date,Actual,Predicted,MAE,MSE,RMSE,MAPE,R2
2020-11-23,13.09928035736084,13.318665,2.6429798367788555,18.7315238581139,4.327993051994643,4.02128020590646,0.9943848525453217
2020-11-24,12.917594909667969,13.503273,2.6429798367788555,18.7315238581139,4.327993051994643,4.02128020590646,0.9943848525453217
2020-11-25,13.19373893737793,13.927162,2.6429798367788555,18.7315238581139,4.327993051994643,4.02128020590646,0.9943848525453217
2020-11-27,13.220153808593748,14.395009,2.6429798367788555,18.7315238581139,4.327993051994643,4.02128020590646,0.9943848525453217
2020-11-30,13.35997295379639,13.947379,2.6429798367788555,18.7315238581139,4.327993051994643,4.02128020590646,0.9943848525453217
2020-12-01,13.348508834838867,13.363812,2.6429798367788555,18.7315238581139,4.327993051994643,4.02128020590646,0.9943848525453217
2020-12-02,13.502528190612791,13.687209,2.6429798367788555,18.7315238581139,4.327993051994643,4.02128020590646,0.9943848525453217
2020-12-03,13.35843276977539,13.835849,2.6429798367788555,18.7315238581139,4.327993051994643,4.02128020590646,0.9943848525453217
2020-12-04,13.520229339599611,14.232511,2.6429798367788555,18.7315238581139,4.327993051994643,4.02128020590646,0.9943848525453217
2020-12-07,13.568591117858887,13.842906,2.6429798367788555,18.7315238581139,4.327993051994643,4.02128020590646,0.9943848525453217
2020-12-08,13.312561988830565,13.625999,2.6429798367788555,18.7315238581139,4.327993051994643,4.02128020590646,0.9943848525453217
2020-12-09,12.894487380981444,13.875068,2.6429798367788555,18.7315238581139,4.327993051994643,4.02128020590646,0.9943848525453217
2020-12-10,12.935871124267578,13.817197,2.6429798367788555,18.7315238581139,4.327993051994643,4.02128020590646,0.9943848525453217
2020-12-11,12.976757049560549,13.303812,2.6429798367788555,18.7315238581139,4.327993051994643,4.02128020590646,0.9943848525453217
2020-12-14,13.271428108215332,13.375576,2.6429798367788555,18.7315238581139,4.327993051994643,4.02128020590646,0.9943848525453217
2020-12-15,13.32303237915039,13.596658,2.6429798367788555,18.7315238581139,4.327993051994643,4.02128020590646,0.9943848525453217
2020-12-16,13.20536422729492,13.174365,2.6429798367788555,18.7315238581139,4.327993051994643,4.02128020590646,0.9943848525453217
2020-12-17,13.30383586883545,13.166148,2.6429798367788555,18.7315238581139,4.327993051994643,4.02128020590646,0.9943848525453217
2020-12-18,13.234781265258787,13.524931,2.6429798367788555,18.7315238581139,4.327993051994643,4.02128020590646,0.9943848525453217
2020-12-21,13.2948637008667,13.714571,2.6429798367788555,18.7315238581139,4.327993051994643,4.02128020590646,0.9943848525453217
2020-12-22,13.241013526916504,13.648425,2.6429798367788555,18.7315238581139,4.327993051994643,4.02128020590646,0.9943848525453217
2020-12-23,12.972768783569336,13.675236,2.6429798367788555,18.7315238581139,4.327993051994643,4.02128020590646,0.9943848525453217
2020-12-24,12.957313537597656,13.195801,2.6429798367788555,18.7315238581139,4.327993051994643,4.02128020590646,0.9943848525453217
2020-12-28,12.863824844360352,13.505252,2.6429798367788555,18.7315238581139,4.327993051994643,4.02128020590646,0.9943848525453217
2020-12-29,12.906953811645508,13.617916,2.6429798367788555,18.7315238581139,4.327993051994643,4.02128020590646,0.9943848525453217
2020-12-30,13.10888385772705,13.484358,2.6429798367788555,18.7315238581139,4.327993051994643,4.02128020590646,0.9943848525453217
2020-12-31,13.01839065551758,13.3676195,2.6429798367788555,18.7315238581139,4.327993051994643,4.02128020590646,0.9943848525453217
2021-01-04,13.0767240524292,13.282682,2.6429798367788555,18.7315238581139,4.327993051994643,4.02128020590646,0.9943848525453217
2021-01-05,13.367156982421877,13.333451,2.6429798367788555,18.7315238581139,4.327993051994643,4.02128020590646,0.9943848525453217
2021-01-06,12.579124450683594,13.640168,2.6429798367788555,18.7315238581139,4.327993051994643,4.02128020590646,0.9943848525453217
2021-01-07,13.306580543518068,13.661795,2.6429798367788555,18.7315238581139,4.327993051994643,4.02128020590646,0.9943848525453217
2021-01-08,13.23951816558838,13.53647,2.6429798367788555,18.7315238581139,4.327993051994643,4.02128020590646,0.9943848525453217
2021-01-11,13.58330249786377,13.55681,2.6429798367788555,18.7315238581139,4.327993051994643,4.02128020590646,0.9943848525453217
2021-01-12,13.446937561035158,14.194703,2.6429798367788555,18.7315238581139,4.327993051994643,4.02128020590646,0.9943848525453217
2021-01-13,13.493804931640621,14.012319,2.6429798367788555,18.7315238581139,4.327993051994643,4.02128020590646,0.9943848525453217
2021-01-14,13.163230895996094,13.843011,2.6429798367788555,18.7315238581139,4.327993051994643,4.02128020590646,0.9943848525453217
2021-01-15,12.823439598083496,13.933764,2.6429798367788555,18.7315238581139,4.327993051994643,4.02128020590646,0.9943848525453217
2021-01-19,12.988723754882812,13.578157,2.6429798367788555,18.7315238581139,4.327993051994643,4.02128020590646,0.9943848525453217
2021-01-20,13.328269004821774,13.075082,2.6429798367788555,18.7315238581139,4.327993051994643,4.02128020590646,0.9943848525453217
2021-01-21,13.828612327575682,13.665811,2.6429798367788555,18.7315238581139,4.327993051994643,4.02128020590646,0.9943848525453217
2021-01-22,13.67404556274414,13.924179,2.6429798367788555,18.7315238581139,4.327993051994643,4.02128020590646,0.9943848525453217
2021-01-25,13.61496067047119,14.11885,2.6429798367788555,18.7315238581139,4.327993051994643,4.02128020590646,0.9943848525453217
2021-01-26,13.397573471069336,14.103517,2.6429798367788555,18.7315238581139,4.327993051994643,4.02128020590646,0.9943848525453217
2021-01-27,12.881524085998535,13.827281,2.6429798367788555,18.7315238581139,4.327993051994643,4.02128020590646,0.9943848525453217
2021-01-28,13.014398574829102,13.389979,2.6429798367788555,18.7315238581139,4.327993051994643,4.02128020590646,0.9943848525453217
2021-01-29,12.953320503234863,13.613436,2.6429798367788555,18.7315238581139,4.327993051994643,4.02128020590646,0.9943848525453217
2021-02-01,13.199878692626951,13.615129,2.6429798367788555,18.7315238581139,4.327993051994643,4.02128020590646,0.9943848525453217
2021-02-02,13.518733024597168,13.549442,2.6429798367788555,18.7315238581139,4.327993051994643,4.02128020590646,0.9943848525453217
2021-02-03,13.492559432983398,13.727101,2.6429798367788555,18.7315238581139,4.327993051994643,4.02128020590646,0.9943848525453217
2021-02-04,13.625931739807125,13.956053,2.6429798367788555,18.7315238581139,4.327993051994643,4.02128020590646,0.9943848525453217
2021-02-05,13.552885055541992,13.905472,2.6429798367788555,18.7315238581139,4.327993051994643,4.02128020590646,0.9943848525453217
2021-02-08,14.398261070251463,13.993967,2.6429798367788555,18.7315238581139,4.327993051994643,4.02128020590646,0.9943848525453217
2021-02-09,14.223251342773436,14.220453,2.6429798367788555,18.7315238581139,4.327993051994643,4.02128020590646,0.9943848525453217
2021-02-10,14.722847938537598,14.978785,2.6429798367788555,18.7315238581139,4.327993051994643,4.02128020590646,0.9943848525453217
2021-02-11,15.207979202270506,14.713649,2.6429798367788555,18.7315238581139,4.327993051994643,4.02128020590646,0.9943848525453217
2021-02-12,14.91929531097412,15.122722,2.6429798367788555,18.7315238581139,4.327993051994643,4.02128020590646,0.9943848525453217
2021-02-16,15.28725814819336,15.501606,2.6429798367788555,18.7315238581139,4.327993051994643,4.02128020590646,0.9943848525453217
2021-02-17,14.8641996383667,15.69569,2.6429798367788555,18.7315238581139,4.327993051994643,4.02128020590646,0.9943848525453217
2021-02-18,14.787417411804197,15.361035,2.6429798367788555,18.7315238581139,4.327993051994643,4.02128020590646,0.9943848525453217
2021-02-19,14.88464069366455,15.229576,2.6429798367788555,18.7315238581139,4.327993051994643,4.02128020590646,0.9943848525453217
2021-02-22,14.315490722656252,15.274719,2.6429798367788555,18.7315238581139,4.327993051994643,4.02128020590646,0.9943848525453217
2021-02-23,14.102340698242188,14.895745,2.6429798367788555,18.7315238581139,4.327993051994643,4.02128020590646,0.9943848525453217
2021-02-24,14.45833969116211,14.832892,2.6429798367788555,18.7315238581139,4.327993051994643,4.02128020590646,0.9943848525453217
2021-02-25,13.270183563232422,14.886714,2.6429798367788555,18.7315238581139,4.327993051994643,4.02128020590646,0.9943848525453217
2021-02-26,13.67604160308838,14.327883,2.6429798367788555,18.7315238581139,4.327993051994643,4.02128020590646,0.9943848525453217
2021-03-01,13.802934646606444,14.297948,2.6429798367788555,18.7315238581139,4.327993051994643,4.02128020590646,0.9943848525453217
2021-03-02,13.368653297424316,13.948019,2.6429798367788555,18.7315238581139,4.327993051994643,4.02128020590646,0.9943848525453217
2021-03-03,12.768840789794922,14.100041,2.6429798367788555,18.7315238581139,4.327993051994643,4.02128020590646,0.9943848525453217
2021-03-04,12.335559844970703,13.8501215,2.6429798367788555,18.7315238581139,4.327993051994643,4.02128020590646,0.9943848525453217
2021-03-05,12.426552772521973,13.033833,2.6429798367788555,18.7315238581139,4.327993051994643,4.02128020590646,0.9943848525453217
2021-03-08,11.560738563537598,13.130076,2.6429798367788555,18.7315238581139,4.327993051994643,4.02128020590646,0.9943848525453217
2021-03-09,12.48945140838623,12.812323,2.6429798367788555,18.7315238581139,4.327993051994643,4.02128020590646,0.9943848525453217
2021-03-10,12.437578201293944,12.387207,2.6429798367788555,18.7315238581139,4.327993051994643,4.02128020590646,0.9943848525453217
2021-03-11,12.961534500122069,12.385511,2.6429798367788555,18.7315238581139,4.327993051994643,4.02128020590646,0.9943848525453217
2021-03-12,12.82437229156494,12.984553,2.6429798367788555,18.7315238581139,4.327993051994643,4.02128020590646,0.9943848525453217
2021-03-15,13.15879726409912,12.966872,2.6429798367788555,18.7315238581139,4.327993051994643,4.02128020590646,0.9943848525453217
2021-03-16,13.258554458618164,12.985269,2.6429798367788555,18.7315238581139,4.327993051994643,4.02128020590646,0.9943848525453217
2021-03-17,13.308430671691895,13.32477,2.6429798367788555,18.7315238581139,4.327993051994643,4.02128020590646,0.9943848525453217
2021-03-18,12.691204071044922,13.61305,2.6429798367788555,18.7315238581139,4.327993051994643,4.02128020590646,0.9943848525453217
2021-03-19,12.81414794921875,13.03558,2.6429798367788555,18.7315238581139,4.327993051994643,4.02128020590646,0.9943848525453217
2021-03-22,13.15380859375,13.38578,2.6429798367788555,18.7315238581139,4.327993051994643,4.02128020590646,0.9943848525453217
2021-03-23,13.038593292236328,13.196236,2.6429798367788555,18.7315238581139,4.327993051994643,4.02128020590646,0.9943848525453217
2021-03-24,12.611895561218262,13.095184,2.6429798367788555,18.7315238581139,4.327993051994643,4.02128020590646,0.9943848525453217
2021-03-25,12.504412651062012,13.010031,2.6429798367788555,18.7315238581139,4.327993051994643,4.02128020590646,0.9943848525453217
2021-03-26,12.807663917541504,12.625034,2.6429798367788555,18.7315238581139,4.327993051994643,4.02128020590646,0.9943848525453217
2021-03-29,12.916397094726562,12.991556,2.6429798367788555,18.7315238581139,4.327993051994643,4.02128020590646,0.9943848525453217
2021-03-30,12.840083122253418,13.111232,2.6429798367788555,18.7315238581139,4.327993051994643,4.02128020590646,0.9943848525453217
2021-03-31,13.31541061401367,13.73719,2.6429798367788555,18.7315238581139,4.327993051994643,4.02128020590646,0.9943848525453217
2021-04-01,13.777772903442383,13.44012,2.6429798367788555,18.7315238581139,4.327993051994643,4.02128020590646,0.9943848525453217
2021-04-05,13.953089714050293,13.66661,2.6429798367788555,18.7315238581139,4.327993051994643,4.02128020590646,0.9943848525453217
2021-04-06,13.827399253845217,14.688248,2.6429798367788555,18.7315238581139,4.327993051994643,4.02128020590646,0.9943848525453217
2021-04-07,14.108707427978516,14.618932,2.6429798367788555,18.7315238581139,4.327993051994643,4.02128020590646,0.9943848525453217
2021-04-08,14.281778335571287,14.632192,2.6429798367788555,18.7315238581139,4.327993051994643,4.02128020590646,0.9943848525453217
2021-04-09,14.364574432373049,14.505531,2.6429798367788555,18.7315238581139,4.327993051994643,4.02128020590646,0.9943848525453217
2021-04-12,15.17158317565918,15.551585,2.6429798367788555,18.7315238581139,4.327993051994643,4.02128020590646,0.9943848525453217
2021-04-13,15.640923500061035,15.360135,2.6429798367788555,18.7315238581139,4.327993051994643,4.02128020590646,0.9943848525453217
2021-04-14,15.239417076110838,15.670709,2.6429798367788555,18.7315238581139,4.327993051994643,4.02128020590646,0.9943848525453217
2021-04-15,16.09754753112793,15.854992,2.6429798367788555,18.7315238581139,4.327993051994643,4.02128020590646,0.9943848525453217
2021-04-16,15.873353958129885,16.124422,2.6429798367788555,18.7315238581139,4.327993051994643,4.02128020590646,0.9943848525453217
2021-04-19,15.32396125793457,16.131111,2.6429798367788555,18.7315238581139,4.327993051994643,4.02128020590646,0.9943848525453217
2021-04-20,15.133928298950195,16.64707,2.6429798367788555,18.7315238581139,4.327993051994643,4.02128020590646,0.9943848525453217
2021-04-21,15.322713851928713,15.702633,2.6429798367788555,18.7315238581139,4.327993051994643,4.02128020590646,0.9943848525453217
2021-04-22,14.813717842102053,15.894527,2.6429798367788555,18.7315238581139,4.327993051994643,4.02128020590646,0.9943848525453217
2021-04-23,15.22769641876221,15.809011,2.6429798367788555,18.7315238581139,4.327993051994643,4.02128020590646,0.9943848525453217
2021-04-26,15.439921379089355,15.494622,2.6429798367788555,18.7315238581139,4.327993051994643,4.02128020590646,0.9943848525453217
2021-04-27,15.343911170959473,15.08295,2.6429798367788555,18.7315238581139,4.327993051994643,4.02128020590646,0.9943848525453217
2021-04-28,15.239166259765623,15.614196,2.6429798367788555,18.7315238581139,4.327993051994643,4.02128020590646,0.9943848525453217
2021-04-29,15.287049293518068,15.695264,2.6429798367788555,18.7315238581139,4.327993051994643,4.02128020590646,0.9943848525453217
2021-04-30,14.972574234008787,15.279019,2.6429798367788555,18.7315238581139,4.327993051994643,4.02128020590646,0.9943848525453217
2021-05-03,14.800251960754396,15.82188,2.6429798367788555,18.7315238581139,4.327993051994643,4.02128020590646,0.9943848525453217
2021-05-04,14.315945625305176,15.384967,2.6429798367788555,18.7315238581139,4.327993051994643,4.02128020590646,0.9943848525453217
2021-05-05,14.422928810119625,14.851065,2.6429798367788555,18.7315238581139,4.327993051994643,4.02128020590646,0.9943848525453217
2021-05-06,14.487271308898924,15.238385,2.6429798367788555,18.7315238581139,4.327993051994643,4.02128020590646,0.9943848525453217
2021-05-07,14.775808334350584,15.049432,2.6429798367788555,18.7315238581139,4.327993051994643,4.02128020590646,0.9943848525453217
2021-05-10,14.230654716491697,14.985231,2.6429798367788555,18.7315238581139,4.327993051994643,4.02128020590646,0.9943848525453217
2021-05-11,14.271055221557615,14.644394,2.6429798367788555,18.7315238581139,4.327993051994643,4.02128020590646,0.9943848525453217
2021-05-12,13.724653244018555,14.5107355,2.6429798367788555,18.7315238581139,4.327993051994643,4.02128020590646,0.9943848525453217
2021-05-13,13.631632804870604,14.177353,2.6429798367788555,18.7315238581139,4.327993051994643,4.02128020590646,0.9943848525453217
2021-05-14,14.207961082458498,14.424833,2.6429798367788555,18.7315238581139,4.327993051994643,4.02128020590646,0.9943848525453217
2021-05-17,14.130650520324709,14.227508,2.6429798367788555,18.7315238581139,4.327993051994643,4.02128020590646,0.9943848525453217
2021-05-18,13.981268882751465,14.690424,2.6429798367788555,18.7315238581139,4.327993051994643,4.02128020590646,0.9943848525453217
2021-05-19,14.031146049499513,14.245565,2.6429798367788555,18.7315238581139,4.327993051994643,4.02128020590646,0.9943848525453217
2021-05-20,14.576550483703612,14.419036,2.6429798367788555,18.7315238581139,4.327993051994643,4.02128020590646,0.9943848525453217
2021-05-21,14.954869270324707,14.222972,2.6429798367788555,18.7315238581139,4.327993051994643,4.02128020590646,0.9943848525453217
2021-05-24,15.573592185974118,15.044281,2.6429798367788555,18.7315238581139,4.327993051994643,4.02128020590646,0.9943848525453217
2021-05-25,15.609253883361816,15.243566,2.6429798367788555,18.7315238581139,4.327993051994643,4.02128020590646,0.9943848525453217
2021-05-26,15.661376953125,15.6693325,2.6429798367788555,18.7315238581139,4.327993051994643,4.02128020590646,0.9943848525453217
2021-05-27,15.449896812438965,15.88491,2.6429798367788555,18.7315238581139,4.327993051994643,4.02128020590646,0.9943848525453217
2021-05-28,16.20453643798828,15.807713,2.6429798367788555,18.7315238581139,4.327993051994643,4.02128020590646,0.9943848525453217
2021-06-01,16.224485397338867,16.254696,2.6429798367788555,18.7315238581139,4.327993051994643,4.02128020590646,0.9943848525453217
2021-06-02,16.736974716186523,16.375563,2.6429798367788555,18.7315238581139,4.327993051994643,4.02128020590646,0.9943848525453217
2021-06-03,16.92799949645996,16.672804,2.6429798367788555,18.7315238581139,4.327993051994643,4.02128020590646,0.9943848525453217
2021-06-04,17.535005569458008,17.020887,2.6429798367788555,18.7315238581139,4.327993051994643,4.02128020590646,0.9943848525453217
2021-06-07,17.575651168823242,17.757618,2.6429798367788555,18.7315238581139,4.327993051994643,4.02128020590646,0.9943848525453217
2021-06-08,17.414052963256836,17.990763,2.6429798367788555,18.7315238581139,4.327993051994643,4.02128020590646,0.9943848525453217
2021-06-09,17.31951904296875,17.92876,2.6429798367788555,18.7315238581139,4.327993051994643,4.02128020590646,0.9943848525453217
2021-06-10,17.386119842529297,17.719112,2.6429798367788555,18.7315238581139,4.327993051994643,4.02128020590646,0.9943848525453217
2021-06-11,17.785470962524414,18.229172,2.6429798367788555,18.7315238581139,4.327993051994643,4.02128020590646,0.9943848525453217
2021-06-14,17.97853660583496,18.63049,2.6429798367788555,18.7315238581139,4.327993051994643,4.02128020590646,0.9943848525453217
2021-06-15,17.74880599975586,18.343016,2.6429798367788555,18.7315238581139,4.327993051994643,4.02128020590646,0.9943848525453217
2021-06-16,17.7705078125,18.255632,2.6429798367788555,18.7315238581139,4.327993051994643,4.02128020590646,0.9943848525453217
2021-06-17,18.615619659423828,18.362906,2.6429798367788555,18.7315238581139,4.327993051994643,4.02128020590646,0.9943848525453217
2021-06-18,18.59715843200684,18.492233,2.6429798367788555,18.7315238581139,4.327993051994643,4.02128020590646,0.9943848525453217
2021-06-21,18.386127471923828,18.899513,2.6429798367788555,18.7315238581139,4.327993051994643,4.02128020590646,0.9943848525453217
2021-06-22,18.844602584838867,19.368544,2.6429798367788555,18.7315238581139,4.327993051994643,4.02128020590646,0.9943848525453217
2021-06-23,19.014726638793945,18.660013,2.6429798367788555,18.7315238581139,4.327993051994643,4.02128020590646,0.9943848525453217
2021-06-24,19.16264533996582,18.629257,2.6429798367788555,18.7315238581139,4.327993051994643,4.02128020590646,0.9943848525453217
2021-06-25,18.988534927368164,19.730198,2.6429798367788555,18.7315238581139,4.327993051994643,4.02128020590646,0.9943848525453217
2021-06-28,19.94040298461914,19.315084,2.6429798367788555,18.7315238581139,4.327993051994643,4.02128020590646,0.9943848525453217
2021-06-29,19.9820613861084,19.298569,2.6429798367788555,18.7315238581139,4.327993051994643,4.02128020590646,0.9943848525453217
2021-06-30,19.95786476135254,20.180027,2.6429798367788555,18.7315238581139,4.327993051994643,4.02128020590646,0.9943848525453217
2021-07-01,20.166894912719727,20.538427,2.6429798367788555,18.7315238581139,4.327993051994643,4.02128020590646,0.9943848525453217
2021-07-02,20.44128799438477,19.533699,2.6429798367788555,18.7315238581139,4.327993051994643,4.02128020590646,0.9943848525453217
2021-07-06,20.65230941772461,20.168922,2.6429798367788555,18.7315238581139,4.327993051994643,4.02128020590646,0.9943848525453217
2021-07-07,20.326292037963867,20.74848,2.6429798367788555,18.7315238581139,4.327993051994643,4.02128020590646,0.9943848525453217
2021-07-08,19.858339309692383,20.736729,2.6429798367788555,18.7315238581139,4.327993051994643,4.02128020590646,0.9943848525453217
2021-07-09,20.005504608154297,20.471313,2.6429798367788555,18.7315238581139,4.327993051994643,4.02128020590646,0.9943848525453217
2021-07-12,20.466732025146484,20.43757,2.6429798367788555,18.7315238581139,4.327993051994643,4.02128020590646,0.9943848525453217
2021-07-13,20.204814910888672,20.308092,2.6429798367788555,18.7315238581139,4.327993051994643,4.02128020590646,0.9943848525453217
2021-07-14,19.79722595214844,20.57458,2.6429798367788555,18.7315238581139,4.327993051994643,4.02128020590646,0.9943848525453217
2021-07-15,18.923927307128903,20.532022,2.6429798367788555,18.7315238581139,4.327993051994643,4.02128020590646,0.9943848525453217
2021-07-16,18.120473861694336,19.614828,2.6429798367788555,18.7315238581139,4.327993051994643,4.02128020590646,0.9943848525453217
2021-07-19,18.73784065246582,19.169388,2.6429798367788555,18.7315238581139,4.327993051994643,4.02128020590646,0.9943848525453217
2021-07-20,18.570466995239254,19.067125,2.6429798367788555,18.7315238581139,4.327993051994643,4.02128020590646,0.9943848525453217
2021-07-21,19.36668586730957,18.997692,2.6429798367788555,18.7315238581139,4.327993051994643,4.02128020590646,0.9943848525453217
2021-07-22,19.550273895263672,19.135124,2.6429798367788555,18.7315238581139,4.327993051994643,4.02128020590646,0.9943848525453217
2021-07-23,19.514354705810547,19.531141,2.6429798367788555,18.7315238581139,4.327993051994643,4.02128020590646,0.9943848525453217
2021-07-26,19.250946044921875,19.999517,2.6429798367788555,18.7315238581139,4.327993051994643,4.02128020590646,0.9943848525453217
2021-07-27,19.16514015197754,19.798277,2.6429798367788555,18.7315238581139,4.327993051994643,4.02128020590646,0.9943848525453217
2021-07-28,19.4594783782959,19.47883,2.6429798367788555,18.7315238581139,4.327993051994643,4.02128020590646,0.9943848525453217
2021-07-29,19.61812400817871,19.181213,2.6429798367788555,18.7315238581139,4.327993051994643,4.02128020590646,0.9943848525453217
2021-07-30,19.455486297607425,20.15518,2.6429798367788555,18.7315238581139,4.327993051994643,4.02128020590646,0.9943848525453217
2021-08-02,19.705928802490234,19.827288,2.6429798367788555,18.7315238581139,4.327993051994643,4.02128020590646,0.9943848525453217
2021-08-03,19.77078437805176,19.989834,2.6429798367788555,18.7315238581139,4.327993051994643,4.02128020590646,0.9943848525453217
2021-08-04,20.228759765625,19.55862,2.6429798367788555,18.7315238581139,4.327993051994643,4.02128020590646,0.9943848525453217
2021-08-05,20.59095001220703,19.791721,2.6429798367788555,18.7315238581139,4.327993051994643,4.02128020590646,0.9943848525453217
2021-08-06,20.32054901123047,19.914108,2.6429798367788555,18.7315238581139,4.327993051994643,4.02128020590646,0.9943848525453217
2021-08-09,20.24971389770508,20.391935,2.6429798367788555,18.7315238581139,4.327993051994643,4.02128020590646,0.9943848525453217
2021-08-10,19.89151382446289,20.669212,2.6429798367788555,18.7315238581139,4.327993051994643,4.02128020590646,0.9943848525453217
2021-08-11,19.655044555664062,20.325336,2.6429798367788555,18.7315238581139,4.327993051994643,4.02128020590646,0.9943848525453217
2021-08-12,19.86058616638184,19.934275,2.6429798367788555,18.7315238581139,4.327993051994643,4.02128020590646,0.9943848525453217
2021-08-13,20.142946243286133,20.049097,2.6429798367788555,18.7315238581139,4.327993051994643,4.02128020590646,0.9943848525453217
2021-08-16,19.90548324584961,20.158129,2.6429798367788555,18.7315238581139,4.327993051994643,4.02128020590646,0.9943848525453217
2021-08-17,19.41457748413086,20.286083,2.6429798367788555,18.7315238581139,4.327993051994643,4.02128020590646,0.9943848525453217
2021-08-18,18.99751281738281,20.269598,2.6429798367788555,18.7315238581139,4.327993051994643,4.02128020590646,0.9943848525453217
2021-08-19,19.753820419311523,19.82863,2.6429798367788555,18.7315238581139,4.327993051994643,4.02128020590646,0.9943848525453217
2021-08-20,20.76955223083496,19.592382,2.6429798367788555,18.7315238581139,4.327993051994643,4.02128020590646,0.9943848525453217
2021-08-23,21.908998489379883,20.327602,2.6429798367788555,18.7315238581139,4.327993051994643,4.02128020590646,0.9943848525453217
2021-08-24,21.744365692138672,21.690243,2.6429798367788555,18.7315238581139,4.327993051994643,4.02128020590646,0.9943848525453217
2021-08-25,22.16343116760254,22.190514,2.6429798367788555,18.7315238581139,4.327993051994643,4.02128020590646,0.9943848525453217
2021-08-26,22.018754959106445,22.367464,2.6429798367788555,18.7315238581139,4.327993051994643,4.02128020590646,0.9943848525453217
2021-08-27,22.58549118041992,22.519419,2.6429798367788555,18.7315238581139,4.327993051994643,4.02128020590646,0.9943848525453217
2021-08-30,22.63736915588379,22.637503,2.6429798367788555,18.7315238581139,4.327993051994643,4.02128020590646,0.9943848525453217
2021-08-31,22.3389892578125,22.866564,2.6429798367788555,18.7315238581139,4.327993051994643,4.02128020590646,0.9943848525453217
2021-09-01,22.39487075805664,23.27185,2.6429798367788555,18.7315238581139,4.327993051994643,4.02128020590646,0.9943848525453217
2021-09-02,22.349966049194336,23.18882,2.6429798367788555,18.7315238581139,4.327993051994643,4.02128020590646,0.9943848525453217
2021-09-03,22.79604721069336,22.80952,2.6429798367788555,18.7315238581139,4.327993051994643,4.02128020590646,0.9943848525453217
2021-09-07,22.615413665771484,22.727173,2.6429798367788555,18.7315238581139,4.327993051994643,4.02128020590646,0.9943848525453217
2021-09-08,22.29308319091797,22.554457,2.6429798367788555,18.7315238581139,4.327993051994643,4.02128020590646,0.9943848525453217
2021-09-09,22.13141441345215,22.218046,2.6429798367788555,18.7315238581139,4.327993051994643,4.02128020590646,0.9943848525453217
2021-09-10,22.43179702758789,22.810816,2.6429798367788555,18.7315238581139,4.327993051994643,4.02128020590646,0.9943848525453217
2021-09-13,22.10646629333496,23.375204,2.6429798367788555,18.7315238581139,4.327993051994643,4.02128020590646,0.9943848525453217
2021-09-14,22.19627952575684,22.953484,2.6429798367788555,18.7315238581139,4.327993051994643,4.02128020590646,0.9943848525453217
2021-09-15,22.29507827758789,22.35264,2.6429798367788555,18.7315238581139,4.327993051994643,4.02128020590646,0.9943848525453217
2021-09-16,22.19627952575684,22.12836,2.6429798367788555,18.7315238581139,4.327993051994643,4.02128020590646,0.9943848525453217
2021-09-17,21.8549861907959,23.008541,2.6429798367788555,18.7315238581139,4.327993051994643,4.02128020590646,0.9943848525453217
2021-09-20,21.069604873657227,23.235943,2.6429798367788555,18.7315238581139,4.327993051994643,4.02128020590646,0.9943848525453217
2021-09-21,21.202327728271484,22.164162,2.6429798367788555,18.7315238581139,4.327993051994643,4.02128020590646,0.9943848525453217
2021-09-22,21.895902633666992,21.410875,2.6429798367788555,18.7315238581139,4.327993051994643,4.02128020590646,0.9943848525453217
2021-09-23,22.43578720092773,21.561853,2.6429798367788555,18.7315238581139,4.327993051994643,4.02128020590646,0.9943848525453217
2021-09-24,22.03561019897461,22.641376,2.6429798367788555,18.7315238581139,4.327993051994643,4.02128020590646,0.9943848525453217
2021-09-27,21.615478515625,22.788353,2.6429798367788555,18.7315238581139,4.327993051994643,4.02128020590646,0.9943848525453217
2021-09-28,20.65645408630371,22.753069,2.6429798367788555,18.7315238581139,4.327993051994643,4.02128020590646,0.9943848525453217
2021-09-29,20.47482681274414,21.762346,2.6429798367788555,18.7315238581139,4.327993051994643,4.02128020590646,0.9943848525453217
2021-09-30,20.673416137695312,21.15267,2.6429798367788555,18.7315238581139,4.327993051994643,4.02128020590646,0.9943848525453217
2021-10-01,20.699363708496094,20.931942,2.6429798367788555,18.7315238581139,4.327993051994643,4.02128020590646,0.9943848525453217
2021-10-04,19.69143867492676,20.813282,2.6429798367788555,18.7315238581139,4.327993051994643,4.02128020590646,0.9943848525453217
2021-10-05,20.40896224975586,20.780376,2.6429798367788555,18.7315238581139,4.327993051994643,4.02128020590646,0.9943848525453217
2021-10-06,20.65744972229004,20.969093,2.6429798367788555,18.7315238581139,4.327993051994643,4.02128020590646,0.9943848525453217
2021-10-07,21.031679153442383,20.745153,2.6429798367788555,18.7315238581139,4.327993051994643,4.02128020590646,0.9943848525453217
2021-10-08,20.78818130493164,20.718222,2.6429798367788555,18.7315238581139,4.327993051994643,4.02128020590646,0.9943848525453217
2021-10-11,20.65245819091797,20.289112,2.6429798367788555,18.7315238581139,4.327993051994643,4.02128020590646,0.9943848525453217
2021-10-12,20.62850952148437,20.788208,2.6429798367788555,18.7315238581139,4.327993051994643,4.02128020590646,0.9943848525453217
2021-10-13,20.89595603942871,21.577776,2.6429798367788555,18.7315238581139,4.327993051994643,4.02128020590646,0.9943848525453217
2021-10-14,21.7012996673584,21.786572,2.6429798367788555,18.7315238581139,4.327993051994643,4.02128020590646,0.9943848525453217
2021-10-15,21.81706047058105,21.590166,2.6429798367788555,18.7315238581139,4.327993051994643,4.02128020590646,0.9943848525453217
2021-10-18,22.17632102966309,21.549646,2.6429798367788555,18.7315238581139,4.327993051994643,4.02128020590646,0.9943848525453217
2021-10-19,22.244184494018555,22.173054,2.6429798367788555,18.7315238581139,4.327993051994643,4.02128020590646,0.9943848525453217
2021-10-20,22.057565689086918,22.856678,2.6429798367788555,18.7315238581139,4.327993051994643,4.02128020590646,0.9943848525453217
2021-10-21,22.645353317260746,22.97199,2.6429798367788555,18.7315238581139,4.327993051994643,4.02128020590646,0.9943848525453217
2021-10-22,22.67928504943848,22.994764,2.6429798367788555,18.7315238581139,4.327993051994643,4.02128020590646,0.9943848525453217
2021-10-25,23.118383407592773,22.509216,2.6429798367788555,18.7315238581139,4.327993051994643,4.02128020590646,0.9943848525453217
2021-10-26,24.66619300842285,23.281553,2.6429798367788555,18.7315238581139,4.327993051994643,4.02128020590646,0.9943848525453217
2021-10-27,24.40073776245117,24.675854,2.6429798367788555,18.7315238581139,4.327993051994643,4.02128020590646,0.9943848525453217
2021-10-28,24.889728546142575,25.534973,2.6429798367788555,18.7315238581139,4.327993051994643,4.02128020590646,0.9943848525453217
2021-10-29,25.51444625854492,25.53281,2.6429798367788555,18.7315238581139,4.327993051994643,4.02128020590646,0.9943848525453217
2021-11-01,25.773910522460938,25.612309,2.6429798367788555,18.7315238581139,4.327993051994643,4.02128020590646,0.9943848525453217
2021-11-02,26.34673118591309,25.861183,2.6429798367788555,18.7315238581139,4.327993051994643,4.02128020590646,0.9943848525453217
2021-11-03,26.543327331542972,26.782997,2.6429798367788555,18.7315238581139,4.327993051994643,4.02128020590646,0.9943848525453217
2021-11-04,29.739740371704098,26.96382,2.6429798367788555,18.7315238581139,4.327993051994643,4.02128020590646,0.9943848525453217
2021-11-05,29.690847396850582,28.993095,2.6429798367788555,18.7315238581139,4.327993051994643,4.02128020590646,0.9943848525453217
2021-11-08,30.740678787231445,29.904867,2.6429798367788555,18.7315238581139,4.327993051994643,4.02128020590646,0.9943848525453217
2021-11-09,30.593986511230465,30.506489,2.6429798367788555,18.7315238581139,4.327993051994643,4.02128020590646,0.9943848525453217
2021-11-10,29.398447036743164,30.189238,2.6429798367788555,18.7315238581139,4.327993051994643,4.02128020590646,0.9943848525453217
2021-11-11,30.32752990722656,30.488789,2.6429798367788555,18.7315238581139,4.327993051994643,4.02128020590646,0.9943848525453217
2021-11-12,30.32752990722656,31.123907,2.6429798367788555,18.7315238581139,4.327993051994643,4.02128020590646,0.9943848525453217
2021-11-15,29.963281631469723,31.376263,2.6429798367788555,18.7315238581139,4.327993051994643,4.02128020590646,0.9943848525453217
2021-11-16,30.140914916992188,31.0361,2.6429798367788555,18.7315238581139,4.327993051994643,4.02128020590646,0.9943848525453217
2021-11-17,29.200851440429688,30.645054,2.6429798367788555,18.7315238581139,4.327993051994643,4.02128020590646,0.9943848525453217
2021-11-18,31.609888076782227,29.814716,2.6429798367788555,18.7315238581139,4.327993051994643,4.02128020590646,0.9943848525453217
2021-11-19,32.917205810546875,31.361822,2.6429798367788555,18.7315238581139,4.327993051994643,4.02128020590646,0.9943848525453217
2021-11-22,31.89031219482422,32.63073,2.6429798367788555,18.7315238581139,4.327993051994643,4.02128020590646,0.9943848525453217
2021-11-23,31.680746078491207,32.353054,2.6429798367788555,18.7315238581139,4.327993051994643,4.02128020590646,0.9943848525453217
2021-11-24,32.60683822631836,31.975918,2.6429798367788555,18.7315238581139,4.327993051994643,4.02128020590646,0.9943848525453217
2021-11-26,31.438243865966797,32.22092,2.6429798367788555,18.7315238581139,4.327993051994643,4.02128020590646,0.9943848525453217
2021-11-29,33.307395935058594,33.544956,2.6429798367788555,18.7315238581139,4.327993051994643,4.02128020590646,0.9943848525453217
2021-11-30,32.60882568359375,33.65063,2.6429798367788555,18.7315238581139,4.327993051994643,4.02128020590646,0.9943848525453217
2021-12-01,31.37422180175781,32.54349,2.6429798367788555,18.7315238581139,4.327993051994643,4.02128020590646,0.9943848525453217
2021-12-02,32.06388473510742,33.073433,2.6429798367788555,18.7315238581139,4.327993051994643,4.02128020590646,0.9943848525453217
2021-12-03,30.633661270141605,31.626945,2.6429798367788555,18.7315238581139,4.327993051994643,4.02128020590646,0.9943848525453217
2021-12-06,29.97892951965332,31.472616,2.6429798367788555,18.7315238581139,4.327993051994643,4.02128020590646,0.9943848525453217
2021-12-07,32.36431121826172,30.62529,2.6429798367788555,18.7315238581139,4.327993051994643,4.02128020590646,0.9943848525453217
2021-12-08,31.764469146728523,30.91697,2.6429798367788555,18.7315238581139,4.327993051994643,4.02128020590646,0.9943848525453217
2021-12-09,30.431056976318363,31.003592,2.6429798367788555,18.7315238581139,4.327993051994643,4.02128020590646,0.9943848525453217
2021-12-10,30.139614105224606,32.564907,2.6429798367788555,18.7315238581139,4.327993051994643,4.02128020590646,0.9943848525453217
2021-12-13,28.1065559387207,30.585138,2.6429798367788555,18.7315238581139,4.327993051994643,4.02128020590646,0.9943848525453217
2021-12-14,28.282217025756836,28.278568,2.6429798367788555,18.7315238581139,4.327993051994643,4.02128020590646,0.9943848525453217
2021-12-15,30.400110244750977,29.104437,2.6429798367788555,18.7315238581139,4.327993051994643,4.02128020590646,0.9943848525453217
2021-12-16,28.332113265991207,29.721031,2.6429798367788555,18.7315238581139,4.327993051994643,4.02128020590646,0.9943848525453217
2021-12-17,27.747251510620117,28.88862,2.6429798367788555,18.7315238581139,4.327993051994643,4.02128020590646,0.9943848525453217
2021-12-20,27.66540718078613,29.183176,2.6429798367788555,18.7315238581139,4.327993051994643,4.02128020590646,0.9943848525453217
2021-12-21,29.018789291381836,27.256489,2.6429798367788555,18.7315238581139,4.327993051994643,4.02128020590646,0.9943848525453217
2021-12-22,29.343158721923828,28.286058,2.6429798367788555,18.7315238581139,4.327993051994643,4.02128020590646,0.9943848525453217
2021-12-23,29.58269500732422,29.098688,2.6429798367788555,18.7315238581139,4.327993051994643,4.02128020590646,0.9943848525453217
2021-12-27,30.885171890258786,28.697678,2.6429798367788555,18.7315238581139,4.327993051994643,4.02128020590646,0.9943848525453217
2021-12-28,30.263378143310543,29.607449,2.6429798367788555,18.7315238581139,4.327993051994643,4.02128020590646,0.9943848525453217
2021-12-29,29.9429988861084,31.211317,2.6429798367788555,18.7315238581139,4.327993051994643,4.02128020590646,0.9943848525453217
2021-12-30,29.52880096435547,30.886562,2.6429798367788555,18.7315238581139,4.327993051994643,4.02128020590646,0.9943848525453217
2021-12-31,29.354135513305664,29.339884,2.6429798367788555,18.7315238581139,4.327993051994643,4.02128020590646,0.9943848525453217
2022-01-03,30.062768936157227,28.85149,2.6429798367788555,18.7315238581139,4.327993051994643,4.02128020590646,0.9943848525453217
2022-01-04,29.233375549316406,30.509901,2.6429798367788555,18.7315238581139,4.327993051994643,4.02128020590646,0.9943848525453217
2022-01-05,27.5506362915039,30.317814,2.6429798367788555,18.7315238581139,4.327993051994643,4.02128020590646,0.9943848525453217
2022-01-06,28.12352180480957,29.506977,2.6429798367788555,18.7315238581139,4.327993051994643,4.02128020590646,0.9943848525453217
2022-01-07,27.19432258605957,27.57779,2.6429798367788555,18.7315238581139,4.327993051994643,4.02128020590646,0.9943848525453217
2022-01-10,27.34703063964844,26.488903,2.6429798367788555,18.7315238581139,4.327993051994643,4.02128020590646,0.9943848525453217
2022-01-11,27.763219833374027,28.09975,2.6429798367788555,18.7315238581139,4.327993051994643,4.02128020590646,0.9943848525453217
2022-01-12,27.944864273071286,28.770065,2.6429798367788555,18.7315238581139,4.327993051994643,4.02128020590646,0.9943848525453217
2022-01-13,26.52362632751465,28.994844,2.6429798367788555,18.7315238581139,4.327993051994643,4.02128020590646,0.9943848525453217
2022-01-14,26.889911651611328,28.059456,2.6429798367788555,18.7315238581139,4.327993051994643,4.02128020590646,0.9943848525453217
2022-01-18,25.85291862487793,27.140802,2.6429798367788555,18.7315238581139,4.327993051994643,4.02128020590646,0.9943848525453217
2022-01-19,25.018535614013672,26.478508,2.6429798367788555,18.7315238581139,4.327993051994643,4.02128020590646,0.9943848525453217
2022-01-20,24.10330581665039,25.70025,2.6429798367788555,18.7315238581139,4.327993051994643,4.02128020590646,0.9943848525453217
2022-01-21,23.32881164550781,26.152294,2.6429798367788555,18.7315238581139,4.327993051994643,4.02128020590646,0.9943848525453217
2022-01-24,23.326812744140625,25.562922,2.6429798367788555,18.7315238581139,4.327993051994643,4.02128020590646,0.9943848525453217
2022-01-25,22.280838012695312,24.262398,2.6429798367788555,18.7315238581139,4.327993051994643,4.02128020590646,0.9943848525453217
2022-01-26,22.727975845336918,22.714561,2.6429798367788555,18.7315238581139,4.327993051994643,4.02128020590646,0.9943848525453217
2022-01-27,21.901573181152344,22.159828,2.6429798367788555,18.7315238581139,4.327993051994643,4.02128020590646,0.9943848525453217
2022-01-28,22.79584312438965,22.357553,2.6429798367788555,18.7315238581139,4.327993051994643,4.02128020590646,0.9943848525453217
2022-01-31,24.43865966796875,23.404337,2.6429798367788555,18.7315238581139,4.327993051994643,4.02128020590646,0.9943848525453217
2022-02-01,24.590362548828125,24.777863,2.6429798367788555,18.7315238581139,4.327993051994643,4.02128020590646,0.9943848525453217
2022-02-02,25.193204879760746,24.599472,2.6429798367788555,18.7315238581139,4.327993051994643,4.02128020590646,0.9943848525453217
2022-02-03,23.90170288085937,23.819147,2.6429798367788555,18.7315238581139,4.327993051994643,4.02128020590646,0.9943848525453217
2022-02-04,24.271982192993164,24.775864,2.6429798367788555,18.7315238581139,4.327993051994643,4.02128020590646,0.9943848525453217
2022-02-07,24.6801872253418,25.256306,2.6429798367788555,18.7315238581139,4.327993051994643,4.02128020590646,0.9943848525453217
2022-02-08,25.05945587158203,25.873943,2.6429798367788555,18.7315238581139,4.327993051994643,4.02128020590646,0.9943848525453217
2022-02-09,26.653369903564453,26.473946,2.6429798367788555,18.7315238581139,4.327993051994643,4.02128020590646,0.9943848525453217
2022-02-10,25.774070739746094,25.03064,2.6429798367788555,18.7315238581139,4.327993051994643,4.02128020590646,0.9943848525453217
2022-02-11,23.90269660949707,25.702719,2.6429798367788555,18.7315238581139,4.327993051994643,4.02128020590646,0.9943848525453217
2022-02-14,24.220081329345703,25.893091,2.6429798367788555,18.7315238581139,4.327993051994643,4.02128020590646,0.9943848525453217
2022-02-15,26.44377326965332,25.425388,2.6429798367788555,18.7315238581139,4.327993051994643,4.02128020590646,0.9943848525453217
2022-02-16,26.45974540710449,26.3494,2.6429798367788555,18.7315238581139,4.327993051994643,4.02128020590646,0.9943848525453217
2022-02-17,24.459619522094727,28.947075,2.6429798367788555,18.7315238581139,4.327993051994643,4.02128020590646,0.9943848525453217
2022-02-18,23.596290588378903,26.48967,2.6429798367788555,18.7315238581139,4.327993051994643,4.02128020590646,0.9943848525453217
2022-02-22,23.34477806091309,24.22454,2.6429798367788555,18.7315238581139,4.327993051994643,4.02128020590646,0.9943848525453217
2022-02-23,22.343711853027344,26.298285,2.6429798367788555,18.7315238581139,4.327993051994643,4.02128020590646,0.9943848525453217
2022-02-24,23.70208740234375,26.003237,2.6429798367788555,18.7315238581139,4.327993051994643,4.02128020590646,0.9943848525453217
2022-02-25,24.11029624938965,25.107458,2.6429798367788555,18.7315238581139,4.327993051994643,4.02128020590646,0.9943848525453217
2022-02-28,24.33785629272461,25.258833,2.6429798367788555,18.7315238581139,4.327993051994643,4.02128020590646,0.9943848525453217
2022-03-01,23.431610107421875,25.708984,2.6429798367788555,18.7315238581139,4.327993051994643,4.02128020590646,0.9943848525453217
2022-03-02,24.17729377746582,24.991713,2.6429798367788555,18.7315238581139,4.327993051994643,4.02128020590646,0.9943848525453217
2022-03-03,23.672182083129883,25.778881,2.6429798367788555,18.7315238581139,4.327993051994643,4.02128020590646,0.9943848525453217
2022-03-04,22.895557403564453,25.271542,2.6429798367788555,18.7315238581139,4.327993051994643,4.02128020590646,0.9943848525453217
2022-03-07,21.314348220825195,24.735115,2.6429798367788555,18.7315238581139,4.327993051994643,4.02128020590646,0.9943848525453217
2022-03-08,21.47606468200684,24.003124,2.6429798367788555,18.7315238581139,4.327993051994643,4.02128020590646,0.9943848525453217
2022-03-09,22.97341728210449,24.005285,2.6429798367788555,18.7315238581139,4.327993051994643,4.02128020590646,0.9943848525453217
2022-03-10,22.61804962158203,23.124357,2.6429798367788555,18.7315238581139,4.327993051994643,4.02128020590646,0.9943848525453217
2022-03-11,22.06103134155273,22.669506,2.6429798367788555,18.7315238581139,4.327993051994643,4.02128020590646,0.9943848525453217
2022-03-14,21.292390823364254,22.33609,2.6429798367788555,18.7315238581139,4.327993051994643,4.02128020590646,0.9943848525453217
2022-03-15,22.932493209838867,21.64538,2.6429798367788555,18.7315238581139,4.327993051994643,4.02128020590646,0.9943848525453217
2022-03-16,24.45280647277832,22.815275,2.6429798367788555,18.7315238581139,4.327993051994643,4.02128020590646,0.9943848525453217
2022-03-17,24.72233009338379,23.948833,2.6429798367788555,18.7315238581139,4.327993051994643,4.02128020590646,0.9943848525453217
2022-03-18,26.406351089477536,25.17821,2.6429798367788555,18.7315238581139,4.327993051994643,4.02128020590646,0.9943848525453217
2022-03-21,26.68685913085937,24.898167,2.6429798367788555,18.7315238581139,4.327993051994643,4.02128020590646,0.9943848525453217
2022-03-22,26.47722816467285,25.924433,2.6429798367788555,18.7315238581139,4.327993051994643,4.02128020590646,0.9943848525453217
2022-03-23,25.58879852294922,28.088728,2.6429798367788555,18.7315238581139,4.327993051994643,4.02128020590646,0.9943848525453217
2022-03-24,28.100362777709957,28.622528,2.6429798367788555,18.7315238581139,4.327993051994643,4.02128020590646,0.9943848525453217
2022-03-25,27.64316940307617,27.810978,2.6429798367788555,18.7315238581139,4.327993051994643,4.02128020590646,0.9943848525453217
2022-03-28,28.16923713684082,27.420532,2.6429798367788555,18.7315238581139,4.327993051994643,4.02128020590646,0.9943848525453217
2022-03-29,28.60547256469727,29.779821,2.6429798367788555,18.7315238581139,4.327993051994643,4.02128020590646,0.9943848525453217
2022-03-30,27.641176223754883,28.650568,2.6429798367788555,18.7315238581139,4.327993051994643,4.02128020590646,0.9943848525453217
2022-03-31,27.23788261413575,29.299412,2.6429798367788555,18.7315238581139,4.327993051994643,4.02128020590646,0.9943848525453217
2022-04-01,26.66489982604981,29.565723,2.6429798367788555,18.7315238581139,4.327993051994643,4.02128020590646,0.9943848525453217
2022-04-04,27.3117618560791,28.986029,2.6429798367788555,18.7315238581139,4.327993051994643,4.02128020590646,0.9943848525453217
2022-04-05,25.885276794433597,28.052608,2.6429798367788555,18.7315238581139,4.327993051994643,4.02128020590646,0.9943848525453217
2022-04-06,24.36396026611328,28.230803,2.6429798367788555,18.7315238581139,4.327993051994643,4.02128020590646,0.9943848525453217
2022-04-07,24.165313720703125,27.152552,2.6429798367788555,18.7315238581139,4.327993051994643,4.02128020590646,0.9943848525453217
2022-04-08,23.078235626220703,26.769743,2.6429798367788555,18.7315238581139,4.327993051994643,4.02128020590646,0.9943848525453217
2022-04-11,21.87835502624512,26.077131,2.6429798367788555,18.7315238581139,4.327993051994643,4.02128020590646,0.9943848525453217
2022-04-12,21.46608161926269,24.339571,2.6429798367788555,18.7315238581139,4.327993051994643,4.02128020590646,0.9943848525453217
2022-04-13,22.16384506225586,22.626503,2.6429798367788555,18.7315238581139,4.327993051994643,4.02128020590646,0.9943848525453217
2022-04-14,21.220516204833984,22.559916,2.6429798367788555,18.7315238581139,4.327993051994643,4.02128020590646,0.9943848525453217
2022-04-18,21.74459457397461,23.128138,2.6429798367788555,18.7315238581139,4.327993051994643,4.02128020590646,0.9943848525453217
2022-04-19,22.15885734558105,22.213703,2.6429798367788555,18.7315238581139,4.327993051994643,4.02128020590646,0.9943848525453217
2022-04-20,21.44412040710449,22.139183,2.6429798367788555,18.7315238581139,4.327993051994643,4.02128020590646,0.9943848525453217
2022-04-21,20.14741325378418,21.963047,2.6429798367788555,18.7315238581139,4.327993051994643,4.02128020590646,0.9943848525453217
2022-04-22,19.480587005615234,20.651953,2.6429798367788555,18.7315238581139,4.327993051994643,4.02128020590646,0.9943848525453217
2022-04-25,19.866912841796875,20.327265,2.6429798367788555,18.7315238581139,4.327993051994643,4.02128020590646,0.9943848525453217
2022-04-26,18.754871368408203,19.855215,2.6429798367788555,18.7315238581139,4.327993051994643,4.02128020590646,0.9943848525453217
2022-04-27,18.382530212402344,19.964207,2.6429798367788555,18.7315238581139,4.327993051994643,4.02128020590646,0.9943848525453217
2022-04-28,19.747114181518555,17.79162,2.6429798367788555,18.7315238581139,4.327993051994643,4.02128020590646,0.9943848525453217
2022-04-29,18.514293670654297,18.344444,2.6429798367788555,18.7315238581139,4.327993051994643,4.02128020590646,0.9943848525453217
2022-05-02,19.498559951782227,18.778439,2.6429798367788555,18.7315238581139,4.327993051994643,4.02128020590646,0.9943848525453217
2022-05-03,19.567432403564453,19.344282,2.6429798367788555,18.7315238581139,4.327993051994643,4.02128020590646,0.9943848525453217
2022-05-04,20.29814338684082,18.694597,2.6429798367788555,18.7315238581139,4.327993051994643,4.02128020590646,0.9943848525453217
2022-05-05,18.810768127441406,19.91922,2.6429798367788555,18.7315238581139,4.327993051994643,4.02128020590646,0.9943848525453217
2022-05-06,18.642070770263672,20.267658,2.6429798367788555,18.7315238581139,4.327993051994643,4.02128020590646,0.9943848525453217
2022-05-09,16.92011260986328,19.79832,2.6429798367788555,18.7315238581139,4.327993051994643,4.02128020590646,0.9943848525453217
2022-05-10,17.563976287841797,18.788982,2.6429798367788555,18.7315238581139,4.327993051994643,4.02128020590646,0.9943848525453217
2022-05-11,16.600675582885742,19.458683,2.6429798367788555,18.7315238581139,4.327993051994643,4.02128020590646,0.9943848525453217
2022-05-12,16.14647674560547,18.064478,2.6429798367788555,18.7315238581139,4.327993051994643,4.02128020590646,0.9943848525453217
2022-05-13,17.67477798461914,17.78121,2.6429798367788555,18.7315238581139,4.327993051994643,4.02128020590646,0.9943848525453217
2022-05-16,17.233558654785156,17.826492,2.6429798367788555,18.7315238581139,4.327993051994643,4.02128020590646,0.9943848525453217
2022-05-17,18.144948959350582,18.60848,2.6429798367788555,18.7315238581139,4.327993051994643,4.02128020590646,0.9943848525453217
2022-05-18,16.908132553100586,19.12669,2.6429798367788555,18.7315238581139,4.327993051994643,4.02128020590646,0.9943848525453217
2022-05-19,17.09380531311035,18.72305,2.6429798367788555,18.7315238581139,4.327993051994643,4.02128020590646,0.9943848525453217
2022-05-20,16.664566040039062,18.158392,2.6429798367788555,18.7315238581139,4.327993051994643,4.02128020590646,0.9943848525453217
2022-05-23,16.86820411682129,18.243519,2.6429798367788555,18.7315238581139,4.327993051994643,4.02128020590646,0.9943848525453217
2022-05-24,16.12551498413086,19.115162,2.6429798367788555,18.7315238581139,4.327993051994643,4.02128020590646,0.9943848525453217
2022-05-25,16.945068359375,19.02475,2.6429798367788555,18.7315238581139,4.327993051994643,4.02128020590646,0.9943848525453217
2022-05-26,17.819520950317383,18.224245,2.6429798367788555,18.7315238581139,4.327993051994643,4.02128020590646,0.9943848525453217
2022-05-27,18.777833938598636,17.558697,2.6429798367788555,18.7315238581139,4.327993051994643,4.02128020590646,0.9943848525453217
2022-05-31,18.639074325561523,19.118158,2.6429798367788555,18.7315238581139,4.327993051994643,4.02128020590646,0.9943848525453217
2022-06-01,18.28769874572754,19.001772,2.6429798367788555,18.7315238581139,4.327993051994643,4.02128020590646,0.9943848525453217
2022-06-02,19.557451248168945,17.960121,2.6429798367788555,18.7315238581139,4.327993051994643,4.02128020590646,0.9943848525453217
2022-06-03,18.686994552612305,19.70878,2.6429798367788555,18.7315238581139,4.327993051994643,4.02128020590646,0.9943848525453217
2022-06-06,18.752872467041016,20.396055,2.6429798367788555,18.7315238581139,4.327993051994643,4.02128020590646,0.9943848525453217
2022-06-07,18.89262962341309,19.940115,2.6429798367788555,18.7315238581139,4.327993051994643,4.02128020590646,0.9943848525453217
2022-06-08,18.61905670166016,18.23157,2.6429798367788555,18.7315238581139,4.327993051994643,4.02128020590646,0.9943848525453217
2022-06-09,18.019983291625977,19.921246,2.6429798367788555,18.7315238581139,4.327993051994643,4.02128020590646,0.9943848525453217
2022-06-10,16.947650909423828,19.378553,2.6429798367788555,18.7315238581139,4.327993051994643,4.02128020590646,0.9943848525453217
2022-06-13,15.62271213531494,18.452095,2.6429798367788555,18.7315238581139,4.327993051994643,4.02128020590646,0.9943848525453217
2022-06-14,15.811420440673828,17.088526,2.6429798367788555,18.7315238581139,4.327993051994643,4.02128020590646,0.9943848525453217
2022-06-15,16.501346588134766,17.119406,2.6429798367788555,18.7315238581139,4.327993051994643,4.02128020590646,0.9943848525453217
2022-06-16,15.576783180236816,17.130217,2.6429798367788555,18.7315238581139,4.327993051994643,4.02128020590646,0.9943848525453217
2022-06-17,15.855348587036133,16.908216,2.6429798367788555,18.7315238581139,4.327993051994643,4.02128020590646,0.9943848525453217
2022-06-21,16.540283203125,17.667234,2.6429798367788555,18.7315238581139,4.327993051994643,4.02128020590646,0.9943848525453217
2022-06-22,16.334606170654297,16.873787,2.6429798367788555,18.7315238581139,4.327993051994643,4.02128020590646,0.9943848525453217
2022-06-23,16.199817657470703,17.888817,2.6429798367788555,18.7315238581139,4.327993051994643,4.02128020590646,0.9943848525453217
2022-06-24,17.099414825439453,18.132036,2.6429798367788555,18.7315238581139,4.327993051994643,4.02128020590646,0.9943848525453217
2022-06-27,16.84281349182129,18.546005,2.6429798367788555,18.7315238581139,4.327993051994643,4.02128020590646,0.9943848525453217
2022-06-28,15.957190513610842,17.714178,2.6429798367788555,18.7315238581139,4.327993051994643,4.02128020590646,0.9943848525453217
2022-06-29,15.517873764038086,18.23614,2.6429798367788555,18.7315238581139,4.327993051994643,4.02128020590646,0.9943848525453217
2022-06-30,15.13547134399414,17.330212,2.6429798367788555,18.7315238581139,4.327993051994643,4.02128020590646,0.9943848525453217
2022-07-01,14.500454902648928,16.104063,2.6429798367788555,18.7315238581139,4.327993051994643,4.02128020590646,0.9943848525453217
2022-07-05,14.94077205657959,15.737525,2.6429798367788555,18.7315238581139,4.327993051994643,4.02128020590646,0.9943848525453217
2022-07-06,15.106514930725098,15.898013,2.6429798367788555,18.7315238581139,4.327993051994643,4.02128020590646,0.9943848525453217
2022-07-07,15.833383560180664,15.900677,2.6429798367788555,18.7315238581139,4.327993051994643,4.02128020590646,0.9943848525453217
2022-07-08,15.813413619995114,15.553952,2.6429798367788555,18.7315238581139,4.327993051994643,4.02128020590646,0.9943848525453217
2022-07-11,15.128479957580566,16.372578,2.6429798367788555,18.7315238581139,4.327993051994643,4.02128020590646,0.9943848525453217
2022-07-12,15.058588981628418,15.66697,2.6429798367788555,18.7315238581139,4.327993051994643,4.02128020590646,0.9943848525453217
2022-07-13,15.140460968017578,15.75331,2.6429798367788555,18.7315238581139,4.327993051994643,4.02128020590646,0.9943848525453217
2022-07-14,15.348135948181154,16.081238,2.6429798367788555,18.7315238581139,4.327993051994643,4.02128020590646,0.9943848525453217
2022-07-15,15.737532615661621,16.92232,2.6429798367788555,18.7315238581139,4.327993051994643,4.02128020590646,0.9943848525453217
2022-07-18,16.076005935668945,16.339699,2.6429798367788555,18.7315238581139,4.327993051994643,4.02128020590646,0.9943848525453217
2022-07-19,16.965621948242188,16.385885,2.6429798367788555,18.7315238581139,4.327993051994643,4.02128020590646,0.9943848525453217
2022-07-20,17.779356002807617,16.8514,2.6429798367788555,18.7315238581139,4.327993051994643,4.02128020590646,0.9943848525453217
2022-07-21,18.02198028564453,17.865501,2.6429798367788555,18.7315238581139,4.327993051994643,4.02128020590646,0.9943848525453217
2022-07-22,17.2921199798584,18.890432,2.6429798367788555,18.7315238581139,4.327993051994643,4.02128020590646,0.9943848525453217
2022-07-25,16.997573852539062,18.327389,2.6429798367788555,18.7315238581139,4.327993051994643,4.02128020590646,0.9943848525453217
2022-07-26,16.50733757019043,18.105717,2.6429798367788555,18.7315238581139,4.327993051994643,4.02128020590646,0.9943848525453217
2022-07-27,17.762388229370117,18.151836,2.6429798367788555,18.7315238581139,4.327993051994643,4.02128020590646,0.9943848525453217
2022-07-28,17.956085205078125,18.82839,2.6429798367788555,18.7315238581139,4.327993051994643,4.02128020590646,0.9943848525453217
2022-07-29,18.13480758666992,18.022991,2.6429798367788555,18.7315238581139,4.327993051994643,4.02128020590646,0.9943848525453217
2022-08-01,18.41237449645996,19.564684,2.6429798367788555,18.7315238581139,4.327993051994643,4.02128020590646,0.9943848525453217
2022-08-02,18.497243881225582,19.102533,2.6429798367788555,18.7315238581139,4.327993051994643,4.02128020590646,0.9943848525453217
2022-08-03,18.863672256469727,19.268938,2.6429798367788555,18.7315238581139,4.327993051994643,4.02128020590646,0.9943848525453217
2022-08-04,19.1851749420166,19.13466,2.6429798367788555,18.7315238581139,4.327993051994643,4.02128020590646,0.9943848525453217
2022-08-05,18.959522247314453,19.696125,2.6429798367788555,18.7315238581139,4.327993051994643,4.02128020590646,0.9943848525453217
2022-08-08,17.765382766723633,19.441925,2.6429798367788555,18.7315238581139,4.327993051994643,4.02128020590646,0.9943848525453217
2022-08-09,17.059476852416992,19.530699,2.6429798367788555,18.7315238581139,4.327993051994643,4.02128020590646,0.9943848525453217
2022-08-10,18.068910598754883,18.97378,2.6429798367788555,18.7315238581139,4.327993051994643,4.02128020590646,0.9943848525453217
2022-08-11,17.914148330688477,18.309551,2.6429798367788555,18.7315238581139,4.327993051994643,4.02128020590646,0.9943848525453217
2022-08-12,18.679956436157227,18.81081,2.6429798367788555,18.7315238581139,4.327993051994643,4.02128020590646,0.9943848525453217
2022-08-15,19.00245475769043,18.720926,2.6429798367788555,18.7315238581139,4.327993051994643,4.02128020590646,0.9943848525453217
2022-08-16,18.84969520568848,18.466366,2.6429798367788555,18.7315238581139,4.327993051994643,4.02128020590646,0.9943848525453217
2022-08-17,18.306537628173828,19.276157,2.6429798367788555,18.7315238581139,4.327993051994643,4.02128020590646,0.9943848525453217
2022-08-18,18.74386215209961,19.538225,2.6429798367788555,18.7315238581139,4.327993051994643,4.02128020590646,0.9943848525453217
2022-08-19,17.821292877197266,18.194178,2.6429798367788555,18.7315238581139,4.327993051994643,4.02128020590646,0.9943848525453217
2022-08-22,17.007556915283203,18.034552,2.6429798367788555,18.7315238581139,4.327993051994643,4.02128020590646,0.9943848525453217
2022-08-23,17.154329299926758,18.819141,2.6429798367788555,18.7315238581139,4.327993051994643,4.02128020590646,0.9943848525453217
2022-08-24,17.195268630981445,17.730925,2.6429798367788555,18.7315238581139,4.327993051994643,4.02128020590646,0.9943848525453217
2022-08-25,17.885189056396484,18.263117,2.6429798367788555,18.7315238581139,4.327993051994643,4.02128020590646,0.9943848525453217
2022-08-26,16.234760284423828,18.374163,2.6429798367788555,18.7315238581139,4.327993051994643,4.02128020590646,0.9943848525453217
2022-08-29,15.776472091674805,16.86877,2.6429798367788555,18.7315238581139,4.327993051994643,4.02128020590646,0.9943848525453217
2022-08-30,15.44398880004883,15.83787,2.6429798367788555,18.7315238581139,4.327993051994643,4.02128020590646,0.9943848525453217
2022-08-31,15.070569992065428,16.548523,2.6429798367788555,18.7315238581139,4.327993051994643,4.02128020590646,0.9943848525453217
2022-09-01,13.915368080139162,16.326168,2.6429798367788555,18.7315238581139,4.327993051994643,4.02128020590646,0.9943848525453217
2022-09-02,13.625816345214844,15.410673,2.6429798367788555,18.7315238581139,4.327993051994643,4.02128020590646,0.9943848525453217
2022-09-06,13.444099426269531,14.629887,2.6429798367788555,18.7315238581139,4.327993051994643,4.02128020590646,0.9943848525453217
2022-09-07,13.69678211212158,13.598268,2.6429798367788555,18.7315238581139,4.327993051994643,4.02128020590646,0.9943848525453217
2022-09-08,13.97243309020996,13.77614,2.6429798367788555,18.7315238581139,4.327993051994643,4.02128020590646,0.9943848525453217
2022-09-09,14.368936538696287,14.37997,2.6429798367788555,18.7315238581139,4.327993051994643,4.02128020590646,0.9943848525453217
2022-09-12,14.486788749694826,14.610358,2.6429798367788555,18.7315238581139,4.327993051994643,4.02128020590646,0.9943848525453217
2022-09-13,13.114513397216795,14.16223,2.6429798367788555,18.7315238581139,4.327993051994643,4.02128020590646,0.9943848525453217
2022-09-14,13.111517906188965,13.798351,2.6429798367788555,18.7315238581139,4.327993051994643,4.02128020590646,0.9943848525453217
2022-09-15,12.912766456604004,13.939155,2.6429798367788555,18.7315238581139,4.327993051994643,4.02128020590646,0.9943848525453217
2022-09-16,13.18142795562744,13.396335,2.6429798367788555,18.7315238581139,4.327993051994643,4.02128020590646,0.9943848525453217
2022-09-19,13.365197181701662,13.739626,2.6429798367788555,18.7315238581139,4.327993051994643,4.02128020590646,0.9943848525453217
2022-09-20,13.159455299377438,13.950718,2.6429798367788555,18.7315238581139,4.327993051994643,4.02128020590646,0.9943848525453217
2022-09-21,13.244350433349611,14.065614,2.6429798367788555,18.7315238581139,4.327993051994643,4.02128020590646,0.9943848525453217
2022-09-22,12.545228958129885,13.368049,2.6429798367788555,18.7315238581139,4.327993051994643,4.02128020590646,0.9943848525453217
2022-09-23,12.500285148620604,13.114435,2.6429798367788555,18.7315238581139,4.327993051994643,4.02128020590646,0.9943848525453217
2022-09-26,12.212647438049316,12.994102,2.6429798367788555,18.7315238581139,4.327993051994643,4.02128020590646,0.9943848525453217
2022-09-27,12.397415161132812,12.9569435,2.6429798367788555,18.7315238581139,4.327993051994643,4.02128020590646,0.9943848525453217
2022-09-28,12.720008850097656,13.042551,2.6429798367788555,18.7315238581139,4.327993051994643,4.02128020590646,0.9943848525453217
2022-09-29,12.204655647277832,12.864029,2.6429798367788555,18.7315238581139,4.327993051994643,4.02128020590646,0.9943848525453217
2022-09-30,12.123759269714355,13.099997,2.6429798367788555,18.7315238581139,4.327993051994643,4.02128020590646,0.9943848525453217
2022-10-03,12.49629020690918,12.7319145,2.6429798367788555,18.7315238581139,4.327993051994643,4.02128020590646,0.9943848525453217
2022-10-04,13.150467872619627,13.0083885,2.6429798367788555,18.7315238581139,4.327993051994643,4.02128020590646,0.9943848525453217
2022-10-05,13.192413330078125,13.345711,2.6429798367788555,18.7315238581139,4.327993051994643,4.02128020590646,0.9943848525453217
2022-10-06,13.113514900207521,14.363432,2.6429798367788555,18.7315238581139,4.327993051994643,4.02128020590646,0.9943848525453217
2022-10-07,12.060836791992188,13.665655,2.6429798367788555,18.7315238581139,4.327993051994643,4.02128020590646,0.9943848525453217
2022-10-10,11.65534782409668,12.793829,2.6429798367788555,18.7315238581139,4.327993051994643,4.02128020590646,0.9943848525453217
2022-10-11,11.571453094482422,13.194094,2.6429798367788555,18.7315238581139,4.327993051994643,4.02128020590646,0.9943848525453217
2022-10-12,11.485560417175291,12.662795,2.6429798367788555,18.7315238581139,4.327993051994643,4.02128020590646,0.9943848525453217
2022-10-13,11.944984436035156,12.4900465,2.6429798367788555,18.7315238581139,4.327993051994643,4.02128020590646,0.9943848525453217
2022-10-14,11.21290397644043,12.680301,2.6429798367788555,18.7315238581139,4.327993051994643,4.02128020590646,0.9943848525453217
2022-10-17,11.87307357788086,12.711667,2.6429798367788555,18.7315238581139,4.327993051994643,4.02128020590646,0.9943848525453217
2022-10-18,11.951974868774414,11.87545,2.6429798367788555,18.7315238581139,4.327993051994643,4.02128020590646,0.9943848525453217
2022-10-19,12.035868644714355,12.206891,2.6429798367788555,18.7315238581139,4.327993051994643,4.02128020590646,0.9943848525453217
2022-10-20,12.178691864013672,12.745003,2.6429798367788555,18.7315238581139,4.327993051994643,4.02128020590646,0.9943848525453217
2022-10-21,12.45034885406494,12.571354,2.6429798367788555,18.7315238581139,4.327993051994643,4.02128020590646,0.9943848525453217
2022-10-24,12.583181381225586,13.059673,2.6429798367788555,18.7315238581139,4.327993051994643,4.02128020590646,0.9943848525453217
2022-10-25,13.244350433349611,13.625368,2.6429798367788555,18.7315238581139,4.327993051994643,4.02128020590646,0.9943848525453217
2022-10-26,12.879806518554688,13.649007,2.6429798367788555,18.7315238581139,4.327993051994643,4.02128020590646,0.9943848525453217
2022-10-27,13.159455299377438,13.116847,2.6429798367788555,18.7315238581139,4.327993051994643,4.02128020590646,0.9943848525453217
2022-10-28,13.816628456115723,13.8030405,2.6429798367788555,18.7315238581139,4.327993051994643,4.02128020590646,0.9943848525453217
2022-10-31,13.48005485534668,14.132966,2.6429798367788555,18.7315238581139,4.327993051994643,4.02128020590646,0.9943848525453217
2022-11-01,13.525995254516603,14.644627,2.6429798367788555,18.7315238581139,4.327993051994643,4.02128020590646,0.9943848525453217
2022-11-02,13.202402114868164,14.52485,2.6429798367788555,18.7315238581139,4.327993051994643,4.02128020590646,0.9943848525453217
2022-11-03,13.40414810180664,13.659013,2.6429798367788555,18.7315238581139,4.327993051994643,4.02128020590646,0.9943848525453217
2022-11-04,14.138226509094238,13.3212185,2.6429798367788555,18.7315238581139,4.327993051994643,4.02128020590646,0.9943848525453217
2022-11-07,14.283042907714846,14.555456,2.6429798367788555,18.7315238581139,4.327993051994643,4.02128020590646,0.9943848525453217
2022-11-08,14.58366584777832,15.222326,2.6429798367788555,18.7315238581139,4.327993051994643,4.02128020590646,0.9943848525453217
2022-11-09,13.758703231811523,15.614114,2.6429798367788555,18.7315238581139,4.327993051994643,4.02128020590646,0.9943848525453217
2022-11-10,15.730224609374998,15.072881,2.6429798367788555,18.7315238581139,4.327993051994643,4.02128020590646,0.9943848525453217
2022-11-11,16.306499481201172,15.55255,2.6429798367788555,18.7315238581139,4.327993051994643,4.02128020590646,0.9943848525453217
2022-11-14,16.27454376220703,16.588432,2.6429798367788555,18.7315238581139,4.327993051994643,4.02128020590646,0.9943848525453217
2022-11-15,16.64507484436035,17.240982,2.6429798367788555,18.7315238581139,4.327993051994643,4.02128020590646,0.9943848525453217
2022-11-16,15.890023231506348,17.037836,2.6429798367788555,18.7315238581139,4.327993051994643,4.02128020590646,0.9943848525453217
2022-11-17,15.657315254211426,17.350311,2.6429798367788555,18.7315238581139,4.327993051994643,4.02128020590646,0.9943848525453217
2022-11-18,15.389654159545898,17.434494,2.6429798367788555,18.7315238581139,4.327993051994643,4.02128020590646,0.9943848525453217
2022-11-21,15.297767639160158,16.703665,2.6429798367788555,18.7315238581139,4.327993051994643,4.02128020590646,0.9943848525453217
2022-11-22,16.017864227294922,15.477255,2.6429798367788555,18.7315238581139,4.327993051994643,4.02128020590646,0.9943848525453217
2022-11-23,16.498260498046875,16.710062,2.6429798367788555,18.7315238581139,4.327993051994643,4.02128020590646,0.9943848525453217
2022-11-25,16.24957275390625,17.296112,2.6429798367788555,18.7315238581139,4.327993051994643,4.02128020590646,0.9943848525453217
2022-11-28,15.807126998901369,16.969175,2.6429798367788555,18.7315238581139,4.327993051994643,4.02128020590646,0.9943848525453217
2022-11-29,15.61936378479004,16.300764,2.6429798367788555,18.7315238581139,4.327993051994643,4.02128020590646,0.9943848525453217
2022-11-30,16.90607452392578,15.435853,2.6429798367788555,18.7315238581139,4.327993051994643,4.02128020590646,0.9943848525453217
2022-12-01,17.117862701416016,16.321453,2.6429798367788555,18.7315238581139,4.327993051994643,4.02128020590646,0.9943848525453217
2022-12-02,16.8591251373291,17.594933,2.6429798367788555,18.7315238581139,4.327993051994643,4.02128020590646,0.9943848525453217
2022-12-05,16.593387603759766,18.218077,2.6429798367788555,18.7315238581139,4.327993051994643,4.02128020590646,0.9943848525453217
2022-12-06,15.971012115478516,17.159266,2.6429798367788555,18.7315238581139,4.327993051994643,4.02128020590646,0.9943848525453217
2022-12-07,16.103879928588867,16.33318,2.6429798367788555,18.7315238581139,4.327993051994643,4.02128020590646,0.9943848525453217
2022-12-08,17.151832580566406,16.718708,2.6429798367788555,18.7315238581139,4.327993051994643,4.02128020590646,0.9943848525453217
2022-12-09,16.983997344970703,16.671207,2.6429798367788555,18.7315238581139,4.327993051994643,4.02128020590646,0.9943848525453217
2022-12-12,17.51746368408203,16.992975,2.6429798367788555,18.7315238581139,4.327993051994643,4.02128020590646,0.9943848525453217
2022-12-13,18.053926467895508,17.657705,2.6429798367788555,18.7315238581139,4.327993051994643,4.02128020590646,0.9943848525453217
2022-12-14,17.65632438659668,17.824158,2.6429798367788555,18.7315238581139,4.327993051994643,4.02128020590646,0.9943848525453217
2022-12-15,16.93504524230957,17.618744,2.6429798367788555,18.7315238581139,4.327993051994643,4.02128020590646,0.9943848525453217
2022-12-16,16.554428100585938,17.242445,2.6429798367788555,18.7315238581139,4.327993051994643,4.02128020590646,0.9943848525453217
2022-12-19,16.237743377685547,16.801197,2.6429798367788555,18.7315238581139,4.327993051994643,4.02128020590646,0.9943848525453217
2022-12-20,16.06891632080078,16.916353,2.6429798367788555,18.7315238581139,4.327993051994643,4.02128020590646,0.9943848525453217
2022-12-21,16.484495162963867,17.513477,2.6429798367788555,18.7315238581139,4.327993051994643,4.02128020590646,0.9943848525453217
2022-12-22,15.323660850524902,17.033308,2.6429798367788555,18.7315238581139,4.327993051994643,4.02128020590646,0.9943848525453217
2022-12-23,15.190792083740234,15.215659,2.6429798367788555,18.7315238581139,4.327993051994643,4.02128020590646,0.9943848525453217
2022-12-27,14.106878280639647,15.080168,2.6429798367788555,18.7315238581139,4.327993051994643,4.02128020590646,0.9943848525453217
2022-12-28,14.021963119506836,14.856913,2.6429798367788555,18.7315238581139,4.327993051994643,4.02128020590646,0.9943848525453217
2022-12-29,14.588397026062012,15.120391,2.6429798367788555,18.7315238581139,4.327993051994643,4.02128020590646,0.9943848525453217
2022-12-30,14.599385261535645,15.141909,2.6429798367788555,18.7315238581139,4.327993051994643,4.02128020590646,0.9943848525453217
2023-01-03,14.300683021545412,14.839534,2.6429798367788555,18.7315238581139,4.327993051994643,4.02128020590646,0.9943848525453217
2023-01-04,14.73424816131592,14.404158,2.6429798367788555,18.7315238581139,4.327993051994643,4.02128020590646,0.9943848525453217
2023-01-05,14.25073528289795,14.434404,2.6429798367788555,18.7315238581139,4.327993051994643,4.02128020590646,0.9943848525453217
2023-01-06,14.84414005279541,14.919765,2.6429798367788555,18.7315238581139,4.327993051994643,4.02128020590646,0.9943848525453217
2023-01-09,15.612370491027832,15.114264,2.6429798367788555,18.7315238581139,4.327993051994643,4.02128020590646,0.9943848525453217
2023-01-10,15.893090248107912,14.989385,2.6429798367788555,18.7315238581139,4.327993051994643,4.02128020590646,0.9943848525453217
2023-01-11,15.984996795654297,15.798219,2.6429798367788555,18.7315238581139,4.327993051994643,4.02128020590646,0.9943848525453217
2023-01-12,16.49448585510254,15.452618,2.6429798367788555,18.7315238581139,4.327993051994643,4.02128020590646,0.9943848525453217
2023-01-13,16.882102966308594,15.567823,2.6429798367788555,18.7315238581139,4.327993051994643,4.02128020590646,0.9943848525453217
2023-01-17,17.684295654296875,16.851013,2.6429798367788555,18.7315238581139,4.327993051994643,4.02128020590646,0.9943848525453217
2023-01-18,17.35962677001953,17.49304,2.6429798367788555,18.7315238581139,4.327993051994643,4.02128020590646,0.9943848525453217
2023-01-19,16.748233795166016,17.443817,2.6429798367788555,18.7315238581139,4.327993051994643,4.02128020590646,0.9943848525453217
2023-01-20,17.82115936279297,17.241379,2.6429798367788555,18.7315238581139,4.327993051994643,4.02128020590646,0.9943848525453217
2023-01-23,19.173803329467773,17.269863,2.6429798367788555,18.7315238581139,4.327993051994643,4.02128020590646,0.9943848525453217
2023-01-24,19.2457332611084,18.495792,2.6429798367788555,18.7315238581139,4.327993051994643,4.02128020590646,0.9943848525453217
2023-01-25,19.303674697875977,19.51507,2.6429798367788555,18.7315238581139,4.327993051994643,4.02128020590646,0.9943848525453217
2023-01-26,19.78219413757324,19.823837,2.6429798367788555,18.7315238581139,4.327993051994643,4.02128020590646,0.9943848525453217
2023-01-27,20.344635009765625,18.990747,2.6429798367788555,18.7315238581139,4.327993051994643,4.02128020590646,0.9943848525453217
2023-01-30,19.14283943176269,20.711946,2.6429798367788555,18.7315238581139,4.327993051994643,4.02128020590646,0.9943848525453217
2023-01-31,19.5174617767334,20.650574,2.6429798367788555,18.7315238581139,4.327993051994643,4.02128020590646,0.9943848525453217
2023-02-01,20.922060012817383,19.765087,2.6429798367788555,18.7315238581139,4.327993051994643,4.02128020590646,0.9943848525453217
2023-02-02,21.687292098999023,20.612408,2.6429798367788555,18.7315238581139,4.327993051994643,4.02128020590646,0.9943848525453217
2023-02-03,21.07889747619629,22.37428,2.6429798367788555,18.7315238581139,4.327993051994643,4.02128020590646,0.9943848525453217
2023-02-06,21.067909240722656,22.369133,2.6429798367788555,18.7315238581139,4.327993051994643,4.02128020590646,0.9943848525453217
2023-02-07,22.15082359313965,21.573206,2.6429798367788555,18.7315238581139,4.327993051994643,4.02128020590646,0.9943848525453217
2023-02-08,22.182790756225582,21.518385,2.6429798367788555,18.7315238581139,4.327993051994643,4.02128020590646,0.9943848525453217
2023-02-09,22.314659118652344,22.872173,2.6429798367788555,18.7315238581139,4.327993051994643,4.02128020590646,0.9943848525453217
2023-02-10,21.24373435974121,23.326658,2.6429798367788555,18.7315238581139,4.327993051994643,4.02128020590646,0.9943848525453217
2023-02-13,21.766210556030277,22.6784,2.6429798367788555,18.7315238581139,4.327993051994643,4.02128020590646,0.9943848525453217
2023-02-14,22.948028564453125,22.219461,2.6429798367788555,18.7315238581139,4.327993051994643,4.02128020590646,0.9943848525453217
2023-02-15,22.741233825683597,22.668354,2.6429798367788555,18.7315238581139,4.327993051994643,4.02128020590646,0.9943848525453217
2023-02-16,21.979999542236328,23.459335,2.6429798367788555,18.7315238581139,4.327993051994643,4.02128020590646,0.9943848525453217
2023-02-17,21.366607666015625,22.246738,2.6429798367788555,18.7315238581139,4.327993051994643,4.02128020590646,0.9943848525453217
2023-02-21,20.63434219360352,21.352427,2.6429798367788555,18.7315238581139,4.327993051994643,4.02128020590646,0.9943848525453217
2023-02-22,20.73324584960937,21.548895,2.6429798367788555,18.7315238581139,4.327993051994643,4.02128020590646,0.9943848525453217
2023-02-23,23.64033508300781,21.974356,2.6429798367788555,18.7315238581139,4.327993051994643,4.02128020590646,0.9943848525453217
2023-02-24,23.26271247863769,22.130518,2.6429798367788555,18.7315238581139,4.327993051994643,4.02128020590646,0.9943848525453217
2023-02-27,23.47749328613281,21.960941,2.6429798367788555,18.7315238581139,4.327993051994643,4.02128020590646,0.9943848525453217
2023-02-28,23.192781448364254,23.063332,2.6429798367788555,18.7315238581139,4.327993051994643,4.02128020590646,0.9943848525453217
2023-03-01,22.67530059814453,23.061123,2.6429798367788555,18.7315238581139,4.327993051994643,4.02128020590646,0.9943848525453217
2023-03-02,23.290681838989254,23.628496,2.6429798367788555,18.7315238581139,4.327993051994643,4.02128020590646,0.9943848525453217
2023-03-03,23.866107940673828,23.428596,2.6429798367788555,18.7315238581139,4.327993051994643,4.02128020590646,0.9943848525453217
2023-03-06,23.530445098876957,23.454975,2.6429798367788555,18.7315238581139,4.327993051994643,4.02128020590646,0.9943848525453217
2023-03-07,23.26866149902344,23.078964,2.6429798367788555,18.7315238581139,4.327993051994643,4.02128020590646,0.9943848525453217
2023-03-08,24.16092109680176,23.945015,2.6429798367788555,18.7315238581139,4.327993051994643,4.02128020590646,0.9943848525453217
2023-03-09,23.416540145874023,24.039629,2.6429798367788555,18.7315238581139,4.327993051994643,4.02128020590646,0.9943848525453217
2023-03-10,22.9459285736084,24.07154,2.6429798367788555,18.7315238581139,4.327993051994643,4.02128020590646,0.9943848525453217
2023-03-13,22.946928024291992,23.429539,2.6429798367788555,18.7315238581139,4.327993051994643,4.02128020590646,0.9943848525453217
2023-03-14,24.043014526367188,22.803366,2.6429798367788555,18.7315238581139,4.327993051994643,4.02128020590646,0.9943848525453217
2023-03-15,24.2078800201416,23.898212,2.6429798367788555,18.7315238581139,4.327993051994643,4.02128020590646,0.9943848525453217
2023-03-16,25.51979255676269,24.997816,2.6429798367788555,18.7315238581139,4.327993051994643,4.02128020590646,0.9943848525453217
2023-03-17,25.703638076782227,25.53839,2.6429798367788555,18.7315238581139,4.327993051994643,4.02128020590646,0.9943848525453217
2023-03-20,25.87849235534668,24.715672,2.6429798367788555,18.7315238581139,4.327993051994643,4.02128020590646,0.9943848525453217
2023-03-21,26.17724227905273,26.050098,2.6429798367788555,18.7315238581139,4.327993051994643,4.02128020590646,0.9943848525453217
2023-03-22,26.446020126342773,26.675648,2.6429798367788555,18.7315238581139,4.327993051994643,4.02128020590646,0.9943848525453217
2023-03-23,27.16842460632324,26.567415,2.6429798367788555,18.7315238581139,4.327993051994643,4.02128020590646,0.9943848525453217
2023-03-24,26.756761550903324,27.118858,2.6429798367788555,18.7315238581139,4.327993051994643,4.02128020590646,0.9943848525453217
2023-03-27,26.50896644592285,27.359503,2.6429798367788555,18.7315238581139,4.327993051994643,4.02128020590646,0.9943848525453217
2023-03-28,26.388069152832028,26.643097,2.6429798367788555,18.7315238581139,4.327993051994643,4.02128020590646,0.9943848525453217
2023-03-29,26.961595535278317,26.010345,2.6429798367788555,18.7315238581139,4.327993051994643,4.02128020590646,0.9943848525453217
2023-03-30,27.360258102416992,27.326683,2.6429798367788555,18.7315238581139,4.327993051994643,4.02128020590646,0.9943848525453217
2023-03-31,27.75393295288086,27.467318,2.6429798367788555,18.7315238581139,4.327993051994643,4.02128020590646,0.9943848525453217
2023-04-03,27.941774368286136,27.697922,2.6429798367788555,18.7315238581139,4.327993051994643,4.02128020590646,0.9943848525453217
2023-04-04,27.430202484130856,27.481985,2.6429798367788555,18.7315238581139,4.327993051994643,4.02128020590646,0.9943848525453217
2023-04-05,26.858680725097656,27.316027,2.6429798367788555,18.7315238581139,4.327993051994643,4.02128020590646,0.9943848525453217
2023-04-06,27.01454734802246,26.898193,2.6429798367788555,18.7315238581139,4.327993051994643,4.02128020590646,0.9943848525453217
2023-04-10,27.55609703063965,27.765833,2.6429798367788555,18.7315238581139,4.327993051994643,4.02128020590646,0.9943848525453217
2023-04-11,27.14644050598144,28.190395,2.6429798367788555,18.7315238581139,4.327993051994643,4.02128020590646,0.9943848525453217
2023-04-12,26.473001480102543,27.371834,2.6429798367788555,18.7315238581139,4.327993051994643,4.02128020590646,0.9943848525453217
2023-04-13,26.441022872924805,27.361172,2.6429798367788555,18.7315238581139,4.327993051994643,4.02128020590646,0.9943848525453217
2023-04-14,26.73577880859375,26.444427,2.6429798367788555,18.7315238581139,4.327993051994643,4.02128020590646,0.9943848525453217
2023-04-17,26.979576110839847,26.212137,2.6429798367788555,18.7315238581139,4.327993051994643,4.02128020590646,0.9943848525453217
2023-04-18,27.644027709960938,26.681696,2.6429798367788555,18.7315238581139,4.327993051994643,4.02128020590646,0.9943848525453217
2023-04-19,27.907806396484368,28.156889,2.6429798367788555,18.7315238581139,4.327993051994643,4.02128020590646,0.9943848525453217
2023-04-20,27.081493377685547,27.370462,2.6429798367788555,18.7315238581139,4.327993051994643,4.02128020590646,0.9943848525453217
2023-04-21,27.09648132324219,27.337923,2.6429798367788555,18.7315238581139,4.327993051994643,4.02128020590646,0.9943848525453217
2023-04-24,27.019546508789062,27.510939,2.6429798367788555,18.7315238581139,4.327993051994643,4.02128020590646,0.9943848525453217
2023-04-25,26.21920585632324,27.06848,2.6429798367788555,18.7315238581139,4.327993051994643,4.02128020590646,0.9943848525453217
2023-04-26,26.93361473083496,27.037012,2.6429798367788555,18.7315238581139,4.327993051994643,4.02128020590646,0.9943848525453217
2023-04-27,27.203392028808597,26.827942,2.6429798367788555,18.7315238581139,4.327993051994643,4.02128020590646,0.9943848525453217
2023-04-28,27.725959777832028,26.745117,2.6429798367788555,18.7315238581139,4.327993051994643,4.02128020590646,0.9943848525453217
2023-05-01,28.885993957519535,27.62062,2.6429798367788555,18.7315238581139,4.327993051994643,4.02128020590646,0.9943848525453217
2023-05-02,28.186574935913086,28.31013,2.6429798367788555,18.7315238581139,4.327993051994643,4.02128020590646,0.9943848525453217
2023-05-03,27.778913497924805,27.399555,2.6429798367788555,18.7315238581139,4.327993051994643,4.02128020590646,0.9943848525453217
2023-05-04,27.53911590576172,28.402489,2.6429798367788555,18.7315238581139,4.327993051994643,4.02128020590646,0.9943848525453217
2023-05-05,28.65618324279785,28.693468,2.6429798367788555,18.7315238581139,4.327993051994643,4.02128020590646,0.9943848525453217
2023-05-08,29.126789093017575,28.537455,2.6429798367788555,18.7315238581139,4.327993051994643,4.02128020590646,0.9943848525453217
2023-05-09,28.54727172851563,29.026695,2.6429798367788555,18.7315238581139,4.327993051994643,4.02128020590646,0.9943848525453217
2023-05-10,28.861017227172848,29.624758,2.6429798367788555,18.7315238581139,4.327993051994643,4.02128020590646,0.9943848525453217
2023-05-11,28.554269790649414,28.509542,2.6429798367788555,18.7315238581139,4.327993051994643,4.02128020590646,0.9943848525453217
2023-05-12,28.31646728515625,28.943975,2.6429798367788555,18.7315238581139,4.327993051994643,4.02128020590646,0.9943848525453217
2023-05-15,28.928956985473636,30.063862,2.6429798367788555,18.7315238581139,4.327993051994643,4.02128020590646,0.9943848525453217
2023-05-16,29.18873977661133,29.01114,2.6429798367788555,18.7315238581139,4.327993051994643,4.02128020590646,0.9943848525453217
2023-05-17,30.15294075012207,28.689436,2.6429798367788555,18.7315238581139,4.327993051994643,4.02128020590646,0.9943848525453217
2023-05-18,31.651695251464844,29.831589,2.6429798367788555,18.7315238581139,4.327993051994643,4.02128020590646,0.9943848525453217
2023-05-19,31.238035202026364,31.217306,2.6429798367788555,18.7315238581139,4.327993051994643,4.02128020590646,0.9943848525453217
2023-05-22,31.150112152099613,31.51003,2.6429798367788555,18.7315238581139,4.327993051994643,4.02128020590646,0.9943848525453217
2023-05-23,30.662515640258793,32.523727,2.6429798367788555,18.7315238581139,4.327993051994643,4.02128020590646,0.9943848525453217
2023-05-24,30.51263999938965,31.667683,2.6429798367788555,18.7315238581139,4.327993051994643,4.02128020590646,0.9943848525453217
2023-05-25,37.948463439941406,31.343462,2.6429798367788555,18.7315238581139,4.327993051994643,4.02128020590646,0.9943848525453217
2023-05-26,38.91365814208984,34.661507,2.6429798367788555,18.7315238581139,4.327993051994643,4.02128020590646,0.9943848525453217
2023-05-30,40.07770156860352,37.43985,2.6429798367788555,18.7315238581139,4.327993051994643,4.02128020590646,0.9943848525453217
2023-05-31,37.80257797241211,39.15246,2.6429798367788555,18.7315238581139,4.327993051994643,4.02128020590646,0.9943848525453217
2023-06-01,39.73697280883789,37.840233,2.6429798367788555,18.7315238581139,4.327993051994643,4.02128020590646,0.9943848525453217
2023-06-02,39.294342041015625,39.543377,2.6429798367788555,18.7315238581139,4.327993051994643,4.02128020590646,0.9943848525453217
2023-06-05,39.13847351074219,40.35516,2.6429798367788555,18.7315238581139,4.327993051994643,4.02128020590646,0.9943848525453217
2023-06-06,38.62189865112305,40.78134,2.6429798367788555,18.7315238581139,4.327993051994643,4.02128020590646,0.9943848525453217
2023-06-07,37.447750091552734,38.410454,2.6429798367788555,18.7315238581139,4.327993051994643,4.02128020590646,0.9943848525453217
2023-06-08,38.48199844360352,39.2518,2.6429798367788555,18.7315238581139,4.327993051994643,4.02128020590646,0.9943848525453217
2023-06-09,38.7418098449707,39.095592,2.6429798367788555,18.7315238581139,4.327993051994643,4.02128020590646,0.9943848525453217
2023-06-12,39.45329666137695,39.50552,2.6429798367788555,18.7315238581139,4.327993051994643,4.02128020590646,0.9943848525453217
2023-06-13,40.9921760559082,38.431973,2.6429798367788555,18.7315238581139,4.327993051994643,4.02128020590646,0.9943848525453217
2023-06-14,42.96574783325195,39.29105,2.6429798367788555,18.7315238581139,4.327993051994643,4.02128020590646,0.9943848525453217
2023-06-15,42.62199401855469,41.943836,2.6429798367788555,18.7315238581139,4.327993051994643,4.02128020590646,0.9943848525453217
2023-06-16,42.66095733642578,44.035534,2.6429798367788555,18.7315238581139,4.327993051994643,4.02128020590646,0.9943848525453217
2023-06-20,43.77614974975586,44.220882,2.6429798367788555,18.7315238581139,4.327993051994643,4.02128020590646,0.9943848525453217
2023-06-21,43.013710021972656,42.61684,2.6429798367788555,18.7315238581139,4.327993051994643,4.02128020590646,0.9943848525453217
2023-06-22,42.99371337890625,43.817318,2.6429798367788555,18.7315238581139,4.327993051994643,4.02128020590646,0.9943848525453217
2023-06-23,42.17831802368164,44.988148,2.6429798367788555,18.7315238581139,4.327993051994643,4.02128020590646,0.9943848525453217
2023-06-26,40.60246658325195,44.013462,2.6429798367788555,18.7315238581139,4.327993051994643,4.02128020590646,0.9943848525453217
2023-06-27,41.84555435180664,41.930958,2.6429798367788555,18.7315238581139,4.327993051994643,4.02128020590646,0.9943848525453217
2023-06-28,41.08710861206055,40.683903,2.6429798367788555,18.7315238581139,4.327993051994643,4.02128020590646,0.9943848525453217
2023-06-29,40.79231643676758,41.519947,2.6429798367788555,18.7315238581139,4.327993051994643,4.02128020590646,0.9943848525453217
2023-06-30,42.27124786376953,39.883755,2.6429798367788555,18.7315238581139,4.327993051994643,4.02128020590646,0.9943848525453217
2023-07-03,42.38216400146485,41.42525,2.6429798367788555,18.7315238581139,4.327993051994643,4.02128020590646,0.9943848525453217
2023-07-05,42.28623580932617,41.915947,2.6429798367788555,18.7315238581139,4.327993051994643,4.02128020590646,0.9943848525453217
2023-07-06,42.07239532470703,43.104935,2.6429798367788555,18.7315238581139,4.327993051994643,4.02128020590646,0.9943848525453217
2023-07-07,42.47209930419922,41.17047,2.6429798367788555,18.7315238581139,4.327993051994643,4.02128020590646,0.9943848525453217
2023-07-10,42.14933395385742,41.351376,2.6429798367788555,18.7315238581139,4.327993051994643,4.02128020590646,0.9943848525453217
2023-07-11,42.37416458129883,42.240803,2.6429798367788555,18.7315238581139,4.327993051994643,4.02128020590646,0.9943848525453217
2023-07-12,43.87008285522461,42.674717,2.6429798367788555,18.7315238581139,4.327993051994643,4.02128020590646,0.9943848525453217
2023-07-13,45.94357299804688,43.518642,2.6429798367788555,18.7315238581139,4.327993051994643,4.02128020590646,0.9943848525453217
2023-07-14,45.435943603515625,44.41592,2.6429798367788555,18.7315238581139,4.327993051994643,4.02128020590646,0.9943848525453217
2023-07-17,46.42721939086914,43.807926,2.6429798367788555,18.7315238581139,4.327993051994643,4.02128020590646,0.9943848525453217
2023-07-18,47.45947265625,44.6613,2.6429798367788555,18.7315238581139,4.327993051994643,4.02128020590646,0.9943848525453217
2023-07-19,47.04277801513672,46.20473,2.6429798367788555,18.7315238581139,4.327993051994643,4.02128020590646,0.9943848525453217
2023-07-20,45.486907958984375,47.85776,2.6429798367788555,18.7315238581139,4.327993051994643,4.02128020590646,0.9943848525453217
2023-07-21,44.27678298950195,47.736526,2.6429798367788555,18.7315238581139,4.327993051994643,4.02128020590646,0.9943848525453217
2023-07-24,44.57957077026367,44.59416,2.6429798367788555,18.7315238581139,4.327993051994643,4.02128020590646,0.9943848525453217
2023-07-25,45.64579391479492,44.50369,2.6429798367788555,18.7315238581139,4.327993051994643,4.02128020590646,0.9943848525453217
2023-07-26,45.4189567565918,45.845997,2.6429798367788555,18.7315238581139,4.327993051994643,4.02128020590646,0.9943848525453217
2023-07-27,45.86663055419922,46.176434,2.6429798367788555,18.7315238581139,4.327993051994643,4.02128020590646,0.9943848525453217
2023-07-28,46.71601486206055,45.906796,2.6429798367788555,18.7315238581139,4.327993051994643,4.02128020590646,0.9943848525453217
2023-07-31,46.69502639770508,45.718452,2.6429798367788555,18.7315238581139,4.327993051994643,4.02128020590646,0.9943848525453217
2023-08-01,46.47318649291992,46.431526,2.6429798367788555,18.7315238581139,4.327993051994643,4.02128020590646,0.9943848525453217
2023-08-02,44.23681640625,46.032173,2.6429798367788555,18.7315238581139,4.327993051994643,4.02128020590646,0.9943848525453217
2023-08-03,44.48263549804688,46.545666,2.6429798367788555,18.7315238581139,4.327993051994643,4.02128020590646,0.9943848525453217
2023-08-04,44.64751052856445,45.638264,2.6429798367788555,18.7315238581139,4.327993051994643,4.02128020590646,0.9943848525453217
2023-08-07,45.38397979736328,46.28577,2.6429798367788555,18.7315238581139,4.327993051994643,4.02128020590646,0.9943848525453217
2023-08-08,44.631534576416016,47.329838,2.6429798367788555,18.7315238581139,4.327993051994643,4.02128020590646,0.9943848525453217
2023-08-09,42.52306365966797,44.69872,2.6429798367788555,18.7315238581139,4.327993051994643,4.02128020590646,0.9943848525453217
2023-08-10,42.35719299316406,41.11426,2.6429798367788555,18.7315238581139,4.327993051994643,4.02128020590646,0.9943848525453217
2023-08-11,40.82530212402344,42.527847,2.6429798367788555,18.7315238581139,4.327993051994643,4.02128020590646,0.9943848525453217
2023-08-14,43.72119140625,42.647106,2.6429798367788555,18.7315238581139,4.327993051994643,4.02128020590646,0.9943848525453217
2023-08-15,43.908050537109375,42.65196,2.6429798367788555,18.7315238581139,4.327993051994643,4.02128020590646,0.9943848525453217
2023-08-16,43.45438766479492,42.51856,2.6429798367788555,18.7315238581139,4.327993051994643,4.02128020590646,0.9943848525453217
2023-08-17,43.3124885559082,43.41811,2.6429798367788555,18.7315238581139,4.327993051994643,4.02128020590646,0.9943848525453217
2023-08-18,43.26751708984375,42.12496,2.6429798367788555,18.7315238581139,4.327993051994643,4.02128020590646,0.9943848525453217
2023-08-21,46.93285369873047,42.75521,2.6429798367788555,18.7315238581139,4.327993051994643,4.02128020590646,0.9943848525453217
2023-08-22,45.634796142578125,45.495205,2.6429798367788555,18.7315238581139,4.327993051994643,4.02128020590646,0.9943848525453217
2023-08-23,47.08175277709961,46.08032,2.6429798367788555,18.7315238581139,4.327993051994643,4.02128020590646,0.9943848525453217
2023-08-24,47.12871170043945,46.607105,2.6429798367788555,18.7315238581139,4.327993051994643,4.02128020590646,0.9943848525453217
2023-08-25,45.98454284667969,46.52136,2.6429798367788555,18.7315238581139,4.327993051994643,4.02128020590646,0.9943848525453217
2023-08-28,46.80094909667969,47.248543,2.6429798367788555,18.7315238581139,4.327993051994643,4.02128020590646,0.9943848525453217
2023-08-29,48.748531341552734,47.06498,2.6429798367788555,18.7315238581139,4.327993051994643,4.02128020590646,0.9943848525453217
2023-08-30,49.22818374633789,47.645947,2.6429798367788555,18.7315238581139,4.327993051994643,4.02128020590646,0.9943848525453217
2023-08-31,49.319122314453125,48.023994,2.6429798367788555,18.7315238581139,4.327993051994643,4.02128020590646,0.9943848525453217
2023-09-01,48.473731994628906,50.53448,2.6429798367788555,18.7315238581139,4.327993051994643,4.02128020590646,0.9943848525453217
2023-09-05,48.5127067565918,49.1235,2.6429798367788555,18.7315238581139,4.327993051994643,4.02128020590646,0.9943848525453217
2023-09-06,47.03065490722656,49.118557,2.6429798367788555,18.7315238581139,4.327993051994643,4.02128020590646,0.9943848525453217
2023-09-07,46.21118927001953,48.69793,2.6429798367788555,18.7315238581139,4.327993051994643,4.02128020590646,0.9943848525453217
2023-09-08,45.54262161254883,48.000935,2.6429798367788555,18.7315238581139,4.327993051994643,4.02128020590646,0.9943848525453217
2023-09-11,45.14888000488281,47.94992,2.6429798367788555,18.7315238581139,4.327993051994643,4.02128020590646,0.9943848525453217
2023-09-12,44.841068267822266,47.884712,2.6429798367788555,18.7315238581139,4.327993051994643,4.02128020590646,0.9943848525453217
2023-09-13,45.4556770324707,47.348576,2.6429798367788555,18.7315238581139,4.327993051994643,4.02128020590646,0.9943848525453217
2023-09-14,45.55162048339844,45.74006,2.6429798367788555,18.7315238581139,4.327993051994643,4.02128020590646,0.9943848525453217
2023-09-15,43.8716926574707,46.374424,2.6429798367788555,18.7315238581139,4.327993051994643,4.02128020590646,0.9943848525453217
2023-09-18,43.93766403198242,46.043808,2.6429798367788555,18.7315238581139,4.327993051994643,4.02128020590646,0.9943848525453217
2023-09-19,43.49193954467773,45.280746,2.6429798367788555,18.7315238581139,4.327993051994643,4.02128020590646,0.9943848525453217
2023-09-20,42.21176910400391,46.156765,2.6429798367788555,18.7315238581139,4.327993051994643,4.02128020590646,0.9943848525453217
2023-09-21,40.99055480957031,45.427334,2.6429798367788555,18.7315238581139,4.327993051994643,4.02128020590646,0.9943848525453217
2023-09-22,41.58317184448242,42.236137,2.6429798367788555,18.7315238581139,4.327993051994643,4.02128020590646,0.9943848525453217
2023-09-25,42.19478225708008,40.673042,2.6429798367788555,18.7315238581139,4.327993051994643,4.02128020590646,0.9943848525453217
2023-09-26,41.88397979736328,42.510357,2.6429798367788555,18.7315238581139,4.327993051994643,4.02128020590646,0.9943848525453217
2023-09-27,42.44062042236328,43.430336,2.6429798367788555,18.7315238581139,4.327993051994643,4.02128020590646,0.9943848525453217
2023-09-28,43.061222076416016,41.750683,2.6429798367788555,18.7315238581139,4.327993051994643,4.02128020590646,0.9943848525453217
2023-09-29,43.47095489501953,41.846558,2.6429798367788555,18.7315238581139,4.327993051994643,4.02128020590646,0.9943848525453217
2023-10-02,44.75312805175781,43.100777,2.6429798367788555,18.7315238581139,4.327993051994643,4.02128020590646,0.9943848525453217
2023-10-03,43.48893737792969,42.683075,2.6429798367788555,18.7315238581139,4.327993051994643,4.02128020590646,0.9943848525453217
2023-10-04,44.01260757446289,44.433495,2.6429798367788555,18.7315238581139,4.327993051994643,4.02128020590646,0.9943848525453217
2023-10-05,44.6591911315918,44.612236,2.6429798367788555,18.7315238581139,4.327993051994643,4.02128020590646,0.9943848525453217
2023-10-06,45.73249435424805,45.303986,2.6429798367788555,18.7315238581139,4.327993051994643,4.02128020590646,0.9943848525453217
2023-10-09,45.24381256103516,45.403633,2.6429798367788555,18.7315238581139,4.327993051994643,4.02128020590646,0.9943848525453217
2023-10-10,45.76846694946289,45.477383,2.6429798367788555,18.7315238581139,4.327993051994643,4.02128020590646,0.9943848525453217
2023-10-11,46.77582931518555,46.000557,2.6429798367788555,18.7315238581139,4.327993051994643,4.02128020590646,0.9943848525453217
2023-10-12,46.914737701416016,46.369408,2.6429798367788555,18.7315238581139,4.327993051994643,4.02128020590646,0.9943848525453217
2023-10-13,45.43169403076172,49.334015,2.6429798367788555,18.7315238581139,4.327993051994643,4.02128020590646,0.9943848525453217
2023-10-16,46.06528472900391,47.906967,2.6429798367788555,18.7315238581139,4.327993051994643,4.02128020590646,0.9943848525453217
2023-10-17,43.90967178344727,46.308994,2.6429798367788555,18.7315238581139,4.327993051994643,4.02128020590646,0.9943848525453217
2023-10-18,42.16879653930664,45.686676,2.6429798367788555,18.7315238581139,4.327993051994643,4.02128020590646,0.9943848525453217
2023-10-19,42.07386016845703,46.095528,2.6429798367788555,18.7315238581139,4.327993051994643,4.02128020590646,0.9943848525453217
2023-10-20,41.36032104492188,45.54593,2.6429798367788555,18.7315238581139,4.327993051994643,4.02128020590646,0.9943848525453217
2023-10-23,42.947296142578125,44.49068,2.6429798367788555,18.7315238581139,4.327993051994643,4.02128020590646,0.9943848525453217
2023-10-24,43.63484954833984,44.66883,2.6429798367788555,18.7315238581139,4.327993051994643,4.02128020590646,0.9943848525453217
2023-10-25,41.7520637512207,44.698704,2.6429798367788555,18.7315238581139,4.327993051994643,4.02128020590646,0.9943848525453217
2023-10-26,40.30000305175781,43.186195,2.6429798367788555,18.7315238581139,4.327993051994643,4.02128020590646,0.9943848525453217
2023-10-27,40.47389221191406,43.2124,2.6429798367788555,18.7315238581139,4.327993051994643,4.02128020590646,0.9943848525453217
2023-10-30,41.13446044921875,42.357826,2.6429798367788555,18.7315238581139,4.327993051994643,4.02128020590646,0.9943848525453217
2023-10-31,40.75371170043945,42.948055,2.6429798367788555,18.7315238581139,4.327993051994643,4.02128020590646,0.9943848525453217
2023-11-01,42.2977180480957,43.042393,2.6429798367788555,18.7315238581139,4.327993051994643,4.02128020590646,0.9943848525453217
2023-11-02,43.47795104980469,41.949463,2.6429798367788555,18.7315238581139,4.327993051994643,4.02128020590646,0.9943848525453217
2023-11-03,44.975982666015625,42.99046,2.6429798367788555,18.7315238581139,4.327993051994643,4.02128020590646,0.9943848525453217
2023-11-06,45.72150421142578,44.202854,2.6429798367788555,18.7315238581139,4.327993051994643,4.02128020590646,0.9943848525453217
2023-11-07,45.92538070678711,45.417,2.6429798367788555,18.7315238581139,4.327993051994643,4.02128020590646,0.9943848525453217
2023-11-08,46.543975830078125,45.290226,2.6429798367788555,18.7315238581139,4.327993051994643,4.02128020590646,0.9943848525453217
2023-11-09,46.919734954833984,45.28321,2.6429798367788555,18.7315238581139,4.327993051994643,4.02128020590646,0.9943848525453217
2023-11-10,48.303836822509766,47.015472,2.6429798367788555,18.7315238581139,4.327993051994643,4.02128020590646,0.9943848525453217
2023-11-13,48.588653564453125,47.623493,2.6429798367788555,18.7315238581139,4.327993051994643,4.02128020590646,0.9943848525453217
2023-11-14,49.623985290527344,49.224422,2.6429798367788555,18.7315238581139,4.327993051994643,4.02128020590646,0.9943848525453217
2023-11-15,48.856483459472656,49.029377,2.6429798367788555,18.7315238581139,4.327993051994643,4.02128020590646,0.9943848525453217
2023-11-16,49.44810485839844,49.32588,2.6429798367788555,18.7315238581139,4.327993051994643,4.02128020590646,0.9943848525453217
2023-11-17,49.2662239074707,50.370853,2.6429798367788555,18.7315238581139,4.327993051994643,4.02128020590646,0.9943848525453217
2023-11-20,50.376502990722656,50.73475,2.6429798367788555,18.7315238581139,4.327993051994643,4.02128020590646,0.9943848525453217
2023-11-21,49.91179656982422,51.114887,2.6429798367788555,18.7315238581139,4.327993051994643,4.02128020590646,0.9943848525453217
2023-11-22,48.68458938598633,50.818146,2.6429798367788555,18.7315238581139,4.327993051994643,4.02128020590646,0.9943848525453217
2023-11-24,47.74520111083984,51.59702,2.6429798367788555,18.7315238581139,4.327993051994643,4.02128020590646,0.9943848525453217
2023-11-27,48.21089553833008,50.327946,2.6429798367788555,18.7315238581139,4.327993051994643,4.02128020590646,0.9943848525453217
2023-11-28,47.79017639160156,50.75723,2.6429798367788555,18.7315238581139,4.327993051994643,4.02128020590646,0.9943848525453217
2023-11-29,48.10897064208984,51.374805,2.6429798367788555,18.7315238581139,4.327993051994643,4.02128020590646,0.9943848525453217
2023-11-30,46.73984909057617,50.169975,2.6429798367788555,18.7315238581139,4.327993051994643,4.02128020590646,0.9943848525453217
2023-12-01,46.73485565185547,48.879646,2.6429798367788555,18.7315238581139,4.327993051994643,4.02128020590646,0.9943848525453217
2023-12-04,45.48066329956055,49.006752,2.6429798367788555,18.7315238581139,4.327993051994643,4.02128020590646,0.9943848525453217
2023-12-05,46.540077209472656,48.30154,2.6429798367788555,18.7315238581139,4.327993051994643,4.02128020590646,0.9943848525453217
2023-12-06,45.477664947509766,47.619225,2.6429798367788555,18.7315238581139,4.327993051994643,4.02128020590646,0.9943848525453217
2023-12-07,46.5700569152832,47.512768,2.6429798367788555,18.7315238581139,4.327993051994643,4.02128020590646,0.9943848525453217
2023-12-08,47.47954559326172,47.845585,2.6429798367788555,18.7315238581139,4.327993051994643,4.02128020590646,0.9943848525453217
2023-12-11,46.601036071777344,46.81935,2.6429798367788555,18.7315238581139,4.327993051994643,4.02128020590646,0.9943848525453217
2023-12-12,47.630462646484375,47.66087,2.6429798367788555,18.7315238581139,4.327993051994643,4.02128020590646,0.9943848525453217
2023-12-13,48.06122970581055,47.72281,2.6429798367788555,18.7315238581139,4.327993051994643,4.02128020590646,0.9943848525453217
2023-12-14,48.32308197021485,47.23219,2.6429798367788555,18.7315238581139,4.327993051994643,4.02128020590646,0.9943848525453217
2023-12-15,48.8627815246582,48.1411,2.6429798367788555,18.7315238581139,4.327993051994643,4.02128020590646,0.9943848525453217
2023-12-18,50.04911422729492,48.81974,2.6429798367788555,18.7315238581139,4.327993051994643,4.02128020590646,0.9943848525453217
2023-12-19,49.57637786865234,48.236065,2.6429798367788555,18.7315238581139,4.327993051994643,4.02128020590646,0.9943848525453217
2023-12-20,48.08420944213867,49.39401,2.6429798367788555,18.7315238581139,4.327993051994643,4.02128020590646,0.9943848525453217
2023-12-21,48.96272277832031,48.97185,2.6429798367788555,18.7315238581139,4.327993051994643,4.02128020590646,0.9943848525453217
2023-12-22,48.80281066894531,47.84815,2.6429798367788555,18.7315238581139,4.327993051994643,4.02128020590646,0.9943848525453217
2023-12-26,49.251556396484375,48.531277,2.6429798367788555,18.7315238581139,4.327993051994643,4.02128020590646,0.9943848525453217
2023-12-27,49.38948440551758,50.64255,2.6429798367788555,18.7315238581139,4.327993051994643,4.02128020590646,0.9943848525453217
2023-12-28,49.49442672729492,49.394768,2.6429798367788555,18.7315238581139,4.327993051994643,4.02128020590646,0.9943848525453217
2023-12-29,49.49442672729492,49.529434,2.6429798367788555,18.7315238581139,4.327993051994643,4.02128020590646,0.9943848525453217
2024-01-02,48.14117431640625,50.767372,2.6429798367788555,18.7315238581139,4.327993051994643,4.02128020590646,0.9943848525453217
2024-01-03,47.542510986328125,50.39934,2.6429798367788555,18.7315238581139,4.327993051994643,4.02128020590646,0.9943848525453217
2024-01-04,47.97127532958984,48.720085,2.6429798367788555,18.7315238581139,4.327993051994643,4.02128020590646,0.9943848525453217
2024-01-05,49.06966018676758,50.18947,2.6429798367788555,18.7315238581139,4.327993051994643,4.02128020590646,0.9943848525453217
2024-01-08,52.22390365600587,50.260902,2.6429798367788555,18.7315238581139,4.327993051994643,4.02128020590646,0.9943848525453217
2024-01-09,53.11041259765625,52.319313,2.6429798367788555,18.7315238581139,4.327993051994643,4.02128020590646,0.9943848525453217
2024-01-10,54.31973648071289,53.737972,2.6429798367788555,18.7315238581139,4.327993051994643,4.02128020590646,0.9943848525453217
2024-01-11,54.79147338867189,54.62563,2.6429798367788555,18.7315238581139,4.327993051994643,4.02128020590646,0.9943848525453217
2024-01-12,54.67953491210937,54.947327,2.6429798367788555,18.7315238581139,4.327993051994643,4.02128020590646,0.9943848525453217
2024-01-16,56.35060501098633,56.15285,2.6429798367788555,18.7315238581139,4.327993051994643,4.02128020590646,0.9943848525453217
2024-01-17,56.02179336547853,57.47719,2.6429798367788555,18.7315238581139,4.327993051994643,4.02128020590646,0.9943848525453217
2024-01-18,57.07520675659179,56.459595,2.6429798367788555,18.7315238581139,4.327993051994643,4.02128020590646,0.9943848525453217
2024-01-19,59.457878112792976,56.799408,2.6429798367788555,18.7315238581139,4.327993051994643,4.02128020590646,0.9943848525453217
2024-01-22,59.62078475952149,59.24168,2.6429798367788555,18.7315238581139,4.327993051994643,4.02128020590646,0.9943848525453217
2024-01-23,59.83966064453125,59.760216,2.6429798367788555,18.7315238581139,4.327993051994643,4.02128020590646,0.9943848525453217
2024-01-24,61.32783126831054,59.72881,2.6429798367788555,18.7315238581139,4.327993051994643,4.02128020590646,0.9943848525453217
2024-01-25,61.58268737792969,59.802135,2.6429798367788555,18.7315238581139,4.327993051994643,4.02128020590646,0.9943848525453217
2024-01-26,60.99701309204102,60.790203,2.6429798367788555,18.7315238581139,4.327993051994643,4.02128020590646,0.9943848525453217
2024-01-29,62.43021774291993,61.46956,2.6429798367788555,18.7315238581139,4.327993051994643,4.02128020590646,0.9943848525453217
2024-01-30,62.73904037475586,61.779003,2.6429798367788555,18.7315238581139,4.327993051994643,4.02128020590646,0.9943848525453217
2024-01-31,61.49274063110352,62.837036,2.6429798367788555,18.7315238581139,4.327993051994643,4.02128020590646,0.9943848525453217
2024-02-01,62.99190521240234,63.519035,2.6429798367788555,18.7315238581139,4.327993051994643,4.02128020590646,0.9943848525453217
2024-02-02,66.12316131591797,62.918865,2.6429798367788555,18.7315238581139,4.327993051994643,4.02128020590646,0.9943848525453217
2024-02-05,69.29340362548828,64.79972,2.6429798367788555,18.7315238581139,4.327993051994643,4.02128020590646,0.9943848525453217
2024-02-06,68.18501281738281,67.30324,2.6429798367788555,18.7315238581139,4.327993051994643,4.02128020590646,0.9943848525453217
2024-02-07,70.05996704101562,69.02113,2.6429798367788555,18.7315238581139,4.327993051994643,4.02128020590646,0.9943848525453217
2024-02-08,69.60222625732422,68.6216,2.6429798367788555,18.7315238581139,4.327993051994643,4.02128020590646,0.9943848525453217
2024-02-09,72.09284973144531,69.93169,2.6429798367788555,18.7315238581139,4.327993051994643,4.02128020590646,0.9943848525453217
2024-02-12,72.207763671875,72.87169,2.6429798367788555,18.7315238581139,4.327993051994643,4.02128020590646,0.9943848525453217
2024-02-13,72.08784484863281,72.515015,2.6429798367788555,18.7315238581139,4.327993051994643,4.02128020590646,0.9943848525453217
2024-02-14,73.8588638305664,72.77117,2.6429798367788555,18.7315238581139,4.327993051994643,4.02128020590646,0.9943848525453217
2024-02-15,72.6175308227539,73.301674,2.6429798367788555,18.7315238581139,4.327993051994643,4.02128020590646,0.9943848525453217
2024-02-16,72.57257080078125,74.18266,2.6429798367788555,18.7315238581139,4.327993051994643,4.02128020590646,0.9943848525453217
2024-02-20,69.413330078125,72.93599,2.6429798367788555,18.7315238581139,4.327993051994643,4.02128020590646,0.9943848525453217
2024-02-21,67.43444061279297,71.27899,2.6429798367788555,18.7315238581139,4.327993051994643,4.02128020590646,0.9943848525453217
2024-02-22,78.49427795410156,69.07331,2.6429798367788555,18.7315238581139,4.327993051994643,4.02128020590646,0.9943848525453217
2024-02-23,78.77311706542969,72.17998,2.6429798367788555,18.7315238581139,4.327993051994643,4.02128020590646,0.9943848525453217
2024-02-26,79.04796600341797,77.76562,2.6429798367788555,18.7315238581139,4.327993051994643,4.02128020590646,0.9943848525453217
2024-02-27,78.65718078613281,79.3706,2.6429798367788555,18.7315238581139,4.327993051994643,4.02128020590646,0.9943848525453217
2024-02-28,77.6197509765625,74.705414,2.6429798367788555,18.7315238581139,4.327993051994643,4.02128020590646,0.9943848525453217
2024-02-29,79.06796264648438,76.480385,2.6429798367788555,18.7315238581139,4.327993051994643,4.02128020590646,0.9943848525453217
2024-03-01,82.23319244384766,81.08482,2.6429798367788555,18.7315238581139,4.327993051994643,4.02128020590646,0.9943848525453217
2024-03-04,85.18952941894531,81.29101,2.6429798367788555,18.7315238581139,4.327993051994643,4.02128020590646,0.9943848525453217
2024-03-05,85.920166015625,80.57538,2.6429798367788555,18.7315238581139,4.327993051994643,4.02128020590646,0.9943848525453217
2024-03-06,88.65476989746094,85.552704,2.6429798367788555,18.7315238581139,4.327993051994643,4.02128020590646,0.9943848525453217
2024-03-07,92.62174224853516,85.55483,2.6429798367788555,18.7315238581139,4.327993051994643,4.02128020590646,0.9943848525453217
2024-03-08,87.48336029052734,87.86927,2.6429798367788555,18.7315238581139,4.327993051994643,4.02128020590646,0.9943848525453217
2024-03-11,85.73025512695312,88.44314,2.6429798367788555,18.7315238581139,4.327993051994643,4.02128020590646,0.9943848525453217
2024-03-12,91.86613464355467,85.95288,2.6429798367788555,18.7315238581139,4.327993051994643,4.02128020590646,0.9943848525453217
2024-03-13,90.84165954589844,86.8829,2.6429798367788555,18.7315238581139,4.327993051994643,4.02128020590646,0.9943848525453217
2024-03-14,87.8991470336914,92.588715,2.6429798367788555,18.7315238581139,4.327993051994643,4.02128020590646,0.9943848525453217
2024-03-15,87.7922134399414,92.28172,2.6429798367788555,18.7315238581139,4.327993051994643,4.02128020590646,0.9943848525453217
2024-03-18,88.40989685058594,84.760376,2.6429798367788555,18.7315238581139,4.327993051994643,4.02128020590646,0.9943848525453217
2024-03-19,89.35242462158203,85.411705,2.6429798367788555,18.7315238581139,4.327993051994643,4.02128020590646,0.9943848525453217
2024-03-20,90.32592010498048,91.38572,2.6429798367788555,18.7315238581139,4.327993051994643,4.02128020590646,0.9943848525453217
2024-03-21,91.38837432861328,89.29476,2.6429798367788555,18.7315238581139,4.327993051994643,4.02128020590646,0.9943848525453217
2024-03-22,94.2409210205078,88.406944,2.6429798367788555,18.7315238581139,4.327993051994643,4.02128020590646,0.9943848525453217
2024-03-25,94.95355224609376,90.693695,2.6429798367788555,18.7315238581139,4.327993051994643,4.02128020590646,0.9943848525453217
2024-03-26,92.51380157470705,93.15936,2.6429798367788555,18.7315238581139,4.327993051994643,4.02128020590646,0.9943848525453217
2024-03-27,90.2039794921875,92.82457,2.6429798367788555,18.7315238581139,4.327993051994643,4.02128020590646,0.9943848525453217
2024-03-28,90.3099365234375,92.03437,2.6429798367788555,18.7315238581139,4.327993051994643,4.02128020590646,0.9943848525453217
2024-04-01,90.3169174194336,90.08274,2.6429798367788555,18.7315238581139,4.327993051994643,4.02128020590646,0.9943848525453217
2024-04-02,89.40637969970703,89.28922,2.6429798367788555,18.7315238581139,4.327993051994643,4.02128020590646,0.9943848525453217
2024-04-03,88.91864013671875,90.10198,2.6429798367788555,18.7315238581139,4.327993051994643,4.02128020590646,0.9943848525453217
2024-04-04,85.8611831665039,87.62624,2.6429798367788555,18.7315238581139,4.327993051994643,4.02128020590646,0.9943848525453217
2024-04-05,87.96311950683594,82.97373,2.6429798367788555,18.7315238581139,4.327993051994643,4.02128020590646,0.9943848525453217
2024-04-08,87.08856201171875,85.48893,2.6429798367788555,18.7315238581139,4.327993051994643,4.02128020590646,0.9943848525453217
2024-04-09,85.31045532226562,87.18973,2.6429798367788555,18.7315238581139,4.327993051994643,4.02128020590646,0.9943848525453217
2024-04-10,86.99461364746094,86.34068,2.6429798367788555,18.7315238581139,4.327993051994643,4.02128020590646,0.9943848525453217
2024-04-11,90.56979370117188,82.48583,2.6429798367788555,18.7315238581139,4.327993051994643,4.02128020590646,0.9943848525453217
2024-04-12,88.14102935791016,85.30796,2.6429798367788555,18.7315238581139,4.327993051994643,4.02128020590646,0.9943848525453217
2024-04-15,85.95714569091797,88.69083,2.6429798367788555,18.7315238581139,4.327993051994643,4.02128020590646,0.9943848525453217
2024-04-16,87.37042236328125,86.45309,2.6429798367788555,18.7315238581139,4.327993051994643,4.02128020590646,0.9943848525453217
2024-04-17,83.99214935302734,85.072014,2.6429798367788555,18.7315238581139,4.327993051994643,4.02128020590646,0.9943848525453217
2024-04-18,84.62782287597656,84.71869,2.6429798367788555,18.7315238581139,4.327993051994643,4.02128020590646,0.9943848525453217
2024-04-19,76.16114807128906,84.532585,2.6429798367788555,18.7315238581139,4.327993051994643,4.02128020590646,0.9943848525453217
2024-04-22,79.47745513916016,79.710304,2.6429798367788555,18.7315238581139,4.327993051994643,4.02128020590646,0.9943848525453217
2024-04-23,82.38097381591797,76.97871,2.6429798367788555,18.7315238581139,4.327993051994643,4.02128020590646,0.9943848525453217
2024-04-24,79.6363754272461,79.245186,2.6429798367788555,18.7315238581139,4.327993051994643,4.02128020590646,0.9943848525453217
2024-04-25,82.58987426757812,81.031944,2.6429798367788555,18.7315238581139,4.327993051994643,4.02128020590646,0.9943848525453217
2024-04-26,87.69026947021484,79.50554,2.6429798367788555,18.7315238581139,4.327993051994643,4.02128020590646,0.9943848525453217
2024-04-29,87.7122573852539,81.36793,2.6429798367788555,18.7315238581139,4.327993051994643,4.02128020590646,0.9943848525453217
2024-04-30,86.35794830322266,85.383415,2.6429798367788555,18.7315238581139,4.327993051994643,4.02128020590646,0.9943848525453217
2024-05-01,82.99864959716797,87.849075,2.6429798367788555,18.7315238581139,4.327993051994643,4.02128020590646,0.9943848525453217
2024-05-02,85.77323913574219,83.41732,2.6429798367788555,18.7315238581139,4.327993051994643,4.02128020590646,0.9943848525453217
2024-05-03,88.74372100830078,86.54276,2.6429798367788555,18.7315238581139,4.327993051994643,4.02128020590646,0.9943848525453217
2024-05-06,92.09300994873048,88.68117,2.6429798367788555,18.7315238581139,4.327993051994643,4.02128020590646,0.9943848525453217
2024-05-07,90.50782012939452,87.9729,2.6429798367788555,18.7315238581139,4.327993051994643,4.02128020590646,0.9943848525453217
2024-05-08,90.36589813232422,91.703094,2.6429798367788555,18.7315238581139,4.327993051994643,4.02128020590646,0.9943848525453217
2024-05-09,88.70175170898438,88.743835,2.6429798367788555,18.7315238581139,4.327993051994643,4.02128020590646,0.9943848525453217
2024-05-10,89.83216094970703,87.44589,2.6429798367788555,18.7315238581139,4.327993051994643,4.02128020590646,0.9943848525453217
2024-05-13,90.3529052734375,91.78928,2.6429798367788555,18.7315238581139,4.327993051994643,4.02128020590646,0.9943848525453217
2024-05-14,91.30941772460938,91.320305,2.6429798367788555,18.7315238581139,4.327993051994643,4.02128020590646,0.9943848525453217
2024-05-15,94.58175659179688,89.57495,2.6429798367788555,18.7315238581139,4.327993051994643,4.02128020590646,0.9943848525453217
2024-05-16,94.31088256835938,90.84571,2.6429798367788555,18.7315238581139,4.327993051994643,4.02128020590646,0.9943848525453217
2024-05-17,92.4318389892578,96.6093,2.6429798367788555,18.7315238581139,4.327993051994643,4.02128020590646,0.9943848525453217
2024-05-20,94.7316665649414,92.604355,2.6429798367788555,18.7315238581139,4.327993051994643,4.02128020590646,0.9943848525453217
2024-05-21,95.33736419677734,93.05437,2.6429798367788555,18.7315238581139,4.327993051994643,4.02128020590646,0.9943848525453217
2024-05-22,94.9015884399414,95.54793,2.6429798367788555,18.7315238581139,4.327993051994643,4.02128020590646,0.9943848525453217
2024-05-23,103.74607086181639,96.777664,2.6429798367788555,18.7315238581139,4.327993051994643,4.02128020590646,0.9943848525453217
2024-05-24,106.41470336914062,98.17206,2.6429798367788555,18.7315238581139,4.327993051994643,4.02128020590646,0.9943848525453217
2024-05-28,113.8429183959961,103.45421,2.6429798367788555,18.7315238581139,4.327993051994643,4.02128020590646,0.9943848525453217
2024-05-29,114.76644134521483,109.262115,2.6429798367788555,18.7315238581139,4.327993051994643,4.02128020590646,0.9943848525453217
2024-05-30,110.4436492919922,110.52687,2.6429798367788555,18.7315238581139,4.327993051994643,4.02128020590646,0.9943848525453217
2024-05-31,109.57709503173828,110.9693,2.6429798367788555,18.7315238581139,4.327993051994643,4.02128020590646,0.9943848525453217
2024-06-03,114.94135284423827,113.05567,2.6429798367788555,18.7315238581139,4.327993051994643,4.02128020590646,0.9943848525453217
2024-06-04,116.37763214111328,113.282974,2.6429798367788555,18.7315238581139,4.327993051994643,4.02128020590646,0.9943848525453217
2024-06-05,122.37757110595706,114.36325,2.6429798367788555,18.7315238581139,4.327993051994643,4.02128020590646,0.9943848525453217
2024-06-06,120.93629455566406,118.16888,2.6429798367788555,18.7315238581139,4.327993051994643,4.02128020590646,0.9943848525453217
2024-06-07,120.82635498046875,117.81758,2.6429798367788555,18.7315238581139,4.327993051994643,4.02128020590646,0.9943848525453217
2024-06-10,121.72789001464844,119.72128,2.6429798367788555,18.7315238581139,4.327993051994643,4.02128020590646,0.9943848525453217
2024-06-11,120.8582763671875,119.35204,2.6429798367788555,18.7315238581139,4.327993051994643,4.02128020590646,0.9943848525453217
2024-06-12,125.14643859863278,120.39738,2.6429798367788555,18.7315238581139,4.327993051994643,4.02128020590646,0.9943848525453217
2024-06-13,129.55453491210938,121.245285,2.6429798367788555,18.7315238581139,4.327993051994643,4.02128020590646,0.9943848525453217
2024-06-14,131.82359313964844,124.16311,2.6429798367788555,18.7315238581139,4.327993051994643,4.02128020590646,0.9943848525453217
2024-06-17,130.92396545410156,129.52052,2.6429798367788555,18.7315238581139,4.327993051994643,4.02128020590646,0.9943848525453217
2024-06-18,135.52198791503906,130.66324,2.6429798367788555,18.7315238581139,4.327993051994643,4.02128020590646,0.9943848525453217
2024-06-20,130.72406005859375,131.99007,2.6429798367788555,18.7315238581139,4.327993051994643,4.02128020590646,0.9943848525453217
2024-06-21,126.51585388183592,131.1677,2.6429798367788555,18.7315238581139,4.327993051994643,4.02128020590646,0.9943848525453217
2024-06-24,118.05947113037111,128.48204,2.6429798367788555,18.7315238581139,4.327993051994643,4.02128020590646,0.9943848525453217
2024-06-25,126.03603363037111,121.286545,2.6429798367788555,18.7315238581139,4.327993051994643,4.02128020590646,0.9943848525453217
2024-06-26,126.34593200683594,123.00151,2.6429798367788555,18.7315238581139,4.327993051994643,4.02128020590646,0.9943848525453217
2024-06-27,123.93695068359375,126.02429,2.6429798367788555,18.7315238581139,4.327993051994643,4.02128020590646,0.9943848525453217
2024-06-28,123.48715209960936,123.92581,2.6429798367788555,18.7315238581139,4.327993051994643,4.02128020590646,0.9943848525453217
2024-07-01,124.246826171875,118.26249,2.6429798367788555,18.7315238581139,4.327993051994643,4.02128020590646,0.9943848525453217
2024-07-02,122.61752319335938,119.835335,2.6429798367788555,18.7315238581139,4.327993051994643,4.02128020590646,0.9943848525453217
2024-07-03,128.22511291503906,122.58873,2.6429798367788555,18.7315238581139,4.327993051994643,4.02128020590646,0.9943848525453217
2024-07-05,125.77616882324219,124.681946,2.6429798367788555,18.7315238581139,4.327993051994643,4.02128020590646,0.9943848525453217
2024-07-08,128.1451416015625,120.79933,2.6429798367788555,18.7315238581139,4.327993051994643,4.02128020590646,0.9943848525453217
2024-07-09,131.3238067626953,124.15176,2.6429798367788555,18.7315238581139,4.327993051994643,4.02128020590646,0.9943848525453217
2024-07-10,134.852294921875,126.8659,2.6429798367788555,18.7315238581139,4.327993051994643,4.02128020590646,0.9943848525453217
2024-07-11,127.34551239013672,128.6498,2.6429798367788555,18.7315238581139,4.327993051994643,4.02128020590646,0.9943848525453217
2024-07-12,129.1847381591797,128.14725,2.6429798367788555,18.7315238581139,4.327993051994643,4.02128020590646,0.9943848525453217
2024-07-15,128.3850555419922,124.617195,2.6429798367788555,18.7315238581139,4.327993051994643,4.02128020590646,0.9943848525453217
2024-07-16,126.3059310913086,122.2355,2.6429798367788555,18.7315238581139,4.327993051994643,4.02128020590646,0.9943848525453217
2024-07-17,117.93951416015622,126.44339,2.6429798367788555,18.7315238581139,4.327993051994643,4.02128020590646,0.9943848525453217
2024-07-18,121.03819274902344,119.120605,2.6429798367788555,18.7315238581139,4.327993051994643,4.02128020590646,0.9943848525453217
2024-07-19,117.87955474853514,115.76491,2.6429798367788555,18.7315238581139,4.327993051994643,4.02128020590646,0.9943848525453217
2024-07-22,123.48715209960936,114.124214,2.6429798367788555,18.7315238581139,4.327993051994643,4.02128020590646,0.9943848525453217
2024-07-23,122.5375518798828,122.27816,2.6429798367788555,18.7315238581139,4.327993051994643,4.02128020590646,0.9943848525453217
2024-07-24,114.20111083984375,116.79387,2.6429798367788555,18.7315238581139,4.327993051994643,4.02128020590646,0.9943848525453217
2024-07-25,112.23195648193358,114.93009,2.6429798367788555,18.7315238581139,4.327993051994643,4.02128020590646,0.9943848525453217
2024-07-26,113.01161956787111,111.60632,2.6429798367788555,18.7315238581139,4.327993051994643,4.02128020590646,0.9943848525453217
2024-07-29,111.54225158691408,112.22198,2.6429798367788555,18.7315238581139,4.327993051994643,4.02128020590646,0.9943848525453217
2024-07-30,103.68562316894533,111.17717,2.6429798367788555,18.7315238581139,4.327993051994643,4.02128020590646,0.9943848525453217
2024-07-31,116.96992492675781,109.62787,2.6429798367788555,18.7315238581139,4.327993051994643,4.02128020590646,0.9943848525453217
2024-08-01,109.16327667236328,107.713295,2.6429798367788555,18.7315238581139,4.327993051994643,4.02128020590646,0.9943848525453217
2024-08-02,107.22409820556642,108.99325,2.6429798367788555,18.7315238581139,4.327993051994643,4.02128020590646,0.9943848525453217
2024-08-05,100.40702056884766,112.00485,2.6429798367788555,18.7315238581139,4.327993051994643,4.02128020590646,0.9943848525453217
2024-08-06,104.20539855957034,101.083084,2.6429798367788555,18.7315238581139,4.327993051994643,4.02128020590646,0.9943848525453217
2024-08-07,98.86768341064452,97.79027,2.6429798367788555,18.7315238581139,4.327993051994643,4.02128020590646,0.9943848525453217
2024-08-08,104.92508697509767,100.250404,2.6429798367788555,18.7315238581139,4.327993051994643,4.02128020590646,0.9943848525453217
2024-08-09,104.70519256591794,104.65953,2.6429798367788555,18.7315238581139,4.327993051994643,4.02128020590646,0.9943848525453217
2024-08-12,108.9733657836914,99.168144,2.6429798367788555,18.7315238581139,4.327993051994643,4.02128020590646,0.9943848525453217
2024-08-13,116.09030914306639,105.43174,2.6429798367788555,18.7315238581139,4.327993051994643,4.02128020590646,0.9943848525453217
2024-08-14,118.02948760986328,107.11286,2.6429798367788555,18.7315238581139,4.327993051994643,4.02128020590646,0.9943848525453217
2024-08-15,122.80744171142578,109.28358,2.6429798367788555,18.7315238581139,4.327993051994643,4.02128020590646,0.9943848525453217
2024-08-16,124.52670288085938,116.55675,2.6429798367788555,18.7315238581139,4.327993051994643,4.02128020590646,0.9943848525453217
2024-08-19,129.9443817138672,118.582375,2.6429798367788555,18.7315238581139,4.327993051994643,4.02128020590646,0.9943848525453217
2024-08-20,127.195556640625,122.69264,2.6429798367788555,18.7315238581139,4.327993051994643,4.02128020590646,0.9943848525453217
2024-08-21,128.4450225830078,125.14418,2.6429798367788555,18.7315238581139,4.327993051994643,4.02128020590646,0.9943848525453217
2024-08-22,123.68706512451173,129.59047,2.6429798367788555,18.7315238581139,4.327993051994643,4.02128020590646,0.9943848525453217
2024-08-23,129.31463623046875,121.76976,2.6429798367788555,18.7315238581139,4.327993051994643,4.02128020590646,0.9943848525453217
2024-08-26,126.40589141845705,125.879265,2.6429798367788555,18.7315238581139,4.327993051994643,4.02128020590646,0.9943848525453217
2024-08-27,128.2451171875,127.882866,2.6429798367788555,18.7315238581139,4.327993051994643,4.02128020590646,0.9943848525453217
2024-08-28,125.55626678466797,126.42344,2.6429798367788555,18.7315238581139,4.327993051994643,4.02128020590646,0.9943848525453217
2024-08-29,117.53968811035155,122.48087,2.6429798367788555,18.7315238581139,4.327993051994643,4.02128020590646,0.9943848525453217
2024-08-30,119.31893157958984,121.30022,2.6429798367788555,18.7315238581139,4.327993051994643,4.02128020590646,0.9943848525453217
2024-09-03,107.95378875732422,121.08926,2.6429798367788555,18.7315238581139,4.327993051994643,4.02128020590646,0.9943848525453217
2024-09-04,106.16455078125001,114.99176,2.6429798367788555,18.7315238581139,4.327993051994643,4.02128020590646,0.9943848525453217
2024-09-05,107.16413116455078,116.56506,2.6429798367788555,18.7315238581139,4.327993051994643,4.02128020590646,0.9943848525453217
2024-09-06,102.7860107421875,108.41846,2.6429798367788555,18.7315238581139,4.327993051994643,4.02128020590646,0.9943848525453217
2024-09-09,106.42444610595705,104.99541,2.6429798367788555,18.7315238581139,4.327993051994643,4.02128020590646,0.9943848525453217
2024-09-10,108.05374145507811,105.96561,2.6429798367788555,18.7315238581139,4.327993051994643,4.02128020590646,0.9943848525453217
2024-09-11,116.85997772216794,108.539764,2.6429798367788555,18.7315238581139,4.327993051994643,4.02128020590646,0.9943848525453217
2024-09-12,119.0992202758789,108.66173,2.6429798367788555,18.7315238581139,4.327993051994643,4.02128020590646,0.9943848525453217
2024-09-13,119.05923461914062,117.93049,2.6429798367788555,18.7315238581139,4.327993051994643,4.02128020590646,0.9943848525453217
2024-09-16,116.74002075195312,118.19464,2.6429798367788555,18.7315238581139,4.327993051994643,4.02128020590646,0.9943848525453217
2024-09-17,115.55043029785156,113.16547,2.6429798367788555,18.7315238581139,4.327993051994643,4.02128020590646,0.9943848525453217
2024-09-18,113.33119201660156,116.111755,2.6429798367788555,18.7315238581139,4.327993051994643,4.02128020590646,0.9943848525453217
2024-09-19,117.82965087890622,111.808235,2.6429798367788555,18.7315238581139,4.327993051994643,4.02128020590646,0.9943848525453217
2024-09-20,115.96029663085939,115.046394,2.6429798367788555,18.7315238581139,4.327993051994643,4.02128020590646,0.9943848525453217
2024-09-23,116.22020721435548,111.73991,2.6429798367788555,18.7315238581139,4.327993051994643,4.02128020590646,0.9943848525453217
2024-09-24,120.82862854003908,115.96998,2.6429798367788555,18.7315238581139,4.327993051994643,4.02128020590646,0.9943848525453217
2024-09-25,123.46772003173828,108.315475,2.6429798367788555,18.7315238581139,4.327993051994643,4.02128020590646,0.9943848525453217
2024-09-26,123.99754333496095,115.7778,2.6429798367788555,18.7315238581139,4.327993051994643,4.02128020590646,0.9943848525453217
2024-09-27,121.3584442138672,120.62945,2.6429798367788555,18.7315238581139,4.327993051994643,4.02128020590646,0.9943848525453217
2024-09-30,121.39842987060548,116.519005,2.6429798367788555,18.7315238581139,4.327993051994643,4.02128020590646,0.9943848525453217
2024-10-01,116.95994567871095,119.00097,2.6429798367788555,18.7315238581139,4.327993051994643,4.02128020590646,0.9943848525453217
2024-10-02,118.80931854248047,121.64141,2.6429798367788555,18.7315238581139,4.327993051994643,4.02128020590646,0.9943848525453217
2024-10-03,122.80794525146484,121.18072,2.6429798367788555,18.7315238581139,4.327993051994643,4.02128020590646,0.9943848525453217
2024-10-04,124.87723541259766,118.28238,2.6429798367788555,18.7315238581139,4.327993051994643,4.02128020590646,0.9943848525453217
2024-10-07,127.67628479003906,125.77561,2.6429798367788555,18.7315238581139,4.327993051994643,4.02128020590646,0.9943848525453217
2024-10-08,132.84449768066406,125.06012,2.6429798367788555,18.7315238581139,4.327993051994643,4.02128020590646,0.9943848525453217
2024-10-09,132.60458374023438,128.5556,2.6429798367788555,18.7315238581139,4.327993051994643,4.02128020590646,0.9943848525453217
2024-10-10,134.76385498046875,132.87938,2.6429798367788555,18.7315238581139,4.327993051994643,4.02128020590646,0.9943848525453217
2024-10-11,134.7538604736328,133.4808,2.6429798367788555,18.7315238581139,4.327993051994643,4.02128020590646,0.9943848525453217
2024-10-14,138.0227508544922,129.26892,2.6429798367788555,18.7315238581139,4.327993051994643,4.02128020590646,0.9943848525453217
2024-10-15,131.55496215820312,138.95491,2.6429798367788555,18.7315238581139,4.327993051994643,4.02128020590646,0.9943848525453217
2024-10-16,135.6735382080078,138.94554,2.6429798367788555,18.7315238581139,4.327993051994643,4.02128020590646,0.9943848525453217
2024-10-17,136.88311767578125,135.07593,2.6429798367788555,18.7315238581139,4.327993051994643,4.02128020590646,0.9943848525453217
2024-10-18,137.9527587890625,134.64317,2.6429798367788555,18.7315238581139,4.327993051994643,4.02128020590646,0.9943848525453217
2024-10-21,143.6608123779297,136.36531,2.6429798367788555,18.7315238581139,4.327993051994643,4.02128020590646,0.9943848525453217
2024-10-22,143.54086303710938,136.8854,2.6429798367788555,18.7315238581139,4.327993051994643,4.02128020590646,0.9943848525453217
2024-10-23,139.51222229003906,135.33922,2.6429798367788555,18.7315238581139,4.327993051994643,4.02128020590646,0.9943848525453217
2024-10-24,140.3619384765625,140.36124,2.6429798367788555,18.7315238581139,4.327993051994643,4.02128020590646,0.9943848525453217
2024-10-25,141.49154663085938,137.81444,2.6429798367788555,18.7315238581139,4.327993051994643,4.02128020590646,0.9943848525453217
2024-10-28,140.47190856933594,136.66707,2.6429798367788555,18.7315238581139,4.327993051994643,4.02128020590646,0.9943848525453217
2024-10-29,141.20164489746094,138.97488,2.6429798367788555,18.7315238581139,4.327993051994643,4.02128020590646,0.9943848525453217
2024-10-30,139.29229736328125,136.70486,2.6429798367788555,18.7315238581139,4.327993051994643,4.02128020590646,0.9943848525453217
2024-10-31,132.71456909179688,135.09421,2.6429798367788555,18.7315238581139,4.327993051994643,4.02128020590646,0.9943848525453217
2024-11-01,135.35365295410156,134.78888,2.6429798367788555,18.7315238581139,4.327993051994643,4.02128020590646,0.9943848525453217
2024-11-04,136.00343322753906,132.73541,2.6429798367788555,18.7315238581139,4.327993051994643,4.02128020590646,0.9943848525453217
2024-11-05,139.8621063232422,129.48096,2.6429798367788555,18.7315238581139,4.327993051994643,4.02128020590646,0.9943848525453217
2024-11-06,145.56016540527344,132.61508,2.6429798367788555,18.7315238581139,4.327993051994643,4.02128020590646,0.9943848525453217
2024-11-07,148.82904052734375,137.24902,2.6429798367788555,18.7315238581139,4.327993051994643,4.02128020590646,0.9943848525453217
2024-11-08,147.57945251464844,141.63863,2.6429798367788555,18.7315238581139,4.327993051994643,4.02128020590646,0.9943848525453217
2024-11-11,145.21026611328125,143.47548,2.6429798367788555,18.7315238581139,4.327993051994643,4.02128020590646,0.9943848525453217
2024-11-12,148.2392120361328,144.46979,2.6429798367788555,18.7315238581139,4.327993051994643,4.02128020590646,0.9943848525453217
2024-11-13,146.21994018554688,140.7566,2.6429798367788555,18.7315238581139,4.327993051994643,4.02128020590646,0.9943848525453217
2024-11-14,146.7097625732422,145.93477,2.6429798367788555,18.7315238581139,4.327993051994643,4.02128020590646,0.9943848525453217
2024-11-15,141.93138122558594,145.74301,2.6429798367788555,18.7315238581139,4.327993051994643,4.02128020590646,0.9943848525453217
2024-11-18,140.1020050048828,141.98444,2.6429798367788555,18.7315238581139,4.327993051994643,4.02128020590646,0.9943848525453217
2024-11-19,146.9596710205078,139.2324,2.6429798367788555,18.7315238581139,4.327993051994643,4.02128020590646,0.9943848525453217
2024-11-20,145.84005737304688,138.74625,2.6429798367788555,18.7315238581139,4.327993051994643,4.02128020590646,0.9943848525453217
2024-11-21,146.6197967529297,140.90227,2.6429798367788555,18.7315238581139,4.327993051994643,4.02128020590646,0.9943848525453217
2024-11-22,141.9014129638672,140.00015,2.6429798367788555,18.7315238581139,4.327993051994643,4.02128020590646,0.9943848525453217
2024-11-25,135.97344970703125,140.13486,2.6429798367788555,18.7315238581139,4.327993051994643,4.02128020590646,0.9943848525453217
2024-11-26,136.8731231689453,137.95721,2.6429798367788555,18.7315238581139,4.327993051994643,4.02128020590646,0.9943848525453217
2024-11-27,135.2936553955078,135.18951,2.6429798367788555,18.7315238581139,4.327993051994643,4.02128020590646,0.9943848525453217
2024-11-29,138.2026824951172,134.44505,2.6429798367788555,18.7315238581139,4.327993051994643,4.02128020590646,0.9943848525453217
2024-12-02,138.58255004882812,132.71687,2.6429798367788555,18.7315238581139,4.327993051994643,4.02128020590646,0.9943848525453217
2024-12-03,140.2119903564453,133.5564,2.6429798367788555,18.7315238581139,4.327993051994643,4.02128020590646,0.9943848525453217
2024-12-04,145.09031677246094,136.366,2.6429798367788555,18.7315238581139,4.327993051994643,4.02128020590646,0.9943848525453217
2024-12-05,145.0203399658203,140.09555,2.6429798367788555,18.7315238581139,4.327993051994643,4.02128020590646,0.9943848525453217
2024-12-06,142.40106201171875,137.74554,2.6429798367788555,18.7315238581139,4.327993051994643,4.02128020590646,0.9943848525453217
2024-12-09,138.77203369140625,136.65405,2.6429798367788555,18.7315238581139,4.327993051994643,4.02128020590646,0.9943848525453217
2024-12-10,135.03306579589844,137.89658,2.6429798367788555,18.7315238581139,4.327993051994643,4.02128020590646,0.9943848525453217
2024-12-11,139.2718963623047,136.79582,2.6429798367788555,18.7315238581139,4.327993051994643,4.02128020590646,0.9943848525453217
2024-12-12,137.3024444580078,138.65904,2.6429798367788555,18.7315238581139,4.327993051994643,4.02128020590646,0.9943848525453217
2024-12-13,134.21328735351562,137.09738,2.6429798367788555,18.7315238581139,4.327993051994643,4.02128020590646,0.9943848525453217
2024-12-16,131.96388244628906,129.86836,2.6429798367788555,18.7315238581139,4.327993051994643,4.02128020590646,0.9943848525453217
2024-12-17,130.35433959960938,125.99214,2.6429798367788555,18.7315238581139,4.327993051994643,4.02128020590646,0.9943848525453217
2024-12-18,128.874755859375,127.834724,2.6429798367788555,18.7315238581139,4.327993051994643,4.02128020590646,0.9943848525453217
2024-12-19,130.6442413330078,129.15565,2.6429798367788555,18.7315238581139,4.327993051994643,4.02128020590646,0.9943848525453217
2024-12-20,134.6631622314453,126.81059,2.6429798367788555,18.7315238581139,4.327993051994643,4.02128020590646,0.9943848525453217
2024-12-23,139.6317901611328,127.8394,2.6429798367788555,18.7315238581139,4.327993051994643,4.02128020590646,0.9943848525453217
2024-12-24,140.18165588378906,131.50034,2.6429798367788555,18.7315238581139,4.327993051994643,4.02128020590646,0.9943848525453217
2024-12-26,139.89173889160156,134.04106,2.6429798367788555,18.7315238581139,4.327993051994643,4.02128020590646,0.9943848525453217
2024-12-27,136.97251892089844,137.39952,2.6429798367788555,18.7315238581139,4.327993051994643,4.02128020590646,0.9943848525453217
2024-12-30,137.452392578125,135.03014,2.6429798367788555,18.7315238581139,4.327993051994643,4.02128020590646,0.9943848525453217
2024-12-31,134.25328063964844,134.58365,2.6429798367788555,18.7315238581139,4.327993051994643,4.02128020590646,0.9943848525453217
2025-01-02,138.2721710205078,134.31744,2.6429798367788555,18.7315238581139,4.327993051994643,4.02128020590646,0.9943848525453217
2025-01-03,144.4304962158203,133.75667,2.6429798367788555,18.7315238581139,4.327993051994643,4.02128020590646,0.9943848525453217
2025-01-06,149.38912963867188,135.98166,2.6429798367788555,18.7315238581139,4.327993051994643,4.02128020590646,0.9943848525453217
2025-01-07,140.10166931152344,142.95186,2.6429798367788555,18.7315238581139,4.327993051994643,4.02128020590646,0.9943848525453217
2025-01-08,140.07168579101562,141.53032,2.6429798367788555,18.7315238581139,4.327993051994643,4.02128020590646,0.9943848525453217
2025-01-10,135.8728485107422,136.12,2.6429798367788555,18.7315238581139,4.327993051994643,4.02128020590646,0.9943848525453217
2025-01-13,133.19357299804688,132.80518,2.6429798367788555,18.7315238581139,4.327993051994643,4.02128020590646,0.9943848525453217
2025-01-14,131.7239532470703,136.24559,2.6429798367788555,18.7315238581139,4.327993051994643,4.02128020590646,0.9943848525453217
2025-01-15,136.2027587890625,131.73448,2.6429798367788555,18.7315238581139,4.327993051994643,4.02128020590646,0.9943848525453217
2025-01-16,133.5334930419922,134.40584,2.6429798367788555,18.7315238581139,4.327993051994643,4.02128020590646,0.9943848525453217
2025-01-17,137.67234802246094,132.7693,2.6429798367788555,18.7315238581139,4.327993051994643,4.02128020590646,0.9943848525453217
2025-01-21,140.79148864746094,134.146,2.6429798367788555,18.7315238581139,4.327993051994643,4.02128020590646,0.9943848525453217
2025-01-22,147.02980041503906,133.43208,2.6429798367788555,18.7315238581139,4.327993051994643,4.02128020590646,0.9943848525453217
2025-01-23,147.17974853515625,138.81863,2.6429798367788555,18.7315238581139,4.327993051994643,4.02128020590646,0.9943848525453217
2025-01-24,142.58099365234375,142.13992,2.6429798367788555,18.7315238581139,4.327993051994643,4.02128020590646,0.9943848525453217
2025-01-27,118.38761901855469,142.03413,2.6429798367788555,18.7315238581139,4.327993051994643,4.02128020590646,0.9943848525453217
2025-01-28,128.95472717285156,131.63255,2.6429798367788555,18.7315238581139,4.327993051994643,4.02128020590646,0.9943848525453217
2025-01-29,123.66616821289061,128.16379,2.6429798367788555,18.7315238581139,4.327993051994643,4.02128020590646,0.9943848525453217
2025-01-30,124.6159210205078,123.44368,2.6429798367788555,18.7315238581139,4.327993051994643,4.02128020590646,0.9943848525453217
2025-01-31,120.03717041015624,128.81868,2.6429798367788555,18.7315238581139,4.327993051994643,4.02128020590646,0.9943848525453217
2025-02-03,116.62810516357422,117.12158,2.6429798367788555,18.7315238581139,4.327993051994643,4.02128020590646,0.9943848525453217
2025-02-04,118.6175537109375,113.33659,2.6429798367788555,18.7315238581139,4.327993051994643,4.02128020590646,0.9943848525453217
2025-02-05,124.79586791992188,113.50123,2.6429798367788555,18.7315238581139,4.327993051994643,4.02128020590646,0.9943848525453217
2025-02-06,128.64480590820312,120.367485,2.6429798367788555,18.7315238581139,4.327993051994643,4.02128020590646,0.9943848525453217
2025-02-07,129.8044891357422,118.85553,2.6429798367788555,18.7315238581139,4.327993051994643,4.02128020590646,0.9943848525453217
2025-02-10,133.5334930419922,124.94556,2.6429798367788555,18.7315238581139,4.327993051994643,4.02128020590646,0.9943848525453217
2025-02-11,132.76370239257812,128.76778,2.6429798367788555,18.7315238581139,4.327993051994643,4.02128020590646,0.9943848525453217
2025-02-12,131.10415649414062,135.11487,2.6429798367788555,18.7315238581139,4.327993051994643,4.02128020590646,0.9943848525453217
2025-02-13,135.25299072265625,130.72432,2.6429798367788555,18.7315238581139,4.327993051994643,4.02128020590646,0.9943848525453217
2025-02-14,138.81202697753906,126.92434,2.6429798367788555,18.7315238581139,4.327993051994643,4.02128020590646,0.9943848525453217
2025-02-18,139.36187744140625,129.77336,2.6429798367788555,18.7315238581139,4.327993051994643,4.02128020590646,0.9943848525453217
2025-02-19,139.19192504882812,137.27296,2.6429798367788555,18.7315238581139,4.327993051994643,4.02128020590646,0.9943848525453217
2025-02-20,140.07168579101562,137.84624,2.6429798367788555,18.7315238581139,4.327993051994643,4.02128020590646,0.9943848525453217
2025-02-21,134.3932342529297,135.49371,2.6429798367788555,18.7315238581139,4.327993051994643,4.02128020590646,0.9943848525453217
2025-02-24,130.244384765625,131.02838,2.6429798367788555,18.7315238581139,4.327993051994643,4.02128020590646,0.9943848525453217
2025-02-25,126.59536743164061,131.0951,2.6429798367788555,18.7315238581139,4.327993051994643,4.02128020590646,0.9943848525453217
2025-02-26,131.24411010742188,125.79864,2.6429798367788555,18.7315238581139,4.327993051994643,4.02128020590646,0.9943848525453217
2025-02-27,120.11714172363278,132.27702,2.6429798367788555,18.7315238581139,4.327993051994643,4.02128020590646,0.9943848525453217
2025-02-28,124.8858413696289,126.01547,2.6429798367788555,18.7315238581139,4.327993051994643,4.02128020590646,0.9943848525453217
2025-03-03,114.02880859375,126.321556,2.6429798367788555,18.7315238581139,4.327993051994643,4.02128020590646,0.9943848525453217
2025-03-04,115.95828247070312,113.17351,2.6429798367788555,18.7315238581139,4.327993051994643,4.02128020590646,0.9943848525453217
2025-03-05,117.26792144775389,117.41174,2.6429798367788555,18.7315238581139,4.327993051994643,4.02128020590646,0.9943848525453217
2025-03-06,110.53976440429688,117.395805,2.6429798367788555,18.7315238581139,4.327993051994643,4.02128020590646,0.9943848525453217
2025-03-07,112.65918731689453,117.30984,2.6429798367788555,18.7315238581139,4.327993051994643,4.02128020590646,0.9943848525453217
2025-03-10,106.95075225830077,113.462524,2.6429798367788555,18.7315238581139,4.327993051994643,4.02128020590646,0.9943848525453217
2025-03-11,108.73025512695312,110.81064,2.6429798367788555,18.7315238581139,4.327993051994643,4.02128020590646,0.9943848525453217
2025-03-12,115.71900177001952,105.38024,2.6429798367788555,18.7315238581139,4.327993051994643,4.02128020590646,0.9943848525453217
2025-03-13,115.55902862548828,111.22111,2.6429798367788555,18.7315238581139,4.327993051994643,4.02128020590646,0.9943848525453217
2025-03-14,121.64791870117189,114.12419,2.6429798367788555,18.7315238581139,4.327993051994643,4.02128020590646,0.9943848525453217
2025-03-17,119.50830841064452,118.201,2.6429798367788555,18.7315238581139,4.327993051994643,4.02128020590646,0.9943848525453217
2025-03-18,115.40904998779295,117.65619,2.6429798367788555,18.7315238581139,4.327993051994643,4.02128020590646,0.9943848525453217
2025-03-19,117.49867248535156,113.35197,2.6429798367788555,18.7315238581139,4.327993051994643,4.02128020590646,0.9943848525453217
2025-03-20,118.50848388671876,110.37677,2.6429798367788555,18.7315238581139,4.327993051994643,4.02128020590646,0.9943848525453217
2025-03-21,117.67863464355467,109.515564,2.6429798367788555,18.7315238581139,4.327993051994643,4.02128020590646,0.9943848525453217
2025-03-24,121.38796997070311,119.476265,2.6429798367788555,18.7315238581139,4.327993051994643,4.02128020590646,0.9943848525453217
2025-03-25,120.66809844970706,120.45896,2.6429798367788555,18.7315238581139,4.327993051994643,4.02128020590646,0.9943848525453217
2025-03-26,113.73935699462892,113.61388,2.6429798367788555,18.7315238581139,4.327993051994643,4.02128020590646,0.9943848525453217
2025-03-27,111.40978240966797,118.18119,2.6429798367788555,18.7315238581139,4.327993051994643,4.02128020590646,0.9943848525453217
2025-03-28,109.65010070800778,106.951225,2.6429798367788555,18.7315238581139,4.327993051994643,4.02128020590646,0.9943848525453217
2025-03-31,108.36032867431642,108.41604,2.6429798367788555,18.7315238581139,4.327993051994643,4.02128020590646,0.9943848525453217
2025-04-01,110.13000488281249,109.79798,2.6429798367788555,18.7315238581139,4.327993051994643,4.02128020590646,0.9943848525453217
2025-04-02,110.39995574951172,115.16422,2.6429798367788555,18.7315238581139,4.327993051994643,4.02128020590646,0.9943848525453217
2025-04-03,101.78152465820312,108.88841,2.6429798367788555,18.7315238581139,4.327993051994643,4.02128020590646,0.9943848525453217
2025-04-04,94.29288482666016,106.325836,2.6429798367788555,18.7315238581139,4.327993051994643,4.02128020590646,0.9943848525453217
2025-04-07,97.62227630615234,99.568756,2.6429798367788555,18.7315238581139,4.327993051994643,4.02128020590646,0.9943848525453217
2025-04-08,96.28252410888672,96.58081,2.6429798367788555,18.7315238581139,4.327993051994643,4.02128020590646,0.9943848525453217
2025-04-09,114.30924987792967,103.68677,2.6429798367788555,18.7315238581139,4.327993051994643,4.02128020590646,0.9943848525453217
2025-04-10,107.55047607421876,111.29579,2.6429798367788555,18.7315238581139,4.327993051994643,4.02128020590646,0.9943848525453217
2025-04-11,110.90986633300778,104.69956,2.6429798367788555,18.7315238581139,4.327993051994643,4.02128020590646,0.9943848525453217
2025-04-14,110.68990325927734,110.43944,2.6429798367788555,18.7315238581139,4.327993051994643,4.02128020590646,0.9943848525453217
2025-04-15,112.17963409423827,106.795,2.6429798367788555,18.7315238581139,4.327993051994643,4.02128020590646,0.9943848525453217
2025-04-16,104.47103881835938,111.94118,2.6429798367788555,18.7315238581139,4.327993051994643,4.02128020590646,0.9943848525453217
2025-04-17,101.47157287597656,113.00644,2.6429798367788555,18.7315238581139,4.327993051994643,4.02128020590646,0.9943848525453217
2025-04-21,96.89241790771484,108.085014,2.6429798367788555,18.7315238581139,4.327993051994643,4.02128020590646,0.9943848525453217
2025-04-22,98.8720474243164,100.42232,2.6429798367788555,18.7315238581139,4.327993051994643,4.02128020590646,0.9943848525453217
2025-04-23,102.6913604736328,99.639626,2.6429798367788555,18.7315238581139,4.327993051994643,4.02128020590646,0.9943848525453217
2025-04-24,106.41068267822266,98.86602,2.6429798367788555,18.7315238581139,4.327993051994643,4.02128020590646,0.9943848525453217
2025-04-25,110.98986053466797,99.326485,2.6429798367788555,18.7315238581139,4.327993051994643,4.02128020590646,0.9943848525453217
2025-04-28,108.71027374267578,102.43217,2.6429798367788555,18.7315238581139,4.327993051994643,4.02128020590646,0.9943848525453217
2025-04-29,109.00021362304689,107.88974,2.6429798367788555,18.7315238581139,4.327993051994643,4.02128020590646,0.9943848525453217
2025-04-30,108.90023040771484,106.37947,2.6429798367788555,18.7315238581139,4.327993051994643,4.02128020590646,0.9943848525453217
2025-05-01,111.5897445678711,107.03417,2.6429798367788555,18.7315238581139,4.327993051994643,4.02128020590646,0.9943848525453217
2025-05-02,114.4792251586914,107.65687,2.6429798367788555,18.7315238581139,4.327993051994643,4.02128020590646,0.9943848525453217
2025-05-05,113.79934692382812,111.72151,2.6429798367788555,18.7315238581139,4.327993051994643,4.02128020590646,0.9943848525453217
2025-05-06,113.51940155029295,116.41996,2.6429798367788555,18.7315238581139,4.327993051994643,4.02128020590646,0.9943848525453217
2025-05-07,117.03875732421875,117.92186,2.6429798367788555,18.7315238581139,4.327993051994643,4.02128020590646,0.9943848525453217
2025-05-08,117.34870910644533,115.002495,2.6429798367788555,18.7315238581139,4.327993051994643,4.02128020590646,0.9943848525453217
2025-05-09,116.62882995605467,114.45981,2.6429798367788555,18.7315238581139,4.327993051994643,4.02128020590646,0.9943848525453217
2025-05-12,122.9776840209961,112.94778,2.6429798367788555,18.7315238581139,4.327993051994643,4.02128020590646,0.9943848525453217
2025-05-13,129.9064178466797,120.92644,2.6429798367788555,18.7315238581139,4.327993051994643,4.02128020590646,0.9943848525453217
2025-05-14,135.3154296875,123.95403,2.6429798367788555,18.7315238581139,4.327993051994643,4.02128020590646,0.9943848525453217
2025-05-15,134.80552673339844,137.35065,2.6429798367788555,18.7315238581139,4.327993051994643,4.02128020590646,0.9943848525453217
2025-05-16,135.37542724609375,134.54858,2.6429798367788555,18.7315238581139,4.327993051994643,4.02128020590646,0.9943848525453217
2025-05-19,135.54539489746094,132.29959,2.6429798367788555,18.7315238581139,4.327993051994643,4.02128020590646,0.9943848525453217
2025-05-20,134.35560607910156,132.77968,2.6429798367788555,18.7315238581139,4.327993051994643,4.02128020590646,0.9943848525453217
2025-05-21,131.7760772705078,137.79088,2.6429798367788555,18.7315238581139,4.327993051994643,4.02128020590646,0.9943848525453217
2025-05-22,132.80589294433594,135.86592,2.6429798367788555,18.7315238581139,4.327993051994643,4.02128020590646,0.9943848525453217
2025-05-23,131.26617431640625,132.99231,2.6429798367788555,18.7315238581139,4.327993051994643,4.02128020590646,0.9943848525453217
2025-05-27,135.47540283203125,131.50555,2.6429798367788555,18.7315238581139,4.327993051994643,4.02128020590646,0.9943848525453217
2025-05-28,134.78553771972656,130.8921,2.6429798367788555,18.7315238581139,4.327993051994643,4.02128020590646,0.9943848525453217
2025-05-29,139.1647491455078,129.35085,2.6429798367788555,18.7315238581139,4.327993051994643,4.02128020590646,0.9943848525453217
2025-05-30,135.10548400878906,135.06091,2.6429798367788555,18.7315238581139,4.327993051994643,4.02128020590646,0.9943848525453217
2025-06-02,137.35507202148438,136.1435,2.6429798367788555,18.7315238581139,4.327993051994643,4.02128020590646,0.9943848525453217
2025-06-03,141.19436645507812,134.30275,2.6429798367788555,18.7315238581139,4.327993051994643,4.02128020590646,0.9943848525453217
2025-06-04,141.8942413330078,137.5432,2.6429798367788555,18.7315238581139,4.327993051994643,4.02128020590646,0.9943848525453217
2025-06-05,139.964599609375,137.36075,2.6429798367788555,18.7315238581139,4.327993051994643,4.02128020590646,0.9943848525453217
2025-06-06,141.69427490234375,135.99054,2.6429798367788555,18.7315238581139,4.327993051994643,4.02128020590646,0.9943848525453217
2025-06-09,142.6041259765625,139.85777,2.6429798367788555,18.7315238581139,4.327993051994643,4.02128020590646,0.9943848525453217
2025-06-10,143.9338836669922,140.55113,2.6429798367788555,18.7315238581139,4.327993051994643,4.02128020590646,0.9943848525453217
2025-06-11,142.81399536132812,141.69771,2.6429798367788555,18.7315238581139,4.327993051994643,4.02128020590646,0.9943848525453217
2025-06-12,144.98374938964844,137.31352,2.6429798367788555,18.7315238581139,4.327993051994643,4.02128020590646,0.9943848525453217
2025-06-13,141.95408630371094,138.06566,2.6429798367788555,18.7315238581139,4.327993051994643,4.02128020590646,0.9943848525453217
2025-06-16,144.6737823486328,137.3939,2.6429798367788555,18.7315238581139,4.327993051994643,4.02128020590646,0.9943848525453217
2025-06-17,144.1038360595703,142.86699,2.6429798367788555,18.7315238581139,4.327993051994643,4.02128020590646,0.9943848525453217
2025-06-18,145.46368408203125,142.6959,2.6429798367788555,18.7315238581139,4.327993051994643,4.02128020590646,0.9943848525453217
2025-06-20,143.83387756347656,142.90598,2.6429798367788555,18.7315238581139,4.327993051994643,4.02128020590646,0.9943848525453217
2025-06-23,144.15383911132812,138.45457,2.6429798367788555,18.7315238581139,4.327993051994643,4.02128020590646,0.9943848525453217
2025-06-24,147.88340759277344,139.4143,2.6429798367788555,18.7315238581139,4.327993051994643,4.02128020590646,0.9943848525453217
2025-06-25,154.29270935058594,139.89864,2.6429798367788555,18.7315238581139,4.327993051994643,4.02128020590646,0.9943848525453217
2025-06-26,155.00262451171875,148.29362,2.6429798367788555,18.7315238581139,4.327993051994643,4.02128020590646,0.9943848525453217
2025-06-27,157.73231506347656,146.53168,2.6429798367788555,18.7315238581139,4.327993051994643,4.02128020590646,0.9943848525453217
2025-06-30,157.97230529785156,150.69177,2.6429798367788555,18.7315238581139,4.327993051994643,4.02128020590646,0.9943848525453217
2025-07-01,153.2828369140625,151.84811,2.6429798367788555,18.7315238581139,4.327993051994643,4.02128020590646,0.9943848525453217
2025-07-02,157.2323760986328,151.88354,2.6429798367788555,18.7315238581139,4.327993051994643,4.02128020590646,0.9943848525453217
2025-07-03,159.3221435546875,150.53853,2.6429798367788555,18.7315238581139,4.327993051994643,4.02128020590646,0.9943848525453217
2025-07-07,158.22227478027344,152.96275,2.6429798367788555,18.7315238581139,4.327993051994643,4.02128020590646,0.9943848525453217
2025-07-08,159.98207092285156,156.11629,2.6429798367788555,18.7315238581139,4.327993051994643,4.02128020590646,0.9943848525453217
2025-07-09,162.86175537109375,153.5626,2.6429798367788555,18.7315238581139,4.327993051994643,4.02128020590646,0.9943848525453217
2025-07-10,164.0816192626953,154.39,2.6429798367788555,18.7315238581139,4.327993051994643,4.02128020590646,0.9943848525453217
2025-07-11,164.90151977539062,159.24028,2.6429798367788555,18.7315238581139,4.327993051994643,4.02128020590646,0.9943848525453217
2025-07-14,164.05162048339844,159.4785,2.6429798367788555,18.7315238581139,4.327993051994643,4.02128020590646,0.9943848525453217
2025-07-15,170.6808624267578,157.60445,2.6429798367788555,18.7315238581139,4.327993051994643,4.02128020590646,0.9943848525453217
2025-07-16,171.35079956054688,161.6218,2.6429798367788555,18.7315238581139,4.327993051994643,4.02128020590646,0.9943848525453217
2025-07-17,172.98062133789062,165.05402,2.6429798367788555,18.7315238581139,4.327993051994643,4.02128020590646,0.9943848525453217
2025-07-18,172.39068603515625,165.11113,2.6429798367788555,18.7315238581139,4.327993051994643,4.02128020590646,0.9943848525453217
2025-07-21,171.36080932617188,165.34898,2.6429798367788555,18.7315238581139,4.327993051994643,4.02128020590646,0.9943848525453217
2025-07-22,167.01129150390625,165.48715,2.6429798367788555,18.7315238581139,4.327993051994643,4.02128020590646,0.9943848525453217
2025-07-23,170.7608642578125,164.10768,2.6429798367788555,18.7315238581139,4.327993051994643,4.02128020590646,0.9943848525453217
2025-07-24,173.7205352783203,164.53603,2.6429798367788555,18.7315238581139,4.327993051994643,4.02128020590646,0.9943848525453217
2025-07-25,173.48056030273438,165.99905,2.6429798367788555,18.7315238581139,4.327993051994643,4.02128020590646,0.9943848525453217
2025-07-28,176.73019409179688,166.13983,2.6429798367788555,18.7315238581139,4.327993051994643,4.02128020590646,0.9943848525453217
2025-07-29,175.49032592773438,165.79596,2.6429798367788555,18.7315238581139,4.327993051994643,4.02128020590646,0.9943848525453217
2025-07-30,179.2499237060547,166.40172,2.6429798367788555,18.7315238581139,4.327993051994643,4.02128020590646,0.9943848525453217
2025-07-31,177.85006713867188,171.0969,2.6429798367788555,18.7315238581139,4.327993051994643,4.02128020590646,0.9943848525453217
2025-08-01,173.70053100585938,170.10666,2.6429798367788555,18.7315238581139,4.327993051994643,4.02128020590646,0.9943848525453217
2025-08-04,179.97982788085938,168.51445,2.6429798367788555,18.7315238581139,4.327993051994643,4.02128020590646,0.9943848525453217
2025-08-05,178.24002075195312,170.60368,2.6429798367788555,18.7315238581139,4.327993051994643,4.02128020590646,0.9943848525453217
2025-08-06,179.39988708496094,170.85577,2.6429798367788555,18.7315238581139,4.327993051994643,4.02128020590646,0.9943848525453217
2025-08-07,180.74974060058597,170.9415,2.6429798367788555,18.7315238581139,4.327993051994643,4.02128020590646,0.9943848525453217
2025-08-08,182.6795196533203,171.28043,2.6429798367788555,18.7315238581139,4.327993051994643,4.02128020590646,0.9943848525453217
2025-08-11,182.0395965576172,172.91386,2.6429798367788555,18.7315238581139,4.327993051994643,4.02128020590646,0.9943848525453217
2025-08-12,183.1394805908203,173.97113,2.6429798367788555,18.7315238581139,4.327993051994643,4.02128020590646,0.9943848525453217
2025-08-13,181.56964111328125,174.96446,2.6429798367788555,18.7315238581139,4.327993051994643,4.02128020590646,0.9943848525453217
2025-08-14,181.9996032714844,173.5543,2.6429798367788555,18.7315238581139,4.327993051994643,4.02128020590646,0.9943848525453217
2025-08-15,180.4297790527344,174.5451,2.6429798367788555,18.7315238581139,4.327993051994643,4.02128020590646,0.9943848525453217
2025-08-18,181.98959350585935,172.04837,2.6429798367788555,18.7315238581139,4.327993051994643,4.02128020590646,0.9943848525453217
2025-08-19,175.6203155517578,175.41579,2.6429798367788555,18.7315238581139,4.327993051994643,4.02128020590646,0.9943848525453217
2025-08-20,175.38034057617188,171.69467,2.6429798367788555,18.7315238581139,4.327993051994643,4.02128020590646,0.9943848525453217
2025-08-21,174.96038818359375,168.33698,2.6429798367788555,18.7315238581139,4.327993051994643,4.02128020590646,0.9943848525453217
2025-08-22,177.97006225585938,166.7113,2.6429798367788555,18.7315238581139,4.327993051994643,4.02128020590646,0.9943848525453217
2025-08-25,179.78985595703125,169.85986,2.6429798367788555,18.7315238581139,4.327993051994643,4.02128020590646,0.9943848525453217
2025-08-26,181.7496337890625,170.9626,2.6429798367788555,18.7315238581139,4.327993051994643,4.02128020590646,0.9943848525453217
2025-08-27,181.57965087890625,170.32877,2.6429798367788555,18.7315238581139,4.327993051994643,4.02128020590646,0.9943848525453217
2025-08-28,180.1498107910156,172.56314,2.6429798367788555,18.7315238581139,4.327993051994643,4.02128020590646,0.9943848525453217
2025-08-29,174.1604766845703,174.56955,2.6429798367788555,18.7315238581139,4.327993051994643,4.02128020590646,0.9943848525453217
2025-09-02,170.7608642578125,169.69559,2.6429798367788555,18.7315238581139,4.327993051994643,4.02128020590646,0.9943848525453217
2025-09-03,170.60089111328125,166.6979,2.6429798367788555,18.7315238581139,4.327993051994643,4.02128020590646,0.9943848525453217
2025-09-04,171.64077758789062,165.16888,2.6429798367788555,18.7315238581139,4.327993051994643,4.02128020590646,0.9943848525453217
2025-09-05,167.0012969970703,166.38504,2.6429798367788555,18.7315238581139,4.327993051994643,4.02128020590646,0.9943848525453217
2025-09-08,168.2911376953125,162.5309,2.6429798367788555,18.7315238581139,4.327993051994643,4.02128020590646,0.9943848525453217
2025-09-09,170.74085998535156,160.57658,2.6429798367788555,18.7315238581139,4.327993051994643,4.02128020590646,0.9943848525453217
2025-09-10,177.3101348876953,160.28033,2.6429798367788555,18.7315238581139,4.327993051994643,4.02128020590646,0.9943848525453217
2025-09-11,177.16014099121094,164.71913,2.6429798367788555,18.7315238581139,4.327993051994643,4.02128020590646,0.9943848525453217
2025-09-12,177.8101043701172,167.57234,2.6429798367788555,18.7315238581139,4.327993051994643,4.02128020590646,0.9943848525453217
2025-09-15,177.74009704589844,169.76552,2.6429798367788555,18.7315238581139,4.327993051994643,4.02128020590646,0.9943848525453217
2025-09-16,174.87026977539062,167.4777,2.6429798367788555,18.7315238581139,4.327993051994643,4.02128020590646,0.9943848525453217
2025-09-17,170.280517578125,170.59906,2.6429798367788555,18.7315238581139,4.327993051994643,4.02128020590646,0.9943848525453217
2025-09-18,176.23019409179688,166.50742,2.6429798367788555,18.7315238581139,4.327993051994643,4.02128020590646,0.9943848525453217
2025-09-19,176.66015625,167.42397,2.6429798367788555,18.7315238581139,4.327993051994643,4.02128020590646,0.9943848525453217
2025-09-22,183.5997772216797,166.62173,2.6429798367788555,18.7315238581139,4.327993051994643,4.02128020590646,0.9943848525453217
2025-09-23,178.42005920410156,173.78563,2.6429798367788555,18.7315238581139,4.327993051994643,4.02128020590646,0.9943848525453217
2025-09-24,176.96014404296875,171.32632,2.6429798367788555,18.7315238581139,4.327993051994643,4.02128020590646,0.9943848525453217
2025-09-25,177.68011474609375,168.60466,2.6429798367788555,18.7315238581139,4.327993051994643,4.02128020590646,0.9943848525453217
2025-09-26,178.18008422851562,167.62738,2.6429798367788555,18.7315238581139,4.327993051994643,4.02128020590646,0.9943848525453217
2025-09-29,181.8398895263672,170.77446,2.6429798367788555,18.7315238581139,4.327993051994643,4.02128020590646,0.9943848525453217
2025-09-30,186.56961059570312,173.51599,2.6429798367788555,18.7315238581139,4.327993051994643,4.02128020590646,0.9943848525453217
2025-10-01,187.2295837402344,177.55165,2.6429798367788555,18.7315238581139,4.327993051994643,4.02128020590646,0.9943848525453217
2025-10-02,188.8794860839844,177.63365,2.6429798367788555,18.7315238581139,4.327993051994643,4.02128020590646,0.9943848525453217
2025-10-03,187.6095428466797,180.36485,2.6429798367788555,18.7315238581139,4.327993051994643,4.02128020590646,0.9943848525453217
2025-10-06,185.5296630859375,177.76855,2.6429798367788555,18.7315238581139,4.327993051994643,4.02128020590646,0.9943848525453217
2025-10-07,185.0296936035156,177.97958,2.6429798367788555,18.7315238581139,4.327993051994643,4.02128020590646,0.9943848525453217
2025-10-08,189.09947204589844,178.03853,2.6429798367788555,18.7315238581139,4.327993051994643,4.02128020590646,0.9943848525453217
2025-10-09,192.5592803955078,180.89455,2.6429798367788555,18.7315238581139,4.327993051994643,4.02128020590646,0.9943848525453217
2025-10-10,183.1498107910156,183.88414,2.6429798367788555,18.7315238581139,4.327993051994643,4.02128020590646,0.9943848525453217
2025-10-13,188.3095245361328,179.622,2.6429798367788555,18.7315238581139,4.327993051994643,4.02128020590646,0.9943848525453217
2025-10-14,180.0199737548828,176.92714,2.6429798367788555,18.7315238581139,4.327993051994643,4.02128020590646,0.9943848525453217
2025-10-15,179.8199920654297,174.89339,2.6429798367788555,18.7315238581139,4.327993051994643,4.02128020590646,0.9943848525453217
2025-10-16,181.7998809814453,175.48166,2.6429798367788555,18.7315238581139,4.327993051994643,4.02128020590646,0.9943848525453217
2025-10-17,183.20980834960935,175.30353,2.6429798367788555,18.7315238581139,4.327993051994643,4.02128020590646,0.9943848525453217
2025-10-20,182.6298370361328,173.79514,2.6429798367788555,18.7315238581139,4.327993051994643,4.02128020590646,0.9943848525453217
2025-10-21,181.14991760253903,175.37183,2.6429798367788555,18.7315238581139,4.327993051994643,4.02128020590646,0.9943848525453217
2025-10-22,180.26995849609372,172.267,2.6429798367788555,18.7315238581139,4.327993051994643,4.02128020590646,0.9943848525453217
2025-10-23,182.1498565673828,171.37587,2.6429798367788555,18.7315238581139,4.327993051994643,4.02128020590646,0.9943848525453217
2025-10-24,186.24961853027344,175.15117,2.6429798367788555,18.7315238581139,4.327993051994643,4.02128020590646,0.9943848525453217
2025-10-27,191.47933959960935,176.41988,2.6429798367788555,18.7315238581139,4.327993051994643,4.02128020590646,0.9943848525453217
2025-10-28,201.0188140869141,178.6568,2.6429798367788555,18.7315238581139,4.327993051994643,4.02128020590646,0.9943848525453217
2025-10-29,207.02847290039068,184.57687,2.6429798367788555,18.7315238581139,4.327993051994643,4.02128020590646,0.9943848525453217
2025-10-30,202.8787078857422,190.05739,2.6429798367788555,18.7315238581139,4.327993051994643,4.02128020590646,0.9943848525453217
2025-10-31,202.47872924804688,192.64703,2.6429798367788555,18.7315238581139,4.327993051994643,4.02128020590646,0.9943848525453217
2025-11-03,206.8684844970703,190.41246,2.6429798367788555,18.7315238581139,4.327993051994643,4.02128020590646,0.9943848525453217
2025-11-04,198.67893981933597,194.69005,2.6429798367788555,18.7315238581139,4.327993051994643,4.02128020590646,0.9943848525453217
2025-11-05,195.1991424560547,193.92676,2.6429798367788555,18.7315238581139,4.327993051994643,4.02128020590646,0.9943848525453217
2025-11-06,188.0695343017578,188.66956,2.6429798367788555,18.7315238581139,4.327993051994643,4.02128020590646,0.9943848525453217
2025-11-07,188.1395263671875,181.37868,2.6429798367788555,18.7315238581139,4.327993051994643,4.02128020590646,0.9943848525453217
2025-11-10,199.03892517089844,180.00203,2.6429798367788555,18.7315238581139,4.327993051994643,4.02128020590646,0.9943848525453217
2025-11-11,193.1492462158203,186.6486,2.6429798367788555,18.7315238581139,4.327993051994643,4.02128020590646,0.9943848525453217
2025-11-12,193.78921508789065,184.42273,2.6429798367788555,18.7315238581139,4.327993051994643,4.02128020590646,0.9943848525453217
2025-11-13,186.8495941162109,184.3628,2.6429798367788555,18.7315238581139,4.327993051994643,4.02128020590646,0.9943848525453217
2025-11-14,190.15940856933597,177.56493,2.6429798367788555,18.7315238581139,4.327993051994643,4.02128020590646,0.9943848525453217
2025-11-17,186.5896148681641,181.17635,2.6429798367788555,18.7315238581139,4.327993051994643,4.02128020590646,0.9943848525453217
2025-11-18,181.3498992919922,183.94579,2.6429798367788555,18.7315238581139,4.327993051994643,4.02128020590646,0.9943848525453217
2025-11-19,186.50961303710935,178.01653,2.6429798367788555,18.7315238581139,4.327993051994643,4.02128020590646,0.9943848525453217
2025-11-20,180.62994384765625,174.99945,2.6429798367788555,18.7315238581139,4.327993051994643,4.02128020590646,0.9943848525453217
2025-11-21,178.8700408935547,178.31297,2.6429798367788555,18.7315238581139,4.327993051994643,4.02128020590646,0.9943848525453217
2025-11-24,182.5398406982422,176.05951,2.6429798367788555,18.7315238581139,4.327993051994643,4.02128020590646,0.9943848525453217
2025-11-25,177.8101043701172,171.67377,2.6429798367788555,18.7315238581139,4.327993051994643,4.02128020590646,0.9943848525453217
2025-11-26,180.2499542236328,167.6415,2.6429798367788555,18.7315238581139,4.327993051994643,4.02128020590646,0.9943848525453217
2025-11-28,176.99014282226562,171.66333,2.6429798367788555,18.7315238581139,4.327993051994643,4.02128020590646,0.9943848525453217
2025-12-01,179.9099884033203,170.7583,2.6429798367788555,18.7315238581139,4.327993051994643,4.02128020590646,0.9943848525453217
2025-12-02,181.4499053955078,170.03151,2.6429798367788555,18.7315238581139,4.327993051994643,4.02128020590646,0.9943848525453217
2025-12-03,179.5800018310547,173.04474,2.6429798367788555,18.7315238581139,4.327993051994643,4.02128020590646,0.9943848525453217
2025-12-04,183.3800048828125,168.58244,2.6429798367788555,18.7315238581139,4.327993051994643,4.02128020590646,0.9943848525453217
2025-12-05,182.41000366210935,171.84805,2.6429798367788555,18.7315238581139,4.327993051994643,4.02128020590646,0.9943848525453217
2025-12-08,185.5500030517578,172.51727,2.6429798367788555,18.7315238581139,4.327993051994643,4.02128020590646,0.9943848525453217
2025-12-09,184.97000122070312,175.08693,2.6429798367788555,18.7315238581139,4.327993051994643,4.02128020590646,0.9943848525453217
2025-12-10,183.77999877929688,176.88892,2.6429798367788555,18.7315238581139,4.327993051994643,4.02128020590646,0.9943848525453217
2025-12-11,180.92999267578125,171.8114,2.6429798367788555,18.7315238581139,4.327993051994643,4.02128020590646,0.9943848525453217
2025-12-12,175.02000427246094,173.71658,2.6429798367788555,18.7315238581139,4.327993051994643,4.02128020590646,0.9943848525453217
2025-12-15,176.2899932861328,168.46707,2.6429798367788555,18.7315238581139,4.327993051994643,4.02128020590646,0.9943848525453217
2025-12-16,177.72000122070312,169.5924,2.6429798367788555,18.7315238581139,4.327993051994643,4.02128020590646,0.9943848525453217
2025-12-17,170.94000244140625,171.36615,2.6429798367788555,18.7315238581139,4.327993051994643,4.02128020590646,0.9943848525453217
2025-12-18,174.13999938964844,168.26836,2.6429798367788555,18.7315238581139,4.327993051994643,4.02128020590646,0.9943848525453217
2025-12-19,180.9900054931641,165.69597,2.6429798367788555,18.7315238581139,4.327993051994643,4.02128020590646,0.9943848525453217
2025-12-22,183.69000244140625,166.79784,2.6429798367788555,18.7315238581139,4.327993051994643,4.02128020590646,0.9943848525453217
2025-12-23,189.2100067138672,174.15625,2.6429798367788555,18.7315238581139,4.327993051994643,4.02128020590646,0.9943848525453217
2025-12-24,188.6100006103516,178.18881,2.6429798367788555,18.7315238581139,4.327993051994643,4.02128020590646,0.9943848525453217
2025-12-26,190.52999877929688,177.58542,2.6429798367788555,18.7315238581139,4.327993051994643,4.02128020590646,0.9943848525453217
2025-12-29,188.22000122070312,184.90266,2.6429798367788555,18.7315238581139,4.327993051994643,4.02128020590646,0.9943848525453217
2025-12-30,187.5399932861328,180.4605,2.6429798367788555,18.7315238581139,4.327993051994643,4.02128020590646,0.9943848525453217
2025-12-31,186.5,180.48727,2.6429798367788555,18.7315238581139,4.327993051994643,4.02128020590646,0.9943848525453217
2026-01-02,188.8500061035156,180.49721,2.6429798367788555,18.7315238581139,4.327993051994643,4.02128020590646,0.9943848525453217
2026-01-05,188.1199951171875,180.6424,2.6429798367788555,18.7315238581139,4.327993051994643,4.02128020590646,0.9943848525453217
2026-01-06,187.2400054931641,182.06319,2.6429798367788555,18.7315238581139,4.327993051994643,4.02128020590646,0.9943848525453217
2026-01-07,189.1100006103516,179.29065,2.6429798367788555,18.7315238581139,4.327993051994643,4.02128020590646,0.9943848525453217
2026-01-08,185.0399932861328,179.32684,2.6429798367788555,18.7315238581139,4.327993051994643,4.02128020590646,0.9943848525453217
