Date,Actual,Predicted,MAE,MSE,RMSE,MAPE,R2
2017-04-05,33.33843231201172,33.88379,2.9583585932208254,19.08557449132545,4.368703983028085,2.385358607813077,0.9960864960338655
2017-04-06,33.255096435546875,33.951046,2.9583585932208254,19.08557449132545,4.368703983028085,2.385358607813077,0.9960864960338655
2017-04-07,33.18101501464844,33.98627,2.9583585932208254,19.08557449132545,4.368703983028085,2.385358607813077,0.9960864960338655
2017-04-10,33.14166259765625,33.99098,2.9583585932208254,19.08557449132545,4.368703983028085,2.385358607813077,0.9960864960338655
2017-04-11,32.7851676940918,33.973343,2.9583585932208254,19.08557449132545,4.368703983028085,2.385358607813077,0.9960864960338655
2017-04-12,32.82453536987305,33.904907,2.9583585932208254,19.08557449132545,4.368703983028085,2.385358607813077,0.9960864960338655
2017-04-13,32.65092086791992,33.819042,2.9583585932208254,19.08557449132545,4.368703983028085,2.385358607813077,0.9960864960338655
2017-04-17,32.83147048950195,33.713257,2.9583585932208254,19.08557449132545,4.368703983028085,2.385358607813077,0.9960864960338655
2017-04-18,32.68564224243164,33.62775,2.9583585932208254,19.08557449132545,4.368703983028085,2.385358607813077,0.9960864960338655
2017-04-19,32.56526184082031,33.546932,2.9583585932208254,19.08557449132545,4.368703983028085,2.385358607813077,0.9960864960338655
2017-04-20,32.972686767578125,33.463768,2.9583585932208254,19.08557449132545,4.368703983028085,2.385358607813077,0.9960864960338655
2017-04-21,32.93332290649414,33.43372,2.9583585932208254,19.08557449132545,4.368703983028085,2.385358607813077,0.9960864960338655
2017-04-24,33.250457763671875,33.433125,2.9583585932208254,19.08557449132545,4.368703983028085,2.385358607813077,0.9960864960338655
2017-04-25,33.456485748291016,33.48467,2.9583585932208254,19.08557449132545,4.368703983028085,2.385358607813077,0.9960864960338655
2017-04-26,33.259727478027344,33.5835,2.9583585932208254,19.08557449132545,4.368703983028085,2.385358607813077,0.9960864960338655
2017-04-27,33.285179138183594,33.676376,2.9583585932208254,19.08557449132545,4.368703983028085,2.385358607813077,0.9960864960338655
2017-04-28,33.25277328491211,33.758114,2.9583585932208254,19.08557449132545,4.368703983028085,2.385358607813077,0.9960864960338655
2017-05-01,33.931034088134766,33.820972,2.9583585932208254,19.08557449132545,4.368703983028085,2.385358607813077,0.9960864960338655
2017-05-02,34.14630889892578,33.94242,2.9583585932208254,19.08557449132545,4.368703983028085,2.385358607813077,0.9960864960338655
2017-05-03,34.042144775390625,34.1091,2.9583585932208254,19.08557449132545,4.368703983028085,2.385358607813077,0.9960864960338655
2017-05-04,33.91945266723633,34.27184,2.9583585932208254,19.08557449132545,4.368703983028085,2.385358607813077,0.9960864960338655
2017-05-05,34.48196792602539,34.400414,2.9583585932208254,19.08557449132545,4.368703983028085,2.385358607813077,0.9960864960338655
2017-05-08,35.41947937011719,34.558285,2.9583585932208254,19.08557449132545,4.368703983028085,2.385358607813077,0.9960864960338655
2017-05-09,35.64633560180664,34.821404,2.9583585932208254,19.08557449132545,4.368703983028085,2.385358607813077,0.9960864960338655
2017-05-10,35.47734451293945,35.14212,2.9583585932208254,19.08557449132545,4.368703983028085,2.385358607813077,0.9960864960338655
2017-05-11,35.78416442871094,35.44136,2.9583585932208254,19.08557449132545,4.368703983028085,2.385358607813077,0.9960864960338655
2017-05-12,36.28392791748047,35.729214,2.9583585932208254,19.08557449132545,4.368703983028085,2.385358607813077,0.9960864960338655
2017-05-15,36.19094467163086,36.035152,2.9583585932208254,19.08557449132545,4.368703983028085,2.385358607813077,0.9960864960338655
2017-05-16,36.137481689453125,36.307957,2.9583585932208254,19.08557449132545,4.368703983028085,2.385358607813077,0.9960864960338655
2017-05-17,34.92414093017578,36.525726,2.9583585932208254,19.08557449132545,4.368703983028085,2.385358607813077,0.9960864960338655
2017-05-18,35.45642852783203,36.55209,2.9583585932208254,19.08557449132545,4.368703983028085,2.385358607813077,0.9960864960338655
2017-05-19,35.577293395996094,36.524757,2.9583585932208254,19.08557449132545,4.368703983028085,2.385358607813077,0.9960864960338655
2017-05-22,35.7934684753418,36.484394,2.9583585932208254,19.08557449132545,4.368703983028085,2.385358607813077,0.9960864960338655
2017-05-23,35.74930191040039,36.465656,2.9583585932208254,19.08557449132545,4.368703983028085,2.385358607813077,0.9960864960338655
2017-05-24,35.64237976074219,36.45633,2.9583585932208254,19.08557449132545,4.368703983028085,2.385358607813077,0.9960864960338655
2017-05-25,35.76557540893555,36.440746,2.9583585932208254,19.08557449132545,4.368703983028085,2.385358607813077,0.9960864960338655
2017-05-26,35.70515441894531,36.436275,2.9583585932208254,19.08557449132545,4.368703983028085,2.385358607813077,0.9960864960338655
2017-05-30,35.71907424926758,36.431408,2.9583585932208254,19.08557449132545,4.368703983028085,2.385358607813077,0.9960864960338655
2017-05-31,35.507568359375,36.427845,2.9583585932208254,19.08557449132545,4.368703983028085,2.385358607813077,0.9960864960338655
2017-06-01,35.605186462402344,36.40135,2.9583585932208254,19.08557449132545,4.368703983028085,2.385358607813077,0.9960864960338655
2017-06-02,36.13283157348633,36.3751,2.9583585932208254,19.08557449132545,4.368703983028085,2.385358607813077,0.9960864960338655
2017-06-05,35.779518127441406,36.41101,2.9583585932208254,19.08557449132545,4.368703983028085,2.385358607813077,0.9960864960338655
2017-06-06,35.900398254394524,36.439323,2.9583585932208254,19.08557449132545,4.368703983028085,2.385358607813077,0.9960864960338655
2017-06-07,36.11422729492188,36.473083,2.9583585932208254,19.08557449132545,4.368703983028085,2.385358607813077,0.9960864960338655
2017-06-08,36.02590560913086,36.530144,2.9583585932208254,19.08557449132545,4.368703983028085,2.385358607813077,0.9960864960338655
2017-06-09,34.62893295288086,36.584526,2.9583585932208254,19.08557449132545,4.368703983028085,2.385358607813077,0.9960864960338655
2017-06-12,33.801456451416016,36.474648,2.9583585932208254,19.08557449132545,4.368703983028085,2.385358607813077,0.9960864960338655
2017-06-13,34.07341003417969,36.188835,2.9583585932208254,19.08557449132545,4.368703983028085,2.385358607813077,0.9960864960338655
2017-06-14,33.74101638793945,35.86418,2.9583585932208254,19.08557449132545,4.368703983028085,2.385358607813077,0.9960864960338655
2017-06-15,33.53880310058594,35.517,2.9583585932208254,19.08557449132545,4.368703983028085,2.385358607813077,0.9960864960338655
2017-06-16,33.06925582885742,35.17259,2.9583585932208254,19.08557449132545,4.368703983028085,2.385358607813077,0.9960864960338655
2017-06-19,34.015289306640625,34.814766,2.9583585932208254,19.08557449132545,4.368703983028085,2.385358607813077,0.9960864960338655
2017-06-20,33.70615005493164,34.593952,2.9583585932208254,19.08557449132545,4.368703983028085,2.385358607813077,0.9960864960338655
2017-06-21,33.90605163574219,34.441673,2.9583585932208254,19.08557449132545,4.368703983028085,2.385358607813077,0.9960864960338655
2017-06-22,33.85026550292969,34.366703,2.9583585932208254,19.08557449132545,4.368703983028085,2.385358607813077,0.9960864960338655
2017-06-23,34.00135040283203,34.33745,2.9583585932208254,19.08557449132545,4.368703983028085,2.385358607813077,0.9960864960338655
2017-06-26,33.89444351196289,34.35403,2.9583585932208254,19.08557449132545,4.368703983028085,2.385358607813077,0.9960864960338655
2017-06-27,33.40861892700195,34.383057,2.9583585932208254,19.08557449132545,4.368703983028085,2.385358607813077,0.9960864960338655
2017-06-28,33.896751403808594,34.361572,2.9583585932208254,19.08557449132545,4.368703983028085,2.385358607813077,0.9960864960338655
2017-06-29,33.39701843261719,34.368244,2.9583585932208254,19.08557449132545,4.368703983028085,2.385358607813077,0.9960864960338655
2017-06-30,33.47603225708008,34.335415,2.9583585932208254,19.08557449132545,4.368703983028085,2.385358607813077,0.9960864960338655
2017-07-03,33.35516357421875,34.29254,2.9583585932208254,19.08557449132545,4.368703983028085,2.385358607813077,0.9960864960338655
2017-07-05,33.49231719970703,34.23573,2.9583585932208254,19.08557449132545,4.368703983028085,2.385358607813077,0.9960864960338655
2017-07-06,33.17618179321289,34.19294,2.9583585932208254,19.08557449132545,4.368703983028085,2.385358607813077,0.9960864960338655
2017-07-07,33.51321792602539,34.12789,2.9583585932208254,19.08557449132545,4.368703983028085,2.385358607813077,0.9960864960338655
2017-07-10,33.71778106689453,34.094933,2.9583585932208254,19.08557449132545,4.368703983028085,2.385358607813077,0.9960864960338655
2017-07-11,33.827022552490234,34.107376,2.9583585932208254,19.08557449132545,4.368703983028085,2.385358607813077,0.9960864960338655
2017-07-12,33.875831604003906,34.156853,2.9583585932208254,19.08557449132545,4.368703983028085,2.385358607813077,0.9960864960338655
2017-07-13,34.34769821166992,34.22747,2.9583585932208254,19.08557449132545,4.368703983028085,2.385358607813077,0.9960864960338655
2017-07-14,34.64288711547852,34.355198,2.9583585932208254,19.08557449132545,4.368703983028085,2.385358607813077,0.9960864960338655
2017-07-17,34.76376724243164,34.535007,2.9583585932208254,19.08557449132545,4.368703983028085,2.385358607813077,0.9960864960338655
2017-07-18,34.88462448120117,34.738525,2.9583585932208254,19.08557449132545,4.368703983028085,2.385358607813077,0.9960864960338655
2017-07-19,35.103126525878906,34.946747,2.9583585932208254,19.08557449132545,4.368703983028085,2.385358607813077,0.9960864960338655
2017-07-20,34.9450569152832,35.159355,2.9583585932208254,19.08557449132545,4.368703983028085,2.385358607813077,0.9960864960338655
2017-07-21,34.92879104614258,35.333706,2.9583585932208254,19.08557449132545,4.368703983028085,2.385358607813077,0.9960864960338655
2017-07-24,35.351829528808594,35.465214,2.9583585932208254,19.08557449132545,4.368703983028085,2.385358607813077,0.9960864960338655
2017-07-25,35.50292205810547,35.605476,2.9583585932208254,19.08557449132545,4.368703983028085,2.385358607813077,0.9960864960338655
2017-07-26,35.67028045654297,35.752987,2.9583585932208254,19.08557449132545,4.368703983028085,2.385358607813077,0.9960864960338655
2017-07-27,34.996192932128906,35.9074,2.9583585932208254,19.08557449132545,4.368703983028085,2.385358607813077,0.9960864960338655
2017-07-28,34.74980926513672,35.97324,2.9583585932208254,19.08557449132545,4.368703983028085,2.385358607813077,0.9960864960338655
2017-07-31,34.57083511352539,35.952713,2.9583585932208254,19.08557449132545,4.368703983028085,2.385358607813077,0.9960864960338655
2017-08-01,34.87765121459961,35.864853,2.9583585932208254,19.08557449132545,4.368703983028085,2.385358607813077,0.9960864960338655
2017-08-02,36.52565002441406,35.782642,2.9583585932208254,19.08557449132545,4.368703983028085,2.385358607813077,0.9960864960338655
2017-08-03,36.160720825195305,35.8979,2.9583585932208254,19.08557449132545,4.368703983028085,2.385358607813077,0.9960864960338655
2017-08-04,36.3513298034668,36.073837,2.9583585932208254,19.08557449132545,4.368703983028085,2.385358607813077,0.9960864960338655
2017-08-07,36.913822174072266,36.285007,2.9583585932208254,19.08557449132545,4.368703983028085,2.385358607813077,0.9960864960338655
2017-08-08,37.20902633666993,36.555305,2.9583585932208254,19.08557449132545,4.368703983028085,2.385358607813077,0.9960864960338655
2017-08-09,37.43680953979492,36.862747,2.9583585932208254,19.08557449132545,4.368703983028085,2.385358607813077,0.9960864960338655
2017-08-10,36.244384765625,37.183064,2.9583585932208254,19.08557449132545,4.368703983028085,2.385358607813077,0.9960864960338655
2017-08-11,36.7484245300293,37.341946,2.9583585932208254,19.08557449132545,4.368703983028085,2.385358607813077,0.9960864960338655
2017-08-14,37.30147171020508,37.446377,2.9583585932208254,19.08557449132545,4.368703983028085,2.385358607813077,0.9960864960338655
2017-08-15,37.709842681884766,37.57135,2.9583585932208254,19.08557449132545,4.368703983028085,2.385358607813077,0.9960864960338655
2017-08-16,37.55816650390625,37.741245,2.9583585932208254,19.08557449132545,4.368703983028085,2.385358607813077,0.9960864960338655
2017-08-17,36.83711242675781,37.90161,2.9583585932208254,19.08557449132545,4.368703983028085,2.385358607813077,0.9960864960338655
2017-08-18,36.75309371948242,37.95756,2.9583585932208254,19.08557449132545,4.368703983028085,2.385358607813077,0.9960864960338655
2017-08-21,36.685428619384766,37.937157,2.9583585932208254,19.08557449132545,4.368703983028085,2.385358607813077,0.9960864960338655
2017-08-22,37.28514099121094,37.867737,2.9583585932208254,19.08557449132545,4.368703983028085,2.385358607813077,0.9960864960338655
2017-08-23,37.33181381225586,37.845215,2.9583585932208254,19.08557449132545,4.368703983028085,2.385358607813077,0.9960864960338655
2017-08-24,37.16612243652344,37.857815,2.9583585932208254,19.08557449132545,4.368703983028085,2.385358607813077,0.9960864960338655
2017-08-25,37.303810119628906,37.87014,2.9583585932208254,19.08557449132545,4.368703983028085,2.385358607813077,0.9960864960338655
2017-08-28,37.67951202392578,37.89556,2.9583585932208254,19.08557449132545,4.368703983028085,2.385358607813077,0.9960864960338655
2017-08-29,38.01552581787109,37.967403,2.9583585932208254,19.08557449132545,4.368703983028085,2.385358607813077,0.9960864960338655
2017-08-30,38.118202209472656,38.095512,2.9583585932208254,19.08557449132545,4.368703983028085,2.385358607813077,0.9960864960338655
2017-08-31,38.2698974609375,38.253155,2.9583585932208254,19.08557449132545,4.368703983028085,2.385358607813077,0.9960864960338655
2017-09-01,38.28155517578125,38.427002,2.9583585932208254,19.08557449132545,4.368703983028085,2.385358607813077,0.9960864960338655
2017-09-05,37.82184600830078,38.592182,2.9583585932208254,19.08557449132545,4.368703983028085,2.385358607813077,0.9960864960338655
2017-09-06,37.78218078613281,38.68265,2.9583585932208254,19.08557449132545,4.368703983028085,2.385358607813077,0.9960864960338655
2017-09-07,37.63050079345703,38.71563,2.9583585932208254,19.08557449132545,4.368703983028085,2.385358607813077,0.9960864960338655
2017-09-08,37.01677703857422,38.69546,2.9583585932208254,19.08557449132545,4.368703983028085,2.385358607813077,0.9960864960338655
2017-09-11,37.68650436401367,38.57863,2.9583585932208254,19.08557449132545,4.368703983028085,2.385358607813077,0.9960864960338655
2017-09-12,37.53715515136719,38.494087,2.9583585932208254,19.08557449132545,4.368703983028085,2.385358607813077,0.9960864960338655
2017-09-13,37.25480270385742,38.42157,2.9583585932208254,19.08557449132545,4.368703983028085,2.385358607813077,0.9960864960338655
2017-09-14,36.93511199951172,38.33197,2.9583585932208254,19.08557449132545,4.368703983028085,2.385358607813077,0.9960864960338655
2017-09-15,37.308475494384766,38.20596,2.9583585932208254,19.08557449132545,4.368703983028085,2.385358607813077,0.9960864960338655
2017-09-18,37.02611541748046,38.114174,2.9583585932208254,19.08557449132545,4.368703983028085,2.385358607813077,0.9960864960338655
2017-09-19,37.04012680053711,38.020664,2.9583585932208254,19.08557449132545,4.368703983028085,2.385358607813077,0.9960864960338655
2017-09-20,36.41939926147461,37.93747,2.9583585932208254,19.08557449132545,4.368703983028085,2.385358607813077,0.9960864960338655
2017-09-21,35.79401016235352,37.799572,2.9583585932208254,19.08557449132545,4.368703983028085,2.385358607813077,0.9960864960338655
2017-09-22,35.44397735595703,37.574715,2.9583585932208254,19.08557449132545,4.368703983028085,2.385358607813077,0.9960864960338655
2017-09-25,35.131290435791016,37.28514,2.9583585932208254,19.08557449132545,4.368703983028085,2.385358607813077,0.9960864960338655
2017-09-26,35.73567199707031,36.955437,2.9583585932208254,19.08557449132545,4.368703983028085,2.385358607813077,0.9960864960338655
2017-09-27,35.990028381347656,36.706882,2.9583585932208254,19.08557449132545,4.368703983028085,2.385358607813077,0.9960864960338655
2017-09-28,35.76833724975586,36.561424,2.9583585932208254,19.08557449132545,4.368703983028085,2.385358607813077,0.9960864960338655
2017-09-29,35.964351654052734,36.466034,2.9583585932208254,19.08557449132545,4.368703983028085,2.385358607813077,0.9960864960338655
2017-10-02,35.89202499389649,36.43091,2.9583585932208254,19.08557449132545,4.368703983028085,2.385358607813077,0.9960864960338655
2017-10-03,36.04835891723633,36.42575,2.9583585932208254,19.08557449132545,4.368703983028085,2.385358607813077,0.9960864960338655
2017-10-04,35.81501007080078,36.455544,2.9583585932208254,19.08557449132545,4.368703983028085,2.385358607813077,0.9960864960338655
2017-10-05,36.26072692871094,36.4761,2.9583585932208254,19.08557449132545,4.368703983028085,2.385358607813077,0.9960864960338655
2017-10-06,36.23971557617188,36.53906,2.9583585932208254,19.08557449132545,4.368703983028085,2.385358607813077,0.9960864960338655
2017-10-09,36.36572265625,36.61784,2.9583585932208254,19.08557449132545,4.368703983028085,2.385358607813077,0.9960864960338655
2017-10-10,36.379730224609375,36.71145,2.9583585932208254,19.08557449132545,4.368703983028085,2.385358607813077,0.9960864960338655
2017-10-11,36.531394958496094,36.805233,2.9583585932208254,19.08557449132545,4.368703983028085,2.385358607813077,0.9960864960338655
2017-10-12,36.40307235717773,36.90611,2.9583585932208254,19.08557449132545,4.368703983028085,2.385358607813077,0.9960864960338655
2017-10-13,36.634086608886726,36.986027,2.9583585932208254,19.08557449132545,4.368703983028085,2.385358607813077,0.9960864960338655
2017-10-16,37.308475494384766,37.07119,2.9583585932208254,19.08557449132545,4.368703983028085,2.385358607813077,0.9960864960338655
2017-10-17,37.44615936279297,37.226063,2.9583585932208254,19.08557449132545,4.368703983028085,2.385358607813077,0.9960864960338655
2017-10-18,37.28046798706055,37.420033,2.9583585932208254,19.08557449132545,4.368703983028085,2.385358607813077,0.9960864960338655
2017-10-19,36.39839172363281,37.596424,2.9583585932208254,19.08557449132545,4.368703983028085,2.385358607813077,0.9960864960338655
2017-10-20,36.46139907836914,37.64414,2.9583585932208254,19.08557449132545,4.368703983028085,2.385358607813077,0.9960864960338655
2017-10-23,36.44272994995117,37.619213,2.9583585932208254,19.08557449132545,4.368703983028085,2.385358607813077,0.9960864960338655
2017-10-24,36.659759521484375,37.553978,2.9583585932208254,19.08557449132545,4.368703983028085,2.385358607813077,0.9960864960338655
2017-10-25,36.49875259399414,37.497696,2.9583585932208254,19.08557449132545,4.368703983028085,2.385358607813077,0.9960864960338655
2017-10-26,36.73210525512695,37.435127,2.9583585932208254,19.08557449132545,4.368703983028085,2.385358607813077,0.9960864960338655
2017-10-27,38.04820251464844,37.40167,2.9583585932208254,19.08557449132545,4.368703983028085,2.385358607813077,0.9960864960338655
2017-10-30,38.90462112426758,37.535904,2.9583585932208254,19.08557449132545,4.368703983028085,2.385358607813077,0.9960864960338655
2017-10-31,39.445987701416016,37.84805,2.9583585932208254,19.08557449132545,4.368703983028085,2.385358607813077,0.9960864960338655
2017-11-01,38.94427490234375,38.288136,2.9583585932208254,19.08557449132545,4.368703983028085,2.385358607813077,0.9960864960338655
2017-11-02,39.22897338867188,38.696144,2.9583585932208254,19.08557449132545,4.368703983028085,2.385358607813077,0.9960864960338655
2017-11-03,40.253379821777344,39.07144,2.9583585932208254,19.08557449132545,4.368703983028085,2.385358607813077,0.9960864960338655
2017-11-06,40.6617431640625,39.501766,2.9583585932208254,19.08557449132545,4.368703983028085,2.385358607813077,0.9960864960338655
2017-11-07,40.79243469238281,39.963505,2.9583585932208254,19.08557449132545,4.368703983028085,2.385358607813077,0.9960864960338655
2017-11-08,41.12613296508789,40.407764,2.9583585932208254,19.08557449132545,4.368703983028085,2.385358607813077,0.9960864960338655
2017-11-09,41.04212188720703,40.83076,2.9583585932208254,19.08557449132545,4.368703983028085,2.385358607813077,0.9960864960338655
2017-11-10,40.906291961669915,41.186172,2.9583585932208254,19.08557449132545,4.368703983028085,2.385358607813077,0.9960864960338655
2017-11-13,40.74235153198242,41.44874,2.9583585932208254,19.08557449132545,4.368703983028085,2.385358607813077,0.9960864960338655
2017-11-14,40.12643051147462,41.61107,2.9583585932208254,19.08557449132545,4.368703983028085,2.385358607813077,0.9960864960338655
2017-11-15,39.5971565246582,41.62941,2.9583585932208254,19.08557449132545,4.368703983028085,2.385358607813077,0.9960864960338655
2017-11-16,40.07023239135742,41.503696,2.9583585932208254,19.08557449132545,4.368703983028085,2.385358607813077,0.9960864960338655
2017-11-17,39.84774017333984,41.36203,2.9583585932208254,19.08557449132545,4.368703983028085,2.385358607813077,0.9960864960338655
2017-11-20,39.80793380737305,41.20251,2.9583585932208254,19.08557449132545,4.368703983028085,2.385358607813077,0.9960864960338655
2017-11-21,40.547977447509766,41.045166,2.9583585932208254,19.08557449132545,4.368703983028085,2.385358607813077,0.9960864960338655
2017-11-22,40.974212646484375,40.988335,2.9583585932208254,19.08557449132545,4.368703983028085,2.385358607813077,0.9960864960338655
2017-11-24,40.97656631469727,41.04275,2.9583585932208254,19.08557449132545,4.368703983028085,2.385358607813077,0.9960864960338655
2017-11-27,40.77045440673828,41.154297,2.9583585932208254,19.08557449132545,4.368703983028085,2.385358607813077,0.9960864960338655
2017-11-28,40.53158569335937,41.261894,2.9583585932208254,19.08557449132545,4.368703983028085,2.385358607813077,0.9960864960338655
2017-11-29,39.69083404541016,41.327564,2.9583585932208254,19.08557449132545,4.368703983028085,2.385358607813077,0.9960864960338655
2017-11-30,40.24586486816406,41.267365,2.9583585932208254,19.08557449132545,4.368703983028085,2.385358607813077,0.9960864960338655
2017-12-01,40.05852508544922,41.20321,2.9583585932208254,19.08557449132545,4.368703983028085,2.385358607813077,0.9960864960338655
2017-12-04,39.76577758789063,41.1241,2.9583585932208254,19.08557449132545,4.368703983028085,2.385358607813077,0.9960864960338655
2017-12-05,39.72830581665038,41.01256,2.9583585932208254,19.08557449132545,4.368703983028085,2.385358607813077,0.9960864960338655
2017-12-06,39.58076477050781,40.890358,2.9583585932208254,19.08557449132545,4.368703983028085,2.385358607813077,0.9960864960338655
2017-12-07,39.65335464477539,40.759003,2.9583585932208254,19.08557449132545,4.368703983028085,2.385358607813077,0.9960864960338655
2017-12-08,39.66507339477539,40.64479,2.9583585932208254,19.08557449132545,4.368703983028085,2.385358607813077,0.9960864960338655
2017-12-11,40.43790435791016,40.554253,2.9583585932208254,19.08557449132545,4.368703983028085,2.385358607813077,0.9960864960338655
2017-12-12,40.21073913574219,40.573544,2.9583585932208254,19.08557449132545,4.368703983028085,2.385358607813077,0.9960864960338655
2017-12-13,40.344223022460945,40.628666,2.9583585932208254,19.08557449132545,4.368703983028085,2.385358607813077,0.9960864960338655
2017-12-14,40.3325309753418,40.71244,2.9583585932208254,19.08557449132545,4.368703983028085,2.385358607813077,0.9960864960338655
2017-12-15,40.74235153198242,40.801895,2.9583585932208254,19.08557449132545,4.368703983028085,2.385358607813077,0.9960864960338655
2017-12-18,41.31614303588867,40.930546,2.9583585932208254,19.08557449132545,4.368703983028085,2.385358607813077,0.9960864960338655
2017-12-19,40.87584304809571,41.13226,2.9583585932208254,19.08557449132545,4.368703983028085,2.385358607813077,0.9960864960338655
2017-12-20,40.83134078979492,41.305023,2.9583585932208254,19.08557449132545,4.368703983028085,2.385358607813077,0.9960864960338655
2017-12-21,40.98591613769531,41.43676,2.9583585932208254,19.08557449132545,4.368703983028085,2.385358607813077,0.9960864960338655
2017-12-22,40.98591613769531,41.548027,2.9583585932208254,19.08557449132545,4.368703983028085,2.385358607813077,0.9960864960338655
2017-12-26,39.94611358642578,41.63595,2.9583585932208254,19.08557449132545,4.368703983028085,2.385358607813077,0.9960864960338655
2017-12-27,39.95312881469727,41.584866,2.9583585932208254,19.08557449132545,4.368703983028085,2.385358607813077,0.9960864960338655
2017-12-28,40.0655403137207,41.45986,2.9583585932208254,19.08557449132545,4.368703983028085,2.385358607813077,0.9960864960338655
2017-12-29,39.6322898864746,41.31945,2.9583585932208254,19.08557449132545,4.368703983028085,2.385358607813077,0.9960864960338655
2018-01-02,40.34188079833984,41.13771,2.9583585932208254,19.08557449132545,4.368703983028085,2.385358607813077,0.9960864960338655
2018-01-03,40.33487319946289,41.0313,2.9583585932208254,19.08557449132545,4.368703983028085,2.385358607813077,0.9960864960338655
2018-01-04,40.52222442626953,40.97945,2.9583585932208254,19.08557449132545,4.368703983028085,2.385358607813077,0.9960864960338655
2018-01-05,40.98357009887695,40.984875,2.9583585932208254,19.08557449132545,4.368703983028085,2.385358607813077,0.9960864960338655
2018-01-08,40.83134078979492,41.073578,2.9583585932208254,19.08557449132545,4.368703983028085,2.385358607813077,0.9960864960338655
2018-01-09,40.82667541503906,41.182976,2.9583585932208254,19.08557449132545,4.368703983028085,2.385358607813077,0.9960864960338655
2018-01-10,40.817291259765625,41.29095,2.9583585932208254,19.08557449132545,4.368703983028085,2.385358607813077,0.9960864960338655
2018-01-11,41.04914474487305,41.38496,2.9583585932208254,19.08557449132545,4.368703983028085,2.385358607813077,0.9960864960338655
2018-01-12,41.47304153442383,41.486687,2.9583585932208254,19.08557449132545,4.368703983028085,2.385358607813077,0.9960864960338655
2018-01-16,41.26226043701172,41.62961,2.9583585932208254,19.08557449132545,4.368703983028085,2.385358607813077,0.9960864960338655
2018-01-17,41.94375991821289,41.757473,2.9583585932208254,19.08557449132545,4.368703983028085,2.385358607813077,0.9960864960338655
2018-01-18,41.98121643066406,41.93876,2.9583585932208254,19.08557449132545,4.368703983028085,2.385358607813077,0.9960864960338655
2018-01-19,41.79389190673828,42.13568,2.9583585932208254,19.08557449132545,4.368703983028085,2.385358607813077,0.9960864960338655
2018-01-22,41.45195388793945,42.29893,2.9583585932208254,19.08557449132545,4.368703983028085,2.385358607813077,0.9960864960338655
2018-01-23,41.46131896972656,42.386436,2.9583585932208254,19.08557449132545,4.368703983028085,2.385358607813077,0.9960864960338655
2018-01-24,40.800907135009766,42.42183,2.9583585932208254,19.08557449132545,4.368703983028085,2.385358607813077,0.9960864960338655
2018-01-25,40.07257843017578,42.350014,2.9583585932208254,19.08557449132545,4.368703983028085,2.385358607813077,0.9960864960338655
2018-01-26,40.16624450683594,42.14291,2.9583585932208254,19.08557449132545,4.368703983028085,2.385358607813077,0.9960864960338655
2018-01-29,39.33485412597656,41.891296,2.9583585932208254,19.08557449132545,4.368703983028085,2.385358607813077,0.9960864960338655
2018-01-30,39.1030158996582,41.549385,2.9583585932208254,19.08557449132545,4.368703983028085,2.385358607813077,0.9960864960338655
2018-01-31,39.21073913574219,41.166702,2.9583585932208254,19.08557449132545,4.368703983028085,2.385358607813077,0.9960864960338655
2018-02-01,39.292701721191406,40.81452,2.9583585932208254,19.08557449132545,4.368703983028085,2.385358607813077,0.9960864960338655
2018-02-02,37.58778762817383,40.52758,2.9583585932208254,19.08557449132545,4.368703983028085,2.385358607813077,0.9960864960338655
2018-02-05,36.64868164062499,40.11815,2.9583585932208254,19.08557449132545,4.368703983028085,2.385358607813077,0.9960864960338655
2018-02-06,38.18029022216797,39.576,2.9583585932208254,19.08557449132545,4.368703983028085,2.385358607813077,0.9960864960338655
2018-02-07,37.36297225952149,39.18805,2.9583585932208254,19.08557449132545,4.368703983028085,2.385358607813077,0.9960864960338655
2018-02-08,36.33486557006836,38.84143,2.9583585932208254,19.08557449132545,4.368703983028085,2.385358607813077,0.9960864960338655
2018-02-09,36.779293060302734,38.440266,2.9583585932208254,19.08557449132545,4.368703983028085,2.385358607813077,0.9960864960338655
2018-02-12,38.26070785522461,38.10034,2.9583585932208254,19.08557449132545,4.368703983028085,2.385358607813077,0.9960864960338655
2018-02-13,38.64401626586914,37.999317,2.9583585932208254,19.08557449132545,4.368703983028085,2.385358607813077,0.9960864960338655
2018-02-14,39.35649871826172,38.090534,2.9583585932208254,19.08557449132545,4.368703983028085,2.385358607813077,0.9960864960338655
2018-02-15,40.67802429199219,38.361244,2.9583585932208254,19.08557449132545,4.368703983028085,2.385358607813077,0.9960864960338655
2018-02-16,40.54633712768555,38.852833,2.9583585932208254,19.08557449132545,4.368703983028085,2.385358607813077,0.9960864960338655
2018-02-20,40.40995788574218,39.402832,2.9583585932208254,19.08557449132545,4.368703983028085,2.385358607813077,0.9960864960338655
2018-02-21,40.22653579711913,39.910076,2.9583585932208254,19.08557449132545,4.368703983028085,2.385358607813077,0.9960864960338655
2018-02-22,40.562801361083984,40.31686,2.9583585932208254,19.08557449132545,4.368703983028085,2.385358607813077,0.9960864960338655
2018-02-23,41.26824951171875,40.66015,2.9583585932208254,19.08557449132545,4.368703983028085,2.385358607813077,0.9960864960338655
2018-02-26,42.08421325683594,41.010326,2.9583585932208254,19.08557449132545,4.368703983028085,2.385358607813077,0.9960864960338655
2018-02-27,41.94782638549805,41.419415,2.9583585932208254,19.08557449132545,4.368703983028085,2.385358607813077,0.9960864960338655
2018-02-28,41.88431167602539,41.80358,2.9583585932208254,19.08557449132545,4.368703983028085,2.385358607813077,0.9960864960338655
2018-03-01,41.15066146850586,42.124084,2.9583585932208254,19.08557449132545,4.368703983028085,2.385358607813077,0.9960864960338655
2018-03-02,41.435203552246094,42.29076,2.9583585932208254,19.08557449132545,4.368703983028085,2.385358607813077,0.9960864960338655
2018-03-05,41.57863616943361,42.38231,2.9583585932208254,19.08557449132545,4.368703983028085,2.385358607813077,0.9960864960338655
2018-03-06,41.54336929321289,42.43757,2.9583585932208254,19.08557449132545,4.368703983028085,2.385358607813077,0.9960864960338655
2018-03-07,41.15772247314453,42.46237,2.9583585932208254,19.08557449132545,4.368703983028085,2.385358607813077,0.9960864960338655
2018-03-08,41.60686111450195,42.42359,2.9583585932208254,19.08557449132545,4.368703983028085,2.385358607813077,0.9960864960338655
2018-03-09,42.32169723510742,42.402027,2.9583585932208254,19.08557449132545,4.368703983028085,2.385358607813077,0.9960864960338655
2018-03-12,42.73085784912109,42.472614,2.9583585932208254,19.08557449132545,4.368703983028085,2.385358607813077,0.9960864960338655
2018-03-13,42.3193588256836,42.633934,2.9583585932208254,19.08557449132545,4.368703983028085,2.385358607813077,0.9960864960338655
2018-03-14,41.95956802368164,42.782745,2.9583585932208254,19.08557449132545,4.368703983028085,2.385358607813077,0.9960864960338655
2018-03-15,42.00896072387695,42.86621,2.9583585932208254,19.08557449132545,4.368703983028085,2.385358607813077,0.9960864960338655
2018-03-16,41.86081314086914,42.907642,2.9583585932208254,19.08557449132545,4.368703983028085,2.385358607813077,0.9960864960338655
2018-03-19,41.2212142944336,42.9039,2.9583585932208254,19.08557449132545,4.368703983028085,2.385358607813077,0.9960864960338655
2018-03-20,41.20710754394531,42.80317,2.9583585932208254,19.08557449132545,4.368703983028085,2.385358607813077,0.9960864960338655
2018-03-21,40.27357482910156,42.65591,2.9583585932208254,19.08557449132545,4.368703983028085,2.385358607813077,0.9960864960338655
2018-03-22,39.70451736450195,42.394043,2.9583585932208254,19.08557449132545,4.368703983028085,2.385358607813077,0.9960864960338655
2018-03-23,38.78509140014647,42.03089,2.9583585932208254,19.08557449132545,4.368703983028085,2.385358607813077,0.9960864960338655
2018-03-26,40.62629318237305,41.546448,2.9583585932208254,19.08557449132545,4.368703983028085,2.385358607813077,0.9960864960338655
2018-03-27,39.5845947265625,41.251217,2.9583585932208254,19.08557449132545,4.368703983028085,2.385358607813077,0.9960864960338655
2018-03-28,39.147220611572266,40.982197,2.9583585932208254,19.08557449132545,4.368703983028085,2.385358607813077,0.9960864960338655
2018-03-29,39.452919006347656,40.706867,2.9583585932208254,19.08557449132545,4.368703983028085,2.385358607813077,0.9960864960338655
2018-04-02,39.19424819946289,40.491077,2.9583585932208254,19.08557449132545,4.368703983028085,2.385358607813077,0.9960864960338655
2018-04-03,39.59635162353516,40.30402,2.9583585932208254,19.08557449132545,4.368703983028085,2.385358607813077,0.9960864960338655
2018-04-04,40.3535270690918,40.198425,2.9583585932208254,19.08557449132545,4.368703983028085,2.385358607813077,0.9960864960338655
2018-04-05,40.63335418701171,40.236103,2.9583585932208254,19.08557449132545,4.368703983028085,2.385358607813077,0.9960864960338655
2018-04-06,39.59399032592773,40.383556,2.9583585932208254,19.08557449132545,4.368703983028085,2.385358607813077,0.9960864960338655
2018-04-09,39.98669052124024,40.46124,2.9583585932208254,19.08557449132545,4.368703983028085,2.385358607813077,0.9960864960338655
2018-04-10,40.73916244506836,40.533173,2.9583585932208254,19.08557449132545,4.368703983028085,2.385358607813077,0.9960864960338655
2018-04-11,40.5486946105957,40.679142,2.9583585932208254,19.08557449132545,4.368703983028085,2.385358607813077,0.9960864960338655
2018-04-12,40.94844055175782,40.831673,2.9583585932208254,19.08557449132545,4.368703983028085,2.385358607813077,0.9960864960338655
2018-04-13,41.08718490600586,41.016193,2.9583585932208254,19.08557449132545,4.368703983028085,2.385358607813077,0.9960864960338655
2018-04-16,41.34349060058594,41.215054,2.9583585932208254,19.08557449132545,4.368703983028085,2.385358607813077,0.9960864960338655
2018-04-17,41.912555694580085,41.429394,2.9583585932208254,19.08557449132545,4.368703983028085,2.385358607813077,0.9960864960338655
2018-04-18,41.818485260009766,41.69323,2.9583585932208254,19.08557449132545,4.368703983028085,2.385358607813077,0.9960864960338655
2018-04-19,40.63335418701171,41.94665,2.9583585932208254,19.08557449132545,4.368703983028085,2.385358607813077,0.9960864960338655
2018-04-20,38.968509674072266,42.03356,2.9583585932208254,19.08557449132545,4.368703983028085,2.385358607813077,0.9960864960338655
2018-04-23,38.85563659667969,41.82825,2.9583585932208254,19.08557449132545,4.368703983028085,2.385358607813077,0.9960864960338655
2018-04-24,38.31480407714844,41.464703,2.9583585932208254,19.08557449132545,4.368703983028085,2.385358607813077,0.9960864960338655
2018-04-25,38.48175430297852,40.99132,2.9583585932208254,19.08557449132545,4.368703983028085,2.385358607813077,0.9960864960338655
2018-04-26,38.61578369140625,40.5263,2.9583585932208254,19.08557449132545,4.368703983028085,2.385358607813077,0.9960864960338655
2018-04-27,38.16901016235353,40.132656,2.9583585932208254,19.08557449132545,4.368703983028085,2.385358607813077,0.9960864960338655
2018-04-30,38.86034393310547,39.772717,2.9583585932208254,19.08557449132545,4.368703983028085,2.385358607813077,0.9960864960338655
2018-05-01,39.76329803466797,39.547478,2.9583585932208254,19.08557449132545,4.368703983028085,2.385358607813077,0.9960864960338655
2018-05-02,41.51984024047852,39.524773,2.9583585932208254,19.08557449132545,4.368703983028085,2.385358607813077,0.9960864960338655
2018-05-03,41.59510421752929,39.816784,2.9583585932208254,19.08557449132545,4.368703983028085,2.385358607813077,0.9960864960338655
2018-05-04,43.227012634277344,40.2656,2.9583585932208254,19.08557449132545,4.368703983028085,2.385358607813077,0.9960864960338655
2018-05-07,43.53976058959961,40.93592,2.9583585932208254,19.08557449132545,4.368703983028085,2.385358607813077,0.9960864960338655
2018-05-08,43.74903106689453,41.695053,2.9583585932208254,19.08557449132545,4.368703983028085,2.385358607813077,0.9960864960338655
2018-05-09,44.057086944580085,42.44483,2.9583585932208254,19.08557449132545,4.368703983028085,2.385358607813077,0.9960864960338655
2018-05-10,44.68727874755859,43.141804,2.9583585932208254,19.08557449132545,4.368703983028085,2.385358607813077,0.9960864960338655
2018-05-11,44.51731872558594,43.80377,2.9583585932208254,19.08557449132545,4.368703983028085,2.385358607813077,0.9960864960338655
2018-05-14,44.413448333740234,44.355995,2.9583585932208254,19.08557449132545,4.368703983028085,2.385358607813077,0.9960864960338655
2018-05-15,44.00981140136719,44.77418,2.9583585932208254,19.08557449132545,4.368703983028085,2.385358607813077,0.9960864960338655
2018-05-16,44.420536041259766,45.025627,2.9583585932208254,19.08557449132545,4.368703983028085,2.385358607813077,0.9960864960338655
2018-05-17,44.13963317871094,45.200485,2.9583585932208254,19.08557449132545,4.368703983028085,2.385358607813077,0.9960864960338655
2018-05-18,43.9791145324707,45.282093,2.9583585932208254,19.08557449132545,4.368703983028085,2.385358607813077,0.9960864960338655
2018-05-21,44.29070281982422,45.28327,2.9583585932208254,19.08557449132545,4.368703983028085,2.385358607813077,0.9960864960338655
2018-05-22,44.17975997924805,45.27266,2.9583585932208254,19.08557449132545,4.368703983028085,2.385358607813077,0.9960864960338655
2018-05-23,44.463016510009766,45.243805,2.9583585932208254,19.08557449132545,4.368703983028085,2.385358607813077,0.9960864960338655
2018-05-24,44.413448333740234,45.238293,2.9583585932208254,19.08557449132545,4.368703983028085,2.385358607813077,0.9960864960338655
2018-05-25,44.51495361328125,45.240417,2.9583585932208254,19.08557449132545,4.368703983028085,2.385358607813077,0.9960864960338655
2018-05-29,44.35443878173828,45.256824,2.9583585932208254,19.08557449132545,4.368703983028085,2.385358607813077,0.9960864960338655
2018-05-30,44.260013580322266,45.260723,2.9583585932208254,19.08557449132545,4.368703983028085,2.385358607813077,0.9960864960338655
2018-05-31,44.111305236816406,45.24545,2.9583585932208254,19.08557449132545,4.368703983028085,2.385358607813077,0.9960864960338655
2018-06-01,44.90681076049805,45.20356,2.9583585932208254,19.08557449132545,4.368703983028085,2.385358607813077,0.9960864960338655
2018-06-04,45.28212356567383,45.239452,2.9583585932208254,19.08557449132545,4.368703983028085,2.385358607813077,0.9960864960338655
2018-06-05,45.6314926147461,45.358498,2.9583585932208254,19.08557449132545,4.368703983028085,2.385358607813077,0.9960864960338655
2018-06-06,45.78964233398437,45.551003,2.9583585932208254,19.08557449132545,4.368703983028085,2.385358607813077,0.9960864960338655
2018-06-07,45.66689300537109,45.781815,2.9583585932208254,19.08557449132545,4.368703983028085,2.385358607813077,0.9960864960338655
2018-06-08,45.251441955566406,45.995083,2.9583585932208254,19.08557449132545,4.368703983028085,2.385358607813077,0.9960864960338655
2018-06-11,45.1404914855957,46.128033,2.9583585932208254,19.08557449132545,4.368703983028085,2.385358607813077,0.9960864960338655
2018-06-12,45.38835906982422,46.187695,2.9583585932208254,19.08557449132545,4.368703983028085,2.385358607813077,0.9960864960338655
2018-06-13,45.01538467407227,46.22695,2.9583585932208254,19.08557449132545,4.368703983028085,2.385358607813077,0.9960864960338655
2018-06-14,45.03898620605469,46.209396,2.9583585932208254,19.08557449132545,4.368703983028085,2.385358607813077,0.9960864960338655
2018-06-15,44.57632446289063,46.16382,2.9583585932208254,19.08557449132545,4.368703983028085,2.385358607813077,0.9960864960338655
2018-06-18,44.55271911621094,46.055706,2.9583585932208254,19.08557449132545,4.368703983028085,2.385358607813077,0.9960864960338655
2018-06-19,43.832767486572266,45.92058,2.9583585932208254,19.08557449132545,4.368703983028085,2.385358607813077,0.9960864960338655
2018-06-20,44.023963928222656,45.704353,2.9583585932208254,19.08557449132545,4.368703983028085,2.385358607813077,0.9960864960338655
2018-06-21,43.778465270996094,45.48598,2.9583585932208254,19.08557449132545,4.368703983028085,2.385358607813077,0.9960864960338655
2018-06-22,43.650997161865234,45.26312,2.9583585932208254,19.08557449132545,4.368703983028085,2.385358607813077,0.9960864960338655
2018-06-25,43.00185012817383,45.04749,2.9583585932208254,19.08557449132545,4.368703983028085,2.385358607813077,0.9960864960338655
2018-06-26,43.53533935546875,44.78666,2.9583585932208254,19.08557449132545,4.368703983028085,2.385358607813077,0.9960864960338655
2018-06-27,43.47159194946289,44.587246,2.9583585932208254,19.08557449132545,4.368703983028085,2.385358607813077,0.9960864960338655
2018-06-28,43.78790664672852,44.438213,2.9583585932208254,19.08557449132545,4.368703983028085,2.385358607813077,0.9960864960338655
2018-06-29,43.69584655761718,44.3694,2.9583585932208254,19.08557449132545,4.368703983028085,2.385358607813077,0.9960864960338655
2018-07-02,44.184478759765625,44.343735,2.9583585932208254,19.08557449132545,4.368703983028085,2.385358607813077,0.9960864960338655
2018-07-03,43.414947509765625,44.399734,2.9583585932208254,19.08557449132545,4.368703983028085,2.385358607813077,0.9960864960338655
2018-07-05,43.76430130004883,44.41062,2.9583585932208254,19.08557449132545,4.368703983028085,2.385358607813077,0.9960864960338655
2018-07-06,44.3709716796875,44.432644,2.9583585932208254,19.08557449132545,4.368703983028085,2.385358607813077,0.9960864960338655
2018-07-09,44.98705673217773,44.527195,2.9583585932208254,19.08557449132545,4.368703983028085,2.385358607813077,0.9960864960338655
2018-07-10,44.93276596069336,44.72284,2.9583585932208254,19.08557449132545,4.368703983028085,2.385358607813077,0.9960864960338655
2018-07-11,44.349712371826165,44.949596,2.9583585932208254,19.08557449132545,4.368703983028085,2.385358607813077,0.9960864960338655
2018-07-12,45.09328842163087,45.103905,2.9583585932208254,19.08557449132545,4.368703983028085,2.385358607813077,0.9960864960338655
2018-07-13,45.16411209106445,45.28235,2.9583585932208254,19.08557449132545,4.368703983028085,2.385358607813077,0.9960864960338655
2018-07-16,45.06495666503906,45.464252,2.9583585932208254,19.08557449132545,4.368703983028085,2.385358607813077,0.9960864960338655
2018-07-17,45.19242858886719,45.617558,2.9583585932208254,19.08557449132545,4.368703983028085,2.385358607813077,0.9960864960338655
2018-07-18,44.94457626342773,45.752037,2.9583585932208254,19.08557449132545,4.368703983028085,2.385358607813077,0.9960864960338655
2018-07-19,45.29393768310547,45.833675,2.9583585932208254,19.08557449132545,4.368703983028085,2.385358607813077,0.9960864960338655
2018-07-20,45.190067291259766,45.91509,2.9583585932208254,19.08557449132545,4.368703983028085,2.385358607813077,0.9960864960338655
2018-07-23,45.230201721191406,45.976402,2.9583585932208254,19.08557449132545,4.368703983028085,2.385358607813077,0.9960864960338655
2018-07-24,45.55831146240234,46.023857,2.9583585932208254,19.08557449132545,4.368703983028085,2.385358607813077,0.9960864960338655
2018-07-25,45.98793029785156,46.09476,2.9583585932208254,19.08557449132545,4.368703983028085,2.385358607813077,0.9960864960338655
2018-07-26,45.84393692016602,46.219505,2.9583585932208254,19.08557449132545,4.368703983028085,2.385358607813077,0.9960864960338655
2018-07-27,45.08147811889648,46.345387,2.9583585932208254,19.08557449132545,4.368703983028085,2.385358607813077,0.9960864960338655
2018-07-30,44.82890319824219,46.372242,2.9583585932208254,19.08557449132545,4.368703983028085,2.385358607813077,0.9960864960338655
2018-07-31,44.91859436035156,46.310078,2.9583585932208254,19.08557449132545,4.368703983028085,2.385358607813077,0.9960864960338655
2018-08-01,47.56477355957032,46.213707,2.9583585932208254,19.08557449132545,4.368703983028085,2.385358607813077,0.9960864960338655
2018-08-02,48.95512008666992,46.404457,2.9583585932208254,19.08557449132545,4.368703983028085,2.385358607813077,0.9960864960338655
2018-08-03,49.09674835205078,46.896812,2.9583585932208254,19.08557449132545,4.368703983028085,2.385358607813077,0.9960864960338655
2018-08-06,49.351688385009766,47.523796,2.9583585932208254,19.08557449132545,4.368703983028085,2.385358607813077,0.9960864960338655
2018-08-07,48.88903045654297,48.185658,2.9583585932208254,19.08557449132545,4.368703983028085,2.385358607813077,0.9960864960338655
2018-08-08,48.92206573486328,48.74215,2.9583585932208254,19.08557449132545,4.368703983028085,2.385358607813077,0.9960864960338655
2018-08-09,49.30684280395508,49.18018,2.9583585932208254,19.08557449132545,4.368703983028085,2.385358607813077,0.9960864960338655
2018-08-10,49.15998077392578,49.546062,2.9583585932208254,19.08557449132545,4.368703983028085,2.385358607813077,0.9960864960338655
2018-08-13,49.47739410400391,49.815697,2.9583585932208254,19.08557449132545,4.368703983028085,2.385358607813077,0.9960864960338655
2018-08-14,49.68584060668945,50.036808,2.9583585932208254,19.08557449132545,4.368703983028085,2.385358607813077,0.9960864960338655
2018-08-15,49.80193710327149,50.23008,2.9583585932208254,19.08557449132545,4.368703983028085,2.385358607813077,0.9960864960338655
2018-08-16,50.53152084350586,50.399513,2.9583585932208254,19.08557449132545,4.368703983028085,2.385358607813077,0.9960864960338655
2018-08-17,51.54063034057617,50.617958,2.9583585932208254,19.08557449132545,4.368703983028085,2.385358607813077,0.9960864960338655
2018-08-20,51.03844833374024,50.95332,2.9583585932208254,19.08557449132545,4.368703983028085,2.385358607813077,0.9960864960338655
2018-08-21,50.93894958496094,51.263012,2.9583585932208254,19.08557449132545,4.368703983028085,2.385358607813077,0.9960864960338655
2018-08-22,50.94132614135742,51.5111,2.9583585932208254,19.08557449132545,4.368703983028085,2.385358607813077,0.9960864960338655
2018-08-23,51.0455436706543,51.696014,2.9583585932208254,19.08557449132545,4.368703983028085,2.385358607813077,0.9960864960338655
2018-08-24,51.20426940917969,51.835804,2.9583585932208254,19.08557449132545,4.368703983028085,2.385358607813077,0.9960864960338655
2018-08-27,51.62591171264648,51.95217,2.9583585932208254,19.08557449132545,4.368703983028085,2.385358607813077,0.9960864960338655
2018-08-28,52.042816162109375,52.08945,2.9583585932208254,19.08557449132545,4.368703983028085,2.385358607813077,0.9960864960338655
2018-08-29,52.81978988647461,52.27033,2.9583585932208254,19.08557449132545,4.368703983028085,2.385358607813077,0.9960864960338655
2018-08-30,53.305397033691406,52.542892,2.9583585932208254,19.08557449132545,4.368703983028085,2.385358607813077,0.9960864960338655
2018-08-31,53.92128372192383,52.89232,2.9583585932208254,19.08557449132545,4.368703983028085,2.385358607813077,0.9960864960338655
2018-09-04,54.09420776367188,53.31568,2.9583585932208254,19.08557449132545,4.368703983028085,2.385358607813077,0.9960864960338655
2018-09-05,53.74126052856445,53.754017,2.9583585932208254,19.08557449132545,4.368703983028085,2.385358607813077,0.9960864960338655
2018-09-06,52.84821701049805,54.112972,2.9583585932208254,19.08557449132545,4.368703983028085,2.385358607813077,0.9960864960338655
2018-09-07,52.42182922363282,54.28682,2.9583585932208254,19.08557449132545,4.368703983028085,2.385358607813077,0.9960864960338655
2018-09-10,51.71829605102539,54.28727,2.9583585932208254,19.08557449132545,4.368703983028085,2.385358607813077,0.9960864960338655
2018-09-11,53.02588653564453,54.110294,2.9583585932208254,19.08557449132545,4.368703983028085,2.385358607813077,0.9960864960338655
2018-09-12,52.36735916137695,53.996964,2.9583585932208254,19.08557449132545,4.368703983028085,2.385358607813077,0.9960864960338655
2018-09-13,53.632301330566406,53.86127,2.9583585932208254,19.08557449132545,4.368703983028085,2.385358607813077,0.9960864960338655
2018-09-14,53.02350997924804,53.867455,2.9583585932208254,19.08557449132545,4.368703983028085,2.385358607813077,0.9960864960338655
2018-09-17,51.6116943359375,53.886948,2.9583585932208254,19.08557449132545,4.368703983028085,2.385358607813077,0.9960864960338655
2018-09-18,51.69697189331055,53.752533,2.9583585932208254,19.08557449132545,4.368703983028085,2.385358607813077,0.9960864960338655
2018-09-19,51.72776794433594,53.551563,2.9583585932208254,19.08557449132545,4.368703983028085,2.385358607813077,0.9960864960338655
2018-09-20,52.12099456787108,53.338013,2.9583585932208254,19.08557449132545,4.368703983028085,2.385358607813077,0.9960864960338655
2018-09-21,51.55958938598633,53.184765,2.9583585932208254,19.08557449132545,4.368703983028085,2.385358607813077,0.9960864960338655
2018-09-24,52.301025390625,53.020664,2.9583585932208254,19.08557449132545,4.368703983028085,2.385358607813077,0.9960864960338655
2018-09-25,52.63265228271485,52.94993,2.9583585932208254,19.08557449132545,4.368703983028085,2.385358607813077,0.9960864960338655
2018-09-26,52.21337127685547,52.97789,2.9583585932208254,19.08557449132545,4.368703983028085,2.385358607813077,0.9960864960338655
2018-09-27,53.28644561767578,53.012405,2.9583585932208254,19.08557449132545,4.368703983028085,2.385358607813077,0.9960864960338655
2018-09-28,53.47359085083008,53.16544,2.9583585932208254,19.08557449132545,4.368703983028085,2.385358607813077,0.9960864960338655
2018-10-01,53.83364486694336,53.391453,2.9583585932208254,19.08557449132545,4.368703983028085,2.385358607813077,0.9960864960338655
2018-10-02,54.31214141845703,53.67454,2.9583585932208254,19.08557449132545,4.368703983028085,2.385358607813077,0.9960864960338655
2018-10-03,54.97304534912109,54.012825,2.9583585932208254,19.08557449132545,4.368703983028085,2.385358607813077,0.9960864960338655
2018-10-04,54.00656509399414,54.419827,2.9583585932208254,19.08557449132545,4.368703983028085,2.385358607813077,0.9960864960338655
2018-10-05,53.13011169433594,54.71473,2.9583585932208254,19.08557449132545,4.368703983028085,2.385358607813077,0.9960864960338655
2018-10-08,53.00693130493164,54.814457,2.9583585932208254,19.08557449132545,4.368703983028085,2.385358607813077,0.9960864960338655
2018-10-09,53.74126052856445,54.77748,2.9583585932208254,19.08557449132545,4.368703983028085,2.385358607813077,0.9960864960338655
2018-10-10,51.25163650512695,54.749256,2.9583585932208254,19.08557449132545,4.368703983028085,2.385358607813077,0.9960864960338655
2018-10-11,50.7991943359375,54.45365,2.9583585932208254,19.08557449132545,4.368703983028085,2.385358607813077,0.9960864960338655
2018-10-12,52.61370468139648,53.9843,2.9583585932208254,19.08557449132545,4.368703983028085,2.385358607813077,0.9960864960338655
2018-10-15,51.4885139465332,53.66928,2.9583585932208254,19.08557449132545,4.368703983028085,2.385358607813077,0.9960864960338655
2018-10-16,52.62318420410156,53.35439,2.9583585932208254,19.08557449132545,4.368703983028085,2.385358607813077,0.9960864960338655
2018-10-17,52.39577102661133,53.198456,2.9583585932208254,19.08557449132545,4.368703983028085,2.385358607813077,0.9960864960338655
2018-10-18,51.17109298706055,53.12549,2.9583585932208254,19.08557449132545,4.368703983028085,2.385358607813077,0.9960864960338655
2018-10-19,51.950439453125,52.969852,2.9583585932208254,19.08557449132545,4.368703983028085,2.385358607813077,0.9960864960338655
2018-10-22,52.26785659790039,52.868336,2.9583585932208254,19.08557449132545,4.368703983028085,2.385358607813077,0.9960864960338655
2018-10-23,52.76056671142579,52.845078,2.9583585932208254,19.08557449132545,4.368703983028085,2.385358607813077,0.9960864960338655
2018-10-24,50.9507942199707,52.924465,2.9583585932208254,19.08557449132545,4.368703983028085,2.385358607813077,0.9960864960338655
2018-10-25,52.06650161743164,52.852566,2.9583585932208254,19.08557449132545,4.368703983028085,2.385358607813077,0.9960864960338655
2018-10-26,51.2374267578125,52.82405,2.9583585932208254,19.08557449132545,4.368703983028085,2.385358607813077,0.9960864960338655
2018-10-29,50.27569580078125,52.733006,2.9583585932208254,19.08557449132545,4.368703983028085,2.385358607813077,0.9960864960338655
2018-10-30,50.52679061889648,52.508522,2.9583585932208254,19.08557449132545,4.368703983028085,2.385358607813077,0.9960864960338655
2018-10-31,51.84383773803711,52.259758,2.9583585932208254,19.08557449132545,4.368703983028085,2.385358607813077,0.9960864960338655
2018-11-01,52.63976287841797,52.17242,2.9583585932208254,19.08557449132545,4.368703983028085,2.385358607813077,0.9960864960338655
2018-11-02,49.148136138916016,52.277855,2.9583585932208254,19.08557449132545,4.368703983028085,2.385358607813077,0.9960864960338655
2018-11-05,47.752906799316406,52.093174,2.9583585932208254,19.08557449132545,4.368703983028085,2.385358607813077,0.9960864960338655
2018-11-06,48.26930618286133,51.602055,2.9583585932208254,19.08557449132545,4.368703983028085,2.385358607813077,0.9960864960338655
2018-11-07,49.73322677612305,51.046093,2.9583585932208254,19.08557449132545,4.368703983028085,2.385358607813077,0.9960864960338655
2018-11-08,49.5597038269043,50.679703,2.9583585932208254,19.08557449132545,4.368703983028085,2.385358607813077,0.9960864960338655
2018-11-09,48.6041145324707,50.445374,2.9583585932208254,19.08557449132545,4.368703983028085,2.385358607813077,0.9960864960338655
2018-11-12,46.155723571777344,50.204994,2.9583585932208254,19.08557449132545,4.368703983028085,2.385358607813077,0.9960864960338655
2018-11-13,45.694580078125,49.71212,2.9583585932208254,19.08557449132545,4.368703983028085,2.385358607813077,0.9960864960338655
2018-11-14,44.40381622314453,49.074104,2.9583585932208254,19.08557449132545,4.368703983028085,2.385358607813077,0.9960864960338655
2018-11-15,45.49965286254883,48.279297,2.9583585932208254,19.08557449132545,4.368703983028085,2.385358607813077,0.9960864960338655
2018-11-16,46.00359344482422,47.604176,2.9583585932208254,19.08557449132545,4.368703983028085,2.385358607813077,0.9960864960338655
2018-11-19,44.18036651611328,47.130272,2.9583585932208254,19.08557449132545,4.368703983028085,2.385358607813077,0.9960864960338655
2018-11-20,42.06953430175782,46.62039,2.9583585932208254,19.08557449132545,4.368703983028085,2.385358607813077,0.9960864960338655
2018-11-21,42.02198028564453,45.907116,2.9583585932208254,19.08557449132545,4.368703983028085,2.385358607813077,0.9960864960338655
2018-11-23,40.95467758178711,45.14791,2.9583585932208254,19.08557449132545,4.368703983028085,2.385358607813077,0.9960864960338655
2018-11-26,41.5085334777832,44.327385,2.9583585932208254,19.08557449132545,4.368703983028085,2.385358607813077,0.9960864960338655
2018-11-27,41.41820907592773,43.623764,2.9583585932208254,19.08557449132545,4.368703983028085,2.385358607813077,0.9960864960338655
2018-11-28,43.0108528137207,43.055683,2.9583585932208254,19.08557449132545,4.368703983028085,2.385358607813077,0.9960864960338655
2018-11-29,42.6804428100586,42.80578,2.9583585932208254,19.08557449132545,4.368703983028085,2.385358607813077,0.9960864960338655
2018-11-30,42.44985961914063,42.72983,2.9583585932208254,19.08557449132545,4.368703983028085,2.385358607813077,0.9960864960338655
2018-12-03,43.93317031860352,42.73477,2.9583585932208254,19.08557449132545,4.368703983028085,2.385358607813077,0.9960864960338655
2018-12-04,42.00060272216797,42.950607,2.9583585932208254,19.08557449132545,4.368703983028085,2.385358607813077,0.9960864960338655
2018-12-06,41.53230667114258,43.049194,2.9583585932208254,19.08557449132545,4.368703983028085,2.385358607813077,0.9960864960338655
2018-12-07,40.0513916015625,43.015953,2.9583585932208254,19.08557449132545,4.368703983028085,2.385358607813077,0.9960864960338655
2018-12-10,40.31525039672852,42.746365,2.9583585932208254,19.08557449132545,4.368703983028085,2.385358607813077,0.9960864960338655
2018-12-11,40.08466720581055,42.4014,2.9583585932208254,19.08557449132545,4.368703983028085,2.385358607813077,0.9960864960338655
2018-12-12,40.19638442993163,42.028236,2.9583585932208254,19.08557449132545,4.368703983028085,2.385358607813077,0.9960864960338655
2018-12-13,40.63614654541016,41.69404,2.9583585932208254,19.08557449132545,4.368703983028085,2.385358607813077,0.9960864960338655
2018-12-14,39.335891723632805,41.469078,2.9583585932208254,19.08557449132545,4.368703983028085,2.385358607813077,0.9960864960338655
2018-12-17,38.96982192993164,41.18641,2.9583585932208254,19.08557449132545,4.368703983028085,2.385358607813077,0.9960864960338655
2018-12-18,39.47612762451172,40.85904,2.9583585932208254,19.08557449132545,4.368703983028085,2.385358607813077,0.9960864960338655
2018-12-19,38.24481964111328,40.598335,2.9583585932208254,19.08557449132545,4.368703983028085,2.385358607813077,0.9960864960338655
2018-12-20,37.27972412109375,40.267387,2.9583585932208254,19.08557449132545,4.368703983028085,2.385358607813077,0.9960864960338655
2018-12-21,35.82969665527343,39.823364,2.9583585932208254,19.08557449132545,4.368703983028085,2.385358607813077,0.9960864960338655
2018-12-24,34.90262222290039,39.200436,2.9583585932208254,19.08557449132545,4.368703983028085,2.385358607813077,0.9960864960338655
2018-12-26,37.36054229736328,38.4391,2.9583585932208254,19.08557449132545,4.368703983028085,2.385358607813077,0.9960864960338655
2018-12-27,37.118072509765625,37.957844,2.9583585932208254,19.08557449132545,4.368703983028085,2.385358607813077,0.9960864960338655
2018-12-28,37.13708877563476,37.665977,2.9583585932208254,19.08557449132545,4.368703983028085,2.385358607813077,0.9960864960338655
2018-12-31,37.496036529541016,37.515793,2.9583585932208254,19.08557449132545,4.368703983028085,2.385358607813077,0.9960864960338655
2019-01-02,37.538818359375,37.50217,2.9583585932208254,19.08557449132545,4.368703983028085,2.385358607813077,0.9960864960338655
2019-01-03,33.7996826171875,37.572433,2.9583585932208254,19.08557449132545,4.368703983028085,2.385358607813077,0.9960864960338655
2019-01-04,35.24256134033203,37.263626,2.9583585932208254,19.08557449132545,4.368703983028085,2.385358607813077,0.9960864960338655
2019-01-07,35.16411590576172,36.93023,2.9583585932208254,19.08557449132545,4.368703983028085,2.385358607813077,0.9960864960338655
2019-01-08,35.83444976806641,36.614174,2.9583585932208254,19.08557449132545,4.368703983028085,2.385358607813077,0.9960864960338655
2019-01-09,36.442989349365234,36.41973,2.9583585932208254,19.08557449132545,4.368703983028085,2.385358607813077,0.9960864960338655
2019-01-10,36.55946731567383,36.386,2.9583585932208254,19.08557449132545,4.368703983028085,2.385358607813077,0.9960864960338655
2019-01-11,36.20051956176758,36.461613,2.9583585932208254,19.08557449132545,4.368703983028085,2.385358607813077,0.9960864960338655
2019-01-14,35.65616607666016,36.55085,2.9583585932208254,19.08557449132545,4.368703983028085,2.385358607813077,0.9960864960338655
2019-01-15,36.38594436645508,36.57633,2.9583585932208254,19.08557449132545,4.368703983028085,2.385358607813077,0.9960864960338655
2019-01-16,36.8304443359375,36.643986,2.9583585932208254,19.08557449132545,4.368703983028085,2.385358607813077,0.9960864960338655
2019-01-17,37.04914093017578,36.77964,2.9583585932208254,19.08557449132545,4.368703983028085,2.385358607813077,0.9960864960338655
2019-01-18,37.27733993530273,36.964836,2.9583585932208254,19.08557449132545,4.368703983028085,2.385358607813077,0.9960864960338655
2019-01-22,36.44060134887695,37.184067,2.9583585932208254,19.08557449132545,4.368703983028085,2.385358607813077,0.9960864960338655
2019-01-23,36.587989807128906,37.30527,2.9583585932208254,19.08557449132545,4.368703983028085,2.385358607813077,0.9960864960338655
2019-01-24,36.297977447509766,37.372963,2.9583585932208254,19.08557449132545,4.368703983028085,2.385358607813077,0.9960864960338655
2019-01-25,37.50078201293945,37.3709,2.9583585932208254,19.08557449132545,4.368703983028085,2.385358607813077,0.9960864960338655
2019-01-28,37.15372848510742,37.464348,2.9583585932208254,19.08557449132545,4.368703983028085,2.385358607813077,0.9960864960338655
2019-01-29,36.76863479614258,37.564995,2.9583585932208254,19.08557449132545,4.368703983028085,2.385358607813077,0.9960864960338655
2019-01-30,39.28121566772462,37.615047,2.9583585932208254,19.08557449132545,4.368703983028085,2.385358607813077,0.9960864960338655
2019-01-31,39.5640869140625,37.91145,2.9583585932208254,19.08557449132545,4.368703983028085,2.385358607813077,0.9960864960338655
2019-02-01,39.583106994628906,38.35025,2.9583585932208254,19.08557449132545,4.368703983028085,2.385358607813077,0.9960864960338655
2019-02-04,40.707462310791016,38.823696,2.9583585932208254,19.08557449132545,4.368703983028085,2.385358607813077,0.9960864960338655
2019-02-05,41.4039421081543,39.38973,2.9583585932208254,19.08557449132545,4.368703983028085,2.385358607813077,0.9960864960338655
2019-02-06,41.41820907592773,40.025078,2.9583585932208254,19.08557449132545,4.368703983028085,2.385358607813077,0.9960864960338655
2019-02-07,40.63376998901367,40.632248,2.9583585932208254,19.08557449132545,4.368703983028085,2.385358607813077,0.9960864960338655
2019-02-08,40.68152618408203,41.068596,2.9583585932208254,19.08557449132545,4.368703983028085,2.385358607813077,0.9960864960338655
2019-02-11,40.44757080078125,41.364067,2.9583585932208254,19.08557449132545,4.368703983028085,2.385358607813077,0.9960864960338655
2019-02-12,40.79611206054688,41.521244,2.9583585932208254,19.08557449132545,4.368703983028085,2.385358607813077,0.9960864960338655
2019-02-13,40.626609802246094,41.62177,2.9583585932208254,19.08557449132545,4.368703983028085,2.385358607813077,0.9960864960338655
2019-02-14,40.77462387084961,41.66089,2.9583585932208254,19.08557449132545,4.368703983028085,2.385358607813077,0.9960864960338655
2019-02-15,40.68390655517578,41.677002,2.9583585932208254,19.08557449132545,4.368703983028085,2.385358607813077,0.9960864960338655
2019-02-19,40.80565643310547,41.667797,2.9583585932208254,19.08557449132545,4.368703983028085,2.385358607813077,0.9960864960338655
2019-02-20,41.06825637817382,41.657932,2.9583585932208254,19.08557449132545,4.368703983028085,2.385358607813077,0.9960864960338655
2019-02-21,40.83668518066406,41.67745,2.9583585932208254,19.08557449132545,4.368703983028085,2.385358607813077,0.9960864960338655
2019-02-22,41.29266357421875,41.685078,2.9583585932208254,19.08557449132545,4.368703983028085,2.385358607813077,0.9960864960338655
2019-02-25,41.59345245361328,41.734913,2.9583585932208254,19.08557449132545,4.368703983028085,2.385358607813077,0.9960864960338655
2019-02-26,41.61732864379882,41.83679,2.9583585932208254,19.08557449132545,4.368703983028085,2.385358607813077,0.9960864960338655
2019-02-27,41.746246337890625,41.9595,2.9583585932208254,19.08557449132545,4.368703983028085,2.385358607813077,0.9960864960338655
2019-02-28,41.33563995361328,42.09439,2.9583585932208254,19.08557449132545,4.368703983028085,2.385358607813077,0.9960864960338655
2019-03-01,41.770118713378906,42.17513,2.9583585932208254,19.08557449132545,4.368703983028085,2.385358607813077,0.9960864960338655
2019-03-04,41.98019790649414,42.26394,2.9583585932208254,19.08557449132545,4.368703983028085,2.385358607813077,0.9960864960338655
2019-03-05,41.903804779052734,42.371643,2.9583585932208254,19.08557449132545,4.368703983028085,2.385358607813077,0.9960864960338655
2019-03-06,41.66269302368164,42.470047,2.9583585932208254,19.08557449132545,4.368703983028085,2.385358607813077,0.9960864960338655
2019-03-07,41.180458068847656,42.525166,2.9583585932208254,19.08557449132545,4.368703983028085,2.385358607813077,0.9960864960338655
2019-03-08,41.27833557128907,42.495193,2.9583585932208254,19.08557449132545,4.368703983028085,2.385358607813077,0.9960864960338655
2019-03-11,42.70831298828124,42.430397,2.9583585932208254,19.08557449132545,4.368703983028085,2.385358607813077,0.9960864960338655
2019-03-12,43.18815231323242,42.513176,2.9583585932208254,19.08557449132545,4.368703983028085,2.385358607813077,0.9960864960338655
2019-03-13,43.37914276123047,42.72658,2.9583585932208254,19.08557449132545,4.368703983028085,2.385358607813077,0.9960864960338655
2019-03-14,43.861366271972656,43.012505,2.9583585932208254,19.08557449132545,4.368703983028085,2.385358607813077,0.9960864960338655
2019-03-15,44.43191909790039,43.36163,2.9583585932208254,19.08557449132545,4.368703983028085,2.385358607813077,0.9960864960338655
2019-03-18,44.88549041748047,43.772125,2.9583585932208254,19.08557449132545,4.368703983028085,2.385358607813077,0.9960864960338655
2019-03-19,44.52980041503906,44.22352,2.9583585932208254,19.08557449132545,4.368703983028085,2.385358607813077,0.9960864960338655
2019-03-20,44.91893005371094,44.609222,2.9583585932208254,19.08557449132545,4.368703983028085,2.385358607813077,0.9960864960338655
2019-03-21,46.57330703735352,44.95805,2.9583585932208254,19.08557449132545,4.368703983028085,2.385358607813077,0.9960864960338655
2019-03-22,45.608848571777344,45.433167,2.9583585932208254,19.08557449132545,4.368703983028085,2.385358607813077,0.9960864960338655
2019-03-25,45.05738830566406,45.822803,2.9583585932208254,19.08557449132545,4.368703983028085,2.385358607813077,0.9960864960338655
2019-03-26,44.59187316894531,46.057808,2.9583585932208254,19.08557449132545,4.368703983028085,2.385358607813077,0.9960864960338655
2019-03-27,44.99293899536133,46.12595,2.9583585932208254,19.08557449132545,4.368703983028085,2.385358607813077,0.9960864960338655
2019-03-28,45.052616119384766,46.135986,2.9583585932208254,19.08557449132545,4.368703983028085,2.385358607813077,0.9960864960338655
2019-03-29,45.34624862670898,46.119446,2.9583585932208254,19.08557449132545,4.368703983028085,2.385358607813077,0.9960864960338655
2019-04-01,45.65421676635742,46.122528,2.9583585932208254,19.08557449132545,4.368703983028085,2.385358607813077,0.9960864960338655
2019-04-02,46.31787490844727,46.17081,2.9583585932208254,19.08557449132545,4.368703983028085,2.385358607813077,0.9960864960338655
2019-04-03,46.6353874206543,46.313316,2.9583585932208254,19.08557449132545,4.368703983028085,2.385358607813077,0.9960864960338655
2019-04-04,46.71654510498047,46.52922,2.9583585932208254,19.08557449132545,4.368703983028085,2.385358607813077,0.9960864960338655
2019-04-05,47.02928924560547,46.77162,2.9583585932208254,19.08557449132545,4.368703983028085,2.385358607813077,0.9960864960338655
2019-04-08,47.769332885742195,47.036522,2.9583585932208254,19.08557449132545,4.368703983028085,2.385358607813077,0.9960864960338655
2019-04-09,47.62609863281251,47.367523,2.9583585932208254,19.08557449132545,4.368703983028085,2.385358607813077,0.9960864960338655
2019-04-10,47.893463134765625,47.684456,2.9583585932208254,19.08557449132545,4.368703983028085,2.385358607813077,0.9960864960338655
2019-04-11,47.494796752929695,47.98786,2.9583585932208254,19.08557449132545,4.368703983028085,2.385358607813077,0.9960864960338655
2019-04-12,47.4756965637207,48.2059,2.9583585932208254,19.08557449132545,4.368703983028085,2.385358607813077,0.9960864960338655
2019-04-15,47.561641693115234,48.34866,2.9583585932208254,19.08557449132545,4.368703983028085,2.385358607813077,0.9960864960338655
2019-04-16,47.56641387939454,48.44259,2.9583585932208254,19.08557449132545,4.368703983028085,2.385358607813077,0.9960864960338655
2019-04-17,48.49267578125,48.499264,2.9583585932208254,19.08557449132545,4.368703983028085,2.385358607813077,0.9960864960338655
2019-04-18,48.66694641113281,48.631966,2.9583585932208254,19.08557449132545,4.368703983028085,2.385358607813077,0.9960864960338655
2019-04-22,48.82690048217773,48.814003,2.9583585932208254,19.08557449132545,4.368703983028085,2.385358607813077,0.9960864960338655
2019-04-23,49.53114318847656,49.021683,2.9583585932208254,19.08557449132545,4.368703983028085,2.385358607813077,0.9960864960338655
2019-04-24,49.45473861694336,49.299236,2.9583585932208254,19.08557449132545,4.368703983028085,2.385358607813077,0.9960864960338655
2019-04-25,49.00594711303711,49.57786,2.9583585932208254,19.08557449132545,4.368703983028085,2.385358607813077,0.9960864960338655
2019-04-26,48.771995544433594,49.775703,2.9583585932208254,19.08557449132545,4.368703983028085,2.385358607813077,0.9960864960338655
2019-04-29,48.845985412597656,49.87859,2.9583585932208254,19.08557449132545,4.368703983028085,2.385358607813077,0.9960864960338655
2019-04-30,47.90541076660156,49.92395,2.9583585932208254,19.08557449132545,4.368703983028085,2.385358607813077,0.9960864960338655
2019-05-01,50.256866455078125,49.826897,2.9583585932208254,19.08557449132545,4.368703983028085,2.385358607813077,0.9960864960338655
2019-05-02,49.929805755615234,49.920628,2.9583585932208254,19.08557449132545,4.368703983028085,2.385358607813077,0.9960864960338655
2019-05-03,50.55050659179688,50.079723,2.9583585932208254,19.08557449132545,4.368703983028085,2.385358607813077,0.9960864960338655
2019-05-06,49.76986312866211,50.326855,2.9583585932208254,19.08557449132545,4.368703983028085,2.385358607813077,0.9960864960338655
2019-05-07,48.42823028564453,50.509777,2.9583585932208254,19.08557449132545,4.368703983028085,2.385358607813077,0.9960864960338655
2019-05-08,48.43776321411133,50.48436,2.9583585932208254,19.08557449132545,4.368703983028085,2.385358607813077,0.9960864960338655
2019-05-09,47.917339324951165,50.341805,2.9583585932208254,19.08557449132545,4.368703983028085,2.385358607813077,0.9960864960338655
2019-05-10,47.25353240966797,50.090527,2.9583585932208254,19.08557449132545,4.368703983028085,2.385358607813077,0.9960864960338655
2019-05-13,44.507171630859375,49.730675,2.9583585932208254,19.08557449132545,4.368703983028085,2.385358607813077,0.9960864960338655
2019-05-14,45.21173858642578,49.0413,2.9583585932208254,19.08557449132545,4.368703983028085,2.385358607813077,0.9960864960338655
2019-05-15,45.753326416015625,48.314888,2.9583585932208254,19.08557449132545,4.368703983028085,2.385358607813077,0.9960864960338655
2019-05-16,45.55203628540039,47.709118,2.9583585932208254,19.08557449132545,4.368703983028085,2.385358607813077,0.9960864960338655
2019-05-17,45.293212890625,47.217144,2.9583585932208254,19.08557449132545,4.368703983028085,2.385358607813077,0.9960864960338655
2019-05-20,43.87690734863281,46.814167,2.9583585932208254,19.08557449132545,4.368703983028085,2.385358607813077,0.9960864960338655
2019-05-21,44.718055725097656,46.34643,2.9583585932208254,19.08557449132545,4.368703983028085,2.385358607813077,0.9960864960338655
2019-05-22,43.802616119384766,45.984314,2.9583585932208254,19.08557449132545,4.368703983028085,2.385358607813077,0.9960864960338655
2019-05-23,43.0549201965332,45.62081,2.9583585932208254,19.08557449132545,4.368703983028085,2.385358607813077,0.9960864960338655
2019-05-24,42.88956451416017,45.21176,2.9583585932208254,19.08557449132545,4.368703983028085,2.385358607813077,0.9960864960338655
2019-05-28,42.71222305297852,44.80251,2.9583585932208254,19.08557449132545,4.368703983028085,2.385358607813077,0.9960864960338655
2019-05-29,42.50851821899414,44.418762,2.9583585932208254,19.08557449132545,4.368703983028085,2.385358607813077,0.9960864960338655
2019-05-30,42.729000091552734,44.069542,2.9583585932208254,19.08557449132545,4.368703983028085,2.385358607813077,0.9960864960338655
2019-05-31,41.95494079589844,43.80348,2.9583585932208254,19.08557449132545,4.368703983028085,2.385358607813077,0.9960864960338655
2019-06-03,41.53076553344727,43.528374,2.9583585932208254,19.08557449132545,4.368703983028085,2.385358607813077,0.9960864960338655
2019-06-04,43.05011749267578,43.23035,2.9583585932208254,19.08557449132545,4.368703983028085,2.385358607813077,0.9960864960338655
2019-06-05,43.74510192871094,43.121967,2.9583585932208254,19.08557449132545,4.368703983028085,2.385358607813077,0.9960864960338655
2019-06-06,44.387351989746094,43.214066,2.9583585932208254,19.08557449132545,4.368703983028085,2.385358607813077,0.9960864960338655
2019-06-07,45.56879806518555,43.48338,2.9583585932208254,19.08557449132545,4.368703983028085,2.385358607813077,0.9960864960338655
2019-06-10,46.15114974975586,43.95687,2.9583585932208254,19.08557449132545,4.368703983028085,2.385358607813077,0.9960864960338655
2019-06-11,46.6855583190918,44.56116,2.9583585932208254,19.08557449132545,4.368703983028085,2.385358607813077,0.9960864960338655
2019-06-12,46.5369758605957,45.23401,2.9583585932208254,19.08557449132545,4.368703983028085,2.385358607813077,0.9960864960338655
2019-06-13,46.52738952636719,45.85625,2.9583585932208254,19.08557449132545,4.368703983028085,2.385358607813077,0.9960864960338655
2019-06-14,46.189491271972656,46.380577,2.9583585932208254,19.08557449132545,4.368703983028085,2.385358607813077,0.9960864960338655
2019-06-17,46.465087890625,46.754726,2.9583585932208254,19.08557449132545,4.368703983028085,2.385358607813077,0.9960864960338655
2019-06-18,47.55786895751954,47.033768,2.9583585932208254,19.08557449132545,4.368703983028085,2.385358607813077,0.9960864960338655
2019-06-19,47.41887664794922,47.351635,2.9583585932208254,19.08557449132545,4.368703983028085,2.385358607813077,0.9960864960338655
2019-06-20,47.79991149902344,47.64353,2.9583585932208254,19.08557449132545,4.368703983028085,2.385358607813077,0.9960864960338655
2019-06-21,47.6369743347168,47.93098,2.9583585932208254,19.08557449132545,4.368703983028085,2.385358607813077,0.9960864960338655
2019-06-24,47.58902359008789,48.16619,2.9583585932208254,19.08557449132545,4.368703983028085,2.385358607813077,0.9960864960338655
2019-06-25,46.86769485473633,48.33962,2.9583585932208254,19.08557449132545,4.368703983028085,2.385358607813077,0.9960864960338655
2019-06-26,47.88138961791992,48.377586,2.9583585932208254,19.08557449132545,4.368703983028085,2.385358607813077,0.9960864960338655
2019-06-27,47.86701202392578,48.445885,2.9583585932208254,19.08557449132545,4.368703983028085,2.385358607813077,0.9960864960338655
2019-06-28,47.43086624145508,48.523464,2.9583585932208254,19.08557449132545,4.368703983028085,2.385358607813077,0.9960864960338655
2019-07-01,48.300777435302734,48.54855,2.9583585932208254,19.08557449132545,4.368703983028085,2.385358607813077,0.9960864960338655
2019-07-02,48.583564758300774,48.63665,2.9583585932208254,19.08557449132545,4.368703983028085,2.385358607813077,0.9960864960338655
2019-07-03,48.98617172241211,48.783043,2.9583585932208254,19.08557449132545,4.368703983028085,2.385358607813077,0.9960864960338655
2019-07-05,48.94302368164063,48.991146,2.9583585932208254,19.08557449132545,4.368703983028085,2.385358607813077,0.9960864960338655
2019-07-08,47.93411636352539,49.206436,2.9583585932208254,19.08557449132545,4.368703983028085,2.385358607813077,0.9960864960338655
2019-07-09,48.22648239135742,49.28868,2.9583585932208254,19.08557449132545,4.368703983028085,2.385358607813077,0.9960864960338655
2019-07-10,48.70338058471679,49.316795,2.9583585932208254,19.08557449132545,4.368703983028085,2.385358607813077,0.9960864960338655
2019-07-11,48.34871292114258,49.364647,2.9583585932208254,19.08557449132545,4.368703983028085,2.385358607813077,0.9960864960338655
2019-07-12,48.72016906738281,49.3798,2.9583585932208254,19.08557449132545,4.368703983028085,2.385358607813077,0.9960864960338655
2019-07-15,49.17789077758789,49.41557,2.9583585932208254,19.08557449132545,4.368703983028085,2.385358607813077,0.9960864960338655
2019-07-16,49.00774002075195,49.510548,2.9583585932208254,19.08557449132545,4.368703983028085,2.385358607813077,0.9960864960338655
2019-07-17,48.73215103149414,49.610188,2.9583585932208254,19.08557449132545,4.368703983028085,2.385358607813077,0.9960864960338655
2019-07-18,49.28573989868164,49.670074,2.9583585932208254,19.08557449132545,4.368703983028085,2.385358607813077,0.9960864960338655
2019-07-19,48.55000686645508,49.761715,2.9583585932208254,19.08557449132545,4.368703983028085,2.385358607813077,0.9960864960338655
2019-07-22,49.65957260131836,49.779892,2.9583585932208254,19.08557449132545,4.368703983028085,2.385358607813077,0.9960864960338655
2019-07-23,50.04779815673828,49.87689,2.9583585932208254,19.08557449132545,4.368703983028085,2.385358607813077,0.9960864960338655
2019-07-24,50.007057189941406,50.05301,2.9583585932208254,19.08557449132545,4.368703983028085,2.385358607813077,0.9960864960338655
2019-07-25,49.61165237426758,50.25072,2.9583585932208254,19.08557449132545,4.368703983028085,2.385358607813077,0.9960864960338655
2019-07-26,49.78419494628906,50.394394,2.9583585932208254,19.08557449132545,4.368703983028085,2.385358607813077,0.9960864960338655
2019-07-29,50.24909591674805,50.509846,2.9583585932208254,19.08557449132545,4.368703983028085,2.385358607813077,0.9960864960338655
2019-07-30,50.03342437744141,50.648632,2.9583585932208254,19.08557449132545,4.368703983028085,2.385358607813077,0.9960864960338655
2019-07-31,51.054317474365234,50.76222,2.9583585932208254,19.08557449132545,4.368703983028085,2.385358607813077,0.9960864960338655
2019-08-01,49.94954299926758,50.962566,2.9583585932208254,19.08557449132545,4.368703983028085,2.385358607813077,0.9960864960338655
2019-08-02,48.892704010009766,51.068478,2.9583585932208254,19.08557449132545,4.368703983028085,2.385358607813077,0.9960864960338655
2019-08-05,46.333274841308594,50.989204,2.9583585932208254,19.08557449132545,4.368703983028085,2.385358607813077,0.9960864960338655
2019-08-06,47.21038818359375,50.525856,2.9583585932208254,19.08557449132545,4.368703983028085,2.385358607813077,0.9960864960338655
2019-08-07,47.69926452636719,49.989292,2.9583585932208254,19.08557449132545,4.368703983028085,2.385358607813077,0.9960864960338655
2019-08-08,48.75131607055664,49.5268,2.9583585932208254,19.08557449132545,4.368703983028085,2.385358607813077,0.9960864960338655
2019-08-09,48.34957504272461,49.27614,2.9583585932208254,19.08557449132545,4.368703983028085,2.385358607813077,0.9960864960338655
2019-08-12,48.226898193359375,49.12992,2.9583585932208254,19.08557449132545,4.368703983028085,2.385358607813077,0.9960864960338655
2019-08-13,50.26922607421875,49.04369,2.9583585932208254,19.08557449132545,4.368703983028085,2.385358607813077,0.9960864960338655
2019-08-14,48.77296447753906,49.22751,2.9583585932208254,19.08557449132545,4.368703983028085,2.385358607813077,0.9960864960338655
2019-08-15,48.5299949645996,49.380043,2.9583585932208254,19.08557449132545,4.368703983028085,2.385358607813077,0.9960864960338655
2019-08-16,49.67505645751953,49.468018,2.9583585932208254,19.08557449132545,4.368703983028085,2.385358607813077,0.9960864960338655
2019-08-19,50.601200103759766,49.636757,2.9583585932208254,19.08557449132545,4.368703983028085,2.385358607813077,0.9960864960338655
2019-08-20,50.603607177734375,49.93858,2.9583585932208254,19.08557449132545,4.368703983028085,2.385358607813077,0.9960864960338655
2019-08-21,51.15208053588867,50.28527,2.9583585932208254,19.08557449132545,4.368703983028085,2.385358607813077,0.9960864960338655
2019-08-22,51.10878372192383,50.680813,2.9583585932208254,19.08557449132545,4.368703983028085,2.385358607813077,0.9960864960338655
2019-08-23,48.74650955200196,51.05679,2.9583585932208254,19.08557449132545,4.368703983028085,2.385358607813077,0.9960864960338655
2019-08-26,49.67265319824218,51.116947,2.9583585932208254,19.08557449132545,4.368703983028085,2.385358607813077,0.9960864960338655
2019-08-27,49.112152099609375,51.09089,2.9583585932208254,19.08557449132545,4.368703983028085,2.385358607813077,0.9960864960338655
2019-08-28,49.441707611083984,50.958412,2.9583585932208254,19.08557449132545,4.368703983028085,2.385358607813077,0.9960864960338655
2019-08-29,50.27885437011719,50.81689,2.9583585932208254,19.08557449132545,4.368703983028085,2.385358607813077,0.9960864960338655
2019-08-30,50.21390914916992,50.780087,2.9583585932208254,19.08557449132545,4.368703983028085,2.385358607813077,0.9960864960338655
2019-09-03,49.48259735107422,50.800816,2.9583585932208254,19.08557449132545,4.368703983028085,2.385358607813077,0.9960864960338655
2019-09-04,50.3221549987793,50.76962,2.9583585932208254,19.08557449132545,4.368703983028085,2.385358607813077,0.9960864960338655
2019-09-05,51.3060302734375,50.803913,2.9583585932208254,19.08557449132545,4.368703983028085,2.385358607813077,0.9960864960338655
2019-09-06,51.30122375488281,50.982105,2.9583585932208254,19.08557449132545,4.368703983028085,2.385358607813077,0.9960864960338655
2019-09-09,51.52012252807617,51.22315,2.9583585932208254,19.08557449132545,4.368703983028085,2.385358607813077,0.9960864960338655
2019-09-10,52.12873458862305,51.49727,2.9583585932208254,19.08557449132545,4.368703983028085,2.385358607813077,0.9960864960338655
2019-09-11,53.78617477416992,51.82772,2.9583585932208254,19.08557449132545,4.368703983028085,2.385358607813077,0.9960864960338655
2019-09-12,53.66588592529297,52.339405,2.9583585932208254,19.08557449132545,4.368703983028085,2.385358607813077,0.9960864960338655
2019-09-13,52.62187576293945,52.887028,2.9583585932208254,19.08557449132545,4.368703983028085,2.385358607813077,0.9960864960338655
2019-09-16,52.89852142333984,53.278088,2.9583585932208254,19.08557449132545,4.368703983028085,2.385358607813077,0.9960864960338655
2019-09-17,53.090965270996094,53.566055,2.9583585932208254,19.08557449132545,4.368703983028085,2.385358607813077,0.9960864960338655
2019-09-18,53.58891677856445,53.78594,2.9583585932208254,19.08557449132545,4.368703983028085,2.385358607813077,0.9960864960338655
2019-09-19,53.15351104736328,53.999397,2.9583585932208254,19.08557449132545,4.368703983028085,2.385358607813077,0.9960864960338655
2019-09-20,52.37651062011719,54.138428,2.9583585932208254,19.08557449132545,4.368703983028085,2.385358607813077,0.9960864960338655
2019-09-23,52.614654541015625,54.13254,2.9583585932208254,19.08557449132545,4.368703983028085,2.385358607813077,0.9960864960338655
2019-09-24,52.36448669433593,54.06991,2.9583585932208254,19.08557449132545,4.368703983028085,2.385358607813077,0.9960864960338655
2019-09-25,53.17034912109375,53.95417,2.9583585932208254,19.08557449132545,4.368703983028085,2.385358607813077,0.9960864960338655
2019-09-26,52.896114349365234,53.910137,2.9583585932208254,19.08557449132545,4.368703983028085,2.385358607813077,0.9960864960338655
2019-09-27,52.63871383666992,53.88195,2.9583585932208254,19.08557449132545,4.368703983028085,2.385358607813077,0.9960864960338655
2019-09-30,53.87759399414063,53.836,2.9583585932208254,19.08557449132545,4.368703983028085,2.385358607813077,0.9960864960338655
2019-10-01,54.02672958374025,53.921738,2.9583585932208254,19.08557449132545,4.368703983028085,2.385358607813077,0.9960864960338655
2019-10-02,52.672401428222656,54.09086,2.9583585932208254,19.08557449132545,4.368703983028085,2.385358607813077,0.9960864960338655
2019-10-03,53.11983108520508,54.137466,2.9583585932208254,19.08557449132545,4.368703983028085,2.385358607813077,0.9960864960338655
2019-10-04,54.60887908935547,54.156258,2.9583585932208254,19.08557449132545,4.368703983028085,2.385358607813077,0.9960864960338655
2019-10-07,54.62091064453125,54.32358,2.9583585932208254,19.08557449132545,4.368703983028085,2.385358607813077,0.9960864960338655
2019-10-08,53.98102569580078,54.560947,2.9583585932208254,19.08557449132545,4.368703983028085,2.385358607813077,0.9960864960338655
2019-10-09,54.61368179321289,54.74069,2.9583585932208254,19.08557449132545,4.368703983028085,2.385358607813077,0.9960864960338655
2019-10-10,55.34980392456055,54.936954,2.9583585932208254,19.08557449132545,4.368703983028085,2.385358607813077,0.9960864960338655
2019-10-11,56.822013854980476,55.203953,2.9583585932208254,19.08557449132545,4.368703983028085,2.385358607813077,0.9960864960338655
2019-10-14,56.74022674560547,55.64712,2.9583585932208254,19.08557449132545,4.368703983028085,2.385358607813077,0.9960864960338655
2019-10-15,56.60790634155273,56.134987,2.9583585932208254,19.08557449132545,4.368703983028085,2.385358607813077,0.9960864960338655
2019-10-16,56.37938690185547,56.57941,2.9583585932208254,19.08557449132545,4.368703983028085,2.385358607813077,0.9960864960338655
2019-10-17,56.59829330444336,56.924187,2.9583585932208254,19.08557449132545,4.368703983028085,2.385358607813077,0.9960864960338655
2019-10-18,56.87010955810547,57.198364,2.9583585932208254,19.08557449132545,4.368703983028085,2.385358607813077,0.9960864960338655
2019-10-21,57.856403350830085,57.433174,2.9583585932208254,19.08557449132545,4.368703983028085,2.385358607813077,0.9960864960338655
2019-10-22,57.72410202026367,57.73037,2.9583585932208254,19.08557449132545,4.368703983028085,2.385358607813077,0.9960864960338655
2019-10-23,58.49868392944336,58.017376,2.9583585932208254,19.08557449132545,4.368703983028085,2.385358607813077,0.9960864960338655
2019-10-24,58.594913482666016,58.35271,2.9583585932208254,19.08557449132545,4.368703983028085,2.385358607813077,0.9960864960338655
2019-10-25,59.31657791137695,58.69007,2.9583585932208254,19.08557449132545,4.368703983028085,2.385358607813077,0.9960864960338655
2019-10-28,59.9107551574707,59.071346,2.9583585932208254,19.08557449132545,4.368703983028085,2.385358607813077,0.9960864960338655
2019-10-29,58.525150299072266,59.50234,2.9583585932208254,19.08557449132545,4.368703983028085,2.385358607813077,0.9960864960338655
2019-10-30,58.51793670654297,59.760544,2.9583585932208254,19.08557449132545,4.368703983028085,2.385358607813077,0.9960864960338655
2019-10-31,59.84099578857422,59.88837,2.9583585932208254,19.08557449132545,4.368703983028085,2.385358607813077,0.9960864960338655
2019-11-01,61.539337158203125,60.07481,2.9583585932208254,19.08557449132545,4.368703983028085,2.385358607813077,0.9960864960338655
2019-11-04,61.94346618652344,60.46525,2.9583585932208254,19.08557449132545,4.368703983028085,2.385358607813077,0.9960864960338655
2019-11-05,61.854469299316406,60.97634,2.9583585932208254,19.08557449132545,4.368703983028085,2.385358607813077,0.9960864960338655
2019-11-06,61.88092422485353,61.489746,2.9583585932208254,19.08557449132545,4.368703983028085,2.385358607813077,0.9960864960338655
2019-11-07,62.59510803222656,61.949574,2.9583585932208254,19.08557449132545,4.368703983028085,2.385358607813077,0.9960864960338655
2019-11-08,62.76641082763672,62.40693,2.9583585932208254,19.08557449132545,4.368703983028085,2.385358607813077,0.9960864960338655
2019-11-11,63.263450622558594,62.832554,2.9583585932208254,19.08557449132545,4.368703983028085,2.385358607813077,0.9960864960338655
2019-11-12,63.20555114746093,63.248734,2.9583585932208254,19.08557449132545,4.368703983028085,2.385358607813077,0.9960864960338655
2019-11-13,63.8111686706543,63.608044,2.9583585932208254,19.08557449132545,4.368703983028085,2.385358607813077,0.9960864960338655
2019-11-14,63.36962890625,63.96242,2.9583585932208254,19.08557449132545,4.368703983028085,2.385358607813077,0.9960864960338655
2019-11-15,64.12240600585938,64.22673,2.9583585932208254,19.08557449132545,4.368703983028085,2.385358607813077,0.9960864960338655
2019-11-18,64.44573211669922,64.49319,2.9583585932208254,19.08557449132545,4.368703983028085,2.385358607813077,0.9960864960338655
2019-11-19,64.25030517578125,64.76834,2.9583585932208254,19.08557449132545,4.368703983028085,2.385358607813077,0.9960864960338655
2019-11-20,63.50234603881836,64.996574,2.9583585932208254,19.08557449132545,4.368703983028085,2.385358607813077,0.9960864960338655
2019-11-21,63.217620849609375,65.08898,2.9583585932208254,19.08557449132545,4.368703983028085,2.385358607813077,0.9960864960338655
2019-11-22,63.16211700439453,65.06034,2.9583585932208254,19.08557449132545,4.368703983028085,2.385358607813077,0.9960864960338655
2019-11-25,64.26959228515625,64.95886,2.9583585932208254,19.08557449132545,4.368703983028085,2.385358607813077,0.9960864960338655
2019-11-26,63.767730712890625,64.94968,2.9583585932208254,19.08557449132545,4.368703983028085,2.385358607813077,0.9960864960338655
2019-11-27,64.62425994873047,64.939835,2.9583585932208254,19.08557449132545,4.368703983028085,2.385358607813077,0.9960864960338655
2019-11-29,64.48191833496094,65.024185,2.9583585932208254,19.08557449132545,4.368703983028085,2.385358607813077,0.9960864960338655
2019-12-02,63.736366271972656,65.13755,2.9583585932208254,19.08557449132545,4.368703983028085,2.385358607813077,0.9960864960338655
2019-12-03,62.59992980957031,65.17109,2.9583585932208254,19.08557449132545,4.368703983028085,2.385358607813077,0.9960864960338655
2019-12-04,63.15245056152344,65.02729,2.9583585932208254,19.08557449132545,4.368703983028085,2.385358607813077,0.9960864960338655
2019-12-05,64.0789566040039,64.8574,2.9583585932208254,19.08557449132545,4.368703983028085,2.385358607813077,0.9960864960338655
2019-12-06,65.31672668457031,64.79528,2.9583585932208254,19.08557449132545,4.368703983028085,2.385358607813077,0.9960864960338655
2019-12-09,64.40229034423828,64.94056,2.9583585932208254,19.08557449132545,4.368703983028085,2.385358607813077,0.9960864960338655
2019-12-10,64.77869415283203,65.08828,2.9583585932208254,19.08557449132545,4.368703983028085,2.385358607813077,0.9960864960338655
2019-12-11,65.33123016357422,65.2606,2.9583585932208254,19.08557449132545,4.368703983028085,2.385358607813077,0.9960864960338655
2019-12-12,65.49768829345703,65.489265,2.9583585932208254,19.08557449132545,4.368703983028085,2.385358607813077,0.9960864960338655
2019-12-13,66.38803100585938,65.74416,2.9583585932208254,19.08557449132545,4.368703983028085,2.385358607813077,0.9960864960338655
2019-12-16,67.52444458007812,66.08508,2.9583585932208254,19.08557449132545,4.368703983028085,2.385358607813077,0.9960864960338655
2019-12-17,67.65716552734375,66.56516,2.9583585932208254,19.08557449132545,4.368703983028085,2.385358607813077,0.9960864960338655
2019-12-18,67.4954833984375,67.08845,2.9583585932208254,19.08557449132545,4.368703983028085,2.385358607813077,0.9960864960338655
2019-12-19,67.56304931640625,67.561,2.9583585932208254,19.08557449132545,4.368703983028085,2.385358607813077,0.9960864960338655
2019-12-20,67.42310333251953,67.95983,2.9583585932208254,19.08557449132545,4.368703983028085,2.385358607813077,0.9960864960338655
2019-12-23,68.52335357666016,68.257706,2.9583585932208254,19.08557449132545,4.368703983028085,2.385358607813077,0.9960864960338655
2019-12-24,68.5885009765625,68.58753,2.9583585932208254,19.08557449132545,4.368703983028085,2.385358607813077,0.9960864960338655
2019-12-26,69.94930267333984,68.90886,2.9583585932208254,19.08557449132545,4.368703983028085,2.385358607813077,0.9960864960338655
2019-12-27,69.92276763916016,69.34111,2.9583585932208254,19.08557449132545,4.368703983028085,2.385358607813077,0.9960864960338655
2019-12-30,70.33776092529297,69.788124,2.9583585932208254,19.08557449132545,4.368703983028085,2.385358607813077,0.9960864960338655
2019-12-31,70.8516845703125,70.239784,2.9583585932208254,19.08557449132545,4.368703983028085,2.385358607813077,0.9960864960338655
2020-01-02,72.46826934814453,70.70139,2.9583585932208254,19.08557449132545,4.368703983028085,2.385358607813077,0.9960864960338655
2020-01-03,71.76372528076172,71.29734,2.9583585932208254,19.08557449132545,4.368703983028085,2.385358607813077,0.9960864960338655
2020-01-06,72.33554840087889,71.82871,2.9583585932208254,19.08557449132545,4.368703983028085,2.385358607813077,0.9960864960338655
2020-01-07,71.99535369873047,72.326416,2.9583585932208254,19.08557449132545,4.368703983028085,2.385358607813077,0.9960864960338655
2020-01-08,73.15351104736328,72.71308,2.9583585932208254,19.08557449132545,4.368703983028085,2.385358607813077,0.9960864960338655
2020-01-09,74.70732879638672,73.121376,2.9583585932208254,19.08557449132545,4.368703983028085,2.385358607813077,0.9960864960338655
2020-01-10,74.876220703125,73.67096,2.9583585932208254,19.08557449132545,4.368703983028085,2.385358607813077,0.9960864960338655
2020-01-13,76.47591400146484,74.26185,2.9583585932208254,19.08557449132545,4.368703983028085,2.385358607813077,0.9960864960338655
2020-01-14,75.44322967529297,74.987755,2.9583585932208254,19.08557449132545,4.368703983028085,2.385358607813077,0.9960864960338655
2020-01-15,75.11991882324219,75.598564,2.9583585932208254,19.08557449132545,4.368703983028085,2.385358607813077,0.9960864960338655
2020-01-16,76.0609130859375,76.03822,2.9583585932208254,19.08557449132545,4.368703983028085,2.385358607813077,0.9960864960338655
2020-01-17,76.90299224853516,76.43493,2.9583585932208254,19.08557449132545,4.368703983028085,2.385358607813077,0.9960864960338655
2020-01-21,76.3818130493164,76.85836,2.9583585932208254,19.08557449132545,4.368703983028085,2.385358607813077,0.9960864960338655
2020-01-22,76.65446472167969,77.19443,2.9583585932208254,19.08557449132545,4.368703983028085,2.385358607813077,0.9960864960338655
2020-01-23,77.02359771728516,77.47248,2.9583585932208254,19.08557449132545,4.368703983028085,2.385358607813077,0.9960864960338655
2020-01-24,76.8016357421875,77.72751,2.9583585932208254,19.08557449132545,4.368703983028085,2.385358607813077,0.9960864960338655
2020-01-27,74.54325103759766,77.91692,2.9583585932208254,19.08557449132545,4.368703983028085,2.385358607813077,0.9960864960338655
2020-01-28,76.65204620361328,77.79755,2.9583585932208254,19.08557449132545,4.368703983028085,2.385358607813077,0.9960864960338655
2020-01-29,78.25654602050781,77.74337,2.9583585932208254,19.08557449132545,4.368703983028085,2.385358607813077,0.9960864960338655
2020-01-30,78.14314270019531,77.91292,2.9583585932208254,19.08557449132545,4.368703983028085,2.385358607813077,0.9960864960338655
2020-01-31,74.67837524414062,78.18127,2.9583585932208254,19.08557449132545,4.368703983028085,2.385358607813077,0.9960864960338655
2020-02-03,74.47329711914062,78.09219,2.9583585932208254,19.08557449132545,4.368703983028085,2.385358607813077,0.9960864960338655
2020-02-04,76.93193817138672,77.77866,2.9583585932208254,19.08557449132545,4.368703983028085,2.385358607813077,0.9960864960338655
2020-02-05,77.55924987792969,77.64232,2.9583585932208254,19.08557449132545,4.368703983028085,2.385358607813077,0.9960864960338655
2020-02-06,78.46648406982422,77.69607,2.9583585932208254,19.08557449132545,4.368703983028085,2.385358607813077,0.9960864960338655
2020-02-07,77.39990997314453,77.95334,2.9583585932208254,19.08557449132545,4.368703983028085,2.385358607813077,0.9960864960338655
2020-02-10,77.76750946044922,78.18106,2.9583585932208254,19.08557449132545,4.368703983028085,2.385358607813077,0.9960864960338655
2020-02-11,77.2983169555664,78.40431,2.9583585932208254,19.08557449132545,4.368703983028085,2.385358607813077,0.9960864960338655
2020-02-12,79.13400268554686,78.54864,2.9583585932208254,19.08557449132545,4.368703983028085,2.385358607813077,0.9960864960338655
2020-02-13,78.57047271728516,78.83398,2.9583585932208254,19.08557449132545,4.368703983028085,2.385358607813077,0.9960864960338655
2020-02-14,78.58979797363281,79.10984,2.9583585932208254,19.08557449132545,4.368703983028085,2.385358607813077,0.9960864960338655
2020-02-18,77.15078735351562,79.351326,2.9583585932208254,19.08557449132545,4.368703983028085,2.385358607813077,0.9960864960338655
2020-02-19,78.26814270019531,79.38787,2.9583585932208254,19.08557449132545,4.368703983028085,2.385358607813077,0.9960864960338655
2020-02-20,77.4651870727539,79.424484,2.9583585932208254,19.08557449132545,4.368703983028085,2.385358607813077,0.9960864960338655
2020-02-21,75.71177673339844,79.37097,2.9583585932208254,19.08557449132545,4.368703983028085,2.385358607813077,0.9960864960338655
2020-02-24,72.11540985107422,79.077286,2.9583585932208254,19.08557449132545,4.368703983028085,2.385358607813077,0.9960864960338655
2020-02-25,69.67272186279297,78.27846,2.9583585932208254,19.08557449132545,4.368703983028085,2.385358607813077,0.9960864960338655
2020-02-26,70.77799987792969,77.00289,2.9583585932208254,19.08557449132545,4.368703983028085,2.385358607813077,0.9960864960338655
2020-02-27,66.15135955810547,75.714005,2.9583585932208254,19.08557449132545,4.368703983028085,2.385358607813077,0.9960864960338655
2020-02-28,66.1126708984375,74.04986,2.9583585932208254,19.08557449132545,4.368703983028085,2.385358607813077,0.9960864960338655
2020-03-02,72.26778411865234,72.341965,2.9583585932208254,19.08557449132545,4.368703983028085,2.385358607813077,0.9960864960338655
2020-03-03,69.9726333618164,71.477234,2.9583585932208254,19.08557449132545,4.368703983028085,2.385358607813077,0.9960864960338655
2020-03-04,73.21826171875,70.94379,2.9583585932208254,19.08557449132545,4.368703983028085,2.385358607813077,0.9960864960338655
2020-03-05,70.84329223632812,71.010635,2.9583585932208254,19.08557449132545,4.368703983028085,2.385358607813077,0.9960864960338655
2020-03-06,69.9024887084961,71.15181,2.9583585932208254,19.08557449132545,4.368703983028085,2.385358607813077,0.9960864960338655
2020-03-09,64.37374877929688,71.20966,2.9583585932208254,19.08557449132545,4.368703983028085,2.385358607813077,0.9960864960338655
2020-03-10,69.0100326538086,70.599236,2.9583585932208254,19.08557449132545,4.368703983028085,2.385358607813077,0.9960864960338655
2020-03-11,66.61329650878906,70.18099,2.9583585932208254,19.08557449132545,4.368703983028085,2.385358607813077,0.9960864960338655
2020-03-12,60.034919738769524,69.66416,2.9583585932208254,19.08557449132545,4.368703983028085,2.385358607813077,0.9960864960338655
2020-03-13,67.22760009765625,68.41777,2.9583585932208254,19.08557449132545,4.368703983028085,2.385358607813077,0.9960864960338655
2020-03-16,58.57897567749024,67.68083,2.9583585932208254,19.08557449132545,4.368703983028085,2.385358607813077,0.9960864960338655
2020-03-17,61.15470123291016,66.37006,2.9583585932208254,19.08557449132545,4.368703983028085,2.385358607813077,0.9960864960338655
2020-03-18,59.65763092041016,65.14914,2.9583585932208254,19.08557449132545,4.368703983028085,2.385358607813077,0.9960864960338655
2020-03-19,59.20053482055664,63.951813,2.9583585932208254,19.08557449132545,4.368703983028085,2.385358607813077,0.9960864960338655
2020-03-20,55.4421501159668,62.847107,2.9583585932208254,19.08557449132545,4.368703983028085,2.385358607813077,0.9960864960338655
2020-03-23,54.264335632324226,61.49798,2.9583585932208254,19.08557449132545,4.368703983028085,2.385358607813077,0.9960864960338655
2020-03-24,59.70841598510742,60.020535,2.9583585932208254,19.08557449132545,4.368703983028085,2.385358607813077,0.9960864960338655
2020-03-25,59.37950897216797,59.236332,2.9583585932208254,19.08557449132545,4.368703983028085,2.385358607813077,0.9960864960338655
2020-03-26,62.50423812866211,58.906487,2.9583585932208254,19.08557449132545,4.368703983028085,2.385358607813077,0.9960864960338655
2020-03-27,59.91641616821289,59.218563,2.9583585932208254,19.08557449132545,4.368703983028085,2.385358607813077,0.9960864960338655
2020-03-30,61.626312255859375,59.57801,2.9583585932208254,19.08557449132545,4.368703983028085,2.385358607813077,0.9960864960338655
2020-03-31,61.50054168701172,60.11001,2.9583585932208254,19.08557449132545,4.368703983028085,2.385358607813077,0.9960864960338655
2020-04-01,58.26456832885742,60.67109,2.9583585932208254,19.08557449132545,4.368703983028085,2.385358607813077,0.9960864960338655
2020-04-02,59.236812591552734,60.82928,2.9583585932208254,19.08557449132545,4.368703983028085,2.385358607813077,0.9960864960338655
2020-04-03,58.38549423217773,60.846138,2.9583585932208254,19.08557449132545,4.368703983028085,2.385358607813077,0.9960864960338655
2020-04-06,63.478912353515625,60.69103,2.9583585932208254,19.08557449132545,4.368703983028085,2.385358607813077,0.9960864960338655
2020-04-07,62.74365997314453,61.023384,2.9583585932208254,19.08557449132545,4.368703983028085,2.385358607813077,0.9960864960338655
2020-04-08,64.34957122802734,61.5258,2.9583585932208254,19.08557449132545,4.368703983028085,2.385358607813077,0.9960864960338655
2020-04-09,64.81392669677734,62.247673,2.9583585932208254,19.08557449132545,4.368703983028085,2.385358607813077,0.9960864960338655
2020-04-13,66.08605194091797,63.06858,2.9583585932208254,19.08557449132545,4.368703983028085,2.385358607813077,0.9960864960338655
2020-04-14,69.42362976074219,63.99707,2.9583585932208254,19.08557449132545,4.368703983028085,2.385358607813077,0.9960864960338655
2020-04-15,68.78995513916016,65.256966,2.9583585932208254,19.08557449132545,4.368703983028085,2.385358607813077,0.9960864960338655
2020-04-16,69.33656311035156,66.50249,2.9583585932208254,19.08557449132545,4.368703983028085,2.385358607813077,0.9960864960338655
2020-04-17,68.39574432373047,67.66234,2.9583585932208254,19.08557449132545,4.368703983028085,2.385358607813077,0.9960864960338655
2020-04-20,66.97607421875,68.54252,2.9583585932208254,19.08557449132545,4.368703983028085,2.385358607813077,0.9960864960338655
2020-04-21,64.90580749511719,69.00834,2.9583585932208254,19.08557449132545,4.368703983028085,2.385358607813077,0.9960864960338655
2020-04-22,66.77532958984375,68.956024,2.9583585932208254,19.08557449132545,4.368703983028085,2.385358607813077,0.9960864960338655
2020-04-23,66.51655578613281,68.81934,2.9583585932208254,19.08557449132545,4.368703983028085,2.385358607813077,0.9960864960338655
2020-04-24,68.4368667602539,68.62523,2.9583585932208254,19.08557449132545,4.368703983028085,2.385358607813077,0.9960864960338655
2020-04-27,68.48522186279297,68.632225,2.9583585932208254,19.08557449132545,4.368703983028085,2.385358607813077,0.9960864960338655
2020-04-28,67.37512969970703,68.76013,2.9583585932208254,19.08557449132545,4.368703983028085,2.385358607813077,0.9960864960338655
2020-04-29,69.58809661865234,68.81743,2.9583585932208254,19.08557449132545,4.368703983028085,2.385358607813077,0.9960864960338655
2020-04-30,71.0561294555664,69.06875,2.9583585932208254,19.08557449132545,4.368703983028085,2.385358607813077,0.9960864960338655
2020-05-01,69.91216278076172,69.56728,2.9583585932208254,19.08557449132545,4.368703983028085,2.385358607813077,0.9960864960338655
2020-05-04,70.90132904052734,70.02608,2.9583585932208254,19.08557449132545,4.368703983028085,2.385358607813077,0.9960864960338655
2020-05-05,71.96549224853516,70.5177,2.9583585932208254,19.08557449132545,4.368703983028085,2.385358607813077,0.9960864960338655
2020-05-06,72.70795440673828,71.0925,2.9583585932208254,19.08557449132545,4.368703983028085,2.385358607813077,0.9960864960338655
2020-05-07,73.46012878417969,71.73531,2.9583585932208254,19.08557449132545,4.368703983028085,2.385358607813077,0.9960864960338655
2020-05-08,75.20861053466797,72.43067,2.9583585932208254,19.08557449132545,4.368703983028085,2.385358607813077,0.9960864960338655
2020-05-11,76.39203643798828,73.27415,2.9583585932208254,19.08557449132545,4.368703983028085,2.385358607813077,0.9960864960338655
2020-05-12,75.51899719238281,74.24315,2.9583585932208254,19.08557449132545,4.368703983028085,2.385358607813077,0.9960864960338655
2020-05-13,74.60719299316406,75.082565,2.9583585932208254,19.08557449132545,4.368703983028085,2.385358607813077,0.9960864960338655
2020-05-14,75.06551361083984,75.65319,2.9583585932208254,19.08557449132545,4.368703983028085,2.385358607813077,0.9960864960338655
2020-05-15,74.62174224853516,76.05702,2.9583585932208254,19.08557449132545,4.368703983028085,2.385358607813077,0.9960864960338655
2020-05-18,76.37992095947266,76.27384,2.9583585932208254,19.08557449132545,4.368703983028085,2.385358607813077,0.9960864960338655
2020-05-19,75.93856048583984,76.55447,2.9583585932208254,19.08557449132545,4.368703983028085,2.385358607813077,0.9960864960338655
2020-05-20,77.4154281616211,76.795105,2.9583585932208254,19.08557449132545,4.368703983028085,2.385358607813077,0.9960864960338655
2020-05-21,76.8382568359375,77.148254,2.9583585932208254,19.08557449132545,4.368703983028085,2.385358607813077,0.9960864960338655
2020-05-22,77.33295440673828,77.46437,2.9583585932208254,19.08557449132545,4.368703983028085,2.385358607813077,0.9960864960338655
2020-05-26,76.80913543701172,77.776794,2.9583585932208254,19.08557449132545,4.368703983028085,2.385358607813077,0.9960864960338655
2020-05-27,77.14380645751953,77.994415,2.9583585932208254,19.08557449132545,4.368703983028085,2.385358607813077,0.9960864960338655
2020-05-28,77.1777572631836,78.16907,2.9583585932208254,19.08557449132545,4.368703983028085,2.385358607813077,0.9960864960338655
2020-05-29,77.10258483886719,78.30363,2.9583585932208254,19.08557449132545,4.368703983028085,2.385358607813077,0.9960864960338655
2020-06-01,78.05078887939453,78.39174,2.9583585932208254,19.08557449132545,4.368703983028085,2.385358607813077,0.9960864960338655
2020-06-02,78.412109375,78.54768,2.9583585932208254,19.08557449132545,4.368703983028085,2.385358607813077,0.9960864960338655
2020-06-03,78.84378051757812,78.76614,2.9583585932208254,19.08557449132545,4.368703983028085,2.385358607813077,0.9960864960338655
2020-06-04,78.1647720336914,79.04382,2.9583585932208254,19.08557449132545,4.368703983028085,2.385358607813077,0.9960864960338655
2020-06-05,80.39098358154297,79.2497,2.9583585932208254,19.08557449132545,4.368703983028085,2.385358607813077,0.9960864960338655
2020-06-08,80.86627960205078,79.635704,2.9583585932208254,19.08557449132545,4.368703983028085,2.385358607813077,0.9960864960338655
2020-06-09,83.41987609863281,80.138,2.9583585932208254,19.08557449132545,4.368703983028085,2.385358607813077,0.9960864960338655
2020-06-10,85.56607055664062,80.933495,2.9583585932208254,19.08557449132545,4.368703983028085,2.385358607813077,0.9960864960338655
2020-06-11,81.45801544189455,82.049324,2.9583585932208254,19.08557449132545,4.368703983028085,2.385358607813077,0.9960864960338655
2020-06-12,82.16124725341797,82.77564,2.9583585932208254,19.08557449132545,4.368703983028085,2.385358607813077,0.9960864960338655
2020-06-15,83.1773681640625,83.26924,2.9583585932208254,19.08557449132545,4.368703983028085,2.385358607813077,0.9960864960338655
2020-06-16,85.38174438476562,83.68946,2.9583585932208254,19.08557449132545,4.368703983028085,2.385358607813077,0.9960864960338655
2020-06-17,85.262939453125,84.26796,2.9583585932208254,19.08557449132545,4.368703983028085,2.385358607813077,0.9960864960338655
2020-06-18,85.29688262939453,84.86519,2.9583585932208254,19.08557449132545,4.368703983028085,2.385358607813077,0.9960864960338655
2020-06-19,84.80944061279297,85.41088,2.9583585932208254,19.08557449132545,4.368703983028085,2.385358607813077,0.9960864960338655
2020-06-22,87.0283889770508,85.81289,2.9583585932208254,19.08557449132545,4.368703983028085,2.385358607813077,0.9960864960338655
2020-06-23,88.88597869873047,86.33147,2.9583585932208254,19.08557449132545,4.368703983028085,2.385358607813077,0.9960864960338655
2020-06-24,87.31694793701172,87.06769,2.9583585932208254,19.08557449132545,4.368703983028085,2.385358607813077,0.9960864960338655
2020-06-25,88.47614288330078,87.67755,2.9583585932208254,19.08557449132545,4.368703983028085,2.385358607813077,0.9960864960338655
2020-06-26,85.75762939453125,88.27165,2.9583585932208254,19.08557449132545,4.368703983028085,2.385358607813077,0.9960864960338655
2020-06-29,87.73407745361328,88.49381,2.9583585932208254,19.08557449132545,4.368703983028085,2.385358607813077,0.9960864960338655
2020-06-30,88.46644592285156,88.69127,2.9583585932208254,19.08557449132545,4.368703983028085,2.385358607813077,0.9960864960338655
2020-07-01,88.29911041259766,88.937256,2.9583585932208254,19.08557449132545,4.368703983028085,2.385358607813077,0.9960864960338655
2020-07-02,88.29911041259766,89.16697,2.9583585932208254,19.08557449132545,4.368703983028085,2.385358607813077,0.9960864960338655
2020-07-06,90.6611328125,89.36107,2.9583585932208254,19.08557449132545,4.368703983028085,2.385358607813077,0.9960864960338655
2020-07-07,90.37982940673828,89.771965,2.9583585932208254,19.08557449132545,4.368703983028085,2.385358607813077,0.9960864960338655
2020-07-08,92.48477935791016,90.23396,2.9583585932208254,19.08557449132545,4.368703983028085,2.385358607813077,0.9960864960338655
2020-07-09,92.88248443603516,90.90385,2.9583585932208254,19.08557449132545,4.368703983028085,2.385358607813077,0.9960864960338655
2020-07-10,93.04498291015624,91.66518,2.9583585932208254,19.08557449132545,4.368703983028085,2.385358607813077,0.9960864960338655
2020-07-13,92.61573791503906,92.41271,2.9583585932208254,19.08557449132545,4.368703983028085,2.385358607813077,0.9960864960338655
2020-07-14,94.1483840942383,93.02274,2.9583585932208254,19.08557449132545,4.368703983028085,2.385358607813077,0.9960864960338655
2020-07-15,94.79586791992188,93.65448,2.9583585932208254,19.08557449132545,4.368703983028085,2.385358607813077,0.9960864960338655
2020-07-16,93.62942504882812,94.30361,2.9583585932208254,19.08557449132545,4.368703983028085,2.385358607813077,0.9960864960338655
2020-07-17,93.4402313232422,94.76515,2.9583585932208254,19.08557449132545,4.368703983028085,2.385358607813077,0.9960864960338655
2020-07-20,95.4094009399414,95.04589,2.9583585932208254,19.08557449132545,4.368703983028085,2.385358607813077,0.9960864960338655
2020-07-21,94.09259033203124,95.408226,2.9583585932208254,19.08557449132545,4.368703983028085,2.385358607813077,0.9960864960338655
2020-07-22,94.35692596435548,95.636986,2.9583585932208254,19.08557449132545,4.368703983028085,2.385358607813077,0.9960864960338655
2020-07-23,90.06214904785156,95.79043,2.9583585932208254,19.08557449132545,4.368703983028085,2.385358607813077,0.9960864960338655
2020-07-24,89.83902740478516,95.41281,2.9583585932208254,19.08557449132545,4.368703983028085,2.385358607813077,0.9960864960338655
2020-07-27,91.96825408935548,94.73991,2.9583585932208254,19.08557449132545,4.368703983028085,2.385358607813077,0.9960864960338655
2020-07-28,90.45744323730469,94.20519,2.9583585932208254,19.08557449132545,4.368703983028085,2.385358607813077,0.9960864960338655
2020-07-29,92.19134521484376,93.64641,2.9583585932208254,19.08557449132545,4.368703983028085,2.385358607813077,0.9960864960338655
2020-07-30,93.30687713623048,93.32144,2.9583585932208254,19.08557449132545,4.368703983028085,2.385358607813077,0.9960864960338655
2020-07-31,103.0750503540039,93.28937,2.9583585932208254,19.08557449132545,4.368703983028085,2.385358607813077,0.9960864960338655
2020-08-03,105.67229461669923,94.49871,2.9583585932208254,19.08557449132545,4.368703983028085,2.385358607813077,0.9960864960338655
2020-08-04,106.37798309326173,96.58448,2.9583585932208254,19.08557449132545,4.368703983028085,2.385358607813077,0.9960864960338655
2020-08-05,106.76355743408205,99.02039,2.9583585932208254,19.08557449132545,4.368703983028085,2.385358607813077,0.9960864960338655
2020-08-06,110.48846435546876,101.42896,2.9583585932208254,19.08557449132545,4.368703983028085,2.385358607813077,0.9960864960338655
2020-08-07,107.9764404296875,103.964195,2.9583585932208254,19.08557449132545,4.368703983028085,2.385358607813077,0.9960864960338655
2020-08-10,109.5458526611328,106.029594,2.9583585932208254,19.08557449132545,4.368703983028085,2.385358607813077,0.9960864960338655
2020-08-11,106.2879638671875,107.76987,2.9583585932208254,19.08557449132545,4.368703983028085,2.385358607813077,0.9960864960338655
2020-08-12,109.8203811645508,108.78612,2.9583585932208254,19.08557449132545,4.368703983028085,2.385358607813077,0.9960864960338655
2020-08-13,111.76393127441406,109.65982,2.9583585932208254,19.08557449132545,4.368703983028085,2.385358607813077,0.9960864960338655
2020-08-14,111.66431427001952,110.57842,2.9583585932208254,19.08557449132545,4.368703983028085,2.385358607813077,0.9960864960338655
2020-08-17,111.37277221679686,111.4167,2.9583585932208254,19.08557449132545,4.368703983028085,2.385358607813077,0.9960864960338655
2020-08-18,112.30081176757812,112.0842,2.9583585932208254,19.08557449132545,4.368703983028085,2.385358607813077,0.9960864960338655
2020-08-19,112.44175720214844,112.679016,2.9583585932208254,19.08557449132545,4.368703983028085,2.385358607813077,0.9960864960338655
2020-08-20,114.93678283691406,113.18202,2.9583585932208254,19.08557449132545,4.368703983028085,2.385358607813077,0.9960864960338655
2020-08-21,120.85975646972656,113.84654,2.9583585932208254,19.08557449132545,4.368703983028085,2.385358607813077,0.9960864960338655
2020-08-24,122.30526733398438,115.17629,2.9583585932208254,19.08557449132545,4.368703983028085,2.385358607813077,0.9960864960338655
2020-08-25,121.3019027709961,116.90669,2.9583585932208254,19.08557449132545,4.368703983028085,2.385358607813077,0.9960864960338655
2020-08-26,122.95149993896484,118.567085,2.9583585932208254,19.08557449132545,4.368703983028085,2.385358607813077,0.9960864960338655
2020-08-27,121.48170471191406,120.178696,2.9583585932208254,19.08557449132545,4.368703983028085,2.385358607813077,0.9960864960338655
2020-08-28,121.2848892211914,121.42898,2.9583585932208254,19.08557449132545,4.368703983028085,2.385358607813077,0.9960864960338655
2020-08-31,125.39795684814452,122.31168,2.9583585932208254,19.08557449132545,4.368703983028085,2.385358607813077,0.9960864960338655
2020-09-01,130.3928680419922,123.33325,2.9583585932208254,19.08557449132545,4.368703983028085,2.385358607813077,0.9960864960338655
2020-09-02,127.69130706787111,124.87215,2.9583585932208254,19.08557449132545,4.368703983028085,2.385358607813077,0.9960864960338655
2020-09-03,117.4682388305664,126.25744,2.9583585932208254,19.08557449132545,4.368703983028085,2.385358607813077,0.9960864960338655
2020-09-04,117.54598999023438,126.290985,2.9583585932208254,19.08557449132545,4.368703983028085,2.385358607813077,0.9960864960338655
2020-09-08,109.63575744628906,125.53213,2.9583585932208254,19.08557449132545,4.368703983028085,2.385358607813077,0.9960864960338655
2020-09-09,114.00873565673828,123.54728,2.9583585932208254,19.08557449132545,4.368703983028085,2.385358607813077,0.9960864960338655
2020-09-10,110.28683471679688,121.53689,2.9583585932208254,19.08557449132545,4.368703983028085,2.385358607813077,0.9960864960338655
2020-09-11,108.83889770507812,119.3375,2.9583585932208254,19.08557449132545,4.368703983028085,2.385358607813077,0.9960864960338655
2020-09-14,112.1040496826172,117.10308,2.9583585932208254,19.08557449132545,4.368703983028085,2.385358607813077,0.9960864960338655
2020-09-15,112.27896881103516,115.43976,2.9583585932208254,19.08557449132545,4.368703983028085,2.385358607813077,0.9960864960338655
2020-09-16,108.96522521972656,114.30537,2.9583585932208254,19.08557449132545,4.368703983028085,2.385358607813077,0.9960864960338655
2020-09-17,107.22574615478516,113.23174,2.9583585932208254,19.08557449132545,4.368703983028085,2.385358607813077,0.9960864960338655
2020-09-18,103.82452392578124,112.10853,2.9583585932208254,19.08557449132545,4.368703983028085,2.385358607813077,0.9960864960338655
2020-09-21,106.97307586669922,110.702415,2.9583585932208254,19.08557449132545,4.368703983028085,2.385358607813077,0.9960864960338655
2020-09-22,108.65423583984376,109.62365,2.9583585932208254,19.08557449132545,4.368703983028085,2.385358607813077,0.9960864960338655
2020-09-23,104.09662628173828,109.04063,2.9583585932208254,19.08557449132545,4.368703983028085,2.385358607813077,0.9960864960338655
2020-09-24,105.1655731201172,108.3128,2.9583585932208254,19.08557449132545,4.368703983028085,2.385358607813077,0.9960864960338655
2020-09-25,109.11098480224611,107.689285,2.9583585932208254,19.08557449132545,4.368703983028085,2.385358607813077,0.9960864960338655
2020-09-28,111.71533203125,107.6268,2.9583585932208254,19.08557449132545,4.368703983028085,2.385358607813077,0.9960864960338655
2020-09-29,110.86988067626952,108.18543,2.9583585932208254,19.08557449132545,4.368703983028085,2.385358607813077,0.9960864960338655
2020-09-30,112.54134368896484,108.95234,2.9583585932208254,19.08557449132545,4.368703983028085,2.385358607813077,0.9960864960338655
2020-10-01,113.49368286132812,109.93494,2.9583585932208254,19.08557449132545,4.368703983028085,2.385358607813077,0.9960864960338655
2020-10-02,109.8301010131836,111.04147,2.9583585932208254,19.08557449132545,4.368703983028085,2.385358607813077,0.9960864960338655
2020-10-05,113.21189117431639,111.70366,2.9583585932208254,19.08557449132545,4.368703983028085,2.385358607813077,0.9960864960338655
2020-10-06,109.96614074707033,112.402626,2.9583585932208254,19.08557449132545,4.368703983028085,2.385358607813077,0.9960864960338655
2020-10-07,111.83195495605467,112.70404,2.9583585932208254,19.08557449132545,4.368703983028085,2.385358607813077,0.9960864960338655
2020-10-08,111.72506713867188,112.94502,2.9583585932208254,19.08557449132545,4.368703983028085,2.385358607813077,0.9960864960338655
2020-10-09,113.66861724853517,113.120094,2.9583585932208254,19.08557449132545,4.368703983028085,2.385358607813077,0.9960864960338655
2020-10-12,120.8888931274414,113.45124,2.9583585932208254,19.08557449132545,4.368703983028085,2.385358607813077,0.9960864960338655
2020-10-13,117.68204498291016,114.6239,2.9583585932208254,19.08557449132545,4.368703983028085,2.385358607813077,0.9960864960338655
2020-10-14,117.76951599121094,115.81548,2.9583585932208254,19.08557449132545,4.368703983028085,2.385358607813077,0.9960864960338655
2020-10-15,117.30305480957033,116.88789,2.9583585932208254,19.08557449132545,4.368703983028085,2.385358607813077,0.9960864960338655
2020-10-16,115.66075897216795,117.722534,2.9583585932208254,19.08557449132545,4.368703983028085,2.385358607813077,0.9960864960338655
2020-10-19,112.70655822753906,118.151,2.9583585932208254,19.08557449132545,4.368703983028085,2.385358607813077,0.9960864960338655
2020-10-20,114.19337463378906,117.97758,2.9583585932208254,19.08557449132545,4.368703983028085,2.385358607813077,0.9960864960338655
2020-10-21,113.57142639160156,117.6357,2.9583585932208254,19.08557449132545,4.368703983028085,2.385358607813077,0.9960864960338655
2020-10-22,112.4830322265625,117.17213,2.9583585932208254,19.08557449132545,4.368703983028085,2.385358607813077,0.9960864960338655
2020-10-23,111.79308319091795,116.57059,2.9583585932208254,19.08557449132545,4.368703983028085,2.385358607813077,0.9960864960338655
2020-10-26,111.80281066894533,115.877525,2.9583585932208254,19.08557449132545,4.368703983028085,2.385358607813077,0.9960864960338655
2020-10-27,113.30904388427734,115.20568,2.9583585932208254,19.08557449132545,4.368703983028085,2.385358607813077,0.9960864960338655
2020-10-28,108.06144714355467,114.781006,2.9583585932208254,19.08557449132545,4.368703983028085,2.385358607813077,0.9960864960338655
2020-10-29,112.065185546875,113.97453,2.9583585932208254,19.08557449132545,4.368703983028085,2.385358607813077,0.9960864960338655
2020-10-30,105.78749084472656,113.45996,2.9583585932208254,19.08557449132545,4.368703983028085,2.385358607813077,0.9960864960338655
2020-11-02,105.70003509521483,112.49242,2.9583585932208254,19.08557449132545,4.368703983028085,2.385358607813077,0.9960864960338655
2020-11-03,107.32292175292967,111.34821,2.9583585932208254,19.08557449132545,4.368703983028085,2.385358607813077,0.9960864960338655
2020-11-04,111.70564270019533,110.40418,2.9583585932208254,19.08557449132545,4.368703983028085,2.385358607813077,0.9960864960338655
2020-11-05,115.67046356201172,110.15872,2.9583585932208254,19.08557449132545,4.368703983028085,2.385358607813077,0.9960864960338655
2020-11-06,115.5390625,110.77909,2.9583585932208254,19.08557449132545,4.368703983028085,2.385358607813077,0.9960864960338655
2020-11-09,113.23196411132811,111.81826,2.9583585932208254,19.08557449132545,4.368703983028085,2.385358607813077,0.9960864960338655
2020-11-10,112.89127349853516,112.72927,2.9583585932208254,19.08557449132545,4.368703983028085,2.385358607813077,0.9960864960338655
2020-11-11,116.3178253173828,113.42422,2.9583585932208254,19.08557449132545,4.368703983028085,2.385358607813077,0.9960864960338655
2020-11-12,116.04524230957033,114.29269,2.9583585932208254,19.08557449132545,4.368703983028085,2.385358607813077,0.9960864960338655
2020-11-13,116.09394073486328,115.14621,2.9583585932208254,19.08557449132545,4.368703983028085,2.385358607813077,0.9960864960338655
2020-11-16,117.10632324218749,115.90564,2.9583585932208254,19.08557449132545,4.368703983028085,2.385358607813077,0.9960864960338655
2020-11-17,116.22047424316406,116.64042,2.9583585932208254,19.08557449132545,4.368703983028085,2.385358607813077,0.9960864960338655
2020-11-18,114.89657592773438,117.18878,2.9583585932208254,19.08557449132545,4.368703983028085,2.385358607813077,0.9960864960338655
2020-11-19,115.49038696289062,117.42662,2.9583585932208254,19.08557449132545,4.368703983028085,2.385358607813077,0.9960864960338655
2020-11-20,114.22489166259767,117.52379,2.9583585932208254,19.08557449132545,4.368703983028085,2.385358607813077,0.9960864960338655
2020-11-23,110.82753753662108,117.39487,2.9583585932208254,19.08557449132545,4.368703983028085,2.385358607813077,0.9960864960338655
2020-11-24,112.11249542236328,116.77972,2.9583585932208254,19.08557449132545,4.368703983028085,2.385358607813077,0.9960864960338655
2020-11-25,112.94964599609376,116.086075,2.9583585932208254,19.08557449132545,4.368703983028085,2.385358607813077,0.9960864960338655
2020-11-27,113.49479675292967,115.51678,2.9583585932208254,19.08557449132545,4.368703983028085,2.385358607813077,0.9960864960338655
2020-11-30,115.88949584960939,115.141014,2.9583585932208254,19.08557449132545,4.368703983028085,2.385358607813077,0.9960864960338655
2020-12-01,119.46207427978516,115.17607,2.9583585932208254,19.08557449132545,4.368703983028085,2.385358607813077,0.9960864960338655
2020-12-02,119.81250762939452,115.83216,2.9583585932208254,19.08557449132545,4.368703983028085,2.385358607813077,0.9960864960338655
2020-12-03,119.67621612548828,116.81397,2.9583585932208254,19.08557449132545,4.368703983028085,2.385358607813077,0.9960864960338655
2020-12-04,119.00454711914062,117.85767,2.9583585932208254,19.08557449132545,4.368703983028085,2.385358607813077,0.9960864960338655
2020-12-07,120.46470642089844,118.74771,2.9583585932208254,19.08557449132545,4.368703983028085,2.385358607813077,0.9960864960338655
2020-12-08,121.07801055908205,119.609505,2.9583585932208254,19.08557449132545,4.368703983028085,2.385358607813077,0.9960864960338655
2020-12-09,118.54702758789062,120.43222,2.9583585932208254,19.08557449132545,4.368703983028085,2.385358607813077,0.9960864960338655
2020-12-10,119.96826171875,120.87199,2.9583585932208254,19.08557449132545,4.368703983028085,2.385358607813077,0.9960864960338655
2020-12-11,119.16029357910156,121.19506,2.9583585932208254,19.08557449132545,4.368703983028085,2.385358607813077,0.9960864960338655
2020-12-14,118.54702758789062,121.333405,2.9583585932208254,19.08557449132545,4.368703983028085,2.385358607813077,0.9960864960338655
2020-12-15,124.48506927490234,121.28421,2.9583585932208254,19.08557449132545,4.368703983028085,2.385358607813077,0.9960864960338655
2020-12-16,124.41692352294922,121.775085,2.9583585932208254,19.08557449132545,4.368703983028085,2.385358607813077,0.9960864960338655
2020-12-17,125.28330993652344,122.52611,2.9583585932208254,19.08557449132545,4.368703983028085,2.385358607813077,0.9960864960338655
2020-12-18,123.2974853515625,123.435524,2.9583585932208254,19.08557449132545,4.368703983028085,2.385358607813077,0.9960864960338655
2020-12-21,124.82576751708986,124.12073,2.9583585932208254,19.08557449132545,4.368703983028085,2.385358607813077,0.9960864960338655
2020-12-22,128.37890625,124.76209,2.9583585932208254,19.08557449132545,4.368703983028085,2.385358607813077,0.9960864960338655
2020-12-23,127.48330688476562,125.6952,2.9583585932208254,19.08557449132545,4.368703983028085,2.385358607813077,0.9960864960338655
2020-12-24,128.46649169921875,126.604576,2.9583585932208254,19.08557449132545,4.368703983028085,2.385358607813077,0.9960864960338655
2020-12-28,133.06117248535156,127.50491,2.9583585932208254,19.08557449132545,4.368703983028085,2.385358607813077,0.9960864960338655
2020-12-29,131.28952026367188,128.7988,2.9583585932208254,19.08557449132545,4.368703983028085,2.385358607813077,0.9960864960338655
2020-12-30,130.1699981689453,129.99545,2.9583585932208254,19.08557449132545,4.368703983028085,2.385358607813077,0.9960864960338655
2020-12-31,129.16738891601562,130.88068,2.9583585932208254,19.08557449132545,4.368703983028085,2.385358607813077,0.9960864960338655
2021-01-04,125.97445678710939,131.38034,2.9583585932208254,19.08557449132545,4.368703983028085,2.385358607813077,0.9960864960338655
2021-01-05,127.5319595336914,131.25941,2.9583585932208254,19.08557449132545,4.368703983028085,2.385358607813077,0.9960864960338655
2021-01-06,123.23907470703124,130.95879,2.9583585932208254,19.08557449132545,4.368703983028085,2.385358607813077,0.9960864960338655
2021-01-07,127.44439697265624,130.12976,2.9583585932208254,19.08557449132545,4.368703983028085,2.385358607813077,0.9960864960338655
2021-01-08,128.5443572998047,129.53328,2.9583585932208254,19.08557449132545,4.368703983028085,2.385358607813077,0.9960864960338655
2021-01-11,125.5558624267578,129.26183,2.9583585932208254,19.08557449132545,4.368703983028085,2.385358607813077,0.9960864960338655
2021-01-12,125.38064575195312,128.88367,2.9583585932208254,19.08557449132545,4.368703983028085,2.385358607813077,0.9960864960338655
2021-01-13,127.41517639160156,128.45647,2.9583585932208254,19.08557449132545,4.368703983028085,2.385358607813077,0.9960864960338655
2021-01-14,125.48772430419922,128.26393,2.9583585932208254,19.08557449132545,4.368703983028085,2.385358607813077,0.9960864960338655
2021-01-15,123.76473236083984,128.02127,2.9583585932208254,19.08557449132545,4.368703983028085,2.385358607813077,0.9960864960338655
2021-01-19,124.43640899658205,127.58457,2.9583585932208254,19.08557449132545,4.368703983028085,2.385358607813077,0.9960864960338655
2021-01-20,128.52493286132812,127.1522,2.9583585932208254,19.08557449132545,4.368703983028085,2.385358607813077,0.9960864960338655
2021-01-21,133.23641967773438,127.21226,2.9583585932208254,19.08557449132545,4.368703983028085,2.385358607813077,0.9960864960338655
2021-01-22,135.37806701660156,128.06442,2.9583585932208254,19.08557449132545,4.368703983028085,2.385358607813077,0.9960864960338655
2021-01-25,139.1257781982422,129.51634,2.9583585932208254,19.08557449132545,4.368703983028085,2.385358607813077,0.9960864960338655
2021-01-26,139.3594512939453,131.55815,2.9583585932208254,19.08557449132545,4.368703983028085,2.385358607813077,0.9960864960338655
2021-01-27,138.28863525390625,133.74573,2.9583585932208254,19.08557449132545,4.368703983028085,2.385358607813077,0.9960864960338655
2021-01-28,133.45059204101562,135.66284,2.9583585932208254,19.08557449132545,4.368703983028085,2.385358607813077,0.9960864960338655
2021-01-29,128.4567413330078,136.6957,2.9583585932208254,19.08557449132545,4.368703983028085,2.385358607813077,0.9960864960338655
2021-02-01,130.57888793945312,136.56607,2.9583585932208254,19.08557449132545,4.368703983028085,2.385358607813077,0.9960864960338655
2021-02-02,131.40635681152344,136.0079,2.9583585932208254,19.08557449132545,4.368703983028085,2.385358607813077,0.9960864960338655
2021-02-03,130.38421630859375,135.36493,2.9583585932208254,19.08557449132545,4.368703983028085,2.385358607813077,0.9960864960338655
2021-02-04,133.7426300048828,134.63857,2.9583585932208254,19.08557449132545,4.368703983028085,2.385358607813077,0.9960864960338655
2021-02-05,133.32826232910156,134.30208,2.9583585932208254,19.08557449132545,4.368703983028085,2.385358607813077,0.9960864960338655
2021-02-08,133.4745330810547,134.1854,2.9583585932208254,19.08557449132545,4.368703983028085,2.385358607813077,0.9960864960338655
2021-02-09,132.59710693359375,134.2178,2.9583585932208254,19.08557449132545,4.368703983028085,2.385358607813077,0.9960864960338655
2021-02-10,131.99266052246094,134.23347,2.9583585932208254,19.08557449132545,4.368703983028085,2.385358607813077,0.9960864960338655
2021-02-11,131.7391815185547,134.16763,2.9583585932208254,19.08557449132545,4.368703983028085,2.385358607813077,0.9960864960338655
2021-02-12,131.97314453125,134.03183,2.9583585932208254,19.08557449132545,4.368703983028085,2.385358607813077,0.9960864960338655
2021-02-16,129.84786987304688,133.89476,2.9583585932208254,19.08557449132545,4.368703983028085,2.385358607813077,0.9960864960338655
2021-02-17,127.55680847167967,133.54367,2.9583585932208254,19.08557449132545,4.368703983028085,2.385358607813077,0.9960864960338655
2021-02-18,126.45519256591795,132.85692,2.9583585932208254,19.08557449132545,4.368703983028085,2.385358607813077,0.9960864960338655
2021-02-19,126.61113739013672,131.92949,2.9583585932208254,19.08557449132545,4.368703983028085,2.385358607813077,0.9960864960338655
2021-02-22,122.83827209472656,130.98055,2.9583585932208254,19.08557449132545,4.368703983028085,2.385358607813077,0.9960864960338655
2021-02-23,122.7017822265625,129.71664,2.9583585932208254,19.08557449132545,4.368703983028085,2.385358607813077,0.9960864960338655
2021-02-24,122.20458984374999,128.38705,2.9583585932208254,19.08557449132545,4.368703983028085,2.385358607813077,0.9960864960338655
2021-02-25,117.95398712158205,127.110435,2.9583585932208254,19.08557449132545,4.368703983028085,2.385358607813077,0.9960864960338655
2021-02-26,118.21721649169922,125.54218,2.9583585932208254,19.08557449132545,4.368703983028085,2.385358607813077,0.9960864960338655
2021-03-01,124.58333587646484,123.99634,2.9583585932208254,19.08557449132545,4.368703983028085,2.385358607813077,0.9960864960338655
2021-03-02,121.98037719726562,123.32061,2.9583585932208254,19.08557449132545,4.368703983028085,2.385358607813077,0.9960864960338655
2021-03-03,118.99714660644533,122.94806,2.9583585932208254,19.08557449132545,4.368703983028085,2.385358607813077,0.9960864960338655
2021-03-04,117.11556243896484,122.45918,2.9583585932208254,19.08557449132545,4.368703983028085,2.385358607813077,0.9960864960338655
2021-03-05,118.37320709228516,121.745026,2.9583585932208254,19.08557449132545,4.368703983028085,2.385358607813077,0.9960864960338655
2021-03-08,113.44017028808594,121.11257,2.9583585932208254,19.08557449132545,4.368703983028085,2.385358607813077,0.9960864960338655
2021-03-09,118.05146026611328,120.06615,2.9583585932208254,19.08557449132545,4.368703983028085,2.385358607813077,0.9960864960338655
2021-03-10,116.96932220458984,119.38901,2.9583585932208254,19.08557449132545,4.368703983028085,2.385358607813077,0.9960864960338655
2021-03-11,118.8996353149414,118.89183,2.9583585932208254,19.08557449132545,4.368703983028085,2.385358607813077,0.9960864960338655
2021-03-12,117.99298858642578,118.760414,2.9583585932208254,19.08557449132545,4.368703983028085,2.385358607813077,0.9960864960338655
2021-03-15,120.87870025634766,118.75862,2.9583585932208254,19.08557449132545,4.368703983028085,2.385358607813077,0.9960864960338655
2021-03-16,122.41905212402344,119.14203,2.9583585932208254,19.08557449132545,4.368703983028085,2.385358607813077,0.9960864960338655
2021-03-17,121.62939453124999,119.8771,2.9583585932208254,19.08557449132545,4.368703983028085,2.385358607813077,0.9960864960338655
2021-03-18,117.50552368164062,120.65139,2.9583585932208254,19.08557449132545,4.368703983028085,2.385358607813077,0.9960864960338655
2021-03-19,116.97908782958984,120.91597,2.9583585932208254,19.08557449132545,4.368703983028085,2.385358607813077,0.9960864960338655
2021-03-22,120.29376983642578,120.79599,2.9583585932208254,19.08557449132545,4.368703983028085,2.385358607813077,0.9960864960338655
2021-03-23,119.46509552001952,120.83041,2.9583585932208254,19.08557449132545,4.368703983028085,2.385358607813077,0.9960864960338655
2021-03-24,117.07656860351562,120.87029,2.9583585932208254,19.08557449132545,4.368703983028085,2.385358607813077,0.9960864960338655
2021-03-25,117.5640106201172,120.65033,2.9583585932208254,19.08557449132545,4.368703983028085,2.385358607813077,0.9960864960338655
2021-03-26,118.16847229003906,120.3539,2.9583585932208254,19.08557449132545,4.368703983028085,2.385358607813077,0.9960864960338655
2021-03-29,118.34395599365236,120.11301,2.9583585932208254,19.08557449132545,4.368703983028085,2.385358607813077,0.9960864960338655
2021-03-30,116.89134216308594,119.95073,2.9583585932208254,19.08557449132545,4.368703983028085,2.385358607813077,0.9960864960338655
2021-03-31,119.08487701416016,119.69356,2.9583585932208254,19.08557449132545,4.368703983028085,2.385358607813077,0.9960864960338655
2021-04-01,119.91354370117188,119.64397,2.9583585932208254,19.08557449132545,4.368703983028085,2.385358607813077,0.9960864960338655
2021-04-05,122.74077606201172,119.81224,2.9583585932208254,19.08557449132545,4.368703983028085,2.385358607813077,0.9960864960338655
2021-04-06,123.04300689697266,120.39386,2.9583585932208254,19.08557449132545,4.368703983028085,2.385358607813077,0.9960864960338655
2021-04-07,124.69060516357422,121.18584,2.9583585932208254,19.08557449132545,4.368703983028085,2.385358607813077,0.9960864960338655
2021-04-08,127.08890533447266,122.189224,2.9583585932208254,19.08557449132545,4.368703983028085,2.385358607813077,0.9960864960338655
2021-04-09,129.66262817382812,123.46586,2.9583585932208254,19.08557449132545,4.368703983028085,2.385358607813077,0.9960864960338655
2021-04-12,127.94679260253905,125.04233,2.9583585932208254,19.08557449132545,4.368703983028085,2.385358607813077,0.9960864960338655
2021-04-13,131.05673217773438,126.43871,2.9583585932208254,19.08557449132545,4.368703983028085,2.385358607813077,0.9960864960338655
2021-04-14,128.71697998046875,127.91191,2.9583585932208254,19.08557449132545,4.368703983028085,2.385358607813077,0.9960864960338655
2021-04-15,131.12501525878906,129.0242,2.9583585932208254,19.08557449132545,4.368703983028085,2.385358607813077,0.9960864960338655
2021-04-16,130.79351806640625,130.06491,2.9583585932208254,19.08557449132545,4.368703983028085,2.385358607813077,0.9960864960338655
2021-04-19,131.45645141601562,130.92262,2.9583585932208254,19.08557449132545,4.368703983028085,2.385358607813077,0.9960864960338655
2021-04-20,129.76988220214844,131.65425,2.9583585932208254,19.08557449132545,4.368703983028085,2.385358607813077,0.9960864960338655
2021-04-21,130.15005493164062,132.05438,2.9583585932208254,19.08557449132545,4.368703983028085,2.385358607813077,0.9960864960338655
2021-04-22,128.62924194335938,132.25848,2.9583585932208254,19.08557449132545,4.368703983028085,2.385358607813077,0.9960864960338655
2021-04-23,130.9495086669922,132.16493,2.9583585932208254,19.08557449132545,4.368703983028085,2.385358607813077,0.9960864960338655
2021-04-26,131.33946228027344,132.15718,2.9583585932208254,19.08557449132545,4.368703983028085,2.385358607813077,0.9960864960338655
2021-04-27,131.0177459716797,132.24535,2.9583585932208254,19.08557449132545,4.368703983028085,2.385358607813077,0.9960864960338655
2021-04-28,130.22804260253906,132.34299,2.9583585932208254,19.08557449132545,4.368703983028085,2.385358607813077,0.9960864960338655
2021-04-29,130.1305694580078,132.34692,2.9583585932208254,19.08557449132545,4.368703983028085,2.385358607813077,0.9960864960338655
2021-04-30,128.16128540039062,132.2821,2.9583585932208254,19.08557449132545,4.368703983028085,2.385358607813077,0.9960864960338655
2021-05-03,129.21417236328125,131.9709,2.9583585932208254,19.08557449132545,4.368703983028085,2.385358607813077,0.9960864960338655
2021-05-04,124.64186096191406,131.66057,2.9583585932208254,19.08557449132545,4.368703983028085,2.385358607813077,0.9960864960338655
2021-05-05,124.88558959960938,130.89333,2.9583585932208254,19.08557449132545,4.368703983028085,2.385358607813077,0.9960864960338655
2021-05-06,126.48442840576172,129.9638,2.9583585932208254,19.08557449132545,4.368703983028085,2.385358607813077,0.9960864960338655
2021-05-07,127.1582489013672,129.21553,2.9583585932208254,19.08557449132545,4.368703983028085,2.385358607813077,0.9960864960338655
2021-05-10,123.87700653076172,128.72855,2.9583585932208254,19.08557449132545,4.368703983028085,2.385358607813077,0.9960864960338655
2021-05-11,122.95903778076172,128.09021,2.9583585932208254,19.08557449132545,4.368703983028085,2.385358607813077,0.9960864960338655
2021-05-12,119.8926239013672,127.32654,2.9583585932208254,19.08557449132545,4.368703983028085,2.385358607813077,0.9960864960338655
2021-05-13,122.04105377197266,126.23985,2.9583585932208254,19.08557449132545,4.368703983028085,2.385358607813077,0.9960864960338655
2021-05-14,124.46295166015624,125.31238,2.9583585932208254,19.08557449132545,4.368703983028085,2.385358607813077,0.9960864960338655
2021-05-17,123.31060791015624,124.84414,2.9583585932208254,19.08557449132545,4.368703983028085,2.385358607813077,0.9960864960338655
2021-05-18,121.92388153076172,124.57046,2.9583585932208254,19.08557449132545,4.368703983028085,2.385358607813077,0.9960864960338655
2021-05-19,121.76763916015625,124.284355,2.9583585932208254,19.08557449132545,4.368703983028085,2.385358607813077,0.9960864960338655
2021-05-20,124.32621002197266,124.001396,2.9583585932208254,19.08557449132545,4.368703983028085,2.385358607813077,0.9960864960338655
2021-05-21,122.49027252197266,124.02762,2.9583585932208254,19.08557449132545,4.368703983028085,2.385358607813077,0.9960864960338655
2021-05-24,124.12115478515624,124.03587,2.9583585932208254,19.08557449132545,4.368703983028085,2.385358607813077,0.9960864960338655
2021-05-25,123.92583465576173,124.2061,2.9583585932208254,19.08557449132545,4.368703983028085,2.385358607813077,0.9960864960338655
2021-05-26,123.87700653076172,124.43373,2.9583585932208254,19.08557449132545,4.368703983028085,2.385358607813077,0.9960864960338655
2021-05-27,122.3437957763672,124.66484,2.9583585932208254,19.08557449132545,4.368703983028085,2.385358607813077,0.9960864960338655
2021-05-28,121.6894989013672,124.70805,2.9583585932208254,19.08557449132545,4.368703983028085,2.385358607813077,0.9960864960338655
2021-06-01,121.3672332763672,124.5664,2.9583585932208254,19.08557449132545,4.368703983028085,2.385358607813077,0.9960864960338655
2021-06-02,122.12894439697264,124.299934,2.9583585932208254,19.08557449132545,4.368703983028085,2.385358607813077,0.9960864960338655
2021-06-03,120.6445770263672,124.07457,2.9583585932208254,19.08557449132545,4.368703983028085,2.385358607813077,0.9960864960338655
2021-06-04,122.93949127197266,123.73967,2.9583585932208254,19.08557449132545,4.368703983028085,2.385358607813077,0.9960864960338655
2021-06-07,122.94925689697266,123.62412,2.9583585932208254,19.08557449132545,4.368703983028085,2.385358607813077,0.9960864960338655
2021-06-08,123.7695541381836,123.65261,2.9583585932208254,19.08557449132545,4.368703983028085,2.385358607813077,0.9960864960338655
2021-06-09,124.1504364013672,123.84852,2.9583585932208254,19.08557449132545,4.368703983028085,2.385358607813077,0.9960864960338655
2021-06-10,123.1543426513672,124.16079,2.9583585932208254,19.08557449132545,4.368703983028085,2.385358607813077,0.9960864960338655
2021-06-11,124.36529541015624,124.39795,2.9583585932208254,19.08557449132545,4.368703983028085,2.385358607813077,0.9960864960338655
2021-06-14,127.42192840576173,124.694664,2.9583585932208254,19.08557449132545,4.368703983028085,2.385358607813077,0.9960864960338655
2021-06-15,126.60162353515624,125.326225,2.9583585932208254,19.08557449132545,4.368703983028085,2.385358607813077,0.9960864960338655
2021-06-16,127.0996551513672,125.99891,2.9583585932208254,19.08557449132545,4.368703983028085,2.385358607813077,0.9960864960338655
2021-06-17,128.7012176513672,126.67362,2.9583585932208254,19.08557449132545,4.368703983028085,2.385358607813077,0.9960864960338655
2021-06-18,127.40241241455078,127.44977,2.9583585932208254,19.08557449132545,4.368703983028085,2.385358607813077,0.9960864960338655
2021-06-21,129.1992645263672,128.06316,2.9583585932208254,19.08557449132545,4.368703983028085,2.385358607813077,0.9960864960338655
2021-06-22,130.8398895263672,128.70815,2.9583585932208254,19.08557449132545,4.368703983028085,2.385358607813077,0.9960864960338655
2021-06-23,130.5664825439453,129.4824,2.9583585932208254,19.08557449132545,4.368703983028085,2.385358607813077,0.9960864960338655
2021-06-24,130.2832489013672,130.22096,2.9583585932208254,19.08557449132545,4.368703983028085,2.385358607813077,0.9960864960338655
2021-06-25,129.99029541015625,130.8274,2.9583585932208254,19.08557449132545,4.368703983028085,2.385358607813077,0.9960864960338655
2021-06-28,131.62115478515625,131.25981,2.9583585932208254,19.08557449132545,4.368703983028085,2.385358607813077,0.9960864960338655
2021-06-29,133.13479614257812,131.72081,2.9583585932208254,19.08557449132545,4.368703983028085,2.385358607813077,0.9960864960338655
2021-06-30,133.7500457763672,132.31467,2.9583585932208254,19.08557449132545,4.368703983028085,2.385358607813077,0.9960864960338655
2021-07-01,134.05279541015625,132.98904,2.9583585932208254,19.08557449132545,4.368703983028085,2.385358607813077,0.9960864960338655
2021-07-02,136.6797637939453,133.66884,2.9583585932208254,19.08557449132545,4.368703983028085,2.385358607813077,0.9960864960338655
2021-07-06,138.6914825439453,134.55945,2.9583585932208254,19.08557449132545,4.368703983028085,2.385358607813077,0.9960864960338655
2021-07-07,141.1817169189453,135.69444,2.9583585932208254,19.08557449132545,4.368703983028085,2.385358607813077,0.9960864960338655
2021-07-08,139.88287353515625,137.11603,2.9583585932208254,19.08557449132545,4.368703983028085,2.385358607813077,0.9960864960338655
2021-07-09,141.7090606689453,138.4115,2.9583585932208254,19.08557449132545,4.368703983028085,2.385358607813077,0.9960864960338655
2021-07-12,141.1133575439453,139.68527,2.9583585932208254,19.08557449132545,4.368703983028085,2.385358607813077,0.9960864960338655
2021-07-13,142.22665405273438,140.748,2.9583585932208254,19.08557449132545,4.368703983028085,2.385358607813077,0.9960864960338655
2021-07-14,145.65435791015625,141.6927,2.9583585932208254,19.08557449132545,4.368703983028085,2.385358607813077,0.9960864960338655
2021-07-15,145.00006103515625,142.83704,2.9583585932208254,19.08557449132545,4.368703983028085,2.385358607813077,0.9960864960338655
2021-07-16,142.9590301513672,143.90932,2.9583585932208254,19.08557449132545,4.368703983028085,2.385358607813077,0.9960864960338655
2021-07-19,139.11135864257812,144.60327,2.9583585932208254,19.08557449132545,4.368703983028085,2.385358607813077,0.9960864960338655
2021-07-20,142.72467041015625,144.58801,2.9583585932208254,19.08557449132545,4.368703983028085,2.385358607813077,0.9960864960338655
2021-07-21,141.99221801757812,144.54631,2.9583585932208254,19.08557449132545,4.368703983028085,2.385358607813077,0.9960864960338655
2021-07-22,143.35946655273438,144.4248,2.9583585932208254,19.08557449132545,4.368703983028085,2.385358607813077,0.9960864960338655
2021-07-23,145.07818603515625,144.41501,2.9583585932208254,19.08557449132545,4.368703983028085,2.385358607813077,0.9960864960338655
2021-07-26,145.49810791015625,144.65514,2.9583585932208254,19.08557449132545,4.368703983028085,2.385358607813077,0.9960864960338655
2021-07-27,143.3301544189453,145.05821,2.9583585932208254,19.08557449132545,4.368703983028085,2.385358607813077,0.9960864960338655
2021-07-28,141.58206176757812,145.27664,2.9583585932208254,19.08557449132545,4.368703983028085,2.385358607813077,0.9960864960338655
2021-07-29,142.22665405273438,145.17093,2.9583585932208254,19.08557449132545,4.368703983028085,2.385358607813077,0.9960864960338655
2021-07-30,142.44143676757812,144.95471,2.9583585932208254,19.08557449132545,4.368703983028085,2.385358607813077,0.9960864960338655
2021-08-02,142.10943603515625,144.72322,2.9583585932208254,19.08557449132545,4.368703983028085,2.385358607813077,0.9960864960338655
2021-08-03,143.9063262939453,144.4732,2.9583585932208254,19.08557449132545,4.368703983028085,2.385358607813077,0.9960864960338655
2021-08-04,143.5059356689453,144.43056,2.9583585932208254,19.08557449132545,4.368703983028085,2.385358607813077,0.9960864960338655
2021-08-05,143.6133270263672,144.47163,2.9583585932208254,19.08557449132545,4.368703983028085,2.385358607813077,0.9960864960338655
2021-08-06,142.92869567871094,144.56534,2.9583585932208254,19.08557449132545,4.368703983028085,2.385358607813077,0.9960864960338655
2021-08-09,142.87985229492188,144.6047,2.9583585932208254,19.08557449132545,4.368703983028085,2.385358607813077,0.9960864960338655
2021-08-10,142.4005889892578,144.60118,2.9583585932208254,19.08557449132545,4.368703983028085,2.385358607813077,0.9960864960338655
2021-08-11,142.6548614501953,144.522,2.9583585932208254,19.08557449132545,4.368703983028085,2.385358607813077,0.9960864960338655
2021-08-12,145.6182861328125,144.43451,2.9583585932208254,19.08557449132545,4.368703983028085,2.385358607813077,0.9960864960338655
2021-08-13,145.8236846923828,144.66959,2.9583585932208254,19.08557449132545,4.368703983028085,2.385358607813077,0.9960864960338655
2021-08-16,147.79931640625,145.09262,2.9583585932208254,19.08557449132545,4.368703983028085,2.385358607813077,0.9960864960338655
2021-08-17,146.8897247314453,145.78806,2.9583585932208254,19.08557449132545,4.368703983028085,2.385358607813077,0.9960864960338655
2021-08-18,143.14390563964844,146.47025,2.9583585932208254,19.08557449132545,4.368703983028085,2.385358607813077,0.9960864960338655
2021-08-19,143.4764404296875,146.66786,2.9583585932208254,19.08557449132545,4.368703983028085,2.385358607813077,0.9960864960338655
2021-08-20,144.9337158203125,146.59378,2.9583585932208254,19.08557449132545,4.368703983028085,2.385358607813077,0.9960864960338655
2021-08-23,146.42027282714844,146.53062,2.9583585932208254,19.08557449132545,4.368703983028085,2.385358607813077,0.9960864960338655
2021-08-24,146.33226013183594,146.6448,2.9583585932208254,19.08557449132545,4.368703983028085,2.385358607813077,0.9960864960338655
2021-08-25,145.0999755859375,146.84283,2.9583585932208254,19.08557449132545,4.368703983028085,2.385358607813077,0.9960864960338655
2021-08-26,144.29795837402344,146.93484,2.9583585932208254,19.08557449132545,4.368703983028085,2.385358607813077,0.9960864960338655
2021-08-27,145.33465576171875,146.86655,2.9583585932208254,19.08557449132545,4.368703983028085,2.385358607813077,0.9960864960338655
2021-08-30,149.75535583496094,146.82231,2.9583585932208254,19.08557449132545,4.368703983028085,2.385358607813077,0.9960864960338655
2021-08-31,148.4936981201172,147.27098,2.9583585932208254,19.08557449132545,4.368703983028085,2.385358607813077,0.9960864960338655
2021-09-01,149.1587677001953,147.82828,2.9583585932208254,19.08557449132545,4.368703983028085,2.385358607813077,0.9960864960338655
2021-09-02,150.2737274169922,148.45363,2.9583585932208254,19.08557449132545,4.368703983028085,2.385358607813077,0.9960864960338655
2021-09-03,150.909423828125,149.16895,2.9583585932208254,19.08557449132545,4.368703983028085,2.385358607813077,0.9960864960338655
2021-09-07,153.24693298339844,149.92796,2.9583585932208254,19.08557449132545,4.368703983028085,2.385358607813077,0.9960864960338655
2021-09-08,151.7016143798828,150.87997,2.9583585932208254,19.08557449132545,4.368703983028085,2.385358607813077,0.9960864960338655
2021-09-09,150.68446350097656,151.6802,2.9583585932208254,19.08557449132545,4.368703983028085,2.385358607813077,0.9960864960338655
2021-09-10,145.69656372070312,152.19487,2.9583585932208254,19.08557449132545,4.368703983028085,2.385358607813077,0.9960864960338655
2021-09-13,146.2638397216797,151.95714,2.9583585932208254,19.08557449132545,4.368703983028085,2.385358607813077,0.9960864960338655
2021-09-14,144.86521911621094,151.36467,2.9583585932208254,19.08557449132545,4.368703983028085,2.385358607813077,0.9960864960338655
2021-09-15,145.7552490234375,150.48785,2.9583585932208254,19.08557449132545,4.368703983028085,2.385358607813077,0.9960864960338655
2021-09-16,145.5204620361328,149.63666,2.9583585932208254,19.08557449132545,4.368703983028085,2.385358607813077,0.9960864960338655
2021-09-17,142.85047912597656,148.8695,2.9583585932208254,19.08557449132545,4.368703983028085,2.385358607813077,0.9960864960338655
2021-09-20,139.79905700683594,147.94638,2.9583585932208254,19.08557449132545,4.368703983028085,2.385358607813077,0.9960864960338655
2021-09-21,140.2782745361328,146.69919,2.9583585932208254,19.08557449132545,4.368703983028085,2.385358607813077,0.9960864960338655
2021-09-22,142.64511108398438,145.4439,2.9583585932208254,19.08557449132545,4.368703983028085,2.385358607813077,0.9960864960338655
2021-09-23,143.6035614013672,144.57353,2.9583585932208254,19.08557449132545,4.368703983028085,2.385358607813077,0.9960864960338655
2021-09-24,143.69155883789062,144.12495,2.9583585932208254,19.08557449132545,4.368703983028085,2.385358607813077,0.9960864960338655
2021-09-27,142.17562866210938,143.97604,2.9583585932208254,19.08557449132545,4.368703983028085,2.385358607813077,0.9960864960338655
2021-09-28,138.79168701171875,143.8504,2.9583585932208254,19.08557449132545,4.368703983028085,2.385358607813077,0.9960864960338655
2021-09-29,139.6914825439453,143.38448,2.9583585932208254,19.08557449132545,4.368703983028085,2.385358607813077,0.9960864960338655
2021-09-30,138.39068603515625,142.86308,2.9583585932208254,19.08557449132545,4.368703983028085,2.385358607813077,0.9960864960338655
2021-10-01,139.51541137695312,142.23128,2.9583585932208254,19.08557449132545,4.368703983028085,2.385358607813077,0.9960864960338655
2021-10-04,136.08253479003906,141.7248,2.9583585932208254,19.08557449132545,4.368703983028085,2.385358607813077,0.9960864960338655
2021-10-05,138.0092315673828,140.98148,2.9583585932208254,19.08557449132545,4.368703983028085,2.385358607813077,0.9960864960338655
2021-10-06,138.87969970703125,140.38322,2.9583585932208254,19.08557449132545,4.368703983028085,2.385358607813077,0.9960864960338655
2021-10-07,140.14134216308594,140.03177,2.9583585932208254,19.08557449132545,4.368703983028085,2.385358607813077,0.9960864960338655
2021-10-08,139.75991821289062,139.99763,2.9583585932208254,19.08557449132545,4.368703983028085,2.385358607813077,0.9960864960338655
2021-10-11,139.67189025878906,140.11047,2.9583585932208254,19.08557449132545,4.368703983028085,2.385358607813077,0.9960864960338655
2021-10-12,138.40048217773438,140.28433,2.9583585932208254,19.08557449132545,4.368703983028085,2.385358607813077,0.9960864960338655
2021-10-13,137.8136749267578,140.33763,2.9583585932208254,19.08557449132545,4.368703983028085,2.385358607813077,0.9960864960338655
2021-10-14,140.6010284423828,140.25114,2.9583585932208254,19.08557449132545,4.368703983028085,2.385358607813077,0.9960864960338655
2021-10-15,141.65728759765625,140.39313,2.9583585932208254,19.08557449132545,4.368703983028085,2.385358607813077,0.9960864960338655
2021-10-18,143.3297119140625,140.77173,2.9583585932208254,19.08557449132545,4.368703983028085,2.385358607813077,0.9960864960338655
2021-10-19,145.4911346435547,141.42697,2.9583585932208254,19.08557449132545,4.368703983028085,2.385358607813077,0.9960864960338655
2021-10-20,145.9801788330078,142.40425,2.9583585932208254,19.08557449132545,4.368703983028085,2.385358607813077,0.9960864960338655
2021-10-21,146.1953277587891,143.51639,2.9583585932208254,19.08557449132545,4.368703983028085,2.385358607813077,0.9960864960338655
2021-10-22,145.42271423339844,144.60849,2.9583585932208254,19.08557449132545,4.368703983028085,2.385358607813077,0.9960864960338655
2021-10-25,145.37379455566406,145.48857,2.9583585932208254,19.08557449132545,4.368703983028085,2.385358607813077,0.9960864960338655
2021-10-26,146.038818359375,146.14583,2.9583585932208254,19.08557449132545,4.368703983028085,2.385358607813077,0.9960864960338655
2021-10-27,145.57919311523438,146.67694,2.9583585932208254,19.08557449132545,4.368703983028085,2.385358607813077,0.9960864960338655
2021-10-28,149.21743774414065,147.03255,2.9583585932208254,19.08557449132545,4.368703983028085,2.385358607813077,0.9960864960338655
2021-10-29,146.50830078125003,147.63759,2.9583585932208254,19.08557449132545,4.368703983028085,2.385358607813077,0.9960864960338655
2021-11-01,145.68678283691406,148.03943,2.9583585932208254,19.08557449132545,4.368703983028085,2.385358607813077,0.9960864960338655
2021-11-02,146.72344970703125,148.18646,2.9583585932208254,19.08557449132545,4.368703983028085,2.385358607813077,0.9960864960338655
2021-11-03,148.16119384765625,148.27959,2.9583585932208254,19.08557449132545,4.368703983028085,2.385358607813077,0.9960864960338655
2021-11-04,147.64283752441403,148.4873,2.9583585932208254,19.08557449132545,4.368703983028085,2.385358607813077,0.9960864960338655
2021-11-05,148.17170715332028,148.6854,2.9583585932208254,19.08557449132545,4.368703983028085,2.385358607813077,0.9960864960338655
2021-11-08,147.34895324707028,148.91023,2.9583585932208254,19.08557449132545,4.368703983028085,2.385358607813077,0.9960864960338655
2021-11-09,147.7113800048828,149.0379,2.9583585932208254,19.08557449132545,4.368703983028085,2.385358607813077,0.9960864960338655
2021-11-10,144.88075256347656,149.13152,2.9583585932208254,19.08557449132545,4.368703983028085,2.385358607813077,0.9960864960338655
2021-11-11,144.83177185058594,148.89348,2.9583585932208254,19.08557449132545,4.368703983028085,2.385358607813077,0.9960864960338655
2021-11-12,146.908203125,148.47897,2.9583585932208254,19.08557449132545,4.368703983028085,2.385358607813077,0.9960864960338655
2021-11-15,146.91799926757812,148.23007,2.9583585932208254,19.08557449132545,4.368703983028085,2.385358607813077,0.9960864960338655
2021-11-16,147.89749145507812,148.10896,2.9583585932208254,19.08557449132545,4.368703983028085,2.385358607813077,0.9960864960338655
2021-11-17,150.3363037109375,148.17764,2.9583585932208254,19.08557449132545,4.368703983028085,2.385358607813077,0.9960864960338655
2021-11-18,154.6262969970703,148.6083,2.9583585932208254,19.08557449132545,4.368703983028085,2.385358607813077,0.9960864960338655
2021-11-19,157.25125122070312,149.66035,2.9583585932208254,19.08557449132545,4.368703983028085,2.385358607813077,0.9960864960338655
2021-11-22,157.7115936279297,151.24094,2.9583585932208254,19.08557449132545,4.368703983028085,2.385358607813077,0.9960864960338655
2021-11-23,158.09356689453125,153.00497,2.9583585932208254,19.08557449132545,4.368703983028085,2.385358607813077,0.9960864960338655
2021-11-24,158.61270141601562,154.72212,2.9583585932208254,19.08557449132545,4.368703983028085,2.385358607813077,0.9960864960338655
2021-11-26,153.58810424804688,156.28195,2.9583585932208254,19.08557449132545,4.368703983028085,2.385358607813077,0.9960864960338655
2021-11-29,156.94761657714844,157.05214,2.9583585932208254,19.08557449132545,4.368703983028085,2.385358607813077,0.9960864960338655
2021-11-30,161.9036865234375,157.63423,2.9583585932208254,19.08557449132545,4.368703983028085,2.385358607813077,0.9960864960338655
2021-12-01,161.38458251953125,158.58301,2.9583585932208254,19.08557449132545,4.368703983028085,2.385358607813077,0.9960864960338655
2021-12-02,160.39527893066406,159.59807,2.9583585932208254,19.08557449132545,4.368703983028085,2.385358607813077,0.9960864960338655
2021-12-03,158.5147552490234,160.43427,2.9583585932208254,19.08557449132545,4.368703983028085,2.385358607813077,0.9960864960338655
2021-12-06,161.92323303222653,160.87408,2.9583585932208254,19.08557449132545,4.368703983028085,2.385358607813077,0.9960864960338655
2021-12-07,167.66282653808594,161.39467,2.9583585932208254,19.08557449132545,4.368703983028085,2.385358607813077,0.9960864960338655
2021-12-08,171.48269653320312,162.52003,2.9583585932208254,19.08557449132545,4.368703983028085,2.385358607813077,0.9960864960338655
2021-12-09,170.97337341308594,164.28513,2.9583585932208254,19.08557449132545,4.368703983028085,2.385358607813077,0.9960864960338655
2021-12-10,175.76290893554688,166.1769,2.9583585932208254,19.08557449132545,4.368703983028085,2.385358607813077,0.9960864960338655
2021-12-13,172.12916564941406,168.43456,2.9583585932208254,19.08557449132545,4.368703983028085,2.385358607813077,0.9960864960338655
2021-12-14,170.7481231689453,170.28394,2.9583585932208254,19.08557449132545,4.368703983028085,2.385358607813077,0.9960864960338655
2021-12-15,175.61598205566406,171.54378,2.9583585932208254,19.08557449132545,4.368703983028085,2.385358607813077,0.9960864960338655
2021-12-16,168.72064208984375,172.83905,2.9583585932208254,19.08557449132545,4.368703983028085,2.385358607813077,0.9960864960338655
2021-12-17,167.6236572265625,173.3046,2.9583585932208254,19.08557449132545,4.368703983028085,2.385358607813077,0.9960864960338655
2021-12-20,166.26223754882812,173.1132,2.9583585932208254,19.08557449132545,4.368703983028085,2.385358607813077,0.9960864960338655
2021-12-21,169.43568420410153,172.4217,2.9583585932208254,19.08557449132545,4.368703983028085,2.385358607813077,0.9960864960338655
2021-12-22,172.03120422363278,171.85057,2.9583585932208254,19.08557449132545,4.368703983028085,2.385358607813077,0.9960864960338655
2021-12-23,172.65805053710938,171.69073,2.9583585932208254,19.08557449132545,4.368703983028085,2.385358607813077,0.9960864960338655
2021-12-27,176.62486267089844,171.85287,2.9583585932208254,19.08557449132545,4.368703983028085,2.385358607813077,0.9960864960338655
2021-12-28,175.606201171875,172.59486,2.9583585932208254,19.08557449132545,4.368703983028085,2.385358607813077,0.9960864960338655
2021-12-29,175.69436645507812,173.48586,2.9583585932208254,19.08557449132545,4.368703983028085,2.385358607813077,0.9960864960338655
2021-12-30,174.5386199951172,174.36739,2.9583585932208254,19.08557449132545,4.368703983028085,2.385358607813077,0.9960864960338655
2021-12-31,173.9215545654297,175.02408,2.9583585932208254,19.08557449132545,4.368703983028085,2.385358607813077,0.9960864960338655
2022-01-03,178.2703094482422,175.41261,2.9583585932208254,19.08557449132545,4.368703983028085,2.385358607813077,0.9960864960338655
2022-01-04,176.0078125,176.06114,2.9583585932208254,19.08557449132545,4.368703983028085,2.385358607813077,0.9960864960338655
2022-01-05,171.3260040283203,176.56354,2.9583585932208254,19.08557449132545,4.368703983028085,2.385358607813077,0.9960864960338655
2022-01-06,168.46598815917966,176.43123,2.9583585932208254,19.08557449132545,4.368703983028085,2.385358607813077,0.9960864960338655
2022-01-07,168.6324920654297,175.63748,2.9583585932208254,19.08557449132545,4.368703983028085,2.385358607813077,0.9960864960338655
2022-01-10,168.65208435058594,174.56244,2.9583585932208254,19.08557449132545,4.368703983028085,2.385358607813077,0.9960864960338655
2022-01-11,171.48269653320312,173.44695,2.9583585932208254,19.08557449132545,4.368703983028085,2.385358607813077,0.9960864960338655
2022-01-12,171.9234619140625,172.72714,2.9583585932208254,19.08557449132545,4.368703983028085,2.385358607813077,0.9960864960338655
2022-01-13,168.65208435058594,172.36366,2.9583585932208254,19.08557449132545,4.368703983028085,2.385358607813077,0.9960864960338655
2022-01-14,169.51405334472656,171.89711,2.9583585932208254,19.08557449132545,4.368703983028085,2.385358607813077,0.9960864960338655
2022-01-18,166.31118774414062,171.5008,2.9583585932208254,19.08557449132545,4.368703983028085,2.385358607813077,0.9960864960338655
2022-01-19,162.81454467773438,170.8504,2.9583585932208254,19.08557449132545,4.368703983028085,2.385358607813077,0.9960864960338655
2022-01-20,161.12986755371094,169.74747,2.9583585932208254,19.08557449132545,4.368703983028085,2.385358607813077,0.9960864960338655
2022-01-21,159.07302856445312,168.3185,2.9583585932208254,19.08557449132545,4.368703983028085,2.385358607813077,0.9960864960338655
2022-01-24,158.2992706298828,166.6373,2.9583585932208254,19.08557449132545,4.368703983028085,2.385358607813077,0.9960864960338655
2022-01-25,156.4970703125,164.90813,2.9583585932208254,19.08557449132545,4.368703983028085,2.385358607813077,0.9960864960338655
2022-01-26,156.408935546875,163.14664,2.9583585932208254,19.08557449132545,4.368703983028085,2.385358607813077,0.9960864960338655
2022-01-27,155.9485626220703,161.5434,2.9583585932208254,19.08557449132545,4.368703983028085,2.385358607813077,0.9960864960338655
2022-01-28,166.83030700683594,160.15463,2.9583585932208254,19.08557449132545,4.368703983028085,2.385358607813077,0.9960864960338655
2022-01-31,171.18885803222656,160.1896,2.9583585932208254,19.08557449132545,4.368703983028085,2.385358607813077,0.9960864960338655
2022-02-01,171.02235412597656,161.52078,2.9583585932208254,19.08557449132545,4.368703983028085,2.385358607813077,0.9960864960338655
2022-02-02,172.22711181640625,163.43819,2.9583585932208254,19.08557449132545,4.368703983028085,2.385358607813077,0.9960864960338655
2022-02-03,169.34750366210938,165.60504,2.9583585932208254,19.08557449132545,4.368703983028085,2.385358607813077,0.9960864960338655
2022-02-04,169.0631103515625,167.37813,2.9583585932208254,19.08557449132545,4.368703983028085,2.385358607813077,0.9960864960338655
2022-02-07,168.34719848632812,168.69951,2.9583585932208254,19.08557449132545,4.368703983028085,2.385358607813077,0.9960864960338655
2022-02-08,171.45599365234375,169.5493,2.9583585932208254,19.08557449132545,4.368703983028085,2.385358607813077,0.9960864960338655
2022-02-09,172.87803649902344,170.36992,2.9583585932208254,19.08557449132545,4.368703983028085,2.385358607813077,0.9960864960338655
2022-02-10,168.7982940673828,171.24858,2.9583585932208254,19.08557449132545,4.368703983028085,2.385358607813077,0.9960864960338655
2022-02-11,165.38548278808594,171.64331,2.9583585932208254,19.08557449132545,4.368703983028085,2.385358607813077,0.9960864960338655
2022-02-14,165.620849609375,171.34984,2.9583585932208254,19.08557449132545,4.368703983028085,2.385358607813077,0.9960864960338655
2022-02-15,169.45538330078125,170.71149,2.9583585932208254,19.08557449132545,4.368703983028085,2.385358607813077,0.9960864960338655
2022-02-16,169.2200164794922,170.35081,2.9583585932208254,19.08557449132545,4.368703983028085,2.385358607813077,0.9960864960338655
2022-02-17,165.620849609375,170.17319,2.9583585932208254,19.08557449132545,4.368703983028085,2.385358607813077,0.9960864960338655
2022-02-18,164.07131958007812,169.73721,2.9583585932208254,19.08557449132545,4.368703983028085,2.385358607813077,0.9960864960338655
2022-02-22,161.14883422851562,169.0245,2.9583585932208254,19.08557449132545,4.368703983028085,2.385358607813077,0.9960864960338655
2022-02-23,156.98085021972656,167.91565,2.9583585932208254,19.08557449132545,4.368703983028085,2.385358607813077,0.9960864960338655
2022-02-24,159.5993499755859,166.25089,2.9583585932208254,19.08557449132545,4.368703983028085,2.385358607813077,0.9960864960338655
2022-02-25,161.66860961914062,164.71407,2.9583585932208254,19.08557449132545,4.368703983028085,2.385358607813077,0.9960864960338655
2022-02-28,161.9333953857422,163.64233,2.9583585932208254,19.08557449132545,4.368703983028085,2.385358607813077,0.9960864960338655
2022-03-01,160.05044555664062,162.98465,2.9583585932208254,19.08557449132545,4.368703983028085,2.385358607813077,0.9960864960338655
2022-03-02,163.34561157226562,162.43346,2.9583585932208254,19.08557449132545,4.368703983028085,2.385358607813077,0.9960864960338655
2022-03-03,163.02197265624997,162.3437,2.9583585932208254,19.08557449132545,4.368703983028085,2.385358607813077,0.9960864960338655
2022-03-04,160.02102661132812,162.49977,2.9583585932208254,19.08557449132545,4.368703983028085,2.385358607813077,0.9960864960338655
2022-03-07,156.22572326660156,162.4603,2.9583585932208254,19.08557449132545,4.368703983028085,2.385358607813077,0.9960864960338655
2022-03-08,154.401611328125,161.90387,2.9583585932208254,19.08557449132545,4.368703983028085,2.385358607813077,0.9960864960338655
2022-03-09,159.80526733398438,160.91084,2.9583585932208254,19.08557449132545,4.368703983028085,2.385358607813077,0.9960864960338655
2022-03-10,155.46078491210938,160.3475,2.9583585932208254,19.08557449132545,4.368703983028085,2.385358607813077,0.9960864960338655
2022-03-11,151.74391174316406,159.6474,2.9583585932208254,19.08557449132545,4.368703983028085,2.385358607813077,0.9960864960338655
2022-03-14,147.71319580078125,158.5409,2.9583585932208254,19.08557449132545,4.368703983028085,2.385358607813077,0.9960864960338655
2022-03-15,152.09698486328125,156.88435,2.9583585932208254,19.08557449132545,4.368703983028085,2.385358607813077,0.9960864960338655
2022-03-16,156.5101318359375,155.55022,2.9583585932208254,19.08557449132545,4.368703983028085,2.385358607813077,0.9960864960338655
2022-03-17,157.52024841308594,155.02675,2.9583585932208254,19.08557449132545,4.368703983028085,2.385358607813077,0.9960864960338655
2022-03-18,160.8153839111328,155.1418,2.9583585932208254,19.08557449132545,4.368703983028085,2.385358607813077,0.9960864960338655
2022-03-21,162.1884002685547,155.95903,2.9583585932208254,19.08557449132545,4.368703983028085,2.385358607813077,0.9960864960338655
2022-03-22,165.56199645996094,157.23955,2.9583585932208254,19.08557449132545,4.368703983028085,2.385358607813077,0.9960864960338655
2022-03-23,166.92515563964844,159.0044,2.9583585932208254,19.08557449132545,4.368703983028085,2.385358607813077,0.9960864960338655
2022-03-24,170.71069335937503,161.00638,2.9583585932208254,19.08557449132545,4.368703983028085,2.385358607813077,0.9960864960338655
2022-03-25,171.34811401367188,163.33061,2.9583585932208254,19.08557449132545,4.368703983028085,2.385358607813077,0.9960864960338655
2022-03-28,172.21116638183594,165.66548,2.9583585932208254,19.08557449132545,4.368703983028085,2.385358607813077,0.9960864960338655
2022-03-29,175.50631713867188,167.84831,2.9583585932208254,19.08557449132545,4.368703983028085,2.385358607813077,0.9960864960338655
2022-03-30,174.33926391601562,170.05951,2.9583585932208254,19.08557449132545,4.368703983028085,2.385358607813077,0.9960864960338655
2022-03-31,171.24026489257812,171.93646,2.9583585932208254,19.08557449132545,4.368703983028085,2.385358607813077,0.9960864960338655
2022-04-01,170.94606018066406,173.09329,2.9583585932208254,19.08557449132545,4.368703983028085,2.385358607813077,0.9960864960338655
2022-04-04,174.996337890625,173.67674,2.9583585932208254,19.08557449132545,4.368703983028085,2.385358607813077,0.9960864960338655
2022-04-05,171.68157958984372,174.29674,2.9583585932208254,19.08557449132545,4.368703983028085,2.385358607813077,0.9960864960338655
2022-04-06,168.51390075683594,174.53467,2.9583585932208254,19.08557449132545,4.368703983028085,2.385358607813077,0.9960864960338655
2022-04-07,168.81791687011722,174.186,2.9583585932208254,19.08557449132545,4.368703983028085,2.385358607813077,0.9960864960338655
2022-04-08,166.80751037597656,173.56119,2.9583585932208254,19.08557449132545,4.368703983028085,2.385358607813077,0.9960864960338655
2022-04-11,162.55123901367188,172.63351,2.9583585932208254,19.08557449132545,4.368703983028085,2.385358607813077,0.9960864960338655
2022-04-12,164.42440795898438,171.17677,2.9583585932208254,19.08557449132545,4.368703983028085,2.385358607813077,0.9960864960338655
2022-04-13,167.11148071289062,169.75859,2.9583585932208254,19.08557449132545,4.368703983028085,2.385358607813077,0.9960864960338655
2022-04-14,162.10011291503906,168.80132,2.9583585932208254,19.08557449132545,4.368703983028085,2.385358607813077,0.9960864960338655
2022-04-18,161.8843994140625,167.6859,2.9583585932208254,19.08557449132545,4.368703983028085,2.385358607813077,0.9960864960338655
2022-04-19,164.16938781738284,166.56049,2.9583585932208254,19.08557449132545,4.368703983028085,2.385358607813077,0.9960864960338655
2022-04-20,164.00267028808597,165.7883,2.9583585932208254,19.08557449132545,4.368703983028085,2.385358607813077,0.9960864960338655
2022-04-21,163.2083282470703,165.28778,2.9583585932208254,19.08557449132545,4.368703983028085,2.385358607813077,0.9960864960338655
2022-04-22,158.6676483154297,164.91052,2.9583585932208254,19.08557449132545,4.368703983028085,2.385358607813077,0.9960864960338655
2022-04-25,159.73663330078125,164.16078,2.9583585932208254,19.08557449132545,4.368703983028085,2.385358607813077,0.9960864960338655
2022-04-26,153.77398681640625,163.38037,2.9583585932208254,19.08557449132545,4.368703983028085,2.385358607813077,0.9960864960338655
2022-04-27,153.54843139648438,162.03941,2.9583585932208254,19.08557449132545,4.368703983028085,2.385358607813077,0.9960864960338655
2022-04-28,160.48199462890625,160.486,2.9583585932208254,19.08557449132545,4.368703983028085,2.385358607813077,0.9960864960338655
2022-04-29,154.60755920410156,159.71645,2.9583585932208254,19.08557449132545,4.368703983028085,2.385358607813077,0.9960864960338655
2022-05-02,154.9115753173828,158.87494,2.9583585932208254,19.08557449132545,4.368703983028085,2.385358607813077,0.9960864960338655
2022-05-03,156.40223693847656,158.10062,2.9583585932208254,19.08557449132545,4.368703983028085,2.385358607813077,0.9960864960338655
2022-05-04,162.8160400390625,157.6067,2.9583585932208254,19.08557449132545,4.368703983028085,2.385358607813077,0.9960864960338655
2022-05-05,153.7445526123047,158.0109,2.9583585932208254,19.08557449132545,4.368703983028085,2.385358607813077,0.9960864960338655
2022-05-06,154.4713134765625,157.93886,2.9583585932208254,19.08557449132545,4.368703983028085,2.385358607813077,0.9960864960338655
2022-05-09,149.34454345703125,157.65614,2.9583585932208254,19.08557449132545,4.368703983028085,2.385358607813077,0.9960864960338655
2022-05-10,151.75076293945312,156.742,2.9583585932208254,19.08557449132545,4.368703983028085,2.385358607813077,0.9960864960338655
2022-05-11,143.8838653564453,155.81229,2.9583585932208254,19.08557449132545,4.368703983028085,2.385358607813077,0.9960864960338655
2022-05-12,140.01416015625,154.14687,2.9583585932208254,19.08557449132545,4.368703983028085,2.385358607813077,0.9960864960338655
2022-05-13,144.4829559326172,151.81168,2.9583585932208254,19.08557449132545,4.368703983028085,2.385358607813077,0.9960864960338655
2022-05-16,142.9409637451172,149.81631,2.9583585932208254,19.08557449132545,4.368703983028085,2.385358607813077,0.9960864960338655
2022-05-17,146.57489013671875,148.08017,2.9583585932208254,19.08557449132545,4.368703983028085,2.385358607813077,0.9960864960338655
2022-05-18,138.3052978515625,147.065,2.9583585932208254,19.08557449132545,4.368703983028085,2.385358607813077,0.9960864960338655
2022-05-19,134.89724731445312,145.69485,2.9583585932208254,19.08557449132545,4.368703983028085,2.385358607813077,0.9960864960338655
2022-05-20,135.13294982910156,143.88283,2.9583585932208254,19.08557449132545,4.368703983028085,2.385358607813077,0.9960864960338655
2022-05-23,140.5543975830078,142.0309,2.9583585932208254,19.08557449132545,4.368703983028085,2.385358607813077,0.9960864960338655
2022-05-24,137.85350036621094,140.94073,2.9583585932208254,19.08557449132545,4.368703983028085,2.385358607813077,0.9960864960338655
2022-05-25,138.01063537597656,140.1298,2.9583585932208254,19.08557449132545,4.368703983028085,2.385358607813077,0.9960864960338655
2022-05-26,141.21240234375,139.57722,2.9583585932208254,19.08557449132545,4.368703983028085,2.385358607813077,0.9960864960338655
2022-05-27,146.96774291992188,139.57547,2.9583585932208254,19.08557449132545,4.368703983028085,2.385358607813077,0.9960864960338655
2022-05-31,146.18203735351562,140.51303,2.9583585932208254,19.08557449132545,4.368703983028085,2.385358607813077,0.9960864960338655
2022-06-01,146.0543670654297,141.81548,2.9583585932208254,19.08557449132545,4.368703983028085,2.385358607813077,0.9960864960338655
2022-06-02,148.50973510742188,143.16936,2.9583585932208254,19.08557449132545,4.368703983028085,2.385358607813077,0.9960864960338655
2022-06-03,142.78384399414062,144.66855,2.9583585932208254,19.08557449132545,4.368703983028085,2.385358607813077,0.9960864960338655
2022-06-06,143.5302276611328,145.4852,2.9583585932208254,19.08557449132545,4.368703983028085,2.385358607813077,0.9960864960338655
2022-06-07,146.0543670654297,145.89323,2.9583585932208254,19.08557449132545,4.368703983028085,2.385358607813077,0.9960864960338655
2022-06-08,145.3177642822266,146.30013,2.9583585932208254,19.08557449132545,4.368703983028085,2.385358607813077,0.9960864960338655
2022-06-09,140.0927734375,146.59467,2.9583585932208254,19.08557449132545,4.368703983028085,2.385358607813077,0.9960864960338655
2022-06-10,134.68118286132812,146.23572,2.9583585932208254,19.08557449132545,4.368703983028085,2.385358607813077,0.9960864960338655
2022-06-13,129.52491760253906,144.95145,2.9583585932208254,19.08557449132545,4.368703983028085,2.385358607813077,0.9960864960338655
2022-06-14,130.38917541503906,142.71262,2.9583585932208254,19.08557449132545,4.368703983028085,2.385358607813077,0.9960864960338655
2022-06-15,133.01153564453125,140.2531,2.9583585932208254,19.08557449132545,4.368703983028085,2.385358607813077,0.9960864960338655
2022-06-16,127.73743438720705,138.21959,2.9583585932208254,19.08557449132545,4.368703983028085,2.385358607813077,0.9960864960338655
2022-06-17,129.21063232421875,136.08878,2.9583585932208254,19.08557449132545,4.368703983028085,2.385358607813077,0.9960864960338655
2022-06-21,133.44366455078125,134.27654,2.9583585932208254,19.08557449132545,4.368703983028085,2.385358607813077,0.9960864960338655
2022-06-22,132.93295288085938,133.298,2.9583585932208254,19.08557449132545,4.368703983028085,2.385358607813077,0.9960864960338655
2022-06-23,135.80081176757812,132.85352,2.9583585932208254,19.08557449132545,4.368703983028085,2.385358607813077,0.9960864960338655
2022-06-24,139.13027954101562,133.06598,2.9583585932208254,19.08557449132545,4.368703983028085,2.385358607813077,0.9960864960338655
2022-06-27,139.13027954101562,133.99179,2.9583585932208254,19.08557449132545,4.368703983028085,2.385358607813077,0.9960864960338655
2022-06-28,134.98561096191406,135.23044,2.9583585932208254,19.08557449132545,4.368703983028085,2.385358607813077,0.9960864960338655
2022-06-29,136.74366760253906,136.06773,2.9583585932208254,19.08557449132545,4.368703983028085,2.385358607813077,0.9960864960338655
2022-06-30,134.27847290039062,136.76549,2.9583585932208254,19.08557449132545,4.368703983028085,2.385358607813077,0.9960864960338655
2022-07-01,136.44903564453125,137.0513,2.9583585932208254,19.08557449132545,4.368703983028085,2.385358607813077,0.9960864960338655
2022-07-05,139.03204345703125,137.30344,2.9583585932208254,19.08557449132545,4.368703983028085,2.385358607813077,0.9960864960338655
2022-07-06,140.36778259277344,137.79599,2.9583585932208254,19.08557449132545,4.368703983028085,2.385358607813077,0.9960864960338655
2022-07-07,143.73651123046875,138.52505,2.9583585932208254,19.08557449132545,4.368703983028085,2.385358607813077,0.9960864960338655
2022-07-08,144.41419982910156,139.67517,2.9583585932208254,19.08557449132545,4.368703983028085,2.385358607813077,0.9960864960338655
2022-07-11,142.28292846679688,141.0208,2.9583585932208254,19.08557449132545,4.368703983028085,2.385358607813077,0.9960864960338655
2022-07-12,143.25526428222656,142.10425,2.9583585932208254,19.08557449132545,4.368703983028085,2.385358607813077,0.9960864960338655
2022-07-13,142.89187622070312,143.01833,2.9583585932208254,19.08557449132545,4.368703983028085,2.385358607813077,0.9960864960338655
2022-07-14,145.81866455078125,143.70029,2.9583585932208254,19.08557449132545,4.368703983028085,2.385358607813077,0.9960864960338655
2022-07-15,147.48829650878906,144.48898,2.9583585932208254,19.08557449132545,4.368703983028085,2.385358607813077,0.9960864960338655
2022-07-18,144.44363403320312,145.43927,2.9583585932208254,19.08557449132545,4.368703983028085,2.385358607813077,0.9960864960338655
2022-07-19,148.30349731445312,146.05739,2.9583585932208254,19.08557449132545,4.368703983028085,2.385358607813077,0.9960864960338655
2022-07-20,150.30703735351562,146.82234,2.9583585932208254,19.08557449132545,4.368703983028085,2.385358607813077,0.9960864960338655
2022-07-21,152.5758056640625,147.81036,2.9583585932208254,19.08557449132545,4.368703983028085,2.385358607813077,0.9960864960338655
2022-07-22,151.3383026123047,149.06415,2.9583585932208254,19.08557449132545,4.368703983028085,2.385358607813077,0.9960864960338655
2022-07-25,150.21865844726562,150.20532,2.9583585932208254,19.08557449132545,4.368703983028085,2.385358607813077,0.9960864960338655
2022-07-26,148.89276123046875,151.03384,2.9583585932208254,19.08557449132545,4.368703983028085,2.385358607813077,0.9960864960338655
2022-07-27,153.99006652832028,151.44865,2.9583585932208254,19.08557449132545,4.368703983028085,2.385358607813077,0.9960864960338655
2022-07-28,154.54006958007812,152.1216,2.9583585932208254,19.08557449132545,4.368703983028085,2.385358607813077,0.9960864960338655
2022-07-29,159.60792541503906,152.9404,2.9583585932208254,19.08557449132545,4.368703983028085,2.385358607813077,0.9960864960338655
2022-08-01,158.6258087158203,154.29268,2.9583585932208254,19.08557449132545,4.368703983028085,2.385358607813077,0.9960864960338655
2022-08-02,157.15257263183594,155.70877,2.9583585932208254,19.08557449132545,4.368703983028085,2.385358607813077,0.9960864960338655
2022-08-03,163.16329956054688,156.84593,2.9583585932208254,19.08557449132545,4.368703983028085,2.385358607813077,0.9960864960338655
2022-08-04,162.84902954101562,158.33171,2.9583585932208254,19.08557449132545,4.368703983028085,2.385358607813077,0.9960864960338655
2022-08-05,162.622802734375,159.83644,2.9583585932208254,19.08557449132545,4.368703983028085,2.385358607813077,0.9960864960338655
2022-08-08,162.1507110595703,161.16327,2.9583585932208254,19.08557449132545,4.368703983028085,2.385358607813077,0.9960864960338655
2022-08-09,162.19985961914062,162.19315,2.9583585932208254,19.08557449132545,4.368703983028085,2.385358607813077,0.9960864960338655
2022-08-10,166.44862365722656,162.9455,2.9583585932208254,19.08557449132545,4.368703983028085,2.385358607813077,0.9960864960338655
2022-08-11,165.71104431152344,163.90732,2.9583585932208254,19.08557449132545,4.368703983028085,2.385358607813077,0.9960864960338655
2022-08-12,169.26148986816406,164.8175,2.9583585932208254,19.08557449132545,4.368703983028085,2.385358607813077,0.9960864960338655
2022-08-15,170.33348083496094,165.97116,2.9583585932208254,19.08557449132545,4.368703983028085,2.385358607813077,0.9960864960338655
2022-08-16,170.17611694335938,167.25883,2.9583585932208254,19.08557449132545,4.368703983028085,2.385358607813077,0.9960864960338655
2022-08-17,171.67100524902344,168.46733,2.9583585932208254,19.08557449132545,4.368703983028085,2.385358607813077,0.9960864960338655
2022-08-18,171.27761840820312,169.65425,2.9583585932208254,19.08557449132545,4.368703983028085,2.385358607813077,0.9960864960338655
2022-08-19,168.69107055664062,170.6612,2.9583585932208254,19.08557449132545,4.368703983028085,2.385358607813077,0.9960864960338655
2022-08-22,164.80615234375,171.18199,2.9583585932208254,19.08557449132545,4.368703983028085,2.385358607813077,0.9960864960338655
2022-08-23,164.4718017578125,170.95215,2.9583585932208254,19.08557449132545,4.368703983028085,2.385358607813077,0.9960864960338655
2022-08-24,164.76683044433594,170.27296,2.9583585932208254,19.08557449132545,4.368703983028085,2.385358607813077,0.9960864960338655
2022-08-25,167.22561645507812,169.44142,2.9583585932208254,19.08557449132545,4.368703983028085,2.385358607813077,0.9960864960338655
2022-08-26,160.92132568359375,168.87299,2.9583585932208254,19.08557449132545,4.368703983028085,2.385358607813077,0.9960864960338655
2022-08-29,158.71827697753906,167.85574,2.9583585932208254,19.08557449132545,4.368703983028085,2.385358607813077,0.9960864960338655
2022-08-30,156.28900146484375,166.43948,2.9583585932208254,19.08557449132545,4.368703983028085,2.385358607813077,0.9960864960338655
2022-08-31,154.62686157226562,164.68257,2.9583585932208254,19.08557449132545,4.368703983028085,2.385358607813077,0.9960864960338655
2022-09-01,155.35467529296875,162.73703,2.9583585932208254,19.08557449132545,4.368703983028085,2.385358607813077,0.9960864960338655
2022-09-02,153.24014282226562,160.96582,2.9583585932208254,19.08557449132545,4.368703983028085,2.385358607813077,0.9960864960338655
2022-09-06,151.98126220703125,159.26196,2.9583585932208254,19.08557449132545,4.368703983028085,2.385358607813077,0.9960864960338655
2022-09-07,153.38766479492188,157.63988,2.9583585932208254,19.08557449132545,4.368703983028085,2.385358607813077,0.9960864960338655
2022-09-08,151.91242980957034,156.38438,2.9583585932208254,19.08557449132545,4.368703983028085,2.385358607813077,0.9960864960338655
2022-09-09,154.7744140625,155.31958,2.9583585932208254,19.08557449132545,4.368703983028085,2.385358607813077,0.9960864960338655
2022-09-12,160.7344512939453,154.77856,2.9583585932208254,19.08557449132545,4.368703983028085,2.385358607813077,0.9960864960338655
2022-09-13,151.30264282226562,155.2349,2.9583585932208254,19.08557449132545,4.368703983028085,2.385358607813077,0.9960864960338655
2022-09-14,152.74839782714844,155.22443,2.9583585932208254,19.08557449132545,4.368703983028085,2.385358607813077,0.9960864960338655
2022-09-15,149.85685729980472,155.07784,2.9583585932208254,19.08557449132545,4.368703983028085,2.385358607813077,0.9960864960338655
2022-09-16,148.21441650390628,154.5672,2.9583585932208254,19.08557449132545,4.368703983028085,2.385358607813077,0.9960864960338655
2022-09-19,151.9320831298828,153.7262,2.9583585932208254,19.08557449132545,4.368703983028085,2.385358607813077,0.9960864960338655
2022-09-20,154.3121795654297,153.1837,2.9583585932208254,19.08557449132545,4.368703983028085,2.385358607813077,0.9960864960338655
2022-09-21,151.1846466064453,153.13712,2.9583585932208254,19.08557449132545,4.368703983028085,2.385358607813077,0.9960864960338655
2022-09-22,150.22079467773438,153.05414,2.9583585932208254,19.08557449132545,4.368703983028085,2.385358607813077,0.9960864960338655
2022-09-23,147.9488525390625,152.849,2.9583585932208254,19.08557449132545,4.368703983028085,2.385358607813077,0.9960864960338655
2022-09-26,148.28327941894528,152.35214,2.9583585932208254,19.08557449132545,4.368703983028085,2.385358607813077,0.9960864960338655
2022-09-27,149.25692749023438,151.77385,2.9583585932208254,19.08557449132545,4.368703983028085,2.385358607813077,0.9960864960338655
2022-09-28,147.3685760498047,151.31822,2.9583585932208254,19.08557449132545,4.368703983028085,2.385358607813077,0.9960864960338655
2022-09-29,140.12998962402344,150.78497,2.9583585932208254,19.08557449132545,4.368703983028085,2.385358607813077,0.9960864960338655
2022-09-30,135.92059326171875,149.48878,2.9583585932208254,19.08557449132545,4.368703983028085,2.385358607813077,0.9960864960338655
2022-10-03,140.10047912597656,147.42953,2.9583585932208254,19.08557449132545,4.368703983028085,2.385358607813077,0.9960864960338655
2022-10-04,143.69029235839844,145.59608,2.9583585932208254,19.08557449132545,4.368703983028085,2.385358607813077,0.9960864960338655
2022-10-05,143.9853515625,144.48726,2.9583585932208254,19.08557449132545,4.368703983028085,2.385358607813077,0.9960864960338655
2022-10-06,143.03134155273438,143.9536,2.9583585932208254,19.08557449132545,4.368703983028085,2.385358607813077,0.9960864960338655
2022-10-07,137.7794189453125,143.70271,2.9583585932208254,19.08557449132545,4.368703983028085,2.385358607813077,0.9960864960338655
2022-10-10,138.10397338867188,143.07298,2.9583585932208254,19.08557449132545,4.368703983028085,2.385358607813077,0.9960864960338655
2022-10-11,136.68771362304688,142.31561,2.9583585932208254,19.08557449132545,4.368703983028085,2.385358607813077,0.9960864960338655
2022-10-12,136.0582733154297,141.41754,2.9583585932208254,19.08557449132545,4.368703983028085,2.385358607813077,0.9960864960338655
2022-10-13,140.63160705566406,140.46837,2.9583585932208254,19.08557449132545,4.368703983028085,2.385358607813077,0.9960864960338655
2022-10-14,136.09764099121094,140.08449,2.9583585932208254,19.08557449132545,4.368703983028085,2.385358607813077,0.9960864960338655
2022-10-17,140.06114196777344,139.59196,2.9583585932208254,19.08557449132545,4.368703983028085,2.385358607813077,0.9960864960338655
2022-10-18,141.37905883789062,139.50575,2.9583585932208254,19.08557449132545,4.368703983028085,2.385358607813077,0.9960864960338655
2022-10-19,141.48724365234375,139.81198,2.9583585932208254,19.08557449132545,4.368703983028085,2.385358607813077,0.9960864960338655
2022-10-20,141.02499389648438,140.3244,2.9583585932208254,19.08557449132545,4.368703983028085,2.385358607813077,0.9960864960338655
2022-10-21,144.84100341796875,140.8498,2.9583585932208254,19.08557449132545,4.368703983028085,2.385358607813077,0.9960864960338655
2022-10-24,146.9850616455078,141.73357,2.9583585932208254,19.08557449132545,4.368703983028085,2.385358607813077,0.9960864960338655
2022-10-25,149.827392578125,142.96579,2.9583585932208254,19.08557449132545,4.368703983028085,2.385358607813077,0.9960864960338655
2022-10-26,146.88668823242188,144.57312,2.9583585932208254,19.08557449132545,4.368703983028085,2.385358607813077,0.9960864960338655
2022-10-27,142.41171264648438,145.91354,2.9583585932208254,19.08557449132545,4.368703983028085,2.385358607813077,0.9960864960338655
2022-10-28,153.17127990722656,146.47162,2.9583585932208254,19.08557449132545,4.368703983028085,2.385358607813077,0.9960864960338655
2022-10-31,150.8108673095703,147.6617,2.9583585932208254,19.08557449132545,4.368703983028085,2.385358607813077,0.9960864960338655
2022-11-01,148.16525268554688,148.86125,2.9583585932208254,19.08557449132545,4.368703983028085,2.385358607813077,0.9960864960338655
2022-11-02,142.63795471191406,149.64969,2.9583585932208254,19.08557449132545,4.368703983028085,2.385358607813077,0.9960864960338655
2022-11-03,136.58937072753906,149.52104,2.9583585932208254,19.08557449132545,4.368703983028085,2.385358607813077,0.9960864960338655
2022-11-04,136.32339477539062,148.22295,2.9583585932208254,19.08557449132545,4.368703983028085,2.385358607813077,0.9960864960338655
2022-11-07,136.8553924560547,146.35583,2.9583585932208254,19.08557449132545,4.368703983028085,2.385358607813077,0.9960864960338655
2022-11-08,137.42674255371094,144.42477,2.9583585932208254,19.08557449132545,4.368703983028085,2.385358607813077,0.9960864960338655
2022-11-09,132.8655548095703,142.73012,2.9583585932208254,19.08557449132545,4.368703983028085,2.385358607813077,0.9960864960338655
2022-11-10,144.68722534179688,140.86456,2.9583585932208254,19.08557449132545,4.368703983028085,2.385358607813077,0.9960864960338655
2022-11-11,147.4751739501953,140.35643,2.9583585932208254,19.08557449132545,4.368703983028085,2.385358607813077,0.9960864960338655
2022-11-14,146.07626342773438,141.00055,2.9583585932208254,19.08557449132545,4.368703983028085,2.385358607813077,0.9960864960338655
2022-11-15,147.8101043701172,142.08414,2.9583585932208254,19.08557449132545,4.368703983028085,2.385358607813077,0.9960864960338655
2022-11-16,146.57867431640625,143.47632,2.9583585932208254,19.08557449132545,4.368703983028085,2.385358607813077,0.9960864960338655
2022-11-17,148.48001098632812,144.76256,2.9583585932208254,19.08557449132545,4.368703983028085,2.385358607813077,0.9960864960338655
2022-11-18,149.0415191650391,146.04875,2.9583585932208254,19.08557449132545,4.368703983028085,2.385358607813077,0.9960864960338655
2022-11-21,145.81027221679688,147.26242,2.9583585932208254,19.08557449132545,4.368703983028085,2.385358607813077,0.9960864960338655
2022-11-22,147.947998046875,147.9633,2.9583585932208254,19.08557449132545,4.368703983028085,2.385358607813077,0.9960864960338655
2022-11-23,148.8247833251953,148.51909,2.9583585932208254,19.08557449132545,4.368703983028085,2.385358607813077,0.9960864960338655
2022-11-25,145.9088134765625,149.03418,2.9583585932208254,19.08557449132545,4.368703983028085,2.385358607813077,0.9960864960338655
2022-11-28,142.0766143798828,149.16417,2.9583585932208254,19.08557449132545,4.368703983028085,2.385358607813077,0.9960864960338655
2022-11-29,139.07191467285156,148.645,2.9583585932208254,19.08557449132545,4.368703983028085,2.385358607813077,0.9960864960338655
2022-11-30,145.82998657226562,147.48138,2.9583585932208254,19.08557449132545,4.368703983028085,2.385358607813077,0.9960864960338655
2022-12-01,146.10581970214844,146.7918,2.9583585932208254,19.08557449132545,4.368703983028085,2.385358607813077,0.9960864960338655
2022-12-02,145.6132354736328,146.4943,2.9583585932208254,19.08557449132545,4.368703983028085,2.385358607813077,0.9960864960338655
2022-12-05,144.45079040527344,146.39935,2.9583585932208254,19.08557449132545,4.368703983028085,2.385358607813077,0.9960864960338655
2022-12-06,140.7860870361328,146.30106,2.9583585932208254,19.08557449132545,4.368703983028085,2.385358607813077,0.9960864960338655
2022-12-07,138.8453369140625,145.81348,2.9583585932208254,19.08557449132545,4.368703983028085,2.385358607813077,0.9960864960338655
2022-12-08,140.52992248535156,144.93788,2.9583585932208254,19.08557449132545,4.368703983028085,2.385358607813077,0.9960864960338655
2022-12-09,140.0471954345703,144.11118,2.9583585932208254,19.08557449132545,4.368703983028085,2.385358607813077,0.9960864960338655
2022-12-12,142.34259033203125,143.35555,2.9583585932208254,19.08557449132545,4.368703983028085,2.385358607813077,0.9960864960338655
2022-12-13,143.30804443359375,142.9676,2.9583585932208254,19.08557449132545,4.368703983028085,2.385358607813077,0.9960864960338655
2022-12-14,141.08160400390625,142.94006,2.9583585932208254,19.08557449132545,4.368703983028085,2.385358607813077,0.9960864960338655
2022-12-15,134.4713134765625,142.88417,2.9583585932208254,19.08557449132545,4.368703983028085,2.385358607813077,0.9960864960338655
2022-12-16,132.51087951660156,142.10321,2.9583585932208254,19.08557449132545,4.368703983028085,2.385358607813077,0.9960864960338655
2022-12-19,130.40269470214844,140.7663,2.9583585932208254,19.08557449132545,4.368703983028085,2.385358607813077,0.9960864960338655
2022-12-20,130.33377075195312,139.02773,2.9583585932208254,19.08557449132545,4.368703983028085,2.385358607813077,0.9960864960338655
2022-12-21,133.4369354248047,137.23914,2.9583585932208254,19.08557449132545,4.368703983028085,2.385358607813077,0.9960864960338655
2022-12-22,130.26480102539062,135.95204,2.9583585932208254,19.08557449132545,4.368703983028085,2.385358607813077,0.9960864960338655
2022-12-23,129.90028381347656,134.75812,2.9583585932208254,19.08557449132545,4.368703983028085,2.385358607813077,0.9960864960338655
2022-12-27,128.09751892089844,133.6993,2.9583585932208254,19.08557449132545,4.368703983028085,2.385358607813077,0.9960864960338655
2022-12-28,124.1667938232422,132.63599,2.9583585932208254,19.08557449132545,4.368703983028085,2.385358607813077,0.9960864960338655
2022-12-29,127.6837387084961,131.25713,2.9583585932208254,19.08557449132545,4.368703983028085,2.385358607813077,0.9960864960338655
2022-12-30,127.99897003173828,130.2184,2.9583585932208254,19.08557449132545,4.368703983028085,2.385358607813077,0.9960864960338655
2023-01-03,123.2112045288086,129.53038,2.9583585932208254,19.08557449132545,4.368703983028085,2.385358607813077,0.9960864960338655
2023-01-04,124.4820327758789,128.60306,2.9583585932208254,19.08557449132545,4.368703983028085,2.385358607813077,0.9960864960338655
2023-01-05,123.16193389892578,127.76665,2.9583585932208254,19.08557449132545,4.368703983028085,2.385358607813077,0.9960864960338655
2023-01-06,127.69355010986328,126.93471,2.9583585932208254,19.08557449132545,4.368703983028085,2.385358607813077,0.9960864960338655
2023-01-09,128.21568298339844,126.68428,2.9583585932208254,19.08557449132545,4.368703983028085,2.385358607813077,0.9960864960338655
2023-01-10,128.78707885742188,126.86149,2.9583585932208254,19.08557449132545,4.368703983028085,2.385358607813077,0.9960864960338655
2023-01-11,131.50608825683594,127.32732,2.9583585932208254,19.08557449132545,4.368703983028085,2.385358607813077,0.9960864960338655
2023-01-12,131.42726135253906,128.20177,2.9583585932208254,19.08557449132545,4.368703983028085,2.385358607813077,0.9960864960338655
2023-01-13,132.7572021484375,129.21265,2.9583585932208254,19.08557449132545,4.368703983028085,2.385358607813077,0.9960864960338655
2023-01-17,133.9196319580078,130.33554,2.9583585932208254,19.08557449132545,4.368703983028085,2.385358607813077,0.9960864960338655
2023-01-18,133.2005157470703,131.53003,2.9583585932208254,19.08557449132545,4.368703983028085,2.385358607813077,0.9960864960338655
2023-01-19,133.25961303710938,132.56297,2.9583585932208254,19.08557449132545,4.368703983028085,2.385358607813077,0.9960864960338655
2023-01-20,135.8209686279297,133.39836,2.9583585932208254,19.08557449132545,4.368703983028085,2.385358607813077,0.9960864960338655
2023-01-23,139.01280212402344,134.30814,2.9583585932208254,19.08557449132545,4.368703983028085,2.385358607813077,0.9960864960338655
2023-01-24,140.4116973876953,135.51253,2.9583585932208254,19.08557449132545,4.368703983028085,2.385358607813077,0.9960864960338655
2023-01-25,139.7516632080078,136.91287,2.9583585932208254,19.08557449132545,4.368703983028085,2.385358607813077,0.9960864960338655
2023-01-26,141.82049560546875,138.20493,2.9583585932208254,19.08557449132545,4.368703983028085,2.385358607813077,0.9960864960338655
2023-01-27,143.76116943359375,139.51382,2.9583585932208254,19.08557449132545,4.368703983028085,2.385358607813077,0.9960864960338655
2023-01-30,140.874755859375,140.90215,2.9583585932208254,19.08557449132545,4.368703983028085,2.385358607813077,0.9960864960338655
2023-01-31,142.14556884765625,141.88019,2.9583585932208254,19.08557449132545,4.368703983028085,2.385358607813077,0.9960864960338655
2023-02-01,143.2686004638672,142.64635,2.9583585932208254,19.08557449132545,4.368703983028085,2.385358607813077,0.9960864960338655
2023-02-02,148.57850646972656,143.33136,2.9583585932208254,19.08557449132545,4.368703983028085,2.385358607813077,0.9960864960338655
2023-02-03,152.2038116455078,144.46605,2.9583585932208254,19.08557449132545,4.368703983028085,2.385358607813077,0.9960864960338655
2023-02-06,149.47499084472656,146.13289,2.9583585932208254,19.08557449132545,4.368703983028085,2.385358607813077,0.9960864960338655
2023-02-07,152.3516082763672,147.63748,2.9583585932208254,19.08557449132545,4.368703983028085,2.385358607813077,0.9960864960338655
2023-02-08,149.66213989257812,149.18228,2.9583585932208254,19.08557449132545,4.368703983028085,2.385358607813077,0.9960864960338655
2023-02-09,148.6277923583984,150.3003,2.9583585932208254,19.08557449132545,4.368703983028085,2.385358607813077,0.9960864960338655
2023-02-10,148.99281311035156,150.93544,2.9583585932208254,19.08557449132545,4.368703983028085,2.385358607813077,0.9960864960338655
2023-02-13,151.79490661621094,151.26219,2.9583585932208254,19.08557449132545,4.368703983028085,2.385358607813077,0.9960864960338655
2023-02-14,151.15354919433594,151.6775,2.9583585932208254,19.08557449132545,4.368703983028085,2.385358607813077,0.9960864960338655
2023-02-15,153.255126953125,152.03694,2.9583585932208254,19.08557449132545,4.368703983028085,2.385358607813077,0.9960864960338655
2023-02-16,151.65675354003906,152.54607,2.9583585932208254,19.08557449132545,4.368703983028085,2.385358607813077,0.9960864960338655
2023-02-17,150.51226806640625,152.91803,2.9583585932208254,19.08557449132545,4.368703983028085,2.385358607813077,0.9960864960338655
2023-02-21,146.49661254882812,153.04274,2.9583585932208254,19.08557449132545,4.368703983028085,2.385358607813077,0.9960864960338655
2023-02-22,146.92088317871094,152.57982,2.9583585932208254,19.08557449132545,4.368703983028085,2.385358607813077,0.9960864960338655
2023-02-23,147.40431213378906,151.86528,2.9583585932208254,19.08557449132545,4.368703983028085,2.385358607813077,0.9960864960338655
2023-02-24,144.75025939941406,151.13667,2.9583585932208254,19.08557449132545,4.368703983028085,2.385358607813077,0.9960864960338655
2023-02-27,145.944091796875,150.19678,2.9583585932208254,19.08557449132545,4.368703983028085,2.385358607813077,0.9960864960338655
2023-02-28,145.44090270996094,149.3575,2.9583585932208254,19.08557449132545,4.368703983028085,2.385358607813077,0.9960864960338655
2023-03-01,143.36895751953125,148.61414,2.9583585932208254,19.08557449132545,4.368703983028085,2.385358607813077,0.9960864960338655
2023-03-02,143.96095275878906,147.78178,2.9583585932208254,19.08557449132545,4.368703983028085,2.385358607813077,0.9960864960338655
2023-03-03,149.01254272460938,147.04498,2.9583585932208254,19.08557449132545,4.368703983028085,2.385358607813077,0.9960864960338655
2023-03-06,151.77517700195312,146.9821,2.9583585932208254,19.08557449132545,4.368703983028085,2.385358607813077,0.9960864960338655
2023-03-07,149.57493591308594,147.61688,2.9583585932208254,19.08557449132545,4.368703983028085,2.385358607813077,0.9960864960338655
2023-03-08,150.82797241210938,148.35146,2.9583585932208254,19.08557449132545,4.368703983028085,2.385358607813077,0.9960864960338655
2023-03-09,148.57844543457034,149.18913,2.9583585932208254,19.08557449132545,4.368703983028085,2.385358607813077,0.9960864960338655
2023-03-10,146.516357421875,149.7575,2.9583585932208254,19.08557449132545,4.368703983028085,2.385358607813077,0.9960864960338655
2023-03-13,148.46005249023435,149.88634,2.9583585932208254,19.08557449132545,4.368703983028085,2.385358607813077,0.9960864960338655
2023-03-14,150.5517120361328,149.9549,2.9583585932208254,19.08557449132545,4.368703983028085,2.385358607813077,0.9960864960338655
2023-03-15,150.94639587402347,150.21278,2.9583585932208254,19.08557449132545,4.368703983028085,2.385358607813077,0.9960864960338655
2023-03-16,153.76817321777344,150.6005,2.9583585932208254,19.08557449132545,4.368703983028085,2.385358607813077,0.9960864960338655
2023-03-17,152.9295196533203,151.32243,2.9583585932208254,19.08557449132545,4.368703983028085,2.385358607813077,0.9960864960338655
2023-03-20,155.29747009277344,152.07416,2.9583585932208254,19.08557449132545,4.368703983028085,2.385358607813077,0.9960864960338655
2023-03-21,157.15235900878906,153.01018,2.9583585932208254,19.08557449132545,4.368703983028085,2.385358607813077,0.9960864960338655
2023-03-22,155.7217254638672,154.15208,2.9583585932208254,19.08557449132545,4.368703983028085,2.385358607813077,0.9960864960338655
2023-03-23,156.80702209472653,155.13991,2.9583585932208254,19.08557449132545,4.368703983028085,2.385358607813077,0.9960864960338655
2023-03-24,158.10940551757812,156.04395,2.9583585932208254,19.08557449132545,4.368703983028085,2.385358607813077,0.9960864960338655
2023-03-27,156.1656951904297,156.94322,2.9583585932208254,19.08557449132545,4.368703983028085,2.385358607813077,0.9960864960338655
2023-03-28,155.54412841796878,157.54008,2.9583585932208254,19.08557449132545,4.368703983028085,2.385358607813077,0.9960864960338655
2023-03-29,158.6224822998047,157.82904,2.9583585932208254,19.08557449132545,4.368703983028085,2.385358607813077,0.9960864960338655
2023-03-30,160.19120788574216,158.23634,2.9583585932208254,19.08557449132545,4.368703983028085,2.385358607813077,0.9960864960338655
2023-03-31,162.697265625,158.8416,2.9583585932208254,19.08557449132545,4.368703983028085,2.385358607813077,0.9960864960338655
2023-04-03,163.95030212402344,159.763,2.9583585932208254,19.08557449132545,4.368703983028085,2.385358607813077,0.9960864960338655
2023-04-04,163.4175567626953,160.902,2.9583585932208254,19.08557449132545,4.368703983028085,2.385358607813077,0.9960864960338655
2023-04-05,161.5724945068359,161.98607,2.9583585932208254,19.08557449132545,4.368703983028085,2.385358607813077,0.9960864960338655
2023-04-06,162.4604949951172,162.72256,2.9583585932208254,19.08557449132545,4.368703983028085,2.385358607813077,0.9960864960338655
2023-04-10,159.86561584472653,163.26886,2.9583585932208254,19.08557449132545,4.368703983028085,2.385358607813077,0.9960864960338655
2023-04-11,158.65206909179685,163.37538,2.9583585932208254,19.08557449132545,4.368703983028085,2.385358607813077,0.9960864960338655
2023-04-12,157.96144104003906,163.0847,2.9583585932208254,19.08557449132545,4.368703983028085,2.385358607813077,0.9960864960338655
2023-04-13,163.34848022460938,162.52286,2.9583585932208254,19.08557449132545,4.368703983028085,2.385358607813077,0.9960864960338655
2023-04-14,163.00315856933594,162.4358,2.9583585932208254,19.08557449132545,4.368703983028085,2.385358607813077,0.9960864960338655
2023-04-17,163.0228729248047,162.60599,2.9583585932208254,19.08557449132545,4.368703983028085,2.385358607813077,0.9960864960338655
2023-04-18,164.24630737304688,162.90335,2.9583585932208254,19.08557449132545,4.368703983028085,2.385358607813077,0.9960864960338655
2023-04-19,165.39083862304688,163.36696,2.9583585932208254,19.08557449132545,4.368703983028085,2.385358607813077,0.9960864960338655
2023-04-20,164.42391967773438,163.99672,2.9583585932208254,19.08557449132545,4.368703983028085,2.385358607813077,0.9960864960338655
2023-04-21,162.81570434570312,164.55217,2.9583585932208254,19.08557449132545,4.368703983028085,2.385358607813077,0.9960864960338655
2023-04-24,163.12152099609375,164.83147,2.9583585932208254,19.08557449132545,4.368703983028085,2.385358607813077,0.9960864960338655
2023-04-25,161.5823974609375,164.95079,2.9583585932208254,19.08557449132545,4.368703983028085,2.385358607813077,0.9960864960338655
2023-04-26,161.5724945068359,164.8048,2.9583585932208254,19.08557449132545,4.368703983028085,2.385358607813077,0.9960864960338655
2023-04-27,166.16041564941406,164.51907,2.9583585932208254,19.08557449132545,4.368703983028085,2.385358607813077,0.9960864960338655
2023-04-28,167.41342163085938,164.67004,2.9583585932208254,19.08557449132545,4.368703983028085,2.385358607813077,0.9960864960338655
2023-05-01,167.32461547851562,165.19832,2.9583585932208254,19.08557449132545,4.368703983028085,2.385358607813077,0.9960864960338655
2023-05-02,166.28863525390625,165.87733,2.9583585932208254,19.08557449132545,4.368703983028085,2.385358607813077,0.9960864960338655
2023-05-03,165.2132110595703,166.45703,2.9583585932208254,19.08557449132545,4.368703983028085,2.385358607813077,0.9960864960338655
2023-05-04,163.57537841796875,166.79944,2.9583585932208254,19.08557449132545,4.368703983028085,2.385358607813077,0.9960864960338655
2023-05-05,171.25148010253906,166.79338,2.9583585932208254,19.08557449132545,4.368703983028085,2.385358607813077,0.9960864960338655
2023-05-08,171.18240356445312,167.39532,2.9583585932208254,19.08557449132545,4.368703983028085,2.385358607813077,0.9960864960338655
2023-05-09,169.47552490234375,168.29303,2.9583585932208254,19.08557449132545,4.368703983028085,2.385358607813077,0.9960864960338655
2023-05-10,171.24159240722656,169.08195,2.9583585932208254,19.08557449132545,4.368703983028085,2.385358607813077,0.9960864960338655
2023-05-11,171.42904663085938,169.90303,2.9583585932208254,19.08557449132545,4.368703983028085,2.385358607813077,0.9960864960338655
2023-05-12,170.5003356933594,170.67735,2.9583585932208254,19.08557449132545,4.368703983028085,2.385358607813077,0.9960864960338655
2023-05-15,170.00634765625,171.24411,2.9583585932208254,19.08557449132545,4.368703983028085,2.385358607813077,0.9960864960338655
2023-05-16,170.00634765625,171.57686,2.9583585932208254,19.08557449132545,4.368703983028085,2.385358607813077,0.9960864960338655
2023-05-17,170.61888122558594,171.73926,2.9583585932208254,19.08557449132545,4.368703983028085,2.385358607813077,0.9960864960338655
2023-05-18,172.95059204101562,171.85196,2.9583585932208254,19.08557449132545,4.368703983028085,2.385358607813077,0.9960864960338655
2023-05-19,173.0592498779297,172.17111,2.9583585932208254,19.08557449132545,4.368703983028085,2.385358607813077,0.9960864960338655
2023-05-22,172.1107940673828,172.59068,2.9583585932208254,19.08557449132545,4.368703983028085,2.385358607813077,0.9960864960338655
2023-05-23,169.50247192382812,172.92133,2.9583585932208254,19.08557449132545,4.368703983028085,2.385358607813077,0.9960864960338655
2023-05-24,169.77908325195312,172.88686,2.9583585932208254,19.08557449132545,4.368703983028085,2.385358607813077,0.9960864960338655
2023-05-25,170.91531372070312,172.66866,2.9583585932208254,19.08557449132545,4.368703983028085,2.385358607813077,0.9960864960338655
2023-05-26,173.32601928710938,172.48932,2.9583585932208254,19.08557449132545,4.368703983028085,2.385358607813077,0.9960864960338655
2023-05-30,175.17359924316406,172.60811,2.9583585932208254,19.08557449132545,4.368703983028085,2.385358607813077,0.9960864960338655
2023-05-31,175.1242218017578,173.08414,2.9583585932208254,19.08557449132545,4.368703983028085,2.385358607813077,0.9960864960338655
2023-06-01,177.9301300048828,173.71053,2.9583585932208254,19.08557449132545,4.368703983028085,2.385358607813077,0.9960864960338655
2023-06-02,178.7798614501953,174.64708,2.9583585932208254,19.08557449132545,4.368703983028085,2.385358607813077,0.9960864960338655
2023-06-05,177.42626953125,175.75421,2.9583585932208254,19.08557449132545,4.368703983028085,2.385358607813077,0.9960864960338655
2023-06-06,177.0607147216797,176.69835,2.9583585932208254,19.08557449132545,4.368703983028085,2.385358607813077,0.9960864960338655
2023-06-07,175.6873779296875,177.40489,2.9583585932208254,19.08557449132545,4.368703983028085,2.385358607813077,0.9960864960338655
2023-06-08,178.40440368652344,177.75519,2.9583585932208254,19.08557449132545,4.368703983028085,2.385358607813077,0.9960864960338655
2023-06-09,178.78973388671875,178.14682,2.9583585932208254,19.08557449132545,4.368703983028085,2.385358607813077,0.9960864960338655
2023-06-12,181.58575439453125,178.56891,2.9583585932208254,19.08557449132545,4.368703983028085,2.385358607813077,0.9960864960338655
2023-06-13,181.11154174804688,179.25706,2.9583585932208254,19.08557449132545,4.368703983028085,2.385358607813077,0.9960864960338655
2023-06-14,181.74383544921875,179.97995,2.9583585932208254,19.08557449132545,4.368703983028085,2.385358607813077,0.9960864960338655
2023-06-15,183.77915954589844,180.7079,2.9583585932208254,19.08557449132545,4.368703983028085,2.385358607813077,0.9960864960338655
2023-06-16,182.70220947265625,181.57294,2.9583585932208254,19.08557449132545,4.368703983028085,2.385358607813077,0.9960864960338655
2023-06-20,182.7911376953125,182.31487,2.9583585932208254,19.08557449132545,4.368703983028085,2.385358607813077,0.9960864960338655
2023-06-21,181.75376892089844,182.91183,2.9583585932208254,19.08557449132545,4.368703983028085,2.385358607813077,0.9960864960338655
2023-06-22,184.7572784423828,183.25302,2.9583585932208254,19.08557449132545,4.368703983028085,2.385358607813077,0.9960864960338655
2023-06-23,184.44110107421875,183.72208,2.9583585932208254,19.08557449132545,4.368703983028085,2.385358607813077,0.9960864960338655
2023-06-26,183.04803466796875,184.1888,2.9583585932208254,19.08557449132545,4.368703983028085,2.385358607813077,0.9960864960338655
2023-06-27,185.80453491210935,184.45702,2.9583585932208254,19.08557449132545,4.368703983028085,2.385358607813077,0.9960864960338655
2023-06-28,186.98031616210935,184.86546,2.9583585932208254,19.08557449132545,4.368703983028085,2.385358607813077,0.9960864960338655
2023-06-29,187.3162078857422,185.43913,2.9583585932208254,19.08557449132545,4.368703983028085,2.385358607813077,0.9960864960338655
2023-06-30,191.6436767578125,186.08228,2.9583585932208254,19.08557449132545,4.368703983028085,2.385358607813077,0.9960864960338655
2023-07-03,190.1518096923828,187.14523,2.9583585932208254,19.08557449132545,4.368703983028085,2.385358607813077,0.9960864960338655
2023-07-05,189.0353240966797,188.1883,2.9583585932208254,19.08557449132545,4.368703983028085,2.385358607813077,0.9960864960338655
2023-07-06,189.50958251953125,188.98546,2.9583585932208254,19.08557449132545,4.368703983028085,2.385358607813077,0.9960864960338655
2023-07-07,188.3931427001953,189.60141,2.9583585932208254,19.08557449132545,4.368703983028085,2.385358607813077,0.9960864960338655
2023-07-10,186.3479766845703,189.93303,2.9583585932208254,19.08557449132545,4.368703983028085,2.385358607813077,0.9960864960338655
2023-07-11,185.8243408203125,189.8516,2.9583585932208254,19.08557449132545,4.368703983028085,2.385358607813077,0.9960864960338655
2023-07-12,187.4940643310547,189.48354,2.9583585932208254,19.08557449132545,4.368703983028085,2.385358607813077,0.9960864960338655
2023-07-13,188.2548065185547,189.16443,2.9583585932208254,19.08557449132545,4.368703983028085,2.385358607813077,0.9960864960338655
2023-07-14,188.40301513671875,188.99155,2.9583585932208254,19.08557449132545,4.368703983028085,2.385358607813077,0.9960864960338655
2023-07-17,191.6634521484375,188.93706,2.9583585932208254,19.08557449132545,4.368703983028085,2.385358607813077,0.9960864960338655
2023-07-18,191.4065399169922,189.29306,2.9583585932208254,19.08557449132545,4.368703983028085,2.385358607813077,0.9960864960338655
2023-07-19,192.7601318359375,189.82489,2.9583585932208254,19.08557449132545,4.368703983028085,2.385358607813077,0.9960864960338655
2023-07-20,190.81375122070312,190.5369,2.9583585932208254,19.08557449132545,4.368703983028085,2.385358607813077,0.9960864960338655
2023-07-21,189.63803100585935,191.07465,2.9583585932208254,19.08557449132545,4.368703983028085,2.385358607813077,0.9960864960338655
2023-07-24,190.43829345703125,191.3264,2.9583585932208254,19.08557449132545,4.368703983028085,2.385358607813077,0.9960864960338655
2023-07-25,191.29786682128903,191.46782,2.9583585932208254,19.08557449132545,4.368703983028085,2.385358607813077,0.9960864960338655
2023-07-26,192.1673126220703,191.62376,2.9583585932208254,19.08557449132545,4.368703983028085,2.385358607813077,0.9960864960338655
2023-07-27,190.9027099609375,191.86496,2.9583585932208254,19.08557449132545,4.368703983028085,2.385358607813077,0.9960864960338655
2023-07-28,193.4813690185547,192.0002,2.9583585932208254,19.08557449132545,4.368703983028085,2.385358607813077,0.9960864960338655
2023-07-31,194.09393310546875,192.32393,2.9583585932208254,19.08557449132545,4.368703983028085,2.385358607813077,0.9960864960338655
2023-08-01,193.26402282714844,192.79062,2.9583585932208254,19.08557449132545,4.368703983028085,2.385358607813077,0.9960864960338655
2023-08-02,190.27037048339844,193.20354,2.9583585932208254,19.08557449132545,4.368703983028085,2.385358607813077,0.9960864960338655
2023-08-03,188.8772735595703,193.22736,2.9583585932208254,19.08557449132545,4.368703983028085,2.385358607813077,0.9960864960338655
2023-08-04,179.80735778808594,192.873,2.9583585932208254,19.08557449132545,4.368703983028085,2.385358607813077,0.9960864960338655
2023-08-07,176.70504760742188,191.39444,2.9583585932208254,19.08557449132545,4.368703983028085,2.385358607813077,0.9960864960338655
2023-08-08,177.64361572265625,189.08469,2.9583585932208254,19.08557449132545,4.368703983028085,2.385358607813077,0.9960864960338655
2023-08-09,176.05296325683594,186.63998,2.9583585932208254,19.08557449132545,4.368703983028085,2.385358607813077,0.9960864960338655
2023-08-10,175.83558654785153,184.2197,2.9583585932208254,19.08557449132545,4.368703983028085,2.385358607813077,0.9960864960338655
2023-08-11,175.89492797851562,182.04645,2.9583585932208254,19.08557449132545,4.368703983028085,2.385358607813077,0.9960864960338655
2023-08-14,177.54713439941406,180.2517,2.9583585932208254,19.08557449132545,4.368703983028085,2.385358607813077,0.9960864960338655
2023-08-15,175.5585174560547,179.03645,2.9583585932208254,19.08557449132545,4.368703983028085,2.385358607813077,0.9960864960338655
2023-08-16,174.6879425048828,178.07588,2.9583585932208254,19.08557449132545,4.368703983028085,2.385358607813077,0.9960864960338655
2023-08-17,172.14532470703125,177.2648,2.9583585932208254,19.08557449132545,4.368703983028085,2.385358607813077,0.9960864960338655
2023-08-18,172.6301422119141,176.35591,2.9583585932208254,19.08557449132545,4.368703983028085,2.385358607813077,0.9960864960338655
2023-08-21,173.96571350097656,175.53384,2.9583585932208254,19.08557449132545,4.368703983028085,2.385358607813077,0.9960864960338655
2023-08-22,175.34089660644528,174.99376,2.9583585932208254,19.08557449132545,4.368703983028085,2.385358607813077,0.9960864960338655
2023-08-23,179.18943786621094,174.82375,2.9583585932208254,19.08557449132545,4.368703983028085,2.385358607813077,0.9960864960338655
2023-08-24,174.49996948242188,175.29295,2.9583585932208254,19.08557449132545,4.368703983028085,2.385358607813077,0.9960864960338655
2023-08-25,176.70620727539062,175.59653,2.9583585932208254,19.08557449132545,4.368703983028085,2.385358607813077,0.9960864960338655
2023-08-28,178.26934814453125,175.99252,2.9583585932208254,19.08557449132545,4.368703983028085,2.385358607813077,0.9960864960338655
2023-08-29,182.157470703125,176.57043,2.9583585932208254,19.08557449132545,4.368703983028085,2.385358607813077,0.9960864960338655
2023-08-30,185.6498413085937,177.60411,2.9583585932208254,19.08557449132545,4.368703983028085,2.385358607813077,0.9960864960338655
2023-08-31,185.86749267578125,179.16414,2.9583585932208254,19.08557449132545,4.368703983028085,2.385358607813077,0.9960864960338655
2023-09-01,187.4405517578125,180.88927,2.9583585932208254,19.08557449132545,4.368703983028085,2.385358607813077,0.9960864960338655
2023-09-05,187.67800903320312,182.68721,2.9583585932208254,19.08557449132545,4.368703983028085,2.385358607813077,0.9960864960338655
2023-09-06,180.96034240722656,184.36229,2.9583585932208254,19.08557449132545,4.368703983028085,2.385358607813077,0.9960864960338655
2023-09-07,175.66737365722656,185.0885,2.9583585932208254,19.08557449132545,4.368703983028085,2.385358607813077,0.9960864960338655
2023-09-08,176.28076171874997,184.62558,2.9583585932208254,19.08557449132545,4.368703983028085,2.385358607813077,0.9960864960338655
2023-09-11,177.44821166992188,183.58673,2.9583585932208254,19.08557449132545,4.368703983028085,2.385358607813077,0.9960864960338655
2023-09-12,174.42080688476565,182.45932,2.9583585932208254,19.08557449132545,4.368703983028085,2.385358607813077,0.9960864960338655
2023-09-13,172.3531036376953,181.09157,2.9583585932208254,19.08557449132545,4.368703983028085,2.385358607813077,0.9960864960338655
2023-09-14,173.8668212890625,179.508,2.9583585932208254,19.08557449132545,4.368703983028085,2.385358607813077,0.9960864960338655
2023-09-15,173.14459228515625,178.12234,2.9583585932208254,19.08557449132545,4.368703983028085,2.385358607813077,0.9960864960338655
2023-09-18,176.07302856445312,176.92435,2.9583585932208254,19.08557449132545,4.368703983028085,2.385358607813077,0.9960864960338655
2023-09-19,177.1613311767578,176.26453,2.9583585932208254,19.08557449132545,4.368703983028085,2.385358607813077,0.9960864960338655
2023-09-20,173.6194610595703,176.10147,2.9583585932208254,19.08557449132545,4.368703983028085,2.385358607813077,0.9960864960338655
2023-09-21,172.07606506347656,175.86731,2.9583585932208254,19.08557449132545,4.368703983028085,2.385358607813077,0.9960864960338655
2023-09-22,172.92691040039062,175.4433,2.9583585932208254,19.08557449132545,4.368703983028085,2.385358607813077,0.9960864960338655
2023-09-25,174.20318603515625,175.041,2.9583585932208254,19.08557449132545,4.368703983028085,2.385358607813077,0.9960864960338655
2023-09-26,170.12709045410156,174.83221,2.9583585932208254,19.08557449132545,4.368703983028085,2.385358607813077,0.9960864960338655
2023-09-27,168.61337280273438,174.33356,2.9583585932208254,19.08557449132545,4.368703983028085,2.385358607813077,0.9960864960338655
2023-09-28,168.87062072753906,173.55435,2.9583585932208254,19.08557449132545,4.368703983028085,2.385358607813077,0.9960864960338655
2023-09-29,169.3850860595703,172.7238,2.9583585932208254,19.08557449132545,4.368703983028085,2.385358607813077,0.9960864960338655
2023-10-02,171.89801025390625,172.01076,2.9583585932208254,19.08557449132545,4.368703983028085,2.385358607813077,0.9960864960338655
2023-10-03,170.5623779296875,171.70924,2.9583585932208254,19.08557449132545,4.368703983028085,2.385358607813077,0.9960864960338655
2023-10-04,171.8089599609375,171.54208,2.9583585932208254,19.08557449132545,4.368703983028085,2.385358607813077,0.9960864960338655
2023-10-05,173.04562377929688,171.59677,2.9583585932208254,19.08557449132545,4.368703983028085,2.385358607813077,0.9960864960338655
2023-10-06,175.59814453125,171.90508,2.9583585932208254,19.08557449132545,4.368703983028085,2.385358607813077,0.9960864960338655
2023-10-09,177.08216857910156,172.59633,2.9583585932208254,19.08557449132545,4.368703983028085,2.385358607813077,0.9960864960338655
2023-10-10,176.48854064941406,173.59413,2.9583585932208254,19.08557449132545,4.368703983028085,2.385358607813077,0.9960864960338655
2023-10-11,177.88351440429688,174.60092,2.9583585932208254,19.08557449132545,4.368703983028085,2.385358607813077,0.9960864960338655
2023-10-12,178.78382873535156,175.649,2.9583585932208254,19.08557449132545,4.368703983028085,2.385358607813077,0.9960864960338655
2023-10-13,176.94366455078125,176.70665,2.9583585932208254,19.08557449132545,4.368703983028085,2.385358607813077,0.9960864960338655
2023-10-16,176.81504821777344,177.46693,2.9583585932208254,19.08557449132545,4.368703983028085,2.385358607813077,0.9960864960338655
2023-10-17,175.2617645263672,177.95856,2.9583585932208254,19.08557449132545,4.368703983028085,2.385358607813077,0.9960864960338655
2023-10-18,173.96571350097656,178.0826,2.9583585932208254,19.08557449132545,4.368703983028085,2.385358607813077,0.9960864960338655
2023-10-19,173.5897979736328,177.84526,2.9583585932208254,19.08557449132545,4.368703983028085,2.385358607813077,0.9960864960338655
2023-10-20,171.03726196289062,177.38571,2.9583585932208254,19.08557449132545,4.368703983028085,2.385358607813077,0.9960864960338655
2023-10-23,171.156005859375,176.58078,2.9583585932208254,19.08557449132545,4.368703983028085,2.385358607813077,0.9960864960338655
2023-10-24,171.59130859375,175.67097,2.9583585932208254,19.08557449132545,4.368703983028085,2.385358607813077,0.9960864960338655
2023-10-25,169.2762451171875,174.8449,2.9583585932208254,19.08557449132545,4.368703983028085,2.385358607813077,0.9960864960338655
2023-10-26,165.11111450195312,173.91225,2.9583585932208254,19.08557449132545,4.368703983028085,2.385358607813077,0.9960864960338655
2023-10-27,166.42694091796875,172.57275,2.9583585932208254,19.08557449132545,4.368703983028085,2.385358607813077,0.9960864960338655
2023-10-30,168.47486877441406,171.27101,2.9583585932208254,19.08557449132545,4.368703983028085,2.385358607813077,0.9960864960338655
2023-10-31,168.94976806640622,170.34973,2.9583585932208254,19.08557449132545,4.368703983028085,2.385358607813077,0.9960864960338655
2023-11-01,172.1156463623047,169.79993,2.9583585932208254,19.08557449132545,4.368703983028085,2.385358607813077,0.9960864960338655
2023-11-02,175.6772918701172,169.85452,2.9583585932208254,19.08557449132545,4.368703983028085,2.385358607813077,0.9960864960338655
2023-11-03,174.76707458496094,170.62895,2.9583585932208254,19.08557449132545,4.368703983028085,2.385358607813077,0.9960864960338655
2023-11-06,177.31956481933594,171.64223,2.9583585932208254,19.08557449132545,4.368703983028085,2.385358607813077,0.9960864960338655
2023-11-07,179.8820037841797,172.94604,2.9583585932208254,19.08557449132545,4.368703983028085,2.385358607813077,0.9960864960338655
2023-11-08,180.9405975341797,174.54994,2.9583585932208254,19.08557449132545,4.368703983028085,2.385358607813077,0.9960864960338655
2023-11-09,180.4656982421875,176.27055,2.9583585932208254,19.08557449132545,4.368703983028085,2.385358607813077,0.9960864960338655
2023-11-10,184.6561279296875,177.82666,2.9583585932208254,19.08557449132545,4.368703983028085,2.385358607813077,0.9960864960338655
2023-11-13,183.0710601806641,179.55974,2.9583585932208254,19.08557449132545,4.368703983028085,2.385358607813077,0.9960864960338655
2023-11-14,185.68637084960935,181.05505,2.9583585932208254,19.08557449132545,4.368703983028085,2.385358607813077,0.9960864960338655
2023-11-15,186.25103759765625,182.524,2.9583585932208254,19.08557449132545,4.368703983028085,2.385358607813077,0.9960864960338655
2023-11-16,187.93516540527344,183.88713,2.9583585932208254,19.08557449132545,4.368703983028085,2.385358607813077,0.9960864960338655
2023-11-17,187.9153289794922,185.2209,2.9583585932208254,19.08557449132545,4.368703983028085,2.385358607813077,0.9960864960338655
2023-11-20,189.65887451171872,186.39696,2.9583585932208254,19.08557449132545,4.368703983028085,2.385358607813077,0.9960864960338655
2023-11-21,188.85646057128903,187.53712,2.9583585932208254,19.08557449132545,4.368703983028085,2.385358607813077,0.9960864960338655
2023-11-22,189.5201873779297,188.45451,2.9583585932208254,19.08557449132545,4.368703983028085,2.385358607813077,0.9960864960338655
2023-11-24,188.19273376464844,189.21149,2.9583585932208254,19.08557449132545,4.368703983028085,2.385358607813077,0.9960864960338655
2023-11-27,188.014404296875,189.65788,2.9583585932208254,19.08557449132545,4.368703983028085,2.385358607813077,0.9960864960338655
2023-11-28,188.6186981201172,189.85541,2.9583585932208254,19.08557449132545,4.368703983028085,2.385358607813077,0.9960864960338655
2023-11-29,187.5983123779297,189.9506,2.9583585932208254,19.08557449132545,4.368703983028085,2.385358607813077,0.9960864960338655
2023-11-30,188.17291259765625,189.87137,2.9583585932208254,19.08557449132545,4.368703983028085,2.385358607813077,0.9960864960338655
2023-12-01,189.4508209228516,189.75604,2.9583585932208254,19.08557449132545,4.368703983028085,2.385358607813077,0.9960864960338655
2023-12-04,187.65777587890628,189.76482,2.9583585932208254,19.08557449132545,4.368703983028085,2.385358607813077,0.9960864960338655
2023-12-05,191.6104431152344,189.65831,2.9583585932208254,19.08557449132545,4.368703983028085,2.385358607813077,0.9960864960338655
2023-12-06,190.520751953125,189.9006,2.9583585932208254,19.08557449132545,4.368703983028085,2.385358607813077,0.9960864960338655
2023-12-07,192.45249938964844,190.2114,2.9583585932208254,19.08557449132545,4.368703983028085,2.385358607813077,0.9960864960338655
2023-12-08,193.87901306152344,190.72295,2.9583585932208254,19.08557449132545,4.368703983028085,2.385358607813077,0.9960864960338655
2023-12-11,191.3726806640625,191.44522,2.9583585932208254,19.08557449132545,4.368703983028085,2.385358607813077,0.9960864960338655
2023-12-12,192.88836669921878,191.95232,2.9583585932208254,19.08557449132545,4.368703983028085,2.385358607813077,0.9960864960338655
2023-12-13,196.1079559326172,192.43108,2.9583585932208254,19.08557449132545,4.368703983028085,2.385358607813077,0.9960864960338655
2023-12-14,196.25656127929688,193.18004,2.9583585932208254,19.08557449132545,4.368703983028085,2.385358607813077,0.9960864960338655
2023-12-15,195.72160339355472,194.02739,2.9583585932208254,19.08557449132545,4.368703983028085,2.385358607813077,0.9960864960338655
2023-12-18,194.0573272705078,194.78433,2.9583585932208254,19.08557449132545,4.368703983028085,2.385358607813077,0.9960864960338655
2023-12-19,195.0975189208984,195.23372,2.9583585932208254,19.08557449132545,4.368703983028085,2.385358607813077,0.9960864960338655
2023-12-20,193.0072326660156,195.56229,2.9583585932208254,19.08557449132545,4.368703983028085,2.385358607813077,0.9960864960338655
2023-12-21,192.8586578369141,195.5738,2.9583585932208254,19.08557449132545,4.368703983028085,2.385358607813077,0.9960864960338655
2023-12-22,191.78875732421875,195.38249,2.9583585932208254,19.08557449132545,4.368703983028085,2.385358607813077,0.9960864960338655
2023-12-26,191.2439117431641,194.98512,2.9583585932208254,19.08557449132545,4.368703983028085,2.385358607813077,0.9960864960338655
2023-12-27,191.34298706054688,194.45346,2.9583585932208254,19.08557449132545,4.368703983028085,2.385358607813077,0.9960864960338655
2023-12-28,191.7689514160156,193.91066,2.9583585932208254,19.08557449132545,4.368703983028085,2.385358607813077,0.9960864960338655
2023-12-29,190.728759765625,193.46349,2.9583585932208254,19.08557449132545,4.368703983028085,2.385358607813077,0.9960864960338655
2024-01-02,183.9032287597656,193.01094,2.9583585932208254,19.08557449132545,4.368703983028085,2.385358607813077,0.9960864960338655
2024-01-03,182.5262451171875,191.89017,2.9583585932208254,19.08557449132545,4.368703983028085,2.385358607813077,0.9960864960338655
2024-01-04,180.20814514160156,190.34427,2.9583585932208254,19.08557449132545,4.368703983028085,2.385358607813077,0.9960864960338655
2024-01-05,179.48495483398438,188.47656,2.9583585932208254,19.08557449132545,4.368703983028085,2.385358607813077,0.9960864960338655
2024-01-08,183.82395935058597,186.54507,2.9583585932208254,19.08557449132545,4.368703983028085,2.385358607813077,0.9960864960338655
2024-01-09,183.4079132080078,185.2365,2.9583585932208254,19.08557449132545,4.368703983028085,2.385358607813077,0.9960864960338655
2024-01-10,184.44808959960935,184.39265,2.9583585932208254,19.08557449132545,4.368703983028085,2.385358607813077,0.9960864960338655
2024-01-11,183.8536834716797,184.01025,2.9583585932208254,19.08557449132545,4.368703983028085,2.385358607813077,0.9960864960338655
2024-01-12,184.1805877685547,183.87051,2.9583585932208254,19.08557449132545,4.368703983028085,2.385358607813077,0.9960864960338655
2024-01-16,181.9120178222656,183.91496,2.9583585932208254,19.08557449132545,4.368703983028085,2.385358607813077,0.9960864960338655
2024-01-17,180.97091674804688,183.82358,2.9583585932208254,19.08557449132545,4.368703983028085,2.385358607813077,0.9960864960338655
2024-01-18,186.86524963378903,183.56116,2.9583585932208254,19.08557449132545,4.368703983028085,2.385358607813077,0.9960864960338655
2024-01-19,189.7678375244141,183.84439,2.9583585932208254,19.08557449132545,4.368703983028085,2.385358607813077,0.9960864960338655
2024-01-22,192.07603454589844,184.73021,2.9583585932208254,19.08557449132545,4.368703983028085,2.385358607813077,0.9960864960338655
2024-01-23,193.3539581298828,186.11398,2.9583585932208254,19.08557449132545,4.368703983028085,2.385358607813077,0.9960864960338655
2024-01-24,192.68032836914065,187.77158,2.9583585932208254,19.08557449132545,4.368703983028085,2.385358607813077,0.9960864960338655
2024-01-25,192.3534240722656,189.3399,2.9583585932208254,19.08557449132545,4.368703983028085,2.385358607813077,0.9960864960338655
2024-01-26,190.61979675292966,190.65308,2.9583585932208254,19.08557449132545,4.368703983028085,2.385358607813077,0.9960864960338655
2024-01-29,189.93624877929688,191.50046,2.9583585932208254,19.08557449132545,4.368703983028085,2.385358607813077,0.9960864960338655
2024-01-30,186.28077697753903,191.91809,2.9583585932208254,19.08557449132545,4.368703983028085,2.385358607813077,0.9960864960338655
2024-01-31,182.67483520507807,191.66718,2.9583585932208254,19.08557449132545,4.368703983028085,2.385358607813077,0.9960864960338655
2024-02-01,185.11181640625,190.67906,2.9583585932208254,19.08557449132545,4.368703983028085,2.385358607813077,0.9960864960338655
2024-02-02,184.1112518310547,189.6221,2.9583585932208254,19.08557449132545,4.368703983028085,2.385358607813077,0.9960864960338655
2024-02-05,185.9241485595703,188.54362,2.9583585932208254,19.08557449132545,4.368703983028085,2.385358607813077,0.9960864960338655
2024-02-06,187.52899169921875,187.75441,2.9583585932208254,19.08557449132545,4.368703983028085,2.385358607813077,0.9960864960338655
2024-02-07,187.6379547119141,187.38484,2.9583585932208254,19.08557449132545,4.368703983028085,2.385358607813077,0.9960864960338655
2024-02-08,186.55816650390625,187.30664,2.9583585932208254,19.08557449132545,4.368703983028085,2.385358607813077,0.9960864960338655
2024-02-09,187.3219146728516,187.28694,2.9583585932208254,19.08557449132545,4.368703983028085,2.385358607813077,0.9960864960338655
2024-02-12,185.63568115234372,187.37596,2.9583585932208254,19.08557449132545,4.368703983028085,2.385358607813077,0.9960864960338655
2024-02-13,183.5427398681641,187.3423,2.9583585932208254,19.08557449132545,4.368703983028085,2.385358607813077,0.9960864960338655
2024-02-14,182.65994262695312,187.01915,2.9583585932208254,19.08557449132545,4.368703983028085,2.385358607813077,0.9960864960338655
2024-02-15,182.37229919433594,186.46828,2.9583585932208254,19.08557449132545,4.368703983028085,2.385358607813077,0.9960864960338655
2024-02-16,180.83480834960935,185.81587,2.9583585932208254,19.08557449132545,4.368703983028085,2.385358607813077,0.9960864960338655
2024-02-20,180.09091186523438,185.01633,2.9583585932208254,19.08557449132545,4.368703983028085,2.385358607813077,0.9960864960338655
2024-02-21,180.8447723388672,184.13806,2.9583585932208254,19.08557449132545,4.368703983028085,2.385358607813077,0.9960864960338655
2024-02-22,182.87815856933594,183.38684,2.9583585932208254,19.08557449132545,4.368703983028085,2.385358607813077,0.9960864960338655
2024-02-23,181.04315185546875,183.00389,2.9583585932208254,19.08557449132545,4.368703983028085,2.385358607813077,0.9960864960338655
2024-02-26,179.6941375732422,182.686,2.9583585932208254,19.08557449132545,4.368703983028085,2.385358607813077,0.9960864960338655
2024-02-27,181.1522521972656,182.29242,2.9583585932208254,19.08557449132545,4.368703983028085,2.385358607813077,0.9960864960338655
2024-02-28,179.95205688476562,182.04602,2.9583585932208254,19.08557449132545,4.368703983028085,2.385358607813077,0.9960864960338655
2024-02-29,179.2874755859375,181.78917,2.9583585932208254,19.08557449132545,4.368703983028085,2.385358607813077,0.9960864960338655
2024-03-01,178.20628356933594,181.48193,2.9583585932208254,19.08557449132545,4.368703983028085,2.385358607813077,0.9960864960338655
2024-03-04,173.68321228027344,181.06488,2.9583585932208254,19.08557449132545,4.368703983028085,2.385358607813077,0.9960864960338655
2024-03-05,168.7434539794922,180.15479,2.9583585932208254,19.08557449132545,4.368703983028085,2.385358607813077,0.9960864960338655
2024-03-06,167.75155639648438,178.53195,2.9583585932208254,19.08557449132545,4.368703983028085,2.385358607813077,0.9960864960338655
2024-03-07,167.63253784179688,176.56126,2.9583585932208254,19.08557449132545,4.368703983028085,2.385358607813077,0.9960864960338655
2024-03-08,169.34854125976562,174.59178,2.9583585932208254,19.08557449132545,4.368703983028085,2.385358607813077,0.9960864960338655
2024-03-11,171.35220336914062,173.01764,2.9583585932208254,19.08557449132545,4.368703983028085,2.385358607813077,0.9960864960338655
2024-03-12,171.8282928466797,172.05481,2.9583585932208254,19.08557449132545,4.368703983028085,2.385358607813077,0.9960864960338655
2024-03-13,169.74533081054688,171.59886,2.9583585932208254,19.08557449132545,4.368703983028085,2.385358607813077,0.9960864960338655
2024-03-14,171.60018920898438,171.26105,2.9583585932208254,19.08557449132545,4.368703983028085,2.385358607813077,0.9960864960338655
2024-03-15,171.22323608398438,171.21468,2.9583585932208254,19.08557449132545,4.368703983028085,2.385358607813077,0.9960864960338655
2024-03-18,172.31434631347656,171.3046,2.9583585932208254,19.08557449132545,4.368703983028085,2.385358607813077,0.9960864960338655
2024-03-19,174.65525817871094,171.57741,2.9583585932208254,19.08557449132545,4.368703983028085,2.385358607813077,0.9960864960338655
2024-03-20,177.22427368164062,172.17578,2.9583585932208254,19.08557449132545,4.368703983028085,2.385358607813077,0.9960864960338655
2024-03-21,169.9833526611328,173.17339,2.9583585932208254,19.08557449132545,4.368703983028085,2.385358607813077,0.9960864960338655
2024-03-22,170.88600158691406,173.53928,2.9583585932208254,19.08557449132545,4.368703983028085,2.385358607813077,0.9960864960338655
2024-03-25,169.4675750732422,173.58197,2.9583585932208254,19.08557449132545,4.368703983028085,2.385358607813077,0.9960864960338655
2024-03-26,168.3367919921875,173.29195,2.9583585932208254,19.08557449132545,4.368703983028085,2.385358607813077,0.9960864960338655
2024-03-27,171.90765380859375,172.7245,2.9583585932208254,19.08557449132545,4.368703983028085,2.385358607813077,0.9960864960338655
2024-03-28,170.09246826171875,172.43565,2.9583585932208254,19.08557449132545,4.368703983028085,2.385358607813077,0.9960864960338655
2024-04-01,168.6542205810547,172.15752,2.9583585932208254,19.08557449132545,4.368703983028085,2.385358607813077,0.9960864960338655
2024-04-02,167.47381591796875,171.75932,2.9583585932208254,19.08557449132545,4.368703983028085,2.385358607813077,0.9960864960338655
2024-04-03,168.2772674560547,171.20642,2.9583585932208254,19.08557449132545,4.368703983028085,2.385358607813077,0.9960864960338655
2024-04-04,167.45401000976562,170.70581,2.9583585932208254,19.08557449132545,4.368703983028085,2.385358607813077,0.9960864960338655
2024-04-05,168.20785522460938,170.20439,2.9583585932208254,19.08557449132545,4.368703983028085,2.385358607813077,0.9960864960338655
2024-04-08,167.08697509765625,169.83365,2.9583585932208254,19.08557449132545,4.368703983028085,2.385358607813077,0.9960864960338655
2024-04-09,168.297119140625,169.46094,2.9583585932208254,19.08557449132545,4.368703983028085,2.385358607813077,0.9960864960338655
2024-04-10,166.4224090576172,169.2514,2.9583585932208254,19.08557449132545,4.368703983028085,2.385358607813077,0.9960864960338655
2024-04-11,173.6236572265625,168.96292,2.9583585932208254,19.08557449132545,4.368703983028085,2.385358607813077,0.9960864960338655
2024-04-12,175.12144470214844,169.41388,2.9583585932208254,19.08557449132545,4.368703983028085,2.385358607813077,0.9960864960338655
2024-04-15,171.2926788330078,170.41452,2.9583585932208254,19.08557449132545,4.368703983028085,2.385358607813077,0.9960864960338655
2024-04-16,168.00949096679688,171.22118,2.9583585932208254,19.08557449132545,4.368703983028085,2.385358607813077,0.9960864960338655
2024-04-17,166.640625,171.47275,2.9583585932208254,19.08557449132545,4.368703983028085,2.385358607813077,0.9960864960338655
2024-04-18,165.68838500976562,171.22792,2.9583585932208254,19.08557449132545,4.368703983028085,2.385358607813077,0.9960864960338655
2024-04-19,163.66490173339844,170.62503,2.9583585932208254,19.08557449132545,4.368703983028085,2.385358607813077,0.9960864960338655
2024-04-22,164.4981231689453,169.67041,2.9583585932208254,19.08557449132545,4.368703983028085,2.385358607813077,0.9960864960338655
2024-04-23,165.54954528808594,168.70316,2.9583585932208254,19.08557449132545,4.368703983028085,2.385358607813077,0.9960864960338655
2024-04-24,167.6523895263672,167.94766,2.9583585932208254,19.08557449132545,4.368703983028085,2.385358607813077,0.9960864960338655
2024-04-25,168.51535034179688,167.61916,2.9583585932208254,19.08557449132545,4.368703983028085,2.385358607813077,0.9960864960338655
2024-04-26,167.9300994873047,167.66481,2.9583585932208254,19.08557449132545,4.368703983028085,2.385358607813077,0.9960864960338655
2024-04-29,172.09613037109375,167.85718,2.9583585932208254,19.08557449132545,4.368703983028085,2.385358607813077,0.9960864960338655
2024-04-30,168.95176696777344,168.54732,2.9583585932208254,19.08557449132545,4.368703983028085,2.385358607813077,0.9960864960338655
2024-05-01,167.9300994873047,169.12544,2.9583585932208254,19.08557449132545,4.368703983028085,2.385358607813077,0.9960864960338655
2024-05-02,171.62992858886716,169.46048,2.9583585932208254,19.08557449132545,4.368703983028085,2.385358607813077,0.9960864960338655
2024-05-03,181.89617919921872,170.00781,2.9583585932208254,19.08557449132545,4.368703983028085,2.385358607813077,0.9960864960338655
2024-05-06,180.2397003173828,171.70744,2.9583585932208254,19.08557449132545,4.368703983028085,2.385358607813077,0.9960864960338655
2024-05-07,180.9241180419922,173.73502,2.9583585932208254,19.08557449132545,4.368703983028085,2.385358607813077,0.9960864960338655
2024-05-08,181.2613525390625,175.79599,2.9583585932208254,19.08557449132545,4.368703983028085,2.385358607813077,0.9960864960338655
2024-05-09,183.07656860351562,177.68857,2.9583585932208254,19.08557449132545,4.368703983028085,2.385358607813077,0.9960864960338655
2024-05-10,181.81512451171872,179.47171,2.9583585932208254,19.08557449132545,4.368703983028085,2.385358607813077,0.9960864960338655
2024-05-13,185.02333068847656,180.87479,2.9583585932208254,19.08557449132545,4.368703983028085,2.385358607813077,0.9960864960338655
2024-05-14,186.1655731201172,182.24313,2.9583585932208254,19.08557449132545,4.368703983028085,2.385358607813077,0.9960864960338655
2024-05-15,188.4401397705078,183.57375,2.9583585932208254,19.08557449132545,4.368703983028085,2.385358607813077,0.9960864960338655
2024-05-16,188.55931091308597,184.98015,2.9583585932208254,19.08557449132545,4.368703983028085,2.385358607813077,0.9960864960338655
2024-05-17,188.58912658691412,186.296,2.9583585932208254,19.08557449132545,4.368703983028085,2.385358607813077,0.9960864960338655
2024-05-20,189.7512359619141,187.4201,2.9583585932208254,19.08557449132545,4.368703983028085,2.385358607813077,0.9960864960338655
2024-05-21,191.05239868164065,188.43272,2.9583585932208254,19.08557449132545,4.368703983028085,2.385358607813077,0.9960864960338655
2024-05-22,189.6121673583984,189.40953,2.9583585932208254,19.08557449132545,4.368703983028085,2.385358607813077,0.9960864960338655
2024-05-23,185.61929321289065,190.11298,2.9583585932208254,19.08557449132545,4.368703983028085,2.385358607813077,0.9960864960338655
2024-05-24,188.6983795166016,190.16348,2.9583585932208254,19.08557449132545,4.368703983028085,2.385358607813077,0.9960864960338655
2024-05-28,188.7082977294922,190.14336,2.9583585932208254,19.08557449132545,4.368703983028085,2.385358607813077,0.9960864960338655
2024-05-29,189.00628662109372,190.09395,2.9583585932208254,19.08557449132545,4.368703983028085,2.385358607813077,0.9960864960338655
2024-05-30,189.9995422363281,190.0628,2.9583585932208254,19.08557449132545,4.368703983028085,2.385358607813077,0.9960864960338655
2024-05-31,190.9530487060547,190.1469,2.9583585932208254,19.08557449132545,4.368703983028085,2.385358607813077,0.9960864960338655
2024-06-03,192.72103881835932,190.38652,2.9583585932208254,19.08557449132545,4.368703983028085,2.385358607813077,0.9960864960338655
2024-06-04,193.0388946533203,190.87224,2.9583585932208254,19.08557449132545,4.368703983028085,2.385358607813077,0.9960864960338655
2024-06-05,194.5486297607422,191.48103,2.9583585932208254,19.08557449132545,4.368703983028085,2.385358607813077,0.9960864960338655
2024-06-06,193.16801452636722,192.24925,2.9583585932208254,19.08557449132545,4.368703983028085,2.385358607813077,0.9960864960338655
2024-06-07,195.56173706054688,192.8848,2.9583585932208254,19.08557449132545,4.368703983028085,2.385358607813077,0.9960864960338655
2024-06-10,191.8171844482422,193.61906,2.9583585932208254,19.08557449132545,4.368703983028085,2.385358607813077,0.9960864960338655
2024-06-11,205.7525177001953,193.94902,2.9583585932208254,19.08557449132545,4.368703983028085,2.385358607813077,0.9960864960338655
2024-06-12,211.6326141357422,195.44409,2.9583585932208254,19.08557449132545,4.368703983028085,2.385358607813077,0.9960864960338655
2024-06-13,212.7947235107422,198.08748,2.9583585932208254,19.08557449132545,4.368703983028085,2.385358607813077,0.9960864960338655
2024-06-14,211.0565490722656,201.23357,2.9583585932208254,19.08557449132545,4.368703983028085,2.385358607813077,0.9960864960338655
2024-06-17,215.20831298828125,204.14693,2.9583585932208254,19.08557449132545,4.368703983028085,2.385358607813077,0.9960864960338655
2024-06-18,212.8443603515625,207.03104,2.9583585932208254,19.08557449132545,4.368703983028085,2.385358607813077,0.9960864960338655
2024-06-20,208.26547241210935,209.3588,2.9583585932208254,19.08557449132545,4.368703983028085,2.385358607813077,0.9960864960338655
2024-06-21,206.0902404785156,210.64572,2.9583585932208254,19.08557449132545,4.368703983028085,2.385358607813077,0.9960864960338655
2024-06-24,206.73585510253903,210.96748,2.9583585932208254,19.08557449132545,4.368703983028085,2.385358607813077,0.9960864960338655
2024-06-25,207.6596069335937,210.76794,2.9583585932208254,19.08557449132545,4.368703983028085,2.385358607813077,0.9960864960338655
2024-06-26,211.8114013671875,210.39223,2.9583585932208254,19.08557449132545,4.368703983028085,2.385358607813077,0.9960864960338655
2024-06-27,212.6556701660156,210.38504,2.9583585932208254,19.08557449132545,4.368703983028085,2.385358607813077,0.9960864960338655
2024-06-28,209.19911193847656,210.68477,2.9583585932208254,19.08557449132545,4.368703983028085,2.385358607813077,0.9960864960338655
2024-07-01,215.2877655029297,210.77048,2.9583585932208254,19.08557449132545,4.368703983028085,2.385358607813077,0.9960864960338655
2024-07-02,218.78404235839844,211.33167,2.9583585932208254,19.08557449132545,4.368703983028085,2.385358607813077,0.9960864960338655
2024-07-03,220.05538940429688,212.47415,2.9583585932208254,19.08557449132545,4.368703983028085,2.385358607813077,0.9960864960338655
2024-07-05,224.8130798339844,213.96077,2.9583585932208254,19.08557449132545,4.368703983028085,2.385358607813077,0.9960864960338655
2024-07-08,226.2831115722656,215.96715,2.9583585932208254,19.08557449132545,4.368703983028085,2.385358607813077,0.9960864960338655
2024-07-09,227.1372985839844,218.21385,2.9583585932208254,19.08557449132545,4.368703983028085,2.385358607813077,0.9960864960338655
2024-07-10,231.4082946777344,220.44446,2.9583585932208254,19.08557449132545,4.368703983028085,2.385358607813077,0.9960864960338655
2024-07-11,226.0347900390625,222.85986,2.9583585932208254,19.08557449132545,4.368703983028085,2.385358607813077,0.9960864960338655
2024-07-12,228.9847412109375,224.59088,2.9583585932208254,19.08557449132545,4.368703983028085,2.385358607813077,0.9960864960338655
2024-07-15,232.81871032714844,226.0288,2.9583585932208254,19.08557449132545,4.368703983028085,2.385358607813077,0.9960864960338655
2024-07-16,233.2358856201172,227.54391,2.9583585932208254,19.08557449132545,4.368703983028085,2.385358607813077,0.9960864960338655
2024-07-17,227.33595275878903,228.99619,2.9583585932208254,19.08557449132545,4.368703983028085,2.385358607813077,0.9960864960338655
2024-07-18,222.66764831542972,229.66284,2.9583585932208254,19.08557449132545,4.368703983028085,2.385358607813077,0.9960864960338655
2024-07-19,222.79676818847656,229.31882,2.9583585932208254,19.08557449132545,4.368703983028085,2.385358607813077,0.9960864960338655
2024-07-22,222.44915771484372,228.4338,2.9583585932208254,19.08557449132545,4.368703983028085,2.385358607813077,0.9960864960338655
2024-07-23,223.49205017089844,227.301,2.9583585932208254,19.08557449132545,4.368703983028085,2.385358607813077,0.9960864960338655
2024-07-24,217.06570434570312,226.25227,2.9583585932208254,19.08557449132545,4.368703983028085,2.385358607813077,0.9960864960338655
2024-07-25,216.02279663085935,224.71205,2.9583585932208254,19.08557449132545,4.368703983028085,2.385358607813077,0.9960864960338655
2024-07-26,216.48963928222656,222.92603,2.9583585932208254,19.08557449132545,4.368703983028085,2.385358607813077,0.9960864960338655
2024-07-29,216.76773071289068,221.23143,2.9583585932208254,19.08557449132545,4.368703983028085,2.385358607813077,0.9960864960338655
2024-07-30,217.32395935058594,219.79723,2.9583585932208254,19.08557449132545,4.368703983028085,2.385358607813077,0.9960864960338655
2024-07-31,220.5818176269531,218.71935,2.9583585932208254,19.08557449132545,4.368703983028085,2.385358607813077,0.9960864960338655
2024-08-01,216.88690185546875,218.29015,2.9583585932208254,19.08557449132545,4.368703983028085,2.385358607813077,0.9960864960338655
2024-08-02,218.37681579589844,217.90714,2.9583585932208254,19.08557449132545,4.368703983028085,2.385358607813077,0.9960864960338655
2024-08-05,207.85826110839844,217.72919,2.9583585932208254,19.08557449132545,4.368703983028085,2.385358607813077,0.9960864960338655
2024-08-06,205.8320159912109,216.61757,2.9583585932208254,19.08557449132545,4.368703983028085,2.385358607813077,0.9960864960338655
2024-08-07,208.404541015625,214.85362,2.9583585932208254,19.08557449132545,4.368703983028085,2.385358607813077,0.9960864960338655
2024-08-08,211.8710021972656,213.16711,2.9583585932208254,19.08557449132545,4.368703983028085,2.385358607813077,0.9960864960338655
2024-08-09,214.7812347412109,212.07297,2.9583585932208254,19.08557449132545,4.368703983028085,2.385358607813077,0.9960864960338655
2024-08-12,216.31260681152344,211.74463,2.9583585932208254,19.08557449132545,4.368703983028085,2.385358607813077,0.9960864960338655
2024-08-13,220.0316619873047,212.05283,2.9583585932208254,19.08557449132545,4.368703983028085,2.385358607813077,0.9960864960338655
2024-08-14,220.4791717529297,213.07278,2.9583585932208254,19.08557449132545,4.368703983028085,2.385358607813077,0.9960864960338655
2024-08-15,223.46237182617188,214.4435,2.9583585932208254,19.08557449132545,4.368703983028085,2.385358607813077,0.9960864960338655
2024-08-16,224.7849273681641,216.17084,2.9583585932208254,19.08557449132545,4.368703983028085,2.385358607813077,0.9960864960338655
2024-08-19,224.62583923339844,218.05968,2.9583585932208254,19.08557449132545,4.368703983028085,2.385358607813077,0.9960864960338655
2024-08-20,225.2423553466797,219.82744,2.9583585932208254,19.08557449132545,4.368703983028085,2.385358607813077,0.9960864960338655
2024-08-21,225.1329498291016,221.40118,2.9583585932208254,19.08557449132545,4.368703983028085,2.385358607813077,0.9960864960338655
2024-08-22,223.27345275878903,222.68997,2.9583585932208254,19.08557449132545,4.368703983028085,2.385358607813077,0.9960864960338655
2024-08-23,225.57049560546875,223.49303,2.9583585932208254,19.08557449132545,4.368703983028085,2.385358607813077,0.9960864960338655
2024-08-26,225.90858459472656,224.16362,2.9583585932208254,19.08557449132545,4.368703983028085,2.385358607813077,0.9960864960338655
2024-08-27,226.75384521484372,224.73093,2.9583585932208254,19.08557449132545,4.368703983028085,2.385358607813077,0.9960864960338655
2024-08-28,225.22247314453125,225.26636,2.9583585932208254,19.08557449132545,4.368703983028085,2.385358607813077,0.9960864960338655
2024-08-29,228.50399780273443,225.57332,2.9583585932208254,19.08557449132545,4.368703983028085,2.385358607813077,0.9960864960338655
2024-08-30,227.7184295654297,226.04324,2.9583585932208254,19.08557449132545,4.368703983028085,2.385358607813077,0.9960864960338655
2024-09-03,221.5232696533203,226.48473,2.9583585932208254,19.08557449132545,4.368703983028085,2.385358607813077,0.9960864960338655
2024-09-04,219.6140289306641,226.23088,2.9583585932208254,19.08557449132545,4.368703983028085,2.385358607813077,0.9960864960338655
2024-09-05,221.1354522705078,225.39272,2.9583585932208254,19.08557449132545,4.368703983028085,2.385358607813077,0.9960864960338655
2024-09-06,219.584228515625,224.45906,2.9583585932208254,19.08557449132545,4.368703983028085,2.385358607813077,0.9960864960338655
2024-09-09,219.67369079589844,223.41843,2.9583585932208254,19.08557449132545,4.368703983028085,2.385358607813077,0.9960864960338655
2024-09-10,218.87817382812497,222.43153,2.9583585932208254,19.08557449132545,4.368703983028085,2.385358607813077,0.9960864960338655
2024-09-11,221.4138946533203,221.49834,2.9583585932208254,19.08557449132545,4.368703983028085,2.385358607813077,0.9960864960338655
2024-09-12,221.5232696533203,220.94858,2.9583585932208254,19.08557449132545,4.368703983028085,2.385358607813077,0.9960864960338655
2024-09-13,221.2547912597656,220.69278,2.9583585932208254,19.08557449132545,4.368703983028085,2.385358607813077,0.9960864960338655
2024-09-16,215.10939025878903,220.60233,2.9583585932208254,19.08557449132545,4.368703983028085,2.385358607813077,0.9960864960338655
2024-09-17,215.5767364501953,219.98756,2.9583585932208254,19.08557449132545,4.368703983028085,2.385358607813077,0.9960864960338655
2024-09-18,219.45492553710935,219.1674,2.9583585932208254,19.08557449132545,4.368703983028085,2.385358607813077,0.9960864960338655
2024-09-19,227.58914184570312,218.7157,2.9583585932208254,19.08557449132545,4.368703983028085,2.385358607813077,0.9960864960338655
2024-09-20,226.92288208007807,219.36316,2.9583585932208254,19.08557449132545,4.368703983028085,2.385358607813077,0.9960864960338655
2024-09-23,225.20257568359372,220.5246,2.9583585932208254,19.08557449132545,4.368703983028085,2.385358607813077,0.9960864960338655
2024-09-24,226.0975341796875,221.67526,2.9583585932208254,19.08557449132545,4.368703983028085,2.385358607813077,0.9960864960338655
2024-09-25,225.1031188964844,222.7798,2.9583585932208254,19.08557449132545,4.368703983028085,2.385358607813077,0.9960864960338655
2024-09-26,226.24668884277344,223.64218,2.9583585932208254,19.08557449132545,4.368703983028085,2.385358607813077,0.9960864960338655
2024-09-27,226.51516723632807,224.38931,2.9583585932208254,19.08557449132545,4.368703983028085,2.385358607813077,0.9960864960338655
2024-09-30,231.69602966308597,225.0244,2.9583585932208254,19.08557449132545,4.368703983028085,2.385358607813077,0.9960864960338655
2024-10-01,224.94403076171875,226.05498,2.9583585932208254,19.08557449132545,4.368703983028085,2.385358607813077,0.9960864960338655
2024-10-02,225.5108337402344,226.53539,2.9583585932208254,19.08557449132545,4.368703983028085,2.385358607813077,0.9960864960338655
2024-10-03,224.4070281982422,226.68721,2.9583585932208254,19.08557449132545,4.368703983028085,2.385358607813077,0.9960864960338655
2024-10-04,225.5307464599609,226.5262,2.9583585932208254,19.08557449132545,4.368703983028085,2.385358607813077,0.9960864960338655
2024-10-07,220.44932556152344,226.31575,2.9583585932208254,19.08557449132545,4.368703983028085,2.385358607813077,0.9960864960338655
2024-10-08,224.50650024414065,225.5887,2.9583585932208254,19.08557449132545,4.368703983028085,2.385358607813077,0.9960864960338655
2024-10-09,228.25540161132807,225.04012,2.9583585932208254,19.08557449132545,4.368703983028085,2.385358607813077,0.9960864960338655
2024-10-10,227.75819396972653,225.04373,2.9583585932208254,19.08557449132545,4.368703983028085,2.385358607813077,0.9960864960338655
2024-10-11,226.2765350341797,225.32117,2.9583585932208254,19.08557449132545,4.368703983028085,2.385358607813077,0.9960864960338655
2024-10-14,230.00553894042966,225.56999,2.9583585932208254,19.08557449132545,4.368703983028085,2.385358607813077,0.9960864960338655
2024-10-15,232.5412750244141,226.14537,2.9583585932208254,19.08557449132545,4.368703983028085,2.385358607813077,0.9960864960338655
2024-10-16,230.4828643798828,227.11122,2.9583585932208254,19.08557449132545,4.368703983028085,2.385358607813077,0.9960864960338655
2024-10-17,230.8507843017578,227.99489,2.9583585932208254,19.08557449132545,4.368703983028085,2.385358607813077,0.9960864960338655
2024-10-18,233.6848297119141,228.7667,2.9583585932208254,19.08557449132545,4.368703983028085,2.385358607813077,0.9960864960338655
2024-10-21,235.15655517578125,229.67918,2.9583585932208254,19.08557449132545,4.368703983028085,2.385358607813077,0.9960864960338655
2024-10-22,234.54002380371094,230.73225,2.9583585932208254,19.08557449132545,4.368703983028085,2.385358607813077,0.9960864960338655
2024-10-23,229.4685516357422,231.69574,2.9583585932208254,19.08557449132545,4.368703983028085,2.385358607813077,0.9960864960338655
2024-10-24,229.27964782714844,231.99245,2.9583585932208254,19.08557449132545,4.368703983028085,2.385358607813077,0.9960864960338655
2024-10-25,230.11492919921875,231.84299,2.9583585932208254,19.08557449132545,4.368703983028085,2.385358607813077,0.9960864960338655
2024-10-28,232.0937957763672,231.54073,2.9583585932208254,19.08557449132545,4.368703983028085,2.385358607813077,0.9960864960338655
2024-10-29,232.3622894287109,231.38765,2.9583585932208254,19.08557449132545,4.368703983028085,2.385358607813077,0.9960864960338655
2024-10-30,228.812255859375,231.36943,2.9583585932208254,19.08557449132545,4.368703983028085,2.385358607813077,0.9960864960338655
2024-10-31,224.64572143554688,231.0712,2.9583585932208254,19.08557449132545,4.368703983028085,2.385358607813077,0.9960864960338655
2024-11-01,221.6624908447266,230.21094,2.9583585932208254,19.08557449132545,4.368703983028085,2.385358607813077,0.9960864960338655
2024-11-04,220.76751708984372,228.8059,2.9583585932208254,19.08557449132545,4.368703983028085,2.385358607813077,0.9960864960338655
2024-11-05,222.1994781494141,227.14035,2.9583585932208254,19.08557449132545,4.368703983028085,2.385358607813077,0.9960864960338655
2024-11-06,221.4735565185547,225.64737,2.9583585932208254,19.08557449132545,4.368703983028085,2.385358607813077,0.9960864960338655
2024-11-07,226.20692443847656,224.34303,2.9583585932208254,19.08557449132545,4.368703983028085,2.385358607813077,0.9960864960338655
2024-11-08,225.93814086914068,223.76212,2.9583585932208254,19.08557449132545,4.368703983028085,2.385358607813077,0.9960864960338655
2024-11-11,223.22042846679688,223.6405,2.9583585932208254,19.08557449132545,4.368703983028085,2.385358607813077,0.9960864960338655
2024-11-12,223.22042846679688,223.514,2.9583585932208254,19.08557449132545,4.368703983028085,2.385358607813077,0.9960864960338655
2024-11-13,224.1064300537109,223.38727,2.9583585932208254,19.08557449132545,4.368703983028085,2.385358607813077,0.9960864960338655
2024-11-14,227.1924743652344,223.36357,2.9583585932208254,19.08557449132545,4.368703983028085,2.385358607813077,0.9960864960338655
2024-11-15,223.9869537353516,223.71805,2.9583585932208254,19.08557449132545,4.368703983028085,2.385358607813077,0.9960864960338655
2024-11-18,226.99337768554688,223.93637,2.9583585932208254,19.08557449132545,4.368703983028085,2.385358607813077,0.9960864960338655
2024-11-19,227.25218200683597,224.34958,2.9583585932208254,19.08557449132545,4.368703983028085,2.385358607813077,0.9960864960338655
2024-11-20,227.9689483642578,224.86662,2.9583585932208254,19.08557449132545,4.368703983028085,2.385358607813077,0.9960864960338655
2024-11-21,227.4911193847656,225.46242,2.9583585932208254,19.08557449132545,4.368703983028085,2.385358607813077,0.9960864960338655
2024-11-22,228.83503723144534,225.9943,2.9583585932208254,19.08557449132545,4.368703983028085,2.385358607813077,0.9960864960338655
2024-11-25,231.82151794433597,226.56844,2.9583585932208254,19.08557449132545,4.368703983028085,2.385358607813077,0.9960864960338655
2024-11-26,234.0016632080078,227.41225,2.9583585932208254,19.08557449132545,4.368703983028085,2.385358607813077,0.9960864960338655
2024-11-27,233.87225341796875,228.54947,2.9583585932208254,19.08557449132545,4.368703983028085,2.385358607813077,0.9960864960338655
2024-11-29,236.26145935058597,229.72559,2.9583585932208254,19.08557449132545,4.368703983028085,2.385358607813077,0.9960864960338655
2024-12-02,238.51126098632807,231.03745,2.9583585932208254,19.08557449132545,4.368703983028085,2.385358607813077,0.9960864960338655
2024-12-03,241.55747985839844,232.51947,2.9583585932208254,19.08557449132545,4.368703983028085,2.385358607813077,0.9960864960338655
2024-12-04,241.91586303710935,234.25227,2.9583585932208254,19.08557449132545,4.368703983028085,2.385358607813077,0.9960864960338655
2024-12-05,241.9457244873047,235.9874,2.9583585932208254,19.08557449132545,4.368703983028085,2.385358607813077,0.9960864960338655
2024-12-06,241.7466278076172,237.54143,2.9583585932208254,19.08557449132545,4.368703983028085,2.385358607813077,0.9960864960338655
2024-12-09,245.6390380859375,238.8061,2.9583585932208254,19.08557449132545,4.368703983028085,2.385358607813077,0.9960864960338655
2024-12-10,246.6544342041016,240.15967,2.9583585932208254,19.08557449132545,4.368703983028085,2.385358607813077,0.9960864960338655
2024-12-11,245.3802032470703,241.53348,2.9583585932208254,19.08557449132545,4.368703983028085,2.385358607813077,0.9960864960338655
2024-12-12,246.84359741210935,242.64755,2.9583585932208254,19.08557449132545,4.368703983028085,2.385358607813077,0.9960864960338655
2024-12-13,247.0128326416016,243.63531,2.9583585932208254,19.08557449132545,4.368703983028085,2.385358607813077,0.9960864960338655
2024-12-16,249.9097137451172,244.4662,2.9583585932208254,19.08557449132545,4.368703983028085,2.385358607813077,0.9960864960338655
2024-12-17,252.33872985839844,245.407,2.9583585932208254,19.08557449132545,4.368703983028085,2.385358607813077,0.9960864960338655
2024-12-18,246.9331817626953,246.55919,2.9583585932208254,19.08557449132545,4.368703983028085,2.385358607813077,0.9960864960338655
2024-12-19,248.6653594970703,247.17674,2.9583585932208254,19.08557449132545,4.368703983028085,2.385358607813077,0.9960864960338655
2024-12-20,253.3441925048828,247.57605,2.9583585932208254,19.08557449132545,4.368703983028085,2.385358607813077,0.9960864960338655
2024-12-23,254.1206817626953,248.2778,2.9583585932208254,19.08557449132545,4.368703983028085,2.385358607813077,0.9960864960338655
2024-12-24,257.0375061035156,249.16805,2.9583585932208254,19.08557449132545,4.368703983028085,2.385358607813077,0.9960864960338655
2024-12-26,257.853759765625,250.35945,2.9583585932208254,19.08557449132545,4.368703983028085,2.385358607813077,0.9960864960338655
2024-12-27,254.43923950195312,251.682,2.9583585932208254,19.08557449132545,4.368703983028085,2.385358607813077,0.9960864960338655
2024-12-30,251.0644989013672,252.59982,2.9583585932208254,19.08557449132545,4.368703983028085,2.385358607813077,0.9960864960338655
2024-12-31,249.2925262451172,252.84189,2.9583585932208254,19.08557449132545,4.368703983028085,2.385358607813077,0.9960864960338655
2025-01-02,242.75210571289065,252.48656,2.9583585932208254,19.08557449132545,4.368703983028085,2.385358607813077,0.9960864960338655
2025-01-03,242.26429748535156,251.17458,2.9583585932208254,19.08557449132545,4.368703983028085,2.385358607813077,0.9960864960338655
2025-01-06,243.89691162109372,249.38853,2.9583585932208254,19.08557449132545,4.368703983028085,2.385358607813077,0.9960864960338655
2025-01-07,241.11949157714844,247.68498,2.9583585932208254,19.08557449132545,4.368703983028085,2.385358607813077,0.9960864960338655
2025-01-08,241.6072540283203,245.93782,2.9583585932208254,19.08557449132545,4.368703983028085,2.385358607813077,0.9960864960338655
2025-01-10,235.7836151123047,244.38895,2.9583585932208254,19.08557449132545,4.368703983028085,2.385358607813077,0.9960864960338655
2025-01-13,233.3446350097656,242.53328,2.9583585932208254,19.08557449132545,4.368703983028085,2.385358607813077,0.9960864960338655
2025-01-14,232.22967529296875,240.43336,2.9583585932208254,19.08557449132545,4.368703983028085,2.385358607813077,0.9960864960338655
2025-01-15,236.7989959716797,238.29588,2.9583585932208254,19.08557449132545,4.368703983028085,2.385358607813077,0.9960864960338655
2025-01-16,227.2322998046875,236.81999,2.9583585932208254,19.08557449132545,4.368703983028085,2.385358607813077,0.9960864960338655
2025-01-17,228.94451904296875,234.9298,2.9583585932208254,19.08557449132545,4.368703983028085,2.385358607813077,0.9960864960338655
2025-01-21,221.63758850097656,233.14565,2.9583585932208254,19.08557449132545,4.368703983028085,2.385358607813077,0.9960864960338655
2025-01-22,222.8222198486328,230.8794,2.9583585932208254,19.08557449132545,4.368703983028085,2.385358607813077,0.9960864960338655
2025-01-23,222.6529998779297,228.6781,2.9583585932208254,19.08557449132545,4.368703983028085,2.385358607813077,0.9960864960338655
2025-01-24,221.7769470214844,226.7377,2.9583585932208254,19.08557449132545,4.368703983028085,2.385358607813077,0.9960864960338655
2025-01-27,228.8250732421875,225.06622,2.9583585932208254,19.08557449132545,4.368703983028085,2.385358607813077,0.9960864960338655
2025-01-28,237.1872711181641,224.43979,2.9583585932208254,19.08557449132545,4.368703983028085,2.385358607813077,0.9960864960338655
2025-01-29,238.2823181152344,225.3435,2.9583585932208254,19.08557449132545,4.368703983028085,2.385358607813077,0.9960864960338655
2025-01-30,236.520263671875,227.15668,2.9583585932208254,19.08557449132545,4.368703983028085,2.385358607813077,0.9960864960338655
2025-01-31,234.93743896484372,229.11646,2.9583585932208254,19.08557449132545,4.368703983028085,2.385358607813077,0.9960864960338655
2025-02-03,226.9833984375,230.78389,2.9583585932208254,19.08557449132545,4.368703983028085,2.385358607813077,0.9960864960338655
2025-02-04,231.75184631347656,231.30322,2.9583585932208254,19.08557449132545,4.368703983028085,2.385358607813077,0.9960864960338655
2025-02-05,231.42333984375,231.575,2.9583585932208254,19.08557449132545,4.368703983028085,2.385358607813077,0.9960864960338655
2025-02-06,232.16995239257807,231.66743,2.9583585932208254,19.08557449132545,4.368703983028085,2.385358607813077,0.9960864960338655
2025-02-07,226.6051177978516,231.729,2.9583585932208254,19.08557449132545,4.368703983028085,2.385358607813077,0.9960864960338655
2025-02-10,226.8741912841797,231.21109,2.9583585932208254,19.08557449132545,4.368703983028085,2.385358607813077,0.9960864960338655
2025-02-11,231.8272705078125,230.42946,2.9583585932208254,19.08557449132545,4.368703983028085,2.385358607813077,0.9960864960338655
2025-02-12,236.06277465820312,230.08316,2.9583585932208254,19.08557449132545,4.368703983028085,2.385358607813077,0.9960864960338655
2025-02-13,240.70687866210935,230.4648,2.9583585932208254,19.08557449132545,4.368703983028085,2.385358607813077,0.9960864960338655
2025-02-14,243.76646423339844,231.69829,2.9583585932208254,19.08557449132545,4.368703983028085,2.385358607813077,0.9960864960338655
2025-02-18,243.63688659667972,233.60164,2.9583585932208254,19.08557449132545,4.368703983028085,2.385358607813077,0.9960864960338655
2025-02-19,244.03549194335935,235.6741,2.9583585932208254,19.08557449132545,4.368703983028085,2.385358607813077,0.9960864960338655
2025-02-20,244.9922332763672,237.65677,2.9583585932208254,19.08557449132545,4.368703983028085,2.385358607813077,0.9960864960338655
2025-02-21,244.71319580078125,239.47206,2.9583585932208254,19.08557449132545,4.368703983028085,2.385358607813077,0.9960864960338655
2025-02-24,246.25791931152344,240.97462,2.9583585932208254,19.08557449132545,4.368703983028085,2.385358607813077,0.9960864960338655
2025-02-25,246.1981201171875,242.29416,2.9583585932208254,19.08557449132545,4.368703983028085,2.385358607813077,0.9960864960338655
2025-02-26,239.5408935546875,243.37004,2.9583585932208254,19.08557449132545,4.368703983028085,2.385358607813077,0.9960864960338655
2025-02-27,236.49131774902344,243.5294,2.9583585932208254,19.08557449132545,4.368703983028085,2.385358607813077,0.9960864960338655
2025-02-28,241.01583862304688,242.82413,2.9583585932208254,19.08557449132545,4.368703983028085,2.385358607813077,0.9960864960338655
2025-03-03,237.21882629394534,242.14612,2.9583585932208254,19.08557449132545,4.368703983028085,2.385358607813077,0.9960864960338655
2025-03-04,235.1259765625,241.1918,2.9583585932208254,19.08557449132545,4.368703983028085,2.385358607813077,0.9960864960338655
2025-03-05,234.93663024902344,239.9584,2.9583585932208254,19.08557449132545,4.368703983028085,2.385358607813077,0.9960864960338655
2025-03-06,234.52804565429688,238.66891,2.9583585932208254,19.08557449132545,4.368703983028085,2.385358607813077,0.9960864960338655
2025-03-07,238.2552947998047,237.44057,2.9583585932208254,19.08557449132545,4.368703983028085,2.385358607813077,0.9960864960338655
2025-03-10,226.70477294921875,236.74808,2.9583585932208254,19.08557449132545,4.368703983028085,2.385358607813077,0.9960864960338655
2025-03-11,220.08741760253903,235.2816,2.9583585932208254,19.08557449132545,4.368703983028085,2.385358607813077,0.9960864960338655
2025-03-12,216.24057006835935,232.82117,2.9583585932208254,19.08557449132545,4.368703983028085,2.385358607813077,0.9960864960338655
2025-03-13,208.9654235839844,229.64404,2.9583585932208254,19.08557449132545,4.368703983028085,2.385358607813077,0.9960864960338655
2025-03-14,212.7624664306641,225.64622,2.9583585932208254,19.08557449132545,4.368703983028085,2.385358607813077,0.9960864960338655
2025-03-17,213.27072143554688,221.97281,2.9583585932208254,19.08557449132545,4.368703983028085,2.385358607813077,0.9960864960338655
2025-03-18,211.96519470214844,218.94176,2.9583585932208254,19.08557449132545,4.368703983028085,2.385358607813077,0.9960864960338655
2025-03-19,214.50650024414065,216.4686,2.9583585932208254,19.08557449132545,4.368703983028085,2.385358607813077,0.9960864960338655
2025-03-20,213.3703765869141,214.83096,2.9583585932208254,19.08557449132545,4.368703983028085,2.385358607813077,0.9960864960338655
2025-03-21,217.52618408203125,213.73373,2.9583585932208254,19.08557449132545,4.368703983028085,2.385358607813077,0.9960864960338655
2025-03-24,219.977783203125,213.48122,2.9583585932208254,19.08557449132545,4.368703983028085,2.385358607813077,0.9960864960338655
2025-03-25,222.98748779296875,213.99934,2.9583585932208254,19.08557449132545,4.368703983028085,2.385358607813077,0.9960864960338655
2025-03-26,220.77505493164068,215.21573,2.9583585932208254,19.08557449132545,4.368703983028085,2.385358607813077,0.9960864960338655
2025-03-27,223.08717346191412,216.48491,2.9583585932208254,19.08557449132545,4.368703983028085,2.385358607813077,0.9960864960338655
2025-03-28,217.15740966796878,217.8792,2.9583585932208254,19.08557449132545,4.368703983028085,2.385358607813077,0.9960864960338655
2025-03-31,221.37301635742188,218.60419,2.9583585932208254,19.08557449132545,4.368703983028085,2.385358607813077,0.9960864960338655
2025-04-01,222.4293975830078,219.28674,2.9583585932208254,19.08557449132545,4.368703983028085,2.385358607813077,0.9960864960338655
2025-04-02,223.12701416015625,219.99942,2.9583585932208254,19.08557449132545,4.368703983028085,2.385358607813077,0.9960864960338655
2025-04-03,202.49755859375,220.73285,2.9583585932208254,19.08557449132545,4.368703983028085,2.385358607813077,0.9960864960338655
2025-04-04,187.738037109375,219.30383,2.9583585932208254,19.08557449132545,4.368703983028085,2.385358607813077,0.9960864960338655
2025-04-07,180.84161376953125,215.21666,2.9583585932208254,19.08557449132545,4.368703983028085,2.385358607813077,0.9960864960338655
2025-04-08,171.83242797851562,209.29364,2.9583585932208254,19.08557449132545,4.368703983028085,2.385358607813077,0.9960864960338655
2025-04-09,198.1723480224609,202.0036,2.9583585932208254,19.08557449132545,4.368703983028085,2.385358607813077,0.9960864960338655
2025-04-10,189.7710723876953,197.42703,2.9583585932208254,19.08557449132545,4.368703983028085,2.385358607813077,0.9960864960338655
2025-04-11,197.4747314453125,194.09471,2.9583585932208254,19.08557449132545,4.368703983028085,2.385358607813077,0.9960864960338655
2025-04-14,201.82984924316412,192.5981,2.9583585932208254,19.08557449132545,4.368703983028085,2.385358607813077,0.9960864960338655
2025-04-15,201.4511260986328,192.76942,2.9583585932208254,19.08557449132545,4.368703983028085,2.385358607813077,0.9960864960338655
2025-04-16,193.6079559326172,193.83624,2.9583585932208254,19.08557449132545,4.368703983028085,2.385358607813077,0.9960864960338655
2025-04-17,196.3087158203125,194.47943,2.9583585932208254,19.08557449132545,4.368703983028085,2.385358607813077,0.9960864960338655
2025-04-21,192.5017242431641,195.06741,2.9583585932208254,19.08557449132545,4.368703983028085,2.385358607813077,0.9960864960338655
2025-04-22,199.059326171875,195.18005,2.9583585932208254,19.08557449132545,4.368703983028085,2.385358607813077,0.9960864960338655
2025-04-23,203.9027404785156,195.68625,2.9583585932208254,19.08557449132545,4.368703983028085,2.385358607813077,0.9960864960338655
2025-04-24,207.659912109375,196.8908,2.9583585932208254,19.08557449132545,4.368703983028085,2.385358607813077,0.9960864960338655
2025-04-25,208.5668029785156,198.77174,2.9583585932208254,19.08557449132545,4.368703983028085,2.385358607813077,0.9960864960338655
2025-04-28,209.4238739013672,200.9429,2.9583585932208254,19.08557449132545,4.368703983028085,2.385358607813077,0.9960864960338655
2025-04-29,210.490234375,203.13779,2.9583585932208254,19.08557449132545,4.368703983028085,2.385358607813077,0.9960864960338655
2025-04-30,211.7758331298828,205.22356,2.9583585932208254,19.08557449132545,4.368703983028085,2.385358607813077,0.9960864960338655
2025-05-01,212.59304809570312,207.16035,2.9583585932208254,19.08557449132545,4.368703983028085,2.385358607813077,0.9960864960338655
2025-05-02,204.65020751953125,208.8946,2.9583585932208254,19.08557449132545,4.368703983028085,2.385358607813077,0.9960864960338655
2025-05-05,198.21221923828125,209.51852,2.9583585932208254,19.08557449132545,4.368703983028085,2.385358607813077,0.9960864960338655
2025-05-06,197.83349609375,208.75945,2.9583585932208254,19.08557449132545,4.368703983028085,2.385358607813077,0.9960864960338655
2025-05-07,195.58120727539065,207.23764,2.9583585932208254,19.08557449132545,4.368703983028085,2.385358607813077,0.9960864960338655
2025-05-08,196.8169860839844,205.21416,2.9583585932208254,19.08557449132545,4.368703983028085,2.385358607813077,0.9960864960338655
2025-05-09,197.8534393310547,203.24388,2.9583585932208254,19.08557449132545,4.368703983028085,2.385358607813077,0.9960864960338655
2025-05-12,210.3471221923828,201.62448,2.9583585932208254,19.08557449132545,4.368703983028085,2.385358607813077,0.9960864960338655
2025-05-13,212.48263549804688,201.66594,2.9583585932208254,19.08557449132545,4.368703983028085,2.385358607813077,0.9960864960338655
2025-05-14,211.8839111328125,202.8988,2.9583585932208254,19.08557449132545,4.368703983028085,2.385358607813077,0.9960864960338655
2025-05-15,211.00575256347656,204.61366,2.9583585932208254,19.08557449132545,4.368703983028085,2.385358607813077,0.9960864960338655
2025-05-16,210.81614685058594,206.31824,2.9583585932208254,19.08557449132545,4.368703983028085,2.385358607813077,0.9960864960338655
2025-05-19,208.3413543701172,207.80728,2.9583585932208254,19.08557449132545,4.368703983028085,2.385358607813077,0.9960864960338655
2025-05-20,206.42539978027344,208.75954,2.9583585932208254,19.08557449132545,4.368703983028085,2.385358607813077,0.9960864960338655
2025-05-21,201.66542053222653,209.10289,2.9583585932208254,19.08557449132545,4.368703983028085,2.385358607813077,0.9960864960338655
2025-05-22,200.93695068359372,208.57227,2.9583585932208254,19.08557449132545,4.368703983028085,2.385358607813077,0.9960864960338655
2025-05-23,194.8597412109375,207.51561,2.9583585932208254,19.08557449132545,4.368703983028085,2.385358607813077,0.9960864960338655
2025-05-27,199.78936767578125,205.6479,2.9583585932208254,19.08557449132545,4.368703983028085,2.385358607813077,0.9960864960338655
2025-05-28,199.99893188476557,204.01062,2.9583585932208254,19.08557449132545,4.368703983028085,2.385358607813077,0.9960864960338655
2025-05-29,199.52990722656253,202.71747,2.9583585932208254,19.08557449132545,4.368703983028085,2.385358607813077,0.9960864960338655
2025-05-30,200.4280242919922,201.71013,2.9583585932208254,19.08557449132545,4.368703983028085,2.385358607813077,0.9960864960338655
2025-06-02,201.27622985839844,201.06137,2.9583585932208254,19.08557449132545,4.368703983028085,2.385358607813077,0.9960864960338655
2025-06-03,202.8429412841797,200.77292,2.9583585932208254,19.08557449132545,4.368703983028085,2.385358607813077,0.9960864960338655
2025-06-04,202.3938751220703,200.88165,2.9583585932208254,19.08557449132545,4.368703983028085,2.385358607813077,0.9960864960338655
2025-06-05,200.2084808349609,201.16115,2.9583585932208254,19.08557449132545,4.368703983028085,2.385358607813077,0.9960864960338655
2025-06-06,203.49156188964844,201.28012,2.9583585932208254,19.08557449132545,4.368703983028085,2.385358607813077,0.9960864960338655
2025-06-09,201.02674865722656,201.62683,2.9583585932208254,19.08557449132545,4.368703983028085,2.385358607813077,0.9960864960338655
2025-06-10,202.24420166015625,201.82343,2.9583585932208254,19.08557449132545,4.368703983028085,2.385358607813077,0.9960864960338655
2025-06-11,198.36236572265625,202.0334,2.9583585932208254,19.08557449132545,4.368703983028085,2.385358607813077,0.9960864960338655
2025-06-12,198.78147888183594,201.8338,2.9583585932208254,19.08557449132545,4.368703983028085,2.385358607813077,0.9960864960338655
2025-06-13,196.03726196289065,201.45593,2.9583585932208254,19.08557449132545,4.368703983028085,2.385358607813077,0.9960864960338655
2025-06-16,198.0031280517578,200.73712,2.9583585932208254,19.08557449132545,4.368703983028085,2.385358607813077,0.9960864960338655
2025-06-17,195.2289581298828,200.09816,2.9583585932208254,19.08557449132545,4.368703983028085,2.385358607813077,0.9960864960338655
2025-06-18,196.1669921875,199.29388,2.9583585932208254,19.08557449132545,4.368703983028085,2.385358607813077,0.9960864960338655
2025-06-20,200.5777130126953,198.57108,2.9583585932208254,19.08557449132545,4.368703983028085,2.385358607813077,0.9960864960338655
2025-06-23,201.0766448974609,198.43074,2.9583585932208254,19.08557449132545,4.368703983028085,2.385358607813077,0.9960864960338655
2025-06-24,199.87918090820312,198.7013,2.9583585932208254,19.08557449132545,4.368703983028085,2.385358607813077,0.9960864960338655
2025-06-25,201.1365203857422,199.05312,2.9583585932208254,19.08557449132545,4.368703983028085,2.385358607813077,0.9960864960338655
2025-06-26,200.5777130126953,199.53755,2.9583585932208254,19.08557449132545,4.368703983028085,2.385358607813077,0.9960864960338655
2025-06-27,200.6575469970703,199.9909,2.9583585932208254,19.08557449132545,4.368703983028085,2.385358607813077,0.9960864960338655
2025-06-30,204.7389373779297,200.38487,2.9583585932208254,19.08557449132545,4.368703983028085,2.385358607813077,0.9960864960338655
2025-07-01,207.38337707519534,201.1246,2.9583585932208254,19.08557449132545,4.368703983028085,2.385358607813077,0.9960864960338655
2025-07-02,211.99366760253903,202.26736,2.9583585932208254,19.08557449132545,4.368703983028085,2.385358607813077,0.9960864960338655
2025-07-03,213.10133361816406,203.99863,2.9583585932208254,19.08557449132545,4.368703983028085,2.385358607813077,0.9960864960338655
2025-07-07,209.50889587402344,206.00526,2.9583585932208254,19.08557449132545,4.368703983028085,2.385358607813077,0.9960864960338655
2025-07-08,209.5687713623047,207.58682,2.9583585932208254,19.08557449132545,4.368703983028085,2.385358607813077,0.9960864960338655
2025-07-09,210.69639587402344,208.75102,2.9583585932208254,19.08557449132545,4.368703983028085,2.385358607813077,0.9960864960338655
2025-07-10,211.9637451171875,209.6696,2.9583585932208254,19.08557449132545,4.368703983028085,2.385358607813077,0.9960864960338655
2025-07-11,210.7163543701172,210.48538,2.9583585932208254,19.08557449132545,4.368703983028085,2.385358607813077,0.9960864960338655
2025-07-14,208.1816864013672,211.03299,2.9583585932208254,19.08557449132545,4.368703983028085,2.385358607813077,0.9960864960338655
2025-07-15,208.6706695556641,211.10606,2.9583585932208254,19.08557449132545,4.368703983028085,2.385358607813077,0.9960864960338655
2025-07-16,209.7184600830078,210.94307,2.9583585932208254,19.08557449132545,4.368703983028085,2.385358607813077,0.9960864960338655
2025-07-17,209.5787506103516,210.77151,2.9583585932208254,19.08557449132545,4.368703983028085,2.385358607813077,0.9960864960338655
2025-07-18,210.7363128662109,210.6014,2.9583585932208254,19.08557449132545,4.368703983028085,2.385358607813077,0.9960864960338655
2025-07-21,212.03358459472656,210.56648,2.9583585932208254,19.08557449132545,4.368703983028085,2.385358607813077,0.9960864960338655
2025-07-22,213.9495391845703,210.74594,2.9583585932208254,19.08557449132545,4.368703983028085,2.385358607813077,0.9960864960338655
2025-07-23,213.7000732421875,211.22533,2.9583585932208254,19.08557449132545,4.368703983028085,2.385358607813077,0.9960864960338655
2025-07-24,213.31089782714844,211.80138,2.9583585932208254,19.08557449132545,4.368703983028085,2.385358607813077,0.9960864960338655
2025-07-25,213.4306488037109,212.32738,2.9583585932208254,19.08557449132545,4.368703983028085,2.385358607813077,0.9960864960338655
2025-07-28,213.6002960205078,212.77766,2.9583585932208254,19.08557449132545,4.368703983028085,2.385358607813077,0.9960864960338655
2025-07-29,210.8261260986328,213.15353,2.9583585932208254,19.08557449132545,4.368703983028085,2.385358607813077,0.9960864960338655
2025-07-30,208.6107940673828,213.16362,2.9583585932208254,19.08557449132545,4.368703983028085,2.385358607813077,0.9960864960338655
2025-07-31,207.1339111328125,212.72939,2.9583585932208254,19.08557449132545,4.368703983028085,2.385358607813077,0.9960864960338655
2025-08-01,201.95480346679688,211.93123,2.9583585932208254,19.08557449132545,4.368703983028085,2.385358607813077,0.9960864960338655
2025-08-04,202.9227752685547,210.47647,2.9583585932208254,19.08557449132545,4.368703983028085,2.385358607813077,0.9960864960338655
2025-08-05,202.49366760253903,208.8878,2.9583585932208254,19.08557449132545,4.368703983028085,2.385358607813077,0.9960864960338655
2025-08-06,212.8019561767578,207.35255,2.9583585932208254,19.08557449132545,4.368703983028085,2.385358607813077,0.9960864960338655
2025-08-07,219.56771850585935,207.06995,2.9583585932208254,19.08557449132545,4.368703983028085,2.385358607813077,0.9960864960338655
2025-08-08,228.86813354492188,208.25276,2.9583585932208254,19.08557449132545,4.368703983028085,2.385358607813077,0.9960864960338655
2025-08-11,226.959976196289,211.10637,2.9583585932208254,19.08557449132545,4.368703983028085,2.385358607813077,0.9960864960338655
2025-08-12,229.42758178710935,214.43015,2.9583585932208254,19.08557449132545,4.368703983028085,2.385358607813077,0.9960864960338655
2025-08-13,233.10403442382807,217.90166,2.9583585932208254,19.08557449132545,4.368703983028085,2.385358607813077,0.9960864960338655
2025-08-14,232.5545654296875,221.46117,2.9583585932208254,19.08557449132545,4.368703983028085,2.385358607813077,0.9960864960338655
2025-08-15,231.3657073974609,224.64612,2.9583585932208254,19.08557449132545,4.368703983028085,2.385358607813077,0.9960864960338655
2025-08-18,230.66639709472656,227.15846,2.9583585932208254,19.08557449132545,4.368703983028085,2.385358607813077,0.9960864960338655
2025-08-19,230.3367156982422,228.94957,2.9583585932208254,19.08557449132545,4.368703983028085,2.385358607813077,0.9960864960338655
2025-08-20,225.79110717773438,230.10835,2.9583585932208254,19.08557449132545,4.368703983028085,2.385358607813077,0.9960864960338655
2025-08-21,224.68218994140625,230.32785,2.9583585932208254,19.08557449132545,4.368703983028085,2.385358607813077,0.9960864960338655
2025-08-22,227.53941345214844,229.86502,2.9583585932208254,19.08557449132545,4.368703983028085,2.385358607813077,0.9960864960338655
2025-08-25,226.94000244140625,229.34953,2.9583585932208254,19.08557449132545,4.368703983028085,2.385358607813077,0.9960864960338655
2025-08-26,229.08792114257807,228.80682,2.9583585932208254,19.08557449132545,4.368703983028085,2.385358607813077,0.9960864960338655
2025-08-27,230.26678466796878,228.5184,2.9583585932208254,19.08557449132545,4.368703983028085,2.385358607813077,0.9960864960338655
2025-08-28,232.33477783203125,228.52603,2.9583585932208254,19.08557449132545,4.368703983028085,2.385358607813077,0.9960864960338655
2025-08-29,231.9151763916016,228.90784,2.9583585932208254,19.08557449132545,4.368703983028085,2.385358607813077,0.9960864960338655
2025-09-02,229.49752807617188,229.41992,2.9583585932208254,19.08557449132545,4.368703983028085,2.385358607813077,0.9960864960338655
2025-09-03,238.2390594482422,229.70099,2.9583585932208254,19.08557449132545,4.368703983028085,2.385358607813077,0.9960864960338655
2025-09-04,239.5477752685547,230.69035,2.9583585932208254,19.08557449132545,4.368703983028085,2.385358607813077,0.9960864960338655
2025-09-05,239.45787048339844,232.1341,2.9583585932208254,19.08557449132545,4.368703983028085,2.385358607813077,0.9960864960338655
2025-09-08,237.64962768554688,233.67468,2.9583585932208254,19.08557449132545,4.368703983028085,2.385358607813077,0.9960864960338655
2025-09-09,234.123046875,234.92117,2.9583585932208254,19.08557449132545,4.368703983028085,2.385358607813077,0.9960864960338655
2025-09-10,226.5703582763672,235.50623,2.9583585932208254,19.08557449132545,4.368703983028085,2.385358607813077,0.9960864960338655
2025-09-11,229.8072204589844,234.88199,2.9583585932208254,19.08557449132545,4.368703983028085,2.385358607813077,0.9960864960338655
2025-09-12,233.84332275390625,233.9404,2.9583585932208254,19.08557449132545,4.368703983028085,2.385358607813077,0.9960864960338655
2025-09-15,236.47076416015625,233.3394,2.9583585932208254,19.08557449132545,4.368703983028085,2.385358607813077,0.9960864960338655
2025-09-16,237.91935729980472,233.27563,2.9583585932208254,19.08557449132545,4.368703983028085,2.385358607813077,0.9960864960338655
2025-09-17,238.7585601806641,233.67642,2.9583585932208254,19.08557449132545,4.368703983028085,2.385358607813077,0.9960864960338655
2025-09-18,237.64962768554688,234.38333,2.9583585932208254,19.08557449132545,4.368703983028085,2.385358607813077,0.9960864960338655
2025-09-19,245.26223754882807,235.0757,2.9583585932208254,19.08557449132545,4.368703983028085,2.385358607813077,0.9960864960338655
2025-09-22,255.8319854736328,236.44218,2.9583585932208254,19.08557449132545,4.368703983028085,2.385358607813077,0.9960864960338655
2025-09-23,254.18359375,239.12341,2.9583585932208254,19.08557449132545,4.368703983028085,2.385358607813077,0.9960864960338655
2025-09-24,252.06564331054688,242.13194,2.9583585932208254,19.08557449132545,4.368703983028085,2.385358607813077,0.9960864960338655
2025-09-25,256.6212158203125,244.78467,2.9583585932208254,19.08557449132545,4.368703983028085,2.385358607813077,0.9960864960338655
2025-09-26,255.2126007080078,247.39452,2.9583585932208254,19.08557449132545,4.368703983028085,2.385358607813077,0.9960864960338655
2025-09-29,254.18359375,249.57825,2.9583585932208254,19.08557449132545,4.368703983028085,2.385358607813077,0.9960864960338655
2025-09-30,254.38340759277344,251.18274,2.9583585932208254,19.08557449132545,4.368703983028085,2.385358607813077,0.9960864960338655
2025-10-01,255.20260620117188,252.30595,2.9583585932208254,19.08557449132545,4.368703983028085,2.385358607813077,0.9960864960338655
2025-10-02,256.8809814453125,253.12013,2.9583585932208254,19.08557449132545,4.368703983028085,2.385358607813077,0.9960864960338655
2025-10-03,257.7701110839844,253.84207,2.9583585932208254,19.08557449132545,4.368703983028085,2.385358607813077,0.9960864960338655
2025-10-06,256.44140625,254.52763,2.9583585932208254,19.08557449132545,4.368703983028085,2.385358607813077,0.9960864960338655
2025-10-07,256.23162841796875,254.98897,2.9583585932208254,19.08557449132545,4.368703983028085,2.385358607813077,0.9960864960338655
2025-10-08,257.8100891113281,255.24532,2.9583585932208254,19.08557449132545,4.368703983028085,2.385358607813077,0.9960864960338655
2025-10-09,253.79396057128903,255.50986,2.9583585932208254,19.08557449132545,4.368703983028085,2.385358607813077,0.9960864960338655
2025-10-10,245.032470703125,255.3564,2.9583585932208254,19.08557449132545,4.368703983028085,2.385358607813077,0.9960864960338655
2025-10-13,247.42015075683597,254.09683,2.9583585932208254,19.08557449132545,4.368703983028085,2.385358607813077,0.9960864960338655
2025-10-14,247.5300445556641,252.54726,2.9583585932208254,19.08557449132545,4.368703983028085,2.385358607813077,0.9960864960338655
2025-10-15,249.09852600097656,251.01622,2.9583585932208254,19.08557449132545,4.368703983028085,2.385358607813077,0.9960864960338655
2025-10-16,247.21035766601557,249.81429,2.9583585932208254,19.08557449132545,4.368703983028085,2.385358607813077,0.9960864960338655
2025-10-17,252.045654296875,248.7422,2.9583585932208254,19.08557449132545,4.368703983028085,2.385358607813077,0.9960864960338655
2025-10-20,261.98602294921875,248.3289,2.9583585932208254,19.08557449132545,4.368703983028085,2.385358607813077,0.9960864960338655
2025-10-21,262.5155029296875,249.33199,2.9583585932208254,19.08557449132545,4.368703983028085,2.385358607813077,0.9960864960338655
2025-10-22,258.19970703125,251.11348,2.9583585932208254,19.08557449132545,4.368703983028085,2.385358607813077,0.9960864960338655
2025-10-23,259.3285827636719,252.71713,2.9583585932208254,19.08557449132545,4.368703983028085,2.385358607813077,0.9960864960338655
2025-10-24,262.56549072265625,254.14214,2.9583585932208254,19.08557449132545,4.368703983028085,2.385358607813077,0.9960864960338655
2025-10-27,268.5496520996094,255.63754,2.9583585932208254,19.08557449132545,4.368703983028085,2.385358607813077,0.9960864960338655
2025-10-28,268.7394714355469,257.61624,2.9583585932208254,19.08557449132545,4.368703983028085,2.385358607813077,0.9960864960338655
2025-10-29,269.4388122558594,259.6999,2.9583585932208254,19.08557449132545,4.368703983028085,2.385358607813077,0.9960864960338655
2025-10-30,271.1371459960937,261.69122,2.9583585932208254,19.08557449132545,4.368703983028085,2.385358607813077,0.9960864960338655
2025-10-31,270.108154296875,263.5872,2.9583585932208254,19.08557449132545,4.368703983028085,2.385358607813077,0.9960864960338655
2025-11-03,268.7894287109375,265.13348,2.9583585932208254,19.08557449132545,4.368703983028085,2.385358607813077,0.9960864960338655
2025-11-04,269.7784729003906,266.18552,2.9583585932208254,19.08557449132545,4.368703983028085,2.385358607813077,0.9960864960338655
2025-11-05,269.8783874511719,266.93842,2.9583585932208254,19.08557449132545,4.368703983028085,2.385358607813077,0.9960864960338655
2025-11-06,269.5087280273437,267.4559,2.9583585932208254,19.08557449132545,4.368703983028085,2.385358607813077,0.9960864960338655
2025-11-07,268.2099914550781,267.74908,2.9583585932208254,19.08557449132545,4.368703983028085,2.385358607813077,0.9960864960338655
2025-11-10,269.42999267578125,267.75455,2.9583585932208254,19.08557449132545,4.368703983028085,2.385358607813077,0.9960864960338655
2025-11-11,275.25,267.709,2.9583585932208254,19.08557449132545,4.368703983028085,2.385358607813077,0.9960864960338655
2025-11-12,273.4700012207031,268.20975,2.9583585932208254,19.08557449132545,4.368703983028085,2.385358607813077,0.9960864960338655
2025-11-13,272.95001220703125,268.81085,2.9583585932208254,19.08557449132545,4.368703983028085,2.385358607813077,0.9960864960338655
2025-11-14,272.4100036621094,269.34387,2.9583585932208254,19.08557449132545,4.368703983028085,2.385358607813077,0.9960864960338655
2025-11-17,267.4599914550781,269.72327,2.9583585932208254,19.08557449132545,4.368703983028085,2.385358607813077,0.9960864960338655
2025-11-18,267.44000244140625,269.4879,2.9583585932208254,19.08557449132545,4.368703983028085,2.385358607813077,0.9960864960338655
2025-11-19,268.5599975585937,268.90823,2.9583585932208254,19.08557449132545,4.368703983028085,2.385358607813077,0.9960864960338655
2025-11-20,266.25,268.30435,2.9583585932208254,19.08557449132545,4.368703983028085,2.385358607813077,0.9960864960338655
2025-11-21,271.489990234375,267.52924,2.9583585932208254,19.08557449132545,4.368703983028085,2.385358607813077,0.9960864960338655
2025-11-24,275.9200134277344,267.243,2.9583585932208254,19.08557449132545,4.368703983028085,2.385358607813077,0.9960864960338655
2025-11-25,276.9700012207031,267.71393,2.9583585932208254,19.08557449132545,4.368703983028085,2.385358607813077,0.9960864960338655
2025-11-26,277.54998779296875,268.67917,2.9583585932208254,19.08557449132545,4.368703983028085,2.385358607813077,0.9960864960338655
2025-11-28,278.8500061035156,269.87823,2.9583585932208254,19.08557449132545,4.368703983028085,2.385358607813077,0.9960864960338655
2025-12-01,283.1000061035156,271.2076,2.9583585932208254,19.08557449132545,4.368703983028085,2.385358607813077,0.9960864960338655
2025-12-02,286.19000244140625,272.88498,2.9583585932208254,19.08557449132545,4.368703983028085,2.385358607813077,0.9960864960338655
2025-12-03,284.1499938964844,274.8951,2.9583585932208254,19.08557449132545,4.368703983028085,2.385358607813077,0.9960864960338655
2025-12-04,280.70001220703125,276.6938,2.9583585932208254,19.08557449132545,4.368703983028085,2.385358607813077,0.9960864960338655
2025-12-05,278.7799987792969,277.84094,2.9583585932208254,19.08557449132545,4.368703983028085,2.385358607813077,0.9960864960338655
2025-12-08,277.8900146484375,278.30035,2.9583585932208254,19.08557449132545,4.368703983028085,2.385358607813077,0.9960864960338655
2025-12-09,277.17999267578125,278.23093,2.9583585932208254,19.08557449132545,4.368703983028085,2.385358607813077,0.9960864960338655
2025-12-10,278.7799987792969,277.80008,2.9583585932208254,19.08557449132545,4.368703983028085,2.385358607813077,0.9960864960338655
2025-12-11,278.0299987792969,277.36423,2.9583585932208254,19.08557449132545,4.368703983028085,2.385358607813077,0.9960864960338655
2025-12-12,278.2799987792969,276.90466,2.9583585932208254,19.08557449132545,4.368703983028085,2.385358607813077,0.9960864960338655
2025-12-15,274.1099853515625,276.50018,2.9583585932208254,19.08557449132545,4.368703983028085,2.385358607813077,0.9960864960338655
2025-12-16,274.6099853515625,275.76294,2.9583585932208254,19.08557449132545,4.368703983028085,2.385358607813077,0.9960864960338655
2025-12-17,271.8399963378906,274.9459,2.9583585932208254,19.08557449132545,4.368703983028085,2.385358607813077,0.9960864960338655
2025-12-18,272.19000244140625,273.90042,2.9583585932208254,19.08557449132545,4.368703983028085,2.385358607813077,0.9960864960338655
2025-12-19,273.6700134277344,272.85904,2.9583585932208254,19.08557449132545,4.368703983028085,2.385358607813077,0.9960864960338655
2025-12-22,270.9700012207031,272.07468,2.9583585932208254,19.08557449132545,4.368703983028085,2.385358607813077,0.9960864960338655
2025-12-23,272.3599853515625,271.26025,2.9583585932208254,19.08557449132545,4.368703983028085,2.385358607813077,0.9960864960338655
2025-12-24,273.8099975585937,270.6396,2.9583585932208254,19.08557449132545,4.368703983028085,2.385358607813077,0.9960864960338655
2025-12-26,273.3999938964844,270.33997,2.9583585932208254,19.08557449132545,4.368703983028085,2.385358607813077,0.9960864960338655
2025-12-29,273.760009765625,270.2187,2.9583585932208254,19.08557449132545,4.368703983028085,2.385358607813077,0.9960864960338655
2025-12-30,273.0799865722656,270.2444,2.9583585932208254,19.08557449132545,4.368703983028085,2.385358607813077,0.9960864960338655
2025-12-31,271.8599853515625,270.28546,2.9583585932208254,19.08557449132545,4.368703983028085,2.385358607813077,0.9960864960338655
2026-01-02,271.010009765625,270.2101,2.9583585932208254,19.08557449132545,4.368703983028085,2.385358607813077,0.9960864960338655
2026-01-05,267.260009765625,269.9907,2.9583585932208254,19.08557449132545,4.368703983028085,2.385358607813077,0.9960864960338655
2026-01-06,262.3599853515625,269.34534,2.9583585932208254,19.08557449132545,4.368703983028085,2.385358607813077,0.9960864960338655
2026-01-07,260.3299865722656,268.03586,2.9583585932208254,19.08557449132545,4.368703983028085,2.385358607813077,0.9960864960338655
2026-01-08,259.0400085449219,266.274,2.9583585932208254,19.08557449132545,4.368703983028085,2.385358607813077,0.9960864960338655
