Date,Actual,Predicted,MAE,MSE,RMSE,MAPE,R2
2021-10-01,135.44664001464844,110.19642194927418,24.402374330499814,1078.9205600666526,32.84692618901581,16.91836536313961,0.5167254738982523
2021-10-04,132.76922607421875,109.95874186930085,24.402374330499814,1078.9205600666526,32.84692618901581,16.91836536313961,0.5167254738982523
2021-10-05,135.16326904296875,109.99255489581549,24.402374330499814,1078.9205600666526,32.84692618901581,16.91836536313961,0.5167254738982523
2021-10-06,136.33148193359375,110.01746230174176,24.402374330499814,1078.9205600666526,32.84692618901581,16.91836536313961,0.5167254738982523
2021-10-07,138.1493682861328,110.02881637017472,24.402374330499814,1078.9205600666526,32.84692618901581,16.91836536313961,0.5167254738982523
2021-10-08,139.0133819580078,110.01379167296363,24.402374330499814,1078.9205600666526,32.84692618901581,16.91836536313961,0.5167254738982523
2021-10-11,137.8138885498047,109.97335863948402,24.402374330499814,1078.9205600666526,32.84692618901581,16.91836536313961,0.5167254738982523
2021-10-12,135.6952667236328,110.08092782780919,24.402374330499814,1078.9205600666526,32.84692618901581,16.91836536313961,0.5167254738982523
2021-10-13,136.8734130859375,110.18193767125135,24.402374330499814,1078.9205600666526,32.84692618901581,16.91836536313961,0.5167254738982523
2021-10-14,140.35926818847656,110.27065066773503,24.402374330499814,1078.9205600666526,32.84692618901581,16.91836536313961,0.5167254738982523
2021-10-15,140.62034606933594,110.33311557352108,24.402374330499814,1078.9205600666526,32.84692618901581,16.91836536313961,0.5167254738982523
2021-10-18,141.89625549316406,110.514594037303,24.402374330499814,1078.9205600666526,32.84692618901581,16.91836536313961,0.5167254738982523
2021-10-19,142.75132751464844,110.68896345224886,24.402374330499814,1078.9205600666526,32.84692618901581,16.91836536313961,0.5167254738982523
2021-10-20,141.3548126220703,110.85150515202848,24.402374330499814,1078.9205600666526,32.84692618901581,16.91836536313961,0.5167254738982523
2021-10-21,141.71759033203125,110.9956013549889,24.402374330499814,1078.9205600666526,32.84692618901581,16.91836536313961,0.5167254738982523
2021-10-22,137.59303283691406,111.10653366473744,24.402374330499814,1078.9205600666526,32.84692618901581,16.91836536313961,0.5167254738982523
2021-10-25,137.7399139404297,111.38626663725677,24.402374330499814,1078.9205600666526,32.84692618901581,16.91836536313961,0.5167254738982523
2021-10-26,138.6322479248047,111.57654070268529,24.402374330499814,1078.9205600666526,32.84692618901581,16.91836536313961,0.5167254738982523
2021-10-27,145.3374481201172,111.74639985476682,24.402374330499814,1078.9205600666526,32.84692618901581,16.91836536313961,0.5167254738982523
2021-10-28,145.04116821289062,111.88937422777295,24.402374330499814,1078.9205600666526,32.84692618901581,16.91836536313961,0.5167254738982523
2021-10-29,147.16671752929688,111.99105408350731,24.402374330499814,1078.9205600666526,32.84692618901581,16.91836536313961,0.5167254738982523
2021-11-01,142.70370483398438,112.19956709353606,24.402374330499814,1078.9205600666526,32.84692618901581,16.91836536313961,0.5167254738982523
2021-11-02,144.7771453857422,112.35404223868616,24.402374330499814,1078.9205600666526,32.84692618901581,16.91836536313961,0.5167254738982523
2021-11-03,145.69723510742188,112.48355598055699,24.402374330499814,1078.9205600666526,32.84692618901581,16.91836536313961,0.5167254738982523
2021-11-04,147.57615661621094,112.58264731801277,24.402374330499814,1078.9205600666526,32.84692618901581,16.91836536313961,0.5167254738982523
2021-11-05,148.1300048828125,112.6379632280929,24.402374330499814,1078.9205600666526,32.84692618901581,16.91836536313961,0.5167254738982523
2021-11-08,148.2396697998047,112.70327583580261,24.402374330499814,1078.9205600666526,32.84692618901581,16.91836536313961,0.5167254738982523
2021-11-09,148.137451171875,112.81214005724999,24.402374330499814,1078.9205600666526,32.84692618901581,16.91836536313961,0.5167254738982523
2021-11-10,145.5345001220703,112.89871812553879,24.402374330499814,1078.9205600666526,32.84692618901581,16.91836536313961,0.5167254738982523
2021-11-11,145.6555633544922,112.95839296414808,24.402374330499814,1078.9205600666526,32.84692618901581,16.91836536313961,0.5167254738982523
2021-11-12,148.531494140625,112.97854623459916,24.402374330499814,1078.9205600666526,32.84692618901581,16.91836536313961,0.5167254738982523
2021-11-15,148.2759246826172,112.96930582076999,24.402374330499814,1078.9205600666526,32.84692618901581,16.91836536313961,0.5167254738982523
2021-11-16,147.9662322998047,113.06472171340356,24.402374330499814,1078.9205600666526,32.84692618901581,16.91836536313961,0.5167254738982523
2021-11-17,147.95233154296875,113.14372476017314,24.402374330499814,1078.9205600666526,32.84692618901581,16.91836536313961,0.5167254738982523
2021-11-18,149.58706665039062,113.20157710044033,24.402374330499814,1078.9205600666526,32.84692618901581,16.91836536313961,0.5167254738982523
2021-11-19,148.83621215820312,113.22539732920664,24.402374330499814,1078.9205600666526,32.84692618901581,16.91836536313961,0.5167254738982523
2021-11-22,145.9835968017578,113.25555591436432,24.402374330499814,1078.9205600666526,32.84692618901581,16.91836536313961,0.5167254738982523
2021-11-23,145.6645050048828,113.37152537310018,24.402374330499814,1078.9205600666526,32.84692618901581,16.91836536313961,0.5167254738982523
2021-11-24,145.6252899169922,113.47356645352204,24.402374330499814,1078.9205600666526,32.84692618901581,16.91836536313961,0.5167254738982523
2021-11-26,141.74290466308594,113.60548998724894,24.402374330499814,1078.9205600666526,32.84692618901581,16.91836536313961,0.5167254738982523
2021-11-29,145.02627563476562,113.70907267562448,24.402374330499814,1078.9205600666526,32.84692618901581,16.91836536313961,0.5167254738982523
2021-11-30,141.39154052734375,113.84591227197063,24.402374330499814,1078.9205600666526,32.84692618901581,16.91836536313961,0.5167254738982523
2021-12-01,140.56375122070312,113.96592205134446,24.402374330499814,1078.9205600666526,32.84692618901581,16.91836536313961,0.5167254738982523
2021-12-02,142.7061767578125,114.06302761785831,24.402374330499814,1078.9205600666526,32.84692618901581,16.91836536313961,0.5167254738982523
2021-12-03,141.45953369140625,114.12309985516089,24.402374330499814,1078.9205600666526,32.84692618901581,16.91836536313961,0.5167254738982523
2021-12-06,142.7259979248047,114.23351026478404,24.402374330499814,1078.9205600666526,32.84692618901581,16.91836536313961,0.5167254738982523
2021-12-07,146.93446350097656,114.36406787759748,24.402374330499814,1078.9205600666526,32.84692618901581,16.91836536313961,0.5167254738982523
2021-12-08,147.61337280273438,114.47377049265437,24.402374330499814,1078.9205600666526,32.84692618901581,16.91836536313961,0.5167254738982523
2021-12-09,147.00344848632812,114.55687432608106,24.402374330499814,1078.9205600666526,32.84692618901581,16.91836536313961,0.5167254738982523
2021-12-10,147.56822204589844,114.59968632023745,24.402374330499814,1078.9205600666526,32.84692618901581,16.91836536313961,0.5167254738982523
2021-12-13,145.6123809814453,114.6444099945436,24.402374330499814,1078.9205600666526,32.84692618901581,16.91836536313961,0.5167254738982523
2021-12-14,143.89129638671875,114.75062791142753,24.402374330499814,1078.9205600666526,32.84692618901581,16.91836536313961,0.5167254738982523
2021-12-15,146.2714385986328,114.83595296480729,24.402374330499814,1078.9205600666526,32.84692618901581,16.91836536313961,0.5167254738982523
2021-12-16,143.76028442382812,114.8953631048491,24.402374330499814,1078.9205600666526,32.84692618901581,16.91836536313961,0.5167254738982523
2021-12-17,141.73992919921875,114.91586636908531,24.402374330499814,1078.9205600666526,32.84692618901581,16.91836536313961,0.5167254738982523
2021-12-20,141.34141540527344,114.90828005940283,24.402374330499814,1078.9205600666526,32.84692618901581,16.91836536313961,0.5167254738982523
2021-12-21,143.1468963623047,115.00368359333756,24.402374330499814,1078.9205600666526,32.84692618901581,16.91836536313961,0.5167254738982523
2021-12-22,145.85507202148438,115.08215589943664,24.402374330499814,1078.9205600666526,32.84692618901581,16.91836536313961,0.5167254738982523
2021-12-23,146.047119140625,115.1389085105535,24.402374330499814,1078.9205600666526,32.84692618901581,16.91836536313961,0.5167254738982523
2021-12-27,146.96173095703125,115.18381441586378,24.402374330499814,1078.9205600666526,32.84692618901581,16.91836536313961,0.5167254738982523
2021-12-28,145.3577880859375,115.2970469458305,24.402374330499814,1078.9205600666526,32.84692618901581,16.91836536313961,0.5167254738982523
2021-12-29,145.41387939453125,115.3965863605297,24.402374330499814,1078.9205600666526,32.84692618901581,16.91836536313961,0.5167254738982523
2021-12-30,144.9156036376953,115.47714133189427,24.402374330499814,1078.9205600666526,32.84692618901581,16.91836536313961,0.5167254738982523
2021-12-31,143.6024627685547,115.52526938734627,24.402374330499814,1078.9205600666526,32.84692618901581,16.91836536313961,0.5167254738982523
2022-01-03,143.9945068359375,115.63253360031973,24.402374330499814,1078.9205600666526,32.84692618901581,16.91836536313961,0.5167254738982523
2022-01-04,143.3414306640625,115.77392386044826,24.402374330499814,1078.9205600666526,32.84692618901581,16.91836536313961,0.5167254738982523
2022-01-05,136.62876892089844,115.90051774846837,24.402374330499814,1078.9205600666526,32.84692618901581,16.91836536313961,0.5167254738982523
2022-01-06,136.5270233154297,116.00641292247278,24.402374330499814,1078.9205600666526,32.84692618901581,16.91836536313961,0.5167254738982523
2022-01-07,135.98458862304688,116.07760985257188,24.402374330499814,1078.9205600666526,32.84692618901581,16.91836536313961,0.5167254738982523
2022-01-10,137.5424041748047,116.2359790737204,24.402374330499814,1078.9205600666526,32.84692618901581,16.91836536313961,0.5167254738982523
2022-01-11,138.9751739501953,116.38731980630314,24.402374330499814,1078.9205600666526,32.84692618901581,16.91836536313961,0.5167254738982523
2022-01-12,140.59352111816406,116.52004221785594,24.402374330499814,1078.9205600666526,32.84692618901581,16.91836536313961,0.5167254738982523
2022-01-13,138.0952606201172,116.62823087370094,24.402374330499814,1078.9205600666526,32.84692618901581,16.91836536313961,0.5167254738982523
2022-01-14,138.7458953857422,116.69797574025431,24.402374330499814,1078.9205600666526,32.84692618901581,16.91836536313961,0.5167254738982523
2022-01-18,135.27589416503906,116.96949081355571,24.402374330499814,1078.9205600666526,32.84692618901581,16.91836536313961,0.5167254738982523
2022-01-19,134.64215087890625,117.08652419293472,24.402374330499814,1078.9205600666526,32.84692618901581,16.91836536313961,0.5167254738982523
2022-01-20,132.51263427734375,117.17755610735523,24.402374330499814,1078.9205600666526,32.84692618901581,16.91836536313961,0.5167254738982523
2022-01-21,129.12355041503906,117.22923222689354,24.402374330499814,1078.9205600666526,32.84692618901581,16.91836536313961,0.5167254738982523
2022-01-24,129.40145874023438,117.30901462091524,24.402374330499814,1078.9205600666526,32.84692618901581,16.91836536313961,0.5167254738982523
2022-01-25,125.7920379638672,117.4304402957361,24.402374330499814,1078.9205600666526,32.84692618901581,16.91836536313961,0.5167254738982523
2022-01-26,128.27792358398438,117.53292893288146,24.402374330499814,1078.9205600666526,32.84692618901581,16.91836536313961,0.5167254738982523
2022-01-27,128.15975952148438,117.61146982510232,24.402374330499814,1078.9205600666526,32.84692618901581,16.91836536313961,0.5167254738982523
2022-01-28,132.29725646972656,117.65300679361854,24.402374330499814,1078.9205600666526,32.84692618901581,16.91836536313961,0.5167254738982523
2022-01-31,134.68832397460938,117.71815813870407,24.402374330499814,1078.9205600666526,32.84692618901581,16.91836536313961,0.5167254738982523
2022-02-01,136.85206604003906,117.84006342499089,24.402374330499814,1078.9205600666526,32.84692618901581,16.91836536313961,0.5167254738982523
2022-02-02,146.93446350097656,117.94552352026199,24.402374330499814,1078.9205600666526,32.84692618901581,16.91836536313961,0.5167254738982523
2022-02-03,141.58856201171875,118.02928200674266,24.402374330499814,1078.9205600666526,32.84692618901581,16.91836536313961,0.5167254738982523
2022-02-04,141.9513397216797,118.07795677520825,24.402374330499814,1078.9205600666526,32.84692618901581,16.91836536313961,0.5167254738982523
2022-02-07,137.90370178222656,118.17179286639815,24.402374330499814,1078.9205600666526,32.84692618901581,16.91836536313961,0.5167254738982523
2022-02-08,138.17665100097656,118.30402406645615,24.402374330499814,1078.9205600666526,32.84692618901581,16.91836536313961,0.5167254738982523
2022-02-09,140.39999389648438,118.41929086439964,24.402374330499814,1078.9205600666526,32.84692618901581,16.91836536313961,0.5167254738982523
2022-02-10,137.57070922851562,118.51178508292149,24.402374330499814,1078.9205600666526,32.84692618901581,16.91836536313961,0.5167254738982523
2022-02-11,133.13150024414062,118.56758739050638,24.402374330499814,1078.9205600666526,32.84692618901581,16.91836536313961,0.5167254738982523
2022-02-14,134.29278564453125,118.6683154007008,24.402374330499814,1078.9205600666526,32.84692618901581,16.91836536313961,0.5167254738982523
2022-02-15,135.40988159179688,118.7966711393001,24.402374330499814,1078.9205600666526,32.84692618901581,16.91836536313961,0.5167254738982523
2022-02-16,136.4639892578125,118.90448068822624,24.402374330499814,1078.9205600666526,32.84692618901581,16.91836536313961,0.5167254738982523
2022-02-17,131.32354736328125,118.98576301179045,24.402374330499814,1078.9205600666526,32.84692618901581,16.91836536313961,0.5167254738982523
2022-02-18,129.4962615966797,119.02651737207695,24.402374330499814,1078.9205600666526,32.84692618901581,16.91836536313961,0.5167254738982523
2022-02-22,128.43919372558594,119.1587182356586,24.402374330499814,1078.9205600666526,32.84692618901581,16.91836536313961,0.5167254738982523
2022-02-23,126.63522338867188,119.23434961580595,24.402374330499814,1078.9205600666526,32.84692618901581,16.91836536313961,0.5167254738982523
2022-02-24,131.6858367919922,119.28104636826251,24.402374330499814,1078.9205600666526,32.84692618901581,16.91836536313961,0.5167254738982523
2022-02-25,133.51808166503906,119.28531683585024,24.402374330499814,1078.9205600666526,32.84692618901581,16.91836536313961,0.5167254738982523
2022-02-28,133.88685607910156,119.20343676096516,24.402374330499814,1078.9205600666526,32.84692618901581,16.91836536313961,0.5167254738982523
2022-03-01,133.16920471191406,119.264321921367,24.402374330499814,1078.9205600666526,32.84692618901581,16.91836536313961,0.5167254738982523
2022-03-02,133.74838256835938,119.30296760556642,24.402374330499814,1078.9205600666526,32.84692618901581,16.91836536313961,0.5167254738982523
2022-03-03,133.30816650390625,119.31445662581397,24.402374330499814,1078.9205600666526,32.84692618901581,16.91836536313961,0.5167254738982523
2022-03-04,131.13844299316406,119.2858863755081,24.402374330499814,1078.9205600666526,32.84692618901581,16.91836536313961,0.5167254738982523
2022-03-07,125.52306365966795,119.12489361956595,24.402374330499814,1078.9205600666526,32.84692618901581,16.91836536313961,0.5167254738982523
2022-03-08,126.33100128173828,119.16731730593595,24.402374330499814,1078.9205600666526,32.84692618901581,16.91836536313961,0.5167254738982523
2022-03-09,132.8694305419922,119.19200136697897,24.402374330499814,1078.9205600666526,32.84692618901581,16.91836536313961,0.5167254738982523
2022-03-10,131.69427490234375,119.19424008353069,24.402374330499814,1078.9205600666526,32.84692618901581,16.91836536313961,0.5167254738982523
2022-03-11,129.5041961669922,119.16126160285346,24.402374330499814,1078.9205600666526,32.84692618901581,16.91836536313961,0.5167254738982523
2022-03-14,125.79750061035156,119.01620531543121,24.402374330499814,1078.9205600666526,32.84692618901581,16.91836536313961,0.5167254738982523
2022-03-15,128.69528198242188,119.07331857105947,24.402374330499814,1078.9205600666526,32.84692618901581,16.91836536313961,0.5167254738982523
2022-03-16,132.69525146484375,119.11703728216351,24.402374330499814,1078.9205600666526,32.84692618901581,16.91836536313961,0.5167254738982523
2022-03-17,133.59848022460938,119.14236038182912,24.402374330499814,1078.9205600666526,32.84692618901581,16.91836536313961,0.5167254738982523
2022-03-18,135.78309631347656,119.13617247613077,24.402374330499814,1078.9205600666526,32.84692618901581,16.91836536313961,0.5167254738982523
2022-03-21,135.46249389648438,119.08975571913068,24.402374330499814,1078.9205600666526,32.84692618901581,16.91836536313961,0.5167254738982523
2022-03-22,139.23321533203125,119.18440139858107,24.402374330499814,1078.9205600666526,32.84692618901581,16.91836536313961,0.5167254738982523
2022-03-23,137.472412109375,119.26723505632594,24.402374330499814,1078.9205600666526,32.84692618901581,16.91836536313961,0.5167254738982523
2022-03-24,140.26004028320312,119.33281158312764,24.402374330499814,1078.9205600666526,32.84692618901581,16.91836536313961,0.5167254738982523
2022-03-25,140.46798706054688,119.3675832926287,24.402374330499814,1078.9205600666526,32.84692618901581,16.91836536313961,0.5167254738982523
2022-03-28,140.89328002929688,119.444255959349,24.402374330499814,1078.9205600666526,32.84692618901581,16.91836536313961,0.5167254738982523
2022-03-29,142.18360900878906,119.57878794350334,24.402374330499814,1078.9205600666526,32.84692618901581,16.91836536313961,0.5167254738982523
2022-03-30,141.58261108398438,119.7004030715038,24.402374330499814,1078.9205600666526,32.84692618901581,16.91836536313961,0.5167254738982523
2022-03-31,138.60989379882812,119.80338325242312,24.402374330499814,1078.9205600666526,32.84692618901581,16.91836536313961,0.5167254738982523
2022-04-01,139.65257263183594,119.87393890913343,24.402374330499814,1078.9205600666526,32.84692618901581,16.91836536313961,0.5167254738982523
2022-04-04,142.5731658935547,120.04626147592676,24.402374330499814,1078.9205600666526,32.84692618901581,16.91836536313961,0.5167254738982523
2022-04-05,140.01287841796875,120.20824418069238,24.402374330499814,1078.9205600666526,32.84692618901581,16.91836536313961,0.5167254738982523
2022-04-06,136.15481567382812,120.35488292480628,24.402374330499814,1078.9205600666526,32.84692618901581,16.91836536313961,0.5167254738982523
2022-04-07,135.44908142089844,120.48036021595577,24.402374330499814,1078.9205600666526,32.84692618901581,16.91836536313961,0.5167254738982523
2022-04-08,133.0128936767578,120.57080135948193,24.402374330499814,1078.9205600666526,32.84692618901581,16.91836536313961,0.5167254738982523
2022-04-11,128.83023071289062,120.78643006143626,24.402374330499814,1078.9205600666526,32.84692618901581,16.91836536313961,0.5167254738982523
2022-04-12,127.41883850097656,120.95721874604733,24.402374330499814,1078.9205600666526,32.84692618901581,16.91836536313961,0.5167254738982523
2022-04-13,129.31610107421875,121.10978137008077,24.402374330499814,1078.9205600666526,32.84692618901581,16.91836536313961,0.5167254738982523
2022-04-14,126.30567932128906,121.23827441441115,24.402374330499814,1078.9205600666526,32.84692618901581,16.91836536313961,0.5167254738982523
2022-04-18,127.0084228515625,121.5272636402708,24.402374330499814,1078.9205600666526,32.84692618901581,16.91836536313961,0.5167254738982523
2022-04-19,129.5592803955078,121.68663337009929,24.402374330499814,1078.9205600666526,32.84692618901581,16.91836536313961,0.5167254738982523
2022-04-20,127.29080200195312,121.82505137453717,24.402374330499814,1078.9205600666526,32.84692618901581,16.91836536313961,0.5167254738982523
2022-04-21,124.0074234008789,121.93678987582781,24.402374330499814,1078.9205600666526,32.84692618901581,16.91836536313961,0.5167254738982523
2022-04-22,118.72354888916016,122.0081082944239,24.402374330499814,1078.9205600666526,32.84692618901581,16.91836536313961,0.5167254738982523
2022-04-25,122.33248138427734,122.13616818048881,24.402374330499814,1078.9205600666526,32.84692618901581,16.91836536313961,0.5167254738982523
2022-04-26,118.6163558959961,122.26868366677458,24.402374330499814,1078.9205600666526,32.84692618901581,16.91836536313961,0.5167254738982523
2022-04-27,114.16425323486328,122.37907470176192,24.402374330499814,1078.9205600666526,32.84692618901581,16.91836536313961,0.5167254738982523
2022-04-28,118.52257537841795,122.46197807598182,24.402374330499814,1078.9205600666526,32.84692618901581,16.91836536313961,0.5167254738982523
2022-04-29,114.11065673828124,122.50404727432968,24.402374330499814,1078.9205600666526,32.84692618901581,16.91836536313961,0.5167254738982523
2022-05-02,116.28482818603516,122.5461434435434,24.402374330499814,1078.9205600666526,32.84692618901581,16.91836536313961,0.5167254738982523
2022-05-03,117.25010681152344,122.65208244156454,24.402374330499814,1078.9205600666526,32.84692618901581,16.91836536313961,0.5167254738982523
2022-05-04,121.66251373291016,122.73767922077258,24.402374330499814,1078.9205600666526,32.84692618901581,16.91836536313961,0.5167254738982523
2022-05-05,115.8773956298828,122.79799801484324,24.402374330499814,1078.9205600666526,32.84692618901581,16.91836536313961,0.5167254738982523
2022-05-06,114.79898834228516,122.82009368975541,24.402374330499814,1078.9205600666526,32.84692618901581,16.91836536313961,0.5167254738982523
2022-05-09,112.2421646118164,122.82135068136445,24.402374330499814,1078.9205600666526,32.84692618901581,16.91836536313961,0.5167254738982523
2022-05-10,113.73149871826172,122.92091028545767,24.402374330499814,1078.9205600666526,32.84692618901581,16.91836536313961,0.5167254738982523
2022-05-11,113.11264038085938,123.00401933113348,24.402374330499814,1078.9205600666526,32.84692618901581,16.91836536313961,0.5167254738982523
2022-05-12,112.31859588623048,123.06579551314462,24.402374330499814,1078.9205600666526,32.84692618901581,16.91836536313961,0.5167254738982523
2022-05-13,115.64812469482422,123.09326598985872,24.402374330499814,1078.9205600666526,32.84692618901581,16.91836536313961,0.5167254738982523
2022-05-16,113.93795013427734,123.13261602606524,24.402374330499814,1078.9205600666526,32.84692618901581,16.91836536313961,0.5167254738982523
2022-05-17,115.8327407836914,123.25126950147256,24.402374330499814,1078.9205600666526,32.84692618901581,16.91836536313961,0.5167254738982523
2022-05-18,111.56424713134766,123.35601191485814,24.402374330499814,1078.9205600666526,32.84692618901581,16.91836536313961,0.5167254738982523
2022-05-19,109.92107391357422,123.44146172388147,24.402374330499814,1078.9205600666526,32.84692618901581,16.91836536313961,0.5167254738982523
2022-05-20,108.4992446899414,123.49408986785822,24.402374330499814,1078.9205600666526,32.84692618901581,16.91836536313961,0.5167254738982523
2022-05-23,110.83522033691406,123.61164656013386,24.402374330499814,1078.9205600666526,32.84692618901581,16.91836536313961,0.5167254738982523
2022-05-24,105.137451171875,123.75511514783769,24.402374330499814,1078.9205600666526,32.84692618901581,16.91836536313961,0.5167254738982523
2022-05-25,105.05159759521484,123.8829609989747,24.402374330499814,1078.9205600666526,32.84692618901581,16.91836536313961,0.5167254738982523
2022-05-26,107.48979949951172,123.98918278724753,24.402374330499814,1078.9205600666526,32.84692618901581,16.91836536313961,0.5167254738982523
2022-05-27,111.95929718017578,124.05967405920806,24.402374330499814,1078.9205600666526,32.84692618901581,16.91836536313961,0.5167254738982523
2022-05-31,113.1900634765625,124.3537978527741,24.402374330499814,1078.9205600666526,32.84692618901581,16.91836536313961,0.5167254738982523
2022-06-01,113.28732299804688,124.47875617187279,24.402374330499814,1078.9205600666526,32.84692618901581,16.91836536313961,0.5167254738982523
2022-06-02,116.86946868896484,124.57734694159743,24.402374330499814,1078.9205600666526,32.84692618901581,16.91836536313961,0.5167254738982523
2022-06-03,113.7111358642578,124.63551744770979,24.402374330499814,1078.9205600666526,32.84692618901581,16.91836536313961,0.5167254738982523
2022-06-06,116.13943481445312,124.7215164674452,24.402374330499814,1078.9205600666526,32.84692618901581,16.91836536313961,0.5167254738982523
2022-06-07,116.3568115234375,124.83848758682913,24.402374330499814,1078.9205600666526,32.84692618901581,16.91836536313961,0.5167254738982523
2022-06-08,116.36524200439452,124.93237537745928,24.402374330499814,1078.9205600666526,32.84692618901581,16.91836536313961,0.5167254738982523
2022-06-09,114.06251525878906,124.99778270057958,24.402374330499814,1078.9205600666526,32.84692618901581,16.91836536313961,0.5167254738982523
2022-06-10,110.59799194335938,125.02138664944806,24.402374330499814,1078.9205600666526,32.84692618901581,16.91836536313961,0.5167254738982523
2022-06-13,106.08087921142578,125.00333687627094,24.402374330499814,1078.9205600666526,32.84692618901581,16.91836536313961,0.5167254738982523
2022-06-14,106.39601135253906,125.08825051385053,24.402374330499814,1078.9205600666526,32.84692618901581,16.91836536313961,0.5167254738982523
2022-06-15,109.56871795654295,125.15274478884379,24.402374330499814,1078.9205600666526,32.84692618901581,16.91836536313961,0.5167254738982523
2022-06-16,105.8421630859375,125.19218189478148,24.402374330499814,1078.9205600666526,32.84692618901581,16.91836536313961,0.5167254738982523
2022-06-17,107.06251525878906,125.19393853237732,24.402374330499814,1078.9205600666526,32.84692618901581,16.91836536313961,0.5167254738982523
2022-06-21,111.18112182617188,125.22565598047241,24.402374330499814,1078.9205600666526,32.84692618901581,16.91836536313961,0.5167254738982523
2022-06-22,111.19998168945312,125.29625186323457,24.402374330499814,1078.9205600666526,32.84692618901581,16.91836536313961,0.5167254738982523
2022-06-23,111.84564971923828,125.34805401554615,24.402374330499814,1078.9205600666526,32.84692618901581,16.91836536313961,0.5167254738982523
2022-06-24,117.65557098388672,125.36836700154802,24.402374330499814,1078.9205600666526,32.84692618901581,16.91836536313961,0.5167254738982523
2022-06-27,115.75431823730467,125.40543327496397,24.402374330499814,1078.9205600666526,32.84692618901581,16.91836536313961,0.5167254738982523
2022-06-28,111.73347473144533,125.53030214042685,24.402374330499814,1078.9205600666526,32.84692618901581,16.91836536313961,0.5167254738982523
2022-06-29,111.42082214355467,125.6449410377155,24.402374330499814,1078.9205600666526,32.84692618901581,16.91836536313961,0.5167254738982523
2022-06-30,108.55829620361328,125.74402459377498,24.402374330499814,1078.9205600666526,32.84692618901581,16.91836536313961,0.5167254738982523
2022-07-01,108.26896667480467,125.81404112352126,24.402374330499814,1078.9205600666526,32.84692618901581,16.91836536313961,0.5167254738982523
2022-07-05,113.0391845703125,126.1812573158875,24.402374330499814,1078.9205600666526,32.84692618901581,16.91836536313961,0.5167254738982523
2022-07-06,114.3558120727539,126.34430298450478,24.402374330499814,1078.9205600666526,32.84692618901581,16.91836536313961,0.5167254738982523
2022-07-07,118.41783905029295,126.48888600119537,24.402374330499814,1078.9205600666526,32.84692618901581,16.91836536313961,0.5167254738982523
2022-07-08,119.27392578125,126.60070975942678,24.402374330499814,1078.9205600666526,32.84692618901581,16.91836536313961,0.5167254738982523
2022-07-11,115.65506744384766,126.88921887668485,24.402374330499814,1078.9205600666526,32.84692618901581,16.91836536313961,0.5167254738982523
2022-07-12,113.99451446533205,127.08544882613049,24.402374330499814,1078.9205600666526,32.84692618901581,16.91836536313961,0.5167254738982523
2022-07-13,111.35183715820312,127.26314311762621,24.402374330499814,1078.9205600666526,32.84692618901581,16.91836536313961,0.5167254738982523
2022-07-14,110.6103973388672,127.41595997097559,24.402374330499814,1078.9205600666526,32.84692618901581,16.91836536313961,0.5167254738982523
2022-07-15,111.92752075195312,127.52955292459434,24.402374330499814,1078.9205600666526,32.84692618901581,16.91836536313961,0.5167254738982523
2022-07-18,109.091796875,127.78586224514433,24.402374330499814,1078.9205600666526,32.84692618901581,16.91836536313961,0.5167254738982523
2022-07-19,113.76673126220705,127.95983631393702,24.402374330499814,1078.9205600666526,32.84692618901581,16.91836536313961,0.5167254738982523
2022-07-20,113.84613037109376,128.11024934858938,24.402374330499814,1078.9205600666526,32.84692618901581,16.91836536313961,0.5167254738982523
2022-07-21,114.18360900878906,128.23132507611206,24.402374330499814,1078.9205600666526,32.84692618901581,16.91836536313961,0.5167254738982523
2022-07-22,107.55333709716795,128.30934659221876,24.402374330499814,1078.9205600666526,32.84692618901581,16.91836536313961,0.5167254738982523
2022-07-25,107.4044418334961,128.44290425555778,24.402374330499814,1078.9205600666526,32.84692618901581,16.91836536313961,0.5167254738982523
2022-07-26,104.6550750732422,128.57303925033924,24.402374330499814,1078.9205600666526,32.84692618901581,16.91836536313961,0.5167254738982523
2022-07-27,112.75431823730467,128.67936576087214,24.402374330499814,1078.9205600666526,32.84692618901581,16.91836536313961,0.5167254738982523
2022-07-28,113.73694610595705,128.75680631320176,24.402374330499814,1078.9205600666526,32.84692618901581,16.91836536313961,0.5167254738982523
2022-07-29,115.77169036865234,128.79230499039457,24.402374330499814,1078.9205600666526,32.84692618901581,16.91836536313961,0.5167254738982523
2022-08-01,114.62032318115234,128.81078543420804,24.402374330499814,1078.9205600666526,32.84692618901581,16.91836536313961,0.5167254738982523
2022-08-02,115.0372085571289,128.90834070003018,24.402374330499814,1078.9205600666526,32.84692618901581,16.91836536313961,0.5167254738982523
2022-08-03,117.89575958251952,128.98560211060737,24.402374330499814,1078.9205600666526,32.84692618901581,16.91836536313961,0.5167254738982523
2022-08-04,117.98509979248048,129.03775013146364,24.402374330499814,1078.9205600666526,32.84692618901581,16.91836536313961,0.5167254738982523
2022-08-05,117.3399429321289,129.05190735901655,24.402374330499814,1078.9205600666526,32.84692618901581,16.91836536313961,0.5167254738982523
2022-08-08,117.26051330566406,129.0307027968849,24.402374330499814,1078.9205600666526,32.84692618901581,16.91836536313961,0.5167254738982523
2022-08-09,116.6252899169922,129.12299646557634,24.402374330499814,1078.9205600666526,32.84692618901581,16.91836536313961,0.5167254738982523
2022-08-10,119.75184631347656,129.19874680827678,24.402374330499814,1078.9205600666526,32.84692618901581,16.91836536313961,0.5167254738982523
2022-08-11,118.9280242919922,129.25291274064875,24.402374330499814,1078.9205600666526,32.84692618901581,16.91836536313961,0.5167254738982523
2022-08-12,121.7369613647461,129.2723511407204,24.402374330499814,1078.9205600666526,32.84692618901581,16.91836536313961,0.5167254738982523
2022-08-15,121.9652328491211,129.283412933545,24.402374330499814,1078.9205600666526,32.84692618901581,16.91836536313961,0.5167254738982523
2022-08-16,121.59799194335938,129.39077043356295,24.402374330499814,1078.9205600666526,32.84692618901581,16.91836536313961,0.5167254738982523
2022-08-17,119.4242935180664,129.48312354199248,24.402374330499814,1078.9205600666526,32.84692618901581,16.91836536313961,0.5167254738982523
2022-08-18,119.96028900146484,129.5550556404719,24.402374330499814,1078.9205600666526,32.84692618901581,16.91836536313961,0.5167254738982523
2022-08-19,117.24066925048828,129.59305107465858,24.402374330499814,1078.9205600666526,32.84692618901581,16.91836536313961,0.5167254738982523
2022-08-22,114.21337127685548,129.66092814049875,24.402374330499814,1078.9205600666526,32.84692618901581,16.91836536313961,0.5167254738982523
2022-08-23,113.91561126708984,129.7864651020558,24.402374330499814,1078.9205600666526,32.84692618901581,16.91836536313961,0.5167254738982523
2022-08-24,113.84613037109376,129.89608370130375,24.402374330499814,1078.9205600666526,32.84692618901581,16.91836536313961,0.5167254738982523
2022-08-25,116.82379913330078,129.9840696402556,24.402374330499814,1078.9205600666526,32.84692618901581,16.91836536313961,0.5167254738982523
2022-08-26,110.47144317626952,130.03662508923952,24.402374330499814,1078.9205600666526,32.84692618901581,16.91836536313961,0.5167254738982523
2022-08-29,109.51859283447266,130.13662373055647,24.402374330499814,1078.9205600666526,32.84692618901581,16.91836536313961,0.5167254738982523
2022-08-30,109.091796875,130.2682231856286,24.402374330499814,1078.9205600666526,32.84692618901581,16.91836536313961,0.5167254738982523
2022-08-31,108.33745574951172,130.38122248822364,24.402374330499814,1078.9205600666526,32.84692618901581,16.91836536313961,0.5167254738982523
2022-09-01,109.72704315185548,130.4697145078861,24.402374330499814,1078.9205600666526,32.84692618901581,16.91836536313961,0.5167254738982523
2022-09-02,107.8709487915039,130.51972536419035,24.402374330499814,1078.9205600666526,32.84692618901581,16.91836536313961,0.5167254738982523
2022-09-06,106.6798858642578,130.70782878527987,24.402374330499814,1078.9205600666526,32.84692618901581,16.91836536313961,0.5167254738982523
2022-09-07,109.65755462646484,130.80114447516524,24.402374330499814,1078.9205600666526,32.84692618901581,16.91836536313961,0.5167254738982523
2022-09-08,108.6054229736328,130.86634698020112,24.402374330499814,1078.9205600666526,32.84692618901581,16.91836536313961,0.5167254738982523
2022-09-09,110.9478759765625,130.88948910020383,24.402374330499814,1078.9205600666526,32.84692618901581,16.91836536313961,0.5167254738982523
2022-09-12,111.0372085571289,130.86098882137372,24.402374330499814,1078.9205600666526,32.84692618901581,16.91836536313961,0.5167254738982523
2022-09-13,104.52603149414062,130.9365635207081,24.402374330499814,1078.9205600666526,32.84692618901581,16.91836536313961,0.5167254738982523
2022-09-14,105.08187866210938,130.98727453136345,24.402374330499814,1078.9205600666526,32.84692618901581,16.91836536313961,0.5167254738982523
2022-09-15,103.12654113769533,131.00755865534987,24.402374330499814,1078.9205600666526,32.84692618901581,16.91836536313961,0.5167254738982523
2022-09-16,102.85853576660156,130.9838896094031,24.402374330499814,1078.9205600666526,32.84692618901581,16.91836536313961,0.5167254738982523
2022-09-19,103.076904296875,130.80870498535614,24.402374330499814,1078.9205600666526,32.84692618901581,16.91836536313961,0.5167254738982523
2022-09-20,101.07195281982422,130.8352748511112,24.402374330499814,1078.9205600666526,32.84692618901581,16.91836536313961,0.5167254738982523
2022-09-21,99.26549530029295,130.83802713707132,24.402374330499814,1078.9205600666526,32.84692618901581,16.91836536313961,0.5167254738982523
2022-09-22,99.8213348388672,130.81211041295717,24.402374330499814,1078.9205600666526,32.84692618901581,16.91836536313961,0.5167254738982523
2022-09-23,98.43173217773438,130.7447296139682,24.402374330499814,1078.9205600666526,32.84692618901581,16.91836536313961,0.5167254738982523
2022-09-26,98.0744171142578,130.46068277579678,24.402374330499814,1078.9205600666526,32.84692618901581,16.91836536313961,0.5167254738982523
2022-09-27,97.35977935791016,130.46074700759274,24.402374330499814,1078.9205600666526,32.84692618901581,16.91836536313961,0.5167254738982523
2022-09-28,99.99005889892578,130.4429673999573,24.402374330499814,1078.9205600666526,32.84692618901581,16.91836536313961,0.5167254738982523
2022-09-29,97.35977935791016,130.40305339921295,24.402374330499814,1078.9205600666526,32.84692618901581,16.91836536313961,0.5167254738982523
2022-09-30,95.4342269897461,130.32869130588426,24.402374330499814,1078.9205600666526,32.84692618901581,16.91836536313961,0.5167254738982523
2022-10-03,98.56077575683594,130.06914532599694,24.402374330499814,1078.9205600666526,32.84692618901581,16.91836536313961,0.5167254738982523
2022-10-04,101.64763641357422,130.09307612453466,24.402374330499814,1078.9205600666526,32.84692618901581,16.91836536313961,0.5167254738982523
2022-10-05,101.45904541015624,130.1069768799482,24.402374330499814,1078.9205600666526,32.84692618901581,16.91836536313961,0.5167254738982523
2022-10-06,101.4788818359375,130.10633739533733,24.402374330499814,1078.9205600666526,32.84692618901581,16.91836536313961,0.5167254738982523
2022-10-07,98.82876586914062,130.07848987239035,24.402374330499814,1078.9205600666526,32.84692618901581,16.91836536313961,0.5167254738982523
2022-10-10,97.97516632080078,129.99643389632482,24.402374330499814,1078.9205600666526,32.84692618901581,16.91836536313961,0.5167254738982523
2022-10-11,97.3200912475586,130.08974308119699,24.402374330499814,1078.9205600666526,32.84692618901581,16.91836536313961,0.5167254738982523
2022-10-12,97.5682373046875,130.17664932608173,24.402374330499814,1078.9205600666526,32.84692618901581,16.91836536313961,0.5167254738982523
2022-10-13,98.9677276611328,130.25162601286783,24.402374330499814,1078.9205600666526,32.84692618901581,16.91836536313961,0.5167254738982523
2022-10-14,96.45655822753906,130.30092779309737,24.402374330499814,1078.9205600666526,32.84692618901581,16.91836536313961,0.5167254738982523
2022-10-17,100.02975463867188,130.44825297796731,24.402374330499814,1078.9205600666526,32.84692618901581,16.91836536313961,0.5167254738982523
2022-10-18,100.63521575927734,130.61356769181555,24.402374330499814,1078.9205600666526,32.84692618901581,16.91836536313961,0.5167254738982523
2022-10-19,99.54340362548828,130.76844218772655,24.402374330499814,1078.9205600666526,32.84692618901581,16.91836536313961,0.5167254738982523
2022-10-20,99.7816162109375,130.9063543779461,24.402374330499814,1078.9205600666526,32.84692618901581,16.91836536313961,0.5167254738982523
2022-10-21,100.72455596923828,131.01265316296588,24.402374330499814,1078.9205600666526,32.84692618901581,16.91836536313961,0.5167254738982523
2022-10-24,102.20345306396484,131.28800978370305,24.402374330499814,1078.9205600666526,32.84692618901581,16.91836536313961,0.5167254738982523
2022-10-25,104.14886474609376,131.47992068219688,24.402374330499814,1078.9205600666526,32.84692618901581,16.91836536313961,0.5167254738982523
2022-10-26,94.11412811279295,131.6528505041383,24.402374330499814,1078.9205600666526,32.84692618901581,16.91836536313961,0.5167254738982523
2022-10-27,91.91064453125,131.80021946625303,24.402374330499814,1078.9205600666526,32.84692618901581,16.91836536313961,0.5167254738982523
2022-10-28,95.86102294921876,131.90748348758206,24.402374330499814,1078.9205600666526,32.84692618901581,16.91836536313961,0.5167254738982523
2022-10-31,93.95532989501952,132.13824500313498,24.402374330499814,1078.9205600666526,32.84692618901581,16.91836536313961,0.5167254738982523
2022-11-01,89.8262939453125,132.30134869084188,24.402374330499814,1078.9205600666526,32.84692618901581,16.91836536313961,0.5167254738982523
2022-11-02,86.42182159423828,132.43976602588634,24.402374330499814,1078.9205600666526,32.84692618901581,16.91836536313961,0.5167254738982523
2022-11-03,82.86846160888672,132.54783400540734,24.402374330499814,1078.9205600666526,32.84692618901581,16.91836536313961,0.5167254738982523
2022-11-04,86.05457305908203,132.61200179388396,24.402374330499814,1078.9205600666526,32.84692618901581,16.91836536313961,0.5167254738982523
2022-11-07,87.99005889892578,132.70129773667713,24.402374330499814,1078.9205600666526,32.84692618901581,16.91836536313961,0.5167254738982523
2022-11-08,88.24813842773438,132.8167703043071,24.402374330499814,1078.9205600666526,32.84692618901581,16.91836536313961,0.5167254738982523
2022-11-09,86.7493667602539,132.9090508904221,24.402374330499814,1078.9205600666526,32.84692618901581,16.91836536313961,0.5167254738982523
2022-11-10,93.46895599365234,132.97343137421842,24.402374330499814,1078.9205600666526,32.84692618901581,16.91836536313961,0.5167254738982523
2022-11-11,96.00991821289062,132.99722944374383,24.402374330499814,1078.9205600666526,32.84692618901581,16.91836536313961,0.5167254738982523
2022-11-14,95.31512451171876,132.9923408168181,24.402374330499814,1078.9205600666526,32.84692618901581,16.91836536313961,0.5167254738982523
2022-11-15,97.985107421875,133.08708014055378,24.402374330499814,1078.9205600666526,32.84692618901581,16.91836536313961,0.5167254738982523
2022-11-16,98.2530746459961,133.16444251864542,24.402374330499814,1078.9205600666526,32.84692618901581,16.91836536313961,0.5167254738982523
2022-11-17,97.76673126220705,133.21978525480924,24.402374330499814,1078.9205600666526,32.84692618901581,16.91836536313961,0.5167254738982523
2022-11-18,97.07193756103516,133.240341940028,24.402374330499814,1078.9205600666526,32.84692618901581,16.91836536313961,0.5167254738982523
2022-11-21,95.11661529541016,133.2575602312402,24.402374330499814,1078.9205600666526,32.84692618901581,16.91836536313961,0.5167254738982523
2022-11-22,96.60545349121094,133.3686715838269,24.402374330499814,1078.9205600666526,32.84692618901581,16.91836536313961,0.5167254738982523
2022-11-23,98.0843505859375,133.46584385887613,24.402374330499814,1078.9205600666526,32.84692618901581,16.91836536313961,0.5167254738982523
2022-11-25,96.87342071533205,133.58860380743448,24.402374330499814,1078.9205600666526,32.84692618901581,16.91836536313961,0.5167254738982523
2022-11-28,95.53347778320312,133.6818619526536,24.402374330499814,1078.9205600666526,32.84692618901581,16.91836536313961,0.5167254738982523
2022-11-29,94.72952270507812,133.8165881904746,24.402374330499814,1078.9205600666526,32.84692618901581,16.91836536313961,0.5167254738982523
2022-11-30,100.69477081298828,133.93526257224093,24.402374330499814,1078.9205600666526,32.84692618901581,16.91836536313961,0.5167254738982523
2022-12-01,100.52603149414062,134.03184430324166,24.402374330499814,1078.9205600666526,32.84692618901581,16.91836536313961,0.5167254738982523
2022-12-02,100.0793914794922,134.0922136079278,24.402374330499814,1078.9205600666526,32.84692618901581,16.91836536313961,0.5167254738982523
2022-12-05,99.12654113769533,134.20817650059593,24.402374330499814,1078.9205600666526,32.84692618901581,16.91836536313961,0.5167254738982523
2022-12-06,96.58558654785156,134.34193952927376,24.402374330499814,1078.9205600666526,32.84692618901581,16.91836536313961,0.5167254738982523
2022-12-07,94.44168090820312,134.45537646770882,24.402374330499814,1078.9205600666526,32.84692618901581,16.91836536313961,0.5167254738982523
2022-12-08,93.25060272216795,134.5426307101666,24.402374330499814,1078.9205600666526,32.84692618901581,16.91836536313961,0.5167254738982523
2022-12-09,92.37716674804688,134.58988495348845,24.402374330499814,1078.9205600666526,32.84692618901581,16.91836536313961,0.5167254738982523
2022-12-12,92.8635025024414,134.6483487476414,24.402374330499814,1078.9205600666526,32.84692618901581,16.91836536313961,0.5167254738982523
2022-12-13,95.13645935058594,134.75883334083719,24.402374330499814,1078.9205600666526,32.84692618901581,16.91836536313961,0.5167254738982523
2022-12-14,94.60047912597656,134.8480533373934,24.402374330499814,1078.9205600666526,32.84692618901581,16.91836536313961,0.5167254738982523
2022-12-15,90.52107238769533,134.91087145232592,24.402374330499814,1078.9205600666526,32.84692618901581,16.91836536313961,0.5167254738982523
2022-12-16,90.1836166381836,134.9341941643258,24.402374330499814,1078.9205600666526,32.84692618901581,16.91836536313961,0.5167254738982523
2022-12-19,88.48634338378906,134.93077767477484,24.402374330499814,1078.9205600666526,32.84692618901581,16.91836536313961,0.5167254738982523
2022-12-20,88.9627685546875,135.02598823036098,24.402374330499814,1078.9205600666526,32.84692618901581,16.91836536313961,0.5167254738982523
2022-12-21,89.5781478881836,135.10345276698115,24.402374330499814,1078.9205600666526,32.84692618901581,16.91836536313961,0.5167254738982523
2022-12-22,87.60297393798828,135.15840148574114,24.402374330499814,1078.9205600666526,32.84692618901581,16.91836536313961,0.5167254738982523
2022-12-23,89.14141845703125,135.1780021157356,24.402374330499814,1078.9205600666526,32.84692618901581,16.91836536313961,0.5167254738982523
2022-12-27,87.27542114257812,135.2976225980431,24.402374330499814,1078.9205600666526,32.84692618901581,16.91836536313961,0.5167254738982523
2022-12-28,85.81635284423828,135.39203735381872,24.402374330499814,1078.9205600666526,32.84692618901581,16.91836536313961,0.5167254738982523
2022-12-29,88.28782653808594,135.46728782405242,24.402374330499814,1078.9205600666526,32.84692618901581,16.91836536313961,0.5167254738982523
2022-12-30,88.06947326660156,135.51005810502159,24.402374330499814,1078.9205600666526,32.84692618901581,16.91836536313961,0.5167254738982523
2023-01-03,89.03224182128906,135.73920541905102,24.402374330499814,1078.9205600666526,32.84692618901581,16.91836536313961,0.5167254738982523
2023-01-04,88.04960632324219,135.86195343665221,24.402374330499814,1078.9205600666526,32.84692618901581,16.91836536313961,0.5167254738982523
2023-01-05,86.1240463256836,135.96459324250242,24.402374330499814,1078.9205600666526,32.84692618901581,16.91836536313961,0.5167254738982523
2023-01-06,87.50370788574219,136.03318688603287,24.402374330499814,1078.9205600666526,32.84692618901581,16.91836536313961,0.5167254738982523
2023-01-09,88.13895416259766,136.18799389775435,24.402374330499814,1078.9205600666526,32.84692618901581,16.91836536313961,0.5167254738982523
2023-01-10,88.5756607055664,136.33957753797557,24.402374330499814,1078.9205600666526,32.84692618901581,16.91836536313961,0.5167254738982523
2023-01-11,91.57318878173828,136.47321727471066,24.402374330499814,1078.9205600666526,32.84692618901581,16.91836536313961,0.5167254738982523
2023-01-12,91.22579956054688,136.58294637880059,24.402374330499814,1078.9205600666526,32.84692618901581,16.91836536313961,0.5167254738982523
2023-01-13,92.10916137695312,136.6547878308932,24.402374330499814,1078.9205600666526,32.84692618901581,16.91836536313961,0.5167254738982523
2023-01-17,91.47394561767578,136.93849227708185,24.402374330499814,1078.9205600666526,32.84692618901581,16.91836536313961,0.5167254738982523
2023-01-18,91.09674835205078,137.05901830859892,24.402374330499814,1078.9205600666526,32.84692618901581,16.91836536313961,0.5167254738982523
2023-01-19,93.21090698242188,137.15350947691562,24.402374330499814,1078.9205600666526,32.84692618901581,16.91836536313961,0.5167254738982523
2023-01-20,98.54092407226562,137.20850974297082,24.402374330499814,1078.9205600666526,32.84692618901581,16.91836536313961,0.5167254738982523
2023-01-23,100.45655059814452,137.29655969540025,24.402374330499814,1078.9205600666526,32.84692618901581,16.91836536313961,0.5167254738982523
2023-01-24,98.47144317626952,137.41993332383578,24.402374330499814,1078.9205600666526,32.84692618901581,16.91836536313961,0.5167254738982523
2023-01-25,96.00991821289062,137.52388249248781,24.402374330499814,1078.9205600666526,32.84692618901581,16.91836536313961,0.5167254738982523
2023-01-26,98.4218292236328,137.603371270092,24.402374330499814,1078.9205600666526,32.84692618901581,16.91836536313961,0.5167254738982523
2023-01-27,99.96027374267578,137.6453359788235,24.402374330499814,1078.9205600666526,32.84692618901581,16.91836536313961,0.5167254738982523
2023-01-30,97.2208251953125,137.7088401769734,24.402374330499814,1078.9205600666526,32.84692618901581,16.91836536313961,0.5167254738982523
2023-01-31,99.12654113769533,137.82936683430222,24.402374330499814,1078.9205600666526,32.84692618901581,16.91836536313961,0.5167254738982523
2023-02-01,100.67493438720705,137.93314438637722,24.402374330499814,1078.9205600666526,32.84692618901581,16.91836536313961,0.5167254738982523
2023-02-02,107.99005126953124,138.01500138457703,24.402374330499814,1078.9205600666526,32.84692618901581,16.91836536313961,0.5167254738982523
2023-02-03,104.43670654296876,138.06164972183328,24.402374330499814,1078.9205600666526,32.84692618901581,16.91836536313961,0.5167254738982523
2023-02-06,102.69974517822266,138.1496749397321,24.402374330499814,1078.9205600666526,32.84692618901581,16.91836536313961,0.5167254738982523
2023-02-07,107.2357177734375,138.28040373804163,24.402374330499814,1078.9205600666526,32.84692618901581,16.91836536313961,0.5167254738982523
2023-02-08,99.25557708740234,138.39455057514758,24.402374330499814,1078.9205600666526,32.84692618901581,16.91836536313961,0.5167254738982523
2023-02-09,94.74935913085938,138.4863960326442,24.402374330499814,1078.9205600666526,32.84692618901581,16.91836536313961,0.5167254738982523
2023-02-10,94.15382385253906,138.54209904128942,24.402374330499814,1078.9205600666526,32.84692618901581,16.91836536313961,0.5167254738982523
2023-02-13,94.29278564453124,138.6464070388502,24.402374330499814,1078.9205600666526,32.84692618901581,16.91836536313961,0.5167254738982523
2023-02-14,94.24315643310548,138.77736403897273,24.402374330499814,1078.9205600666526,32.84692618901581,16.91836536313961,0.5167254738982523
2023-02-15,96.3771514892578,138.8884936107676,24.402374330499814,1078.9205600666526,32.84692618901581,16.91836536313961,0.5167254738982523
2023-02-16,95.06697845458984,138.9737969446243,24.402374330499814,1078.9205600666526,32.84692618901581,16.91836536313961,0.5167254738982523
2023-02-17,93.8858413696289,139.01923799305064,24.402374330499814,1078.9205600666526,32.84692618901581,16.91836536313961,0.5167254738982523
2023-02-21,91.36474609375,139.17557656893564,24.402374330499814,1078.9205600666526,32.84692618901581,16.91836536313961,0.5167254738982523
2023-02-22,91.11660766601562,139.25815533147434,24.402374330499814,1078.9205600666526,32.84692618901581,16.91836536313961,0.5167254738982523
2023-02-23,90.39205169677734,139.31195468253003,24.402374330499814,1078.9205600666526,32.84692618901581,16.91836536313961,0.5167254738982523
2023-02-24,88.68485260009766,139.32336657652502,24.402374330499814,1078.9205600666526,32.84692618901581,16.91836536313961,0.5167254738982523
2023-02-27,89.42926788330078,139.2619596877507,24.402374330499814,1078.9205600666526,32.84692618901581,16.91836536313961,0.5167254738982523
2023-02-28,89.62777709960938,139.3289689544776,24.402374330499814,1078.9205600666526,32.84692618901581,16.91836536313961,0.5167254738982523
2023-03-01,89.83621978759766,139.3732112504934,24.402374330499814,1078.9205600666526,32.84692618901581,16.91836536313961,0.5167254738982523
2023-03-02,91.62281036376952,139.38967616204783,24.402374330499814,1078.9205600666526,32.84692618901581,16.91836536313961,0.5167254738982523
2023-03-03,93.32007598876952,139.36537925200915,24.402374330499814,1078.9205600666526,32.84692618901581,16.91836536313961,0.5167254738982523
2023-03-06,94.86846923828124,139.2123719529318,24.402374330499814,1078.9205600666526,32.84692618901581,16.91836536313961,0.5167254738982523
2023-03-07,93.46895599365234,139.2557119550025,24.402374330499814,1078.9205600666526,32.84692618901581,16.91836536313961,0.5167254738982523
2023-03-08,93.94539642333984,139.28041015674702,24.402374330499814,1078.9205600666526,32.84692618901581,16.91836536313961,0.5167254738982523
2023-03-09,91.97020721435548,139.2817655323318,24.402374330499814,1078.9205600666526,32.84692618901581,16.91836536313961,0.5167254738982523
2023-03-10,90.3324966430664,139.24702506243818,24.402374330499814,1078.9205600666526,32.84692618901581,16.91836536313961,0.5167254738982523
2023-03-13,90.9776611328125,139.09178978746823,24.402374330499814,1078.9205600666526,32.84692618901581,16.91836536313961,0.5167254738982523
2023-03-14,93.5483627319336,139.14405951744376,24.402374330499814,1078.9205600666526,32.84692618901581,16.91836536313961,0.5167254738982523
2023-03-15,95.8312530517578,139.1823213222541,24.402374330499814,1078.9205600666526,32.84692618901581,16.91836536313961,0.5167254738982523
2023-03-16,100.3176040649414,139.20165069532246,24.402374330499814,1078.9205600666526,32.84692618901581,16.91836536313961,0.5167254738982523
2023-03-17,101.69725036621094,139.1890126485064,24.402374330499814,1078.9205600666526,32.84692618901581,16.91836536313961,0.5167254738982523
2023-03-20,101.17120361328124,139.12133350651325,24.402374330499814,1078.9205600666526,32.84692618901581,16.91836536313961,0.5167254738982523
2023-03-21,105.05208587646484,139.20852667655114,24.402374330499814,1078.9205600666526,32.84692618901581,16.91836536313961,0.5167254738982523
2023-03-22,103.44416046142578,139.2838551758518,24.402374330499814,1078.9205600666526,32.84692618901581,16.91836536313961,0.5167254738982523
2023-03-23,105.4689712524414,139.34194580461175,24.402374330499814,1078.9205600666526,32.84692618901581,16.91836536313961,0.5167254738982523
2023-03-24,105.27043914794922,139.36931766312563,24.402374330499814,1078.9205600666526,32.84692618901581,16.91836536313961,0.5167254738982523
2023-03-27,102.29278564453124,139.4248890611533,24.402374330499814,1078.9205600666526,32.84692618901581,16.91836536313961,0.5167254738982523
2023-03-28,100.60545349121094,139.5529177052521,24.402374330499814,1078.9205600666526,32.84692618901581,16.91836536313961,0.5167254738982523
2023-03-29,101.14141845703124,139.6683623662961,24.402374330499814,1078.9205600666526,32.84692618901581,16.91836536313961,0.5167254738982523
2023-03-30,100.56574249267578,139.76553749699195,24.402374330499814,1078.9205600666526,32.84692618901581,16.91836536313961,0.5167254738982523
2023-03-31,103.2257843017578,139.83068133964517,24.402374330499814,1078.9205600666526,32.84692618901581,16.91836536313961,0.5167254738982523
2023-04-03,104.12901306152344,139.98934710119173,24.402374330499814,1078.9205600666526,32.84692618901581,16.91836536313961,0.5167254738982523
2023-04-04,104.33746337890624,140.1476945254512,24.402374330499814,1078.9205600666526,32.84692618901581,16.91836536313961,0.5167254738982523
2023-04-05,104.16870880126952,140.29117923128527,24.402374330499814,1078.9205600666526,32.84692618901581,16.91836536313961,0.5167254738982523
2023-04-06,108.08932495117188,140.41399468657391,24.402374330499814,1078.9205600666526,32.84692618901581,16.91836536313961,0.5167254738982523
2023-04-10,106.15382385253906,140.71451093738173,24.402374330499814,1078.9205600666526,32.84692618901581,16.91836536313961,0.5167254738982523
2023-04-11,105.33000946044922,140.88521530293878,24.402374330499814,1078.9205600666526,32.84692618901581,16.91836536313961,0.5167254738982523
2023-04-12,104.43670654296876,141.03822125302688,24.402374330499814,1078.9205600666526,32.84692618901581,16.91836536313961,0.5167254738982523
2023-04-13,107.38459014892578,141.16768396562398,24.402374330499814,1078.9205600666526,32.84692618901581,16.91836536313961,0.5167254738982523
2023-04-14,108.6451416015625,141.2597096644768,24.402374330499814,1078.9205600666526,32.84692618901581,16.91836536313961,0.5167254738982523
2023-04-17,105.62777709960938,141.46565700627895,24.402374330499814,1078.9205600666526,32.84692618901581,16.91836536313961,0.5167254738982523
2023-04-18,104.33746337890624,141.62846706142204,24.402374330499814,1078.9205600666526,32.84692618901581,16.91836536313961,0.5167254738982523
2023-04-19,104.23818969726562,141.77074998757982,24.402374330499814,1078.9205600666526,32.84692618901581,16.91836536313961,0.5167254738982523
2023-04-20,105.11164855957033,141.88673986581088,24.402374330499814,1078.9205600666526,32.84692618901581,16.91836536313961,0.5167254738982523
2023-04-21,105.12157440185548,141.96265090461497,24.402374330499814,1078.9205600666526,32.84692618901581,16.91836536313961,0.5167254738982523
2023-04-24,105.98509216308594,142.10597897822646,24.402374330499814,1078.9205600666526,32.84692618901581,16.91836536313961,0.5167254738982523
2023-04-25,103.8312530517578,142.24386233253568,24.402374330499814,1078.9205600666526,32.84692618901581,16.91836536313961,0.5167254738982523
2023-04-26,103.67244720458984,142.3596373210979,24.402374330499814,1078.9205600666526,32.84692618901581,16.91836536313961,0.5167254738982523
2023-04-27,107.56326293945312,142.44786047907863,24.402374330499814,1078.9205600666526,32.84692618901581,16.91836536313961,0.5167254738982523
2023-04-28,107.41438293457033,142.49510256166184,24.402374330499814,1078.9205600666526,32.84692618901581,16.91836536313961,0.5167254738982523
2023-05-01,106.9081573486328,142.55100461629112,24.402374330499814,1078.9205600666526,32.84692618901581,16.91836536313961,0.5167254738982523
2023-05-02,105.19105529785156,142.66070842580666,24.402374330499814,1078.9205600666526,32.84692618901581,16.91836536313961,0.5167254738982523
2023-05-03,105.33000946044922,142.74953026048155,24.402374330499814,1078.9205600666526,32.84692618901581,16.91836536313961,0.5167254738982523
2023-05-04,104.4267807006836,142.8124727335957,24.402374330499814,1078.9205600666526,32.84692618901581,16.91836536313961,0.5167254738982523
2023-05-05,105.4242935180664,142.8365389983209,24.402374330499814,1078.9205600666526,32.84692618901581,16.91836536313961,0.5167254738982523
2023-05-08,107.4342269897461,142.83945350095843,24.402374330499814,1078.9205600666526,32.84692618901581,16.91836536313961,0.5167254738982523
2023-05-09,107.13646697998048,142.9381049298152,24.402374330499814,1078.9205600666526,32.84692618901581,16.91836536313961,0.5167254738982523
2023-05-10,111.4441375732422,143.01959192567844,24.402374330499814,1078.9205600666526,32.84692618901581,16.91836536313961,0.5167254738982523
2023-05-11,116.02976989746094,143.07906565118597,24.402374330499814,1078.9205600666526,32.84692618901581,16.91836536313961,0.5167254738982523
2023-05-12,117.04216766357422,143.10360239141664,24.402374330499814,1078.9205600666526,32.84692618901581,16.91836536313961,0.5167254738982523
2023-05-15,116.08931732177734,143.13107497915462,24.402374330499814,1078.9205600666526,32.84692618901581,16.91836536313961,0.5167254738982523
2023-05-16,119.19600677490234,143.24504589370932,24.402374330499814,1078.9205600666526,32.84692618901581,16.91836536313961,0.5167254738982523
2023-05-17,120.57565307617188,143.34492149012902,24.402374330499814,1078.9205600666526,32.84692618901581,16.91836536313961,0.5167254738982523
2023-05-18,122.6004638671875,143.4254380638753,24.402374330499814,1078.9205600666526,32.84692618901581,16.91836536313961,0.5167254738982523
2023-05-19,122.33248138427734,143.4731884654308,24.402374330499814,1078.9205600666526,32.84692618901581,16.91836536313961,0.5167254738982523
2023-05-22,124.93297576904295,143.57766616755077,24.402374330499814,1078.9205600666526,32.84692618901581,16.91836536313961,0.5167254738982523
2023-05-23,122.3721923828125,143.7176806226212,24.402374330499814,1078.9205600666526,32.84692618901581,16.91836536313961,0.5167254738982523
2023-05-24,120.7344741821289,143.84269890490535,24.402374330499814,1078.9205600666526,32.84692618901581,16.91836536313961,0.5167254738982523
2023-05-25,123.4242935180664,143.94680625981687,24.402374330499814,1078.9205600666526,32.84692618901581,16.91836536313961,0.5167254738982523
2023-05-26,124.49626159667967,144.01596755099175,24.402374330499814,1078.9205600666526,32.84692618901581,16.91836536313961,0.5167254738982523
2023-05-30,123.7121353149414,144.3134031924905,24.402374330499814,1078.9205600666526,32.84692618901581,16.91836536313961,0.5167254738982523
2023-05-31,122.45159912109376,144.4413668428873,24.402374330499814,1078.9205600666526,32.84692618901581,16.91836536313961,0.5167254738982523
2023-06-01,123.44415283203124,144.54376761007185,24.402374330499814,1078.9205600666526,32.84692618901581,16.91836536313961,0.5167254738982523
2023-06-02,124.2977523803711,144.60648317764964,24.402374330499814,1078.9205600666526,32.84692618901581,16.91836536313961,0.5167254738982523
2023-06-05,125.68731689453124,144.70955321959062,24.402374330499814,1078.9205600666526,32.84692618901581,16.91836536313961,0.5167254738982523
2023-06-06,126.95779418945312,144.83295632025272,24.402374330499814,1078.9205600666526,32.84692618901581,16.91836536313961,0.5167254738982523
2023-06-07,122.02479553222656,144.933414637814,24.402374330499814,1078.9205600666526,32.84692618901581,16.91836536313961,0.5167254738982523
2023-06-08,121.75680541992188,145.00537970163086,24.402374330499814,1078.9205600666526,32.84692618901581,16.91836536313961,0.5167254738982523
2023-06-09,121.95531463623048,145.03537396171774,24.402374330499814,1078.9205600666526,32.84692618901581,16.91836536313961,0.5167254738982523
2023-06-12,123.4242935180664,145.03396876611632,24.402374330499814,1078.9205600666526,32.84692618901581,16.91836536313961,0.5167254738982523
2023-06-13,123.50369262695312,145.1231141163916,24.402374330499814,1078.9205600666526,32.84692618901581,16.91836536313961,0.5167254738982523
2023-06-14,123.45406341552734,145.19097290990862,24.402374330499814,1078.9205600666526,32.84692618901581,16.91836536313961,0.5167254738982523
2023-06-15,124.85357666015624,145.23280533282215,24.402374330499814,1078.9205600666526,32.84692618901581,16.91836536313961,0.5167254738982523
2023-06-16,123.13645935058594,145.23590533321138,24.402374330499814,1078.9205600666526,32.84692618901581,16.91836536313961,0.5167254738982523
2023-06-20,122.92800903320312,145.26159808031164,24.402374330499814,1078.9205600666526,32.84692618901581,16.91836536313961,0.5167254738982523
2023-06-21,120.35730743408205,145.32782756774205,24.402374330499814,1078.9205600666526,32.84692618901581,16.91836536313961,0.5167254738982523
2023-06-22,122.94786834716795,145.37419988276773,24.402374330499814,1078.9205600666526,32.84692618901581,16.91836536313961,0.5167254738982523
2023-06-23,122.1042022705078,145.3881006913231,24.402374330499814,1078.9205600666526,32.84692618901581,16.91836536313961,0.5167254738982523
2023-06-26,118.20344543457033,145.40114971290757,24.402374330499814,1078.9205600666526,32.84692618901581,16.91836536313961,0.5167254738982523
2023-06-27,118.12405395507812,145.51687411050236,24.402374330499814,1078.9205600666526,32.84692618901581,16.91836536313961,0.5167254738982523
2023-06-28,120.17864227294922,145.62205824129452,24.402374330499814,1078.9205600666526,32.84692618901581,16.91836536313961,0.5167254738982523
2023-06-29,119.1166000366211,145.71154421908986,24.402374330499814,1078.9205600666526,32.84692618901581,16.91836536313961,0.5167254738982523
2023-06-30,120.06946563720705,145.77199092944966,24.402374330499814,1078.9205600666526,32.84692618901581,16.91836536313961,0.5167254738982523
2023-07-03,119.66250610351562,145.93700207570868,24.402374330499814,1078.9205600666526,32.84692618901581,16.91836536313961,0.5167254738982523
2023-07-05,121.71710205078124,146.26055536678697,24.402374330499814,1078.9205600666526,32.84692618901581,16.91836536313961,0.5167254738982523
2023-07-06,120.0297622680664,146.39904493241124,24.402374330499814,1078.9205600666526,32.84692618901581,16.91836536313961,0.5167254738982523
2023-07-07,119.24562072753906,146.50579413182908,24.402374330499814,1078.9205600666526,32.84692618901581,16.91836536313961,0.5167254738982523
2023-07-10,115.99998474121094,146.78586488998536,24.402374330499814,1078.9205600666526,32.84692618901581,16.91836536313961,0.5167254738982523
2023-07-11,116.83372497558594,146.98165662904796,24.402374330499814,1078.9205600666526,32.84692618901581,16.91836536313961,0.5167254738982523
2023-07-12,118.7295150756836,147.16009986667254,24.402374330499814,1078.9205600666526,32.84692618901581,16.91836536313961,0.5167254738982523
2023-07-13,123.90072631835938,147.31481967027085,24.402374330499814,1078.9205600666526,32.84692618901581,16.91836536313961,0.5167254738982523
2023-07-14,124.76425170898438,147.4314158338012,24.402374330499814,1078.9205600666526,32.84692618901581,16.91836536313961,0.5167254738982523
2023-07-17,124.12901306152344,147.70252657413747,24.402374330499814,1078.9205600666526,32.84692618901581,16.91836536313961,0.5167254738982523
2023-07-18,123.15631103515624,147.8830197041656,24.402374330499814,1078.9205600666526,32.84692618901581,16.91836536313961,0.5167254738982523
2023-07-19,121.86598205566406,148.04054293548842,24.402374330499814,1078.9205600666526,32.84692618901581,16.91836536313961,0.5167254738982523
2023-07-20,118.64016723632812,148.1691876224164,24.402374330499814,1078.9205600666526,32.84692618901581,16.91836536313961,0.5167254738982523
2023-07-21,119.41437530517578,148.25510086349436,24.402374330499814,1078.9205600666526,32.84692618901581,16.91836536313961,0.5167254738982523
2023-07-24,120.9726791381836,148.41291532103676,24.402374330499814,1078.9205600666526,32.84692618901581,16.91836536313961,0.5167254738982523
2023-07-25,121.87591552734376,148.55089834282828,24.402374330499814,1078.9205600666526,32.84692618901581,16.91836536313961,0.5167254738982523
2023-07-26,128.6947784423828,148.66475679054253,24.402374330499814,1078.9205600666526,32.84692618901581,16.91836536313961,0.5167254738982523
2023-07-27,128.90321350097656,148.74931009540344,24.402374330499814,1078.9205600666526,32.84692618901581,16.91836536313961,0.5167254738982523
2023-07-28,132.0198211669922,148.7914116750651,24.402374330499814,1078.9205600666526,32.84692618901581,16.91836536313961,0.5167254738982523
2023-07-31,132.11907958984375,148.8259428761993,24.402374330499814,1078.9205600666526,32.84692618901581,16.91836536313961,0.5167254738982523
2023-08-01,130.9081573486328,148.92743583753045,24.402374330499814,1078.9205600666526,32.84692618901581,16.91836536313961,0.5167254738982523
2023-08-02,127.68235778808594,149.00788549897362,24.402374330499814,1078.9205600666526,32.84692618901581,16.91836536313961,0.5167254738982523
2023-08-03,127.8114013671875,149.06246775687202,24.402374330499814,1078.9205600666526,32.84692618901581,16.91836536313961,0.5167254738982523
2023-08-04,127.58309936523438,149.07831383486146,24.402374330499814,1078.9205600666526,32.84692618901581,16.91836536313961,0.5167254738982523
2023-08-07,130.95779418945312,149.05796457798309,24.402374330499814,1078.9205600666526,32.84692618901581,16.91836536313961,0.5167254738982523
2023-08-08,130.85853576660156,149.14927575926154,24.402374330499814,1078.9205600666526,32.84692618901581,16.91836536313961,0.5167254738982523
2023-08-09,129.18112182617188,149.22349747767723,24.402374330499814,1078.9205600666526,32.84692618901581,16.91836536313961,0.5167254738982523
2023-08-10,129.2406768798828,149.27564991113465,24.402374330499814,1078.9205600666526,32.84692618901581,16.91836536313961,0.5167254738982523
2023-08-11,129.20095825195312,149.29265497391128,24.402374330499814,1078.9205600666526,32.84692618901581,16.91836536313961,0.5167254738982523
2023-08-14,130.84861755371094,149.29457759909096,24.402374330499814,1078.9205600666526,32.84692618901581,16.91836536313961,0.5167254738982523
2023-08-15,129.30023193359375,149.39850430074605,24.402374330499814,1078.9205600666526,32.84692618901581,16.91836536313961,0.5167254738982523
2023-08-16,128.1488494873047,149.48734654421682,24.402374330499814,1078.9205600666526,32.84692618901581,16.91836536313961,0.5167254738982523
2023-08-17,129.4888153076172,149.5557522317939,24.402374330499814,1078.9205600666526,32.84692618901581,16.91836536313961,0.5167254738982523
2023-08-18,127.15631866455078,149.59026772881123,24.402374330499814,1078.9205600666526,32.84692618901581,16.91836536313961,0.5167254738982523
2023-08-21,127.97020721435548,149.648561818013,24.402374330499814,1078.9205600666526,32.84692618901581,16.91836536313961,0.5167254738982523
2023-08-22,128.72454833984375,149.77136820086736,24.402374330499814,1078.9205600666526,32.84692618901581,16.91836536313961,0.5167254738982523
2023-08-23,132.21835327148438,149.87857006146766,24.402374330499814,1078.9205600666526,32.84692618901581,16.91836536313961,0.5167254738982523
2023-08-24,129.4490966796875,149.96449824882964,24.402374330499814,1078.9205600666526,32.84692618901581,16.91836536313961,0.5167254738982523
2023-08-25,129.71710205078125,150.01539755509359,24.402374330499814,1078.9205600666526,32.84692618901581,16.91836536313961,0.5167254738982523
2023-08-28,130.8089141845703,150.11322679426544,24.402374330499814,1078.9205600666526,32.84692618901581,16.91836536313961,0.5167254738982523
2023-08-29,134.48138427734375,150.24515322262712,24.402374330499814,1078.9205600666526,32.84692618901581,16.91836536313961,0.5167254738982523
2023-08-30,135.91065979003906,150.35905605916,24.402374330499814,1078.9205600666526,32.84692618901581,16.91836536313961,0.5167254738982523
2023-08-31,136.32752990722656,150.44905409801922,24.402374330499814,1078.9205600666526,32.84692618901581,16.91836536313961,0.5167254738982523
2023-09-01,135.7816162109375,150.50119532867956,24.402374330499814,1078.9205600666526,32.84692618901581,16.91836536313961,0.5167254738982523
2023-09-05,135.69229125976562,150.70431856275243,24.402374330499814,1078.9205600666526,32.84692618901581,16.91836536313961,0.5167254738982523
2023-09-06,134.3622589111328,150.80302002476824,24.402374330499814,1078.9205600666526,32.84692618901581,16.91836536313961,0.5167254738982523
2023-09-07,135.18606567382812,150.8742351371067,24.402374330499814,1078.9205600666526,32.84692618901581,16.91836536313961,0.5167254738982523
2023-09-08,136.1786346435547,150.90398752620428,24.402374330499814,1078.9205600666526,32.84692618901581,16.91836536313961,0.5167254738982523
2023-09-11,136.71461486816406,150.89845019253525,24.402374330499814,1078.9205600666526,32.84692618901581,16.91836536313961,0.5167254738982523
2023-09-12,135.05706787109375,150.98251500743842,24.402374330499814,1078.9205600666526,32.84692618901581,16.91836536313961,0.5167254738982523
2023-09-13,136.47640991210938,151.04200101139446,24.402374330499814,1078.9205600666526,32.84692618901581,16.91836536313961,0.5167254738982523
2023-09-14,137.955322265625,151.07124835041415,24.402374330499814,1078.9205600666526,32.84692618901581,16.91836536313961,0.5167254738982523
2023-09-15,137.27044677734375,151.05662374467053,24.402374330499814,1078.9205600666526,32.84692618901581,16.91836536313961,0.5167254738982523
2023-09-18,137.92555236816406,150.9078591295056,24.402374330499814,1078.9205600666526,32.84692618901581,16.91836536313961,0.5167254738982523
2023-09-19,137.79649353027344,150.94256517646838,24.402374330499814,1078.9205600666526,32.84692618901581,16.91836536313961,0.5167254738982523
2023-09-20,133.5880584716797,150.9528926912116,24.402374330499814,1078.9205600666526,32.84692618901581,16.91836536313961,0.5167254738982523
2023-09-21,130.3821258544922,150.93385406137958,24.402374330499814,1078.9205600666526,32.84692618901581,16.91836536313961,0.5167254738982523
2023-09-22,130.27293395996094,150.87252114618923,24.402374330499814,1078.9205600666526,32.84692618901581,16.91836536313961,0.5167254738982523
2023-09-25,131.18606567382812,150.6004107702298,24.402374330499814,1078.9205600666526,32.84692618901581,16.91836536313961,0.5167254738982523
2023-09-26,128.48631286621094,150.60203062739237,24.402374330499814,1078.9205600666526,32.84692618901581,16.91836536313961,0.5167254738982523
2023-09-27,130.4813690185547,150.58445467252287,24.402374330499814,1078.9205600666526,32.84692618901581,16.91836536313961,0.5167254738982523
2023-09-28,132.13894653320312,150.54333533532724,24.402374330499814,1078.9205600666526,32.84692618901581,16.91836536313961,0.5167254738982523
2023-09-29,130.86846923828125,150.46632301774105,24.402374330499814,1078.9205600666526,32.84692618901581,16.91836536313961,0.5167254738982523
2023-10-02,134.16375732421875,150.1901468434692,24.402374330499814,1078.9205600666526,32.84692618901581,16.91836536313961,0.5167254738982523
2023-10-03,132.30767822265625,150.2057604176334,24.402374330499814,1078.9205600666526,32.84692618901581,16.91836536313961,0.5167254738982523
2023-10-04,135.2555694580078,150.21007897881086,24.402374330499814,1078.9205600666526,32.84692618901581,16.91836536313961,0.5167254738982523
2023-10-05,134.97767639160156,150.19870189143737,24.402374330499814,1078.9205600666526,32.84692618901581,16.91836536313961,0.5167254738982523
2023-10-06,137.69725036621094,150.15909350891485,24.402374330499814,1078.9205600666526,32.84692618901581,16.91836536313961,0.5167254738982523
2023-10-09,138.4615020751953,150.0372319368813,24.402374330499814,1078.9205600666526,32.84692618901581,16.91836536313961,0.5167254738982523
2023-10-10,138.16375732421875,150.11638293168792,24.402374330499814,1078.9205600666526,32.84692618901581,16.91836536313961,0.5167254738982523
2023-10-11,140.64512634277344,150.1890232041568,24.402374330499814,1078.9205600666526,32.84692618901581,16.91836536313961,0.5167254738982523
2023-10-12,139.24560546875,150.24983731896586,24.402374330499814,1078.9205600666526,32.84692618901581,16.91836536313961,0.5167254738982523
2023-10-13,137.54835510253906,150.28529139743202,24.402374330499814,1078.9205600666526,32.84692618901581,16.91836536313961,0.5167254738982523
2023-10-16,139.44418334960938,150.39499325433462,24.402374330499814,1078.9205600666526,32.84692618901581,16.91836536313961,0.5167254738982523
2023-10-17,139.94041442871094,150.5496933470937,24.402374330499814,1078.9205600666526,32.84692618901581,16.91836536313961,0.5167254738982523
2023-10-18,138.24314880371094,150.69518435972327,24.402374330499814,1078.9205600666526,32.84692618901581,16.91836536313961,0.5167254738982523
2023-10-19,137.9453887939453,150.82507243193623,24.402374330499814,1078.9205600666526,32.84692618901581,16.91836536313961,0.5167254738982523
2023-10-20,135.72207641601562,150.92480895850642,24.402374330499814,1078.9205600666526,32.84692618901581,16.91836536313961,0.5167254738982523
2023-10-23,136.8734130859375,151.189846866511,24.402374330499814,1078.9205600666526,32.84692618901581,16.91836536313961,0.5167254738982523
2023-10-24,139.07688903808594,151.38148900110588,24.402374330499814,1078.9205600666526,32.84692618901581,16.91836536313961,0.5167254738982523
2023-10-25,125.72702026367188,151.55568313496133,24.402374330499814,1078.9205600666526,32.84692618901581,16.91836536313961,0.5167254738982523
2023-10-26,122.52107238769533,151.70577359805455,24.402374330499814,1078.9205600666526,32.84692618901581,16.91836536313961,0.5167254738982523
2023-10-27,122.48136901855467,151.81711291807034,24.402374330499814,1078.9205600666526,32.84692618901581,16.91836536313961,0.5167254738982523
2023-10-30,124.8138656616211,152.06683076831345,24.402374330499814,1078.9205600666526,32.84692618901581,16.91836536313961,0.5167254738982523
2023-10-31,124.3672332763672,152.23793614277255,24.402374330499814,1078.9205600666526,32.84692618901581,16.91836536313961,0.5167254738982523
2023-11-01,126.62032318115234,152.3848816387245,24.402374330499814,1078.9205600666526,32.84692618901581,16.91836536313961,0.5167254738982523
2023-11-02,127.6228256225586,152.501803450114,24.402374330499814,1078.9205600666526,32.84692618901581,16.91836536313961,0.5167254738982523
2023-11-03,129.39947509765625,152.57494840433094,24.402374330499814,1078.9205600666526,32.84692618901581,16.91836536313961,0.5167254738982523
2023-11-06,130.471435546875,152.6899649924538,24.402374330499814,1078.9205600666526,32.84692618901581,16.91836536313961,0.5167254738982523
2023-11-07,131.4143524169922,152.81301170000987,24.402374330499814,1078.9205600666526,32.84692618901581,16.91836536313961,0.5167254738982523
2023-11-08,132.26795959472656,152.91210984241587,24.402374330499814,1078.9205600666526,32.84692618901581,16.91836536313961,0.5167254738982523
2023-11-09,130.70965576171875,152.98242886206833,24.402374330499814,1078.9205600666526,32.84692618901581,16.91836536313961,0.5167254738982523
2023-11-10,133.06202697753906,153.01118887239892,24.402374330499814,1078.9205600666526,32.84692618901581,16.91836536313961,0.5167254738982523
2023-11-13,132.6451416015625,153.01475779337252,24.402374330499814,1078.9205600666526,32.84692618901581,16.91836536313961,0.5167254738982523
2023-11-14,134.42181396484375,153.11012461543686,24.402374330499814,1078.9205600666526,32.84692618901581,16.91836536313961,0.5167254738982523
2023-11-15,135.36476135253906,153.18706371023765,24.402374330499814,1078.9205600666526,32.84692618901581,16.91836536313961,0.5167254738982523
2023-11-16,137.66744995117188,153.24099872359923,24.402374330499814,1078.9205600666526,32.84692618901581,16.91836536313961,0.5167254738982523
2023-11-17,135.92056274414062,153.2592529779246,24.402374330499814,1078.9205600666526,32.84692618901581,16.91836536313961,0.5167254738982523
2023-11-20,136.8932647705078,153.26538212555462,24.402374330499814,1078.9205600666526,32.84692618901581,16.91836536313961,0.5167254738982523
2023-11-21,137.58804321289062,153.37187032417123,24.402374330499814,1078.9205600666526,32.84692618901581,16.91836536313961,0.5167254738982523
2023-11-22,138.97764587402344,153.46421171612548,24.402374330499814,1078.9205600666526,32.84692618901581,16.91836536313961,0.5167254738982523
2023-11-24,137.19107055664062,153.57731521411415,24.402374330499814,1078.9205600666526,32.84692618901581,16.91836536313961,0.5167254738982523
2023-11-27,137.02230834960938,153.65829750072922,24.402374330499814,1078.9205600666526,32.84692618901581,16.91836536313961,0.5167254738982523
2023-11-28,137.58804321289062,153.79002115582713,24.402374330499814,1078.9205600666526,32.84692618901581,16.91836536313961,0.5167254738982523
2023-11-29,135.3845672607422,153.90639573668778,24.402374330499814,1078.9205600666526,32.84692618901581,16.91836536313961,0.5167254738982523
2023-11-30,132.9230499267578,154.0014434896247,24.402374330499814,1078.9205600666526,32.84692618901581,16.91836536313961,0.5167254738982523
2023-12-01,132.32752990722656,154.0610842412971,24.402374330499814,1078.9205600666526,32.84692618901581,16.91836536313961,0.5167254738982523
2023-12-04,129.65756225585938,154.1797275528749,24.402374330499814,1078.9205600666526,32.84692618901581,16.91836536313961,0.5167254738982523
2023-12-05,131.40443420410156,154.31589891627692,24.402374330499814,1078.9205600666526,32.84692618901581,16.91836536313961,0.5167254738982523
2023-12-06,130.45156860351562,154.43239307270758,24.402374330499814,1078.9205600666526,32.84692618901581,16.91836536313961,0.5167254738982523
2023-12-07,137.41934204101562,154.523259467536,24.402374330499814,1078.9205600666526,32.84692618901581,16.91836536313961,0.5167254738982523
2023-12-08,135.622802734375,154.5745713595193,24.402374330499814,1078.9205600666526,32.84692618901581,16.91836536313961,0.5167254738982523
2023-12-11,133.697265625,154.64662381158948,24.402374330499814,1078.9205600666526,32.84692618901581,16.91836536313961,0.5167254738982523
2023-12-12,132.6451416015625,154.76166190084214,24.402374330499814,1078.9205600666526,32.84692618901581,16.91836536313961,0.5167254738982523
2023-12-13,132.97267150878906,154.85522218854362,24.402374330499814,1078.9205600666526,32.84692618901581,16.91836536313961,0.5167254738982523
2023-12-14,132.2084197998047,154.9220394522489,24.402374330499814,1078.9205600666526,32.84692618901581,16.91836536313961,0.5167254738982523
2023-12-15,132.8436279296875,154.94890198593228,24.402374330499814,1078.9205600666526,32.84692618901581,16.91836536313961,0.5167254738982523
2023-12-18,136.168701171875,154.9523775414108,24.402374330499814,1078.9205600666526,32.84692618901581,16.91836536313961,0.5167254738982523
2023-12-19,137.07196044921875,155.04840666139705,24.402374330499814,1078.9205600666526,32.84692618901581,16.91836536313961,0.5167254738982523
2023-12-20,138.62033081054688,155.12588228880017,24.402374330499814,1078.9205600666526,32.84692618901581,16.91836536313961,0.5167254738982523
2023-12-21,140.74440002441406,155.18002602916687,24.402374330499814,1078.9205600666526,32.84692618901581,16.91836536313961,0.5167254738982523
2023-12-22,141.6575469970703,155.1980188768831,24.402374330499814,1078.9205600666526,32.84692618901581,16.91836536313961,0.5167254738982523
2023-12-26,141.75680541992188,155.30416407128672,24.402374330499814,1078.9205600666526,32.84692618901581,16.91836536313961,0.5167254738982523
2023-12-27,140.38706970214844,155.3938515090462,24.402374330499814,1078.9205600666526,32.84692618901581,16.91836536313961,0.5167254738982523
2023-12-28,140.22828674316406,155.46404173910395,24.402374330499814,1078.9205600666526,32.84692618901581,16.91836536313961,0.5167254738982523
2023-12-29,139.88087463378906,155.5015406857985,24.402374330499814,1078.9205600666526,32.84692618901581,16.91836536313961,0.5167254738982523
2024-01-02,138.52108764648438,155.71000361015544,24.402374330499814,1078.9205600666526,32.84692618901581,16.91836536313961,0.5167254738982523
2024-01-03,139.3151092529297,155.82827987289946,24.402374330499814,1078.9205600666526,32.84692618901581,16.91836536313961,0.5167254738982523
2024-01-04,137.01235961914062,155.92693782976514,24.402374330499814,1078.9205600666526,32.84692618901581,16.91836536313961,0.5167254738982523
2024-01-05,136.3672332763672,155.99212201590677,24.402374330499814,1078.9205600666526,32.84692618901581,16.91836536313961,0.5167254738982523
2024-01-08,139.4838409423828,156.14070330931332,24.402374330499814,1078.9205600666526,32.84692618901581,16.91836536313961,0.5167254738982523
2024-01-09,141.4987335205078,156.29164138438588,24.402374330499814,1078.9205600666526,32.84692618901581,16.91836536313961,0.5167254738982523
2024-01-10,142.72950744628906,156.42534942066956,24.402374330499814,1078.9205600666526,32.84692618901581,16.91836536313961,0.5167254738982523
2024-01-11,142.60047912597656,156.53583139975436,24.402374330499814,1078.9205600666526,32.84692618901581,16.91836536313961,0.5167254738982523
2024-01-12,143.16622924804688,156.6090632202187,24.402374330499814,1078.9205600666526,32.84692618901581,16.91836536313961,0.5167254738982523
2024-01-16,143.00741577148438,156.9032424236873,24.402374330499814,1078.9205600666526,32.84692618901581,16.91836536313961,0.5167254738982523
2024-01-17,141.82626342773438,157.0271537514413,24.402374330499814,1078.9205600666526,32.84692618901581,16.91836536313961,0.5167254738982523
2024-01-18,143.91065979003906,157.12512947236806,24.402374330499814,1078.9205600666526,32.84692618901581,16.91836536313961,0.5167254738982523
2024-01-19,146.86843872070312,157.1836070921552,24.402374330499814,1078.9205600666526,32.84692618901581,16.91836536313961,0.5167254738982523
2024-01-22,146.6103973388672,157.28105035219906,24.402374330499814,1078.9205600666526,32.84692618901581,16.91836536313961,0.5167254738982523
2024-01-23,147.5731658935547,157.40691984551347,24.402374330499814,1078.9205600666526,32.84692618901581,16.91836536313961,0.5167254738982523
2024-01-24,149.2307586669922,157.51293286055366,24.402374330499814,1078.9205600666526,32.84692618901581,16.91836536313961,0.5167254738982523
2024-01-25,152.49624633789062,157.59400707170735,24.402374330499814,1078.9205600666526,32.84692618901581,16.91836536313961,0.5167254738982523
2024-01-26,152.6451416015625,157.63704922928514,24.402374330499814,1078.9205600666526,32.84692618901581,16.91836536313961,0.5167254738982523
2024-01-29,153.6873016357422,157.70070742034275,24.402374330499814,1078.9205600666526,32.84692618901581,16.91836536313961,0.5167254738982523
2024-01-30,151.91064453125,157.82033714631098,24.402374330499814,1078.9205600666526,32.84692618901581,16.91836536313961,0.5167254738982523
2024-01-31,140.74440002441406,157.9228240294921,24.402374330499814,1078.9205600666526,32.84692618901581,16.91836536313961,0.5167254738982523
2024-02-01,141.6476287841797,158.0030669058052,24.402374330499814,1078.9205600666526,32.84692618901581,16.91836536313961,0.5167254738982523
2024-02-02,142.47140502929688,158.0478599869758,24.402374330499814,1078.9205600666526,32.84692618901581,16.91836536313961,0.5167254738982523
2024-02-05,143.85108947753906,158.12982488511398,24.402374330499814,1078.9205600666526,32.84692618901581,16.91836536313961,0.5167254738982523
2024-02-06,144.3275146484375,158.25870996752766,24.402374330499814,1078.9205600666526,32.84692618901581,16.91836536313961,0.5167254738982523
2024-02-07,145.58804321289062,158.3712736564031,24.402374330499814,1078.9205600666526,32.84692618901581,16.91836536313961,0.5167254738982523
2024-02-08,146.12405395507812,158.46189486471704,24.402374330499814,1078.9205600666526,32.84692618901581,16.91836536313961,0.5167254738982523
2024-02-09,149.10169982910156,158.51682352497846,24.402374330499814,1078.9205600666526,32.84692618901581,16.91836536313961,0.5167254738982523
2024-02-12,147.622802734375,158.62225604263753,24.402374330499814,1078.9205600666526,32.84692618901581,16.91836536313961,0.5167254738982523
2024-02-13,145.28036499023438,158.75491805102234,24.402374330499814,1078.9205600666526,32.84692618901581,16.91836536313961,0.5167254738982523
2024-02-14,146.04466247558594,158.86846850864217,24.402374330499814,1078.9205600666526,32.84692618901581,16.91836536313961,0.5167254738982523
2024-02-15,142.86846923828125,158.95691314585295,24.402374330499814,1078.9205600666526,32.84692618901581,16.91836536313961,0.5167254738982523
2024-02-16,140.70468139648438,159.0062025926967,24.402374330499814,1078.9205600666526,32.84692618901581,16.91836536313961,0.5167254738982523
2024-02-20,141.1414031982422,159.18413791899346,24.402374330499814,1078.9205600666526,32.84692618901581,16.91836536313961,0.5167254738982523
2024-02-21,142.7692108154297,159.273314269492,24.402374330499814,1078.9205600666526,32.84692618901581,16.91836536313961,0.5167254738982523
2024-02-22,144.2382049560547,159.33400454507105,24.402374330499814,1078.9205600666526,32.84692618901581,16.91836536313961,0.5167254738982523
2024-02-23,144.20840454101562,159.35249099328948,24.402374330499814,1078.9205600666526,32.84692618901581,16.91836536313961,0.5167254738982523
2024-02-26,137.71710205078125,159.31224313251104,24.402374330499814,1078.9205600666526,32.84692618901581,16.91836536313961,0.5167254738982523
2024-02-27,139.0570526123047,159.38589030325065,24.402374330499814,1078.9205600666526,32.84692618901581,16.91836536313961,0.5167254738982523
2024-02-28,136.4069366455078,159.4363728416574,24.402374330499814,1078.9205600666526,32.84692618901581,16.91836536313961,0.5167254738982523
2024-02-29,138.7394256591797,159.4585753871211,24.402374330499814,1078.9205600666526,32.84692618901581,16.91836536313961,0.5167254738982523
2024-03-01,137.05209350585938,159.43941769265945,24.402374330499814,1078.9205600666526,32.84692618901581,16.91836536313961,0.5167254738982523
2024-03-04,133.20098876953125,159.29745302944818,24.402374330499814,1078.9205600666526,32.84692618901581,16.91836536313961,0.5167254738982523
2024-03-05,132.7841033935547,159.34282109684582,24.402374330499814,1078.9205600666526,32.84692618901581,16.91836536313961,0.5167254738982523
2024-03-06,131.57318115234375,159.3686601678279,24.402374330499814,1078.9205600666526,32.84692618901581,16.91836536313961,0.5167254738982523
2024-03-07,134.2332305908203,159.3702553569131,24.402374330499814,1078.9205600666526,32.84692618901581,16.91836536313961,0.5167254738982523
2024-03-08,135.275390625,159.3348546891776,24.402374330499814,1078.9205600666526,32.84692618901581,16.91836536313961,0.5167254738982523
2024-03-11,137.90570068359375,159.17245866141624,24.402374330499814,1078.9205600666526,32.84692618901581,16.91836536313961,0.5167254738982523
2024-03-12,138.5806121826172,159.22075056587124,24.402374330499814,1078.9205600666526,32.84692618901581,16.91836536313961,0.5167254738982523
2024-03-13,139.72207641601562,159.2543335357059,24.402374330499814,1078.9205600666526,32.84692618901581,16.91836536313961,0.5167254738982523
2024-03-14,143.26548767089844,159.26835235862688,24.402374330499814,1078.9205600666526,32.84692618901581,16.91836536313961,0.5167254738982523
2024-03-15,141.11163330078125,159.2498473727954,24.402374330499814,1078.9205600666526,32.84692618901581,16.91836536313961,0.5167254738982523
2024-03-18,147.37466430664062,159.16203629488473,24.402374330499814,1078.9205600666526,32.84692618901581,16.91836536313961,0.5167254738982523
2024-03-19,146.81883239746094,159.24195050647094,24.402374330499814,1078.9205600666526,32.84692618901581,16.91836536313961,0.5167254738982523
2024-03-20,148.5657196044922,159.30985142914682,24.402374330499814,1078.9205600666526,32.84692618901581,16.91836536313961,0.5167254738982523
2024-03-21,147.63272094726562,159.36044313427655,24.402374330499814,1078.9205600666526,32.84692618901581,16.91836536313961,0.5167254738982523
2024-03-22,150.64016723632812,159.380317808026,24.402374330499814,1078.9205600666526,32.84692618901581,16.91836536313961,0.5167254738982523
2024-03-25,150.02479553222656,159.41406137984183,24.402374330499814,1078.9205600666526,32.84692618901581,16.91836536313961,0.5167254738982523
2024-03-26,150.5706787109375,159.5352243489365,24.402374330499814,1078.9205600666526,32.84692618901581,16.91836536313961,0.5167254738982523
2024-03-27,150.80889892578125,159.6440881386794,24.402374330499814,1078.9205600666526,32.84692618901581,16.91836536313961,0.5167254738982523
2024-03-28,151.12652587890625,159.73500633711052,24.402374330499814,1078.9205600666526,32.84692618901581,16.91836536313961,0.5167254738982523
2024-04-01,155.33497619628906,159.93763419338308,24.402374330499814,1078.9205600666526,32.84692618901581,16.91836536313961,0.5167254738982523
2024-04-02,154.70962524414062,160.09176272911995,24.402374330499814,1078.9205600666526,32.84692618901581,16.91836536313961,0.5167254738982523
2024-04-03,155.20591735839844,160.23149374147405,24.402374330499814,1078.9205600666526,32.84692618901581,16.91836536313961,0.5167254738982523
2024-04-04,150.80889892578125,160.35103376150326,24.402374330499814,1078.9205600666526,32.84692618901581,16.91836536313961,0.5167254738982523
2024-04-05,152.79405212402344,160.43652900195332,24.402374330499814,1078.9205600666526,32.84692618901581,16.91836536313961,0.5167254738982523
2024-04-08,154.97764587402344,160.64343677030735,24.402374330499814,1078.9205600666526,32.84692618901581,16.91836536313961,0.5167254738982523
2024-04-09,156.96275329589844,160.81339958476812,24.402374330499814,1078.9205600666526,32.84692618901581,16.91836536313961,0.5167254738982523
2024-04-10,156.48634338378906,160.966189437209,24.402374330499814,1078.9205600666526,32.84692618901581,16.91836536313961,0.5167254738982523
2024-04-11,159.59300231933594,161.0959635688104,24.402374330499814,1078.9205600666526,32.84692618901581,16.91836536313961,0.5167254738982523
2024-04-12,158.0049285888672,161.18882764615404,24.402374330499814,1078.9205600666526,32.84692618901581,16.91836536313961,0.5167254738982523
2024-04-15,155.16622924804688,161.40039408736507,24.402374330499814,1078.9205600666526,32.84692618901581,16.91836536313961,0.5167254738982523
2024-04-16,154.8386993408203,161.56607050116966,24.402374330499814,1078.9205600666526,32.84692618901581,16.91836536313961,0.5167254738982523
2024-04-17,155.71214294433594,161.7116824548308,24.402374330499814,1078.9205600666526,32.84692618901581,16.91836536313961,0.5167254738982523
2024-04-18,156.28781127929688,161.83143440852075,24.402374330499814,1078.9205600666526,32.84692618901581,16.91836536313961,0.5167254738982523
2024-04-19,154.56077575683594,161.91150417095386,24.402374330499814,1078.9205600666526,32.84692618901581,16.91836536313961,0.5167254738982523
2024-04-22,156.77415466308594,162.06921856570006,24.402374330499814,1078.9205600666526,32.84692618901581,16.91836536313961,0.5167254738982523
2024-04-23,158.72950744628906,162.212342735797,24.402374330499814,1078.9205600666526,32.84692618901581,16.91836536313961,0.5167254738982523
2024-04-24,159.9007110595703,162.33346945114877,24.402374330499814,1078.9205600666526,32.84692618901581,16.91836536313961,0.5167254738982523
2024-04-25,156.77415466308594,162.42707993770182,24.402374330499814,1078.9205600666526,32.84692618901581,16.91836536313961,0.5167254738982523
2024-04-26,172.39697265625,162.47966553044478,24.402374330499814,1078.9205600666526,32.84692618901581,16.91836536313961,0.5167254738982523
2024-04-29,166.6501007080078,162.55050763877824,24.402374330499814,1078.9205600666526,32.84692618901581,16.91836536313961,0.5167254738982523
2024-04-30,163.41436767578125,162.66455208101192,24.402374330499814,1078.9205600666526,32.84692618901581,16.91836536313961,0.5167254738982523
2024-05-01,164.3374481201172,162.75726304407075,24.402374330499814,1078.9205600666526,32.84692618901581,16.91836536313961,0.5167254738982523
2024-05-02,167.20594787597656,162.8235716375436,24.402374330499814,1078.9205600666526,32.84692618901581,16.91836536313961,0.5167254738982523
2024-05-03,167.7319793701172,162.85041718962873,24.402374330499814,1078.9205600666526,32.84692618901581,16.91836536313961,0.5167254738982523
2024-05-06,168.5657196044922,162.85766228260013,24.402374330499814,1078.9205600666526,32.84692618901581,16.91836536313961,0.5167254738982523
2024-05-07,171.69227600097656,162.95632083728114,24.402374330499814,1078.9205600666526,32.84692618901581,16.91836536313961,0.5167254738982523
2024-05-08,169.88584899902344,163.0370814987474,24.402374330499814,1078.9205600666526,32.84692618901581,16.91836536313961,0.5167254738982523
2024-05-09,170.30271911621094,163.09510912397755,24.402374330499814,1078.9205600666526,32.84692618901581,16.91836536313961,0.5167254738982523
2024-05-10,169.02230834960938,163.11750950875566,24.402374330499814,1078.9205600666526,32.84692618901581,16.91836536313961,0.5167254738982523
2024-05-13,169.62774658203125,163.1349594780423,24.402374330499814,1078.9205600666526,32.84692618901581,16.91836536313961,0.5167254738982523
2024-05-14,170.65011596679688,163.24463348740832,24.402374330499814,1078.9205600666526,32.84692618901581,16.91836536313961,0.5167254738982523
2024-05-15,172.5855712890625,163.3398902722583,24.402374330499814,1078.9205600666526,32.84692618901581,16.91836536313961,0.5167254738982523
2024-05-16,174.12403869628906,163.41557526339992,24.402374330499814,1078.9205600666526,32.84692618901581,16.91836536313961,0.5167254738982523
2024-05-17,175.97019958496094,163.45839771804373,24.402374330499814,1078.9205600666526,32.84692618901581,16.91836536313961,0.5167254738982523
2024-05-20,177.13148498535156,163.5487320394334,24.402374330499814,1078.9205600666526,32.84692618901581,16.91836536313961,0.5167254738982523
2024-05-21,178.20346069335938,163.6846502565648,24.402374330499814,1078.9205600666526,32.84692618901581,16.91836536313961,0.5167254738982523
2024-05-22,176.67489624023438,163.80607285646053,24.402374330499814,1078.9205600666526,32.84692618901581,16.91836536313961,0.5167254738982523
2024-05-23,173.75677490234375,163.90718733986003,24.402374330499814,1078.9205600666526,32.84692618901581,16.91836536313961,0.5167254738982523
2024-05-24,175.017333984375,163.97404859389908,24.402374330499814,1078.9205600666526,32.84692618901581,16.91836536313961,0.5167254738982523
2024-05-28,176.6947784423828,164.27045620480135,24.402374330499814,1078.9205600666526,32.84692618901581,16.91836536313961,0.5167254738982523
2024-05-29,176.07936096191406,164.40035279502422,24.402374330499814,1078.9205600666526,32.84692618901581,16.91836536313961,0.5167254738982523
2024-05-30,172.26795959472656,164.505549235278,24.402374330499814,1078.9205600666526,32.84692618901581,16.91836536313961,0.5167254738982523
2024-05-31,172.66497802734375,164.57187937493808,24.402374330499814,1078.9205600666526,32.84692618901581,16.91836536313961,0.5167254738982523
2024-06-03,173.1215362548828,164.68996423567734,24.402374330499814,1078.9205600666526,32.84692618901581,16.91836536313961,0.5167254738982523
2024-06-04,173.82626342773438,164.819423866247,24.402374330499814,1078.9205600666526,32.84692618901581,16.91836536313961,0.5167254738982523
2024-06-05,175.75184631347656,164.9262565979884,24.402374330499814,1078.9205600666526,32.84692618901581,16.91836536313961,0.5167254738982523
2024-06-06,177.02230834960938,165.00477153420405,24.402374330499814,1078.9205600666526,32.84692618901581,16.91836536313961,0.5167254738982523
2024-06-07,174.64016723632812,165.04134115966713,24.402374330499814,1078.9205600666526,32.84692618901581,16.91836536313961,0.5167254738982523
2024-06-10,175.51461791992188,165.05827380276486,24.402374330499814,1078.9205600666526,32.84692618901581,16.91836536313961,0.5167254738982523
2024-06-11,177.0647735595703,165.15256616721476,24.402374330499814,1078.9205600666526,32.84692618901581,16.91836536313961,0.5167254738982523
2024-06-12,178.4261016845703,165.2248555101659,24.402374330499814,1078.9205600666526,32.84692618901581,16.91836536313961,0.5167254738982523
2024-06-13,175.62391662597656,165.27027951343268,24.402374330499814,1078.9205600666526,32.84692618901581,16.91836536313961,0.5167254738982523
2024-06-14,177.2436065673828,165.27602568040095,24.402374330499814,1078.9205600666526,32.84692618901581,16.91836536313961,0.5167254738982523
2024-06-17,177.65103149414062,165.2216462683782,24.402374330499814,1078.9205600666526,32.84692618901581,16.91836536313961,0.5167254738982523
2024-06-18,175.3357391357422,165.30141602975988,24.402374330499814,1078.9205600666526,32.84692618901581,16.91836536313961,0.5167254738982523
2024-06-20,176.58779907226562,165.40696956338937,24.402374330499814,1078.9205600666526,32.84692618901581,16.91836536313961,0.5167254738982523
2024-06-21,179.12167358398438,165.41569965459107,24.402374330499814,1078.9205600666526,32.84692618901581,16.91836536313961,0.5167254738982523
2024-06-24,179.64833068847656,165.40761629542087,24.402374330499814,1078.9205600666526,32.84692618901581,16.91836536313961,0.5167254738982523
2024-06-25,184.40809631347656,165.5148091386099,24.402374330499814,1078.9205600666526,32.84692618901581,16.91836536313961,0.5167254738982523
2024-06-26,184.1994171142578,165.61095184195074,24.402374330499814,1078.9205600666526,32.84692618901581,16.91836536313961,0.5167254738982523
2024-06-27,185.67999267578125,165.6910451259075,24.402374330499814,1078.9205600666526,32.84692618901581,16.91836536313961,0.5167254738982523
2024-06-28,182.26173400878903,165.7419140284488,24.402374330499814,1078.9205600666526,32.84692618901581,16.91836536313961,0.5167254738982523
2024-07-01,183.32498168945312,165.8787806713081,24.402374330499814,1078.9205600666526,32.84692618901581,16.91836536313961,0.5167254738982523
2024-07-02,185.43157958984372,166.03767091923572,24.402374330499814,1078.9205600666526,32.84692618901581,16.91836536313961,0.5167254738982523
2024-07-03,186.2066650390625,166.1857054238369,24.402374330499814,1078.9205600666526,32.84692618901581,16.91836536313961,0.5167254738982523
2024-07-05,190.74778747558597,166.4173844175022,24.402374330499814,1078.9205600666526,32.84692618901581,16.91836536313961,0.5167254738982523
2024-07-08,189.2771453857422,166.68474327856634,24.402374330499814,1078.9205600666526,32.84692618901581,16.91836536313961,0.5167254738982523
2024-07-09,189.2373962402344,166.87859951110235,24.402374330499814,1078.9205600666526,32.84692618901581,16.91836536313961,0.5167254738982523
2024-07-10,191.44337463378903,167.05630510266815,24.402374330499814,1078.9205600666526,32.84692618901581,16.91836536313961,0.5167254738982523
2024-07-11,186.1172332763672,167.21147933720394,24.402374330499814,1078.9205600666526,32.84692618901581,16.91836536313961,0.5167254738982523
2024-07-12,185.6005096435547,167.32969420869853,24.402374330499814,1078.9205600666526,32.84692618901581,16.91836536313961,0.5167254738982523
2024-07-15,187.00161743164065,167.61206424049902,24.402374330499814,1078.9205600666526,32.84692618901581,16.91836536313961,0.5167254738982523
2024-07-16,184.3285980224609,167.7981615657046,24.402374330499814,1078.9205600666526,32.84692618901581,16.91836536313961,0.5167254738982523
2024-07-17,181.4667816162109,167.96203609166164,24.402374330499814,1078.9205600666526,32.84692618901581,16.91836536313961,0.5167254738982523
2024-07-18,178.0882568359375,168.0976553961355,24.402374330499814,1078.9205600666526,32.84692618901581,16.91836536313961,0.5167254738982523
2024-07-19,178.2572021484375,168.19103556348924,24.402374330499814,1078.9205600666526,32.84692618901581,16.91836536313961,0.5167254738982523
2024-07-22,182.19216918945312,168.37284647462585,24.402374330499814,1078.9205600666526,32.84692618901581,16.91836536313961,0.5167254738982523
2024-07-23,182.44061279296875,168.51891116033661,24.402374330499814,1078.9205600666526,32.84692618901581,16.91836536313961,0.5167254738982523
2024-07-24,173.2688751220703,168.6406792292916,24.402374330499814,1078.9205600666526,32.84692618901581,16.91836536313961,0.5167254738982523
2024-07-25,168.09178161621094,168.73285361438045,24.402374330499814,1078.9205600666526,32.84692618901581,16.91836536313961,0.5167254738982523
2024-07-26,167.61480712890625,168.78218175033047,24.402374330499814,1078.9205600666526,32.84692618901581,16.91836536313961,0.5167254738982523
2024-07-29,170.0493621826172,168.83515399070237,24.402374330499814,1078.9205600666526,32.84692618901581,16.91836536313961,0.5167254738982523
2024-07-30,170.7747344970703,168.94149361589973,24.402374330499814,1078.9205600666526,32.84692618901581,16.91836536313961,0.5167254738982523
2024-07-31,172.05657958984375,169.02606599182155,24.402374330499814,1078.9205600666526,32.84692618901581,16.91836536313961,0.5167254738982523
2024-08-01,171.36099243164062,169.0840248255319,24.402374330499814,1078.9205600666526,32.84692618901581,16.91836536313961,0.5167254738982523
2024-08-02,167.33657836914062,169.102493334415,24.402374330499814,1078.9205600666526,32.84692618901581,16.91836536313961,0.5167254738982523
2024-08-05,159.62559509277344,169.0856016552015,24.402374330499814,1078.9205600666526,32.84692618901581,16.91836536313961,0.5167254738982523
2024-08-06,159.5261993408203,169.1766911225776,24.402374330499814,1078.9205600666526,32.84692618901581,16.91836536313961,0.5167254738982523
2024-08-07,159.73487854003906,169.25007588371278,24.402374330499814,1078.9205600666526,32.84692618901581,16.91836536313961,0.5167254738982523
2024-08-08,162.80535888671875,169.30083066180487,24.402374330499814,1078.9205600666526,32.84692618901581,16.91836536313961,0.5167254738982523
2024-08-09,164.34559631347656,169.3159374710757,24.402374330499814,1078.9205600666526,32.84692618901581,16.91836536313961,0.5167254738982523
2024-08-12,162.9146728515625,169.30981654701483,24.402374330499814,1078.9205600666526,32.84692618901581,16.91836536313961,0.5167254738982523
2024-08-13,164.8821563720703,169.41050638842032,24.402374330499814,1078.9205600666526,32.84692618901581,16.91836536313961,0.5167254738982523
2024-08-14,161.0067901611328,169.49594818723915,24.402374330499814,1078.9205600666526,32.84692618901581,16.91836536313961,0.5167254738982523
2024-08-15,162.13961791992188,169.560856887935,24.402374330499814,1078.9205600666526,32.84692618901581,16.91836536313961,0.5167254738982523
2024-08-16,163.69970703125,169.59184394284725,24.402374330499814,1078.9205600666526,32.84692618901581,16.91836536313961,0.5167254738982523
2024-08-19,167.33657836914062,169.63997699497997,24.402374330499814,1078.9205600666526,32.84692618901581,16.91836536313961,0.5167254738982523
2024-08-20,167.89303588867188,169.7597280204043,24.402374330499814,1078.9205600666526,32.84692618901581,16.91836536313961,0.5167254738982523
2024-08-21,166.57144165039062,169.86412820302442,24.402374330499814,1078.9205600666526,32.84692618901581,16.91836536313961,0.5167254738982523
2024-08-22,164.44497680664062,169.9475568582377,24.402374330499814,1078.9205600666526,32.84692618901581,16.91836536313961,0.5167254738982523
2024-08-23,166.37271118164062,169.996304573379,24.402374330499814,1078.9205600666526,32.84692618901581,16.91836536313961,0.5167254738982523
2024-08-26,166.86952209472656,170.09018682603437,24.402374330499814,1078.9205600666526,32.84692618901581,16.91836536313961,0.5167254738982523
2024-08-27,165.32936096191406,170.22176125359294,24.402374330499814,1078.9205600666526,32.84692618901581,16.91836536313961,0.5167254738982523
2024-08-28,163.4612274169922,170.33585139344984,24.402374330499814,1078.9205600666526,32.84692618901581,16.91836536313961,0.5167254738982523
2024-08-29,162.36813354492188,170.42660625064514,24.402374330499814,1078.9205600666526,32.84692618901581,16.91836536313961,0.5167254738982523
2024-08-30,164.06736755371094,170.48010065969157,24.402374330499814,1078.9205600666526,32.84692618901581,16.91836536313961,0.5167254738982523
2024-09-03,157.60841369628906,170.694986112142,24.402374330499814,1078.9205600666526,32.84692618901581,16.91836536313961,0.5167254738982523
2024-09-04,156.81346130371094,170.79826376791064,24.402374330499814,1078.9205600666526,32.84692618901581,16.91836536313961,0.5167254738982523
2024-09-05,157.59848022460938,170.8747045615865,24.402374330499814,1078.9205600666526,32.84692618901581,16.91836536313961,0.5167254738982523
2024-09-06,151.16932678222656,170.91031518475856,24.402374330499814,1078.9205600666526,32.84692618901581,16.91836536313961,0.5167254738982523
2024-09-09,148.79127502441406,170.92582881064274,24.402374330499814,1078.9205600666526,32.84692618901581,16.91836536313961,0.5167254738982523
2024-09-10,149.25892639160156,171.01790864138397,24.402374330499814,1078.9205600666526,32.84692618901581,16.91836536313961,0.5167254738982523
2024-09-11,151.38821411132812,171.08579972536103,24.402374330499814,1078.9205600666526,32.84692618901581,16.91836536313961,0.5167254738982523
2024-09-12,154.76124572753906,171.12375947720835,24.402374330499814,1078.9205600666526,32.84692618901581,16.91836536313961,0.5167254738982523
2024-09-13,157.5770721435547,171.11806067363534,24.402374330499814,1078.9205600666526,32.84692618901581,16.91836536313961,0.5167254738982523
2024-09-16,158.1939697265625,170.99626222590717,24.402374330499814,1078.9205600666526,32.84692618901581,16.91836536313961,0.5167254738982523
2024-09-17,159.47750854492188,171.03961366580418,24.402374330499814,1078.9205600666526,32.84692618901581,16.91836536313961,0.5167254738982523
2024-09-18,160.00486755371094,171.0581962110388,24.402374330499814,1078.9205600666526,32.84692618901581,16.91836536313961,0.5167254738982523
2024-09-19,162.42269897460938,171.0468858773376,24.402374330499814,1078.9205600666526,32.84692618901581,16.91836536313961,0.5167254738982523
2024-09-20,163.815673828125,170.99261798369795,24.402374330499814,1078.9205600666526,32.84692618901581,16.91836536313961,0.5167254738982523
2024-09-23,162.2535400390625,170.73641059087953,24.402374330499814,1078.9205600666526,32.84692618901581,16.91836536313961,0.5167254738982523
2024-09-24,162.82069396972656,170.7411670009229,24.402374330499814,1078.9205600666526,32.84692618901581,16.91836536313961,0.5167254738982523
2024-09-25,162.17393493652344,170.72547346984118,24.402374330499814,1078.9205600666526,32.84692618901581,16.91836536313961,0.5167254738982523
2024-09-26,163.0097198486328,170.68490190668916,24.402374330499814,1078.9205600666526,32.84692618901581,16.91836536313961,0.5167254738982523
2024-09-27,164.46243286132812,170.60704072188923,24.402374330499814,1078.9205600666526,32.84692618901581,16.91836536313961,0.5167254738982523
2024-09-30,166.35292053222656,170.31963798908598,24.402374330499814,1078.9205600666526,32.84692618901581,16.91836536313961,0.5167254738982523
2024-10-01,167.57675170898438,170.32863301861133,24.402374330499814,1078.9205600666526,32.84692618901581,16.91836536313961,0.5167254738982523
2024-10-02,166.47232055664062,170.32496493029979,24.402374330499814,1078.9205600666526,32.84692618901581,16.91836536313961,0.5167254738982523
2024-10-03,166.37283325195312,170.30431253675854,24.402374330499814,1078.9205600666526,32.84692618901581,16.91836536313961,0.5167254738982523
2024-10-04,167.71603393554688,170.25424386809527,24.402374330499814,1078.9205600666526,32.84692618901581,16.91836536313961,0.5167254738982523
2024-10-07,163.5669403076172,170.09526188550115,24.402374330499814,1078.9205600666526,32.84692618901581,16.91836536313961,0.5167254738982523
2024-10-08,164.87037658691406,170.16067929362933,24.402374330499814,1078.9205600666526,32.84692618901581,16.91836536313961,0.5167254738982523
2024-10-09,162.24359130859375,170.21922089023715,24.402374330499814,1078.9205600666526,32.84692618901581,16.91836536313961,0.5167254738982523
2024-10-10,162.36297607421875,170.265776282794,24.402374330499814,1078.9205600666526,32.84692618901581,16.91836536313961,0.5167254738982523
2024-10-11,163.69627380371094,170.28702205338269,24.402374330499814,1078.9205600666526,32.84692618901581,16.91836536313961,0.5167254738982523
2024-10-14,165.5171356201172,170.35650079837535,24.402374330499814,1078.9205600666526,32.84692618901581,16.91836536313961,0.5167254738982523
2024-10-15,166.06436157226562,170.49926238456666,24.402374330499814,1078.9205600666526,32.84692618901581,16.91836536313961,0.5167254738982523
2024-10-16,165.90518188476562,170.63385378826632,24.402374330499814,1078.9205600666526,32.84692618901581,16.91836536313961,0.5167254738982523
2024-10-17,163.6863250732422,170.75403762269238,24.402374330499814,1078.9205600666526,32.84692618901581,16.91836536313961,0.5167254738982523
2024-10-18,164.2236328125,170.84539953381375,24.402374330499814,1078.9205600666526,32.84692618901581,16.91836536313961,0.5167254738982523
2024-10-21,164.96987915039062,171.0942439320182,24.402374330499814,1078.9205600666526,32.84692618901581,16.91836536313961,0.5167254738982523
2024-10-22,165.98477172851562,171.2836389428218,24.402374330499814,1078.9205600666526,32.84692618901581,16.91836536313961,0.5167254738982523
2024-10-23,163.65647888183594,171.45717258690507,24.402374330499814,1078.9205600666526,32.84692618901581,16.91836536313961,0.5167254738982523
2024-10-24,163.7062225341797,171.60815008920926,24.402374330499814,1078.9205600666526,32.84692618901581,16.91836536313961,0.5167254738982523
2024-10-25,166.15390014648438,171.7218552676587,24.402374330499814,1078.9205600666526,32.84692618901581,16.91836536313961,0.5167254738982523
2024-10-28,167.49717712402344,171.98645043730764,24.402374330499814,1078.9205600666526,32.84692618901581,16.91836536313961,0.5167254738982523
2024-10-29,170.2831268310547,172.16462676207752,24.402374330499814,1078.9205600666526,32.84692618901581,16.91836536313961,0.5167254738982523
2024-10-30,175.25808715820312,172.31941156753558,24.402374330499814,1078.9205600666526,32.84692618901581,16.91836536313961,0.5167254738982523
2024-10-31,171.8253936767578,172.44474858556615,24.402374330499814,1078.9205600666526,32.84692618901581,16.91836536313961,0.5167254738982523
2024-11-01,171.78558349609375,172.5266849418067,24.402374330499814,1078.9205600666526,32.84692618901581,16.91836536313961,0.5167254738982523
2024-11-04,169.825439453125,172.66832313825026,24.402374330499814,1078.9205600666526,32.84692618901581,16.91836536313961,0.5167254738982523
2024-11-05,170.55177307128906,172.7996837251011,24.402374330499814,1078.9205600666526,32.84692618901581,16.91836536313961,0.5167254738982523
2024-11-06,177.43714904785156,172.90652333681754,24.402374330499814,1078.9205600666526,32.84692618901581,16.91836536313961,0.5167254738982523
2024-11-07,181.3673553466797,172.9838614584181,24.402374330499814,1078.9205600666526,32.84692618901581,16.91836536313961,0.5167254738982523
2024-11-08,178.95945739746094,173.01878991516034,24.402374330499814,1078.9205600666526,32.84692618901581,16.91836536313961,0.5167254738982523
2024-11-11,181.05889892578125,173.03485325646477,24.402374330499814,1078.9205600666526,32.84692618901581,16.91836536313961,0.5167254738982523
2024-11-12,182.4021759033203,173.13221517120792,24.402374330499814,1078.9205600666526,32.84692618901581,16.91836536313961,0.5167254738982523
2024-11-13,179.58633422851562,173.2100518646554,24.402374330499814,1078.9205600666526,32.84692618901581,16.91836536313961,0.5167254738982523
2024-11-14,176.46205139160156,173.26382103759673,24.402374330499814,1078.9205600666526,32.84692618901581,16.91836536313961,0.5167254738982523
2024-11-15,173.01937866210938,173.28090613684586,24.402374330499814,1078.9205600666526,32.84692618901581,16.91836536313961,0.5167254738982523
2024-11-18,175.91481018066406,173.27845277312758,24.402374330499814,1078.9205600666526,32.84692618901581,16.91836536313961,0.5167254738982523
2024-11-19,178.68087768554688,173.38079711121503,24.402374330499814,1078.9205600666526,32.84692618901581,16.91836536313961,0.5167254738982523
2024-11-20,176.44216918945312,173.46859189061786,24.402374330499814,1078.9205600666526,32.84692618901581,16.91836536313961,0.5167254738982523
2024-11-21,168.3926544189453,173.53675201383078,24.402374330499814,1078.9205600666526,32.84692618901581,16.91836536313961,0.5167254738982523
2024-11-22,165.7360382080078,173.5720186218074,24.402374330499814,1078.9205600666526,32.84692618901581,16.91836536313961,0.5167254738982523
2024-11-25,168.58169555664062,173.6393429882167,24.402374330499814,1078.9205600666526,32.84692618901581,16.91836536313961,0.5167254738982523
2024-11-26,169.76573181152344,173.76730764585525,24.402374330499814,1078.9205600666526,32.84692618901581,16.91836536313961,0.5167254738982523
2024-11-27,169.96475219726562,173.88051642229547,24.402374330499814,1078.9205600666526,32.84692618901581,16.91836536313961,0.5167254738982523
2024-11-29,169.63641357421875,174.0309925507174,24.402374330499814,1078.9205600666526,32.84692618901581,16.91836536313961,0.5167254738982523
2024-12-02,172.11390686035156,174.14929397105757,24.402374330499814,1078.9205600666526,32.84692618901581,16.91836536313961,0.5167254738982523
2024-12-03,172.1537322998047,174.28695857483018,24.402374330499814,1078.9205600666526,32.84692618901581,16.91836536313961,0.5167254738982523
2024-12-04,175.20834350585938,174.40568625581508,24.402374330499814,1078.9205600666526,32.84692618901581,16.91836536313961,0.5167254738982523
2024-12-05,173.437255859375,174.49945578513854,24.402374330499814,1078.9205600666526,32.84692618901581,16.91836536313961,0.5167254738982523
2024-12-06,175.60635375976562,174.55425080286284,24.402374330499814,1078.9205600666526,32.84692618901581,16.91836536313961,0.5167254738982523
2024-12-09,176.4132080078125,174.63911193405195,24.402374330499814,1078.9205600666526,32.84692618901581,16.91836536313961,0.5167254738982523
2024-12-10,185.8066253662109,174.75878091889408,24.402374330499814,1078.9205600666526,32.84692618901581,16.91836536313961,0.5167254738982523
2024-12-11,195.94715881347656,174.85692719942273,24.402374330499814,1078.9205600666526,32.84692618901581,16.91836536313961,0.5167254738982523
2024-12-12,192.8791046142578,174.92815035592588,24.402374330499814,1078.9205600666526,32.84692618901581,16.91836536313961,0.5167254738982523
2024-12-13,190.6378326416016,174.95910884182848,24.402374330499814,1078.9205600666526,32.84692618901581,16.91836536313961,0.5167254738982523
2024-12-16,197.3915557861328,174.97186703661922,24.402374330499814,1078.9205600666526,32.84692618901581,16.91836536313961,0.5167254738982523
2024-12-17,196.3555603027344,175.0696788096621,24.402374330499814,1078.9205600666526,32.84692618901581,16.91836536313961,0.5167254738982523
2024-12-18,189.41259765625,175.14817096153433,24.402374330499814,1078.9205600666526,32.84692618901581,16.91836536313961,0.5167254738982523
2024-12-19,188.9643402099609,175.20252932432876,24.402374330499814,1078.9205600666526,32.84692618901581,16.91836536313961,0.5167254738982523
2024-12-20,192.2117156982422,175.21992081650035,24.402374330499814,1078.9205600666526,32.84692618901581,16.91836536313961,0.5167254738982523
2024-12-23,195.22994995117188,175.21542016237734,24.402374330499814,1078.9205600666526,32.84692618901581,16.91836536313961,0.5167254738982523
2024-12-24,196.8038330078125,175.3159735030008,24.402374330499814,1078.9205600666526,32.84692618901581,16.91836536313961,0.5167254738982523
2024-12-26,196.3356475830078,175.46707355244033,24.402374330499814,1078.9205600666526,32.84692618901581,16.91836536313961,0.5167254738982523
2024-12-27,193.2875213623047,175.49958430855045,24.402374330499814,1078.9205600666526,32.84692618901581,16.91836536313961,0.5167254738982523
2024-12-30,191.9427490234375,175.55996536802206,24.402374330499814,1078.9205600666526,32.84692618901581,16.91836536313961,0.5167254738982523
2024-12-31,189.70147705078125,175.68693153803451,24.402374330499814,1078.9205600666526,32.84692618901581,16.91836536313961,0.5167254738982523
2025-01-02,189.89073181152344,175.89433983370517,24.402374330499814,1078.9205600666526,32.84692618901581,16.91836536313961,0.5167254738982523
2025-01-03,192.3810272216797,175.95541135767039,24.402374330499814,1078.9205600666526,32.84692618901581,16.91836536313961,0.5167254738982523
2025-01-06,197.19232177734372,176.09523747507296,24.402374330499814,1078.9205600666526,32.84692618901581,16.91836536313961,0.5167254738982523
2025-01-07,195.94715881347656,176.24462536956847,24.402374330499814,1078.9205600666526,32.84692618901581,16.91836536313961,0.5167254738982523
2025-01-08,194.6322784423828,176.37750699876582,24.402374330499814,1078.9205600666526,32.84692618901581,16.91836536313961,0.5167254738982523
2025-01-10,192.4208831787109,176.561698127835,24.402374330499814,1078.9205600666526,32.84692618901581,16.91836536313961,0.5167254738982523
2025-01-13,191.54429626464844,176.71703785411106,24.402374330499814,1078.9205600666526,32.84692618901581,16.91836536313961,0.5167254738982523
2025-01-14,190.30911254882807,176.86406294061578,24.402374330499814,1078.9205600666526,32.84692618901581,16.91836536313961,0.5167254738982523
2025-01-15,196.2161102294922,176.99108563190902,24.402374330499814,1078.9205600666526,32.84692618901581,16.91836536313961,0.5167254738982523
2025-01-16,193.6560821533203,177.0924050965499,24.402374330499814,1078.9205600666526,32.84692618901581,16.91836536313961,0.5167254738982523
2025-01-17,196.78390502929688,177.15435250069638,24.402374330499814,1078.9205600666526,32.84692618901581,16.91836536313961,0.5167254738982523
2025-01-21,198.85585021972656,177.39072597347166,24.402374330499814,1078.9205600666526,32.84692618901581,16.91836536313961,0.5167254738982523
2025-01-22,199.2543029785156,177.49933375205043,24.402374330499814,1078.9205600666526,32.84692618901581,16.91836536313961,0.5167254738982523
2025-01-23,198.8060302734375,177.58258479648208,24.402374330499814,1078.9205600666526,32.84692618901581,16.91836536313961,0.5167254738982523
2025-01-24,201.11703491210935,177.6273354375658,24.402374330499814,1078.9205600666526,32.84692618901581,16.91836536313961,0.5167254738982523
2025-01-27,193.01856994628903,177.69305797204615,24.402374330499814,1078.9205600666526,32.84692618901581,16.91836536313961,0.5167254738982523
2025-01-28,196.30577087402344,177.81236017895077,24.402374330499814,1078.9205600666526,32.84692618901581,16.91836536313961,0.5167254738982523
2025-01-29,196.4153289794922,177.9140579376938,24.402374330499814,1078.9205600666526,32.84692618901581,16.91836536313961,0.5167254738982523
2025-01-30,201.8442230224609,177.99310250793806,24.402374330499814,1078.9205600666526,32.84692618901581,16.91836536313961,0.5167254738982523
2025-01-31,204.80270385742188,178.03635504505215,24.402374330499814,1078.9205600666526,32.84692618901581,16.91836536313961,0.5167254738982523
2025-02-03,201.85415649414065,178.11248895178267,24.402374330499814,1078.9205600666526,32.84692618901581,16.91836536313961,0.5167254738982523
2025-02-04,206.9044952392578,178.23934955720412,24.402374330499814,1078.9205600666526,32.84692618901581,16.91836536313961,0.5167254738982523
2025-02-05,192.5503845214844,178.3500203498648,24.402374330499814,1078.9205600666526,32.84692618901581,16.91836536313961,0.5167254738982523
2025-02-06,192.5603485107422,178.4389838227538,24.402374330499814,1078.9205600666526,32.84692618901581,16.91836536313961,0.5167254738982523
2025-02-07,186.4142608642578,178.4925896456684,24.402374330499814,1078.9205600666526,32.84692618901581,16.91836536313961,0.5167254738982523
2025-02-10,187.47015380859372,178.59694512696765,24.402374330499814,1078.9205600666526,32.84692618901581,16.91836536313961,0.5167254738982523
2025-02-11,186.3445587158203,178.73045044185199,24.402374330499814,1078.9205600666526,32.84692618901581,16.91836536313961,0.5167254738982523
2025-02-12,184.7108917236328,178.84552972320463,24.402374330499814,1078.9205600666526,32.84692618901581,16.91836536313961,0.5167254738982523
2025-02-13,187.15139770507807,178.93621515554062,24.402374330499814,1078.9205600666526,32.84692618901581,16.91836536313961,0.5167254738982523
2025-02-14,186.1453094482422,178.98846635256263,24.402374330499814,1078.9205600666526,32.84692618901581,16.91836536313961,0.5167254738982523
2025-02-18,185.07948303222656,179.1850184843775,24.402374330499814,1078.9205600666526,32.84692618901581,16.91836536313961,0.5167254738982523
2025-02-19,186.40431213378903,179.2802841679638,24.402374330499814,1078.9205600666526,32.84692618901581,16.91836536313961,0.5167254738982523
2025-02-20,185.91622924804688,179.34748246142414,24.402374330499814,1078.9205600666526,32.84692618901581,16.91836536313961,0.5167254738982523
2025-02-21,180.87583923339844,179.37279650730855,24.402374330499814,1078.9205600666526,32.84692618901581,16.91836536313961,0.5167254738982523
2025-02-24,180.4873504638672,179.35384104758182,24.402374330499814,1078.9205600666526,32.84692618901581,16.91836536313961,0.5167254738982523
2025-02-25,176.6821746826172,179.43446513716276,24.402374330499814,1078.9205600666526,32.84692618901581,16.91836536313961,0.5167254738982523
2025-02-26,174.02252197265625,179.49166772412775,24.402374330499814,1078.9205600666526,32.84692618901581,16.91836536313961,0.5167254738982523
2025-02-27,169.54994201660156,179.5202200785204,24.402374330499814,1078.9205600666526,32.84692618901581,16.91836536313961,0.5167254738982523
2025-02-28,171.55213928222656,179.50693504291576,24.402374330499814,1078.9205600666526,32.84692618901581,16.91836536313961,0.5167254738982523
2025-03-03,168.00595092773438,179.37879702815022,24.402374330499814,1078.9205600666526,32.84692618901581,16.91836536313961,0.5167254738982523
2025-03-04,171.94061279296875,179.42725959893028,24.402374330499814,1078.9205600666526,32.84692618901581,16.91836536313961,0.5167254738982523
2025-03-05,174.31141662597656,179.45534459421646,24.402374330499814,1078.9205600666526,32.84692618901581,16.91836536313961,0.5167254738982523
2025-03-06,173.534423828125,179.45830434103752,24.402374330499814,1078.9205600666526,32.84692618901581,16.91836536313961,0.5167254738982523
2025-03-07,175.0684356689453,179.42336922769027,24.402374330499814,1078.9205600666526,32.84692618901581,16.91836536313961,0.5167254738982523
2025-03-10,167.3496551513672,179.25702115822614,24.402374330499814,1078.9205600666526,32.84692618901581,16.91836536313961,0.5167254738982523
2025-03-11,165.52468872070312,179.30229695807606,24.402374330499814,1078.9205600666526,32.84692618901581,16.91836536313961,0.5167254738982523
2025-03-12,168.5364227294922,179.33208730948132,24.402374330499814,1078.9205600666526,32.84692618901581,16.91836536313961,0.5167254738982523
2025-03-13,164.2781219482422,179.34159632748174,24.402374330499814,1078.9205600666526,32.84692618901581,16.91836536313961,0.5167254738982523
2025-03-14,167.16018676757812,179.31793186412742,24.402374330499814,1078.9205600666526,32.84692618901581,16.91836536313961,0.5167254738982523
2025-03-17,166.1130828857422,179.21150599775487,24.402374330499814,1078.9205600666526,32.84692618901581,16.91836536313961,0.5167254738982523
2025-03-18,162.22378540039062,179.28444043746063,24.402374330499814,1078.9205600666526,32.84692618901581,16.91836536313961,0.5167254738982523
2025-03-19,165.82388305664062,179.34511202868316,24.402374330499814,1078.9205600666526,32.84692618901581,16.91836536313961,0.5167254738982523
2025-03-20,164.5972442626953,179.38830592428363,24.402374330499814,1078.9205600666526,32.84692618901581,16.91836536313961,0.5167254738982523
2025-03-21,165.7939453125,179.4006924808844,24.402374330499814,1078.9205600666526,32.84692618901581,16.91836536313961,0.5167254738982523
2025-03-24,169.4638671875,179.41214743471446,24.402374330499814,1078.9205600666526,32.84692618901581,16.91836536313961,0.5167254738982523
2025-03-25,172.31600952148438,179.52615246220734,24.402374330499814,1078.9205600666526,32.84692618901581,16.91836536313961,0.5167254738982523
2025-03-26,166.6815185546875,179.62808615238458,24.402374330499814,1078.9205600666526,32.84692618901581,16.91836536313961,0.5167254738982523
2025-03-27,163.62991333007812,179.71234839241143,24.402374330499814,1078.9205600666526,32.84692618901581,16.91836536313961,0.5167254738982523
2025-03-28,155.63189697265625,179.76525176016565,24.402374330499814,1078.9205600666526,32.84692618901581,16.91836536313961,0.5167254738982523
2025-03-31,155.8014373779297,179.89182571904078,24.402374330499814,1078.9205600666526,32.84692618901581,16.91836536313961,0.5167254738982523
2025-04-01,158.44418334960938,180.04117550482889,24.402374330499814,1078.9205600666526,32.84692618901581,16.91836536313961,0.5167254738982523
2025-04-02,158.42422485351562,180.17657360848952,24.402374330499814,1078.9205600666526,32.84692618901581,16.91836536313961,0.5167254738982523
2025-04-03,152.21131896972656,180.29224233658982,24.402374330499814,1078.9205600666526,32.84692618901581,16.91836536313961,0.5167254738982523
2025-04-04,147.33473205566406,180.37434145233502,24.402374330499814,1078.9205600666526,32.84692618901581,16.91836536313961,0.5167254738982523
2025-04-07,148.8306121826172,180.57402193913552,24.402374330499814,1078.9205600666526,32.84692618901581,16.91836536313961,0.5167254738982523
2025-04-08,146.1779327392578,180.74259245878983,24.402374330499814,1078.9205600666526,32.84692618901581,16.91836536313961,0.5167254738982523
2025-04-09,160.61819458007812,180.89450997598686,24.402374330499814,1078.9205600666526,32.84692618901581,16.91836536313961,0.5167254738982523
2025-04-10,154.9438018798828,181.02393636281332,24.402374330499814,1078.9205600666526,32.84692618901581,16.91836536313961,0.5167254738982523
2025-04-11,158.96275329589844,181.11697992022457,24.402374330499814,1078.9205600666526,32.84692618901581,16.91836536313961,0.5167254738982523
2025-04-14,161.02706909179688,181.3322337077467,24.402374330499814,1078.9205600666526,32.84692618901581,16.91836536313961,0.5167254738982523
2025-04-15,158.24472045898438,181.50016614225012,24.402374330499814,1078.9205600666526,32.84692618901581,16.91836536313961,0.5167254738982523
2025-04-16,155.07342529296875,181.64852491629398,24.402374330499814,1078.9205600666526,32.84692618901581,16.91836536313961,0.5167254738982523
2025-04-17,152.93931579589844,181.7714927503971,24.402374330499814,1078.9205600666526,32.84692618901581,16.91836536313961,0.5167254738982523
2025-04-21,149.44891357421875,182.02616938043457,24.402374330499814,1078.9205600666526,32.84692618901581,16.91836536313961,0.5167254738982523
2025-04-22,153.4778289794922,182.17429779440224,24.402374330499814,1078.9205600666526,32.84692618901581,16.91836536313961,0.5167254738982523
2025-04-23,157.28736877441406,182.30062641730115,24.402374330499814,1078.9205600666526,32.84692618901581,16.91836536313961,0.5167254738982523
2025-04-24,161.02706909179688,182.39956777736688,24.402374330499814,1078.9205600666526,32.84692618901581,16.91836536313961,0.5167254738982523
2025-04-25,163.4005584716797,182.45753910363283,24.402374330499814,1078.9205600666526,32.84692618901581,16.91836536313961,0.5167254738982523
2025-04-28,161.97445678710938,182.54406812282465,24.402374330499814,1078.9205600666526,32.84692618901581,16.91836536313961,0.5167254738982523
2025-04-29,161.6154327392578,182.66290835719704,24.402374330499814,1078.9205600666526,32.84692618901581,16.91836536313961,0.5167254738982523
2025-04-30,160.4486541748047,182.7600609343394,24.402374330499814,1078.9205600666526,32.84692618901581,16.91836536313961,0.5167254738982523
2025-05-01,162.34344482421875,182.8303784949382,24.402374330499814,1078.9205600666526,32.84692618901581,16.91836536313961,0.5167254738982523
2025-05-02,165.35516357421875,182.86072723440057,24.402374330499814,1078.9205600666526,32.84692618901581,16.91836536313961,0.5167254738982523
2025-05-05,165.59451293945312,182.87483493110543,24.402374330499814,1078.9205600666526,32.84692618901581,16.91836536313961,0.5167254738982523
2025-05-06,164.74684143066406,182.97441311477954,24.402374330499814,1078.9205600666526,32.84692618901581,16.91836536313961,0.5167254738982523
2025-05-07,152.380859375,183.0553645768335,24.402374330499814,1078.9205600666526,32.84692618901581,16.91836536313961,0.5167254738982523
2025-05-08,155.32276916503906,183.1128485629187,24.402374330499814,1078.9205600666526,32.84692618901581,16.91836536313961,0.5167254738982523
2025-05-09,153.95651245117188,183.13398064174106,24.402374330499814,1078.9205600666526,32.84692618901581,16.91836536313961,0.5167254738982523
2025-05-12,159.14224243164062,183.1436117833222,24.402374330499814,1078.9205600666526,32.84692618901581,16.91836536313961,0.5167254738982523
2025-05-13,160.4486541748047,183.24953000492948,24.402374330499814,1078.9205600666526,32.84692618901581,16.91836536313961,0.5167254738982523
2025-05-14,166.3524169921875,183.34058634060517,24.402374330499814,1078.9205600666526,32.84692618901581,16.91836536313961,0.5167254738982523
2025-05-15,164.94627380371094,183.411723101563,24.402374330499814,1078.9205600666526,32.84692618901581,16.91836536313961,0.5167254738982523
2025-05-16,166.97071838378906,183.44975649578208,24.402374330499814,1078.9205600666526,32.84692618901581,16.91836536313961,0.5167254738982523
2025-05-19,167.40951538085938,183.52545110761602,24.402374330499814,1078.9205600666526,32.84692618901581,16.91836536313961,0.5167254738982523
2025-05-20,164.86651611328125,183.65680546738548,24.402374330499814,1078.9205600666526,32.84692618901581,16.91836536313961,0.5167254738982523
2025-05-21,169.59349060058594,183.77402384838032,24.402374330499814,1078.9205600666526,32.84692618901581,16.91836536313961,0.5167254738982523
2025-05-22,171.5082244873047,183.87140750374007,24.402374330499814,1078.9205600666526,32.84692618901581,16.91836536313961,0.5167254738982523
2025-05-23,169.12477111816406,183.9351162220992,24.402374330499814,1078.9205600666526,32.84692618901581,16.91836536313961,0.5167254738982523
2025-05-27,173.50274658203125,184.2263385139564,24.402374330499814,1078.9205600666526,32.84692618901581,16.91836536313961,0.5167254738982523
2025-05-28,172.90438842773438,184.357060484126,24.402374330499814,1078.9205600666526,32.84692618901581,16.91836536313961,0.5167254738982523
2025-05-29,172.4855499267578,184.46396982511342,24.402374330499814,1078.9205600666526,32.84692618901581,16.91836536313961,0.5167254738982523
2025-05-30,172.3758544921875,184.53288323710433,24.402374330499814,1078.9205600666526,32.84692618901581,16.91836536313961,0.5167254738982523
2025-06-02,169.90264892578125,184.66345107823904,24.402374330499814,1078.9205600666526,32.84692618901581,16.91836536313961,0.5167254738982523
2025-06-03,167.2499542236328,184.79838613530865,24.402374330499814,1078.9205600666526,32.84692618901581,16.91836536313961,0.5167254738982523
2025-06-04,168.9253387451172,184.91117485791673,24.402374330499814,1078.9205600666526,32.84692618901581,16.91836536313961,0.5167254738982523
2025-06-05,169.3441925048828,184.99599772422516,24.402374330499814,1078.9205600666526,32.84692618901581,16.91836536313961,0.5167254738982523
2025-06-06,174.44017028808594,185.0390871782621,24.402374330499814,1078.9205600666526,32.84692618901581,16.91836536313961,0.5167254738982523
2025-06-09,177.3556671142578,185.07534512068852,24.402374330499814,1078.9205600666526,32.84692618901581,16.91836536313961,0.5167254738982523
2025-06-10,179.7319793701172,185.1754881515131,24.402374330499814,1078.9205600666526,32.84692618901581,16.91836536313961,0.5167254738982523
2025-06-11,178.51385498046875,185.2530828787624,24.402374330499814,1078.9205600666526,32.84692618901581,16.91836536313961,0.5167254738982523
2025-06-12,176.69668579101562,185.30312859719714,24.402374330499814,1078.9205600666526,32.84692618901581,16.91836536313961,0.5167254738982523
2025-06-13,175.60838317871094,185.31268674078743,24.402374330499814,1078.9205600666526,32.84692618901581,16.91836536313961,0.5167254738982523
2025-06-16,177.66519165039062,185.26387019355906,24.402374330499814,1078.9205600666526,32.84692618901581,16.91836536313961,0.5167254738982523
2025-06-17,176.95628356933594,185.3432973401022,24.402374330499814,1078.9205600666526,32.84692618901581,16.91836536313961,0.5167254738982523
2025-06-18,173.7113037109375,185.4050642800037,24.402374330499814,1078.9205600666526,32.84692618901581,16.91836536313961,0.5167254738982523
2025-06-20,167.470947265625,185.4495956845389,24.402374330499814,1078.9205600666526,32.84692618901581,16.91836536313961,0.5167254738982523
2025-06-23,165.75360107421875,185.4238066733808,24.402374330499814,1078.9205600666526,32.84692618901581,16.91836536313961,0.5167254738982523
2025-06-24,167.48094177246094,185.5233113517269,24.402374330499814,1078.9205600666526,32.84692618901581,16.91836536313961,0.5167254738982523
2025-06-25,171.2251434326172,185.611073539525,24.402374330499814,1078.9205600666526,32.84692618901581,16.91836536313961,0.5167254738982523
2025-06-26,174.1605987548828,185.68223836605316,24.402374330499814,1078.9205600666526,32.84692618901581,16.91836536313961,0.5167254738982523
2025-06-27,177.9946746826172,185.72378704937094,24.402374330499814,1078.9205600666526,32.84692618901581,16.91836536313961,0.5167254738982523
2025-06-30,177.11602783203125,185.83200923047062,24.402374330499814,1078.9205600666526,32.84692618901581,16.91836536313961,0.5167254738982523
2025-07-01,176.63677978515625,185.98168894448722,24.402374330499814,1078.9205600666526,32.84692618901581,16.91836536313961,0.5167254738982523
2025-07-02,179.4823760986328,186.1209569105461,24.402374330499814,1078.9205600666526,32.84692618901581,16.91836536313961,0.5167254738982523
2025-07-03,180.27114868164065,186.24405097742067,24.402374330499814,1078.9205600666526,32.84692618901581,16.91836536313961,0.5167254738982523
2025-07-07,177.2857666015625,186.5876977089201,24.402374330499814,1078.9205600666526,32.84692618901581,16.91836536313961,0.5167254738982523
2025-07-08,174.8894805908203,186.77814746888774,24.402374330499814,1078.9205600666526,32.84692618901581,16.91836536313961,0.5167254738982523
2025-07-09,177.38563537597656,186.95361983057091,24.402374330499814,1078.9205600666526,32.84692618901581,16.91836536313961,0.5167254738982523
2025-07-10,178.42401123046875,187.10775661889562,24.402374330499814,1078.9205600666526,32.84692618901581,16.91836536313961,0.5167254738982523
2025-07-11,181.0299835205078,187.2261296633214,24.402374330499814,1078.9205600666526,32.84692618901581,16.91836536313961,0.5167254738982523
2025-07-14,182.52764892578125,187.51581931682065,24.402374330499814,1078.9205600666526,32.84692618901581,16.91836536313961,0.5167254738982523
2025-07-15,182.8172149658203,187.70642850313254,24.402374330499814,1078.9205600666526,32.84692618901581,16.91836536313961,0.5167254738982523
2025-07-16,183.48617553710935,187.87570222871665,24.402374330499814,1078.9205600666526,32.84692618901581,16.91836536313961,0.5167254738982523
2025-07-17,184.4147491455078,188.01749731131295,24.402374330499814,1078.9205600666526,32.84692618901581,16.91836536313961,0.5167254738982523
2025-07-18,185.65283203125,188.11770831454385,24.402374330499814,1078.9205600666526,32.84692618901581,16.91836536313961,0.5167254738982523
2025-07-21,190.8547821044922,188.3226248614677,24.402374330499814,1078.9205600666526,32.84692618901581,16.91836536313961,0.5167254738982523
2025-07-22,191.81329345703125,188.47680951893938,24.402374330499814,1078.9205600666526,32.84692618901581,16.91836536313961,0.5167254738982523
2025-07-23,191.21421813964844,188.60668300390586,24.402374330499814,1078.9205600666526,32.84692618901581,16.91836536313961,0.5167254738982523
2025-07-24,192.901611328125,188.70682131402128,24.402374330499814,1078.9205600666526,32.84692618901581,16.91836536313961,0.5167254738982523
2025-07-25,193.7802581787109,188.76385304161226,24.402374330499814,1078.9205600666526,32.84692618901581,16.91836536313961,0.5167254738982523
2025-07-28,193.12127685546875,188.83734628583647,24.402374330499814,1078.9205600666526,32.84692618901581,16.91836536313961,0.5167254738982523
2025-07-29,196.12661743164065,188.94938394037945,24.402374330499814,1078.9205600666526,32.84692618901581,16.91836536313961,0.5167254738982523
2025-07-30,197.13507080078125,189.03897878791363,24.402374330499814,1078.9205600666526,32.84692618901581,16.91836536313961,0.5167254738982523
2025-07-31,192.5621490478516,189.1012439706322,24.402374330499814,1078.9205600666526,32.84692618901581,16.91836536313961,0.5167254738982523
2025-08-01,189.65663146972656,189.1232768836117,24.402374330499814,1078.9205600666526,32.84692618901581,16.91836536313961,0.5167254738982523
2025-08-04,195.44769287109372,189.1125790874535,24.402374330499814,1078.9205600666526,32.84692618901581,16.91836536313961,0.5167254738982523
2025-08-05,195.0183563232422,189.20428175249074,24.402374330499814,1078.9205600666526,32.84692618901581,16.91836536313961,0.5167254738982523
2025-08-06,196.61587524414065,189.27760634221914,24.402374330499814,1078.9205600666526,32.84692618901581,16.91836536313961,0.5167254738982523
2025-08-07,196.97531127929688,189.32767310946414,24.402374330499814,1078.9205600666526,32.84692618901581,16.91836536313961,0.5167254738982523
2025-08-08,201.77789306640625,189.34151699555795,24.402374330499814,1078.9205600666526,32.84692618901581,16.91836536313961,0.5167254738982523
2025-08-11,201.318603515625,189.32876729822092,24.402374330499814,1078.9205600666526,32.84692618901581,16.91836536313961,0.5167254738982523
2025-08-12,203.84469604492188,189.4265209972481,24.402374330499814,1078.9205600666526,32.84692618901581,16.91836536313961,0.5167254738982523
2025-08-13,202.7164306640625,189.50877747963864,24.402374330499814,1078.9205600666526,32.84692618901581,16.91836536313961,0.5167254738982523
2025-08-14,203.50523376464844,189.57032028256046,24.402374330499814,1078.9205600666526,32.84692618901581,16.91836536313961,0.5167254738982523
2025-08-15,204.59353637695312,189.59782829882803,24.402374330499814,1078.9205600666526,32.84692618901581,16.91836536313961,0.5167254738982523
2025-08-18,203.9744873046875,189.63548973717712,24.402374330499814,1078.9205600666526,32.84692618901581,16.91836536313961,0.5167254738982523
2025-08-19,202.17727661132807,189.75194072991644,24.402374330499814,1078.9205600666526,32.84692618901581,16.91836536313961,0.5167254738982523
2025-08-20,199.88082885742188,189.85323003321562,24.402374330499814,1078.9205600666526,32.84692618901581,16.91836536313961,0.5167254738982523
2025-08-21,200.3101501464844,189.9337889396944,24.402374330499814,1078.9205600666526,32.84692618901581,16.91836536313961,0.5167254738982523
2025-08-22,206.40074157714844,189.97995719077915,24.402374330499814,1078.9205600666526,32.84692618901581,16.91836536313961,0.5167254738982523
2025-08-25,208.8369598388672,190.06829447195437,24.402374330499814,1078.9205600666526,32.84692618901581,16.91836536313961,0.5167254738982523
2025-08-26,207.6288299560547,190.19888972554156,24.402374330499814,1078.9205600666526,32.84692618901581,16.91836536313961,0.5167254738982523
2025-08-27,207.8884429931641,190.31249811252906,24.402374330499814,1078.9205600666526,32.84692618901581,16.91836536313961,0.5167254738982523
2025-08-28,212.0419921875,190.4033024932689,24.402374330499814,1078.9205600666526,32.84692618901581,16.91836536313961,0.5167254738982523
2025-08-29,213.20022583007807,190.45740868548629,24.402374330499814,1078.9205600666526,32.84692618901581,16.91836536313961,0.5167254738982523
2025-09-02,211.66261291503903,190.68085829928552,24.402374330499814,1078.9205600666526,32.84692618901581,16.91836536313961,0.5167254738982523
2025-09-03,230.7430877685547,190.7878898800281,24.402374330499814,1078.9205600666526,32.84692618901581,16.91836536313961,0.5167254738982523
2025-09-04,232.30067443847656,190.86874290664775,24.402374330499814,1078.9205600666526,32.84692618901581,16.91836536313961,0.5167254738982523
2025-09-05,234.80679321289065,190.90941806606156,24.402374330499814,1078.9205600666526,32.84692618901581,16.91836536313961,0.5167254738982523
2025-09-08,234.00732421875,190.94384449619747,24.402374330499814,1078.9205600666526,32.84692618901581,16.91836536313961,0.5167254738982523
2025-09-09,239.78355407714844,191.0433530491409,24.402374330499814,1078.9205600666526,32.84692618901581,16.91836536313961,0.5167254738982523
2025-09-10,239.4037933349609,191.11915005775145,24.402374330499814,1078.9205600666526,32.84692618901581,16.91836536313961,0.5167254738982523
2025-09-11,240.6230010986328,191.16542468165508,24.402374330499814,1078.9205600666526,32.84692618901581,16.91836536313961,0.5167254738982523
2025-09-12,241.22262573242188,191.16836983576732,24.402374330499814,1078.9205600666526,32.84692618901581,16.91836536313961,0.5167254738982523
2025-09-15,251.5958404541016,191.0735130300836,24.402374330499814,1078.9205600666526,32.84692618901581,16.91836536313961,0.5167254738982523
2025-09-16,251.25607299804688,191.12581018731328,24.402374330499814,1078.9205600666526,32.84692618901581,16.91836536313961,0.5167254738982523
2025-09-17,249.6871032714844,191.15311466066518,24.402374330499814,1078.9205600666526,32.84692618901581,16.91836536313961,0.5167254738982523
2025-09-18,252.1654815673828,191.15016967168052,24.402374330499814,1078.9205600666526,32.84692618901581,16.91836536313961,0.5167254738982523
2025-09-19,255.07357788085935,191.10377459502035,24.402374330499814,1078.9205600666526,32.84692618901581,16.91836536313961,0.5167254738982523
2025-09-22,252.71511840820312,190.8668746764862,24.402374330499814,1078.9205600666526,32.84692618901581,16.91836536313961,0.5167254738982523
2025-09-23,252.1754608154297,190.87619773446647,24.402374330499814,1078.9205600666526,32.84692618901581,16.91836536313961,0.5167254738982523
2025-09-24,247.6684112548828,190.8639397604831,24.402374330499814,1078.9205600666526,32.84692618901581,16.91836536313961,0.5167254738982523
2025-09-25,246.40924072265625,190.82557237526146,24.402374330499814,1078.9205600666526,32.84692618901581,16.91836536313961,0.5167254738982523
2025-09-26,247.01882934570312,190.7485992009555,24.402374330499814,1078.9205600666526,32.84692618901581,16.91836536313961,0.5167254738982523
2025-09-29,244.2006683349609,190.45539773089305,24.402374330499814,1078.9205600666526,32.84692618901581,16.91836536313961,0.5167254738982523
2025-09-30,243.3912048339844,190.45955809183644,24.402374330499814,1078.9205600666526,32.84692618901581,16.91836536313961,0.5167254738982523
2025-10-01,245.37989807128903,190.44962298621508,24.402374330499814,1078.9205600666526,32.84692618901581,16.91836536313961,0.5167254738982523
2025-10-02,246.26931762695312,190.42131948693464,24.402374330499814,1078.9205600666526,32.84692618901581,16.91836536313961,0.5167254738982523
2025-10-03,246.289306640625,190.36228888603694,24.402374330499814,1078.9205600666526,32.84692618901581,16.91836536313961,0.5167254738982523
2025-10-06,251.34600830078125,190.16964838373949,24.402374330499814,1078.9205600666526,32.84692618901581,16.91836536313961,0.5167254738982523
2025-10-07,246.9688720703125,190.2220623978682,24.402374330499814,1078.9205600666526,32.84692618901581,16.91836536313961,0.5167254738982523
2025-10-08,245.29995727539065,190.26699270990466,24.402374330499814,1078.9205600666526,32.84692618901581,16.91836536313961,0.5167254738982523
2025-10-09,242.0520782470703,190.29952177497566,24.402374330499814,1078.9205600666526,32.84692618901581,16.91836536313961,0.5167254738982523
2025-10-10,237.3351593017578,190.30652924728992,24.402374330499814,1078.9205600666526,32.84692618901581,16.91836536313961,0.5167254738982523
2025-10-13,244.48048400878903,190.33412375324878,24.402374330499814,1078.9205600666526,32.84692618901581,16.91836536313961,0.5167254738982523
2025-10-14,246.02947998046875,190.46389669542842,24.402374330499814,1078.9205600666526,32.84692618901581,16.91836536313961,0.5167254738982523
2025-10-15,251.5458831787109,190.58631661046192,24.402374330499814,1078.9205600666526,32.84692618901581,16.91836536313961,0.5167254738982523
2025-10-16,251.7157745361328,190.6953256439946,24.402374330499814,1078.9205600666526,32.84692618901581,16.91836536313961,0.5167254738982523
2025-10-17,253.62451171875,190.77667096759578,24.402374330499814,1078.9205600666526,32.84692618901581,16.91836536313961,0.5167254738982523
2025-10-20,256.8524169921875,191.00369123402587,24.402374330499814,1078.9205600666526,32.84692618901581,16.91836536313961,0.5167254738982523
2025-10-21,251.17611694335935,191.18884738268244,24.402374330499814,1078.9205600666526,32.84692618901581,16.91836536313961,0.5167254738982523
2025-10-22,252.36534118652344,191.3597347016784,24.402374330499814,1078.9205600666526,32.84692618901581,16.91836536313961,0.5167254738982523
2025-10-23,253.56455993652344,191.50965753973583,24.402374330499814,1078.9205600666526,32.84692618901581,16.91836536313961,0.5167254738982523
2025-10-24,260.34014892578125,191.62386818250445,24.402374330499814,1078.9205600666526,32.84692618901581,16.91836536313961,0.5167254738982523
2025-10-27,269.7539978027344,191.89858593676428,24.402374330499814,1078.9205600666526,32.84692618901581,16.91836536313961,0.5167254738982523
2025-10-28,268.2549743652344,192.08262025546628,24.402374330499814,1078.9205600666526,32.84692618901581,16.91836536313961,0.5167254738982523
2025-10-29,274.9906005859375,192.24425512044849,24.402374330499814,1078.9205600666526,32.84692618901581,16.91836536313961,0.5167254738982523
2025-10-30,281.7161865234375,192.3772570202749,24.402374330499814,1078.9205600666526,32.84692618901581,16.91836536313961,0.5167254738982523
2025-10-31,281.6362609863281,192.46748312521197,24.402374330499814,1078.9205600666526,32.84692618901581,16.91836536313961,0.5167254738982523
2025-11-03,283.93475341796875,192.63574206255439,24.402374330499814,1078.9205600666526,32.84692618901581,16.91836536313961,0.5167254738982523
2025-11-04,277.8786926269531,192.77589334570618,24.402374330499814,1078.9205600666526,32.84692618901581,16.91836536313961,0.5167254738982523
2025-11-05,284.5643310546875,192.89116426503395,24.402374330499814,1078.9205600666526,32.84692618901581,16.91836536313961,0.5167254738982523
2025-11-06,285.1539611816406,192.97640179739528,24.402374330499814,1078.9205600666526,32.84692618901581,16.91836536313961,0.5167254738982523
2025-11-07,279.51763916015625,193.01854287084984,24.402374330499814,1078.9205600666526,32.84692618901581,16.91836536313961,0.5167254738982523
2025-11-10,290.4005126953125,193.05090420753652,24.402374330499814,1078.9205600666526,32.84692618901581,16.91836536313961,0.5167254738982523
2025-11-11,291.5497741699219,193.1516389918414,24.402374330499814,1078.9205600666526,32.84692618901581,16.91836536313961,0.5167254738982523
2025-11-12,287.2425842285156,193.2317472715402,24.402374330499814,1078.9205600666526,32.84692618901581,16.91836536313961,0.5167254738982523
2025-11-13,278.9380187988281,193.28668627890565,24.402374330499814,1078.9205600666526,32.84692618901581,16.91836536313961,0.5167254738982523
2025-11-14,276.7994079589844,193.30386674852286,24.402374330499814,1078.9205600666526,32.84692618901581,16.91836536313961,0.5167254738982523
2025-11-17,285.4137878417969,193.29591084217074,24.402374330499814,1078.9205600666526,32.84692618901581,16.91836536313961,0.5167254738982523
2025-11-18,284.7742004394531,193.39482312813382,24.402374330499814,1078.9205600666526,32.84692618901581,16.91836536313961,0.5167254738982523
2025-11-19,292.7989501953125,193.47859836614774,24.402374330499814,1078.9205600666526,32.84692618901581,16.91836536313961,0.5167254738982523
2025-11-20,289.7909545898437,193.54229816347674,24.402374330499814,1078.9205600666526,32.84692618901581,16.91836536313961,0.5167254738982523
2025-11-21,299.4546203613281,193.57281800056674,24.402374330499814,1078.9205600666526,32.84692618901581,16.91836536313961,0.5167254738982523
2025-11-24,318.2623596191406,193.62575253551964,24.402374330499814,1078.9205600666526,32.84692618901581,16.91836536313961,0.5167254738982523
2025-11-25,323.4289855957031,193.74937309650363,24.402374330499814,1078.9205600666526,32.84692618901581,16.91836536313961,0.5167254738982523
2025-11-26,320.0711669921875,193.85869102418982,24.402374330499814,1078.9205600666526,32.84692618901581,16.91836536313961,0.5167254738982523
2025-11-28,319.9112854003906,194.0031832916328,24.402374330499814,1078.9205600666526,32.84692618901581,16.91836536313961,0.5167254738982523
2025-12-01,314.9145202636719,194.11810813334213,24.402374330499814,1078.9205600666526,32.84692618901581,16.91836536313961,0.5167254738982523
2025-12-02,315.8139343261719,194.25627364555177,24.402374330499814,1078.9205600666526,32.84692618901581,16.91836536313961,0.5167254738982523
2025-12-03,320.41094970703125,194.376300892102,24.402374330499814,1078.9205600666526,32.84692618901581,16.91836536313961,0.5167254738982523
2025-12-04,318.18243408203125,194.47212470778945,24.402374330499814,1078.9205600666526,32.84692618901581,16.91836536313961,0.5167254738982523
2025-12-05,321.8799743652344,194.52966316205692,24.402374330499814,1078.9205600666526,32.84692618901581,16.91836536313961,0.5167254738982523
2025-12-08,314.45001220703125,194.62595657465204,24.402374330499814,1078.9205600666526,32.84692618901581,16.91836536313961,0.5167254738982523
2025-12-09,317.75,194.75012035377446,24.402374330499814,1078.9205600666526,32.84692618901581,16.91836536313961,0.5167254738982523
2025-12-10,321.0,194.85288735717833,24.402374330499814,1078.9205600666526,32.84692618901581,16.91836536313961,0.5167254738982523
2025-12-11,313.70001220703125,194.92872053515222,24.402374330499814,1078.9205600666526,32.84692618901581,16.91836536313961,0.5167254738982523
2025-12-12,310.5199890136719,194.96414238308034,24.402374330499814,1078.9205600666526,32.84692618901581,16.91836536313961,0.5167254738982523
2025-12-15,309.32000732421875,194.98813904680478,24.402374330499814,1078.9205600666526,32.84692618901581,16.91836536313961,0.5167254738982523
2025-12-16,307.7300109863281,195.08860913254236,24.402374330499814,1078.9205600666526,32.84692618901581,16.91836536313961,0.5167254738982523
2025-12-17,298.0599975585937,195.16906740602641,24.402374330499814,1078.9205600666526,32.84692618901581,16.91836536313961,0.5167254738982523
2025-12-18,303.75,195.22463801354934,24.402374330499814,1078.9205600666526,32.84692618901581,16.91836536313961,0.5167254738982523
2025-12-19,308.6099853515625,195.24244677903945,24.402374330499814,1078.9205600666526,32.84692618901581,16.91836536313961,0.5167254738982523
2025-12-22,311.3299865722656,195.234341981434,24.402374330499814,1078.9205600666526,32.84692618901581,16.91836536313961,0.5167254738982523
2025-12-23,315.67999267578125,195.332154538247,24.402374330499814,1078.9205600666526,32.84692618901581,16.91836536313961,0.5167254738982523
2025-12-24,315.6700134277344,195.41427043876843,24.402374330499814,1078.9205600666526,32.84692618901581,16.91836536313961,0.5167254738982523
2025-12-26,314.9599914550781,195.50381109374305,24.402374330499814,1078.9205600666526,32.84692618901581,16.91836536313961,0.5167254738982523
2025-12-29,314.3900146484375,195.54877244252708,24.402374330499814,1078.9205600666526,32.84692618901581,16.91836536313961,0.5167254738982523
2025-12-30,314.54998779296875,195.67038735958758,24.402374330499814,1078.9205600666526,32.84692618901581,16.91836536313961,0.5167254738982523
