Date,Actual,Predicted,MAE,MSE,RMSE,MAPE,R2
2020-11-23,13.09928035736084,13.4963665,2.263840777612789,13.72655500629516,3.704936572506358,3.777299681548173,0.9958851916699926
2020-11-24,12.917594909667969,13.430142,2.263840777612789,13.72655500629516,3.704936572506358,3.777299681548173,0.9958851916699926
2020-11-25,13.19373893737793,13.34066,2.263840777612789,13.72655500629516,3.704936572506358,3.777299681548173,0.9958851916699926
2020-11-27,13.220153808593748,13.304731,2.263840777612789,13.72655500629516,3.704936572506358,3.777299681548173,0.9958851916699926
2020-11-30,13.35997295379639,13.30011,2.263840777612789,13.72655500629516,3.704936572506358,3.777299681548173,0.9958851916699926
2020-12-01,13.348508834838867,13.333289,2.263840777612789,13.72655500629516,3.704936572506358,3.777299681548173,0.9958851916699926
2020-12-02,13.502528190612791,13.374375,2.263840777612789,13.72655500629516,3.704936572506358,3.777299681548173,0.9958851916699926
2020-12-03,13.35843276977539,13.439512,2.263840777612789,13.72655500629516,3.704936572506358,3.777299681548173,0.9958851916699926
2020-12-04,13.520229339599611,13.478801,2.263840777612789,13.72655500629516,3.704936572506358,3.777299681548173,0.9958851916699926
2020-12-07,13.568591117858887,13.530438,2.263840777612789,13.72655500629516,3.704936572506358,3.777299681548173,0.9958851916699926
2020-12-08,13.312561988830565,13.587252,2.263840777612789,13.72655500629516,3.704936572506358,3.777299681548173,0.9958851916699926
2020-12-09,12.894487380981444,13.592159,2.263840777612789,13.72655500629516,3.704936572506358,3.777299681548173,0.9958851916699926
2020-12-10,12.935871124267578,13.502606,2.263840777612789,13.72655500629516,3.704936572506358,3.777299681548173,0.9958851916699926
2020-12-11,12.976757049560549,13.397351,2.263840777612789,13.72655500629516,3.704936572506358,3.777299681548173,0.9958851916699926
2020-12-14,13.271428108215332,13.309369,2.263840777612789,13.72655500629516,3.704936572506358,3.777299681548173,0.9958851916699926
2020-12-15,13.32303237915039,13.293456,2.263840777612789,13.72655500629516,3.704936572506358,3.777299681548173,0.9958851916699926
2020-12-16,13.20536422729492,13.317185,2.263840777612789,13.72655500629516,3.704936572506358,3.777299681548173,0.9958851916699926
2020-12-17,13.30383586883545,13.33225,2.263840777612789,13.72655500629516,3.704936572506358,3.777299681548173,0.9958851916699926
2020-12-18,13.234781265258787,13.359188,2.263840777612789,13.72655500629516,3.704936572506358,3.777299681548173,0.9958851916699926
2020-12-21,13.2948637008667,13.3746805,2.263840777612789,13.72655500629516,3.704936572506358,3.777299681548173,0.9958851916699926
2020-12-22,13.241013526916504,13.394055,2.263840777612789,13.72655500629516,3.704936572506358,3.777299681548173,0.9958851916699926
2020-12-23,12.972768783569336,13.402589,2.263840777612789,13.72655500629516,3.704936572506358,3.777299681548173,0.9958851916699926
2020-12-24,12.957313537597656,13.358596,2.263840777612789,13.72655500629516,3.704936572506358,3.777299681548173,0.9958851916699926
2020-12-28,12.863824844360352,13.298404,2.263840777612789,13.72655500629516,3.704936572506358,3.777299681548173,0.9958851916699926
2020-12-29,12.906953811645508,13.22494,2.263840777612789,13.72655500629516,3.704936572506358,3.777299681548173,0.9958851916699926
2020-12-30,13.10888385772705,13.165458,2.263840777612789,13.72655500629516,3.704936572506358,3.777299681548173,0.9958851916699926
2020-12-31,13.01839065551758,13.156298,2.263840777612789,13.72655500629516,3.704936572506358,3.777299681548173,0.9958851916699926
2021-01-04,13.0767240524292,13.152532,2.263840777612789,13.72655500629516,3.704936572506358,3.777299681548173,0.9958851916699926
2021-01-05,13.367156982421877,13.162065,2.263840777612789,13.72655500629516,3.704936572506358,3.777299681548173,0.9958851916699926
2021-01-06,12.579124450683594,13.226565,2.263840777612789,13.72655500629516,3.704936572506358,3.777299681548173,0.9958851916699926
2021-01-07,13.306580543518068,13.164449,2.263840777612789,13.72655500629516,3.704936572506358,3.777299681548173,0.9958851916699926
2021-01-08,13.23951816558838,13.190755,2.263840777612789,13.72655500629516,3.704936572506358,3.777299681548173,0.9958851916699926
2021-01-11,13.58330249786377,13.235619,2.263840777612789,13.72655500629516,3.704936572506358,3.777299681548173,0.9958851916699926
2021-01-12,13.446937561035158,13.34113,2.263840777612789,13.72655500629516,3.704936572506358,3.777299681548173,0.9958851916699926
2021-01-13,13.493804931640621,13.429819,2.263840777612789,13.72655500629516,3.704936572506358,3.777299681548173,0.9958851916699926
2021-01-14,13.163230895996094,13.5062685,2.263840777612789,13.72655500629516,3.704936572506358,3.777299681548173,0.9958851916699926
2021-01-15,12.823439598083496,13.507771,2.263840777612789,13.72655500629516,3.704936572506358,3.777299681548173,0.9958851916699926
2021-01-19,12.988723754882812,13.419954,2.263840777612789,13.72655500629516,3.704936572506358,3.777299681548173,0.9958851916699926
2021-01-20,13.328269004821774,13.339699,2.263840777612789,13.72655500629516,3.704936572506358,3.777299681548173,0.9958851916699926
2021-01-21,13.828612327575682,13.334021,2.263840777612789,13.72655500629516,3.704936572506358,3.777299681548173,0.9958851916699926
2021-01-22,13.67404556274414,13.445665,2.263840777612789,13.72655500629516,3.704936572506358,3.777299681548173,0.9958851916699926
2021-01-25,13.61496067047119,13.558169,2.263840777612789,13.72655500629516,3.704936572506358,3.777299681548173,0.9958851916699926
2021-01-26,13.397573471069336,13.64298,2.263840777612789,13.72655500629516,3.704936572506358,3.777299681548173,0.9958851916699926
2021-01-27,12.881524085998535,13.665416,2.263840777612789,13.72655500629516,3.704936572506358,3.777299681548173,0.9958851916699926
2021-01-28,13.014398574829102,13.569249,2.263840777612789,13.72655500629516,3.704936572506358,3.777299681548173,0.9958851916699926
2021-01-29,12.953320503234863,13.464916,2.263840777612789,13.72655500629516,3.704936572506358,3.777299681548173,0.9958851916699926
2021-02-01,13.199878692626951,13.362556,2.263840777612789,13.72655500629516,3.704936572506358,3.777299681548173,0.9958851916699926
2021-02-02,13.518733024597168,13.31998,2.263840777612789,13.72655500629516,3.704936572506358,3.777299681548173,0.9958851916699926
2021-02-03,13.492559432983398,13.363178,2.263840777612789,13.72655500629516,3.704936572506358,3.777299681548173,0.9958851916699926
2021-02-04,13.625931739807125,13.428517,2.263840777612789,13.72655500629516,3.704936572506358,3.777299681548173,0.9958851916699926
2021-02-05,13.552885055541992,13.5159025,2.263840777612789,13.72655500629516,3.704936572506358,3.777299681548173,0.9958851916699926
2021-02-08,14.398261070251463,13.585558,2.263840777612789,13.72655500629516,3.704936572506358,3.777299681548173,0.9958851916699926
2021-02-09,14.223251342773436,13.785754,2.263840777612789,13.72655500629516,3.704936572506358,3.777299681548173,0.9958851916699926
2021-02-10,14.722847938537598,13.974429,2.263840777612789,13.72655500629516,3.704936572506358,3.777299681548173,0.9958851916699926
2021-02-11,15.207979202270506,14.216398,2.263840777612789,13.72655500629516,3.704936572506358,3.777299681548173,0.9958851916699926
2021-02-12,14.91929531097412,14.525528,2.263840777612789,13.72655500629516,3.704936572506358,3.777299681548173,0.9958851916699926
2021-02-16,15.28725814819336,14.760623,2.263840777612789,13.72655500629516,3.704936572506358,3.777299681548173,0.9958851916699926
2021-02-17,14.8641996383667,14.993256,2.263840777612789,13.72655500629516,3.704936572506358,3.777299681548173,0.9958851916699926
2021-02-18,14.787417411804197,15.112369,2.263840777612789,13.72655500629516,3.704936572506358,3.777299681548173,0.9958851916699926
2021-02-19,14.88464069366455,15.153132,2.263840777612789,13.72655500629516,3.704936572506358,3.777299681548173,0.9958851916699926
2021-02-22,14.315490722656252,15.171771,2.263840777612789,13.72655500629516,3.704936572506358,3.777299681548173,0.9958851916699926
2021-02-23,14.102340698242188,15.076744,2.263840777612789,13.72655500629516,3.704936572506358,3.777299681548173,0.9958851916699926
2021-02-24,14.45833969116211,14.913018,2.263840777612789,13.72655500629516,3.704936572506358,3.777299681548173,0.9958851916699926
2021-02-25,13.270183563232422,14.808906,2.263840777612789,13.72655500629516,3.704936572506358,3.777299681548173,0.9958851916699926
2021-02-26,13.67604160308838,14.534546,2.263840777612789,13.72655500629516,3.704936572506358,3.777299681548173,0.9958851916699926
2021-03-01,13.802934646606444,14.307561,2.263840777612789,13.72655500629516,3.704936572506358,3.777299681548173,0.9958851916699926
2021-03-02,13.368653297424316,14.156474,2.263840777612789,13.72655500629516,3.704936572506358,3.777299681548173,0.9958851916699926
2021-03-03,12.768840789794922,13.982751,2.263840777612789,13.72655500629516,3.704936572506358,3.777299681548173,0.9958851916699926
2021-03-04,12.335559844970703,13.723173,2.263840777612789,13.72655500629516,3.704936572506358,3.777299681548173,0.9958851916699926
2021-03-05,12.426552772521973,13.396162,2.263840777612789,13.72655500629516,3.704936572506358,3.777299681548173,0.9958851916699926
2021-03-08,11.560738563537598,13.111669,2.263840777612789,13.72655500629516,3.704936572506358,3.777299681548173,0.9958851916699926
2021-03-09,12.48945140838623,12.7383175,2.263840777612789,13.72655500629516,3.704936572506358,3.777299681548173,0.9958851916699926
2021-03-10,12.437578201293944,12.5541315,2.263840777612789,13.72655500629516,3.704936572506358,3.777299681548173,0.9958851916699926
2021-03-11,12.961534500122069,12.465778,2.263840777612789,13.72655500629516,3.704936572506358,3.777299681548173,0.9958851916699926
2021-03-12,12.82437229156494,12.523392,2.263840777612789,13.72655500629516,3.704936572506358,3.777299681548173,0.9958851916699926
2021-03-15,13.15879726409912,12.607613,2.263840777612789,13.72655500629516,3.704936572506358,3.777299681548173,0.9958851916699926
2021-03-16,13.258554458618164,12.750423,2.263840777612789,13.72655500629516,3.704936572506358,3.777299681548173,0.9958851916699926
2021-03-17,13.308430671691895,12.913395,2.263840777612789,13.72655500629516,3.704936572506358,3.777299681548173,0.9958851916699926
2021-03-18,12.691204071044922,13.069155,2.263840777612789,13.72655500629516,3.704936572506358,3.777299681548173,0.9958851916699926
2021-03-19,12.81414794921875,13.090584,2.263840777612789,13.72655500629516,3.704936572506358,3.777299681548173,0.9958851916699926
2021-03-22,13.15380859375,13.078593,2.263840777612789,13.72655500629516,3.704936572506358,3.777299681548173,0.9958851916699926
2021-03-23,13.038593292236328,13.115097,2.263840777612789,13.72655500629516,3.704936572506358,3.777299681548173,0.9958851916699926
2021-03-24,12.611895561218262,13.144348,2.263840777612789,13.72655500629516,3.704936572506358,3.777299681548173,0.9958851916699926
2021-03-25,12.504412651062012,13.09116,2.263840777612789,13.72655500629516,3.704936572506358,3.777299681548173,0.9958851916699926
2021-03-26,12.807663917541504,12.995149,2.263840777612789,13.72655500629516,3.704936572506358,3.777299681548173,0.9958851916699926
2021-03-29,12.916397094726562,12.950401,2.263840777612789,13.72655500629516,3.704936572506358,3.777299681548173,0.9958851916699926
2021-03-30,12.840083122253418,12.95145,2.263840777612789,13.72655500629516,3.704936572506358,3.777299681548173,0.9958851916699926
2021-03-31,13.31541061401367,12.956745,2.263840777612789,13.72655500629516,3.704936572506358,3.777299681548173,0.9958851916699926
2021-04-01,13.777772903442383,13.046328,2.263840777612789,13.72655500629516,3.704936572506358,3.777299681548173,0.9958851916699926
2021-04-05,13.953089714050293,13.235804,2.263840777612789,13.72655500629516,3.704936572506358,3.777299681548173,0.9958851916699926
2021-04-06,13.827399253845217,13.465215,2.263840777612789,13.72655500629516,3.704936572506358,3.777299681548173,0.9958851916699926
2021-04-07,14.108707427978516,13.652039,2.263840777612789,13.72655500629516,3.704936572506358,3.777299681548173,0.9958851916699926
2021-04-08,14.281778335571287,13.841922,2.263840777612789,13.72655500629516,3.704936572506358,3.777299681548173,0.9958851916699926
2021-04-09,14.364574432373049,14.032697,2.263840777612789,13.72655500629516,3.704936572506358,3.777299681548173,0.9958851916699926
2021-04-12,15.17158317565918,14.207239,2.263840777612789,13.72655500629516,3.704936572506358,3.777299681548173,0.9958851916699926
2021-04-13,15.640923500061035,14.488172,2.263840777612789,13.72655500629516,3.704936572506358,3.777299681548173,0.9958851916699926
2021-04-14,15.239417076110838,14.846944,2.263840777612789,13.72655500629516,3.704936572506358,3.777299681548173,0.9958851916699926
2021-04-15,16.09754753112793,15.107351,2.263840777612789,13.72655500629516,3.704936572506358,3.777299681548173,0.9958851916699926
2021-04-16,15.873353958129885,15.437045,2.263840777612789,13.72655500629516,3.704936572506358,3.777299681548173,0.9958851916699926
2021-04-19,15.32396125793457,15.699934,2.263840777612789,13.72655500629516,3.704936572506358,3.777299681548173,0.9958851916699926
2021-04-20,15.133928298950195,15.796472,2.263840777612789,13.72655500629516,3.704936572506358,3.777299681548173,0.9958851916699926
2021-04-21,15.322713851928713,15.776838,2.263840777612789,13.72655500629516,3.704936572506358,3.777299681548173,0.9958851916699926
2021-04-22,14.813717842102053,15.745056,2.263840777612789,13.72655500629516,3.704936572506358,3.777299681548173,0.9958851916699926
2021-04-23,15.22769641876221,15.621247,2.263840777612789,13.72655500629516,3.704936572506358,3.777299681548173,0.9958851916699926
2021-04-26,15.439921379089355,15.551197,2.263840777612789,13.72655500629516,3.704936572506358,3.777299681548173,0.9958851916699926
2021-04-27,15.343911170959473,15.548127,2.263840777612789,13.72655500629516,3.704936572506358,3.777299681548173,0.9958851916699926
2021-04-28,15.239166259765623,15.553242,2.263840777612789,13.72655500629516,3.704936572506358,3.777299681548173,0.9958851916699926
2021-04-29,15.287049293518068,15.541365,2.263840777612789,13.72655500629516,3.704936572506358,3.777299681548173,0.9958851916699926
2021-04-30,14.972574234008787,15.532429,2.263840777612789,13.72655500629516,3.704936572506358,3.777299681548173,0.9958851916699926
2021-05-03,14.800251960754396,15.470352,2.263840777612789,13.72655500629516,3.704936572506358,3.777299681548173,0.9958851916699926
2021-05-04,14.315945625305176,15.366819,2.263840777612789,13.72655500629516,3.704936572506358,3.777299681548173,0.9958851916699926
2021-05-05,14.422928810119625,15.178259,2.263840777612789,13.72655500629516,3.704936572506358,3.777299681548173,0.9958851916699926
2021-05-06,14.487271308898924,15.005005,2.263840777612789,13.72655500629516,3.704936572506358,3.777299681548173,0.9958851916699926
2021-05-07,14.775808334350584,14.876351,2.263840777612789,13.72655500629516,3.704936572506358,3.777299681548173,0.9958851916699926
2021-05-10,14.230654716491697,14.836383,2.263840777612789,13.72655500629516,3.704936572506358,3.777299681548173,0.9958851916699926
2021-05-11,14.271055221557615,14.742389,2.263840777612789,13.72655500629516,3.704936572506358,3.777299681548173,0.9958851916699926
2021-05-12,13.724653244018555,14.650348,2.263840777612789,13.72655500629516,3.704936572506358,3.777299681548173,0.9958851916699926
2021-05-13,13.631632804870604,14.478749,2.263840777612789,13.72655500629516,3.704936572506358,3.777299681548173,0.9958851916699926
2021-05-14,14.207961082458498,14.288027,2.263840777612789,13.72655500629516,3.704936572506358,3.777299681548173,0.9958851916699926
2021-05-17,14.130650520324709,14.222053,2.263840777612789,13.72655500629516,3.704936572506358,3.777299681548173,0.9958851916699926
2021-05-18,13.981268882751465,14.202649,2.263840777612789,13.72655500629516,3.704936572506358,3.777299681548173,0.9958851916699926
2021-05-19,14.031146049499513,14.179716,2.263840777612789,13.72655500629516,3.704936572506358,3.777299681548173,0.9958851916699926
2021-05-20,14.576550483703612,14.169235,2.263840777612789,13.72655500629516,3.704936572506358,3.777299681548173,0.9958851916699926
2021-05-21,14.954869270324707,14.262216,2.263840777612789,13.72655500629516,3.704936572506358,3.777299681548173,0.9958851916699926
2021-05-24,15.573592185974118,14.448303,2.263840777612789,13.72655500629516,3.704936572506358,3.777299681548173,0.9958851916699926
2021-05-25,15.609253883361816,14.750862,2.263840777612789,13.72655500629516,3.704936572506358,3.777299681548173,0.9958851916699926
2021-05-26,15.661376953125,15.0580435,2.263840777612789,13.72655500629516,3.704936572506358,3.777299681548173,0.9958851916699926
2021-05-27,15.449896812438965,15.328099,2.263840777612789,13.72655500629516,3.704936572506358,3.777299681548173,0.9958851916699926
2021-05-28,16.20453643798828,15.503714,2.263840777612789,13.72655500629516,3.704936572506358,3.777299681548173,0.9958851916699926
2021-06-01,16.224485397338867,15.746299,2.263840777612789,13.72655500629516,3.704936572506358,3.777299681548173,0.9958851916699926
2021-06-02,16.736974716186523,15.978616,2.263840777612789,13.72655500629516,3.704936572506358,3.777299681548173,0.9958851916699926
2021-06-03,16.92799949645996,16.258472,2.263840777612789,13.72655500629516,3.704936572506358,3.777299681548173,0.9958851916699926
2021-06-04,17.535005569458008,16.544138,2.263840777612789,13.72655500629516,3.704936572506358,3.777299681548173,0.9958851916699926
2021-06-07,17.575651168823242,16.89128,2.263840777612789,13.72655500629516,3.704936572506358,3.777299681548173,0.9958851916699926
2021-06-08,17.414052963256836,17.212225,2.263840777612789,13.72655500629516,3.704936572506358,3.777299681548173,0.9958851916699926
2021-06-09,17.31951904296875,17.44139,2.263840777612789,13.72655500629516,3.704936572506358,3.777299681548173,0.9958851916699926
2021-06-10,17.386119842529297,17.579174,2.263840777612789,13.72655500629516,3.704936572506358,3.777299681548173,0.9958851916699926
2021-06-11,17.785470962524414,17.668125,2.263840777612789,13.72655500629516,3.704936572506358,3.777299681548173,0.9958851916699926
2021-06-14,17.97853660583496,17.790781,2.263840777612789,13.72655500629516,3.704936572506358,3.777299681548173,0.9958851916699926
2021-06-15,17.74880599975586,17.93786,2.263840777612789,13.72655500629516,3.704936572506358,3.777299681548173,0.9958851916699926
2021-06-16,17.7705078125,18.028076,2.263840777612789,13.72655500629516,3.704936572506358,3.777299681548173,0.9958851916699926
2021-06-17,18.615619659423828,18.083145,2.263840777612789,13.72655500629516,3.704936572506358,3.777299681548173,0.9958851916699926
2021-06-18,18.59715843200684,18.261614,2.263840777612789,13.72655500629516,3.704936572506358,3.777299681548173,0.9958851916699926
2021-06-21,18.386127471923828,18.454348,2.263840777612789,13.72655500629516,3.704936572506358,3.777299681548173,0.9958851916699926
2021-06-22,18.844602584838867,18.583313,2.263840777612789,13.72655500629516,3.704936572506358,3.777299681548173,0.9958851916699926
2021-06-23,19.014726638793945,18.74568,2.263840777612789,13.72655500629516,3.704936572506358,3.777299681548173,0.9958851916699926
2021-06-24,19.16264533996582,18.923254,2.263840777612789,13.72655500629516,3.704936572506358,3.777299681548173,0.9958851916699926
2021-06-25,18.988534927368164,19.102783,2.263840777612789,13.72655500629516,3.704936572506358,3.777299681548173,0.9958851916699926
2021-06-28,19.94040298461914,19.2223,2.263840777612789,13.72655500629516,3.704936572506358,3.777299681548173,0.9958851916699926
2021-06-29,19.9820613861084,19.464687,2.263840777612789,13.72655500629516,3.704936572506358,3.777299681548173,0.9958851916699926
2021-06-30,19.95786476135254,19.721807,2.263840777612789,13.72655500629516,3.704936572506358,3.777299681548173,0.9958851916699926
2021-07-01,20.166894912719727,19.93798,2.263840777612789,13.72655500629516,3.704936572506358,3.777299681548173,0.9958851916699926
2021-07-02,20.44128799438477,20.138758,2.263840777612789,13.72655500629516,3.704936572506358,3.777299681548173,0.9958851916699926
2021-07-06,20.65230941772461,20.34774,2.263840777612789,13.72655500629516,3.704936572506358,3.777299681548173,0.9958851916699926
2021-07-07,20.326292037963867,20.561583,2.263840777612789,13.72655500629516,3.704936572506358,3.777299681548173,0.9958851916699926
2021-07-08,19.858339309692383,20.68394,2.263840777612789,13.72655500629516,3.704936572506358,3.777299681548173,0.9958851916699926
2021-07-09,20.005504608154297,20.66689,2.263840777612789,13.72655500629516,3.704936572506358,3.777299681548173,0.9958851916699926
2021-07-12,20.466732025146484,20.62158,2.263840777612789,13.72655500629516,3.704936572506358,3.777299681548173,0.9958851916699926
2021-07-13,20.204814910888672,20.65078,2.263840777612789,13.72655500629516,3.704936572506358,3.777299681548173,0.9958851916699926
2021-07-14,19.79722595214844,20.656172,2.263840777612789,13.72655500629516,3.704936572506358,3.777299681548173,0.9958851916699926
2021-07-15,18.923927307128903,20.57829,2.263840777612789,13.72655500629516,3.704936572506358,3.777299681548173,0.9958851916699926
2021-07-16,18.120473861694336,20.325697,2.263840777612789,13.72655500629516,3.704936572506358,3.777299681548173,0.9958851916699926
2021-07-19,18.73784065246582,19.902906,2.263840777612789,13.72655500629516,3.704936572506358,3.777299681548173,0.9958851916699926
2021-07-20,18.570466995239254,19.588017,2.263840777612789,13.72655500629516,3.704936572506358,3.777299681548173,0.9958851916699926
2021-07-21,19.36668586730957,19.33492,2.263840777612789,13.72655500629516,3.704936572506358,3.777299681548173,0.9958851916699926
2021-07-22,19.550273895263672,19.286097,2.263840777612789,13.72655500629516,3.704936572506358,3.777299681548173,0.9958851916699926
2021-07-23,19.514354705810547,19.357847,2.263840777612789,13.72655500629516,3.704936572506358,3.777299681548173,0.9958851916699926
2021-07-26,19.250946044921875,19.460762,2.263840777612789,13.72655500629516,3.704936572506358,3.777299681548173,0.9958851916699926
2021-07-27,19.16514015197754,19.515306,2.263840777612789,13.72655500629516,3.704936572506358,3.777299681548173,0.9958851916699926
2021-07-28,19.4594783782959,19.52906,2.263840777612789,13.72655500629516,3.704936572506358,3.777299681548173,0.9958851916699926
2021-07-29,19.61812400817871,19.577621,2.263840777612789,13.72655500629516,3.704936572506358,3.777299681548173,0.9958851916699926
2021-07-30,19.455486297607425,19.660698,2.263840777612789,13.72655500629516,3.704936572506358,3.777299681548173,0.9958851916699926
2021-08-02,19.705928802490234,19.716183,2.263840777612789,13.72655500629516,3.704936572506358,3.777299681548173,0.9958851916699926
2021-08-03,19.77078437805176,19.796543,2.263840777612789,13.72655500629516,3.704936572506358,3.777299681548173,0.9958851916699926
2021-08-04,20.228759765625,19.885363,2.263840777612789,13.72655500629516,3.704936572506358,3.777299681548173,0.9958851916699926
2021-08-05,20.59095001220703,20.04377,2.263840777612789,13.72655500629516,3.704936572506358,3.777299681548173,0.9958851916699926
2021-08-06,20.32054901123047,20.267525,2.263840777612789,13.72655500629516,3.704936572506358,3.777299681548173,0.9958851916699926
2021-08-09,20.24971389770508,20.433569,2.263840777612789,13.72655500629516,3.704936572506358,3.777299681548173,0.9958851916699926
2021-08-10,19.89151382446289,20.537992,2.263840777612789,13.72655500629516,3.704936572506358,3.777299681548173,0.9958851916699926
2021-08-11,19.655044555664062,20.538136,2.263840777612789,13.72655500629516,3.704936572506358,3.777299681548173,0.9958851916699926
2021-08-12,19.86058616638184,20.454983,2.263840777612789,13.72655500629516,3.704936572506358,3.777299681548173,0.9958851916699926
2021-08-13,20.142946243286133,20.387209,2.263840777612789,13.72655500629516,3.704936572506358,3.777299681548173,0.9958851916699926
2021-08-16,19.90548324584961,20.384295,2.263840777612789,13.72655500629516,3.704936572506358,3.777299681548173,0.9958851916699926
2021-08-17,19.41457748413086,20.364384,2.263840777612789,13.72655500629516,3.704936572506358,3.777299681548173,0.9958851916699926
2021-08-18,18.99751281738281,20.25426,2.263840777612789,13.72655500629516,3.704936572506358,3.777299681548173,0.9958851916699926
2021-08-19,19.753820419311523,20.0528,2.263840777612789,13.72655500629516,3.704936572506358,3.777299681548173,0.9958851916699926
2021-08-20,20.76955223083496,19.97992,2.263840777612789,13.72655500629516,3.704936572506358,3.777299681548173,0.9958851916699926
2021-08-23,21.908998489379883,20.146526,2.263840777612789,13.72655500629516,3.704936572506358,3.777299681548173,0.9958851916699926
2021-08-24,21.744365692138672,20.580212,2.263840777612789,13.72655500629516,3.704936572506358,3.777299681548173,0.9958851916699926
2021-08-25,22.16343116760254,21.021046,2.263840777612789,13.72655500629516,3.704936572506358,3.777299681548173,0.9958851916699926
2021-08-26,22.018754959106445,21.469244,2.263840777612789,13.72655500629516,3.704936572506358,3.777299681548173,0.9958851916699926
2021-08-27,22.58549118041992,21.823858,2.263840777612789,13.72655500629516,3.704936572506358,3.777299681548173,0.9958851916699926
2021-08-30,22.63736915588379,22.18449,2.263840777612789,13.72655500629516,3.704936572506358,3.777299681548173,0.9958851916699926
2021-08-31,22.3389892578125,22.49757,2.263840777612789,13.72655500629516,3.704936572506358,3.777299681548173,0.9958851916699926
2021-09-01,22.39487075805664,22.687855,2.263840777612789,13.72655500629516,3.704936572506358,3.777299681548173,0.9958851916699926
2021-09-02,22.349966049194336,22.807163,2.263840777612789,13.72655500629516,3.704936572506358,3.777299681548173,0.9958851916699926
2021-09-03,22.79604721069336,22.86874,2.263840777612789,13.72655500629516,3.704936572506358,3.777299681548173,0.9958851916699926
2021-09-07,22.615413665771484,22.973015,2.263840777612789,13.72655500629516,3.704936572506358,3.777299681548173,0.9958851916699926
2021-09-08,22.29308319091797,23.04244,2.263840777612789,13.72655500629516,3.704936572506358,3.777299681548173,0.9958851916699926
2021-09-09,22.13141441345215,23.027987,2.263840777612789,13.72655500629516,3.704936572506358,3.777299681548173,0.9958851916699926
2021-09-10,22.43179702758789,22.952263,2.263840777612789,13.72655500629516,3.704936572506358,3.777299681548173,0.9958851916699926
2021-09-13,22.10646629333496,22.915033,2.263840777612789,13.72655500629516,3.704936572506358,3.777299681548173,0.9958851916699926
2021-09-14,22.19627952575684,22.839552,2.263840777612789,13.72655500629516,3.704936572506358,3.777299681548173,0.9958851916699926
2021-09-15,22.29507827758789,22.77548,2.263840777612789,13.72655500629516,3.704936572506358,3.777299681548173,0.9958851916699926
2021-09-16,22.19627952575684,22.742178,2.263840777612789,13.72655500629516,3.704936572506358,3.777299681548173,0.9958851916699926
2021-09-17,21.8549861907959,22.708057,2.263840777612789,13.72655500629516,3.704936572506358,3.777299681548173,0.9958851916699926
2021-09-20,21.069604873657227,22.618773,2.263840777612789,13.72655500629516,3.704936572506358,3.777299681548173,0.9958851916699926
2021-09-21,21.202327728271484,22.384195,2.263840777612789,13.72655500629516,3.704936572506358,3.777299681548173,0.9958851916699926
2021-09-22,21.895902633666992,22.153467,2.263840777612789,13.72655500629516,3.704936572506358,3.777299681548173,0.9958851916699926
2021-09-23,22.43578720092773,22.082363,2.263840777612789,13.72655500629516,3.704936572506358,3.777299681548173,0.9958851916699926
2021-09-24,22.03561019897461,22.179737,2.263840777612789,13.72655500629516,3.704936572506358,3.777299681548173,0.9958851916699926
2021-09-27,21.615478515625,22.25804,2.263840777612789,13.72655500629516,3.704936572506358,3.777299681548173,0.9958851916699926
2021-09-28,20.65645408630371,22.24416,2.263840777612789,13.72655500629516,3.704936572506358,3.777299681548173,0.9958851916699926
2021-09-29,20.47482681274414,22.02934,2.263840777612789,13.72655500629516,3.704936572506358,3.777299681548173,0.9958851916699926
2021-09-30,20.673416137695312,21.739136,2.263840777612789,13.72655500629516,3.704936572506358,3.777299681548173,0.9958851916699926
2021-10-01,20.699363708496094,21.500603,2.263840777612789,13.72655500629516,3.704936572506358,3.777299681548173,0.9958851916699926
2021-10-04,19.69143867492676,21.324923,2.263840777612789,13.72655500629516,3.704936572506358,3.777299681548173,0.9958851916699926
2021-10-05,20.40896224975586,21.025625,2.263840777612789,13.72655500629516,3.704936572506358,3.777299681548173,0.9958851916699926
2021-10-06,20.65744972229004,20.852928,2.263840777612789,13.72655500629516,3.704936572506358,3.777299681548173,0.9958851916699926
2021-10-07,21.031679153442383,20.801762,2.263840777612789,13.72655500629516,3.704936572506358,3.777299681548173,0.9958851916699926
2021-10-08,20.78818130493164,20.87363,2.263840777612789,13.72655500629516,3.704936572506358,3.777299681548173,0.9958851916699926
2021-10-11,20.65245819091797,20.941473,2.263840777612789,13.72655500629516,3.704936572506358,3.777299681548173,0.9958851916699926
2021-10-12,20.62850952148437,20.975416,2.263840777612789,13.72655500629516,3.704936572506358,3.777299681548173,0.9958851916699926
2021-10-13,20.89595603942871,20.988358,2.263840777612789,13.72655500629516,3.704936572506358,3.777299681548173,0.9958851916699926
2021-10-14,21.7012996673584,21.039309,2.263840777612789,13.72655500629516,3.704936572506358,3.777299681548173,0.9958851916699926
2021-10-15,21.81706047058105,21.239239,2.263840777612789,13.72655500629516,3.704936572506358,3.777299681548173,0.9958851916699926
2021-10-18,22.17632102966309,21.486511,2.263840777612789,13.72655500629516,3.704936572506358,3.777299681548173,0.9958851916699926
2021-10-19,22.244184494018555,21.776789,2.263840777612789,13.72655500629516,3.704936572506358,3.777299681548173,0.9958851916699926
2021-10-20,22.057565689086918,22.049944,2.263840777612789,13.72655500629516,3.704936572506358,3.777299681548173,0.9958851916699926
2021-10-21,22.645353317260746,22.240166,2.263840777612789,13.72655500629516,3.704936572506358,3.777299681548173,0.9958851916699926
2021-10-22,22.67928504943848,22.470293,2.263840777612789,13.72655500629516,3.704936572506358,3.777299681548173,0.9958851916699926
2021-10-25,23.118383407592773,22.683952,2.263840777612789,13.72655500629516,3.704936572506358,3.777299681548173,0.9958851916699926
2021-10-26,24.66619300842285,22.93279,2.263840777612789,13.72655500629516,3.704936572506358,3.777299681548173,0.9958851916699926
2021-10-27,24.40073776245117,23.425562,2.263840777612789,13.72655500629516,3.704936572506358,3.777299681548173,0.9958851916699926
2021-10-28,24.889728546142575,23.886421,2.263840777612789,13.72655500629516,3.704936572506358,3.777299681548173,0.9958851916699926
2021-10-29,25.51444625854492,24.345839,2.263840777612789,13.72655500629516,3.704936572506358,3.777299681548173,0.9958851916699926
2021-11-01,25.773910522460938,24.838879,2.263840777612789,13.72655500629516,3.704936572506358,3.777299681548173,0.9958851916699926
2021-11-02,26.34673118591309,25.309256,2.263840777612789,13.72655500629516,3.704936572506358,3.777299681548173,0.9958851916699926
2021-11-03,26.543327331542972,25.793287,2.263840777612789,13.72655500629516,3.704936572506358,3.777299681548173,0.9958851916699926
2021-11-04,29.739740371704098,26.236338,2.263840777612789,13.72655500629516,3.704936572506358,3.777299681548173,0.9958851916699926
2021-11-05,29.690847396850582,27.149874,2.263840777612789,13.72655500629516,3.704936572506358,3.777299681548173,0.9958851916699926
2021-11-08,30.740678787231445,28.087858,2.263840777612789,13.72655500629516,3.704936572506358,3.777299681548173,0.9958851916699926
2021-11-09,30.593986511230465,29.066797,2.263840777612789,13.72655500629516,3.704936572506358,3.777299681548173,0.9958851916699926
2021-11-10,29.398447036743164,29.87525,2.263840777612789,13.72655500629516,3.704936572506358,3.777299681548173,0.9958851916699926
2021-11-11,30.32752990722656,30.273243,2.263840777612789,13.72655500629516,3.704936572506358,3.777299681548173,0.9958851916699926
2021-11-12,30.32752990722656,30.604315,2.263840777612789,13.72655500629516,3.704936572506358,3.777299681548173,0.9958851916699926
2021-11-15,29.963281631469723,30.848059,2.263840777612789,13.72655500629516,3.704936572506358,3.777299681548173,0.9958851916699926
2021-11-16,30.140914916992188,30.947021,2.263840777612789,13.72655500629516,3.704936572506358,3.777299681548173,0.9958851916699926
2021-11-17,29.200851440429688,30.997341,2.263840777612789,13.72655500629516,3.704936572506358,3.777299681548173,0.9958851916699926
2021-11-18,31.609888076782227,30.848396,2.263840777612789,13.72655500629516,3.704936572506358,3.777299681548173,0.9958851916699926
2021-11-19,32.917205810546875,31.062164,2.263840777612789,13.72655500629516,3.704936572506358,3.777299681548173,0.9958851916699926
2021-11-22,31.89031219482422,31.606407,2.263840777612789,13.72655500629516,3.704936572506358,3.777299681548173,0.9958851916699926
2021-11-23,31.680746078491207,32.008644,2.263840777612789,13.72655500629516,3.704936572506358,3.777299681548173,0.9958851916699926
2021-11-24,32.60683822631836,32.25244,2.263840777612789,13.72655500629516,3.704936572506358,3.777299681548173,0.9958851916699926
2021-11-26,31.438243865966797,32.555008,2.263840777612789,13.72655500629516,3.704936572506358,3.777299681548173,0.9958851916699926
2021-11-29,33.307395935058594,32.62332,2.263840777612789,13.72655500629516,3.704936572506358,3.777299681548173,0.9958851916699926
2021-11-30,32.60882568359375,32.914474,2.263840777612789,13.72655500629516,3.704936572506358,3.777299681548173,0.9958851916699926
2021-12-01,31.37422180175781,33.119095,2.263840777612789,13.72655500629516,3.704936572506358,3.777299681548173,0.9958851916699926
2021-12-02,32.06388473510742,33.03801,2.263840777612789,13.72655500629516,3.704936572506358,3.777299681548173,0.9958851916699926
2021-12-03,30.633661270141605,32.976646,2.263840777612789,13.72655500629516,3.704936572506358,3.777299681548173,0.9958851916699926
2021-12-06,29.97892951965332,32.6779,2.263840777612789,13.72655500629516,3.704936572506358,3.777299681548173,0.9958851916699926
2021-12-07,32.36431121826172,32.216812,2.263840777612789,13.72655500629516,3.704936572506358,3.777299681548173,0.9958851916699926
2021-12-08,31.764469146728523,32.181843,2.263840777612789,13.72655500629516,3.704936572506358,3.777299681548173,0.9958851916699926
2021-12-09,30.431056976318363,32.210567,2.263840777612789,13.72655500629516,3.704936572506358,3.777299681548173,0.9958851916699926
2021-12-10,30.139614105224606,32.025806,2.263840777612789,13.72655500629516,3.704936572506358,3.777299681548173,0.9958851916699926
2021-12-13,28.1065559387207,31.736832,2.263840777612789,13.72655500629516,3.704936572506358,3.777299681548173,0.9958851916699926
2021-12-14,28.282217025756836,31.096489,2.263840777612789,13.72655500629516,3.704936572506358,3.777299681548173,0.9958851916699926
2021-12-15,30.400110244750977,30.452637,2.263840777612789,13.72655500629516,3.704936572506358,3.777299681548173,0.9958851916699926
2021-12-16,28.332113265991207,30.281534,2.263840777612789,13.72655500629516,3.704936572506358,3.777299681548173,0.9958851916699926
2021-12-17,27.747251510620117,29.95971,2.263840777612789,13.72655500629516,3.704936572506358,3.777299681548173,0.9958851916699926
2021-12-20,27.66540718078613,29.531439,2.263840777612789,13.72655500629516,3.704936572506358,3.777299681548173,0.9958851916699926
2021-12-21,29.018789291381836,29.118395,2.263840777612789,13.72655500629516,3.704936572506358,3.777299681548173,0.9958851916699926
2021-12-22,29.343158721923828,29.01753,2.263840777612789,13.72655500629516,3.704936572506358,3.777299681548173,0.9958851916699926
2021-12-23,29.58269500732422,29.114452,2.263840777612789,13.72655500629516,3.704936572506358,3.777299681548173,0.9958851916699926
2021-12-27,30.885171890258786,29.319355,2.263840777612789,13.72655500629516,3.704936572506358,3.777299681548173,0.9958851916699926
2021-12-28,30.263378143310543,29.766607,2.263840777612789,13.72655500629516,3.704936572506358,3.777299681548173,0.9958851916699926
2021-12-29,29.9429988861084,30.13146,2.263840777612789,13.72655500629516,3.704936572506358,3.777299681548173,0.9958851916699926
2021-12-30,29.52880096435547,30.353354,2.263840777612789,13.72655500629516,3.704936572506358,3.777299681548173,0.9958851916699926
2021-12-31,29.354135513305664,30.413279,2.263840777612789,13.72655500629516,3.704936572506358,3.777299681548173,0.9958851916699926
2022-01-03,30.062768936157227,30.370312,2.263840777612789,13.72655500629516,3.704936572506358,3.777299681548173,0.9958851916699926
2022-01-04,29.233375549316406,30.417826,2.263840777612789,13.72655500629516,3.704936572506358,3.777299681548173,0.9958851916699926
2022-01-05,27.5506362915039,30.346222,2.263840777612789,13.72655500629516,3.704936572506358,3.777299681548173,0.9958851916699926
2022-01-06,28.12352180480957,29.943634,2.263840777612789,13.72655500629516,3.704936572506358,3.777299681548173,0.9958851916699926
2022-01-07,27.19432258605957,29.575863,2.263840777612789,13.72655500629516,3.704936572506358,3.777299681548173,0.9958851916699926
2022-01-10,27.34703063964844,29.115416,2.263840777612789,13.72655500629516,3.704936572506358,3.777299681548173,0.9958851916699926
2022-01-11,27.763219833374027,28.7186,2.263840777612789,13.72655500629516,3.704936572506358,3.777299681548173,0.9958851916699926
2022-01-12,27.944864273071286,28.482779,2.263840777612789,13.72655500629516,3.704936572506358,3.777299681548173,0.9958851916699926
2022-01-13,26.52362632751465,28.38015,2.263840777612789,13.72655500629516,3.704936572506358,3.777299681548173,0.9958851916699926
2022-01-14,26.889911651611328,28.098425,2.263840777612789,13.72655500629516,3.704936572506358,3.777299681548173,0.9958851916699926
2022-01-18,25.85291862487793,27.858913,2.263840777612789,13.72655500629516,3.704936572506358,3.777299681548173,0.9958851916699926
2022-01-19,25.018535614013672,27.494041,2.263840777612789,13.72655500629516,3.704936572506358,3.777299681548173,0.9958851916699926
2022-01-20,24.10330581665039,26.99462,2.263840777612789,13.72655500629516,3.704936572506358,3.777299681548173,0.9958851916699926
2022-01-21,23.32881164550781,26.363974,2.263840777612789,13.72655500629516,3.704936572506358,3.777299681548173,0.9958851916699926
2022-01-24,23.326812744140625,25.649006,2.263840777612789,13.72655500629516,3.704936572506358,3.777299681548173,0.9958851916699926
2022-01-25,22.280838012695312,25.017197,2.263840777612789,13.72655500629516,3.704936572506358,3.777299681548173,0.9958851916699926
2022-01-26,22.727975845336918,24.337881,2.263840777612789,13.72655500629516,3.704936572506358,3.777299681548173,0.9958851916699926
2022-01-27,21.901573181152344,23.83085,2.263840777612789,13.72655500629516,3.704936572506358,3.777299681548173,0.9958851916699926
2022-01-28,22.79584312438965,23.33121,2.263840777612789,13.72655500629516,3.704936572506358,3.777299681548173,0.9958851916699926
2022-01-31,24.43865966796875,23.076601,2.263840777612789,13.72655500629516,3.704936572506358,3.777299681548173,0.9958851916699926
2022-02-01,24.590362548828125,23.25206,2.263840777612789,13.72655500629516,3.704936572506358,3.777299681548173,0.9958851916699926
2022-02-02,25.193204879760746,23.60019,2.263840777612789,13.72655500629516,3.704936572506358,3.777299681548173,0.9958851916699926
2022-02-03,23.90170288085937,24.072945,2.263840777612789,13.72655500629516,3.704936572506358,3.777299681548173,0.9958851916699926
2022-02-04,24.271982192993164,24.298231,2.263840777612789,13.72655500629516,3.704936572506358,3.777299681548173,0.9958851916699926
2022-02-07,24.6801872253418,24.460962,2.263840777612789,13.72655500629516,3.704936572506358,3.777299681548173,0.9958851916699926
2022-02-08,25.05945587158203,24.647339,2.263840777612789,13.72655500629516,3.704936572506358,3.777299681548173,0.9958851916699926
2022-02-09,26.653369903564453,24.881016,2.263840777612789,13.72655500629516,3.704936572506358,3.777299681548173,0.9958851916699926
2022-02-10,25.774070739746094,25.376123,2.263840777612789,13.72655500629516,3.704936572506358,3.777299681548173,0.9958851916699926
2022-02-11,23.90269660949707,25.739767,2.263840777612789,13.72655500629516,3.704936572506358,3.777299681548173,0.9958851916699926
2022-02-14,24.220081329345703,25.665972,2.263840777612789,13.72655500629516,3.704936572506358,3.777299681548173,0.9958851916699926
2022-02-15,26.44377326965332,25.48798,2.263840777612789,13.72655500629516,3.704936572506358,3.777299681548173,0.9958851916699926
2022-02-16,26.45974540710449,25.68503,2.263840777612789,13.72655500629516,3.704936572506358,3.777299681548173,0.9958851916699926
2022-02-17,24.459619522094727,25.996815,2.263840777612789,13.72655500629516,3.704936572506358,3.777299681548173,0.9958851916699926
2022-02-18,23.596290588378903,25.9515,2.263840777612789,13.72655500629516,3.704936572506358,3.777299681548173,0.9958851916699926
2022-02-22,23.34477806091309,25.62183,2.263840777612789,13.72655500629516,3.704936572506358,3.777299681548173,0.9958851916699926
2022-02-23,22.343711853027344,25.187473,2.263840777612789,13.72655500629516,3.704936572506358,3.777299681548173,0.9958851916699926
2022-02-24,23.70208740234375,24.603384,2.263840777612789,13.72655500629516,3.704936572506358,3.777299681548173,0.9958851916699926
2022-02-25,24.11029624938965,24.290623,2.263840777612789,13.72655500629516,3.704936572506358,3.777299681548173,0.9958851916699926
2022-02-28,24.33785629272461,24.203907,2.263840777612789,13.72655500629516,3.704936572506358,3.777299681548173,0.9958851916699926
2022-03-01,23.431610107421875,24.259945,2.263840777612789,13.72655500629516,3.704936572506358,3.777299681548173,0.9958851916699926
2022-03-02,24.17729377746582,24.205637,2.263840777612789,13.72655500629516,3.704936572506358,3.777299681548173,0.9958851916699926
2022-03-03,23.672182083129883,24.250273,2.263840777612789,13.72655500629516,3.704936572506358,3.777299681548173,0.9958851916699926
2022-03-04,22.895557403564453,24.239445,2.263840777612789,13.72655500629516,3.704936572506358,3.777299681548173,0.9958851916699926
2022-03-07,21.314348220825195,24.074411,2.263840777612789,13.72655500629516,3.704936572506358,3.777299681548173,0.9958851916699926
2022-03-08,21.47606468200684,23.599514,2.263840777612789,13.72655500629516,3.704936572506358,3.777299681548173,0.9958851916699926
2022-03-09,22.97341728210449,23.1087,2.263840777612789,13.72655500629516,3.704936572506358,3.777299681548173,0.9958851916699926
2022-03-10,22.61804962158203,22.95273,2.263840777612789,13.72655500629516,3.704936572506358,3.777299681548173,0.9958851916699926
2022-03-11,22.06103134155273,22.89061,2.263840777612789,13.72655500629516,3.704936572506358,3.777299681548173,0.9958851916699926
2022-03-14,21.292390823364254,22.77967,2.263840777612789,13.72655500629516,3.704936572506358,3.777299681548173,0.9958851916699926
2022-03-15,22.932493209838867,22.535105,2.263840777612789,13.72655500629516,3.704936572506358,3.777299681548173,0.9958851916699926
2022-03-16,24.45280647277832,22.567526,2.263840777612789,13.72655500629516,3.704936572506358,3.777299681548173,0.9958851916699926
2022-03-17,24.72233009338379,22.971365,2.263840777612789,13.72655500629516,3.704936572506358,3.777299681548173,0.9958851916699926
2022-03-18,26.406351089477536,23.505594,2.263840777612789,13.72655500629516,3.704936572506358,3.777299681548173,0.9958851916699926
2022-03-21,26.68685913085937,24.30416,2.263840777612789,13.72655500629516,3.704936572506358,3.777299681548173,0.9958851916699926
2022-03-22,26.47722816467285,25.129795,2.263840777612789,13.72655500629516,3.704936572506358,3.777299681548173,0.9958851916699926
2022-03-23,25.58879852294922,25.799112,2.263840777612789,13.72655500629516,3.704936572506358,3.777299681548173,0.9958851916699926
2022-03-24,28.100362777709957,26.144716,2.263840777612789,13.72655500629516,3.704936572506358,3.777299681548173,0.9958851916699926
2022-03-25,27.64316940307617,26.747723,2.263840777612789,13.72655500629516,3.704936572506358,3.777299681548173,0.9958851916699926
2022-03-28,28.16923713684082,27.270323,2.263840777612789,13.72655500629516,3.704936572506358,3.777299681548173,0.9958851916699926
2022-03-29,28.60547256469727,27.76702,2.263840777612789,13.72655500629516,3.704936572506358,3.777299681548173,0.9958851916699926
2022-03-30,27.641176223754883,28.246296,2.263840777612789,13.72655500629516,3.704936572506358,3.777299681548173,0.9958851916699926
2022-03-31,27.23788261413575,28.468096,2.263840777612789,13.72655500629516,3.704936572506358,3.777299681548173,0.9958851916699926
2022-04-01,26.66489982604981,28.47833,2.263840777612789,13.72655500629516,3.704936572506358,3.777299681548173,0.9958851916699926
2022-04-04,27.3117618560791,28.29798,2.263840777612789,13.72655500629516,3.704936572506358,3.777299681548173,0.9958851916699926
2022-04-05,25.885276794433597,28.179707,2.263840777612789,13.72655500629516,3.704936572506358,3.777299681548173,0.9958851916699926
2022-04-06,24.36396026611328,27.848513,2.263840777612789,13.72655500629516,3.704936572506358,3.777299681548173,0.9958851916699926
2022-04-07,24.165313720703125,27.216154,2.263840777612789,13.72655500629516,3.704936572506358,3.777299681548173,0.9958851916699926
2022-04-08,23.078235626220703,26.528711,2.263840777612789,13.72655500629516,3.704936572506358,3.777299681548173,0.9958851916699926
2022-04-11,21.87835502624512,25.735434,2.263840777612789,13.72655500629516,3.704936572506358,3.777299681548173,0.9958851916699926
2022-04-12,21.46608161926269,24.815365,2.263840777612789,13.72655500629516,3.704936572506358,3.777299681548173,0.9958851916699926
2022-04-13,22.16384506225586,23.920069,2.263840777612789,13.72655500629516,3.704936572506358,3.777299681548173,0.9958851916699926
2022-04-14,21.220516204833984,23.300774,2.263840777612789,13.72655500629516,3.704936572506358,3.777299681548173,0.9958851916699926
2022-04-18,21.74459457397461,22.72521,2.263840777612789,13.72655500629516,3.704936572506358,3.777299681548173,0.9958851916699926
2022-04-19,22.15885734558105,22.355505,2.263840777612789,13.72655500629516,3.704936572506358,3.777299681548173,0.9958851916699926
2022-04-20,21.44412040710449,22.203403,2.263840777612789,13.72655500629516,3.704936572506358,3.777299681548173,0.9958851916699926
2022-04-21,20.14741325378418,22.041601,2.263840777612789,13.72655500629516,3.704936572506358,3.777299681548173,0.9958851916699926
2022-04-22,19.480587005615234,21.681263,2.263840777612789,13.72655500629516,3.704936572506358,3.777299681548173,0.9958851916699926
2022-04-25,19.866912841796875,21.190157,2.263840777612789,13.72655500629516,3.704936572506358,3.777299681548173,0.9958851916699926
2022-04-26,18.754871368408203,20.799133,2.263840777612789,13.72655500629516,3.704936572506358,3.777299681548173,0.9958851916699926
2022-04-27,18.382530212402344,20.318808,2.263840777612789,13.72655500629516,3.704936572506358,3.777299681548173,0.9958851916699926
2022-04-28,19.747114181518555,19.819662,2.263840777612789,13.72655500629516,3.704936572506358,3.777299681548173,0.9958851916699926
2022-04-29,18.514293670654297,19.63652,2.263840777612789,13.72655500629516,3.704936572506358,3.777299681548173,0.9958851916699926
2022-05-02,19.498559951782227,19.393993,2.263840777612789,13.72655500629516,3.704936572506358,3.777299681548173,0.9958851916699926
2022-05-03,19.567432403564453,19.345097,2.263840777612789,13.72655500629516,3.704936572506358,3.777299681548173,0.9958851916699926
2022-05-04,20.29814338684082,19.39634,2.263840777612789,13.72655500629516,3.704936572506358,3.777299681548173,0.9958851916699926
2022-05-05,18.810768127441406,19.611647,2.263840777612789,13.72655500629516,3.704936572506358,3.777299681548173,0.9958851916699926
2022-05-06,18.642070770263672,19.60013,2.263840777612789,13.72655500629516,3.704936572506358,3.777299681548173,0.9958851916699926
2022-05-09,16.92011260986328,19.476444,2.263840777612789,13.72655500629516,3.704936572506358,3.777299681548173,0.9958851916699926
2022-05-10,17.563976287841797,19.02897,2.263840777612789,13.72655500629516,3.704936572506358,3.777299681548173,0.9958851916699926
2022-05-11,16.600675582885742,18.641056,2.263840777612789,13.72655500629516,3.704936572506358,3.777299681548173,0.9958851916699926
2022-05-12,16.14647674560547,18.169775,2.263840777612789,13.72655500629516,3.704936572506358,3.777299681548173,0.9958851916699926
2022-05-13,17.67477798461914,17.662682,2.263840777612789,13.72655500629516,3.704936572506358,3.777299681548173,0.9958851916699926
2022-05-16,17.233558654785156,17.49195,2.263840777612789,13.72655500629516,3.704936572506358,3.777299681548173,0.9958851916699926
2022-05-17,18.144948959350582,17.404284,2.263840777612789,13.72655500629516,3.704936572506358,3.777299681548173,0.9958851916699926
2022-05-18,16.908132553100586,17.526363,2.263840777612789,13.72655500629516,3.704936572506358,3.777299681548173,0.9958851916699926
2022-05-19,17.09380531311035,17.497381,2.263840777612789,13.72655500629516,3.704936572506358,3.777299681548173,0.9958851916699926
2022-05-20,16.664566040039062,17.450415,2.263840777612789,13.72655500629516,3.704936572506358,3.777299681548173,0.9958851916699926
2022-05-23,16.86820411682129,17.33124,2.263840777612789,13.72655500629516,3.704936572506358,3.777299681548173,0.9958851916699926
2022-05-24,16.12551498413086,17.2408,2.263840777612789,13.72655500629516,3.704936572506358,3.777299681548173,0.9958851916699926
2022-05-25,16.945068359375,17.047363,2.263840777612789,13.72655500629516,3.704936572506358,3.777299681548173,0.9958851916699926
2022-05-26,17.819520950317383,16.98989,2.263840777612789,13.72655500629516,3.704936572506358,3.777299681548173,0.9958851916699926
2022-05-27,18.777833938598636,17.149195,2.263840777612789,13.72655500629516,3.704936572506358,3.777299681548173,0.9958851916699926
2022-05-31,18.639074325561523,17.537453,2.263840777612789,13.72655500629516,3.704936572506358,3.777299681548173,0.9958851916699926
2022-06-01,18.28769874572754,17.930798,2.263840777612789,13.72655500629516,3.704936572506358,3.777299681548173,0.9958851916699926
2022-06-02,19.557451248168945,18.203758,2.263840777612789,13.72655500629516,3.704936572506358,3.777299681548173,0.9958851916699926
2022-06-03,18.686994552612305,18.609993,2.263840777612789,13.72655500629516,3.704936572506358,3.777299681548173,0.9958851916699926
2022-06-06,18.752872467041016,18.850544,2.263840777612789,13.72655500629516,3.704936572506358,3.777299681548173,0.9958851916699926
2022-06-07,18.89262962341309,18.999243,2.263840777612789,13.72655500629516,3.704936572506358,3.777299681548173,0.9958851916699926
2022-06-08,18.61905670166016,19.11125,2.263840777612789,13.72655500629516,3.704936572506358,3.777299681548173,0.9958851916699926
2022-06-09,18.019983291625977,19.140915,2.263840777612789,13.72655500629516,3.704936572506358,3.777299681548173,0.9958851916699926
2022-06-10,16.947650909423828,19.026312,2.263840777612789,13.72655500629516,3.704936572506358,3.777299681548173,0.9958851916699926
2022-06-13,15.62271213531494,18.683125,2.263840777612789,13.72655500629516,3.704936572506358,3.777299681548173,0.9958851916699926
2022-06-14,15.811420440673828,18.070513,2.263840777612789,13.72655500629516,3.704936572506358,3.777299681548173,0.9958851916699926
2022-06-15,16.501346588134766,17.480957,2.263840777612789,13.72655500629516,3.704936572506358,3.777299681548173,0.9958851916699926
2022-06-16,15.576783180236816,17.113176,2.263840777612789,13.72655500629516,3.704936572506358,3.777299681548173,0.9958851916699926
2022-06-17,15.855348587036133,16.727737,2.263840777612789,13.72655500629516,3.704936572506358,3.777299681548173,0.9958851916699926
2022-06-21,16.540283203125,16.446825,2.263840777612789,13.72655500629516,3.704936572506358,3.777299681548173,0.9958851916699926
2022-06-22,16.334606170654297,16.373396,2.263840777612789,13.72655500629516,3.704936572506358,3.777299681548173,0.9958851916699926
2022-06-23,16.199817657470703,16.359255,2.263840777612789,13.72655500629516,3.704936572506358,3.777299681548173,0.9958851916699926
2022-06-24,17.099414825439453,16.350292,2.263840777612789,13.72655500629516,3.704936572506358,3.777299681548173,0.9958851916699926
2022-06-27,16.84281349182129,16.505886,2.263840777612789,13.72655500629516,3.704936572506358,3.777299681548173,0.9958851916699926
2022-06-28,15.957190513610842,16.658808,2.263840777612789,13.72655500629516,3.704936572506358,3.777299681548173,0.9958851916699926
2022-06-29,15.517873764038086,16.633846,2.263840777612789,13.72655500629516,3.704936572506358,3.777299681548173,0.9958851916699926
2022-06-30,15.13547134399414,16.468468,2.263840777612789,13.72655500629516,3.704936572506358,3.777299681548173,0.9958851916699926
2022-07-01,14.500454902648928,16.208544,2.263840777612789,13.72655500629516,3.704936572506358,3.777299681548173,0.9958851916699926
2022-07-05,14.94077205657959,15.842172,2.263840777612789,13.72655500629516,3.704936572506358,3.777299681548173,0.9958851916699926
2022-07-06,15.106514930725098,15.570105,2.263840777612789,13.72655500629516,3.704936572506358,3.777299681548173,0.9958851916699926
2022-07-07,15.833383560180664,15.407613,2.263840777612789,13.72655500629516,3.704936572506358,3.777299681548173,0.9958851916699926
2022-07-08,15.813413619995114,15.442408,2.263840777612789,13.72655500629516,3.704936572506358,3.777299681548173,0.9958851916699926
2022-07-11,15.128479957580566,15.546912,2.263840777612789,13.72655500629516,3.704936572506358,3.777299681548173,0.9958851916699926
2022-07-12,15.058588981628418,15.544158,2.263840777612789,13.72655500629516,3.704936572506358,3.777299681548173,0.9958851916699926
2022-07-13,15.140460968017578,15.489859,2.263840777612789,13.72655500629516,3.704936572506358,3.777299681548173,0.9958851916699926
2022-07-14,15.348135948181154,15.439866,2.263840777612789,13.72655500629516,3.704936572506358,3.777299681548173,0.9958851916699926
2022-07-15,15.737532615661621,15.437004,2.263840777612789,13.72655500629516,3.704936572506358,3.777299681548173,0.9958851916699926
2022-07-18,16.076005935668945,15.5222225,2.263840777612789,13.72655500629516,3.704936572506358,3.777299681548173,0.9958851916699926
2022-07-19,16.965621948242188,15.688536,2.263840777612789,13.72655500629516,3.704936572506358,3.777299681548173,0.9958851916699926
2022-07-20,17.779356002807617,16.017023,2.263840777612789,13.72655500629516,3.704936572506358,3.777299681548173,0.9958851916699926
2022-07-21,18.02198028564453,16.500069,2.263840777612789,13.72655500629516,3.704936572506358,3.777299681548173,0.9958851916699926
2022-07-22,17.2921199798584,17.009838,2.263840777612789,13.72655500629516,3.704936572506358,3.777299681548173,0.9958851916699926
2022-07-25,16.997573852539062,17.321222,2.263840777612789,13.72655500629516,3.704936572506358,3.777299681548173,0.9958851916699926
2022-07-26,16.50733757019043,17.453455,2.263840777612789,13.72655500629516,3.704936572506358,3.777299681548173,0.9958851916699926
2022-07-27,17.762388229370117,17.406858,2.263840777612789,13.72655500629516,3.704936572506358,3.777299681548173,0.9958851916699926
2022-07-28,17.956085205078125,17.515354,2.263840777612789,13.72655500629516,3.704936572506358,3.777299681548173,0.9958851916699926
2022-07-29,18.13480758666992,17.697948,2.263840777612789,13.72655500629516,3.704936572506358,3.777299681548173,0.9958851916699926
2022-08-01,18.41237449645996,17.90943,2.263840777612789,13.72655500629516,3.704936572506358,3.777299681548173,0.9958851916699926
2022-08-02,18.497243881225582,18.145195,2.263840777612789,13.72655500629516,3.704936572506358,3.777299681548173,0.9958851916699926
2022-08-03,18.863672256469727,18.365881,2.263840777612789,13.72655500629516,3.704936572506358,3.777299681548173,0.9958851916699926
2022-08-04,19.1851749420166,18.607958,2.263840777612789,13.72655500629516,3.704936572506358,3.777299681548173,0.9958851916699926
2022-08-05,18.959522247314453,18.874226,2.263840777612789,13.72655500629516,3.704936572506358,3.777299681548173,0.9958851916699926
2022-08-08,17.765382766723633,19.065912,2.263840777612789,13.72655500629516,3.704936572506358,3.777299681548173,0.9958851916699926
2022-08-09,17.059476852416992,18.986408,2.263840777612789,13.72655500629516,3.704936572506358,3.777299681548173,0.9958851916699926
2022-08-10,18.068910598754883,18.687544,2.263840777612789,13.72655500629516,3.704936572506358,3.777299681548173,0.9958851916699926
2022-08-11,17.914148330688477,18.524727,2.263840777612789,13.72655500629516,3.704936572506358,3.777299681548173,0.9958851916699926
2022-08-12,18.679956436157227,18.410774,2.263840777612789,13.72655500629516,3.704936572506358,3.777299681548173,0.9958851916699926
2022-08-15,19.00245475769043,18.466692,2.263840777612789,13.72655500629516,3.704936572506358,3.777299681548173,0.9958851916699926
2022-08-16,18.84969520568848,18.635572,2.263840777612789,13.72655500629516,3.704936572506358,3.777299681548173,0.9958851916699926
2022-08-17,18.306537628173828,18.794739,2.263840777612789,13.72655500629516,3.704936572506358,3.777299681548173,0.9958851916699926
2022-08-18,18.74386215209961,18.829716,2.263840777612789,13.72655500629516,3.704936572506358,3.777299681548173,0.9958851916699926
2022-08-19,17.821292877197266,18.887396,2.263840777612789,13.72655500629516,3.704936572506358,3.777299681548173,0.9958851916699926
2022-08-22,17.007556915283203,18.782354,2.263840777612789,13.72655500629516,3.704936572506358,3.777299681548173,0.9958851916699926
2022-08-23,17.154329299926758,18.487364,2.263840777612789,13.72655500629516,3.704936572506358,3.777299681548173,0.9958851916699926
2022-08-24,17.195268630981445,18.190067,2.263840777612789,13.72655500629516,3.704936572506358,3.777299681548173,0.9958851916699926
2022-08-25,17.885189056396484,17.945312,2.263840777612789,13.72655500629516,3.704936572506358,3.777299681548173,0.9958851916699926
2022-08-26,16.234760284423828,17.880655,2.263840777612789,13.72655500629516,3.704936572506358,3.777299681548173,0.9958851916699926
2022-08-29,15.776472091674805,17.60735,2.263840777612789,13.72655500629516,3.704936572506358,3.777299681548173,0.9958851916699926
2022-08-30,15.44398880004883,17.216993,2.263840777612789,13.72655500629516,3.704936572506358,3.777299681548173,0.9958851916699926
2022-08-31,15.070569992065428,16.785534,2.263840777612789,13.72655500629516,3.704936572506358,3.777299681548173,0.9958851916699926
2022-09-01,13.915368080139162,16.342165,2.263840777612789,13.72655500629516,3.704936572506358,3.777299681548173,0.9958851916699926
2022-09-02,13.625816345214844,15.763529,2.263840777612789,13.72655500629516,3.704936572506358,3.777299681548173,0.9958851916699926
2022-09-06,13.444099426269531,15.175374,2.263840777612789,13.72655500629516,3.704936572506358,3.777299681548173,0.9958851916699926
2022-09-07,13.69678211212158,14.647439,2.263840777612789,13.72655500629516,3.704936572506358,3.777299681548173,0.9958851916699926
2022-09-08,13.97243309020996,14.274283,2.263840777612789,13.72655500629516,3.704936572506358,3.777299681548173,0.9958851916699926
2022-09-09,14.368936538696287,14.073023,2.263840777612789,13.72655500629516,3.704936572506358,3.777299681548173,0.9958851916699926
2022-09-12,14.486788749694826,14.045007,2.263840777612789,13.72655500629516,3.704936572506358,3.777299681548173,0.9958851916699926
2022-09-13,13.114513397216795,14.11479,2.263840777612789,13.72655500629516,3.704936572506358,3.777299681548173,0.9958851916699926
2022-09-14,13.111517906188965,13.976096,2.263840777612789,13.72655500629516,3.704936572506358,3.777299681548173,0.9958851916699926
2022-09-15,12.912766456604004,13.782213,2.263840777612789,13.72655500629516,3.704936572506358,3.777299681548173,0.9958851916699926
2022-09-16,13.18142795562744,13.566118,2.263840777612789,13.72655500629516,3.704936572506358,3.777299681548173,0.9958851916699926
2022-09-19,13.365197181701662,13.425683,2.263840777612789,13.72655500629516,3.704936572506358,3.777299681548173,0.9958851916699926
2022-09-20,13.159455299377438,13.37189,2.263840777612789,13.72655500629516,3.704936572506358,3.777299681548173,0.9958851916699926
2022-09-21,13.244350433349611,13.326988,2.263840777612789,13.72655500629516,3.704936572506358,3.777299681548173,0.9958851916699926
2022-09-22,12.545228958129885,13.310143,2.263840777612789,13.72655500629516,3.704936572506358,3.777299681548173,0.9958851916699926
2022-09-23,12.500285148620604,13.186591,2.263840777612789,13.72655500629516,3.704936572506358,3.777299681548173,0.9958851916699926
2022-09-26,12.212647438049316,13.035167,2.263840777612789,13.72655500629516,3.704936572506358,3.777299681548173,0.9958851916699926
2022-09-27,12.397415161132812,12.847966,2.263840777612789,13.72655500629516,3.704936572506358,3.777299681548173,0.9958851916699926
2022-09-28,12.720008850097656,12.710291,2.263840777612789,13.72655500629516,3.704936572506358,3.777299681548173,0.9958851916699926
2022-09-29,12.204655647277832,12.671662,2.263840777612789,13.72655500629516,3.704936572506358,3.777299681548173,0.9958851916699926
2022-09-30,12.123759269714355,12.588923,2.263840777612789,13.72655500629516,3.704936572506358,3.777299681548173,0.9958851916699926
2022-10-03,12.49629020690918,12.489599,2.263840777612789,13.72655500629516,3.704936572506358,3.777299681548173,0.9958851916699926
2022-10-04,13.150467872619627,12.46632,2.263840777612789,13.72655500629516,3.704936572506358,3.777299681548173,0.9958851916699926
2022-10-05,13.192413330078125,12.592456,2.263840777612789,13.72655500629516,3.704936572506358,3.777299681548173,0.9958851916699926
2022-10-06,13.113514900207521,12.765646,2.263840777612789,13.72655500629516,3.704936572506358,3.777299681548173,0.9958851916699926
2022-10-07,12.060836791992188,12.9173765,2.263840777612789,13.72655500629516,3.704936572506358,3.777299681548173,0.9958851916699926
2022-10-10,11.65534782409668,12.853196,2.263840777612789,13.72655500629516,3.704936572506358,3.777299681548173,0.9958851916699926
2022-10-11,11.571453094482422,12.644462,2.263840777612789,13.72655500629516,3.704936572506358,3.777299681548173,0.9958851916699926
2022-10-12,11.485560417175291,12.39752,2.263840777612789,13.72655500629516,3.704936572506358,3.777299681548173,0.9958851916699926
2022-10-13,11.944984436035156,12.1593485,2.263840777612789,13.72655500629516,3.704936572506358,3.777299681548173,0.9958851916699926
2022-10-14,11.21290397644043,12.042761,2.263840777612789,13.72655500629516,3.704936572506358,3.777299681548173,0.9958851916699926
2022-10-17,11.87307357788086,11.86402,2.263840777612789,13.72655500629516,3.704936572506358,3.777299681548173,0.9958851916699926
2022-10-18,11.951974868774414,11.806033,2.263840777612789,13.72655500629516,3.704936572506358,3.777299681548173,0.9958851916699926
2022-10-19,12.035868644714355,11.819156,2.263840777612789,13.72655500629516,3.704936572506358,3.777299681548173,0.9958851916699926
2022-10-20,12.178691864013672,11.874067,2.263840777612789,13.72655500629516,3.704936572506358,3.777299681548173,0.9958851916699926
2022-10-21,12.45034885406494,11.963102,2.263840777612789,13.72655500629516,3.704936572506358,3.777299681548173,0.9958851916699926
2022-10-24,12.583181381225586,12.100326,2.263840777612789,13.72655500629516,3.704936572506358,3.777299681548173,0.9958851916699926
2022-10-25,13.244350433349611,12.259003,2.263840777612789,13.72655500629516,3.704936572506358,3.777299681548173,0.9958851916699926
2022-10-26,12.879806518554688,12.517677,2.263840777612789,13.72655500629516,3.704936572506358,3.777299681548173,0.9958851916699926
2022-10-27,13.159455299377438,12.710875,2.263840777612789,13.72655500629516,3.704936572506358,3.777299681548173,0.9958851916699926
2022-10-28,13.816628456115723,12.897151,2.263840777612789,13.72655500629516,3.704936572506358,3.777299681548173,0.9958851916699926
2022-10-31,13.48005485534668,13.16598,2.263840777612789,13.72655500629516,3.704936572506358,3.777299681548173,0.9958851916699926
2022-11-01,13.525995254516603,13.364513,2.263840777612789,13.72655500629516,3.704936572506358,3.777299681548173,0.9958851916699926
2022-11-02,13.202402114868164,13.5112095,2.263840777612789,13.72655500629516,3.704936572506358,3.777299681548173,0.9958851916699926
2022-11-03,13.40414810180664,13.556163,2.263840777612789,13.72655500629516,3.704936572506358,3.777299681548173,0.9958851916699926
2022-11-04,14.138226509094238,13.587891,2.263840777612789,13.72655500629516,3.704936572506358,3.777299681548173,0.9958851916699926
2022-11-07,14.283042907714846,13.736123,2.263840777612789,13.72655500629516,3.704936572506358,3.777299681548173,0.9958851916699926
2022-11-08,14.58366584777832,13.929791,2.263840777612789,13.72655500629516,3.704936572506358,3.777299681548173,0.9958851916699926
2022-11-09,13.758703231811523,14.161696,2.263840777612789,13.72655500629516,3.704936572506358,3.777299681548173,0.9958851916699926
2022-11-10,15.730224609374998,14.225629,2.263840777612789,13.72655500629516,3.704936572506358,3.777299681548173,0.9958851916699926
2022-11-11,16.306499481201172,14.558253,2.263840777612789,13.72655500629516,3.704936572506358,3.777299681548173,0.9958851916699926
2022-11-14,16.27454376220703,15.04203,2.263840777612789,13.72655500629516,3.704936572506358,3.777299681548173,0.9958851916699926
2022-11-15,16.64507484436035,15.501094,2.263840777612789,13.72655500629516,3.704936572506358,3.777299681548173,0.9958851916699926
2022-11-16,15.890023231506348,15.94124,2.263840777612789,13.72655500629516,3.704936572506358,3.777299681548173,0.9958851916699926
2022-11-17,15.657315254211426,16.169613,2.263840777612789,13.72655500629516,3.704936572506358,3.777299681548173,0.9958851916699926
2022-11-18,15.389654159545898,16.23571,2.263840777612789,13.72655500629516,3.704936572506358,3.777299681548173,0.9958851916699926
2022-11-21,15.297767639160158,16.177574,2.263840777612789,13.72655500629516,3.704936572506358,3.777299681548173,0.9958851916699926
2022-11-22,16.017864227294922,16.060312,2.263840777612789,13.72655500629516,3.704936572506358,3.777299681548173,0.9958851916699926
2022-11-23,16.498260498046875,16.061234,2.263840777612789,13.72655500629516,3.704936572506358,3.777299681548173,0.9958851916699926
2022-11-25,16.24957275390625,16.189184,2.263840777612789,13.72655500629516,3.704936572506358,3.777299681548173,0.9958851916699926
2022-11-28,15.807126998901369,16.300508,2.263840777612789,13.72655500629516,3.704936572506358,3.777299681548173,0.9958851916699926
2022-11-29,15.61936378479004,16.308537,2.263840777612789,13.72655500629516,3.704936572506358,3.777299681548173,0.9958851916699926
2022-11-30,16.90607452392578,16.240662,2.263840777612789,13.72655500629516,3.704936572506358,3.777299681548173,0.9958851916699926
2022-12-01,17.117862701416016,16.37817,2.263840777612789,13.72655500629516,3.704936572506358,3.777299681548173,0.9958851916699926
2022-12-02,16.8591251373291,16.609682,2.263840777612789,13.72655500629516,3.704936572506358,3.777299681548173,0.9958851916699926
2022-12-05,16.593387603759766,16.79507,2.263840777612789,13.72655500629516,3.704936572506358,3.777299681548173,0.9958851916699926
2022-12-06,15.971012115478516,16.885868,2.263840777612789,13.72655500629516,3.704936572506358,3.777299681548173,0.9958851916699926
2022-12-07,16.103879928588867,16.815292,2.263840777612789,13.72655500629516,3.704936572506358,3.777299681548173,0.9958851916699926
2022-12-08,17.151832580566406,16.715054,2.263840777612789,13.72655500629516,3.704936572506358,3.777299681548173,0.9958851916699926
2022-12-09,16.983997344970703,16.801409,2.263840777612789,13.72655500629516,3.704936572506358,3.777299681548173,0.9958851916699926
2022-12-12,17.51746368408203,16.916037,2.263840777612789,13.72655500629516,3.704936572506358,3.777299681548173,0.9958851916699926
2022-12-13,18.053926467895508,17.116482,2.263840777612789,13.72655500629516,3.704936572506358,3.777299681548173,0.9958851916699926
2022-12-14,17.65632438659668,17.41209,2.263840777612789,13.72655500629516,3.704936572506358,3.777299681548173,0.9958851916699926
2022-12-15,16.93504524230957,17.627642,2.263840777612789,13.72655500629516,3.704936572506358,3.777299681548173,0.9958851916699926
2022-12-16,16.554428100585938,17.650711,2.263840777612789,13.72655500629516,3.704936572506358,3.777299681548173,0.9958851916699926
2022-12-19,16.237743377685547,17.527212,2.263840777612789,13.72655500629516,3.704936572506358,3.777299681548173,0.9958851916699926
2022-12-20,16.06891632080078,17.308897,2.263840777612789,13.72655500629516,3.704936572506358,3.777299681548173,0.9958851916699926
2022-12-21,16.484495162963867,17.056812,2.263840777612789,13.72655500629516,3.704936572506358,3.777299681548173,0.9958851916699926
2022-12-22,15.323660850524902,16.902882,2.263840777612789,13.72655500629516,3.704936572506358,3.777299681548173,0.9958851916699926
2022-12-23,15.190792083740234,16.607002,2.263840777612789,13.72655500629516,3.704936572506358,3.777299681548173,0.9958851916699926
2022-12-27,14.106878280639647,16.279278,2.263840777612789,13.72655500629516,3.704936572506358,3.777299681548173,0.9958851916699926
2022-12-28,14.021963119506836,15.801007,2.263840777612789,13.72655500629516,3.704936572506358,3.777299681548173,0.9958851916699926
2022-12-29,14.588397026062012,15.325618,2.263840777612789,13.72655500629516,3.704936572506358,3.777299681548173,0.9958851916699926
2022-12-30,14.599385261535645,15.027006,2.263840777612789,13.72655500629516,3.704936572506358,3.777299681548173,0.9958851916699926
2023-01-03,14.300683021545412,14.848343,2.263840777612789,13.72655500629516,3.704936572506358,3.777299681548173,0.9958851916699926
2023-01-04,14.73424816131592,14.695144,2.263840777612789,13.72655500629516,3.704936572506358,3.777299681548173,0.9958851916699926
2023-01-05,14.25073528289795,14.655432,2.263840777612789,13.72655500629516,3.704936572506358,3.777299681548173,0.9958851916699926
2023-01-06,14.84414005279541,14.584699,2.263840777612789,13.72655500629516,3.704936572506358,3.777299681548173,0.9958851916699926
2023-01-09,15.612370491027832,14.620476,2.263840777612789,13.72655500629516,3.704936572506358,3.777299681548173,0.9958851916699926
2023-01-10,15.893090248107912,14.829683,2.263840777612789,13.72655500629516,3.704936572506358,3.777299681548173,0.9958851916699926
2023-01-11,15.984996795654297,15.125266,2.263840777612789,13.72655500629516,3.704936572506358,3.777299681548173,0.9958851916699926
2023-01-12,16.49448585510254,15.426221,2.263840777612789,13.72655500629516,3.704936572506358,3.777299681548173,0.9958851916699926
2023-01-13,16.882102966308594,15.772713,2.263840777612789,13.72655500629516,3.704936572506358,3.777299681548173,0.9958851916699926
2023-01-17,17.684295654296875,16.150908,2.263840777612789,13.72655500629516,3.704936572506358,3.777299681548173,0.9958851916699926
2023-01-18,17.35962677001953,16.622375,2.263840777612789,13.72655500629516,3.704936572506358,3.777299681548173,0.9958851916699926
2023-01-19,16.748233795166016,16.997868,2.263840777612789,13.72655500629516,3.704936572506358,3.777299681548173,0.9958851916699926
2023-01-20,17.82115936279297,17.167997,2.263840777612789,13.72655500629516,3.704936572506358,3.777299681548173,0.9958851916699926
2023-01-23,19.173803329467773,17.417185,2.263840777612789,13.72655500629516,3.704936572506358,3.777299681548173,0.9958851916699926
2023-01-24,19.2457332611084,17.891918,2.263840777612789,13.72655500629516,3.704936572506358,3.777299681548173,0.9958851916699926
2023-01-25,19.303674697875977,18.388939,2.263840777612789,13.72655500629516,3.704936572506358,3.777299681548173,0.9958851916699926
2023-01-26,19.78219413757324,18.823359,2.263840777612789,13.72655500629516,3.704936572506358,3.777299681548173,0.9958851916699926
2023-01-27,20.344635009765625,19.245354,2.263840777612789,13.72655500629516,3.704936572506358,3.777299681548173,0.9958851916699926
2023-01-30,19.14283943176269,19.690586,2.263840777612789,13.72655500629516,3.704936572506358,3.777299681548173,0.9958851916699926
2023-01-31,19.5174617767334,19.85942,2.263840777612789,13.72655500629516,3.704936572506358,3.777299681548173,0.9958851916699926
2023-02-01,20.922060012817383,19.955444,2.263840777612789,13.72655500629516,3.704936572506358,3.777299681548173,0.9958851916699926
2023-02-02,21.687292098999023,20.249409,2.263840777612789,13.72655500629516,3.704936572506358,3.777299681548173,0.9958851916699926
2023-02-03,21.07889747619629,20.703428,2.263840777612789,13.72655500629516,3.704936572506358,3.777299681548173,0.9958851916699926
2023-02-06,21.067909240722656,21.037199,2.263840777612789,13.72655500629516,3.704936572506358,3.777299681548173,0.9958851916699926
2023-02-07,22.15082359313965,21.265862,2.263840777612789,13.72655500629516,3.704936572506358,3.777299681548173,0.9958851916699926
2023-02-08,22.182790756225582,21.603445,2.263840777612789,13.72655500629516,3.704936572506358,3.777299681548173,0.9958851916699926
2023-02-09,22.314659118652344,21.931406,2.263840777612789,13.72655500629516,3.704936572506358,3.777299681548173,0.9958851916699926
2023-02-10,21.24373435974121,22.223099,2.263840777612789,13.72655500629516,3.704936572506358,3.777299681548173,0.9958851916699926
2023-02-13,21.766210556030277,22.26274,2.263840777612789,13.72655500629516,3.704936572506358,3.777299681548173,0.9958851916699926
2023-02-14,22.948028564453125,22.285904,2.263840777612789,13.72655500629516,3.704936572506358,3.777299681548173,0.9958851916699926
2023-02-15,22.741233825683597,22.502121,2.263840777612789,13.72655500629516,3.704936572506358,3.777299681548173,0.9958851916699926
2023-02-16,21.979999542236328,22.71921,2.263840777612789,13.72655500629516,3.704936572506358,3.777299681548173,0.9958851916699926
2023-02-17,21.366607666015625,22.765884,2.263840777612789,13.72655500629516,3.704936572506358,3.777299681548173,0.9958851916699926
2023-02-21,20.63434219360352,22.628544,2.263840777612789,13.72655500629516,3.704936572506358,3.777299681548173,0.9958851916699926
2023-02-22,20.73324584960937,22.310024,2.263840777612789,13.72655500629516,3.704936572506358,3.777299681548173,0.9958851916699926
2023-02-23,23.64033508300781,21.986103,2.263840777612789,13.72655500629516,3.704936572506358,3.777299681548173,0.9958851916699926
2023-02-24,23.26271247863769,22.219189,2.263840777612789,13.72655500629516,3.704936572506358,3.777299681548173,0.9958851916699926
2023-02-27,23.47749328613281,22.564344,2.263840777612789,13.72655500629516,3.704936572506358,3.777299681548173,0.9958851916699926
2023-02-28,23.192781448364254,22.936626,2.263840777612789,13.72655500629516,3.704936572506358,3.777299681548173,0.9958851916699926
2023-03-01,22.67530059814453,23.210741,2.263840777612789,13.72655500629516,3.704936572506358,3.777299681548173,0.9958851916699926
2023-03-02,23.290681838989254,23.312223,2.263840777612789,13.72655500629516,3.704936572506358,3.777299681548173,0.9958851916699926
2023-03-03,23.866107940673828,23.437489,2.263840777612789,13.72655500629516,3.704936572506358,3.777299681548173,0.9958851916699926
2023-03-06,23.530445098876957,23.651413,2.263840777612789,13.72655500629516,3.704936572506358,3.777299681548173,0.9958851916699926
2023-03-07,23.26866149902344,23.805334,2.263840777612789,13.72655500629516,3.704936572506358,3.777299681548173,0.9958851916699926
2023-03-08,24.16092109680176,23.864017,2.263840777612789,13.72655500629516,3.704936572506358,3.777299681548173,0.9958851916699926
2023-03-09,23.416540145874023,24.03106,2.263840777612789,13.72655500629516,3.704936572506358,3.777299681548173,0.9958851916699926
2023-03-10,22.9459285736084,24.081038,2.263840777612789,13.72655500629516,3.704936572506358,3.777299681548173,0.9958851916699926
2023-03-13,22.946928024291992,23.993368,2.263840777612789,13.72655500629516,3.704936572506358,3.777299681548173,0.9958851916699926
2023-03-14,24.043014526367188,23.864307,2.263840777612789,13.72655500629516,3.704936572506358,3.777299681548173,0.9958851916699926
2023-03-15,24.2078800201416,23.930008,2.263840777612789,13.72655500629516,3.704936572506358,3.777299681548173,0.9958851916699926
2023-03-16,25.51979255676269,24.088415,2.263840777612789,13.72655500629516,3.704936572506358,3.777299681548173,0.9958851916699926
2023-03-17,25.703638076782227,24.48732,2.263840777612789,13.72655500629516,3.704936572506358,3.777299681548173,0.9958851916699926
2023-03-20,25.87849235534668,24.948185,2.263840777612789,13.72655500629516,3.704936572506358,3.777299681548173,0.9958851916699926
2023-03-21,26.17724227905273,25.39052,2.263840777612789,13.72655500629516,3.704936572506358,3.777299681548173,0.9958851916699926
2023-03-22,26.446020126342773,25.807093,2.263840777612789,13.72655500629516,3.704936572506358,3.777299681548173,0.9958851916699926
2023-03-23,27.16842460632324,26.193136,2.263840777612789,13.72655500629516,3.704936572506358,3.777299681548173,0.9958851916699926
2023-03-24,26.756761550903324,26.630564,2.263840777612789,13.72655500629516,3.704936572506358,3.777299681548173,0.9958851916699926
2023-03-27,26.50896644592285,26.943417,2.263840777612789,13.72655500629516,3.704936572506358,3.777299681548173,0.9958851916699926
2023-03-28,26.388069152832028,27.11159,2.263840777612789,13.72655500629516,3.704936572506358,3.777299681548173,0.9958851916699926
2023-03-29,26.961595535278317,27.171799,2.263840777612789,13.72655500629516,3.704936572506358,3.777299681548173,0.9958851916699926
2023-03-30,27.360258102416992,27.276993,2.263840777612789,13.72655500629516,3.704936572506358,3.777299681548173,0.9958851916699926
2023-03-31,27.75393295288086,27.448874,2.263840777612789,13.72655500629516,3.704936572506358,3.777299681548173,0.9958851916699926
2023-04-03,27.941774368286136,27.685003,2.263840777612789,13.72655500629516,3.704936572506358,3.777299681548173,0.9958851916699926
2023-04-04,27.430202484130856,27.938593,2.263840777612789,13.72655500629516,3.704936572506358,3.777299681548173,0.9958851916699926
2023-04-05,26.858680725097656,28.066254,2.263840777612789,13.72655500629516,3.704936572506358,3.777299681548173,0.9958851916699926
2023-04-06,27.01454734802246,28.021824,2.263840777612789,13.72655500629516,3.704936572506358,3.777299681548173,0.9958851916699926
2023-04-10,27.55609703063965,27.942066,2.263840777612789,13.72655500629516,3.704936572506358,3.777299681548173,0.9958851916699926
2023-04-11,27.14644050598144,27.953337,2.263840777612789,13.72655500629516,3.704936572506358,3.777299681548173,0.9958851916699926
2023-04-12,26.473001480102543,27.923855,2.263840777612789,13.72655500629516,3.704936572506358,3.777299681548173,0.9958851916699926
2023-04-13,26.441022872924805,27.763374,2.263840777612789,13.72655500629516,3.704936572506358,3.777299681548173,0.9958851916699926
2023-04-14,26.73577880859375,27.570364,2.263840777612789,13.72655500629516,3.704936572506358,3.777299681548173,0.9958851916699926
2023-04-17,26.979576110839847,27.445715,2.263840777612789,13.72655500629516,3.704936572506358,3.777299681548173,0.9958851916699926
2023-04-18,27.644027709960938,27.409403,2.263840777612789,13.72655500629516,3.704936572506358,3.777299681548173,0.9958851916699926
2023-04-19,27.907806396484368,27.529692,2.263840777612789,13.72655500629516,3.704936572506358,3.777299681548173,0.9958851916699926
2023-04-20,27.081493377685547,27.738401,2.263840777612789,13.72655500629516,3.704936572506358,3.777299681548173,0.9958851916699926
2023-04-21,27.09648132324219,27.804096,2.263840777612789,13.72655500629516,3.704936572506358,3.777299681548173,0.9958851916699926
2023-04-24,27.019546508789062,27.807076,2.263840777612789,13.72655500629516,3.704936572506358,3.777299681548173,0.9958851916699926
2023-04-25,26.21920585632324,27.771591,2.263840777612789,13.72655500629516,3.704936572506358,3.777299681548173,0.9958851916699926
2023-04-26,26.93361473083496,27.586021,2.263840777612789,13.72655500629516,3.704936572506358,3.777299681548173,0.9958851916699926
2023-04-27,27.203392028808597,27.496595,2.263840777612789,13.72655500629516,3.704936572506358,3.777299681548173,0.9958851916699926
2023-04-28,27.725959777832028,27.505466,2.263840777612789,13.72655500629516,3.704936572506358,3.777299681548173,0.9958851916699926
2023-05-01,28.885993957519535,27.642906,2.263840777612789,13.72655500629516,3.704936572506358,3.777299681548173,0.9958851916699926
2023-05-02,28.186574935913086,28.012466,2.263840777612789,13.72655500629516,3.704936572506358,3.777299681548173,0.9958851916699926
2023-05-03,27.778913497924805,28.291353,2.263840777612789,13.72655500629516,3.704936572506358,3.777299681548173,0.9958851916699926
2023-05-04,27.53911590576172,28.419928,2.263840777612789,13.72655500629516,3.704936572506358,3.777299681548173,0.9958851916699926
2023-05-05,28.65618324279785,28.427294,2.263840777612789,13.72655500629516,3.704936572506358,3.777299681548173,0.9958851916699926
2023-05-08,29.126789093017575,28.581371,2.263840777612789,13.72655500629516,3.704936572506358,3.777299681548173,0.9958851916699926
2023-05-09,28.54727172851563,28.849106,2.263840777612789,13.72655500629516,3.704936572506358,3.777299681548173,0.9958851916699926
2023-05-10,28.861017227172848,29.015774,2.263840777612789,13.72655500629516,3.704936572506358,3.777299681548173,0.9958851916699926
2023-05-11,28.554269790649414,29.170794,2.263840777612789,13.72655500629516,3.704936572506358,3.777299681548173,0.9958851916699926
2023-05-12,28.31646728515625,29.241194,2.263840777612789,13.72655500629516,3.704936572506358,3.777299681548173,0.9958851916699926
2023-05-15,28.928956985473636,29.224174,2.263840777612789,13.72655500629516,3.704936572506358,3.777299681548173,0.9958851916699926
2023-05-16,29.18873977661133,29.281485,2.263840777612789,13.72655500629516,3.704936572506358,3.777299681548173,0.9958851916699926
2023-05-17,30.15294075012207,29.40223,2.263840777612789,13.72655500629516,3.704936572506358,3.777299681548173,0.9958851916699926
2023-05-18,31.651695251464844,29.696245,2.263840777612789,13.72655500629516,3.704936572506358,3.777299681548173,0.9958851916699926
2023-05-19,31.238035202026364,30.272707,2.263840777612789,13.72655500629516,3.704936572506358,3.777299681548173,0.9958851916699926
2023-05-22,31.150112152099613,30.793777,2.263840777612789,13.72655500629516,3.704936572506358,3.777299681548173,0.9958851916699926
2023-05-23,30.662515640258793,31.194466,2.263840777612789,13.72655500629516,3.704936572506358,3.777299681548173,0.9958851916699926
2023-05-24,30.51263999938965,31.397303,2.263840777612789,13.72655500629516,3.704936572506358,3.777299681548173,0.9958851916699926
2023-05-25,37.948463439941406,31.46199,2.263840777612789,13.72655500629516,3.704936572506358,3.777299681548173,0.9958851916699926
2023-05-26,38.91365814208984,32.764347,2.263840777612789,13.72655500629516,3.704936572506358,3.777299681548173,0.9958851916699926
2023-05-30,40.07770156860352,34.505386,2.263840777612789,13.72655500629516,3.704936572506358,3.777299681548173,0.9958851916699926
2023-05-31,37.80257797241211,36.343506,2.263840777612789,13.72655500629516,3.704936572506358,3.777299681548173,0.9958851916699926
2023-06-01,39.73697280883789,37.524967,2.263840777612789,13.72655500629516,3.704936572506358,3.777299681548173,0.9958851916699926
2023-06-02,39.294342041015625,38.598183,2.263840777612789,13.72655500629516,3.704936572506358,3.777299681548173,0.9958851916699926
2023-06-05,39.13847351074219,39.371162,2.263840777612789,13.72655500629516,3.704936572506358,3.777299681548173,0.9958851916699926
2023-06-06,38.62189865112305,39.866917,2.263840777612789,13.72655500629516,3.704936572506358,3.777299681548173,0.9958851916699926
2023-06-07,37.447750091552734,40.073616,2.263840777612789,13.72655500629516,3.704936572506358,3.777299681548173,0.9958851916699926
2023-06-08,38.48199844360352,39.916965,2.263840777612789,13.72655500629516,3.704936572506358,3.777299681548173,0.9958851916699926
2023-06-09,38.7418098449707,39.81377,2.263840777612789,13.72655500629516,3.704936572506358,3.777299681548173,0.9958851916699926
2023-06-12,39.45329666137695,39.781822,2.263840777612789,13.72655500629516,3.704936572506358,3.777299681548173,0.9958851916699926
2023-06-13,40.9921760559082,39.898544,2.263840777612789,13.72655500629516,3.704936572506358,3.777299681548173,0.9958851916699926
2023-06-14,42.96574783325195,40.317352,2.263840777612789,13.72655500629516,3.704936572506358,3.777299681548173,0.9958851916699926
2023-06-15,42.62199401855469,41.127647,2.263840777612789,13.72655500629516,3.704936572506358,3.777299681548173,0.9958851916699926
2023-06-16,42.66095733642578,41.89662,2.263840777612789,13.72655500629516,3.704936572506358,3.777299681548173,0.9958851916699926
2023-06-20,43.77614974975586,42.53132,2.263840777612789,13.72655500629516,3.704936572506358,3.777299681548173,0.9958851916699926
2023-06-21,43.013710021972656,43.20465,2.263840777612789,13.72655500629516,3.704936572506358,3.777299681548173,0.9958851916699926
2023-06-22,42.99371337890625,43.646896,2.263840777612789,13.72655500629516,3.704936572506358,3.777299681548173,0.9958851916699926
2023-06-23,42.17831802368164,43.92057,2.263840777612789,13.72655500629516,3.704936572506358,3.777299681548173,0.9958851916699926
2023-06-26,40.60246658325195,43.9359,2.263840777612789,13.72655500629516,3.704936572506358,3.777299681548173,0.9958851916699926
2023-06-27,41.84555435180664,43.565704,2.263840777612789,13.72655500629516,3.704936572506358,3.777299681548173,0.9958851916699926
2023-06-28,41.08710861206055,43.31659,2.263840777612789,13.72655500629516,3.704936572506358,3.777299681548173,0.9958851916699926
2023-06-29,40.79231643676758,43.0143,2.263840777612789,13.72655500629516,3.704936572506358,3.777299681548173,0.9958851916699926
2023-06-30,42.27124786376953,42.683693,2.263840777612789,13.72655500629516,3.704936572506358,3.777299681548173,0.9958851916699926
2023-07-03,42.38216400146485,42.65106,2.263840777612789,13.72655500629516,3.704936572506358,3.777299681548173,0.9958851916699926
2023-07-05,42.28623580932617,42.756493,2.263840777612789,13.72655500629516,3.704936572506358,3.777299681548173,0.9958851916699926
2023-07-06,42.07239532470703,42.881847,2.263840777612789,13.72655500629516,3.704936572506358,3.777299681548173,0.9958851916699926
2023-07-07,42.47209930419922,42.957893,2.263840777612789,13.72655500629516,3.704936572506358,3.777299681548173,0.9958851916699926
2023-07-10,42.14933395385742,43.073235,2.263840777612789,13.72655500629516,3.704936572506358,3.777299681548173,0.9958851916699926
2023-07-11,42.37416458129883,43.128815,2.263840777612789,13.72655500629516,3.704936572506358,3.777299681548173,0.9958851916699926
2023-07-12,43.87008285522461,43.191975,2.263840777612789,13.72655500629516,3.704936572506358,3.777299681548173,0.9958851916699926
2023-07-13,45.94357299804688,43.510136,2.263840777612789,13.72655500629516,3.704936572506358,3.777299681548173,0.9958851916699926
2023-07-14,45.435943603515625,44.239803,2.263840777612789,13.72655500629516,3.704936572506358,3.777299681548173,0.9958851916699926
2023-07-17,46.42721939086914,44.92363,2.263840777612789,13.72655500629516,3.704936572506358,3.777299681548173,0.9958851916699926
2023-07-18,47.45947265625,45.655285,2.263840777612789,13.72655500629516,3.704936572506358,3.777299681548173,0.9958851916699926
2023-07-19,47.04277801513672,46.46849,2.263840777612789,13.72655500629516,3.704936572506358,3.777299681548173,0.9958851916699926
2023-07-20,45.486907958984375,47.108208,2.263840777612789,13.72655500629516,3.704936572506358,3.777299681548173,0.9958851916699926
2023-07-21,44.27678298950195,47.30271,2.263840777612789,13.72655500629516,3.704936572506358,3.777299681548173,0.9958851916699926
2023-07-24,44.57957077026367,47.076748,2.263840777612789,13.72655500629516,3.704936572506358,3.777299681548173,0.9958851916699926
2023-07-25,45.64579391479492,46.770504,2.263840777612789,13.72655500629516,3.704936572506358,3.777299681548173,0.9958851916699926
2023-07-26,45.4189567565918,46.662003,2.263840777612789,13.72655500629516,3.704936572506358,3.777299681548173,0.9958851916699926
2023-07-27,45.86663055419922,46.601986,2.263840777612789,13.72655500629516,3.704936572506358,3.777299681548173,0.9958851916699926
2023-07-28,46.71601486206055,46.64541,2.263840777612789,13.72655500629516,3.704936572506358,3.777299681548173,0.9958851916699926
2023-07-31,46.69502639770508,46.8683,2.263840777612789,13.72655500629516,3.704936572506358,3.777299681548173,0.9958851916699926
2023-08-01,46.47318649291992,47.11977,2.263840777612789,13.72655500629516,3.704936572506358,3.777299681548173,0.9958851916699926
2023-08-02,44.23681640625,47.302486,2.263840777612789,13.72655500629516,3.704936572506358,3.777299681548173,0.9958851916699926
2023-08-03,44.48263549804688,47.03612,2.263840777612789,13.72655500629516,3.704936572506358,3.777299681548173,0.9958851916699926
2023-08-04,44.64751052856445,46.68019,2.263840777612789,13.72655500629516,3.704936572506358,3.777299681548173,0.9958851916699926
2023-08-07,45.38397979736328,46.372395,2.263840777612789,13.72655500629516,3.704936572506358,3.777299681548173,0.9958851916699926
2023-08-08,44.631534576416016,46.25978,2.263840777612789,13.72655500629516,3.704936572506358,3.777299681548173,0.9958851916699926
2023-08-09,42.52306365966797,46.108006,2.263840777612789,13.72655500629516,3.704936572506358,3.777299681548173,0.9958851916699926
2023-08-10,42.35719299316406,45.595997,2.263840777612789,13.72655500629516,3.704936572506358,3.777299681548173,0.9958851916699926
2023-08-11,40.82530212402344,44.997654,2.263840777612789,13.72655500629516,3.704936572506358,3.777299681548173,0.9958851916699926
2023-08-14,43.72119140625,44.192257,2.263840777612789,13.72655500629516,3.704936572506358,3.777299681548173,0.9958851916699926
2023-08-15,43.908050537109375,43.944233,2.263840777612789,13.72655500629516,3.704936572506358,3.777299681548173,0.9958851916699926
2023-08-16,43.45438766479492,43.98574,2.263840777612789,13.72655500629516,3.704936572506358,3.777299681548173,0.9958851916699926
2023-08-17,43.3124885559082,44.0578,2.263840777612789,13.72655500629516,3.704936572506358,3.777299681548173,0.9958851916699926
2023-08-18,43.26751708984375,44.110172,2.263840777612789,13.72655500629516,3.704936572506358,3.777299681548173,0.9958851916699926
2023-08-21,46.93285369873047,44.14274,2.263840777612789,13.72655500629516,3.704936572506358,3.777299681548173,0.9958851916699926
2023-08-22,45.634796142578125,44.80894,2.263840777612789,13.72655500629516,3.704936572506358,3.777299681548173,0.9958851916699926
2023-08-23,47.08175277709961,45.38895,2.263840777612789,13.72655500629516,3.704936572506358,3.777299681548173,0.9958851916699926
2023-08-24,47.12871170043945,46.10105,2.263840777612789,13.72655500629516,3.704936572506358,3.777299681548173,0.9958851916699926
2023-08-25,45.98454284667969,46.76001,2.263840777612789,13.72655500629516,3.704936572506358,3.777299681548173,0.9958851916699926
2023-08-28,46.80094909667969,47.092915,2.263840777612789,13.72655500629516,3.704936572506358,3.777299681548173,0.9958851916699926
2023-08-29,48.748531341552734,47.38828,2.263840777612789,13.72655500629516,3.704936572506358,3.777299681548173,0.9958851916699926
2023-08-30,49.22818374633789,47.95992,2.263840777612789,13.72655500629516,3.704936572506358,3.777299681548173,0.9958851916699926
2023-08-31,49.319122314453125,48.627563,2.263840777612789,13.72655500629516,3.704936572506358,3.777299681548173,0.9958851916699926
2023-09-01,48.473731994628906,49.238716,2.263840777612789,13.72655500629516,3.704936572506358,3.777299681548173,0.9958851916699926
2023-09-05,48.5127067565918,49.57849,2.263840777612789,13.72655500629516,3.704936572506358,3.777299681548173,0.9958851916699926
2023-09-06,47.03065490722656,49.76129,2.263840777612789,13.72655500629516,3.704936572506358,3.777299681548173,0.9958851916699926
2023-09-07,46.21118927001953,49.588326,2.263840777612789,13.72655500629516,3.704936572506358,3.777299681548173,0.9958851916699926
2023-09-08,45.54262161254883,49.155754,2.263840777612789,13.72655500629516,3.704936572506358,3.777299681548173,0.9958851916699926
2023-09-11,45.14888000488281,48.568096,2.263840777612789,13.72655500629516,3.704936572506358,3.777299681548173,0.9958851916699926
2023-09-12,44.841068267822266,47.939556,2.263840777612789,13.72655500629516,3.704936572506358,3.777299681548173,0.9958851916699926
2023-09-13,45.4556770324707,47.337357,2.263840777612789,13.72655500629516,3.704936572506358,3.777299681548173,0.9958851916699926
2023-09-14,45.55162048339844,46.947014,2.263840777612789,13.72655500629516,3.704936572506358,3.777299681548173,0.9958851916699926
2023-09-15,43.8716926574707,46.717358,2.263840777612789,13.72655500629516,3.704936572506358,3.777299681548173,0.9958851916699926
2023-09-18,43.93766403198242,46.293488,2.263840777612789,13.72655500629516,3.704936572506358,3.777299681548173,0.9958851916699926
2023-09-19,43.49193954467773,45.87638,2.263840777612789,13.72655500629516,3.704936572506358,3.777299681548173,0.9958851916699926
2023-09-20,42.21176910400391,45.45242,2.263840777612789,13.72655500629516,3.704936572506358,3.777299681548173,0.9958851916699926
2023-09-21,40.99055480957031,44.87185,2.263840777612789,13.72655500629516,3.704936572506358,3.777299681548173,0.9958851916699926
2023-09-22,41.58317184448242,44.11234,2.263840777612789,13.72655500629516,3.704936572506358,3.777299681548173,0.9958851916699926
2023-09-25,42.19478225708008,43.511856,2.263840777612789,13.72655500629516,3.704936572506358,3.777299681548173,0.9958851916699926
2023-09-26,41.88397979736328,43.17949,2.263840777612789,13.72655500629516,3.704936572506358,3.777299681548173,0.9958851916699926
2023-09-27,42.44062042236328,42.95443,2.263840777612789,13.72655500629516,3.704936572506358,3.777299681548173,0.9958851916699926
2023-09-28,43.061222076416016,42.910576,2.263840777612789,13.72655500629516,3.704936572506358,3.777299681548173,0.9958851916699926
2023-09-29,43.47095489501953,43.058712,2.263840777612789,13.72655500629516,3.704936572506358,3.777299681548173,0.9958851916699926
2023-10-02,44.75312805175781,43.335453,2.263840777612789,13.72655500629516,3.704936572506358,3.777299681548173,0.9958851916699926
2023-10-03,43.48893737792969,43.848404,2.263840777612789,13.72655500629516,3.704936572506358,3.777299681548173,0.9958851916699926
2023-10-04,44.01260757446289,44.15375,2.263840777612789,13.72655500629516,3.704936572506358,3.777299681548173,0.9958851916699926
2023-10-05,44.6591911315918,44.42581,2.263840777612789,13.72655500629516,3.704936572506358,3.777299681548173,0.9958851916699926
2023-10-06,45.73249435424805,44.756332,2.263840777612789,13.72655500629516,3.704936572506358,3.777299681548173,0.9958851916699926
2023-10-09,45.24381256103516,45.24554,2.263840777612789,13.72655500629516,3.704936572506358,3.777299681548173,0.9958851916699926
2023-10-10,45.76846694946289,45.63222,2.263840777612789,13.72655500629516,3.704936572506358,3.777299681548173,0.9958851916699926
2023-10-11,46.77582931518555,46.00908,2.263840777612789,13.72655500629516,3.704936572506358,3.777299681548173,0.9958851916699926
2023-10-12,46.914737701416016,46.496742,2.263840777612789,13.72655500629516,3.704936572506358,3.777299681548173,0.9958851916699926
2023-10-13,45.43169403076172,46.971416,2.263840777612789,13.72655500629516,3.704936572506358,3.777299681548173,0.9958851916699926
2023-10-16,46.06528472900391,47.10264,2.263840777612789,13.72655500629516,3.704936572506358,3.777299681548173,0.9958851916699926
2023-10-17,43.90967178344727,47.187923,2.263840777612789,13.72655500629516,3.704936572506358,3.777299681548173,0.9958851916699926
2023-10-18,42.16879653930664,46.858852,2.263840777612789,13.72655500629516,3.704936572506358,3.777299681548173,0.9958851916699926
2023-10-19,42.07386016845703,46.112385,2.263840777612789,13.72655500629516,3.704936572506358,3.777299681548173,0.9958851916699926
2023-10-20,41.36032104492188,45.301693,2.263840777612789,13.72655500629516,3.704936572506358,3.777299681548173,0.9958851916699926
2023-10-23,42.947296142578125,44.465645,2.263840777612789,13.72655500629516,3.704936572506358,3.777299681548173,0.9958851916699926
2023-10-24,43.63484954833984,44.029354,2.263840777612789,13.72655500629516,3.704936572506358,3.777299681548173,0.9958851916699926
2023-10-25,41.7520637512207,43.937786,2.263840777612789,13.72655500629516,3.704936572506358,3.777299681548173,0.9958851916699926
2023-10-26,40.30000305175781,43.66673,2.263840777612789,13.72655500629516,3.704936572506358,3.777299681548173,0.9958851916699926
2023-10-27,40.47389221191406,43.118748,2.263840777612789,13.72655500629516,3.704936572506358,3.777299681548173,0.9958851916699926
2023-10-30,41.13446044921875,42.584515,2.263840777612789,13.72655500629516,3.704936572506358,3.777299681548173,0.9958851916699926
2023-10-31,40.75371170043945,42.25937,2.263840777612789,13.72655500629516,3.704936572506358,3.777299681548173,0.9958851916699926
2023-11-01,42.2977180480957,42.003887,2.263840777612789,13.72655500629516,3.704936572506358,3.777299681548173,0.9958851916699926
2023-11-02,43.47795104980469,42.09177,2.263840777612789,13.72655500629516,3.704936572506358,3.777299681548173,0.9958851916699926
2023-11-03,44.975982666015625,42.51036,2.263840777612789,13.72655500629516,3.704936572506358,3.777299681548173,0.9958851916699926
2023-11-06,45.72150421142578,43.258568,2.263840777612789,13.72655500629516,3.704936572506358,3.777299681548173,0.9958851916699926
2023-11-07,45.92538070678711,44.15098,2.263840777612789,13.72655500629516,3.704936572506358,3.777299681548173,0.9958851916699926
2023-11-08,46.543975830078125,44.99687,2.263840777612789,13.72655500629516,3.704936572506358,3.777299681548173,0.9958851916699926
2023-11-09,46.919734954833984,45.800583,2.263840777612789,13.72655500629516,3.704936572506358,3.777299681548173,0.9958851916699926
2023-11-10,48.303836822509766,46.52547,2.263840777612789,13.72655500629516,3.704936572506358,3.777299681548173,0.9958851916699926
2023-11-13,48.588653564453125,47.344917,2.263840777612789,13.72655500629516,3.704936572506358,3.777299681548173,0.9958851916699926
2023-11-14,49.623985290527344,48.11634,2.263840777612789,13.72655500629516,3.704936572506358,3.777299681548173,0.9958851916699926
2023-11-15,48.856483459472656,48.923218,2.263840777612789,13.72655500629516,3.704936572506358,3.777299681548173,0.9958851916699926
2023-11-16,49.44810485839844,49.474598,2.263840777612789,13.72655500629516,3.704936572506358,3.777299681548173,0.9958851916699926
2023-11-17,49.2662239074707,49.936646,2.263840777612789,13.72655500629516,3.704936572506358,3.777299681548173,0.9958851916699926
2023-11-20,50.376502990722656,50.250626,2.263840777612789,13.72655500629516,3.704936572506358,3.777299681548173,0.9958851916699926
2023-11-21,49.91179656982422,50.64421,2.263840777612789,13.72655500629516,3.704936572506358,3.777299681548173,0.9958851916699926
2023-11-22,48.68458938598633,50.916317,2.263840777612789,13.72655500629516,3.704936572506358,3.777299681548173,0.9958851916699926
2023-11-24,47.74520111083984,50.876003,2.263840777612789,13.72655500629516,3.704936572506358,3.777299681548173,0.9958851916699926
2023-11-27,48.21089553833008,50.549644,2.263840777612789,13.72655500629516,3.704936572506358,3.777299681548173,0.9958851916699926
2023-11-28,47.79017639160156,50.239258,2.263840777612789,13.72655500629516,3.704936572506358,3.777299681548173,0.9958851916699926
2023-11-29,48.10897064208984,49.90428,2.263840777612789,13.72655500629516,3.704936572506358,3.777299681548173,0.9958851916699926
2023-11-30,46.73984909057617,49.664764,2.263840777612789,13.72655500629516,3.704936572506358,3.777299681548173,0.9958851916699926
2023-12-01,46.73485565185547,49.2571,2.263840777612789,13.72655500629516,3.704936572506358,3.777299681548173,0.9958851916699926
2023-12-04,45.48066329956055,48.847157,2.263840777612789,13.72655500629516,3.704936572506358,3.777299681548173,0.9958851916699926
2023-12-05,46.540077209472656,48.280502,2.263840777612789,13.72655500629516,3.704936572506358,3.777299681548173,0.9958851916699926
2023-12-06,45.477664947509766,47.929665,2.263840777612789,13.72655500629516,3.704936572506358,3.777299681548173,0.9958851916699926
2023-12-07,46.5700569152832,47.532436,2.263840777612789,13.72655500629516,3.704936572506358,3.777299681548173,0.9958851916699926
2023-12-08,47.47954559326172,47.37487,2.263840777612789,13.72655500629516,3.704936572506358,3.777299681548173,0.9958851916699926
2023-12-11,46.601036071777344,47.49728,2.263840777612789,13.72655500629516,3.704936572506358,3.777299681548173,0.9958851916699926
2023-12-12,47.630462646484375,47.558224,2.263840777612789,13.72655500629516,3.704936572506358,3.777299681548173,0.9958851916699926
2023-12-13,48.06122970581055,47.770622,2.263840777612789,13.72655500629516,3.704936572506358,3.777299681548173,0.9958851916699926
2023-12-14,48.32308197021485,48.08629,2.263840777612789,13.72655500629516,3.704936572506358,3.777299681548173,0.9958851916699926
2023-12-15,48.8627815246582,48.440495,2.263840777612789,13.72655500629516,3.704936572506358,3.777299681548173,0.9958851916699926
2023-12-18,50.04911422729492,48.850025,2.263840777612789,13.72655500629516,3.704936572506358,3.777299681548173,0.9958851916699926
2023-12-19,49.57637786865234,49.42492,2.263840777612789,13.72655500629516,3.704936572506358,3.777299681548173,0.9958851916699926
2023-12-20,48.08420944213867,49.88946,2.263840777612789,13.72655500629516,3.704936572506358,3.777299681548173,0.9958851916699926
2023-12-21,48.96272277832031,49.97545,2.263840777612789,13.72655500629516,3.704936572506358,3.777299681548173,0.9958851916699926
2023-12-22,48.80281066894531,50.05363,2.263840777612789,13.72655500629516,3.704936572506358,3.777299681548173,0.9958851916699926
2023-12-26,49.251556396484375,50.084614,2.263840777612789,13.72655500629516,3.704936572506358,3.777299681548173,0.9958851916699926
2023-12-27,49.38948440551758,50.168137,2.263840777612789,13.72655500629516,3.704936572506358,3.777299681548173,0.9958851916699926
2023-12-28,49.49442672729492,50.27983,2.263840777612789,13.72655500629516,3.704936572506358,3.777299681548173,0.9958851916699926
2023-12-29,49.49442672729492,50.400616,2.263840777612789,13.72655500629516,3.704936572506358,3.777299681548173,0.9958851916699926
2024-01-02,48.14117431640625,50.503494,2.263840777612789,13.72655500629516,3.704936572506358,3.777299681548173,0.9958851916699926
2024-01-03,47.542510986328125,50.343742,2.263840777612789,13.72655500629516,3.704936572506358,3.777299681548173,0.9958851916699926
2024-01-04,47.97127532958984,50.001072,2.263840777612789,13.72655500629516,3.704936572506358,3.777299681548173,0.9958851916699926
2024-01-05,49.06966018676758,49.71498,2.263840777612789,13.72655500629516,3.704936572506358,3.777299681548173,0.9958851916699926
2024-01-08,52.22390365600587,49.686924,2.263840777612789,13.72655500629516,3.704936572506358,3.777299681548173,0.9958851916699926
2024-01-09,53.11041259765625,50.315594,2.263840777612789,13.72655500629516,3.704936572506358,3.777299681548173,0.9958851916699926
2024-01-10,54.31973648071289,51.25385,2.263840777612789,13.72655500629516,3.704936572506358,3.777299681548173,0.9958851916699926
2024-01-11,54.79147338867189,52.376606,2.263840777612789,13.72655500629516,3.704936572506358,3.777299681548173,0.9958851916699926
2024-01-12,54.67953491210937,53.47546,2.263840777612789,13.72655500629516,3.704936572506358,3.777299681548173,0.9958851916699926
2024-01-16,56.35060501098633,54.369785,2.263840777612789,13.72655500629516,3.704936572506358,3.777299681548173,0.9958851916699926
2024-01-17,56.02179336547853,55.332672,2.263840777612789,13.72655500629516,3.704936572506358,3.777299681548173,0.9958851916699926
2024-01-18,57.07520675659179,56.10546,2.263840777612789,13.72655500629516,3.704936572506358,3.777299681548173,0.9958851916699926
2024-01-19,59.457878112792976,56.860382,2.263840777612789,13.72655500629516,3.704936572506358,3.777299681548173,0.9958851916699926
2024-01-22,59.62078475952149,57.89764,2.263840777612789,13.72655500629516,3.704936572506358,3.777299681548173,0.9958851916699926
2024-01-23,59.83966064453125,58.898594,2.263840777612789,13.72655500629516,3.704936572506358,3.777299681548173,0.9958851916699926
2024-01-24,61.32783126831054,59.756714,2.263840777612789,13.72655500629516,3.704936572506358,3.777299681548173,0.9958851916699926
2024-01-25,61.58268737792969,60.67463,2.263840777612789,13.72655500629516,3.704936572506358,3.777299681548173,0.9958851916699926
2024-01-26,60.99701309204102,61.503803,2.263840777612789,13.72655500629516,3.704936572506358,3.777299681548173,0.9958851916699926
2024-01-29,62.43021774291993,62.054317,2.263840777612789,13.72655500629516,3.704936572506358,3.777299681548173,0.9958851916699926
2024-01-30,62.73904037475586,62.650436,2.263840777612789,13.72655500629516,3.704936572506358,3.777299681548173,0.9958851916699926
2024-01-31,61.49274063110352,63.211895,2.263840777612789,13.72655500629516,3.704936572506358,3.777299681548173,0.9958851916699926
2024-02-01,62.99190521240234,63.442375,2.263840777612789,13.72655500629516,3.704936572506358,3.777299681548173,0.9958851916699926
2024-02-02,66.12316131591797,63.76164,2.263840777612789,13.72655500629516,3.704936572506358,3.777299681548173,0.9958851916699926
2024-02-05,69.29340362548828,64.6021,2.263840777612789,13.72655500629516,3.704936572506358,3.777299681548173,0.9958851916699926
2024-02-06,68.18501281738281,66.055595,2.263840777612789,13.72655500629516,3.704936572506358,3.777299681548173,0.9958851916699926
2024-02-07,70.05996704101562,67.312904,2.263840777612789,13.72655500629516,3.704936572506358,3.777299681548173,0.9958851916699926
2024-02-08,69.60222625732422,68.61723,2.263840777612789,13.72655500629516,3.704936572506358,3.777299681548173,0.9958851916699926
2024-02-09,72.09284973144531,69.64265,2.263840777612789,13.72655500629516,3.704936572506358,3.777299681548173,0.9958851916699926
2024-02-12,72.207763671875,70.82389,2.263840777612789,13.72655500629516,3.704936572506358,3.777299681548173,0.9958851916699926
2024-02-13,72.08784484863281,71.88505,2.263840777612789,13.72655500629516,3.704936572506358,3.777299681548173,0.9958851916699926
2024-02-14,73.8588638305664,72.69924,2.263840777612789,13.72655500629516,3.704936572506358,3.777299681548173,0.9958851916699926
2024-02-15,72.6175308227539,73.58622,2.263840777612789,13.72655500629516,3.704936572506358,3.777299681548173,0.9958851916699926
2024-02-16,72.57257080078125,74.12954,2.263840777612789,13.72655500629516,3.704936572506358,3.777299681548173,0.9958851916699926
2024-02-20,69.413330078125,74.434784,2.263840777612789,13.72655500629516,3.704936572506358,3.777299681548173,0.9958851916699926
2024-02-21,67.43444061279297,74.03463,2.263840777612789,13.72655500629516,3.704936572506358,3.777299681548173,0.9958851916699926
2024-02-22,78.49427795410156,73.06954,2.263840777612789,13.72655500629516,3.704936572506358,3.777299681548173,0.9958851916699926
2024-02-23,78.77311706542969,73.96232,2.263840777612789,13.72655500629516,3.704936572506358,3.777299681548173,0.9958851916699926
2024-02-26,79.04796600341797,75.46233,2.263840777612789,13.72655500629516,3.704936572506358,3.777299681548173,0.9958851916699926
2024-02-27,78.65718078613281,77.00451,2.263840777612789,13.72655500629516,3.704936572506358,3.777299681548173,0.9958851916699926
2024-02-28,77.6197509765625,78.24603,2.263840777612789,13.72655500629516,3.704936572506358,3.777299681548173,0.9958851916699926
2024-02-29,79.06796264648438,78.98784,2.263840777612789,13.72655500629516,3.704936572506358,3.777299681548173,0.9958851916699926
2024-03-01,82.23319244384766,79.66445,2.263840777612789,13.72655500629516,3.704936572506358,3.777299681548173,0.9958851916699926
2024-03-04,85.18952941894531,80.74972,2.263840777612789,13.72655500629516,3.704936572506358,3.777299681548173,0.9958851916699926
2024-03-05,85.920166015625,82.323654,2.263840777612789,13.72655500629516,3.704936572506358,3.777299681548173,0.9958851916699926
2024-03-06,88.65476989746094,83.95192,2.263840777612789,13.72655500629516,3.704936572506358,3.777299681548173,0.9958851916699926
2024-03-07,92.62174224853516,85.809166,2.263840777612789,13.72655500629516,3.704936572506358,3.777299681548173,0.9958851916699926
2024-03-08,87.48336029052734,88.1367,2.263840777612789,13.72655500629516,3.704936572506358,3.777299681548173,0.9958851916699926
2024-03-11,85.73025512695312,89.36513,2.263840777612789,13.72655500629516,3.704936572506358,3.777299681548173,0.9958851916699926
2024-03-12,91.86613464355467,89.661125,2.263840777612789,13.72655500629516,3.704936572506358,3.777299681548173,0.9958851916699926
2024-03-13,90.84165954589844,90.60198,2.263840777612789,13.72655500629516,3.704936572506358,3.777299681548173,0.9958851916699926
2024-03-14,87.8991470336914,91.438934,2.263840777612789,13.72655500629516,3.704936572506358,3.777299681548173,0.9958851916699926
2024-03-15,87.7922134399414,91.57722,2.263840777612789,13.72655500629516,3.704936572506358,3.777299681548173,0.9958851916699926
2024-03-18,88.40989685058594,91.393135,2.263840777612789,13.72655500629516,3.704936572506358,3.777299681548173,0.9958851916699926
2024-03-19,89.35242462158203,91.20596,2.263840777612789,13.72655500629516,3.704936572506358,3.777299681548173,0.9958851916699926
2024-03-20,90.32592010498048,91.19765,2.263840777612789,13.72655500629516,3.704936572506358,3.777299681548173,0.9958851916699926
2024-03-21,91.38837432861328,91.4179,2.263840777612789,13.72655500629516,3.704936572506358,3.777299681548173,0.9958851916699926
2024-03-22,94.2409210205078,91.86763,2.263840777612789,13.72655500629516,3.704936572506358,3.777299681548173,0.9958851916699926
2024-03-25,94.95355224609376,92.82396,2.263840777612789,13.72655500629516,3.704936572506358,3.777299681548173,0.9958851916699926
2024-03-26,92.51380157470705,93.939995,2.263840777612789,13.72655500629516,3.704936572506358,3.777299681548173,0.9958851916699926
2024-03-27,90.2039794921875,94.51161,2.263840777612789,13.72655500629516,3.704936572506358,3.777299681548173,0.9958851916699926
2024-03-28,90.3099365234375,94.37851,2.263840777612789,13.72655500629516,3.704936572506358,3.777299681548173,0.9958851916699926
2024-04-01,90.3169174194336,94.00824,2.263840777612789,13.72655500629516,3.704936572506358,3.777299681548173,0.9958851916699926
2024-04-02,89.40637969970703,93.598206,2.263840777612789,13.72655500629516,3.704936572506358,3.777299681548173,0.9958851916699926
2024-04-03,88.91864013671875,93.072784,2.263840777612789,13.72655500629516,3.704936572506358,3.777299681548173,0.9958851916699926
2024-04-04,85.8611831665039,92.49741,2.263840777612789,13.72655500629516,3.704936572506358,3.777299681548173,0.9958851916699926
2024-04-05,87.96311950683594,91.45856,2.263840777612789,13.72655500629516,3.704936572506358,3.777299681548173,0.9958851916699926
2024-04-08,87.08856201171875,90.773155,2.263840777612789,13.72655500629516,3.704936572506358,3.777299681548173,0.9958851916699926
2024-04-09,85.31045532226562,90.177444,2.263840777612789,13.72655500629516,3.704936572506358,3.777299681548173,0.9958851916699926
2024-04-10,86.99461364746094,89.4045,2.263840777612789,13.72655500629516,3.704936572506358,3.777299681548173,0.9958851916699926
2024-04-11,90.56979370117188,88.98466,2.263840777612789,13.72655500629516,3.704936572506358,3.777299681548173,0.9958851916699926
2024-04-12,88.14102935791016,89.39315,2.263840777612789,13.72655500629516,3.704936572506358,3.777299681548173,0.9958851916699926
2024-04-15,85.95714569091797,89.635796,2.263840777612789,13.72655500629516,3.704936572506358,3.777299681548173,0.9958851916699926
2024-04-16,87.37042236328125,89.40532,2.263840777612789,13.72655500629516,3.704936572506358,3.777299681548173,0.9958851916699926
2024-04-17,83.99214935302734,89.28181,2.263840777612789,13.72655500629516,3.704936572506358,3.777299681548173,0.9958851916699926
2024-04-18,84.62782287597656,88.6317,2.263840777612789,13.72655500629516,3.704936572506358,3.777299681548173,0.9958851916699926
2024-04-19,76.16114807128906,87.99886,2.263840777612789,13.72655500629516,3.704936572506358,3.777299681548173,0.9958851916699926
2024-04-22,79.47745513916016,85.997154,2.263840777612789,13.72655500629516,3.704936572506358,3.777299681548173,0.9958851916699926
2024-04-23,82.38097381591797,84.37342,2.263840777612789,13.72655500629516,3.704936572506358,3.777299681548173,0.9958851916699926
2024-04-24,79.6363754272461,83.65776,2.263840777612789,13.72655500629516,3.704936572506358,3.777299681548173,0.9958851916699926
2024-04-25,82.58987426757812,82.93133,2.263840777612789,13.72655500629516,3.704936572506358,3.777299681548173,0.9958851916699926
2024-04-26,87.69026947021484,82.84413,2.263840777612789,13.72655500629516,3.704936572506358,3.777299681548173,0.9958851916699926
2024-04-29,87.7122573852539,83.91438,2.263840777612789,13.72655500629516,3.704936572506358,3.777299681548173,0.9958851916699926
2024-04-30,86.35794830322266,85.27161,2.263840777612789,13.72655500629516,3.704936572506358,3.777299681548173,0.9958851916699926
2024-05-01,82.99864959716797,86.29932,2.263840777612789,13.72655500629516,3.704936572506358,3.777299681548173,0.9958851916699926
2024-05-02,85.77323913574219,86.4595,2.263840777612789,13.72655500629516,3.704936572506358,3.777299681548173,0.9958851916699926
2024-05-03,88.74372100830078,86.74887,2.263840777612789,13.72655500629516,3.704936572506358,3.777299681548173,0.9958851916699926
2024-05-06,92.09300994873048,87.55569,2.263840777612789,13.72655500629516,3.704936572506358,3.777299681548173,0.9958851916699926
2024-05-07,90.50782012939452,89.01344,2.263840777612789,13.72655500629516,3.704936572506358,3.777299681548173,0.9958851916699926
2024-05-08,90.36589813232422,90.210045,2.263840777612789,13.72655500629516,3.704936572506358,3.777299681548173,0.9958851916699926
2024-05-09,88.70175170898438,91.09067,2.263840777612789,13.72655500629516,3.704936572506358,3.777299681548173,0.9958851916699926
2024-05-10,89.83216094970703,91.41411,2.263840777612789,13.72655500629516,3.704936572506358,3.777299681548173,0.9958851916699926
2024-05-13,90.3529052734375,91.66205,2.263840777612789,13.72655500629516,3.704936572506358,3.777299681548173,0.9958851916699926
2024-05-14,91.30941772460938,91.921684,2.263840777612789,13.72655500629516,3.704936572506358,3.777299681548173,0.9958851916699926
2024-05-15,94.58175659179688,92.302185,2.263840777612789,13.72655500629516,3.704936572506358,3.777299681548173,0.9958851916699926
2024-05-16,94.31088256835938,93.229576,2.263840777612789,13.72655500629516,3.704936572506358,3.777299681548173,0.9958851916699926
2024-05-17,92.4318389892578,94.163155,2.263840777612789,13.72655500629516,3.704936572506358,3.777299681548173,0.9958851916699926
2024-05-20,94.7316665649414,94.6189,2.263840777612789,13.72655500629516,3.704936572506358,3.777299681548173,0.9958851916699926
2024-05-21,95.33736419677734,95.21331,2.263840777612789,13.72655500629516,3.704936572506358,3.777299681548173,0.9958851916699926
2024-05-22,94.9015884399414,95.86131,2.263840777612789,13.72655500629516,3.704936572506358,3.777299681548173,0.9958851916699926
2024-05-23,103.74607086181639,96.34358,2.263840777612789,13.72655500629516,3.704936572506358,3.777299681548173,0.9958851916699926
2024-05-24,106.41470336914062,98.21519,2.263840777612789,13.72655500629516,3.704936572506358,3.777299681548173,0.9958851916699926
2024-05-28,113.8429183959961,100.76924,2.263840777612789,13.72655500629516,3.704936572506358,3.777299681548173,0.9958851916699926
2024-05-29,114.76644134521483,104.45852,2.263840777612789,13.72655500629516,3.704936572506358,3.777299681548173,0.9958851916699926
2024-05-30,110.4436492919922,108.13923,2.263840777612789,13.72655500629516,3.704936572506358,3.777299681548173,0.9958851916699926
2024-05-31,109.57709503173828,110.47286,2.263840777612789,13.72655500629516,3.704936572506358,3.777299681548173,0.9958851916699926
2024-06-03,114.94135284423827,111.75718,2.263840777612789,13.72655500629516,3.704936572506358,3.777299681548173,0.9958851916699926
2024-06-04,116.37763214111328,113.337975,2.263840777612789,13.72655500629516,3.704936572506358,3.777299681548173,0.9958851916699926
2024-06-05,122.37757110595706,114.99628,2.263840777612789,13.72655500629516,3.704936572506358,3.777299681548173,0.9958851916699926
2024-06-06,120.93629455566406,117.430115,2.263840777612789,13.72655500629516,3.704936572506358,3.777299681548173,0.9958851916699926
2024-06-07,120.82635498046875,119.49426,2.263840777612789,13.72655500629516,3.704936572506358,3.777299681548173,0.9958851916699926
2024-06-10,121.72789001464844,121.050285,2.263840777612789,13.72655500629516,3.704936572506358,3.777299681548173,0.9958851916699926
2024-06-11,120.8582763671875,122.29515,2.263840777612789,13.72655500629516,3.704936572506358,3.777299681548173,0.9958851916699926
2024-06-12,125.14643859863278,123.04723,2.263840777612789,13.72655500629516,3.704936572506358,3.777299681548173,0.9958851916699926
2024-06-13,129.55453491210938,124.206085,2.263840777612789,13.72655500629516,3.704936572506358,3.777299681548173,0.9958851916699926
2024-06-14,131.82359313964844,126.06467,2.263840777612789,13.72655500629516,3.704936572506358,3.777299681548173,0.9958851916699926
2024-06-17,130.92396545410156,128.2591,2.263840777612789,13.72655500629516,3.704936572506358,3.777299681548173,0.9958851916699926
2024-06-18,135.52198791503906,130.05798,2.263840777612789,13.72655500629516,3.704936572506358,3.777299681548173,0.9958851916699926
2024-06-20,130.72406005859375,132.19063,2.263840777612789,13.72655500629516,3.704936572506358,3.777299681548173,0.9958851916699926
2024-06-21,126.51585388183592,133.2626,2.263840777612789,13.72655500629516,3.704936572506358,3.777299681548173,0.9958851916699926
2024-06-24,118.05947113037111,133.02611,2.263840777612789,13.72655500629516,3.704936572506358,3.777299681548173,0.9958851916699926
2024-06-25,126.03603363037111,130.85751,2.263840777612789,13.72655500629516,3.704936572506358,3.777299681548173,0.9958851916699926
2024-06-26,126.34593200683594,129.65256,2.263840777612789,13.72655500629516,3.704936572506358,3.777299681548173,0.9958851916699926
2024-06-27,123.93695068359375,129.02768,2.263840777612789,13.72655500629516,3.704936572506358,3.777299681548173,0.9958851916699926
2024-06-28,123.48715209960936,128.30095,2.263840777612789,13.72655500629516,3.704936572506358,3.777299681548173,0.9958851916699926
2024-07-01,124.246826171875,127.57152,2.263840777612789,13.72655500629516,3.704936572506358,3.777299681548173,0.9958851916699926
2024-07-02,122.61752319335938,127.08463,2.263840777612789,13.72655500629516,3.704936572506358,3.777299681548173,0.9958851916699926
2024-07-03,128.22511291503906,126.48607,2.263840777612789,13.72655500629516,3.704936572506358,3.777299681548173,0.9958851916699926
2024-07-05,125.77616882324219,126.90886,2.263840777612789,13.72655500629516,3.704936572506358,3.777299681548173,0.9958851916699926
2024-07-08,128.1451416015625,127.22891,2.263840777612789,13.72655500629516,3.704936572506358,3.777299681548173,0.9958851916699926
2024-07-09,131.3238067626953,127.876045,2.263840777612789,13.72655500629516,3.704936572506358,3.777299681548173,0.9958851916699926
2024-07-10,134.852294921875,129.09073,2.263840777612789,13.72655500629516,3.704936572506358,3.777299681548173,0.9958851916699926
2024-07-11,127.34551239013672,130.93283,2.263840777612789,13.72655500629516,3.704936572506358,3.777299681548173,0.9958851916699926
2024-07-12,129.1847381591797,131.43134,2.263840777612789,13.72655500629516,3.704936572506358,3.777299681548173,0.9958851916699926
2024-07-15,128.3850555419922,131.66386,2.263840777612789,13.72655500629516,3.704936572506358,3.777299681548173,0.9958851916699926
2024-07-16,126.3059310913086,131.60977,2.263840777612789,13.72655500629516,3.704936572506358,3.777299681548173,0.9958851916699926
2024-07-17,117.93951416015622,131.09285,2.263840777612789,13.72655500629516,3.704936572506358,3.777299681548173,0.9958851916699926
2024-07-18,121.03819274902344,129.03925,2.263840777612789,13.72655500629516,3.704936572506358,3.777299681548173,0.9958851916699926
2024-07-19,117.87955474853514,127.26109,2.263840777612789,13.72655500629516,3.704936572506358,3.777299681548173,0.9958851916699926
2024-07-22,123.48715209960936,125.31423,2.263840777612789,13.72655500629516,3.704936572506358,3.777299681548173,0.9958851916699926
2024-07-23,122.5375518798828,124.58248,2.263840777612789,13.72655500629516,3.704936572506358,3.777299681548173,0.9958851916699926
2024-07-24,114.20111083984375,124.264,2.263840777612789,13.72655500629516,3.704936572506358,3.777299681548173,0.9958851916699926
2024-07-25,112.23195648193358,122.72901,2.263840777612789,13.72655500629516,3.704936572506358,3.777299681548173,0.9958851916699926
2024-07-26,113.01161956787111,120.651665,2.263840777612789,13.72655500629516,3.704936572506358,3.777299681548173,0.9958851916699926
2024-07-29,111.54225158691408,118.83818,2.263840777612789,13.72655500629516,3.704936572506358,3.777299681548173,0.9958851916699926
2024-07-30,103.68562316894533,117.16714,2.263840777612789,13.72655500629516,3.704936572506358,3.777299681548173,0.9958851916699926
2024-07-31,116.96992492675781,114.47078,2.263840777612789,13.72655500629516,3.704936572506358,3.777299681548173,0.9958851916699926
2024-08-01,109.16327667236328,114.130806,2.263840777612789,13.72655500629516,3.704936572506358,3.777299681548173,0.9958851916699926
2024-08-02,107.22409820556642,113.394905,2.263840777612789,13.72655500629516,3.704936572506358,3.777299681548173,0.9958851916699926
2024-08-05,100.40702056884766,112.32125,2.263840777612789,13.72655500629516,3.704936572506358,3.777299681548173,0.9958851916699926
2024-08-06,104.20539855957034,110.125175,2.263840777612789,13.72655500629516,3.704936572506358,3.777299681548173,0.9958851916699926
2024-08-07,98.86768341064452,108.52759,2.263840777612789,13.72655500629516,3.704936572506358,3.777299681548173,0.9958851916699926
2024-08-08,104.92508697509767,106.49562,2.263840777612789,13.72655500629516,3.704936572506358,3.777299681548173,0.9958851916699926
2024-08-09,104.70519256591794,105.69383,2.263840777612789,13.72655500629516,3.704936572506358,3.777299681548173,0.9958851916699926
2024-08-12,108.9733657836914,105.46301,2.263840777612789,13.72655500629516,3.704936572506358,3.777299681548173,0.9958851916699926
2024-08-13,116.09030914306639,106.24944,2.263840777612789,13.72655500629516,3.704936572506358,3.777299681548173,0.9958851916699926
2024-08-14,118.02948760986328,108.54759,2.263840777612789,13.72655500629516,3.704936572506358,3.777299681548173,0.9958851916699926
2024-08-15,122.80744171142578,111.404305,2.263840777612789,13.72655500629516,3.704936572506358,3.777299681548173,0.9958851916699926
2024-08-16,124.52670288085938,114.857864,2.263840777612789,13.72655500629516,3.704936572506358,3.777299681548173,0.9958851916699926
2024-08-19,129.9443817138672,118.287224,2.263840777612789,13.72655500629516,3.704936572506358,3.777299681548173,0.9958851916699926
2024-08-20,127.195556640625,122.0913,2.263840777612789,13.72655500629516,3.704936572506358,3.777299681548173,0.9958851916699926
2024-08-21,128.4450225830078,124.94514,2.263840777612789,13.72655500629516,3.704936572506358,3.777299681548173,0.9958851916699926
2024-08-22,123.68706512451173,127.18673,2.263840777612789,13.72655500629516,3.704936572506358,3.777299681548173,0.9958851916699926
2024-08-23,129.31463623046875,127.99694,2.263840777612789,13.72655500629516,3.704936572506358,3.777299681548173,0.9958851916699926
2024-08-26,126.40589141845705,129.07881,2.263840777612789,13.72655500629516,3.704936572506358,3.777299681548173,0.9958851916699926
2024-08-27,128.2451171875,129.55667,2.263840777612789,13.72655500629516,3.704936572506358,3.777299681548173,0.9958851916699926
2024-08-28,125.55626678466797,130.02411,2.263840777612789,13.72655500629516,3.704936572506358,3.777299681548173,0.9958851916699926
2024-08-29,117.53968811035155,129.92485,2.263840777612789,13.72655500629516,3.704936572506358,3.777299681548173,0.9958851916699926
2024-08-30,119.31893157958984,128.23029,2.263840777612789,13.72655500629516,3.704936572506358,3.777299681548173,0.9958851916699926
2024-09-03,107.95378875732422,126.491165,2.263840777612789,13.72655500629516,3.704936572506358,3.777299681548173,0.9958851916699926
2024-09-04,106.16455078125001,123.02983,2.263840777612789,13.72655500629516,3.704936572506358,3.777299681548173,0.9958851916699926
2024-09-05,107.16413116455078,119.15079,2.263840777612789,13.72655500629516,3.704936572506358,3.777299681548173,0.9958851916699926
2024-09-06,102.7860107421875,115.89088,2.263840777612789,13.72655500629516,3.704936572506358,3.777299681548173,0.9958851916699926
2024-09-09,106.42444610595705,112.62658,2.263840777612789,13.72655500629516,3.704936572506358,3.777299681548173,0.9958851916699926
2024-09-10,108.05374145507811,110.52455,2.263840777612789,13.72655500629516,3.704936572506358,3.777299681548173,0.9958851916699926
2024-09-11,116.85997772216794,109.49617,2.263840777612789,13.72655500629516,3.704936572506358,3.777299681548173,0.9958851916699926
2024-09-12,119.0992202758789,110.58998,2.263840777612789,13.72655500629516,3.704936572506358,3.777299681548173,0.9958851916699926
2024-09-13,119.05923461914062,112.72596,2.263840777612789,13.72655500629516,3.704936572506358,3.777299681548173,0.9958851916699926
2024-09-16,116.74002075195312,114.93974,2.263840777612789,13.72655500629516,3.704936572506358,3.777299681548173,0.9958851916699926
2024-09-17,115.55043029785156,116.45229,2.263840777612789,13.72655500629516,3.704936572506358,3.777299681548173,0.9958851916699926
2024-09-18,113.33119201660156,117.2662,2.263840777612789,13.72655500629516,3.704936572506358,3.777299681548173,0.9958851916699926
2024-09-19,117.82965087890622,117.30586,2.263840777612789,13.72655500629516,3.704936572506358,3.777299681548173,0.9958851916699926
2024-09-20,115.96029663085939,117.821106,2.263840777612789,13.72655500629516,3.704936572506358,3.777299681548173,0.9958851916699926
2024-09-23,116.22020721435548,118.1045,2.263840777612789,13.72655500629516,3.704936572506358,3.777299681548173,0.9958851916699926
2024-09-24,120.82862854003908,118.29924,2.263840777612789,13.72655500629516,3.704936572506358,3.777299681548173,0.9958851916699926
2024-09-25,123.46772003173828,119.218796,2.263840777612789,13.72655500629516,3.704936572506358,3.777299681548173,0.9958851916699926
2024-09-26,123.99754333496095,120.71379,2.263840777612789,13.72655500629516,3.704936572506358,3.777299681548173,0.9958851916699926
2024-09-27,121.3584442138672,122.27637,2.263840777612789,13.72655500629516,3.704936572506358,3.777299681548173,0.9958851916699926
2024-09-30,121.39842987060548,123.15764,2.263840777612789,13.72655500629516,3.704936572506358,3.777299681548173,0.9958851916699926
2024-10-01,116.95994567871095,123.64181,2.263840777612789,13.72655500629516,3.704936572506358,3.777299681548173,0.9958851916699926
2024-10-02,118.80931854248047,123.12223,2.263840777612789,13.72655500629516,3.704936572506358,3.777299681548173,0.9958851916699926
2024-10-03,122.80794525146484,122.61463,2.263840777612789,13.72655500629516,3.704936572506358,3.777299681548173,0.9958851916699926
2024-10-04,124.87723541259766,122.86663,2.263840777612789,13.72655500629516,3.704936572506358,3.777299681548173,0.9958851916699926
2024-10-07,127.67628479003906,123.712616,2.263840777612789,13.72655500629516,3.704936572506358,3.777299681548173,0.9958851916699926
2024-10-08,132.84449768066406,125.126175,2.263840777612789,13.72655500629516,3.704936572506358,3.777299681548173,0.9958851916699926
2024-10-09,132.60458374023438,127.41231,2.263840777612789,13.72655500629516,3.704936572506358,3.777299681548173,0.9958851916699926
2024-10-10,134.76385498046875,129.6157,2.263840777612789,13.72655500629516,3.704936572506358,3.777299681548173,0.9958851916699926
2024-10-11,134.7538604736328,131.80293,2.263840777612789,13.72655500629516,3.704936572506358,3.777299681548173,0.9958851916699926
2024-10-14,138.0227508544922,133.62146,2.263840777612789,13.72655500629516,3.704936572506358,3.777299681548173,0.9958851916699926
2024-10-15,131.55496215820312,135.55705,2.263840777612789,13.72655500629516,3.704936572506358,3.777299681548173,0.9958851916699926
2024-10-16,135.6735382080078,136.10263,2.263840777612789,13.72655500629516,3.704936572506358,3.777299681548173,0.9958851916699926
2024-10-17,136.88311767578125,136.72942,2.263840777612789,13.72655500629516,3.704936572506358,3.777299681548173,0.9958851916699926
2024-10-18,137.9527587890625,137.46683,2.263840777612789,13.72655500629516,3.704936572506358,3.777299681548173,0.9958851916699926
2024-10-21,143.6608123779297,138.29378,2.263840777612789,13.72655500629516,3.704936572506358,3.777299681548173,0.9958851916699926
2024-10-22,143.54086303710938,139.98108,2.263840777612789,13.72655500629516,3.704936572506358,3.777299681548173,0.9958851916699926
2024-10-23,139.51222229003906,141.68394,2.263840777612789,13.72655500629516,3.704936572506358,3.777299681548173,0.9958851916699926
2024-10-24,140.3619384765625,142.42404,2.263840777612789,13.72655500629516,3.704936572506358,3.777299681548173,0.9958851916699926
2024-10-25,141.49154663085938,142.81693,2.263840777612789,13.72655500629516,3.704936572506358,3.777299681548173,0.9958851916699926
2024-10-28,140.47190856933594,143.18906,2.263840777612789,13.72655500629516,3.704936572506358,3.777299681548173,0.9958851916699926
2024-10-29,141.20164489746094,143.30371,2.263840777612789,13.72655500629516,3.704936572506358,3.777299681548173,0.9958851916699926
2024-10-30,139.29229736328125,143.41533,2.263840777612789,13.72655500629516,3.704936572506358,3.777299681548173,0.9958851916699926
2024-10-31,132.71456909179688,143.16902,2.263840777612789,13.72655500629516,3.704936572506358,3.777299681548173,0.9958851916699926
2024-11-01,135.35365295410156,141.6951,2.263840777612789,13.72655500629516,3.704936572506358,3.777299681548173,0.9958851916699926
2024-11-04,136.00343322753906,140.43857,2.263840777612789,13.72655500629516,3.704936572506358,3.777299681548173,0.9958851916699926
2024-11-05,139.8621063232422,139.56161,2.263840777612789,13.72655500629516,3.704936572506358,3.777299681548173,0.9958851916699926
2024-11-06,145.56016540527344,139.62534,2.263840777612789,13.72655500629516,3.704936572506358,3.777299681548173,0.9958851916699926
2024-11-07,148.82904052734375,141.00572,2.263840777612789,13.72655500629516,3.704936572506358,3.777299681548173,0.9958851916699926
2024-11-08,147.57945251464844,143.22067,2.263840777612789,13.72655500629516,3.704936572506358,3.777299681548173,0.9958851916699926
2024-11-11,145.21026611328125,145.1886,2.263840777612789,13.72655500629516,3.704936572506358,3.777299681548173,0.9958851916699926
2024-11-12,148.2392120361328,146.35107,2.263840777612789,13.72655500629516,3.704936572506358,3.777299681548173,0.9958851916699926
2024-11-13,146.21994018554688,147.53754,2.263840777612789,13.72655500629516,3.704936572506358,3.777299681548173,0.9958851916699926
2024-11-14,146.7097625732422,148.18753,2.263840777612789,13.72655500629516,3.704936572506358,3.777299681548173,0.9958851916699926
2024-11-15,141.93138122558594,148.60866,2.263840777612789,13.72655500629516,3.704936572506358,3.777299681548173,0.9958851916699926
2024-11-18,140.1020050048828,148.05075,2.263840777612789,13.72655500629516,3.704936572506358,3.777299681548173,0.9958851916699926
2024-11-19,146.9596710205078,146.89406,2.263840777612789,13.72655500629516,3.704936572506358,3.777299681548173,0.9958851916699926
2024-11-20,145.84005737304688,146.85176,2.263840777612789,13.72655500629516,3.704936572506358,3.777299681548173,0.9958851916699926
2024-11-21,146.6197967529297,147.02957,2.263840777612789,13.72655500629516,3.704936572506358,3.777299681548173,0.9958851916699926
2024-11-22,141.9014129638672,147.3963,2.263840777612789,13.72655500629516,3.704936572506358,3.777299681548173,0.9958851916699926
2024-11-25,135.97344970703125,146.96951,2.263840777612789,13.72655500629516,3.704936572506358,3.777299681548173,0.9958851916699926
2024-11-26,136.8731231689453,145.30309,2.263840777612789,13.72655500629516,3.704936572506358,3.777299681548173,0.9958851916699926
2024-11-27,135.2936553955078,143.58661,2.263840777612789,13.72655500629516,3.704936572506358,3.777299681548173,0.9958851916699926
2024-11-29,138.2026824951172,141.84709,2.263840777612789,13.72655500629516,3.704936572506358,3.777299681548173,0.9958851916699926
2024-12-02,138.58255004882812,140.87614,2.263840777612789,13.72655500629516,3.704936572506358,3.777299681548173,0.9958851916699926
2024-12-03,140.2119903564453,140.41737,2.263840777612789,13.72655500629516,3.704936572506358,3.777299681548173,0.9958851916699926
2024-12-04,145.09031677246094,140.51416,2.263840777612789,13.72655500629516,3.704936572506358,3.777299681548173,0.9958851916699926
2024-12-05,145.0203399658203,141.64775,2.263840777612789,13.72655500629516,3.704936572506358,3.777299681548173,0.9958851916699926
2024-12-06,142.40106201171875,142.98653,2.263840777612789,13.72655500629516,3.704936572506358,3.777299681548173,0.9958851916699926
2024-12-09,138.77203369140625,143.7547,2.263840777612789,13.72655500629516,3.704936572506358,3.777299681548173,0.9958851916699926
2024-12-10,135.03306579589844,143.57417,2.263840777612789,13.72655500629516,3.704936572506358,3.777299681548173,0.9958851916699926
2024-12-11,139.2718963623047,142.4281,2.263840777612789,13.72655500629516,3.704936572506358,3.777299681548173,0.9958851916699926
2024-12-12,137.3024444580078,141.82263,2.263840777612789,13.72655500629516,3.704936572506358,3.777299681548173,0.9958851916699926
2024-12-13,134.21328735351562,141.17284,2.263840777612789,13.72655500629516,3.704936572506358,3.777299681548173,0.9958851916699926
2024-12-16,131.96388244628906,140.08627,2.263840777612789,13.72655500629516,3.704936572506358,3.777299681548173,0.9958851916699926
2024-12-17,130.35433959960938,138.62636,2.263840777612789,13.72655500629516,3.704936572506358,3.777299681548173,0.9958851916699926
2024-12-18,128.874755859375,136.98438,2.263840777612789,13.72655500629516,3.704936572506358,3.777299681548173,0.9958851916699926
2024-12-19,130.6442413330078,135.28496,2.263840777612789,13.72655500629516,3.704936572506358,3.777299681548173,0.9958851916699926
2024-12-20,134.6631622314453,134.14458,2.263840777612789,13.72655500629516,3.704936572506358,3.777299681548173,0.9958851916699926
2024-12-23,139.6317901611328,134.09372,2.263840777612789,13.72655500629516,3.704936572506358,3.777299681548173,0.9958851916699926
2024-12-24,140.18165588378906,135.32385,2.263840777612789,13.72655500629516,3.704936572506358,3.777299681548173,0.9958851916699926
2024-12-26,139.89173889160156,136.9477,2.263840777612789,13.72655500629516,3.704936572506358,3.777299681548173,0.9958851916699926
2024-12-27,136.97251892089844,138.42665,2.263840777612789,13.72655500629516,3.704936572506358,3.777299681548173,0.9958851916699926
2024-12-30,137.452392578125,139.12514,2.263840777612789,13.72655500629516,3.704936572506358,3.777299681548173,0.9958851916699926
2024-12-31,134.25328063964844,139.50446,2.263840777612789,13.72655500629516,3.704936572506358,3.777299681548173,0.9958851916699926
2025-01-02,138.2721710205078,139.15172,2.263840777612789,13.72655500629516,3.704936572506358,3.777299681548173,0.9958851916699926
2025-01-03,144.4304962158203,139.26454,2.263840777612789,13.72655500629516,3.704936572506358,3.777299681548173,0.9958851916699926
2025-01-06,149.38912963867188,140.577,2.263840777612789,13.72655500629516,3.704936572506358,3.777299681548173,0.9958851916699926
2025-01-07,140.10166931152344,142.97089,2.263840777612789,13.72655500629516,3.704936572506358,3.777299681548173,0.9958851916699926
2025-01-08,140.07168579101562,143.80525,2.263840777612789,13.72655500629516,3.704936572506358,3.777299681548173,0.9958851916699926
2025-01-10,135.8728485107422,143.9211,2.263840777612789,13.72655500629516,3.704936572506358,3.777299681548173,0.9958851916699926
2025-01-13,133.19357299804688,143.01593,2.263840777612789,13.72655500629516,3.704936572506358,3.777299681548173,0.9958851916699926
2025-01-14,131.7239532470703,141.40302,2.263840777612789,13.72655500629516,3.704936572506358,3.777299681548173,0.9958851916699926
2025-01-15,136.2027587890625,139.51718,2.263840777612789,13.72655500629516,3.704936572506358,3.777299681548173,0.9958851916699926
2025-01-16,133.5334930419922,138.58704,2.263840777612789,13.72655500629516,3.704936572506358,3.777299681548173,0.9958851916699926
2025-01-17,137.67234802246094,137.70238,2.263840777612789,13.72655500629516,3.704936572506358,3.777299681548173,0.9958851916699926
2025-01-21,140.79148864746094,137.69211,2.263840777612789,13.72655500629516,3.704936572506358,3.777299681548173,0.9958851916699926
2025-01-22,147.02980041503906,138.54794,2.263840777612789,13.72655500629516,3.704936572506358,3.777299681548173,0.9958851916699926
2025-01-23,147.17974853515625,140.6657,2.263840777612789,13.72655500629516,3.704936572506358,3.777299681548173,0.9958851916699926
2025-01-24,142.58099365234375,142.94986,2.263840777612789,13.72655500629516,3.704936572506358,3.777299681548173,0.9958851916699926
2025-01-27,118.38761901855469,144.15703,2.263840777612789,13.72655500629516,3.704936572506358,3.777299681548173,0.9958851916699926
2025-01-28,128.95472717285156,140.63507,2.263840777612789,13.72655500629516,3.704936572506358,3.777299681548173,0.9958851916699926
2025-01-29,123.66616821289061,137.70262,2.263840777612789,13.72655500629516,3.704936572506358,3.777299681548173,0.9958851916699926
2025-01-30,124.6159210205078,134.51668,2.263840777612789,13.72655500629516,3.704936572506358,3.777299681548173,0.9958851916699926
2025-01-31,120.03717041015624,131.90903,2.263840777612789,13.72655500629516,3.704936572506358,3.777299681548173,0.9958851916699926
2025-02-03,116.62810516357422,129.14896,2.263840777612789,13.72655500629516,3.704936572506358,3.777299681548173,0.9958851916699926
2025-02-04,118.6175537109375,126.19685,2.263840777612789,13.72655500629516,3.704936572506358,3.777299681548173,0.9958851916699926
2025-02-05,124.79586791992188,123.99918,2.263840777612789,13.72655500629516,3.704936572506358,3.777299681548173,0.9958851916699926
2025-02-06,128.64480590820312,123.51831,2.263840777612789,13.72655500629516,3.704936572506358,3.777299681548173,0.9958851916699926
2025-02-07,129.8044891357422,124.44806,2.263840777612789,13.72655500629516,3.704936572506358,3.777299681548173,0.9958851916699926
2025-02-10,133.5334930419922,125.9905,2.263840777612789,13.72655500629516,3.704936572506358,3.777299681548173,0.9958851916699926
2025-02-11,132.76370239257812,128.18546,2.263840777612789,13.72655500629516,3.704936572506358,3.777299681548173,0.9958851916699926
2025-02-12,131.10415649414062,130.16159,2.263840777612789,13.72655500629516,3.704936572506358,3.777299681548173,0.9958851916699926
2025-02-13,135.25299072265625,131.46985,2.263840777612789,13.72655500629516,3.704936572506358,3.777299681548173,0.9958851916699926
2025-02-14,138.81202697753906,133.03358,2.263840777612789,13.72655500629516,3.704936572506358,3.777299681548173,0.9958851916699926
2025-02-18,139.36187744140625,135.04749,2.263840777612789,13.72655500629516,3.704936572506358,3.777299681548173,0.9958851916699926
2025-02-19,139.19192504882812,136.99818,2.263840777612789,13.72655500629516,3.704936572506358,3.777299681548173,0.9958851916699926
2025-02-20,140.07168579101562,138.57872,2.263840777612789,13.72655500629516,3.704936572506358,3.777299681548173,0.9958851916699926
2025-02-21,134.3932342529297,139.90692,2.263840777612789,13.72655500629516,3.704936572506358,3.777299681548173,0.9958851916699926
2025-02-24,130.244384765625,139.94292,2.263840777612789,13.72655500629516,3.704936572506358,3.777299681548173,0.9958851916699926
2025-02-25,126.59536743164061,138.76439,2.263840777612789,13.72655500629516,3.704936572506358,3.777299681548173,0.9958851916699926
2025-02-26,131.24411010742188,136.67133,2.263840777612789,13.72655500629516,3.704936572506358,3.777299681548173,0.9958851916699926
2025-02-27,120.11714172363278,135.34595,2.263840777612789,13.72655500629516,3.704936572506358,3.777299681548173,0.9958851916699926
2025-02-28,124.8858413696289,132.595,2.263840777612789,13.72655500629516,3.704936572506358,3.777299681548173,0.9958851916699926
2025-03-03,114.02880859375,130.56699,2.263840777612789,13.72655500629516,3.704936572506358,3.777299681548173,0.9958851916699926
2025-03-04,115.95828247070312,127.25641,2.263840777612789,13.72655500629516,3.704936572506358,3.777299681548173,0.9958851916699926
2025-03-05,117.26792144775389,124.33203,2.263840777612789,13.72655500629516,3.704936572506358,3.777299681548173,0.9958851916699926
2025-03-06,110.53976440429688,122.247215,2.263840777612789,13.72655500629516,3.704936572506358,3.777299681548173,0.9958851916699926
2025-03-07,112.65918731689453,119.66554,2.263840777612789,13.72655500629516,3.704936572506358,3.777299681548173,0.9958851916699926
2025-03-10,106.95075225830077,117.69716,2.263840777612789,13.72655500629516,3.704936572506358,3.777299681548173,0.9958851916699926
2025-03-11,108.73025512695312,115.304726,2.263840777612789,13.72655500629516,3.704936572506358,3.777299681548173,0.9958851916699926
2025-03-12,115.71900177001952,113.46772,2.263840777612789,13.72655500629516,3.704936572506358,3.777299681548173,0.9958851916699926
2025-03-13,115.55902862548828,113.36508,2.263840777612789,13.72655500629516,3.704936572506358,3.777299681548173,0.9958851916699926
2025-03-14,121.64791870117189,113.93353,2.263840777612789,13.72655500629516,3.704936572506358,3.777299681548173,0.9958851916699926
2025-03-17,119.50830841064452,115.74968,2.263840777612789,13.72655500629516,3.704936572506358,3.777299681548173,0.9958851916699926
2025-03-18,115.40904998779295,117.401245,2.263840777612789,13.72655500629516,3.704936572506358,3.777299681548173,0.9958851916699926
2025-03-19,117.49867248535156,118.04349,2.263840777612789,13.72655500629516,3.704936572506358,3.777299681548173,0.9958851916699926
2025-03-20,118.50848388671876,118.57432,2.263840777612789,13.72655500629516,3.704936572506358,3.777299681548173,0.9958851916699926
2025-03-21,117.67863464355467,119.15353,2.263840777612789,13.72655500629516,3.704936572506358,3.777299681548173,0.9958851916699926
2025-03-24,121.38796997070311,119.517365,2.263840777612789,13.72655500629516,3.704936572506358,3.777299681548173,0.9958851916699926
2025-03-25,120.66809844970706,120.38176,2.263840777612789,13.72655500629516,3.704936572506358,3.777299681548173,0.9958851916699926
2025-03-26,113.73935699462892,121.169395,2.263840777612789,13.72655500629516,3.704936572506358,3.777299681548173,0.9958851916699926
2025-03-27,111.40978240966797,120.60756,2.263840777612789,13.72655500629516,3.704936572506358,3.777299681548173,0.9958851916699926
2025-03-28,109.65010070800778,119.22024,2.263840777612789,13.72655500629516,3.704936572506358,3.777299681548173,0.9958851916699926
2025-03-31,108.36032867431642,117.42663,2.263840777612789,13.72655500629516,3.704936572506358,3.777299681548173,0.9958851916699926
2025-04-01,110.13000488281249,115.53446,2.263840777612789,13.72655500629516,3.704936572506358,3.777299681548173,0.9958851916699926
2025-04-02,110.39995574951172,114.209496,2.263840777612789,13.72655500629516,3.704936572506358,3.777299681548173,0.9958851916699926
2025-04-03,101.78152465820312,113.35852,2.263840777612789,13.72655500629516,3.704936572506358,3.777299681548173,0.9958851916699926
2025-04-04,94.29288482666016,111.338615,2.263840777612789,13.72655500629516,3.704936572506358,3.777299681548173,0.9958851916699926
2025-04-07,97.62227630615234,107.90955,2.263840777612789,13.72655500629516,3.704936572506358,3.777299681548173,0.9958851916699926
2025-04-08,96.28252410888672,105.07374,2.263840777612789,13.72655500629516,3.704936572506358,3.777299681548173,0.9958851916699926
2025-04-09,114.30924987792967,102.686874,2.263840777612789,13.72655500629516,3.704936572506358,3.777299681548173,0.9958851916699926
2025-04-10,107.55047607421876,103.99914,2.263840777612789,13.72655500629516,3.704936572506358,3.777299681548173,0.9958851916699926
2025-04-11,110.90986633300778,105.35144,2.263840777612789,13.72655500629516,3.704936572506358,3.777299681548173,0.9958851916699926
2025-04-14,110.68990325927734,107.12397,2.263840777612789,13.72655500629516,3.704936572506358,3.777299681548173,0.9958851916699926
2025-04-15,112.17963409423827,108.75211,2.263840777612789,13.72655500629516,3.704936572506358,3.777299681548173,0.9958851916699926
2025-04-16,104.47103881835938,110.33846,2.263840777612789,13.72655500629516,3.704936572506358,3.777299681548173,0.9958851916699926
2025-04-17,101.47157287597656,110.328514,2.263840777612789,13.72655500629516,3.704936572506358,3.777299681548173,0.9958851916699926
2025-04-21,96.89241790771484,109.19933,2.263840777612789,13.72655500629516,3.704936572506358,3.777299681548173,0.9958851916699926
2025-04-22,98.8720474243164,107.02295,2.263840777612789,13.72655500629516,3.704936572506358,3.777299681548173,0.9958851916699926
2025-04-23,102.6913604736328,105.13159,2.263840777612789,13.72655500629516,3.704936572506358,3.777299681548173,0.9958851916699926
2025-04-24,106.41068267822266,104.30599,2.263840777612789,13.72655500629516,3.704936572506358,3.777299681548173,0.9958851916699926
2025-04-25,110.98986053466797,104.66418,2.263840777612789,13.72655500629516,3.704936572506358,3.777299681548173,0.9958851916699926
2025-04-28,108.71027374267578,106.21696,2.263840777612789,13.72655500629516,3.704936572506358,3.777299681548173,0.9958851916699926
2025-04-29,109.00021362304689,107.59081,2.263840777612789,13.72655500629516,3.704936572506358,3.777299681548173,0.9958851916699926
2025-04-30,108.90023040771484,108.73954,2.263840777612789,13.72655500629516,3.704936572506358,3.777299681548173,0.9958851916699926
2025-05-01,111.5897445678711,109.6047,2.263840777612789,13.72655500629516,3.704936572506358,3.777299681548173,0.9958851916699926
2025-05-02,114.4792251586914,110.68882,2.263840777612789,13.72655500629516,3.704936572506358,3.777299681548173,0.9958851916699926
2025-05-05,113.79934692382812,112.17798,2.263840777612789,13.72655500629516,3.704936572506358,3.777299681548173,0.9958851916699926
2025-05-06,113.51940155029295,113.46086,2.263840777612789,13.72655500629516,3.704936572506358,3.777299681548173,0.9958851916699926
2025-05-07,117.03875732421875,114.408,2.263840777612789,13.72655500629516,3.704936572506358,3.777299681548173,0.9958851916699926
2025-05-08,117.34870910644533,115.67517,2.263840777612789,13.72655500629516,3.704936572506358,3.777299681548173,0.9958851916699926
2025-05-09,116.62882995605467,116.90216,2.263840777612789,13.72655500629516,3.704936572506358,3.777299681548173,0.9958851916699926
2025-05-12,122.9776840209961,117.78443,2.263840777612789,13.72655500629516,3.704936572506358,3.777299681548173,0.9958851916699926
2025-05-13,129.9064178466797,119.47829,2.263840777612789,13.72655500629516,3.704936572506358,3.777299681548173,0.9958851916699926
2025-05-14,135.3154296875,122.38418,2.263840777612789,13.72655500629516,3.704936572506358,3.777299681548173,0.9958851916699926
2025-05-15,134.80552673339844,126.19913,2.263840777612789,13.72655500629516,3.704936572506358,3.777299681548173,0.9958851916699926
2025-05-16,135.37542724609375,129.64735,2.263840777612789,13.72655500629516,3.704936572506358,3.777299681548173,0.9958851916699926
2025-05-19,135.54539489746094,132.49033,2.263840777612789,13.72655500629516,3.704936572506358,3.777299681548173,0.9958851916699926
2025-05-20,134.35560607910156,134.65634,2.263840777612789,13.72655500629516,3.704936572506358,3.777299681548173,0.9958851916699926
2025-05-21,131.7760772705078,135.99005,2.263840777612789,13.72655500629516,3.704936572506358,3.777299681548173,0.9958851916699926
2025-05-22,132.80589294433594,136.32652,2.263840777612789,13.72655500629516,3.704936572506358,3.777299681548173,0.9958851916699926
2025-05-23,131.26617431640625,136.37955,2.263840777612789,13.72655500629516,3.704936572506358,3.777299681548173,0.9958851916699926
2025-05-27,135.47540283203125,136.02206,2.263840777612789,13.72655500629516,3.704936572506358,3.777299681548173,0.9958851916699926
2025-05-28,134.78553771972656,136.26338,2.263840777612789,13.72655500629516,3.704936572506358,3.777299681548173,0.9958851916699926
2025-05-29,139.1647491455078,136.54971,2.263840777612789,13.72655500629516,3.704936572506358,3.777299681548173,0.9958851916699926
2025-05-30,135.10548400878906,137.54346,2.263840777612789,13.72655500629516,3.704936572506358,3.777299681548173,0.9958851916699926
2025-06-02,137.35507202148438,137.93549,2.263840777612789,13.72655500629516,3.704936572506358,3.777299681548173,0.9958851916699926
2025-06-03,141.19436645507812,138.41757,2.263840777612789,13.72655500629516,3.704936572506358,3.777299681548173,0.9958851916699926
2025-06-04,141.8942413330078,139.49815,2.263840777612789,13.72655500629516,3.704936572506358,3.777299681548173,0.9958851916699926
2025-06-05,139.964599609375,140.73973,2.263840777612789,13.72655500629516,3.704936572506358,3.777299681548173,0.9958851916699926
2025-06-06,141.69427490234375,141.50822,2.263840777612789,13.72655500629516,3.704936572506358,3.777299681548173,0.9958851916699926
2025-06-09,142.6041259765625,142.2642,2.263840777612789,13.72655500629516,3.704936572506358,3.777299681548173,0.9958851916699926
2025-06-10,143.9338836669922,143.03712,2.263840777612789,13.72655500629516,3.704936572506358,3.777299681548173,0.9958851916699926
2025-06-11,142.81399536132812,143.90942,2.263840777612789,13.72655500629516,3.704936572506358,3.777299681548173,0.9958851916699926
2025-06-12,144.98374938964844,144.47867,2.263840777612789,13.72655500629516,3.704936572506358,3.777299681548173,0.9958851916699926
2025-06-13,141.95408630371094,145.20432,2.263840777612789,13.72655500629516,3.704936572506358,3.777299681548173,0.9958851916699926
2025-06-16,144.6737823486328,145.3443,2.263840777612789,13.72655500629516,3.704936572506358,3.777299681548173,0.9958851916699926
2025-06-17,144.1038360595703,145.69861,2.263840777612789,13.72655500629516,3.704936572506358,3.777299681548173,0.9958851916699926
2025-06-18,145.46368408203125,145.96614,2.263840777612789,13.72655500629516,3.704936572506358,3.777299681548173,0.9958851916699926
2025-06-20,143.83387756347656,146.38336,2.263840777612789,13.72655500629516,3.704936572506358,3.777299681548173,0.9958851916699926
2025-06-23,144.15383911132812,146.50403,2.263840777612789,13.72655500629516,3.704936572506358,3.777299681548173,0.9958851916699926
2025-06-24,147.88340759277344,146.5437,2.263840777612789,13.72655500629516,3.704936572506358,3.777299681548173,0.9958851916699926
2025-06-25,154.29270935058594,147.17366,2.263840777612789,13.72655500629516,3.704936572506358,3.777299681548173,0.9958851916699926
2025-06-26,155.00262451171875,149.00558,2.263840777612789,13.72655500629516,3.704936572506358,3.777299681548173,0.9958851916699926
2025-06-27,157.73231506347656,151.10913,2.263840777612789,13.72655500629516,3.704936572506358,3.777299681548173,0.9958851916699926
2025-06-30,157.97230529785156,153.44048,2.263840777612789,13.72655500629516,3.704936572506358,3.777299681548173,0.9958851916699926
2025-07-01,153.2828369140625,155.51642,2.263840777612789,13.72655500629516,3.704936572506358,3.777299681548173,0.9958851916699926
2025-07-02,157.2323760986328,156.36244,2.263840777612789,13.72655500629516,3.704936572506358,3.777299681548173,0.9958851916699926
2025-07-03,159.3221435546875,157.27032,2.263840777612789,13.72655500629516,3.704936572506358,3.777299681548173,0.9958851916699926
2025-07-07,158.22227478027344,158.3854,2.263840777612789,13.72655500629516,3.704936572506358,3.777299681548173,0.9958851916699926
2025-07-08,159.98207092285156,159.19798,2.263840777612789,13.72655500629516,3.704936572506358,3.777299681548173,0.9958851916699926
2025-07-09,162.86175537109375,160.05202,2.263840777612789,13.72655500629516,3.704936572506358,3.777299681548173,0.9958851916699926
2025-07-10,164.0816192626953,161.25343,2.263840777612789,13.72655500629516,3.704936572506358,3.777299681548173,0.9958851916699926
2025-07-11,164.90151977539062,162.58234,2.263840777612789,13.72655500629516,3.704936572506358,3.777299681548173,0.9958851916699926
2025-07-14,164.05162048339844,163.872,2.263840777612789,13.72655500629516,3.704936572506358,3.777299681548173,0.9958851916699926
2025-07-15,170.6808624267578,164.78452,2.263840777612789,13.72655500629516,3.704936572506358,3.777299681548173,0.9958851916699926
2025-07-16,171.35079956054688,166.51215,2.263840777612789,13.72655500629516,3.704936572506358,3.777299681548173,0.9958851916699926
2025-07-17,172.98062133789062,168.35828,2.263840777612789,13.72655500629516,3.704936572506358,3.777299681548173,0.9958851916699926
2025-07-18,172.39068603515625,170.21669,2.263840777612789,13.72655500629516,3.704936572506358,3.777299681548173,0.9958851916699926
2025-07-21,171.36080932617188,171.66818,2.263840777612789,13.72655500629516,3.704936572506358,3.777299681548173,0.9958851916699926
2025-07-22,167.01129150390625,172.54877,2.263840777612789,13.72655500629516,3.704936572506358,3.777299681548173,0.9958851916699926
2025-07-23,170.7608642578125,172.32948,2.263840777612789,13.72655500629516,3.704936572506358,3.777299681548173,0.9958851916699926
2025-07-24,173.7205352783203,172.34833,2.263840777612789,13.72655500629516,3.704936572506358,3.777299681548173,0.9958851916699926
2025-07-25,173.48056030273438,172.92398,2.263840777612789,13.72655500629516,3.704936572506358,3.777299681548173,0.9958851916699926
2025-07-28,176.73019409179688,173.56047,2.263840777612789,13.72655500629516,3.704936572506358,3.777299681548173,0.9958851916699926
2025-07-29,175.49032592773438,174.65366,2.263840777612789,13.72655500629516,3.704936572506358,3.777299681548173,0.9958851916699926
2025-07-30,179.2499237060547,175.52185,2.263840777612789,13.72655500629516,3.704936572506358,3.777299681548173,0.9958851916699926
2025-07-31,177.85006713867188,176.78983,2.263840777612789,13.72655500629516,3.704936572506358,3.777299681548173,0.9958851916699926
2025-08-01,173.70053100585938,177.75563,2.263840777612789,13.72655500629516,3.704936572506358,3.777299681548173,0.9958851916699926
2025-08-04,179.97982788085938,177.7561,2.263840777612789,13.72655500629516,3.704936572506358,3.777299681548173,0.9958851916699926
2025-08-05,178.24002075195312,178.43802,2.263840777612789,13.72655500629516,3.704936572506358,3.777299681548173,0.9958851916699926
2025-08-06,179.39988708496094,178.95248,2.263840777612789,13.72655500629516,3.704936572506358,3.777299681548173,0.9958851916699926
2025-08-07,180.74974060058597,179.51277,2.263840777612789,13.72655500629516,3.704936572506358,3.777299681548173,0.9958851916699926
2025-08-08,182.6795196533203,180.21472,2.263840777612789,13.72655500629516,3.704936572506358,3.777299681548173,0.9958851916699926
2025-08-11,182.0395965576172,181.1692,2.263840777612789,13.72655500629516,3.704936572506358,3.777299681548173,0.9958851916699926
2025-08-12,183.1394805908203,181.94936,2.263840777612789,13.72655500629516,3.704936572506358,3.777299681548173,0.9958851916699926
2025-08-13,181.56964111328125,182.71735,2.263840777612789,13.72655500629516,3.704936572506358,3.777299681548173,0.9958851916699926
2025-08-14,181.9996032714844,183.0867,2.263840777612789,13.72655500629516,3.704936572506358,3.777299681548173,0.9958851916699926
2025-08-15,180.4297790527344,183.31401,2.263840777612789,13.72655500629516,3.704936572506358,3.777299681548173,0.9958851916699926
2025-08-18,181.98959350585935,183.18019,2.263840777612789,13.72655500629516,3.704936572506358,3.777299681548173,0.9958851916699926
2025-08-19,175.6203155517578,183.18648,2.263840777612789,13.72655500629516,3.704936572506358,3.777299681548173,0.9958851916699926
2025-08-20,175.38034057617188,182.17245,2.263840777612789,13.72655500629516,3.704936572506358,3.777299681548173,0.9958851916699926
2025-08-21,174.96038818359375,180.90237,2.263840777612789,13.72655500629516,3.704936572506358,3.777299681548173,0.9958851916699926
2025-08-22,177.97006225585938,179.65941,2.263840777612789,13.72655500629516,3.704936572506358,3.777299681548173,0.9958851916699926
2025-08-25,179.78985595703125,179.12477,2.263840777612789,13.72655500629516,3.704936572506358,3.777299681548173,0.9958851916699926
2025-08-26,181.7496337890625,179.24072,2.263840777612789,13.72655500629516,3.704936572506358,3.777299681548173,0.9958851916699926
2025-08-27,181.57965087890625,179.91194,2.263840777612789,13.72655500629516,3.704936572506358,3.777299681548173,0.9958851916699926
2025-08-28,180.1498107910156,180.6592,2.263840777612789,13.72655500629516,3.704936572506358,3.777299681548173,0.9958851916699926
2025-08-29,174.1604766845703,181.08379,2.263840777612789,13.72655500629516,3.704936572506358,3.777299681548173,0.9958851916699926
2025-09-02,170.7608642578125,180.32568,2.263840777612789,13.72655500629516,3.704936572506358,3.777299681548173,0.9958851916699926
2025-09-03,170.60089111328125,178.68492,2.263840777612789,13.72655500629516,3.704936572506358,3.777299681548173,0.9958851916699926
2025-09-04,171.64077758789062,176.94641,2.263840777612789,13.72655500629516,3.704936572506358,3.777299681548173,0.9958851916699926
2025-09-05,167.0012969970703,175.61897,2.263840777612789,13.72655500629516,3.704936572506358,3.777299681548173,0.9958851916699926
2025-09-08,168.2911376953125,173.88011,2.263840777612789,13.72655500629516,3.704936572506358,3.777299681548173,0.9958851916699926
2025-09-09,170.74085998535156,172.49377,2.263840777612789,13.72655500629516,3.704936572506358,3.777299681548173,0.9958851916699926
2025-09-10,177.3101348876953,171.87553,2.263840777612789,13.72655500629516,3.704936572506358,3.777299681548173,0.9958851916699926
2025-09-11,177.16014099121094,172.75328,2.263840777612789,13.72655500629516,3.704936572506358,3.777299681548173,0.9958851916699926
2025-09-12,177.8101043701172,174.03113,2.263840777612789,13.72655500629516,3.704936572506358,3.777299681548173,0.9958851916699926
2025-09-15,177.74009704589844,175.38084,2.263840777612789,13.72655500629516,3.704936572506358,3.777299681548173,0.9958851916699926
2025-09-16,174.87026977539062,176.53883,2.263840777612789,13.72655500629516,3.704936572506358,3.777299681548173,0.9958851916699926
2025-09-17,170.280517578125,176.96577,2.263840777612789,13.72655500629516,3.704936572506358,3.777299681548173,0.9958851916699926
2025-09-18,176.23019409179688,176.2877,2.263840777612789,13.72655500629516,3.704936572506358,3.777299681548173,0.9958851916699926
2025-09-19,176.66015625,176.30078,2.263840777612789,13.72655500629516,3.704936572506358,3.777299681548173,0.9958851916699926
2025-09-22,183.5997772216797,176.62663,2.263840777612789,13.72655500629516,3.704936572506358,3.777299681548173,0.9958851916699926
2025-09-23,178.42005920410156,178.17667,2.263840777612789,13.72655500629516,3.704936572506358,3.777299681548173,0.9958851916699926
2025-09-24,176.96014404296875,179.06264,2.263840777612789,13.72655500629516,3.704936572506358,3.777299681548173,0.9958851916699926
2025-09-25,177.68011474609375,179.32639,2.263840777612789,13.72655500629516,3.704936572506358,3.777299681548173,0.9958851916699926
2025-09-26,178.18008422851562,179.43,2.263840777612789,13.72655500629516,3.704936572506358,3.777299681548173,0.9958851916699926
2025-09-29,181.8398895263672,179.53163,2.263840777612789,13.72655500629516,3.704936572506358,3.777299681548173,0.9958851916699926
2025-09-30,186.56961059570312,180.22003,2.263840777612789,13.72655500629516,3.704936572506358,3.777299681548173,0.9958851916699926
2025-10-01,187.2295837402344,181.79471,2.263840777612789,13.72655500629516,3.704936572506358,3.777299681548173,0.9958851916699926
2025-10-02,188.8794860839844,183.54929,2.263840777612789,13.72655500629516,3.704936572506358,3.777299681548173,0.9958851916699926
2025-10-03,187.6095428466797,185.36218,2.263840777612789,13.72655500629516,3.704936572506358,3.777299681548173,0.9958851916699926
2025-10-06,185.5296630859375,186.68797,2.263840777612789,13.72655500629516,3.704936572506358,3.777299681548173,0.9958851916699926
2025-10-07,185.0296936035156,187.2691,2.263840777612789,13.72655500629516,3.704936572506358,3.777299681548173,0.9958851916699926
2025-10-08,189.09947204589844,187.38701,2.263840777612789,13.72655500629516,3.704936572506358,3.777299681548173,0.9958851916699926
2025-10-09,192.5592803955078,187.97362,2.263840777612789,13.72655500629516,3.704936572506358,3.777299681548173,0.9958851916699926
2025-10-10,183.1498107910156,189.19441,2.263840777612789,13.72655500629516,3.704936572506358,3.777299681548173,0.9958851916699926
2025-10-13,188.3095245361328,188.8858,2.263840777612789,13.72655500629516,3.704936572506358,3.777299681548173,0.9958851916699926
2025-10-14,180.0199737548828,188.91904,2.263840777612789,13.72655500629516,3.704936572506358,3.777299681548173,0.9958851916699926
2025-10-15,179.8199920654297,187.67422,2.263840777612789,13.72655500629516,3.704936572506358,3.777299681548173,0.9958851916699926
2025-10-16,181.7998809814453,186.12325,2.263840777612789,13.72655500629516,3.704936572506358,3.777299681548173,0.9958851916699926
2025-10-17,183.20980834960935,185.02167,2.263840777612789,13.72655500629516,3.704936572506358,3.777299681548173,0.9958851916699926
2025-10-20,182.6298370361328,184.49046,2.263840777612789,13.72655500629516,3.704936572506358,3.777299681548173,0.9958851916699926
2025-10-21,181.14991760253903,184.16068,2.263840777612789,13.72655500629516,3.704936572506358,3.777299681548173,0.9958851916699926
2025-10-22,180.26995849609372,183.7183,2.263840777612789,13.72655500629516,3.704936572506358,3.777299681548173,0.9958851916699926
2025-10-23,182.1498565673828,183.16443,2.263840777612789,13.72655500629516,3.704936572506358,3.777299681548173,0.9958851916699926
2025-10-24,186.24961853027344,182.97505,2.263840777612789,13.72655500629516,3.704936572506358,3.777299681548173,0.9958851916699926
2025-10-27,191.47933959960935,183.63528,2.263840777612789,13.72655500629516,3.704936572506358,3.777299681548173,0.9958851916699926
2025-10-28,201.0188140869141,185.37552,2.263840777612789,13.72655500629516,3.704936572506358,3.777299681548173,0.9958851916699926
2025-10-29,207.02847290039068,188.81673,2.263840777612789,13.72655500629516,3.704936572506358,3.777299681548173,0.9958851916699926
2025-10-30,202.8787078857422,193.31754,2.263840777612789,13.72655500629516,3.704936572506358,3.777299681548173,0.9958851916699926
2025-10-31,202.47872924804688,196.80417,2.263840777612789,13.72655500629516,3.704936572506358,3.777299681548173,0.9958851916699926
2025-11-03,206.8684844970703,199.2947,2.263840777612789,13.72655500629516,3.704936572506358,3.777299681548173,0.9958851916699926
2025-11-04,198.67893981933597,201.71652,2.263840777612789,13.72655500629516,3.704936572506358,3.777299681548173,0.9958851916699926
2025-11-05,195.1991424560547,202.35498,2.263840777612789,13.72655500629516,3.704936572506358,3.777299681548173,0.9958851916699926
2025-11-06,188.0695343017578,201.65161,2.263840777612789,13.72655500629516,3.704936572506358,3.777299681548173,0.9958851916699926
2025-11-07,188.1395263671875,199.36229,2.263840777612789,13.72655500629516,3.704936572506358,3.777299681548173,0.9958851916699926
2025-11-10,199.03892517089844,196.84135,2.263840777612789,13.72655500629516,3.704936572506358,3.777299681548173,0.9958851916699926
2025-11-11,193.1492462158203,196.40854,2.263840777612789,13.72655500629516,3.704936572506358,3.777299681548173,0.9958851916699926
2025-11-12,193.78921508789065,195.82205,2.263840777612789,13.72655500629516,3.704936572506358,3.777299681548173,0.9958851916699926
2025-11-13,186.8495941162109,195.39337,2.263840777612789,13.72655500629516,3.704936572506358,3.777299681548173,0.9958851916699926
2025-11-14,190.15940856933597,193.94162,2.263840777612789,13.72655500629516,3.704936572506358,3.777299681548173,0.9958851916699926
2025-11-17,186.5896148681641,192.89958,2.263840777612789,13.72655500629516,3.704936572506358,3.777299681548173,0.9958851916699926
2025-11-18,181.3498992919922,191.57697,2.263840777612789,13.72655500629516,3.704936572506358,3.777299681548173,0.9958851916699926
2025-11-19,186.50961303710935,189.50313,2.263840777612789,13.72655500629516,3.704936572506358,3.777299681548173,0.9958851916699926
2025-11-20,180.62994384765625,188.34811,2.263840777612789,13.72655500629516,3.704936572506358,3.777299681548173,0.9958851916699926
2025-11-21,178.8700408935547,186.73903,2.263840777612789,13.72655500629516,3.704936572506358,3.777299681548173,0.9958851916699926
2025-11-24,182.5398406982422,184.94682,2.263840777612789,13.72655500629516,3.704936572506358,3.777299681548173,0.9958851916699926
2025-11-25,177.8101043701172,183.99397,2.263840777612789,13.72655500629516,3.704936572506358,3.777299681548173,0.9958851916699926
2025-11-26,180.2499542236328,182.72447,2.263840777612789,13.72655500629516,3.704936572506358,3.777299681548173,0.9958851916699926
2025-11-28,176.99014282226562,181.97043,2.263840777612789,13.72655500629516,3.704936572506358,3.777299681548173,0.9958851916699926
2025-12-01,179.9099884033203,180.9938,2.263840777612789,13.72655500629516,3.704936572506358,3.777299681548173,0.9958851916699926
2025-12-02,181.4499053955078,180.59802,2.263840777612789,13.72655500629516,3.704936572506358,3.777299681548173,0.9958851916699926
2025-12-03,179.5800018310547,180.74721,2.263840777612789,13.72655500629516,3.704936572506358,3.777299681548173,0.9958851916699926
2025-12-04,183.3800048828125,180.77785,2.263840777612789,13.72655500629516,3.704936572506358,3.777299681548173,0.9958851916699926
2025-12-05,182.41000366210935,181.40929,2.263840777612789,13.72655500629516,3.704936572506358,3.777299681548173,0.9958851916699926
2025-12-08,185.5500030517578,182.00607,2.263840777612789,13.72655500629516,3.704936572506358,3.777299681548173,0.9958851916699926
2025-12-09,184.97000122070312,183.02896,2.263840777612789,13.72655500629516,3.704936572506358,3.777299681548173,0.9958851916699926
2025-12-10,183.77999877929688,183.9513,2.263840777612789,13.72655500629516,3.704936572506358,3.777299681548173,0.9958851916699926
2025-12-11,180.92999267578125,184.49693,2.263840777612789,13.72655500629516,3.704936572506358,3.777299681548173,0.9958851916699926
2025-12-12,175.02000427246094,184.34267,2.263840777612789,13.72655500629516,3.704936572506358,3.777299681548173,0.9958851916699926
2025-12-15,176.2899932861328,182.9679,2.263840777612789,13.72655500629516,3.704936572506358,3.777299681548173,0.9958851916699926
2025-12-16,177.72000122070312,181.5696,2.263840777612789,13.72655500629516,3.704936572506358,3.777299681548173,0.9958851916699926
2025-12-17,170.94000244140625,180.61377,2.263840777612789,13.72655500629516,3.704936572506358,3.777299681548173,0.9958851916699926
2025-12-18,174.13999938964844,178.84056,2.263840777612789,13.72655500629516,3.704936572506358,3.777299681548173,0.9958851916699926
2025-12-19,180.9900054931641,177.59254,2.263840777612789,13.72655500629516,3.704936572506358,3.777299681548173,0.9958851916699926
2025-12-22,183.69000244140625,177.8805,2.263840777612789,13.72655500629516,3.704936572506358,3.777299681548173,0.9958851916699926
2025-12-23,189.2100067138672,179.14636,2.263840777612789,13.72655500629516,3.704936572506358,3.777299681548173,0.9958851916699926
2025-12-24,188.6100006103516,181.50444,2.263840777612789,13.72655500629516,3.704936572506358,3.777299681548173,0.9958851916699926
2025-12-26,190.52999877929688,183.79546,2.263840777612789,13.72655500629516,3.704936572506358,3.777299681548173,0.9958851916699926
2025-12-29,188.22000122070312,186.02264,2.263840777612789,13.72655500629516,3.704936572506358,3.777299681548173,0.9958851916699926
2025-12-30,187.5399932861328,187.48291,2.263840777612789,13.72655500629516,3.704936572506358,3.777299681548173,0.9958851916699926
2025-12-31,186.5,188.30963,2.263840777612789,13.72655500629516,3.704936572506358,3.777299681548173,0.9958851916699926
2026-01-02,188.8500061035156,188.58461,2.263840777612789,13.72655500629516,3.704936572506358,3.777299681548173,0.9958851916699926
2026-01-05,188.1199951171875,188.98735,2.263840777612789,13.72655500629516,3.704936572506358,3.777299681548173,0.9958851916699926
2026-01-06,187.2400054931641,189.23541,2.263840777612789,13.72655500629516,3.704936572506358,3.777299681548173,0.9958851916699926
2026-01-07,189.1100006103516,189.23198,2.263840777612789,13.72655500629516,3.704936572506358,3.777299681548173,0.9958851916699926
2026-01-08,185.0399932861328,189.43607,2.263840777612789,13.72655500629516,3.704936572506358,3.777299681548173,0.9958851916699926
