Date,Actual,Predicted,MAE,MSE,RMSE,MAPE,R2
2021-10-01,135.44664001464844,132.56818163234445,44.8797244396991,2468.3705923939956,49.68269912549031,33.79034670557226,-0.10564268810393651
2021-10-04,132.76922607421875,132.5731724056136,44.8797244396991,2468.3705923939956,49.68269912549031,33.79034670557226,-0.10564268810393651
2021-10-05,135.16326904296875,132.9082358845652,44.8797244396991,2468.3705923939956,49.68269912549031,33.79034670557226,-0.10564268810393651
2021-10-06,136.33148193359375,132.787614031217,44.8797244396991,2468.3705923939956,49.68269912549031,33.79034670557226,-0.10564268810393651
2021-10-07,138.1493682861328,132.77899633067943,44.8797244396991,2468.3705923939956,49.68269912549031,33.79034670557226,-0.10564268810393651
2021-10-08,139.0133819580078,132.95953267613027,44.8797244396991,2468.3705923939956,49.68269912549031,33.79034670557226,-0.10564268810393651
2021-10-11,137.8138885498047,133.13610600351882,44.8797244396991,2468.3705923939956,49.68269912549031,33.79034670557226,-0.10564268810393651
2021-10-12,135.6952667236328,133.22899055996115,44.8797244396991,2468.3705923939956,49.68269912549031,33.79034670557226,-0.10564268810393651
2021-10-13,136.8734130859375,133.32223911287423,44.8797244396991,2468.3705923939956,49.68269912549031,33.79034670557226,-0.10564268810393651
2021-10-14,140.35926818847656,133.55855827335913,44.8797244396991,2468.3705923939956,49.68269912549031,33.79034670557226,-0.10564268810393651
2021-10-15,140.62034606933594,133.53407477183782,44.8797244396991,2468.3705923939956,49.68269912549031,33.79034670557226,-0.10564268810393651
2021-10-18,141.89625549316406,133.8556034508546,44.8797244396991,2468.3705923939956,49.68269912549031,33.79034670557226,-0.10564268810393651
2021-10-19,142.75132751464844,133.70131005132674,44.8797244396991,2468.3705923939956,49.68269912549031,33.79034670557226,-0.10564268810393651
2021-10-20,141.3548126220703,133.84178505300673,44.8797244396991,2468.3705923939956,49.68269912549031,33.79034670557226,-0.10564268810393651
2021-10-21,141.71759033203125,134.29738104403188,44.8797244396991,2468.3705923939956,49.68269912549031,33.79034670557226,-0.10564268810393651
2021-10-22,137.59303283691406,134.56191499682998,44.8797244396991,2468.3705923939956,49.68269912549031,33.79034670557226,-0.10564268810393651
2021-10-25,137.7399139404297,134.65448357273476,44.8797244396991,2468.3705923939956,49.68269912549031,33.79034670557226,-0.10564268810393651
2021-10-26,138.6322479248047,134.7836033773281,44.8797244396991,2468.3705923939956,49.68269912549031,33.79034670557226,-0.10564268810393651
2021-10-27,145.3374481201172,135.23082044408827,44.8797244396991,2468.3705923939956,49.68269912549031,33.79034670557226,-0.10564268810393651
2021-10-28,145.04116821289062,134.95534984884685,44.8797244396991,2468.3705923939956,49.68269912549031,33.79034670557226,-0.10564268810393651
2021-10-29,147.16671752929688,135.19972535090054,44.8797244396991,2468.3705923939956,49.68269912549031,33.79034670557226,-0.10564268810393651
2021-11-01,142.70370483398438,135.55461678616777,44.8797244396991,2468.3705923939956,49.68269912549031,33.79034670557226,-0.10564268810393651
2021-11-02,144.7771453857422,135.8254067398125,44.8797244396991,2468.3705923939956,49.68269912549031,33.79034670557226,-0.10564268810393651
2021-11-03,145.69723510742188,136.0631675268385,44.8797244396991,2468.3705923939956,49.68269912549031,33.79034670557226,-0.10564268810393651
2021-11-04,147.57615661621094,136.34938591699992,44.8797244396991,2468.3705923939956,49.68269912549031,33.79034670557226,-0.10564268810393651
2021-11-05,148.1300048828125,136.44998544756618,44.8797244396991,2468.3705923939956,49.68269912549031,33.79034670557226,-0.10564268810393651
2021-11-08,148.2396697998047,136.6060460144312,44.8797244396991,2468.3705923939956,49.68269912549031,33.79034670557226,-0.10564268810393651
2021-11-09,148.137451171875,136.9424568000083,44.8797244396991,2468.3705923939956,49.68269912549031,33.79034670557226,-0.10564268810393651
2021-11-10,145.5345001220703,136.829268197474,44.8797244396991,2468.3705923939956,49.68269912549031,33.79034670557226,-0.10564268810393651
2021-11-11,145.6555633544922,136.81129934565323,44.8797244396991,2468.3705923939956,49.68269912549031,33.79034670557226,-0.10564268810393651
2021-11-12,148.531494140625,136.7019885947772,44.8797244396991,2468.3705923939956,49.68269912549031,33.79034670557226,-0.10564268810393651
2021-11-15,148.2759246826172,136.76535258980758,44.8797244396991,2468.3705923939956,49.68269912549031,33.79034670557226,-0.10564268810393651
2021-11-16,147.9662322998047,136.78075009707976,44.8797244396991,2468.3705923939956,49.68269912549031,33.79034670557226,-0.10564268810393651
2021-11-17,147.95233154296875,136.95640136143666,44.8797244396991,2468.3705923939956,49.68269912549031,33.79034670557226,-0.10564268810393651
2021-11-18,149.58706665039062,136.9326025468484,44.8797244396991,2468.3705923939956,49.68269912549031,33.79034670557226,-0.10564268810393651
2021-11-19,148.83621215820312,136.89785758612575,44.8797244396991,2468.3705923939956,49.68269912549031,33.79034670557226,-0.10564268810393651
2021-11-22,145.9835968017578,136.8935141587622,44.8797244396991,2468.3705923939956,49.68269912549031,33.79034670557226,-0.10564268810393651
2021-11-23,145.6645050048828,137.11644616714335,44.8797244396991,2468.3705923939956,49.68269912549031,33.79034670557226,-0.10564268810393651
2021-11-24,145.6252899169922,137.3338023634726,44.8797244396991,2468.3705923939956,49.68269912549031,33.79034670557226,-0.10564268810393651
2021-11-26,141.74290466308594,137.46350270074987,44.8797244396991,2468.3705923939956,49.68269912549031,33.79034670557226,-0.10564268810393651
2021-11-29,145.02627563476562,137.72611837548155,44.8797244396991,2468.3705923939956,49.68269912549031,33.79034670557226,-0.10564268810393651
2021-11-30,141.39154052734375,137.82764183415478,44.8797244396991,2468.3705923939956,49.68269912549031,33.79034670557226,-0.10564268810393651
2021-12-01,140.56375122070312,137.97084737227925,44.8797244396991,2468.3705923939956,49.68269912549031,33.79034670557226,-0.10564268810393651
2021-12-02,142.7061767578125,138.2277469337449,44.8797244396991,2468.3705923939956,49.68269912549031,33.79034670557226,-0.10564268810393651
2021-12-03,141.45953369140625,138.31433199807907,44.8797244396991,2468.3705923939956,49.68269912549031,33.79034670557226,-0.10564268810393651
2021-12-06,142.7259979248047,138.1971907891643,44.8797244396991,2468.3705923939956,49.68269912549031,33.79034670557226,-0.10564268810393651
2021-12-07,146.93446350097656,138.5069908998304,44.8797244396991,2468.3705923939956,49.68269912549031,33.79034670557226,-0.10564268810393651
2021-12-08,147.61337280273438,138.51365430163793,44.8797244396991,2468.3705923939956,49.68269912549031,33.79034670557226,-0.10564268810393651
2021-12-09,147.00344848632812,138.66105511578496,44.8797244396991,2468.3705923939956,49.68269912549031,33.79034670557226,-0.10564268810393651
2021-12-10,147.56822204589844,138.84610891379293,44.8797244396991,2468.3705923939956,49.68269912549031,33.79034670557226,-0.10564268810393651
2021-12-13,145.6123809814453,139.0929873390075,44.8797244396991,2468.3705923939956,49.68269912549031,33.79034670557226,-0.10564268810393651
2021-12-14,143.89129638671875,139.13069974800803,44.8797244396991,2468.3705923939956,49.68269912549031,33.79034670557226,-0.10564268810393651
2021-12-15,146.2714385986328,139.28286106352934,44.8797244396991,2468.3705923939956,49.68269912549031,33.79034670557226,-0.10564268810393651
2021-12-16,143.76028442382812,139.27566128669264,44.8797244396991,2468.3705923939956,49.68269912549031,33.79034670557226,-0.10564268810393651
2021-12-17,141.73992919921875,139.44795875308654,44.8797244396991,2468.3705923939956,49.68269912549031,33.79034670557226,-0.10564268810393651
2021-12-20,141.34141540527344,139.51950012234454,44.8797244396991,2468.3705923939956,49.68269912549031,33.79034670557226,-0.10564268810393651
2021-12-21,143.1468963623047,139.57058147572076,44.8797244396991,2468.3705923939956,49.68269912549031,33.79034670557226,-0.10564268810393651
2021-12-22,145.85507202148438,139.51578156821242,44.8797244396991,2468.3705923939956,49.68269912549031,33.79034670557226,-0.10564268810393651
2021-12-23,146.047119140625,139.63530368112174,44.8797244396991,2468.3705923939956,49.68269912549031,33.79034670557226,-0.10564268810393651
2021-12-27,146.96173095703125,140.0385316566371,44.8797244396991,2468.3705923939956,49.68269912549031,33.79034670557226,-0.10564268810393651
2021-12-28,145.3577880859375,140.15649793903094,44.8797244396991,2468.3705923939956,49.68269912549031,33.79034670557226,-0.10564268810393651
2021-12-29,145.41387939453125,140.1442982041192,44.8797244396991,2468.3705923939956,49.68269912549031,33.79034670557226,-0.10564268810393651
2021-12-30,144.9156036376953,140.18129927313922,44.8797244396991,2468.3705923939956,49.68269912549031,33.79034670557226,-0.10564268810393651
2021-12-31,143.6024627685547,140.2922652912685,44.8797244396991,2468.3705923939956,49.68269912549031,33.79034670557226,-0.10564268810393651
2022-01-03,143.9945068359375,140.18372915365129,44.8797244396991,2468.3705923939956,49.68269912549031,33.79034670557226,-0.10564268810393651
2022-01-04,143.3414306640625,140.5616559937945,44.8797244396991,2468.3705923939956,49.68269912549031,33.79034670557226,-0.10564268810393651
2022-01-05,136.62876892089844,140.56896246230568,44.8797244396991,2468.3705923939956,49.68269912549031,33.79034670557226,-0.10564268810393651
2022-01-06,136.5270233154297,141.00356530131833,44.8797244396991,2468.3705923939956,49.68269912549031,33.79034670557226,-0.10564268810393651
2022-01-07,135.98458862304688,141.23023584460668,44.8797244396991,2468.3705923939956,49.68269912549031,33.79034670557226,-0.10564268810393651
2022-01-10,137.5424041748047,141.15403371869598,44.8797244396991,2468.3705923939956,49.68269912549031,33.79034670557226,-0.10564268810393651
2022-01-11,138.9751739501953,141.04157144134666,44.8797244396991,2468.3705923939956,49.68269912549031,33.79034670557226,-0.10564268810393651
2022-01-12,140.59352111816406,141.13577031342794,44.8797244396991,2468.3705923939956,49.68269912549031,33.79034670557226,-0.10564268810393651
2022-01-13,138.0952606201172,141.20300480158852,44.8797244396991,2468.3705923939956,49.68269912549031,33.79034670557226,-0.10564268810393651
2022-01-14,138.7458953857422,141.31380173845827,44.8797244396991,2468.3705923939956,49.68269912549031,33.79034670557226,-0.10564268810393651
2022-01-18,135.27589416503906,141.5761423046308,44.8797244396991,2468.3705923939956,49.68269912549031,33.79034670557226,-0.10564268810393651
2022-01-19,134.64215087890625,141.8109717705732,44.8797244396991,2468.3705923939956,49.68269912549031,33.79034670557226,-0.10564268810393651
2022-01-20,132.51263427734375,141.64161766934296,44.8797244396991,2468.3705923939956,49.68269912549031,33.79034670557226,-0.10564268810393651
2022-01-21,129.12355041503906,141.79888595394291,44.8797244396991,2468.3705923939956,49.68269912549031,33.79034670557226,-0.10564268810393651
2022-01-24,129.40145874023438,141.8607429900463,44.8797244396991,2468.3705923939956,49.68269912549031,33.79034670557226,-0.10564268810393651
2022-01-25,125.7920379638672,141.81015498514893,44.8797244396991,2468.3705923939956,49.68269912549031,33.79034670557226,-0.10564268810393651
2022-01-26,128.27792358398438,141.39306896646522,44.8797244396991,2468.3705923939956,49.68269912549031,33.79034670557226,-0.10564268810393651
2022-01-27,128.15975952148438,141.47459780175794,44.8797244396991,2468.3705923939956,49.68269912549031,33.79034670557226,-0.10564268810393651
2022-01-28,132.29725646972656,141.53709699638503,44.8797244396991,2468.3705923939956,49.68269912549031,33.79034670557226,-0.10564268810393651
2022-01-31,134.68832397460938,141.71450526954698,44.8797244396991,2468.3705923939956,49.68269912549031,33.79034670557226,-0.10564268810393651
2022-02-01,136.85206604003906,142.19257962507336,44.8797244396991,2468.3705923939956,49.68269912549031,33.79034670557226,-0.10564268810393651
2022-02-02,146.93446350097656,142.59801776139946,44.8797244396991,2468.3705923939956,49.68269912549031,33.79034670557226,-0.10564268810393651
2022-02-03,141.58856201171875,142.3125535636704,44.8797244396991,2468.3705923939956,49.68269912549031,33.79034670557226,-0.10564268810393651
2022-02-04,141.9513397216797,142.07689547261603,44.8797244396991,2468.3705923939956,49.68269912549031,33.79034670557226,-0.10564268810393651
2022-02-07,137.90370178222656,142.00202869672387,44.8797244396991,2468.3705923939956,49.68269912549031,33.79034670557226,-0.10564268810393651
2022-02-08,138.17665100097656,142.02048379773768,44.8797244396991,2468.3705923939956,49.68269912549031,33.79034670557226,-0.10564268810393651
2022-02-09,140.39999389648438,141.96636527581126,44.8797244396991,2468.3705923939956,49.68269912549031,33.79034670557226,-0.10564268810393651
2022-02-10,137.57070922851562,142.2567903610625,44.8797244396991,2468.3705923939956,49.68269912549031,33.79034670557226,-0.10564268810393651
2022-02-11,133.13150024414062,142.35724271878163,44.8797244396991,2468.3705923939956,49.68269912549031,33.79034670557226,-0.10564268810393651
2022-02-14,134.29278564453125,142.46653162138688,44.8797244396991,2468.3705923939956,49.68269912549031,33.79034670557226,-0.10564268810393651
2022-02-15,135.40988159179688,142.59212557872047,44.8797244396991,2468.3705923939956,49.68269912549031,33.79034670557226,-0.10564268810393651
2022-02-16,136.4639892578125,142.81216591588387,44.8797244396991,2468.3705923939956,49.68269912549031,33.79034670557226,-0.10564268810393651
2022-02-17,131.32354736328125,142.8067496908292,44.8797244396991,2468.3705923939956,49.68269912549031,33.79034670557226,-0.10564268810393651
2022-02-18,129.4962615966797,142.68958413065866,44.8797244396991,2468.3705923939956,49.68269912549031,33.79034670557226,-0.10564268810393651
2022-02-22,128.43919372558594,142.71818358816924,44.8797244396991,2468.3705923939956,49.68269912549031,33.79034670557226,-0.10564268810393651
2022-02-23,126.63522338867188,142.7699472987012,44.8797244396991,2468.3705923939956,49.68269912549031,33.79034670557226,-0.10564268810393651
2022-02-24,131.6858367919922,142.8430991277078,44.8797244396991,2468.3705923939956,49.68269912549031,33.79034670557226,-0.10564268810393651
2022-02-25,133.51808166503906,142.77214443093683,44.8797244396991,2468.3705923939956,49.68269912549031,33.79034670557226,-0.10564268810393651
2022-02-28,133.88685607910156,143.01141232777437,44.8797244396991,2468.3705923939956,49.68269912549031,33.79034670557226,-0.10564268810393651
2022-03-01,133.16920471191406,143.1673569895881,44.8797244396991,2468.3705923939956,49.68269912549031,33.79034670557226,-0.10564268810393651
2022-03-02,133.74838256835938,142.97658259502342,44.8797244396991,2468.3705923939956,49.68269912549031,33.79034670557226,-0.10564268810393651
2022-03-03,133.30816650390625,143.34150288810298,44.8797244396991,2468.3705923939956,49.68269912549031,33.79034670557226,-0.10564268810393651
2022-03-04,131.13844299316406,143.32877741997495,44.8797244396991,2468.3705923939956,49.68269912549031,33.79034670557226,-0.10564268810393651
2022-03-07,125.52306365966795,143.0223798245878,44.8797244396991,2468.3705923939956,49.68269912549031,33.79034670557226,-0.10564268810393651
2022-03-08,126.33100128173828,142.91359758785956,44.8797244396991,2468.3705923939956,49.68269912549031,33.79034670557226,-0.10564268810393651
2022-03-09,132.8694305419922,143.36127967326553,44.8797244396991,2468.3705923939956,49.68269912549031,33.79034670557226,-0.10564268810393651
2022-03-10,131.69427490234375,143.51119353433475,44.8797244396991,2468.3705923939956,49.68269912549031,33.79034670557226,-0.10564268810393651
2022-03-11,129.5041961669922,143.21793649176897,44.8797244396991,2468.3705923939956,49.68269912549031,33.79034670557226,-0.10564268810393651
2022-03-14,125.79750061035156,143.58311253301122,44.8797244396991,2468.3705923939956,49.68269912549031,33.79034670557226,-0.10564268810393651
2022-03-15,128.69528198242188,143.401045155792,44.8797244396991,2468.3705923939956,49.68269912549031,33.79034670557226,-0.10564268810393651
2022-03-16,132.69525146484375,143.61135090469256,44.8797244396991,2468.3705923939956,49.68269912549031,33.79034670557226,-0.10564268810393651
2022-03-17,133.59848022460938,143.6063849177971,44.8797244396991,2468.3705923939956,49.68269912549031,33.79034670557226,-0.10564268810393651
2022-03-18,135.78309631347656,143.89869185573494,44.8797244396991,2468.3705923939956,49.68269912549031,33.79034670557226,-0.10564268810393651
2022-03-21,135.46249389648438,143.91947749686906,44.8797244396991,2468.3705923939956,49.68269912549031,33.79034670557226,-0.10564268810393651
2022-03-22,139.23321533203125,144.03899015470344,44.8797244396991,2468.3705923939956,49.68269912549031,33.79034670557226,-0.10564268810393651
2022-03-23,137.472412109375,144.2210449473075,44.8797244396991,2468.3705923939956,49.68269912549031,33.79034670557226,-0.10564268810393651
2022-03-24,140.26004028320312,144.21687939373683,44.8797244396991,2468.3705923939956,49.68269912549031,33.79034670557226,-0.10564268810393651
2022-03-25,140.46798706054688,144.5709312865707,44.8797244396991,2468.3705923939956,49.68269912549031,33.79034670557226,-0.10564268810393651
2022-03-28,140.89328002929688,144.42774158575773,44.8797244396991,2468.3705923939956,49.68269912549031,33.79034670557226,-0.10564268810393651
2022-03-29,142.18360900878906,144.67183220192436,44.8797244396991,2468.3705923939956,49.68269912549031,33.79034670557226,-0.10564268810393651
2022-03-30,141.58261108398438,145.0529219539092,44.8797244396991,2468.3705923939956,49.68269912549031,33.79034670557226,-0.10564268810393651
2022-03-31,138.60989379882812,145.08409856747775,44.8797244396991,2468.3705923939956,49.68269912549031,33.79034670557226,-0.10564268810393651
2022-04-01,139.65257263183594,145.53355564593429,44.8797244396991,2468.3705923939956,49.68269912549031,33.79034670557226,-0.10564268810393651
2022-04-04,142.5731658935547,145.63583341866462,44.8797244396991,2468.3705923939956,49.68269912549031,33.79034670557226,-0.10564268810393651
2022-04-05,140.01287841796875,145.96554292891028,44.8797244396991,2468.3705923939956,49.68269912549031,33.79034670557226,-0.10564268810393651
2022-04-06,136.15481567382812,145.96988771216274,44.8797244396991,2468.3705923939956,49.68269912549031,33.79034670557226,-0.10564268810393651
2022-04-07,135.44908142089844,146.13927009024832,44.8797244396991,2468.3705923939956,49.68269912549031,33.79034670557226,-0.10564268810393651
2022-04-08,133.0128936767578,146.19898867986657,44.8797244396991,2468.3705923939956,49.68269912549031,33.79034670557226,-0.10564268810393651
2022-04-11,128.83023071289062,146.30746643024088,44.8797244396991,2468.3705923939956,49.68269912549031,33.79034670557226,-0.10564268810393651
2022-04-12,127.41883850097656,146.5099181150084,44.8797244396991,2468.3705923939956,49.68269912549031,33.79034670557226,-0.10564268810393651
2022-04-13,129.31610107421875,146.63053118039616,44.8797244396991,2468.3705923939956,49.68269912549031,33.79034670557226,-0.10564268810393651
2022-04-14,126.30567932128906,146.81694135261395,44.8797244396991,2468.3705923939956,49.68269912549031,33.79034670557226,-0.10564268810393651
2022-04-18,127.0084228515625,147.1923246943639,44.8797244396991,2468.3705923939956,49.68269912549031,33.79034670557226,-0.10564268810393651
2022-04-19,129.5592803955078,147.24561687166516,44.8797244396991,2468.3705923939956,49.68269912549031,33.79034670557226,-0.10564268810393651
2022-04-20,127.29080200195312,147.13744508370996,44.8797244396991,2468.3705923939956,49.68269912549031,33.79034670557226,-0.10564268810393651
2022-04-21,124.0074234008789,147.3180466948556,44.8797244396991,2468.3705923939956,49.68269912549031,33.79034670557226,-0.10564268810393651
2022-04-22,118.72354888916016,147.77517827759792,44.8797244396991,2468.3705923939956,49.68269912549031,33.79034670557226,-0.10564268810393651
2022-04-25,122.33248138427734,147.81765702699434,44.8797244396991,2468.3705923939956,49.68269912549031,33.79034670557226,-0.10564268810393651
2022-04-26,118.6163558959961,148.0562675216713,44.8797244396991,2468.3705923939956,49.68269912549031,33.79034670557226,-0.10564268810393651
2022-04-27,114.16425323486328,148.32085894211886,44.8797244396991,2468.3705923939956,49.68269912549031,33.79034670557226,-0.10564268810393651
2022-04-28,118.52257537841795,148.593770056111,44.8797244396991,2468.3705923939956,49.68269912549031,33.79034670557226,-0.10564268810393651
2022-04-29,114.11065673828124,148.6703841004944,44.8797244396991,2468.3705923939956,49.68269912549031,33.79034670557226,-0.10564268810393651
2022-05-02,116.28482818603516,148.66071711739843,44.8797244396991,2468.3705923939956,49.68269912549031,33.79034670557226,-0.10564268810393651
2022-05-03,117.25010681152344,148.67635484979067,44.8797244396991,2468.3705923939956,49.68269912549031,33.79034670557226,-0.10564268810393651
2022-05-04,121.66251373291016,148.87490723203027,44.8797244396991,2468.3705923939956,49.68269912549031,33.79034670557226,-0.10564268810393651
2022-05-05,115.8773956298828,149.07822280800144,44.8797244396991,2468.3705923939956,49.68269912549031,33.79034670557226,-0.10564268810393651
2022-05-06,114.79898834228516,149.2267960656133,44.8797244396991,2468.3705923939956,49.68269912549031,33.79034670557226,-0.10564268810393651
2022-05-09,112.2421646118164,149.271587278251,44.8797244396991,2468.3705923939956,49.68269912549031,33.79034670557226,-0.10564268810393651
2022-05-10,113.73149871826172,149.35746377581108,44.8797244396991,2468.3705923939956,49.68269912549031,33.79034670557226,-0.10564268810393651
2022-05-11,113.11264038085938,149.0893033932744,44.8797244396991,2468.3705923939956,49.68269912549031,33.79034670557226,-0.10564268810393651
2022-05-12,112.31859588623048,149.23184209786942,44.8797244396991,2468.3705923939956,49.68269912549031,33.79034670557226,-0.10564268810393651
2022-05-13,115.64812469482422,149.61985529215227,44.8797244396991,2468.3705923939956,49.68269912549031,33.79034670557226,-0.10564268810393651
2022-05-16,113.93795013427734,149.77051773905214,44.8797244396991,2468.3705923939956,49.68269912549031,33.79034670557226,-0.10564268810393651
2022-05-17,115.8327407836914,149.73548217594515,44.8797244396991,2468.3705923939956,49.68269912549031,33.79034670557226,-0.10564268810393651
2022-05-18,111.56424713134766,149.499363354856,44.8797244396991,2468.3705923939956,49.68269912549031,33.79034670557226,-0.10564268810393651
2022-05-19,109.92107391357422,149.85131235793165,44.8797244396991,2468.3705923939956,49.68269912549031,33.79034670557226,-0.10564268810393651
2022-05-20,108.4992446899414,149.93294529751918,44.8797244396991,2468.3705923939956,49.68269912549031,33.79034670557226,-0.10564268810393651
2022-05-23,110.83522033691406,150.19147248030882,44.8797244396991,2468.3705923939956,49.68269912549031,33.79034670557226,-0.10564268810393651
2022-05-24,105.137451171875,150.22475931865455,44.8797244396991,2468.3705923939956,49.68269912549031,33.79034670557226,-0.10564268810393651
2022-05-25,105.05159759521484,150.39527744373308,44.8797244396991,2468.3705923939956,49.68269912549031,33.79034670557226,-0.10564268810393651
2022-05-26,107.48979949951172,150.43004163701028,44.8797244396991,2468.3705923939956,49.68269912549031,33.79034670557226,-0.10564268810393651
2022-05-27,111.95929718017578,150.62080566743302,44.8797244396991,2468.3705923939956,49.68269912549031,33.79034670557226,-0.10564268810393651
2022-05-31,113.1900634765625,150.79488660412557,44.8797244396991,2468.3705923939956,49.68269912549031,33.79034670557226,-0.10564268810393651
2022-06-01,113.28732299804688,150.77797733167964,44.8797244396991,2468.3705923939956,49.68269912549031,33.79034670557226,-0.10564268810393651
2022-06-02,116.86946868896484,151.04179624771123,44.8797244396991,2468.3705923939956,49.68269912549031,33.79034670557226,-0.10564268810393651
2022-06-03,113.7111358642578,151.26083475142042,44.8797244396991,2468.3705923939956,49.68269912549031,33.79034670557226,-0.10564268810393651
2022-06-06,116.13943481445312,151.4854757550633,44.8797244396991,2468.3705923939956,49.68269912549031,33.79034670557226,-0.10564268810393651
2022-06-07,116.3568115234375,151.73275633754722,44.8797244396991,2468.3705923939956,49.68269912549031,33.79034670557226,-0.10564268810393651
2022-06-08,116.36524200439452,151.92667823963757,44.8797244396991,2468.3705923939956,49.68269912549031,33.79034670557226,-0.10564268810393651
2022-06-09,114.06251525878906,152.1420750839595,44.8797244396991,2468.3705923939956,49.68269912549031,33.79034670557226,-0.10564268810393651
2022-06-10,110.59799194335938,151.98952523369482,44.8797244396991,2468.3705923939956,49.68269912549031,33.79034670557226,-0.10564268810393651
2022-06-13,106.08087921142578,152.07652751856529,44.8797244396991,2468.3705923939956,49.68269912549031,33.79034670557226,-0.10564268810393651
2022-06-14,106.39601135253906,152.12884093934613,44.8797244396991,2468.3705923939956,49.68269912549031,33.79034670557226,-0.10564268810393651
2022-06-15,109.56871795654295,152.2854573810073,44.8797244396991,2468.3705923939956,49.68269912549031,33.79034670557226,-0.10564268810393651
2022-06-16,105.8421630859375,152.382121774151,44.8797244396991,2468.3705923939956,49.68269912549031,33.79034670557226,-0.10564268810393651
2022-06-17,107.06251525878906,152.447761042701,44.8797244396991,2468.3705923939956,49.68269912549031,33.79034670557226,-0.10564268810393651
2022-06-21,111.18112182617188,152.6640564759787,44.8797244396991,2468.3705923939956,49.68269912549031,33.79034670557226,-0.10564268810393651
2022-06-22,111.19998168945312,152.9366401345214,44.8797244396991,2468.3705923939956,49.68269912549031,33.79034670557226,-0.10564268810393651
2022-06-23,111.84564971923828,153.05439176647516,44.8797244396991,2468.3705923939956,49.68269912549031,33.79034670557226,-0.10564268810393651
2022-06-24,117.65557098388672,153.13477544603182,44.8797244396991,2468.3705923939956,49.68269912549031,33.79034670557226,-0.10564268810393651
2022-06-27,115.75431823730467,153.16647206851002,44.8797244396991,2468.3705923939956,49.68269912549031,33.79034670557226,-0.10564268810393651
2022-06-28,111.73347473144533,152.92791545671173,44.8797244396991,2468.3705923939956,49.68269912549031,33.79034670557226,-0.10564268810393651
2022-06-29,111.42082214355467,152.95844619013596,44.8797244396991,2468.3705923939956,49.68269912549031,33.79034670557226,-0.10564268810393651
2022-06-30,108.55829620361328,153.22124574986222,44.8797244396991,2468.3705923939956,49.68269912549031,33.79034670557226,-0.10564268810393651
2022-07-01,108.26896667480467,153.45585119300512,44.8797244396991,2468.3705923939956,49.68269912549031,33.79034670557226,-0.10564268810393651
2022-07-05,113.0391845703125,153.84139809715222,44.8797244396991,2468.3705923939956,49.68269912549031,33.79034670557226,-0.10564268810393651
2022-07-06,114.3558120727539,153.92532018495734,44.8797244396991,2468.3705923939956,49.68269912549031,33.79034670557226,-0.10564268810393651
2022-07-07,118.41783905029295,153.99652508748588,44.8797244396991,2468.3705923939956,49.68269912549031,33.79034670557226,-0.10564268810393651
2022-07-08,119.27392578125,154.0266851310716,44.8797244396991,2468.3705923939956,49.68269912549031,33.79034670557226,-0.10564268810393651
2022-07-11,115.65506744384766,154.22093466242694,44.8797244396991,2468.3705923939956,49.68269912549031,33.79034670557226,-0.10564268810393651
2022-07-12,113.99451446533205,154.46997459423827,44.8797244396991,2468.3705923939956,49.68269912549031,33.79034670557226,-0.10564268810393651
2022-07-13,111.35183715820312,154.5012538814444,44.8797244396991,2468.3705923939956,49.68269912549031,33.79034670557226,-0.10564268810393651
2022-07-14,110.6103973388672,154.80758592763422,44.8797244396991,2468.3705923939956,49.68269912549031,33.79034670557226,-0.10564268810393651
2022-07-15,111.92752075195312,154.78645597154267,44.8797244396991,2468.3705923939956,49.68269912549031,33.79034670557226,-0.10564268810393651
2022-07-18,109.091796875,154.7658985746019,44.8797244396991,2468.3705923939956,49.68269912549031,33.79034670557226,-0.10564268810393651
2022-07-19,113.76673126220705,154.61132919710704,44.8797244396991,2468.3705923939956,49.68269912549031,33.79034670557226,-0.10564268810393651
2022-07-20,113.84613037109376,155.0518886266707,44.8797244396991,2468.3705923939956,49.68269912549031,33.79034670557226,-0.10564268810393651
2022-07-21,114.18360900878906,155.12954500592488,44.8797244396991,2468.3705923939956,49.68269912549031,33.79034670557226,-0.10564268810393651
2022-07-22,107.55333709716795,155.06186619457816,44.8797244396991,2468.3705923939956,49.68269912549031,33.79034670557226,-0.10564268810393651
2022-07-25,107.4044418334961,155.1302442466848,44.8797244396991,2468.3705923939956,49.68269912549031,33.79034670557226,-0.10564268810393651
2022-07-26,104.6550750732422,155.23951420979162,44.8797244396991,2468.3705923939956,49.68269912549031,33.79034670557226,-0.10564268810393651
2022-07-27,112.75431823730467,155.3730512868169,44.8797244396991,2468.3705923939956,49.68269912549031,33.79034670557226,-0.10564268810393651
2022-07-28,113.73694610595705,155.29713827612738,44.8797244396991,2468.3705923939956,49.68269912549031,33.79034670557226,-0.10564268810393651
2022-07-29,115.77169036865234,155.2200790126065,44.8797244396991,2468.3705923939956,49.68269912549031,33.79034670557226,-0.10564268810393651
2022-08-01,114.62032318115234,155.2327775169619,44.8797244396991,2468.3705923939956,49.68269912549031,33.79034670557226,-0.10564268810393651
2022-08-02,115.0372085571289,155.2175468860234,44.8797244396991,2468.3705923939956,49.68269912549031,33.79034670557226,-0.10564268810393651
2022-08-03,117.89575958251952,155.2422130119495,44.8797244396991,2468.3705923939956,49.68269912549031,33.79034670557226,-0.10564268810393651
2022-08-04,117.98509979248048,155.18853672207,44.8797244396991,2468.3705923939956,49.68269912549031,33.79034670557226,-0.10564268810393651
2022-08-05,117.3399429321289,155.397334644146,44.8797244396991,2468.3705923939956,49.68269912549031,33.79034670557226,-0.10564268810393651
2022-08-08,117.26051330566406,155.6083823856003,44.8797244396991,2468.3705923939956,49.68269912549031,33.79034670557226,-0.10564268810393651
2022-08-09,116.6252899169922,155.91325601608222,44.8797244396991,2468.3705923939956,49.68269912549031,33.79034670557226,-0.10564268810393651
2022-08-10,119.75184631347656,155.91536019746758,44.8797244396991,2468.3705923939956,49.68269912549031,33.79034670557226,-0.10564268810393651
2022-08-11,118.9280242919922,155.90512402281715,44.8797244396991,2468.3705923939956,49.68269912549031,33.79034670557226,-0.10564268810393651
2022-08-12,121.7369613647461,156.1405614652829,44.8797244396991,2468.3705923939956,49.68269912549031,33.79034670557226,-0.10564268810393651
2022-08-15,121.9652328491211,156.230955394848,44.8797244396991,2468.3705923939956,49.68269912549031,33.79034670557226,-0.10564268810393651
2022-08-16,121.59799194335938,156.33940840455725,44.8797244396991,2468.3705923939956,49.68269912549031,33.79034670557226,-0.10564268810393651
2022-08-17,119.4242935180664,156.31881931521937,44.8797244396991,2468.3705923939956,49.68269912549031,33.79034670557226,-0.10564268810393651
2022-08-18,119.96028900146484,156.48967930761003,44.8797244396991,2468.3705923939956,49.68269912549031,33.79034670557226,-0.10564268810393651
2022-08-19,117.24066925048828,156.46714240480452,44.8797244396991,2468.3705923939956,49.68269912549031,33.79034670557226,-0.10564268810393651
2022-08-22,114.21337127685548,156.75873620938395,44.8797244396991,2468.3705923939956,49.68269912549031,33.79034670557226,-0.10564268810393651
2022-08-23,113.91561126708984,156.8533218240689,44.8797244396991,2468.3705923939956,49.68269912549031,33.79034670557226,-0.10564268810393651
2022-08-24,113.84613037109376,156.7481338593534,44.8797244396991,2468.3705923939956,49.68269912549031,33.79034670557226,-0.10564268810393651
2022-08-25,116.82379913330078,156.81829429128723,44.8797244396991,2468.3705923939956,49.68269912549031,33.79034670557226,-0.10564268810393651
2022-08-26,110.47144317626952,156.92067608751498,44.8797244396991,2468.3705923939956,49.68269912549031,33.79034670557226,-0.10564268810393651
2022-08-29,109.51859283447266,157.25149279972408,44.8797244396991,2468.3705923939956,49.68269912549031,33.79034670557226,-0.10564268810393651
2022-08-30,109.091796875,157.3910589570601,44.8797244396991,2468.3705923939956,49.68269912549031,33.79034670557226,-0.10564268810393651
2022-08-31,108.33745574951172,157.43047066968916,44.8797244396991,2468.3705923939956,49.68269912549031,33.79034670557226,-0.10564268810393651
2022-09-01,109.72704315185548,157.51395080114335,44.8797244396991,2468.3705923939956,49.68269912549031,33.79034670557226,-0.10564268810393651
2022-09-02,107.8709487915039,157.72479933208353,44.8797244396991,2468.3705923939956,49.68269912549031,33.79034670557226,-0.10564268810393651
2022-09-06,106.6798858642578,157.73142564128293,44.8797244396991,2468.3705923939956,49.68269912549031,33.79034670557226,-0.10564268810393651
2022-09-07,109.65755462646484,157.6931304131365,44.8797244396991,2468.3705923939956,49.68269912549031,33.79034670557226,-0.10564268810393651
2022-09-08,108.6054229736328,157.6177524519777,44.8797244396991,2468.3705923939956,49.68269912549031,33.79034670557226,-0.10564268810393651
2022-09-09,110.9478759765625,157.85025841888157,44.8797244396991,2468.3705923939956,49.68269912549031,33.79034670557226,-0.10564268810393651
2022-09-12,111.0372085571289,157.7244776382586,44.8797244396991,2468.3705923939956,49.68269912549031,33.79034670557226,-0.10564268810393651
2022-09-13,104.52603149414062,158.00185943281852,44.8797244396991,2468.3705923939956,49.68269912549031,33.79034670557226,-0.10564268810393651
2022-09-14,105.08187866210938,158.23622658084054,44.8797244396991,2468.3705923939956,49.68269912549031,33.79034670557226,-0.10564268810393651
2022-09-15,103.12654113769533,158.53253086205055,44.8797244396991,2468.3705923939956,49.68269912549031,33.79034670557226,-0.10564268810393651
2022-09-16,102.85853576660156,158.6056373162557,44.8797244396991,2468.3705923939956,49.68269912549031,33.79034670557226,-0.10564268810393651
2022-09-19,103.076904296875,158.51466019598936,44.8797244396991,2468.3705923939956,49.68269912549031,33.79034670557226,-0.10564268810393651
2022-09-20,101.07195281982422,158.51262530473758,44.8797244396991,2468.3705923939956,49.68269912549031,33.79034670557226,-0.10564268810393651
2022-09-21,99.26549530029295,158.7271823118728,44.8797244396991,2468.3705923939956,49.68269912549031,33.79034670557226,-0.10564268810393651
2022-09-22,99.8213348388672,159.2265152056793,44.8797244396991,2468.3705923939956,49.68269912549031,33.79034670557226,-0.10564268810393651
2022-09-23,98.43173217773438,159.2805040444268,44.8797244396991,2468.3705923939956,49.68269912549031,33.79034670557226,-0.10564268810393651
2022-09-26,98.0744171142578,159.67452606438732,44.8797244396991,2468.3705923939956,49.68269912549031,33.79034670557226,-0.10564268810393651
2022-09-27,97.35977935791016,159.80020517910117,44.8797244396991,2468.3705923939956,49.68269912549031,33.79034670557226,-0.10564268810393651
2022-09-28,99.99005889892578,159.52987636528383,44.8797244396991,2468.3705923939956,49.68269912549031,33.79034670557226,-0.10564268810393651
2022-09-29,97.35977935791016,159.69050704669075,44.8797244396991,2468.3705923939956,49.68269912549031,33.79034670557226,-0.10564268810393651
2022-09-30,95.4342269897461,159.737378121247,44.8797244396991,2468.3705923939956,49.68269912549031,33.79034670557226,-0.10564268810393651
2022-10-03,98.56077575683594,159.95622412633512,44.8797244396991,2468.3705923939956,49.68269912549031,33.79034670557226,-0.10564268810393651
2022-10-04,101.64763641357422,159.96121489960427,44.8797244396991,2468.3705923939956,49.68269912549031,33.79034670557226,-0.10564268810393651
2022-10-05,101.45904541015624,160.29627837855585,44.8797244396991,2468.3705923939956,49.68269912549031,33.79034670557226,-0.10564268810393651
2022-10-06,101.4788818359375,160.17565652520767,44.8797244396991,2468.3705923939956,49.68269912549031,33.79034670557226,-0.10564268810393651
2022-10-07,98.82876586914062,160.1670388246701,44.8797244396991,2468.3705923939956,49.68269912549031,33.79034670557226,-0.10564268810393651
2022-10-10,97.97516632080078,160.34757517012093,44.8797244396991,2468.3705923939956,49.68269912549031,33.79034670557226,-0.10564268810393651
2022-10-11,97.3200912475586,160.5241484975095,44.8797244396991,2468.3705923939956,49.68269912549031,33.79034670557226,-0.10564268810393651
2022-10-12,97.5682373046875,160.61703305395181,44.8797244396991,2468.3705923939956,49.68269912549031,33.79034670557226,-0.10564268810393651
2022-10-13,98.9677276611328,160.7102816068649,44.8797244396991,2468.3705923939956,49.68269912549031,33.79034670557226,-0.10564268810393651
2022-10-14,96.45655822753906,160.9466007673498,44.8797244396991,2468.3705923939956,49.68269912549031,33.79034670557226,-0.10564268810393651
2022-10-17,100.02975463867188,160.9221172658285,44.8797244396991,2468.3705923939956,49.68269912549031,33.79034670557226,-0.10564268810393651
2022-10-18,100.63521575927734,161.24364594484527,44.8797244396991,2468.3705923939956,49.68269912549031,33.79034670557226,-0.10564268810393651
2022-10-19,99.54340362548828,161.0893525453174,44.8797244396991,2468.3705923939956,49.68269912549031,33.79034670557226,-0.10564268810393651
2022-10-20,99.7816162109375,161.2298275469974,44.8797244396991,2468.3705923939956,49.68269912549031,33.79034670557226,-0.10564268810393651
2022-10-21,100.72455596923828,161.68542353802255,44.8797244396991,2468.3705923939956,49.68269912549031,33.79034670557226,-0.10564268810393651
2022-10-24,102.20345306396484,161.94995749082065,44.8797244396991,2468.3705923939956,49.68269912549031,33.79034670557226,-0.10564268810393651
2022-10-25,104.14886474609376,162.04252606672543,44.8797244396991,2468.3705923939956,49.68269912549031,33.79034670557226,-0.10564268810393651
2022-10-26,94.11412811279295,162.17164587131876,44.8797244396991,2468.3705923939956,49.68269912549031,33.79034670557226,-0.10564268810393651
2022-10-27,91.91064453125,162.61886293807893,44.8797244396991,2468.3705923939956,49.68269912549031,33.79034670557226,-0.10564268810393651
2022-10-28,95.86102294921876,162.34339234283752,44.8797244396991,2468.3705923939956,49.68269912549031,33.79034670557226,-0.10564268810393651
2022-10-31,93.95532989501952,162.5877678448912,44.8797244396991,2468.3705923939956,49.68269912549031,33.79034670557226,-0.10564268810393651
2022-11-01,89.8262939453125,162.94265928015844,44.8797244396991,2468.3705923939956,49.68269912549031,33.79034670557226,-0.10564268810393651
2022-11-02,86.42182159423828,163.2134492338032,44.8797244396991,2468.3705923939956,49.68269912549031,33.79034670557226,-0.10564268810393651
2022-11-03,82.86846160888672,163.4512100208292,44.8797244396991,2468.3705923939956,49.68269912549031,33.79034670557226,-0.10564268810393651
2022-11-04,86.05457305908203,163.73742841099062,44.8797244396991,2468.3705923939956,49.68269912549031,33.79034670557226,-0.10564268810393651
2022-11-07,87.99005889892578,163.83802794155687,44.8797244396991,2468.3705923939956,49.68269912549031,33.79034670557226,-0.10564268810393651
2022-11-08,88.24813842773438,163.9940885084219,44.8797244396991,2468.3705923939956,49.68269912549031,33.79034670557226,-0.10564268810393651
2022-11-09,86.7493667602539,164.330499293999,44.8797244396991,2468.3705923939956,49.68269912549031,33.79034670557226,-0.10564268810393651
2022-11-10,93.46895599365234,164.2173106914647,44.8797244396991,2468.3705923939956,49.68269912549031,33.79034670557226,-0.10564268810393651
2022-11-11,96.00991821289062,164.19934183964392,44.8797244396991,2468.3705923939956,49.68269912549031,33.79034670557226,-0.10564268810393651
2022-11-14,95.31512451171876,164.0900310887679,44.8797244396991,2468.3705923939956,49.68269912549031,33.79034670557226,-0.10564268810393651
2022-11-15,97.985107421875,164.15339508379827,44.8797244396991,2468.3705923939956,49.68269912549031,33.79034670557226,-0.10564268810393651
2022-11-16,98.2530746459961,164.16879259107046,44.8797244396991,2468.3705923939956,49.68269912549031,33.79034670557226,-0.10564268810393651
2022-11-17,97.76673126220705,164.34444385542736,44.8797244396991,2468.3705923939956,49.68269912549031,33.79034670557226,-0.10564268810393651
2022-11-18,97.07193756103516,164.32064504083905,44.8797244396991,2468.3705923939956,49.68269912549031,33.79034670557226,-0.10564268810393651
2022-11-21,95.11661529541016,164.28590008011645,44.8797244396991,2468.3705923939956,49.68269912549031,33.79034670557226,-0.10564268810393651
2022-11-22,96.60545349121094,164.28155665275287,44.8797244396991,2468.3705923939956,49.68269912549031,33.79034670557226,-0.10564268810393651
2022-11-23,98.0843505859375,164.50448866113405,44.8797244396991,2468.3705923939956,49.68269912549031,33.79034670557226,-0.10564268810393651
2022-11-25,96.87342071533205,164.72184485746328,44.8797244396991,2468.3705923939956,49.68269912549031,33.79034670557226,-0.10564268810393651
2022-11-28,95.53347778320312,164.85154519474057,44.8797244396991,2468.3705923939956,49.68269912549031,33.79034670557226,-0.10564268810393651
2022-11-29,94.72952270507812,165.11416086947222,44.8797244396991,2468.3705923939956,49.68269912549031,33.79034670557226,-0.10564268810393651
2022-11-30,100.69477081298828,165.21568432814544,44.8797244396991,2468.3705923939956,49.68269912549031,33.79034670557226,-0.10564268810393651
2022-12-01,100.52603149414062,165.35888986626992,44.8797244396991,2468.3705923939956,49.68269912549031,33.79034670557226,-0.10564268810393651
2022-12-02,100.0793914794922,165.61578942773556,44.8797244396991,2468.3705923939956,49.68269912549031,33.79034670557226,-0.10564268810393651
2022-12-05,99.12654113769533,165.70237449206974,44.8797244396991,2468.3705923939956,49.68269912549031,33.79034670557226,-0.10564268810393651
2022-12-06,96.58558654785156,165.58523328315496,44.8797244396991,2468.3705923939956,49.68269912549031,33.79034670557226,-0.10564268810393651
2022-12-07,94.44168090820312,165.89503339382108,44.8797244396991,2468.3705923939956,49.68269912549031,33.79034670557226,-0.10564268810393651
2022-12-08,93.25060272216795,165.9016967956286,44.8797244396991,2468.3705923939956,49.68269912549031,33.79034670557226,-0.10564268810393651
2022-12-09,92.37716674804688,166.04909760977563,44.8797244396991,2468.3705923939956,49.68269912549031,33.79034670557226,-0.10564268810393651
2022-12-12,92.8635025024414,166.2341514077836,44.8797244396991,2468.3705923939956,49.68269912549031,33.79034670557226,-0.10564268810393651
2022-12-13,95.13645935058594,166.48102983299816,44.8797244396991,2468.3705923939956,49.68269912549031,33.79034670557226,-0.10564268810393651
2022-12-14,94.60047912597656,166.5187422419987,44.8797244396991,2468.3705923939956,49.68269912549031,33.79034670557226,-0.10564268810393651
2022-12-15,90.52107238769533,166.67090355752,44.8797244396991,2468.3705923939956,49.68269912549031,33.79034670557226,-0.10564268810393651
2022-12-16,90.1836166381836,166.6637037806833,44.8797244396991,2468.3705923939956,49.68269912549031,33.79034670557226,-0.10564268810393651
2022-12-19,88.48634338378906,166.8360012470772,44.8797244396991,2468.3705923939956,49.68269912549031,33.79034670557226,-0.10564268810393651
2022-12-20,88.9627685546875,166.9075426163352,44.8797244396991,2468.3705923939956,49.68269912549031,33.79034670557226,-0.10564268810393651
2022-12-21,89.5781478881836,166.95862396971143,44.8797244396991,2468.3705923939956,49.68269912549031,33.79034670557226,-0.10564268810393651
2022-12-22,87.60297393798828,166.90382406220309,44.8797244396991,2468.3705923939956,49.68269912549031,33.79034670557226,-0.10564268810393651
2022-12-23,89.14141845703125,167.0233461751124,44.8797244396991,2468.3705923939956,49.68269912549031,33.79034670557226,-0.10564268810393651
2022-12-27,87.27542114257812,167.42657415062777,44.8797244396991,2468.3705923939956,49.68269912549031,33.79034670557226,-0.10564268810393651
2022-12-28,85.81635284423828,167.5445404330216,44.8797244396991,2468.3705923939956,49.68269912549031,33.79034670557226,-0.10564268810393651
2022-12-29,88.28782653808594,167.53234069810986,44.8797244396991,2468.3705923939956,49.68269912549031,33.79034670557226,-0.10564268810393651
2022-12-30,88.06947326660156,167.56934176712988,44.8797244396991,2468.3705923939956,49.68269912549031,33.79034670557226,-0.10564268810393651
2023-01-03,89.03224182128906,167.68030778525917,44.8797244396991,2468.3705923939956,49.68269912549031,33.79034670557226,-0.10564268810393651
2023-01-04,88.04960632324219,167.57177164764195,44.8797244396991,2468.3705923939956,49.68269912549031,33.79034670557226,-0.10564268810393651
2023-01-05,86.1240463256836,167.94969848778516,44.8797244396991,2468.3705923939956,49.68269912549031,33.79034670557226,-0.10564268810393651
2023-01-06,87.50370788574219,167.95700495629634,44.8797244396991,2468.3705923939956,49.68269912549031,33.79034670557226,-0.10564268810393651
2023-01-09,88.13895416259766,168.39160779530903,44.8797244396991,2468.3705923939956,49.68269912549031,33.79034670557226,-0.10564268810393651
2023-01-10,88.5756607055664,168.61827833859738,44.8797244396991,2468.3705923939956,49.68269912549031,33.79034670557226,-0.10564268810393651
2023-01-11,91.57318878173828,168.54207621268668,44.8797244396991,2468.3705923939956,49.68269912549031,33.79034670557226,-0.10564268810393651
2023-01-12,91.22579956054688,168.42961393533736,44.8797244396991,2468.3705923939956,49.68269912549031,33.79034670557226,-0.10564268810393651
2023-01-13,92.10916137695312,168.52381280741864,44.8797244396991,2468.3705923939956,49.68269912549031,33.79034670557226,-0.10564268810393651
2023-01-17,91.47394561767578,168.59104729557922,44.8797244396991,2468.3705923939956,49.68269912549031,33.79034670557226,-0.10564268810393651
2023-01-18,91.09674835205078,168.70184423244896,44.8797244396991,2468.3705923939956,49.68269912549031,33.79034670557226,-0.10564268810393651
2023-01-19,93.21090698242188,168.9641847986215,44.8797244396991,2468.3705923939956,49.68269912549031,33.79034670557226,-0.10564268810393651
2023-01-20,98.54092407226562,169.19901426456389,44.8797244396991,2468.3705923939956,49.68269912549031,33.79034670557226,-0.10564268810393651
2023-01-23,100.45655059814452,169.02966016333366,44.8797244396991,2468.3705923939956,49.68269912549031,33.79034670557226,-0.10564268810393651
2023-01-24,98.47144317626952,169.18692844793358,44.8797244396991,2468.3705923939956,49.68269912549031,33.79034670557226,-0.10564268810393651
2023-01-25,96.00991821289062,169.248785484037,44.8797244396991,2468.3705923939956,49.68269912549031,33.79034670557226,-0.10564268810393651
2023-01-26,98.4218292236328,169.1981974791396,44.8797244396991,2468.3705923939956,49.68269912549031,33.79034670557226,-0.10564268810393651
2023-01-27,99.96027374267578,168.78111146045592,44.8797244396991,2468.3705923939956,49.68269912549031,33.79034670557226,-0.10564268810393651
2023-01-30,97.2208251953125,168.8626402957486,44.8797244396991,2468.3705923939956,49.68269912549031,33.79034670557226,-0.10564268810393651
2023-01-31,99.12654113769533,168.92513949037573,44.8797244396991,2468.3705923939956,49.68269912549031,33.79034670557226,-0.10564268810393651
2023-02-01,100.67493438720705,169.10254776353764,44.8797244396991,2468.3705923939956,49.68269912549031,33.79034670557226,-0.10564268810393651
2023-02-02,107.99005126953124,169.58062211906406,44.8797244396991,2468.3705923939956,49.68269912549031,33.79034670557226,-0.10564268810393651
2023-02-03,104.43670654296876,169.98606025539013,44.8797244396991,2468.3705923939956,49.68269912549031,33.79034670557226,-0.10564268810393651
2023-02-06,102.69974517822266,169.7005960576611,44.8797244396991,2468.3705923939956,49.68269912549031,33.79034670557226,-0.10564268810393651
2023-02-07,107.2357177734375,169.4649379666067,44.8797244396991,2468.3705923939956,49.68269912549031,33.79034670557226,-0.10564268810393651
2023-02-08,99.25557708740234,169.39007119071454,44.8797244396991,2468.3705923939956,49.68269912549031,33.79034670557226,-0.10564268810393651
2023-02-09,94.74935913085938,169.40852629172835,44.8797244396991,2468.3705923939956,49.68269912549031,33.79034670557226,-0.10564268810393651
2023-02-10,94.15382385253906,169.35440776980192,44.8797244396991,2468.3705923939956,49.68269912549031,33.79034670557226,-0.10564268810393651
2023-02-13,94.29278564453124,169.64483285505318,44.8797244396991,2468.3705923939956,49.68269912549031,33.79034670557226,-0.10564268810393651
2023-02-14,94.24315643310548,169.7452852127723,44.8797244396991,2468.3705923939956,49.68269912549031,33.79034670557226,-0.10564268810393651
2023-02-15,96.3771514892578,169.85457411537755,44.8797244396991,2468.3705923939956,49.68269912549031,33.79034670557226,-0.10564268810393651
2023-02-16,95.06697845458984,169.98016807271114,44.8797244396991,2468.3705923939956,49.68269912549031,33.79034670557226,-0.10564268810393651
2023-02-17,93.8858413696289,170.20020840987453,44.8797244396991,2468.3705923939956,49.68269912549031,33.79034670557226,-0.10564268810393651
2023-02-21,91.36474609375,170.19479218481987,44.8797244396991,2468.3705923939956,49.68269912549031,33.79034670557226,-0.10564268810393651
2023-02-22,91.11660766601562,170.07762662464933,44.8797244396991,2468.3705923939956,49.68269912549031,33.79034670557226,-0.10564268810393651
2023-02-23,90.39205169677734,170.1062260821599,44.8797244396991,2468.3705923939956,49.68269912549031,33.79034670557226,-0.10564268810393651
2023-02-24,88.68485260009766,170.15798979269186,44.8797244396991,2468.3705923939956,49.68269912549031,33.79034670557226,-0.10564268810393651
2023-02-27,89.42926788330078,170.23114162169847,44.8797244396991,2468.3705923939956,49.68269912549031,33.79034670557226,-0.10564268810393651
2023-02-28,89.62777709960938,170.1601869249275,44.8797244396991,2468.3705923939956,49.68269912549031,33.79034670557226,-0.10564268810393651
2023-03-01,89.83621978759766,170.39945482176503,44.8797244396991,2468.3705923939956,49.68269912549031,33.79034670557226,-0.10564268810393651
2023-03-02,91.62281036376952,170.55539948357875,44.8797244396991,2468.3705923939956,49.68269912549031,33.79034670557226,-0.10564268810393651
2023-03-03,93.32007598876952,170.36462508901408,44.8797244396991,2468.3705923939956,49.68269912549031,33.79034670557226,-0.10564268810393651
2023-03-06,94.86846923828124,170.72954538209365,44.8797244396991,2468.3705923939956,49.68269912549031,33.79034670557226,-0.10564268810393651
2023-03-07,93.46895599365234,170.71681991396562,44.8797244396991,2468.3705923939956,49.68269912549031,33.79034670557226,-0.10564268810393651
2023-03-08,93.94539642333984,170.41042231857847,44.8797244396991,2468.3705923939956,49.68269912549031,33.79034670557226,-0.10564268810393651
2023-03-09,91.97020721435548,170.30164008185022,44.8797244396991,2468.3705923939956,49.68269912549031,33.79034670557226,-0.10564268810393651
2023-03-10,90.3324966430664,170.7493221672562,44.8797244396991,2468.3705923939956,49.68269912549031,33.79034670557226,-0.10564268810393651
2023-03-13,90.9776611328125,170.89923602832545,44.8797244396991,2468.3705923939956,49.68269912549031,33.79034670557226,-0.10564268810393651
2023-03-14,93.5483627319336,170.60597898575963,44.8797244396991,2468.3705923939956,49.68269912549031,33.79034670557226,-0.10564268810393651
2023-03-15,95.8312530517578,170.9711550270019,44.8797244396991,2468.3705923939956,49.68269912549031,33.79034670557226,-0.10564268810393651
2023-03-16,100.3176040649414,170.7890876497827,44.8797244396991,2468.3705923939956,49.68269912549031,33.79034670557226,-0.10564268810393651
2023-03-17,101.69725036621094,170.99939339868325,44.8797244396991,2468.3705923939956,49.68269912549031,33.79034670557226,-0.10564268810393651
2023-03-20,101.17120361328124,170.9944274117878,44.8797244396991,2468.3705923939956,49.68269912549031,33.79034670557226,-0.10564268810393651
2023-03-21,105.05208587646484,171.28673434972563,44.8797244396991,2468.3705923939956,49.68269912549031,33.79034670557226,-0.10564268810393651
2023-03-22,103.44416046142578,171.30751999085976,44.8797244396991,2468.3705923939956,49.68269912549031,33.79034670557226,-0.10564268810393651
2023-03-23,105.4689712524414,171.42703264869414,44.8797244396991,2468.3705923939956,49.68269912549031,33.79034670557226,-0.10564268810393651
2023-03-24,105.27043914794922,171.6090874412982,44.8797244396991,2468.3705923939956,49.68269912549031,33.79034670557226,-0.10564268810393651
2023-03-27,102.29278564453124,171.6049218877275,44.8797244396991,2468.3705923939956,49.68269912549031,33.79034670557226,-0.10564268810393651
2023-03-28,100.60545349121094,171.9589737805614,44.8797244396991,2468.3705923939956,49.68269912549031,33.79034670557226,-0.10564268810393651
2023-03-29,101.14141845703124,171.8157840797484,44.8797244396991,2468.3705923939956,49.68269912549031,33.79034670557226,-0.10564268810393651
2023-03-30,100.56574249267578,172.05987469591506,44.8797244396991,2468.3705923939956,49.68269912549031,33.79034670557226,-0.10564268810393651
2023-03-31,103.2257843017578,172.44096444789986,44.8797244396991,2468.3705923939956,49.68269912549031,33.79034670557226,-0.10564268810393651
2023-04-03,104.12901306152344,172.47214106146845,44.8797244396991,2468.3705923939956,49.68269912549031,33.79034670557226,-0.10564268810393651
2023-04-04,104.33746337890624,172.92159813992495,44.8797244396991,2468.3705923939956,49.68269912549031,33.79034670557226,-0.10564268810393651
2023-04-05,104.16870880126952,173.0238759126553,44.8797244396991,2468.3705923939956,49.68269912549031,33.79034670557226,-0.10564268810393651
2023-04-06,108.08932495117188,173.35358542290095,44.8797244396991,2468.3705923939956,49.68269912549031,33.79034670557226,-0.10564268810393651
2023-04-10,106.15382385253906,173.35793020615344,44.8797244396991,2468.3705923939956,49.68269912549031,33.79034670557226,-0.10564268810393651
2023-04-11,105.33000946044922,173.52731258423898,44.8797244396991,2468.3705923939956,49.68269912549031,33.79034670557226,-0.10564268810393651
2023-04-12,104.43670654296876,173.58703117385727,44.8797244396991,2468.3705923939956,49.68269912549031,33.79034670557226,-0.10564268810393651
2023-04-13,107.38459014892578,173.69550892423155,44.8797244396991,2468.3705923939956,49.68269912549031,33.79034670557226,-0.10564268810393651
2023-04-14,108.6451416015625,173.89796060899906,44.8797244396991,2468.3705923939956,49.68269912549031,33.79034670557226,-0.10564268810393651
2023-04-17,105.62777709960938,174.01857367438683,44.8797244396991,2468.3705923939956,49.68269912549031,33.79034670557226,-0.10564268810393651
2023-04-18,104.33746337890624,174.20498384660462,44.8797244396991,2468.3705923939956,49.68269912549031,33.79034670557226,-0.10564268810393651
2023-04-19,104.23818969726562,174.58036718835456,44.8797244396991,2468.3705923939956,49.68269912549031,33.79034670557226,-0.10564268810393651
2023-04-20,105.11164855957033,174.63365936565583,44.8797244396991,2468.3705923939956,49.68269912549031,33.79034670557226,-0.10564268810393651
2023-04-21,105.12157440185548,174.52548757770063,44.8797244396991,2468.3705923939956,49.68269912549031,33.79034670557226,-0.10564268810393651
2023-04-24,105.98509216308594,174.70608918884628,44.8797244396991,2468.3705923939956,49.68269912549031,33.79034670557226,-0.10564268810393651
2023-04-25,103.8312530517578,175.16322077158858,44.8797244396991,2468.3705923939956,49.68269912549031,33.79034670557226,-0.10564268810393651
2023-04-26,103.67244720458984,175.205699520985,44.8797244396991,2468.3705923939956,49.68269912549031,33.79034670557226,-0.10564268810393651
2023-04-27,107.56326293945312,175.44431001566196,44.8797244396991,2468.3705923939956,49.68269912549031,33.79034670557226,-0.10564268810393651
2023-04-28,107.41438293457033,175.70890143610953,44.8797244396991,2468.3705923939956,49.68269912549031,33.79034670557226,-0.10564268810393651
2023-05-01,106.9081573486328,175.98181255010167,44.8797244396991,2468.3705923939956,49.68269912549031,33.79034670557226,-0.10564268810393651
2023-05-02,105.19105529785156,176.05842659448507,44.8797244396991,2468.3705923939956,49.68269912549031,33.79034670557226,-0.10564268810393651
2023-05-03,105.33000946044922,176.0487596113891,44.8797244396991,2468.3705923939956,49.68269912549031,33.79034670557226,-0.10564268810393651
2023-05-04,104.4267807006836,176.06439734378134,44.8797244396991,2468.3705923939956,49.68269912549031,33.79034670557226,-0.10564268810393651
2023-05-05,105.4242935180664,176.26294972602093,44.8797244396991,2468.3705923939956,49.68269912549031,33.79034670557226,-0.10564268810393651
2023-05-08,107.4342269897461,176.4662653019921,44.8797244396991,2468.3705923939956,49.68269912549031,33.79034670557226,-0.10564268810393651
2023-05-09,107.13646697998048,176.61483855960398,44.8797244396991,2468.3705923939956,49.68269912549031,33.79034670557226,-0.10564268810393651
2023-05-10,111.4441375732422,176.65962977224166,44.8797244396991,2468.3705923939956,49.68269912549031,33.79034670557226,-0.10564268810393651
2023-05-11,116.02976989746094,176.74550626980175,44.8797244396991,2468.3705923939956,49.68269912549031,33.79034670557226,-0.10564268810393651
2023-05-12,117.04216766357422,176.4773458872651,44.8797244396991,2468.3705923939956,49.68269912549031,33.79034670557226,-0.10564268810393651
2023-05-15,116.08931732177734,176.61988459186009,44.8797244396991,2468.3705923939956,49.68269912549031,33.79034670557226,-0.10564268810393651
2023-05-16,119.19600677490234,177.00789778614296,44.8797244396991,2468.3705923939956,49.68269912549031,33.79034670557226,-0.10564268810393651
2023-05-17,120.57565307617188,177.1585602330428,44.8797244396991,2468.3705923939956,49.68269912549031,33.79034670557226,-0.10564268810393651
2023-05-18,122.6004638671875,177.12352466993585,44.8797244396991,2468.3705923939956,49.68269912549031,33.79034670557226,-0.10564268810393651
2023-05-19,122.33248138427734,176.8874058488467,44.8797244396991,2468.3705923939956,49.68269912549031,33.79034670557226,-0.10564268810393651
2023-05-22,124.93297576904295,177.23935485192234,44.8797244396991,2468.3705923939956,49.68269912549031,33.79034670557226,-0.10564268810393651
2023-05-23,122.3721923828125,177.32098779150988,44.8797244396991,2468.3705923939956,49.68269912549031,33.79034670557226,-0.10564268810393651
2023-05-24,120.7344741821289,177.5795149742995,44.8797244396991,2468.3705923939956,49.68269912549031,33.79034670557226,-0.10564268810393651
2023-05-25,123.4242935180664,177.61280181264524,44.8797244396991,2468.3705923939956,49.68269912549031,33.79034670557226,-0.10564268810393651
2023-05-26,124.49626159667967,177.78331993772377,44.8797244396991,2468.3705923939956,49.68269912549031,33.79034670557226,-0.10564268810393651
2023-05-30,123.7121353149414,177.81808413100097,44.8797244396991,2468.3705923939956,49.68269912549031,33.79034670557226,-0.10564268810393651
2023-05-31,122.45159912109376,178.00884816142369,44.8797244396991,2468.3705923939956,49.68269912549031,33.79034670557226,-0.10564268810393651
2023-06-01,123.44415283203124,178.18292909811626,44.8797244396991,2468.3705923939956,49.68269912549031,33.79034670557226,-0.10564268810393651
2023-06-02,124.2977523803711,178.1660198256703,44.8797244396991,2468.3705923939956,49.68269912549031,33.79034670557226,-0.10564268810393651
2023-06-05,125.68731689453124,178.42983874170193,44.8797244396991,2468.3705923939956,49.68269912549031,33.79034670557226,-0.10564268810393651
2023-06-06,126.95779418945312,178.6488772454111,44.8797244396991,2468.3705923939956,49.68269912549031,33.79034670557226,-0.10564268810393651
2023-06-07,122.02479553222656,178.873518249054,44.8797244396991,2468.3705923939956,49.68269912549031,33.79034670557226,-0.10564268810393651
2023-06-08,121.75680541992188,179.12079883153788,44.8797244396991,2468.3705923939956,49.68269912549031,33.79034670557226,-0.10564268810393651
2023-06-09,121.95531463623048,179.31472073362826,44.8797244396991,2468.3705923939956,49.68269912549031,33.79034670557226,-0.10564268810393651
2023-06-12,123.4242935180664,179.53011757795016,44.8797244396991,2468.3705923939956,49.68269912549031,33.79034670557226,-0.10564268810393651
2023-06-13,123.50369262695312,179.37756772768552,44.8797244396991,2468.3705923939956,49.68269912549031,33.79034670557226,-0.10564268810393651
2023-06-14,123.45406341552734,179.46457001255595,44.8797244396991,2468.3705923939956,49.68269912549031,33.79034670557226,-0.10564268810393651
2023-06-15,124.85357666015624,179.5168834333368,44.8797244396991,2468.3705923939956,49.68269912549031,33.79034670557226,-0.10564268810393651
2023-06-16,123.13645935058594,179.67349987499796,44.8797244396991,2468.3705923939956,49.68269912549031,33.79034670557226,-0.10564268810393651
2023-06-20,122.92800903320312,179.77016426814166,44.8797244396991,2468.3705923939956,49.68269912549031,33.79034670557226,-0.10564268810393651
2023-06-21,120.35730743408205,179.83580353669166,44.8797244396991,2468.3705923939956,49.68269912549031,33.79034670557226,-0.10564268810393651
2023-06-22,122.94786834716795,180.05209896996936,44.8797244396991,2468.3705923939956,49.68269912549031,33.79034670557226,-0.10564268810393651
2023-06-23,122.1042022705078,180.32468262851208,44.8797244396991,2468.3705923939956,49.68269912549031,33.79034670557226,-0.10564268810393651
2023-06-26,118.20344543457033,180.44243426046583,44.8797244396991,2468.3705923939956,49.68269912549031,33.79034670557226,-0.10564268810393651
2023-06-27,118.12405395507812,180.5228179400225,44.8797244396991,2468.3705923939956,49.68269912549031,33.79034670557226,-0.10564268810393651
2023-06-28,120.17864227294922,180.55451456250069,44.8797244396991,2468.3705923939956,49.68269912549031,33.79034670557226,-0.10564268810393651
2023-06-29,119.1166000366211,180.3159579507024,44.8797244396991,2468.3705923939956,49.68269912549031,33.79034670557226,-0.10564268810393651
2023-06-30,120.06946563720705,180.34648868412663,44.8797244396991,2468.3705923939956,49.68269912549031,33.79034670557226,-0.10564268810393651
2023-07-03,119.66250610351562,180.6092882438529,44.8797244396991,2468.3705923939956,49.68269912549031,33.79034670557226,-0.10564268810393651
2023-07-05,121.71710205078124,180.84389368699578,44.8797244396991,2468.3705923939956,49.68269912549031,33.79034670557226,-0.10564268810393651
2023-07-06,120.0297622680664,181.2294405911429,44.8797244396991,2468.3705923939956,49.68269912549031,33.79034670557226,-0.10564268810393651
2023-07-07,119.24562072753906,181.313362678948,44.8797244396991,2468.3705923939956,49.68269912549031,33.79034670557226,-0.10564268810393651
2023-07-10,115.99998474121094,181.38456758147655,44.8797244396991,2468.3705923939956,49.68269912549031,33.79034670557226,-0.10564268810393651
2023-07-11,116.83372497558594,181.41472762506226,44.8797244396991,2468.3705923939956,49.68269912549031,33.79034670557226,-0.10564268810393651
2023-07-12,118.7295150756836,181.6089771564176,44.8797244396991,2468.3705923939956,49.68269912549031,33.79034670557226,-0.10564268810393651
2023-07-13,123.90072631835938,181.85801708822893,44.8797244396991,2468.3705923939956,49.68269912549031,33.79034670557226,-0.10564268810393651
2023-07-14,124.76425170898438,181.88929637543507,44.8797244396991,2468.3705923939956,49.68269912549031,33.79034670557226,-0.10564268810393651
2023-07-17,124.12901306152344,182.1956284216249,44.8797244396991,2468.3705923939956,49.68269912549031,33.79034670557226,-0.10564268810393651
2023-07-18,123.15631103515624,182.17449846553333,44.8797244396991,2468.3705923939956,49.68269912549031,33.79034670557226,-0.10564268810393651
2023-07-19,121.86598205566406,182.1539410685926,44.8797244396991,2468.3705923939956,49.68269912549031,33.79034670557226,-0.10564268810393651
2023-07-20,118.64016723632812,181.9993716910977,44.8797244396991,2468.3705923939956,49.68269912549031,33.79034670557226,-0.10564268810393651
2023-07-21,119.41437530517578,182.43993112066138,44.8797244396991,2468.3705923939956,49.68269912549031,33.79034670557226,-0.10564268810393651
2023-07-24,120.9726791381836,182.51758749991555,44.8797244396991,2468.3705923939956,49.68269912549031,33.79034670557226,-0.10564268810393651
2023-07-25,121.87591552734376,182.44990868856885,44.8797244396991,2468.3705923939956,49.68269912549031,33.79034670557226,-0.10564268810393651
2023-07-26,128.6947784423828,182.5182867406755,44.8797244396991,2468.3705923939956,49.68269912549031,33.79034670557226,-0.10564268810393651
2023-07-27,128.90321350097656,182.62755670378232,44.8797244396991,2468.3705923939956,49.68269912549031,33.79034670557226,-0.10564268810393651
2023-07-28,132.0198211669922,182.76109378080758,44.8797244396991,2468.3705923939956,49.68269912549031,33.79034670557226,-0.10564268810393651
2023-07-31,132.11907958984375,182.68518077011808,44.8797244396991,2468.3705923939956,49.68269912549031,33.79034670557226,-0.10564268810393651
2023-08-01,130.9081573486328,182.6081215065972,44.8797244396991,2468.3705923939956,49.68269912549031,33.79034670557226,-0.10564268810393651
2023-08-02,127.68235778808594,182.6208200109526,44.8797244396991,2468.3705923939956,49.68269912549031,33.79034670557226,-0.10564268810393651
2023-08-03,127.8114013671875,182.6055893800141,44.8797244396991,2468.3705923939956,49.68269912549031,33.79034670557226,-0.10564268810393651
2023-08-04,127.58309936523438,182.63025550594017,44.8797244396991,2468.3705923939956,49.68269912549031,33.79034670557226,-0.10564268810393651
2023-08-07,130.95779418945312,182.5765792160607,44.8797244396991,2468.3705923939956,49.68269912549031,33.79034670557226,-0.10564268810393651
2023-08-08,130.85853576660156,182.78537713813668,44.8797244396991,2468.3705923939956,49.68269912549031,33.79034670557226,-0.10564268810393651
2023-08-09,129.18112182617188,182.996424879591,44.8797244396991,2468.3705923939956,49.68269912549031,33.79034670557226,-0.10564268810393651
2023-08-10,129.2406768798828,183.30129851007288,44.8797244396991,2468.3705923939956,49.68269912549031,33.79034670557226,-0.10564268810393651
2023-08-11,129.20095825195312,183.30340269145827,44.8797244396991,2468.3705923939956,49.68269912549031,33.79034670557226,-0.10564268810393651
2023-08-14,130.84861755371094,183.29316651680782,44.8797244396991,2468.3705923939956,49.68269912549031,33.79034670557226,-0.10564268810393651
2023-08-15,129.30023193359375,183.5286039592736,44.8797244396991,2468.3705923939956,49.68269912549031,33.79034670557226,-0.10564268810393651
2023-08-16,128.1488494873047,183.61899788883866,44.8797244396991,2468.3705923939956,49.68269912549031,33.79034670557226,-0.10564268810393651
2023-08-17,129.4888153076172,183.72745089854794,44.8797244396991,2468.3705923939956,49.68269912549031,33.79034670557226,-0.10564268810393651
2023-08-18,127.15631866455078,183.70686180921004,44.8797244396991,2468.3705923939956,49.68269912549031,33.79034670557226,-0.10564268810393651
2023-08-21,127.97020721435548,183.8777218016007,44.8797244396991,2468.3705923939956,49.68269912549031,33.79034670557226,-0.10564268810393651
2023-08-22,128.72454833984375,183.8551848987952,44.8797244396991,2468.3705923939956,49.68269912549031,33.79034670557226,-0.10564268810393651
2023-08-23,132.21835327148438,184.14677870337462,44.8797244396991,2468.3705923939956,49.68269912549031,33.79034670557226,-0.10564268810393651
2023-08-24,129.4490966796875,184.24136431805957,44.8797244396991,2468.3705923939956,49.68269912549031,33.79034670557226,-0.10564268810393651
2023-08-25,129.71710205078125,184.13617635334407,44.8797244396991,2468.3705923939956,49.68269912549031,33.79034670557226,-0.10564268810393651
2023-08-28,130.8089141845703,184.2063367852779,44.8797244396991,2468.3705923939956,49.68269912549031,33.79034670557226,-0.10564268810393651
2023-08-29,134.48138427734375,184.30871858150564,44.8797244396991,2468.3705923939956,49.68269912549031,33.79034670557226,-0.10564268810393651
2023-08-30,135.91065979003906,184.63953529371474,44.8797244396991,2468.3705923939956,49.68269912549031,33.79034670557226,-0.10564268810393651
2023-08-31,136.32752990722656,184.77910145105076,44.8797244396991,2468.3705923939956,49.68269912549031,33.79034670557226,-0.10564268810393651
2023-09-01,135.7816162109375,184.81851316367982,44.8797244396991,2468.3705923939956,49.68269912549031,33.79034670557226,-0.10564268810393651
2023-09-05,135.69229125976562,184.90199329513402,44.8797244396991,2468.3705923939956,49.68269912549031,33.79034670557226,-0.10564268810393651
2023-09-06,134.3622589111328,185.1128418260742,44.8797244396991,2468.3705923939956,49.68269912549031,33.79034670557226,-0.10564268810393651
2023-09-07,135.18606567382812,185.1194681352736,44.8797244396991,2468.3705923939956,49.68269912549031,33.79034670557226,-0.10564268810393651
2023-09-08,136.1786346435547,185.08117290712715,44.8797244396991,2468.3705923939956,49.68269912549031,33.79034670557226,-0.10564268810393651
2023-09-11,136.71461486816406,185.00579494596838,44.8797244396991,2468.3705923939956,49.68269912549031,33.79034670557226,-0.10564268810393651
2023-09-12,135.05706787109375,185.23830091287223,44.8797244396991,2468.3705923939956,49.68269912549031,33.79034670557226,-0.10564268810393651
2023-09-13,136.47640991210938,185.11252013224927,44.8797244396991,2468.3705923939956,49.68269912549031,33.79034670557226,-0.10564268810393651
2023-09-14,137.955322265625,185.3899019268092,44.8797244396991,2468.3705923939956,49.68269912549031,33.79034670557226,-0.10564268810393651
2023-09-15,137.27044677734375,185.6242690748312,44.8797244396991,2468.3705923939956,49.68269912549031,33.79034670557226,-0.10564268810393651
2023-09-18,137.92555236816406,185.92057335604122,44.8797244396991,2468.3705923939956,49.68269912549031,33.79034670557226,-0.10564268810393651
2023-09-19,137.79649353027344,185.99367981024636,44.8797244396991,2468.3705923939956,49.68269912549031,33.79034670557226,-0.10564268810393651
2023-09-20,133.5880584716797,185.90270268998003,44.8797244396991,2468.3705923939956,49.68269912549031,33.79034670557226,-0.10564268810393651
2023-09-21,130.3821258544922,185.90066779872828,44.8797244396991,2468.3705923939956,49.68269912549031,33.79034670557226,-0.10564268810393651
2023-09-22,130.27293395996094,186.11522480586348,44.8797244396991,2468.3705923939956,49.68269912549031,33.79034670557226,-0.10564268810393651
2023-09-25,131.18606567382812,186.61455769967,44.8797244396991,2468.3705923939956,49.68269912549031,33.79034670557226,-0.10564268810393651
2023-09-26,128.48631286621094,186.66854653841747,44.8797244396991,2468.3705923939956,49.68269912549031,33.79034670557226,-0.10564268810393651
2023-09-27,130.4813690185547,187.06256855837802,44.8797244396991,2468.3705923939956,49.68269912549031,33.79034670557226,-0.10564268810393651
2023-09-28,132.13894653320312,187.18824767309187,44.8797244396991,2468.3705923939956,49.68269912549031,33.79034670557226,-0.10564268810393651
2023-09-29,130.86846923828125,186.91791885927452,44.8797244396991,2468.3705923939956,49.68269912549031,33.79034670557226,-0.10564268810393651
2023-10-02,134.16375732421875,187.07854954068145,44.8797244396991,2468.3705923939956,49.68269912549031,33.79034670557226,-0.10564268810393651
2023-10-03,132.30767822265625,187.1254206152377,44.8797244396991,2468.3705923939956,49.68269912549031,33.79034670557226,-0.10564268810393651
2023-10-04,135.2555694580078,187.3442666203258,44.8797244396991,2468.3705923939956,49.68269912549031,33.79034670557226,-0.10564268810393651
2023-10-05,134.97767639160156,187.34925739359497,44.8797244396991,2468.3705923939956,49.68269912549031,33.79034670557226,-0.10564268810393651
2023-10-06,137.69725036621094,187.68432087254655,44.8797244396991,2468.3705923939956,49.68269912549031,33.79034670557226,-0.10564268810393651
2023-10-09,138.4615020751953,187.56369901919834,44.8797244396991,2468.3705923939956,49.68269912549031,33.79034670557226,-0.10564268810393651
2023-10-10,138.16375732421875,187.5550813186608,44.8797244396991,2468.3705923939956,49.68269912549031,33.79034670557226,-0.10564268810393651
2023-10-11,140.64512634277344,187.7356176641116,44.8797244396991,2468.3705923939956,49.68269912549031,33.79034670557226,-0.10564268810393651
2023-10-12,139.24560546875,187.91219099150018,44.8797244396991,2468.3705923939956,49.68269912549031,33.79034670557226,-0.10564268810393651
2023-10-13,137.54835510253906,188.00507554794248,44.8797244396991,2468.3705923939956,49.68269912549031,33.79034670557226,-0.10564268810393651
2023-10-16,139.44418334960938,188.0983241008556,44.8797244396991,2468.3705923939956,49.68269912549031,33.79034670557226,-0.10564268810393651
2023-10-17,139.94041442871094,188.33464326134046,44.8797244396991,2468.3705923939956,49.68269912549031,33.79034670557226,-0.10564268810393651
2023-10-18,138.24314880371094,188.3101597598192,44.8797244396991,2468.3705923939956,49.68269912549031,33.79034670557226,-0.10564268810393651
2023-10-19,137.9453887939453,188.63168843883594,44.8797244396991,2468.3705923939956,49.68269912549031,33.79034670557226,-0.10564268810393651
2023-10-20,135.72207641601562,188.4773950393081,44.8797244396991,2468.3705923939956,49.68269912549031,33.79034670557226,-0.10564268810393651
2023-10-23,136.8734130859375,188.61787004098807,44.8797244396991,2468.3705923939956,49.68269912549031,33.79034670557226,-0.10564268810393651
2023-10-24,139.07688903808594,189.07346603201321,44.8797244396991,2468.3705923939956,49.68269912549031,33.79034670557226,-0.10564268810393651
2023-10-25,125.72702026367188,189.33799998481132,44.8797244396991,2468.3705923939956,49.68269912549031,33.79034670557226,-0.10564268810393651
2023-10-26,122.52107238769533,189.4305685607161,44.8797244396991,2468.3705923939956,49.68269912549031,33.79034670557226,-0.10564268810393651
2023-10-27,122.48136901855467,189.55968836530943,44.8797244396991,2468.3705923939956,49.68269912549031,33.79034670557226,-0.10564268810393651
2023-10-30,124.8138656616211,190.0069054320696,44.8797244396991,2468.3705923939956,49.68269912549031,33.79034670557226,-0.10564268810393651
2023-10-31,124.3672332763672,189.73143483682819,44.8797244396991,2468.3705923939956,49.68269912549031,33.79034670557226,-0.10564268810393651
2023-11-01,126.62032318115234,189.97581033888187,44.8797244396991,2468.3705923939956,49.68269912549031,33.79034670557226,-0.10564268810393651
2023-11-02,127.6228256225586,190.3307017741491,44.8797244396991,2468.3705923939956,49.68269912549031,33.79034670557226,-0.10564268810393651
2023-11-03,129.39947509765625,190.60149172779387,44.8797244396991,2468.3705923939956,49.68269912549031,33.79034670557226,-0.10564268810393651
2023-11-06,130.471435546875,190.83925251481986,44.8797244396991,2468.3705923939956,49.68269912549031,33.79034670557226,-0.10564268810393651
2023-11-07,131.4143524169922,191.12547090498128,44.8797244396991,2468.3705923939956,49.68269912549031,33.79034670557226,-0.10564268810393651
2023-11-08,132.26795959472656,191.22607043554754,44.8797244396991,2468.3705923939956,49.68269912549031,33.79034670557226,-0.10564268810393651
2023-11-09,130.70965576171875,191.38213100241256,44.8797244396991,2468.3705923939956,49.68269912549031,33.79034670557226,-0.10564268810393651
2023-11-10,133.06202697753906,191.71854178798966,44.8797244396991,2468.3705923939956,49.68269912549031,33.79034670557226,-0.10564268810393651
2023-11-13,132.6451416015625,191.60535318545536,44.8797244396991,2468.3705923939956,49.68269912549031,33.79034670557226,-0.10564268810393651
2023-11-14,134.42181396484375,191.5873843336346,44.8797244396991,2468.3705923939956,49.68269912549031,33.79034670557226,-0.10564268810393651
2023-11-15,135.36476135253906,191.47807358275855,44.8797244396991,2468.3705923939956,49.68269912549031,33.79034670557226,-0.10564268810393651
2023-11-16,137.66744995117188,191.54143757778894,44.8797244396991,2468.3705923939956,49.68269912549031,33.79034670557226,-0.10564268810393651
2023-11-17,135.92056274414062,191.55683508506112,44.8797244396991,2468.3705923939956,49.68269912549031,33.79034670557226,-0.10564268810393651
2023-11-20,136.8932647705078,191.73248634941802,44.8797244396991,2468.3705923939956,49.68269912549031,33.79034670557226,-0.10564268810393651
2023-11-21,137.58804321289062,191.70868753482975,44.8797244396991,2468.3705923939956,49.68269912549031,33.79034670557226,-0.10564268810393651
2023-11-22,138.97764587402344,191.67394257410712,44.8797244396991,2468.3705923939956,49.68269912549031,33.79034670557226,-0.10564268810393651
2023-11-24,137.19107055664062,191.66959914674356,44.8797244396991,2468.3705923939956,49.68269912549031,33.79034670557226,-0.10564268810393651
2023-11-27,137.02230834960938,191.89253115512471,44.8797244396991,2468.3705923939956,49.68269912549031,33.79034670557226,-0.10564268810393651
2023-11-28,137.58804321289062,192.10988735145398,44.8797244396991,2468.3705923939956,49.68269912549031,33.79034670557226,-0.10564268810393651
2023-11-29,135.3845672607422,192.23958768873123,44.8797244396991,2468.3705923939956,49.68269912549031,33.79034670557226,-0.10564268810393651
2023-11-30,132.9230499267578,192.5022033634629,44.8797244396991,2468.3705923939956,49.68269912549031,33.79034670557226,-0.10564268810393651
2023-12-01,132.32752990722656,192.60372682213614,44.8797244396991,2468.3705923939956,49.68269912549031,33.79034670557226,-0.10564268810393651
2023-12-04,129.65756225585938,192.74693236026062,44.8797244396991,2468.3705923939956,49.68269912549031,33.79034670557226,-0.10564268810393651
2023-12-05,131.40443420410156,193.00383192172626,44.8797244396991,2468.3705923939956,49.68269912549031,33.79034670557226,-0.10564268810393651
2023-12-06,130.45156860351562,193.09041698606043,44.8797244396991,2468.3705923939956,49.68269912549031,33.79034670557226,-0.10564268810393651
2023-12-07,137.41934204101562,192.97327577714566,44.8797244396991,2468.3705923939956,49.68269912549031,33.79034670557226,-0.10564268810393651
2023-12-08,135.622802734375,193.28307588781175,44.8797244396991,2468.3705923939956,49.68269912549031,33.79034670557226,-0.10564268810393651
2023-12-11,133.697265625,193.2897392896193,44.8797244396991,2468.3705923939956,49.68269912549031,33.79034670557226,-0.10564268810393651
2023-12-12,132.6451416015625,193.4371401037663,44.8797244396991,2468.3705923939956,49.68269912549031,33.79034670557226,-0.10564268810393651
2023-12-13,132.97267150878906,193.6221939017743,44.8797244396991,2468.3705923939956,49.68269912549031,33.79034670557226,-0.10564268810393651
2023-12-14,132.2084197998047,193.86907232698883,44.8797244396991,2468.3705923939956,49.68269912549031,33.79034670557226,-0.10564268810393651
2023-12-15,132.8436279296875,193.9067847359894,44.8797244396991,2468.3705923939956,49.68269912549031,33.79034670557226,-0.10564268810393651
2023-12-18,136.168701171875,194.05894605151067,44.8797244396991,2468.3705923939956,49.68269912549031,33.79034670557226,-0.10564268810393651
2023-12-19,137.07196044921875,194.051746274674,44.8797244396991,2468.3705923939956,49.68269912549031,33.79034670557226,-0.10564268810393651
2023-12-20,138.62033081054688,194.22404374106787,44.8797244396991,2468.3705923939956,49.68269912549031,33.79034670557226,-0.10564268810393651
2023-12-21,140.74440002441406,194.2955851103259,44.8797244396991,2468.3705923939956,49.68269912549031,33.79034670557226,-0.10564268810393651
2023-12-22,141.6575469970703,194.3466664637021,44.8797244396991,2468.3705923939956,49.68269912549031,33.79034670557226,-0.10564268810393651
2023-12-26,141.75680541992188,194.29186655619378,44.8797244396991,2468.3705923939956,49.68269912549031,33.79034670557226,-0.10564268810393651
2023-12-27,140.38706970214844,194.41138866910308,44.8797244396991,2468.3705923939956,49.68269912549031,33.79034670557226,-0.10564268810393651
2023-12-28,140.22828674316406,194.81461664461844,44.8797244396991,2468.3705923939956,49.68269912549031,33.79034670557226,-0.10564268810393651
2023-12-29,139.88087463378906,194.93258292701228,44.8797244396991,2468.3705923939956,49.68269912549031,33.79034670557226,-0.10564268810393651
2024-01-02,138.52108764648438,194.92038319210053,44.8797244396991,2468.3705923939956,49.68269912549031,33.79034670557226,-0.10564268810393651
2024-01-03,139.3151092529297,194.95738426112055,44.8797244396991,2468.3705923939956,49.68269912549031,33.79034670557226,-0.10564268810393651
2024-01-04,137.01235961914062,195.06835027924984,44.8797244396991,2468.3705923939956,49.68269912549031,33.79034670557226,-0.10564268810393651
2024-01-05,136.3672332763672,194.95981414163262,44.8797244396991,2468.3705923939956,49.68269912549031,33.79034670557226,-0.10564268810393651
2024-01-08,139.4838409423828,195.33774098177582,44.8797244396991,2468.3705923939956,49.68269912549031,33.79034670557226,-0.10564268810393651
2024-01-09,141.4987335205078,195.345047450287,44.8797244396991,2468.3705923939956,49.68269912549031,33.79034670557226,-0.10564268810393651
2024-01-10,142.72950744628906,195.7796502892997,44.8797244396991,2468.3705923939956,49.68269912549031,33.79034670557226,-0.10564268810393651
2024-01-11,142.60047912597656,196.00632083258805,44.8797244396991,2468.3705923939956,49.68269912549031,33.79034670557226,-0.10564268810393651
2024-01-12,143.16622924804688,195.93011870667735,44.8797244396991,2468.3705923939956,49.68269912549031,33.79034670557226,-0.10564268810393651
2024-01-16,143.00741577148438,195.81765642932803,44.8797244396991,2468.3705923939956,49.68269912549031,33.79034670557226,-0.10564268810393651
2024-01-17,141.82626342773438,195.9118553014093,44.8797244396991,2468.3705923939956,49.68269912549031,33.79034670557226,-0.10564268810393651
2024-01-18,143.91065979003906,195.97908978956988,44.8797244396991,2468.3705923939956,49.68269912549031,33.79034670557226,-0.10564268810393651
2024-01-19,146.86843872070312,196.08988672643963,44.8797244396991,2468.3705923939956,49.68269912549031,33.79034670557226,-0.10564268810393651
2024-01-22,146.6103973388672,196.35222729261216,44.8797244396991,2468.3705923939956,49.68269912549031,33.79034670557226,-0.10564268810393651
2024-01-23,147.5731658935547,196.58705675855455,44.8797244396991,2468.3705923939956,49.68269912549031,33.79034670557226,-0.10564268810393651
2024-01-24,149.2307586669922,196.41770265732433,44.8797244396991,2468.3705923939956,49.68269912549031,33.79034670557226,-0.10564268810393651
2024-01-25,152.49624633789062,196.57497094192428,44.8797244396991,2468.3705923939956,49.68269912549031,33.79034670557226,-0.10564268810393651
2024-01-26,152.6451416015625,196.63682797802767,44.8797244396991,2468.3705923939956,49.68269912549031,33.79034670557226,-0.10564268810393651
2024-01-29,153.6873016357422,196.5862399731303,44.8797244396991,2468.3705923939956,49.68269912549031,33.79034670557226,-0.10564268810393651
2024-01-30,151.91064453125,196.16915395444659,44.8797244396991,2468.3705923939956,49.68269912549031,33.79034670557226,-0.10564268810393651
2024-01-31,140.74440002441406,196.2506827897393,44.8797244396991,2468.3705923939956,49.68269912549031,33.79034670557226,-0.10564268810393651
2024-02-01,141.6476287841797,196.3131819843664,44.8797244396991,2468.3705923939956,49.68269912549031,33.79034670557226,-0.10564268810393651
2024-02-02,142.47140502929688,196.49059025752834,44.8797244396991,2468.3705923939956,49.68269912549031,33.79034670557226,-0.10564268810393651
2024-02-05,143.85108947753906,196.96866461305473,44.8797244396991,2468.3705923939956,49.68269912549031,33.79034670557226,-0.10564268810393651
2024-02-06,144.3275146484375,197.3741027493808,44.8797244396991,2468.3705923939956,49.68269912549031,33.79034670557226,-0.10564268810393651
2024-02-07,145.58804321289062,197.08863855165177,44.8797244396991,2468.3705923939956,49.68269912549031,33.79034670557226,-0.10564268810393651
2024-02-08,146.12405395507812,196.85298046059737,44.8797244396991,2468.3705923939956,49.68269912549031,33.79034670557226,-0.10564268810393651
2024-02-09,149.10169982910156,196.77811368470523,44.8797244396991,2468.3705923939956,49.68269912549031,33.79034670557226,-0.10564268810393651
2024-02-12,147.622802734375,196.79656878571902,44.8797244396991,2468.3705923939956,49.68269912549031,33.79034670557226,-0.10564268810393651
2024-02-13,145.28036499023438,196.74245026379262,44.8797244396991,2468.3705923939956,49.68269912549031,33.79034670557226,-0.10564268810393651
2024-02-14,146.04466247558594,197.03287534904385,44.8797244396991,2468.3705923939956,49.68269912549031,33.79034670557226,-0.10564268810393651
2024-02-15,142.86846923828125,197.133327706763,44.8797244396991,2468.3705923939956,49.68269912549031,33.79034670557226,-0.10564268810393651
2024-02-16,140.70468139648438,197.2426166093682,44.8797244396991,2468.3705923939956,49.68269912549031,33.79034670557226,-0.10564268810393651
2024-02-20,141.1414031982422,197.36821056670183,44.8797244396991,2468.3705923939956,49.68269912549031,33.79034670557226,-0.10564268810393651
2024-02-21,142.7692108154297,197.5882509038652,44.8797244396991,2468.3705923939956,49.68269912549031,33.79034670557226,-0.10564268810393651
2024-02-22,144.2382049560547,197.58283467881057,44.8797244396991,2468.3705923939956,49.68269912549031,33.79034670557226,-0.10564268810393651
2024-02-23,144.20840454101562,197.46566911864,44.8797244396991,2468.3705923939956,49.68269912549031,33.79034670557226,-0.10564268810393651
2024-02-26,137.71710205078125,197.4942685761506,44.8797244396991,2468.3705923939956,49.68269912549031,33.79034670557226,-0.10564268810393651
2024-02-27,139.0570526123047,197.54603228668253,44.8797244396991,2468.3705923939956,49.68269912549031,33.79034670557226,-0.10564268810393651
2024-02-28,136.4069366455078,197.61918411568917,44.8797244396991,2468.3705923939956,49.68269912549031,33.79034670557226,-0.10564268810393651
2024-02-29,138.7394256591797,197.54822941891817,44.8797244396991,2468.3705923939956,49.68269912549031,33.79034670557226,-0.10564268810393651
2024-03-01,137.05209350585938,197.78749731575573,44.8797244396991,2468.3705923939956,49.68269912549031,33.79034670557226,-0.10564268810393651
2024-03-04,133.20098876953125,197.94344197756942,44.8797244396991,2468.3705923939956,49.68269912549031,33.79034670557226,-0.10564268810393651
2024-03-05,132.7841033935547,197.75266758300478,44.8797244396991,2468.3705923939956,49.68269912549031,33.79034670557226,-0.10564268810393651
2024-03-06,131.57318115234375,198.11758787608431,44.8797244396991,2468.3705923939956,49.68269912549031,33.79034670557226,-0.10564268810393651
2024-03-07,134.2332305908203,198.10486240795632,44.8797244396991,2468.3705923939956,49.68269912549031,33.79034670557226,-0.10564268810393651
2024-03-08,135.275390625,197.79846481256914,44.8797244396991,2468.3705923939956,49.68269912549031,33.79034670557226,-0.10564268810393651
2024-03-11,137.90570068359375,197.6896825758409,44.8797244396991,2468.3705923939956,49.68269912549031,33.79034670557226,-0.10564268810393651
2024-03-12,138.5806121826172,198.13736466124686,44.8797244396991,2468.3705923939956,49.68269912549031,33.79034670557226,-0.10564268810393651
2024-03-13,139.72207641601562,198.28727852231611,44.8797244396991,2468.3705923939956,49.68269912549031,33.79034670557226,-0.10564268810393651
2024-03-14,143.26548767089844,197.9940214797503,44.8797244396991,2468.3705923939956,49.68269912549031,33.79034670557226,-0.10564268810393651
2024-03-15,141.11163330078125,198.35919752099258,44.8797244396991,2468.3705923939956,49.68269912549031,33.79034670557226,-0.10564268810393651
2024-03-18,147.37466430664062,198.17713014377335,44.8797244396991,2468.3705923939956,49.68269912549031,33.79034670557226,-0.10564268810393651
2024-03-19,146.81883239746094,198.38743589267392,44.8797244396991,2468.3705923939956,49.68269912549031,33.79034670557226,-0.10564268810393651
2024-03-20,148.5657196044922,198.38246990577846,44.8797244396991,2468.3705923939956,49.68269912549031,33.79034670557226,-0.10564268810393651
2024-03-21,147.63272094726562,198.6747768437163,44.8797244396991,2468.3705923939956,49.68269912549031,33.79034670557226,-0.10564268810393651
2024-03-22,150.64016723632812,198.69556248485043,44.8797244396991,2468.3705923939956,49.68269912549031,33.79034670557226,-0.10564268810393651
2024-03-25,150.02479553222656,198.8150751426848,44.8797244396991,2468.3705923939956,49.68269912549031,33.79034670557226,-0.10564268810393651
2024-03-26,150.5706787109375,198.99712993528885,44.8797244396991,2468.3705923939956,49.68269912549031,33.79034670557226,-0.10564268810393651
2024-03-27,150.80889892578125,198.9929643817182,44.8797244396991,2468.3705923939956,49.68269912549031,33.79034670557226,-0.10564268810393651
2024-03-28,151.12652587890625,199.34701627455206,44.8797244396991,2468.3705923939956,49.68269912549031,33.79034670557226,-0.10564268810393651
2024-04-01,155.33497619628906,199.2038265737391,44.8797244396991,2468.3705923939956,49.68269912549031,33.79034670557226,-0.10564268810393651
2024-04-02,154.70962524414062,199.44791718990572,44.8797244396991,2468.3705923939956,49.68269912549031,33.79034670557226,-0.10564268810393651
2024-04-03,155.20591735839844,199.82900694189055,44.8797244396991,2468.3705923939956,49.68269912549031,33.79034670557226,-0.10564268810393651
2024-04-04,150.80889892578125,199.86018355545912,44.8797244396991,2468.3705923939956,49.68269912549031,33.79034670557226,-0.10564268810393651
2024-04-05,152.79405212402344,200.30964063391565,44.8797244396991,2468.3705923939956,49.68269912549031,33.79034670557226,-0.10564268810393651
2024-04-08,154.97764587402344,200.41191840664598,44.8797244396991,2468.3705923939956,49.68269912549031,33.79034670557226,-0.10564268810393651
2024-04-09,156.96275329589844,200.74162791689164,44.8797244396991,2468.3705923939956,49.68269912549031,33.79034670557226,-0.10564268810393651
2024-04-10,156.48634338378906,200.7459727001441,44.8797244396991,2468.3705923939956,49.68269912549031,33.79034670557226,-0.10564268810393651
2024-04-11,159.59300231933594,200.91535507822965,44.8797244396991,2468.3705923939956,49.68269912549031,33.79034670557226,-0.10564268810393651
2024-04-12,158.0049285888672,200.97507366784794,44.8797244396991,2468.3705923939956,49.68269912549031,33.79034670557226,-0.10564268810393651
2024-04-15,155.16622924804688,201.0835514182222,44.8797244396991,2468.3705923939956,49.68269912549031,33.79034670557226,-0.10564268810393651
2024-04-16,154.8386993408203,201.28600310298975,44.8797244396991,2468.3705923939956,49.68269912549031,33.79034670557226,-0.10564268810393651
2024-04-17,155.71214294433594,201.4066161683775,44.8797244396991,2468.3705923939956,49.68269912549031,33.79034670557226,-0.10564268810393651
2024-04-18,156.28781127929688,201.59302634059532,44.8797244396991,2468.3705923939956,49.68269912549031,33.79034670557226,-0.10564268810393651
2024-04-19,154.56077575683594,201.96840968234523,44.8797244396991,2468.3705923939956,49.68269912549031,33.79034670557226,-0.10564268810393651
2024-04-22,156.77415466308594,202.02170185964653,44.8797244396991,2468.3705923939956,49.68269912549031,33.79034670557226,-0.10564268810393651
2024-04-23,158.72950744628906,201.9135300716913,44.8797244396991,2468.3705923939956,49.68269912549031,33.79034670557226,-0.10564268810393651
2024-04-24,159.9007110595703,202.09413168283697,44.8797244396991,2468.3705923939956,49.68269912549031,33.79034670557226,-0.10564268810393651
2024-04-25,156.77415466308594,202.55126326557925,44.8797244396991,2468.3705923939956,49.68269912549031,33.79034670557226,-0.10564268810393651
2024-04-26,172.39697265625,202.5937420149757,44.8797244396991,2468.3705923939956,49.68269912549031,33.79034670557226,-0.10564268810393651
2024-04-29,166.6501007080078,202.83235250965262,44.8797244396991,2468.3705923939956,49.68269912549031,33.79034670557226,-0.10564268810393651
2024-04-30,163.41436767578125,203.09694393010022,44.8797244396991,2468.3705923939956,49.68269912549031,33.79034670557226,-0.10564268810393651
2024-05-01,164.3374481201172,203.36985504409233,44.8797244396991,2468.3705923939956,49.68269912549031,33.79034670557226,-0.10564268810393651
2024-05-02,167.20594787597656,203.44646908847577,44.8797244396991,2468.3705923939956,49.68269912549031,33.79034670557226,-0.10564268810393651
2024-05-03,167.7319793701172,203.43680210537977,44.8797244396991,2468.3705923939956,49.68269912549031,33.79034670557226,-0.10564268810393651
2024-05-06,168.5657196044922,203.45243983777203,44.8797244396991,2468.3705923939956,49.68269912549031,33.79034670557226,-0.10564268810393651
2024-05-07,171.69227600097656,203.6509922200116,44.8797244396991,2468.3705923939956,49.68269912549031,33.79034670557226,-0.10564268810393651
2024-05-08,169.88584899902344,203.8543077959828,44.8797244396991,2468.3705923939956,49.68269912549031,33.79034670557226,-0.10564268810393651
2024-05-09,170.30271911621094,204.00288105359465,44.8797244396991,2468.3705923939956,49.68269912549031,33.79034670557226,-0.10564268810393651
2024-05-10,169.02230834960938,204.04767226623235,44.8797244396991,2468.3705923939956,49.68269912549031,33.79034670557226,-0.10564268810393651
2024-05-13,169.62774658203125,204.13354876379242,44.8797244396991,2468.3705923939956,49.68269912549031,33.79034670557226,-0.10564268810393651
2024-05-14,170.65011596679688,203.86538838125577,44.8797244396991,2468.3705923939956,49.68269912549031,33.79034670557226,-0.10564268810393651
2024-05-15,172.5855712890625,204.00792708585075,44.8797244396991,2468.3705923939956,49.68269912549031,33.79034670557226,-0.10564268810393651
2024-05-16,174.12403869628906,204.39594028013363,44.8797244396991,2468.3705923939956,49.68269912549031,33.79034670557226,-0.10564268810393651
2024-05-17,175.97019958496094,204.54660272703347,44.8797244396991,2468.3705923939956,49.68269912549031,33.79034670557226,-0.10564268810393651
2024-05-20,177.13148498535156,204.51156716392651,44.8797244396991,2468.3705923939956,49.68269912549031,33.79034670557226,-0.10564268810393651
2024-05-21,178.20346069335938,204.27544834283736,44.8797244396991,2468.3705923939956,49.68269912549031,33.79034670557226,-0.10564268810393651
2024-05-22,176.67489624023438,204.627397345913,44.8797244396991,2468.3705923939956,49.68269912549031,33.79034670557226,-0.10564268810393651
2024-05-23,173.75677490234375,204.70903028550055,44.8797244396991,2468.3705923939956,49.68269912549031,33.79034670557226,-0.10564268810393651
2024-05-24,175.017333984375,204.96755746829018,44.8797244396991,2468.3705923939956,49.68269912549031,33.79034670557226,-0.10564268810393651
2024-05-28,176.6947784423828,205.0008443066359,44.8797244396991,2468.3705923939956,49.68269912549031,33.79034670557226,-0.10564268810393651
2024-05-29,176.07936096191406,205.17136243171444,44.8797244396991,2468.3705923939956,49.68269912549031,33.79034670557226,-0.10564268810393651
2024-05-30,172.26795959472656,205.20612662499164,44.8797244396991,2468.3705923939956,49.68269912549031,33.79034670557226,-0.10564268810393651
2024-05-31,172.66497802734375,205.39689065541438,44.8797244396991,2468.3705923939956,49.68269912549031,33.79034670557226,-0.10564268810393651
2024-06-03,173.1215362548828,205.57097159210693,44.8797244396991,2468.3705923939956,49.68269912549031,33.79034670557226,-0.10564268810393651
2024-06-04,173.82626342773438,205.554062319661,44.8797244396991,2468.3705923939956,49.68269912549031,33.79034670557226,-0.10564268810393651
2024-06-05,175.75184631347656,205.8178812356926,44.8797244396991,2468.3705923939956,49.68269912549031,33.79034670557226,-0.10564268810393651
2024-06-06,177.02230834960938,206.03691973940178,44.8797244396991,2468.3705923939956,49.68269912549031,33.79034670557226,-0.10564268810393651
2024-06-07,174.64016723632812,206.26156074304467,44.8797244396991,2468.3705923939956,49.68269912549031,33.79034670557226,-0.10564268810393651
2024-06-10,175.51461791992188,206.50884132552858,44.8797244396991,2468.3705923939956,49.68269912549031,33.79034670557226,-0.10564268810393651
2024-06-11,177.0647735595703,206.70276322761893,44.8797244396991,2468.3705923939956,49.68269912549031,33.79034670557226,-0.10564268810393651
2024-06-12,178.4261016845703,206.91816007194086,44.8797244396991,2468.3705923939956,49.68269912549031,33.79034670557226,-0.10564268810393651
2024-06-13,175.62391662597656,206.76561022167618,44.8797244396991,2468.3705923939956,49.68269912549031,33.79034670557226,-0.10564268810393651
2024-06-14,177.2436065673828,206.85261250654662,44.8797244396991,2468.3705923939956,49.68269912549031,33.79034670557226,-0.10564268810393651
2024-06-17,177.65103149414062,206.9049259273275,44.8797244396991,2468.3705923939956,49.68269912549031,33.79034670557226,-0.10564268810393651
2024-06-18,175.3357391357422,207.06154236898863,44.8797244396991,2468.3705923939956,49.68269912549031,33.79034670557226,-0.10564268810393651
2024-06-20,176.58779907226562,207.15820676213235,44.8797244396991,2468.3705923939956,49.68269912549031,33.79034670557226,-0.10564268810393651
2024-06-21,179.12167358398438,207.22384603068232,44.8797244396991,2468.3705923939956,49.68269912549031,33.79034670557226,-0.10564268810393651
2024-06-24,179.64833068847656,207.44014146396006,44.8797244396991,2468.3705923939956,49.68269912549031,33.79034670557226,-0.10564268810393651
2024-06-25,184.40809631347656,207.71272512250275,44.8797244396991,2468.3705923939956,49.68269912549031,33.79034670557226,-0.10564268810393651
2024-06-26,184.1994171142578,207.83047675445653,44.8797244396991,2468.3705923939956,49.68269912549031,33.79034670557226,-0.10564268810393651
2024-06-27,185.67999267578125,207.91086043401316,44.8797244396991,2468.3705923939956,49.68269912549031,33.79034670557226,-0.10564268810393651
2024-06-28,182.26173400878903,207.94255705649138,44.8797244396991,2468.3705923939956,49.68269912549031,33.79034670557226,-0.10564268810393651
2024-07-01,183.32498168945312,207.70400044469307,44.8797244396991,2468.3705923939956,49.68269912549031,33.79034670557226,-0.10564268810393651
2024-07-02,185.43157958984372,207.73453117811732,44.8797244396991,2468.3705923939956,49.68269912549031,33.79034670557226,-0.10564268810393651
2024-07-03,186.2066650390625,207.99733073784355,44.8797244396991,2468.3705923939956,49.68269912549031,33.79034670557226,-0.10564268810393651
2024-07-05,190.74778747558597,208.23193618098648,44.8797244396991,2468.3705923939956,49.68269912549031,33.79034670557226,-0.10564268810393651
2024-07-08,189.2771453857422,208.61748308513356,44.8797244396991,2468.3705923939956,49.68269912549031,33.79034670557226,-0.10564268810393651
2024-07-09,189.2373962402344,208.7014051729387,44.8797244396991,2468.3705923939956,49.68269912549031,33.79034670557226,-0.10564268810393651
2024-07-10,191.44337463378903,208.7726100754672,44.8797244396991,2468.3705923939956,49.68269912549031,33.79034670557226,-0.10564268810393651
2024-07-11,186.1172332763672,208.80277011905295,44.8797244396991,2468.3705923939956,49.68269912549031,33.79034670557226,-0.10564268810393651
2024-07-12,185.6005096435547,208.99701965040828,44.8797244396991,2468.3705923939956,49.68269912549031,33.79034670557226,-0.10564268810393651
2024-07-15,187.00161743164065,209.24605958221963,44.8797244396991,2468.3705923939956,49.68269912549031,33.79034670557226,-0.10564268810393651
2024-07-16,184.3285980224609,209.27733886942573,44.8797244396991,2468.3705923939956,49.68269912549031,33.79034670557226,-0.10564268810393651
2024-07-17,181.4667816162109,209.58367091561558,44.8797244396991,2468.3705923939956,49.68269912549031,33.79034670557226,-0.10564268810393651
2024-07-18,178.0882568359375,209.562540959524,44.8797244396991,2468.3705923939956,49.68269912549031,33.79034670557226,-0.10564268810393651
2024-07-19,178.2572021484375,209.54198356258325,44.8797244396991,2468.3705923939956,49.68269912549031,33.79034670557226,-0.10564268810393651
2024-07-22,182.19216918945312,209.38741418508837,44.8797244396991,2468.3705923939956,49.68269912549031,33.79034670557226,-0.10564268810393651
2024-07-23,182.44061279296875,209.82797361465205,44.8797244396991,2468.3705923939956,49.68269912549031,33.79034670557226,-0.10564268810393651
2024-07-24,173.2688751220703,209.90562999390622,44.8797244396991,2468.3705923939956,49.68269912549031,33.79034670557226,-0.10564268810393651
2024-07-25,168.09178161621094,209.83795118255952,44.8797244396991,2468.3705923939956,49.68269912549031,33.79034670557226,-0.10564268810393651
2024-07-26,167.61480712890625,209.90632923466617,44.8797244396991,2468.3705923939956,49.68269912549031,33.79034670557226,-0.10564268810393651
2024-07-29,170.0493621826172,210.01559919777299,44.8797244396991,2468.3705923939956,49.68269912549031,33.79034670557226,-0.10564268810393651
2024-07-30,170.7747344970703,210.14913627479825,44.8797244396991,2468.3705923939956,49.68269912549031,33.79034670557226,-0.10564268810393651
2024-07-31,172.05657958984375,210.07322326410875,44.8797244396991,2468.3705923939956,49.68269912549031,33.79034670557226,-0.10564268810393651
2024-08-01,171.36099243164062,209.99616400058787,44.8797244396991,2468.3705923939956,49.68269912549031,33.79034670557226,-0.10564268810393651
2024-08-02,167.33657836914062,210.00886250494327,44.8797244396991,2468.3705923939956,49.68269912549031,33.79034670557226,-0.10564268810393651
2024-08-05,159.62559509277344,209.99363187400476,44.8797244396991,2468.3705923939956,49.68269912549031,33.79034670557226,-0.10564268810393651
2024-08-06,159.5261993408203,210.01829799993087,44.8797244396991,2468.3705923939956,49.68269912549031,33.79034670557226,-0.10564268810393651
2024-08-07,159.73487854003906,209.96462171005138,44.8797244396991,2468.3705923939956,49.68269912549031,33.79034670557226,-0.10564268810393651
2024-08-08,162.80535888671875,210.17341963212738,44.8797244396991,2468.3705923939956,49.68269912549031,33.79034670557226,-0.10564268810393651
2024-08-09,164.34559631347656,210.38446737358166,44.8797244396991,2468.3705923939956,49.68269912549031,33.79034670557226,-0.10564268810393651
2024-08-12,162.9146728515625,210.68934100406358,44.8797244396991,2468.3705923939956,49.68269912549031,33.79034670557226,-0.10564268810393651
2024-08-13,164.8821563720703,210.69144518544894,44.8797244396991,2468.3705923939956,49.68269912549031,33.79034670557226,-0.10564268810393651
2024-08-14,161.0067901611328,210.6812090107985,44.8797244396991,2468.3705923939956,49.68269912549031,33.79034670557226,-0.10564268810393651
2024-08-15,162.13961791992188,210.91664645326426,44.8797244396991,2468.3705923939956,49.68269912549031,33.79034670557226,-0.10564268810393651
2024-08-16,163.69970703125,211.00704038282936,44.8797244396991,2468.3705923939956,49.68269912549031,33.79034670557226,-0.10564268810393651
2024-08-19,167.33657836914062,211.1154933925386,44.8797244396991,2468.3705923939956,49.68269912549031,33.79034670557226,-0.10564268810393651
2024-08-20,167.89303588867188,211.0949043032007,44.8797244396991,2468.3705923939956,49.68269912549031,33.79034670557226,-0.10564268810393651
2024-08-21,166.57144165039062,211.2657642955914,44.8797244396991,2468.3705923939956,49.68269912549031,33.79034670557226,-0.10564268810393651
2024-08-22,164.44497680664062,211.24322739278585,44.8797244396991,2468.3705923939956,49.68269912549031,33.79034670557226,-0.10564268810393651
2024-08-23,166.37271118164062,211.53482119736532,44.8797244396991,2468.3705923939956,49.68269912549031,33.79034670557226,-0.10564268810393651
2024-08-26,166.86952209472656,211.62940681205023,44.8797244396991,2468.3705923939956,49.68269912549031,33.79034670557226,-0.10564268810393651
2024-08-27,165.32936096191406,211.52421884733477,44.8797244396991,2468.3705923939956,49.68269912549031,33.79034670557226,-0.10564268810393651
2024-08-28,163.4612274169922,211.59437927926857,44.8797244396991,2468.3705923939956,49.68269912549031,33.79034670557226,-0.10564268810393651
2024-08-29,162.36813354492188,211.69676107549634,44.8797244396991,2468.3705923939956,49.68269912549031,33.79034670557226,-0.10564268810393651
2024-08-30,164.06736755371094,212.0275777877054,44.8797244396991,2468.3705923939956,49.68269912549031,33.79034670557226,-0.10564268810393651
2024-09-03,157.60841369628906,212.16714394504146,44.8797244396991,2468.3705923939956,49.68269912549031,33.79034670557226,-0.10564268810393651
2024-09-04,156.81346130371094,212.2065556576705,44.8797244396991,2468.3705923939956,49.68269912549031,33.79034670557226,-0.10564268810393651
2024-09-05,157.59848022460938,212.29003578912472,44.8797244396991,2468.3705923939956,49.68269912549031,33.79034670557226,-0.10564268810393651
2024-09-06,151.16932678222656,212.50088432006487,44.8797244396991,2468.3705923939956,49.68269912549031,33.79034670557226,-0.10564268810393651
2024-09-09,148.79127502441406,212.5075106292643,44.8797244396991,2468.3705923939956,49.68269912549031,33.79034670557226,-0.10564268810393651
2024-09-10,149.25892639160156,212.46921540111782,44.8797244396991,2468.3705923939956,49.68269912549031,33.79034670557226,-0.10564268810393651
2024-09-11,151.38821411132812,212.39383743995907,44.8797244396991,2468.3705923939956,49.68269912549031,33.79034670557226,-0.10564268810393651
2024-09-12,154.76124572753906,212.6263434068629,44.8797244396991,2468.3705923939956,49.68269912549031,33.79034670557226,-0.10564268810393651
2024-09-13,157.5770721435547,212.50056262623997,44.8797244396991,2468.3705923939956,49.68269912549031,33.79034670557226,-0.10564268810393651
2024-09-16,158.1939697265625,212.77794442079986,44.8797244396991,2468.3705923939956,49.68269912549031,33.79034670557226,-0.10564268810393651
2024-09-17,159.47750854492188,213.0123115688219,44.8797244396991,2468.3705923939956,49.68269912549031,33.79034670557226,-0.10564268810393651
2024-09-18,160.00486755371094,213.30861585003188,44.8797244396991,2468.3705923939956,49.68269912549031,33.79034670557226,-0.10564268810393651
2024-09-19,162.42269897460938,213.38172230423703,44.8797244396991,2468.3705923939956,49.68269912549031,33.79034670557226,-0.10564268810393651
2024-09-20,163.815673828125,213.2907451839707,44.8797244396991,2468.3705923939956,49.68269912549031,33.79034670557226,-0.10564268810393651
2024-09-23,162.2535400390625,213.28871029271895,44.8797244396991,2468.3705923939956,49.68269912549031,33.79034670557226,-0.10564268810393651
2024-09-24,162.82069396972656,213.50326729985414,44.8797244396991,2468.3705923939956,49.68269912549031,33.79034670557226,-0.10564268810393651
2024-09-25,162.17393493652344,214.00260019366067,44.8797244396991,2468.3705923939956,49.68269912549031,33.79034670557226,-0.10564268810393651
2024-09-26,163.0097198486328,214.05658903240814,44.8797244396991,2468.3705923939956,49.68269912549031,33.79034670557226,-0.10564268810393651
2024-09-27,164.46243286132812,214.45061105236869,44.8797244396991,2468.3705923939956,49.68269912549031,33.79034670557226,-0.10564268810393651
2024-09-30,166.35292053222656,214.57629016708253,44.8797244396991,2468.3705923939956,49.68269912549031,33.79034670557226,-0.10564268810393651
2024-10-01,167.57675170898438,214.3059613532652,44.8797244396991,2468.3705923939956,49.68269912549031,33.79034670557226,-0.10564268810393651
2024-10-02,166.47232055664062,214.46659203467212,44.8797244396991,2468.3705923939956,49.68269912549031,33.79034670557226,-0.10564268810393651
2024-10-03,166.37283325195312,214.51346310922835,44.8797244396991,2468.3705923939956,49.68269912549031,33.79034670557226,-0.10564268810393651
2024-10-04,167.71603393554688,214.73230911431648,44.8797244396991,2468.3705923939956,49.68269912549031,33.79034670557226,-0.10564268810393651
2024-10-07,163.5669403076172,214.73729988758564,44.8797244396991,2468.3705923939956,49.68269912549031,33.79034670557226,-0.10564268810393651
2024-10-08,164.87037658691406,215.07236336653722,44.8797244396991,2468.3705923939956,49.68269912549031,33.79034670557226,-0.10564268810393651
2024-10-09,162.24359130859375,214.95174151318903,44.8797244396991,2468.3705923939956,49.68269912549031,33.79034670557226,-0.10564268810393651
2024-10-10,162.36297607421875,214.94312381265146,44.8797244396991,2468.3705923939956,49.68269912549031,33.79034670557226,-0.10564268810393651
2024-10-11,163.69627380371094,215.1236601581023,44.8797244396991,2468.3705923939956,49.68269912549031,33.79034670557226,-0.10564268810393651
2024-10-14,165.5171356201172,215.30023348549085,44.8797244396991,2468.3705923939956,49.68269912549031,33.79034670557226,-0.10564268810393651
2024-10-15,166.06436157226562,215.39311804193318,44.8797244396991,2468.3705923939956,49.68269912549031,33.79034670557226,-0.10564268810393651
2024-10-16,165.90518188476562,215.48636659484626,44.8797244396991,2468.3705923939956,49.68269912549031,33.79034670557226,-0.10564268810393651
2024-10-17,163.6863250732422,215.72268575533116,44.8797244396991,2468.3705923939956,49.68269912549031,33.79034670557226,-0.10564268810393651
2024-10-18,164.2236328125,215.69820225380985,44.8797244396991,2468.3705923939956,49.68269912549031,33.79034670557226,-0.10564268810393651
2024-10-21,164.96987915039062,216.01973093282663,44.8797244396991,2468.3705923939956,49.68269912549031,33.79034670557226,-0.10564268810393651
2024-10-22,165.98477172851562,215.86543753329877,44.8797244396991,2468.3705923939956,49.68269912549031,33.79034670557226,-0.10564268810393651
2024-10-23,163.65647888183594,216.00591253497873,44.8797244396991,2468.3705923939956,49.68269912549031,33.79034670557226,-0.10564268810393651
2024-10-24,163.7062225341797,216.4615085260039,44.8797244396991,2468.3705923939956,49.68269912549031,33.79034670557226,-0.10564268810393651
2024-10-25,166.15390014648438,216.726042478802,44.8797244396991,2468.3705923939956,49.68269912549031,33.79034670557226,-0.10564268810393651
2024-10-28,167.49717712402344,216.8186110547068,44.8797244396991,2468.3705923939956,49.68269912549031,33.79034670557226,-0.10564268810393651
2024-10-29,170.2831268310547,216.9477308593001,44.8797244396991,2468.3705923939956,49.68269912549031,33.79034670557226,-0.10564268810393651
2024-10-30,175.25808715820312,217.3949479260603,44.8797244396991,2468.3705923939956,49.68269912549031,33.79034670557226,-0.10564268810393651
2024-10-31,171.8253936767578,217.11947733081885,44.8797244396991,2468.3705923939956,49.68269912549031,33.79034670557226,-0.10564268810393651
2024-11-01,171.78558349609375,217.36385283287257,44.8797244396991,2468.3705923939956,49.68269912549031,33.79034670557226,-0.10564268810393651
2024-11-04,169.825439453125,217.71874426813977,44.8797244396991,2468.3705923939956,49.68269912549031,33.79034670557226,-0.10564268810393651
2024-11-05,170.55177307128906,217.98953422178457,44.8797244396991,2468.3705923939956,49.68269912549031,33.79034670557226,-0.10564268810393651
2024-11-06,177.43714904785156,218.22729500881053,44.8797244396991,2468.3705923939956,49.68269912549031,33.79034670557226,-0.10564268810393651
2024-11-07,181.3673553466797,218.51351339897198,44.8797244396991,2468.3705923939956,49.68269912549031,33.79034670557226,-0.10564268810393651
2024-11-08,178.95945739746094,218.6141129295382,44.8797244396991,2468.3705923939956,49.68269912549031,33.79034670557226,-0.10564268810393651
2024-11-11,181.05889892578125,218.77017349640326,44.8797244396991,2468.3705923939956,49.68269912549031,33.79034670557226,-0.10564268810393651
2024-11-12,182.4021759033203,219.10658428198033,44.8797244396991,2468.3705923939956,49.68269912549031,33.79034670557226,-0.10564268810393651
2024-11-13,179.58633422851562,218.99339567944605,44.8797244396991,2468.3705923939956,49.68269912549031,33.79034670557226,-0.10564268810393651
2024-11-14,176.46205139160156,218.97542682762526,44.8797244396991,2468.3705923939956,49.68269912549031,33.79034670557226,-0.10564268810393651
2024-11-15,173.01937866210938,218.86611607674925,44.8797244396991,2468.3705923939956,49.68269912549031,33.79034670557226,-0.10564268810393651
2024-11-18,175.91481018066406,218.9294800717796,44.8797244396991,2468.3705923939956,49.68269912549031,33.79034670557226,-0.10564268810393651
2024-11-19,178.68087768554688,218.94487757905182,44.8797244396991,2468.3705923939956,49.68269912549031,33.79034670557226,-0.10564268810393651
2024-11-20,176.44216918945312,219.1205288434087,44.8797244396991,2468.3705923939956,49.68269912549031,33.79034670557226,-0.10564268810393651
2024-11-21,168.3926544189453,219.09673002882042,44.8797244396991,2468.3705923939956,49.68269912549031,33.79034670557226,-0.10564268810393651
2024-11-22,165.7360382080078,219.06198506809778,44.8797244396991,2468.3705923939956,49.68269912549031,33.79034670557226,-0.10564268810393651
2024-11-25,168.58169555664062,219.05764164073423,44.8797244396991,2468.3705923939956,49.68269912549031,33.79034670557226,-0.10564268810393651
2024-11-26,169.76573181152344,219.28057364911538,44.8797244396991,2468.3705923939956,49.68269912549031,33.79034670557226,-0.10564268810393651
2024-11-27,169.96475219726562,219.49792984544465,44.8797244396991,2468.3705923939956,49.68269912549031,33.79034670557226,-0.10564268810393651
2024-11-29,169.63641357421875,219.6276301827219,44.8797244396991,2468.3705923939956,49.68269912549031,33.79034670557226,-0.10564268810393651
2024-12-02,172.11390686035156,219.89024585745358,44.8797244396991,2468.3705923939956,49.68269912549031,33.79034670557226,-0.10564268810393651
2024-12-03,172.1537322998047,219.9917693161268,44.8797244396991,2468.3705923939956,49.68269912549031,33.79034670557226,-0.10564268810393651
2024-12-04,175.20834350585938,220.13497485425128,44.8797244396991,2468.3705923939956,49.68269912549031,33.79034670557226,-0.10564268810393651
2024-12-05,173.437255859375,220.39187441571693,44.8797244396991,2468.3705923939956,49.68269912549031,33.79034670557226,-0.10564268810393651
2024-12-06,175.60635375976562,220.4784594800511,44.8797244396991,2468.3705923939956,49.68269912549031,33.79034670557226,-0.10564268810393651
2024-12-09,176.4132080078125,220.36131827113633,44.8797244396991,2468.3705923939956,49.68269912549031,33.79034670557226,-0.10564268810393651
2024-12-10,185.8066253662109,220.67111838180244,44.8797244396991,2468.3705923939956,49.68269912549031,33.79034670557226,-0.10564268810393651
2024-12-11,195.94715881347656,220.67778178360996,44.8797244396991,2468.3705923939956,49.68269912549031,33.79034670557226,-0.10564268810393651
2024-12-12,192.8791046142578,220.825182597757,44.8797244396991,2468.3705923939956,49.68269912549031,33.79034670557226,-0.10564268810393651
2024-12-13,190.6378326416016,221.01023639576496,44.8797244396991,2468.3705923939956,49.68269912549031,33.79034670557226,-0.10564268810393651
2024-12-16,197.3915557861328,221.25711482097952,44.8797244396991,2468.3705923939956,49.68269912549031,33.79034670557226,-0.10564268810393651
2024-12-17,196.3555603027344,221.29482722998006,44.8797244396991,2468.3705923939956,49.68269912549031,33.79034670557226,-0.10564268810393651
2024-12-18,189.41259765625,221.44698854550137,44.8797244396991,2468.3705923939956,49.68269912549031,33.79034670557226,-0.10564268810393651
2024-12-19,188.9643402099609,221.43978876866467,44.8797244396991,2468.3705923939956,49.68269912549031,33.79034670557226,-0.10564268810393651
2024-12-20,192.2117156982422,221.61208623505857,44.8797244396991,2468.3705923939956,49.68269912549031,33.79034670557226,-0.10564268810393651
2024-12-23,195.22994995117188,221.68362760431657,44.8797244396991,2468.3705923939956,49.68269912549031,33.79034670557226,-0.10564268810393651
2024-12-24,196.8038330078125,221.73470895769276,44.8797244396991,2468.3705923939956,49.68269912549031,33.79034670557226,-0.10564268810393651
2024-12-26,196.3356475830078,221.67990905018445,44.8797244396991,2468.3705923939956,49.68269912549031,33.79034670557226,-0.10564268810393651
2024-12-27,193.2875213623047,221.79943116309374,44.8797244396991,2468.3705923939956,49.68269912549031,33.79034670557226,-0.10564268810393651
2024-12-30,191.9427490234375,222.20265913860914,44.8797244396991,2468.3705923939956,49.68269912549031,33.79034670557226,-0.10564268810393651
2024-12-31,189.70147705078125,222.32062542100294,44.8797244396991,2468.3705923939956,49.68269912549031,33.79034670557226,-0.10564268810393651
2025-01-02,189.89073181152344,222.30842568609123,44.8797244396991,2468.3705923939956,49.68269912549031,33.79034670557226,-0.10564268810393651
2025-01-03,192.3810272216797,222.34542675511122,44.8797244396991,2468.3705923939956,49.68269912549031,33.79034670557226,-0.10564268810393651
2025-01-06,197.19232177734372,222.45639277324054,44.8797244396991,2468.3705923939956,49.68269912549031,33.79034670557226,-0.10564268810393651
2025-01-07,195.94715881347656,222.3478566356233,44.8797244396991,2468.3705923939956,49.68269912549031,33.79034670557226,-0.10564268810393651
2025-01-08,194.6322784423828,222.72578347576652,44.8797244396991,2468.3705923939956,49.68269912549031,33.79034670557226,-0.10564268810393651
2025-01-10,192.4208831787109,222.73308994427768,44.8797244396991,2468.3705923939956,49.68269912549031,33.79034670557226,-0.10564268810393651
2025-01-13,191.54429626464844,223.1676927832904,44.8797244396991,2468.3705923939956,49.68269912549031,33.79034670557226,-0.10564268810393651
2025-01-14,190.30911254882807,223.3943633265787,44.8797244396991,2468.3705923939956,49.68269912549031,33.79034670557226,-0.10564268810393651
2025-01-15,196.2161102294922,223.31816120066804,44.8797244396991,2468.3705923939956,49.68269912549031,33.79034670557226,-0.10564268810393651
2025-01-16,193.6560821533203,223.2056989233187,44.8797244396991,2468.3705923939956,49.68269912549031,33.79034670557226,-0.10564268810393651
2025-01-17,196.78390502929688,223.2998977954,44.8797244396991,2468.3705923939956,49.68269912549031,33.79034670557226,-0.10564268810393651
2025-01-21,198.85585021972656,223.36713228356055,44.8797244396991,2468.3705923939956,49.68269912549031,33.79034670557226,-0.10564268810393651
2025-01-22,199.2543029785156,223.47792922043033,44.8797244396991,2468.3705923939956,49.68269912549031,33.79034670557226,-0.10564268810393651
2025-01-23,198.8060302734375,223.74026978660282,44.8797244396991,2468.3705923939956,49.68269912549031,33.79034670557226,-0.10564268810393651
2025-01-24,201.11703491210935,223.97509925254525,44.8797244396991,2468.3705923939956,49.68269912549031,33.79034670557226,-0.10564268810393651
2025-01-27,193.01856994628903,223.805745151315,44.8797244396991,2468.3705923939956,49.68269912549031,33.79034670557226,-0.10564268810393651
2025-01-28,196.30577087402344,223.96301343591497,44.8797244396991,2468.3705923939956,49.68269912549031,33.79034670557226,-0.10564268810393651
2025-01-29,196.4153289794922,224.02487047201834,44.8797244396991,2468.3705923939956,49.68269912549031,33.79034670557226,-0.10564268810393651
2025-01-30,201.8442230224609,223.97428246712096,44.8797244396991,2468.3705923939956,49.68269912549031,33.79034670557226,-0.10564268810393651
2025-01-31,204.80270385742188,223.55719644843725,44.8797244396991,2468.3705923939956,49.68269912549031,33.79034670557226,-0.10564268810393651
2025-02-03,201.85415649414065,223.63872528372997,44.8797244396991,2468.3705923939956,49.68269912549031,33.79034670557226,-0.10564268810393651
2025-02-04,206.9044952392578,223.70122447835706,44.8797244396991,2468.3705923939956,49.68269912549031,33.79034670557226,-0.10564268810393651
2025-02-05,192.5503845214844,223.878632751519,44.8797244396991,2468.3705923939956,49.68269912549031,33.79034670557226,-0.10564268810393651
2025-02-06,192.5603485107422,224.3567071070454,44.8797244396991,2468.3705923939956,49.68269912549031,33.79034670557226,-0.10564268810393651
2025-02-07,186.4142608642578,224.7621452433715,44.8797244396991,2468.3705923939956,49.68269912549031,33.79034670557226,-0.10564268810393651
2025-02-10,187.47015380859372,224.47668104564244,44.8797244396991,2468.3705923939956,49.68269912549031,33.79034670557226,-0.10564268810393651
2025-02-11,186.3445587158203,224.24102295458806,44.8797244396991,2468.3705923939956,49.68269912549031,33.79034670557226,-0.10564268810393651
2025-02-12,184.7108917236328,224.1661561786959,44.8797244396991,2468.3705923939956,49.68269912549031,33.79034670557226,-0.10564268810393651
2025-02-13,187.15139770507807,224.1846112797097,44.8797244396991,2468.3705923939956,49.68269912549031,33.79034670557226,-0.10564268810393651
2025-02-14,186.1453094482422,224.1304927577833,44.8797244396991,2468.3705923939956,49.68269912549031,33.79034670557226,-0.10564268810393651
2025-02-18,185.07948303222656,224.42091784303454,44.8797244396991,2468.3705923939956,49.68269912549031,33.79034670557226,-0.10564268810393651
2025-02-19,186.40431213378903,224.52137020075367,44.8797244396991,2468.3705923939956,49.68269912549031,33.79034670557226,-0.10564268810393651
2025-02-20,185.91622924804688,224.6306591033589,44.8797244396991,2468.3705923939956,49.68269912549031,33.79034670557226,-0.10564268810393651
2025-02-21,180.87583923339844,224.7562530606925,44.8797244396991,2468.3705923939956,49.68269912549031,33.79034670557226,-0.10564268810393651
2025-02-24,180.4873504638672,224.9762933978559,44.8797244396991,2468.3705923939956,49.68269912549031,33.79034670557226,-0.10564268810393651
2025-02-25,176.6821746826172,224.97087717280124,44.8797244396991,2468.3705923939956,49.68269912549031,33.79034670557226,-0.10564268810393651
2025-02-26,174.02252197265625,224.8537116126307,44.8797244396991,2468.3705923939956,49.68269912549031,33.79034670557226,-0.10564268810393651
2025-02-27,169.54994201660156,224.88231107014127,44.8797244396991,2468.3705923939956,49.68269912549031,33.79034670557226,-0.10564268810393651
2025-02-28,171.55213928222656,224.93407478067323,44.8797244396991,2468.3705923939956,49.68269912549031,33.79034670557226,-0.10564268810393651
2025-03-03,168.00595092773438,225.00722660967983,44.8797244396991,2468.3705923939956,49.68269912549031,33.79034670557226,-0.10564268810393651
2025-03-04,171.94061279296875,224.93627191290884,44.8797244396991,2468.3705923939956,49.68269912549031,33.79034670557226,-0.10564268810393651
2025-03-05,174.31141662597656,225.1755398097464,44.8797244396991,2468.3705923939956,49.68269912549031,33.79034670557226,-0.10564268810393651
2025-03-06,173.534423828125,225.3314844715601,44.8797244396991,2468.3705923939956,49.68269912549031,33.79034670557226,-0.10564268810393651
2025-03-07,175.0684356689453,225.14071007699545,44.8797244396991,2468.3705923939956,49.68269912549031,33.79034670557226,-0.10564268810393651
2025-03-10,167.3496551513672,225.50563037007498,44.8797244396991,2468.3705923939956,49.68269912549031,33.79034670557226,-0.10564268810393651
2025-03-11,165.52468872070312,225.49290490194699,44.8797244396991,2468.3705923939956,49.68269912549031,33.79034670557226,-0.10564268810393651
2025-03-12,168.5364227294922,225.1865073065598,44.8797244396991,2468.3705923939956,49.68269912549031,33.79034670557226,-0.10564268810393651
2025-03-13,164.2781219482422,225.0777250698316,44.8797244396991,2468.3705923939956,49.68269912549031,33.79034670557226,-0.10564268810393651
2025-03-14,167.16018676757812,225.52540715523753,44.8797244396991,2468.3705923939956,49.68269912549031,33.79034670557226,-0.10564268810393651
2025-03-17,166.1130828857422,225.6753210163068,44.8797244396991,2468.3705923939956,49.68269912549031,33.79034670557226,-0.10564268810393651
2025-03-18,162.22378540039062,225.38206397374097,44.8797244396991,2468.3705923939956,49.68269912549031,33.79034670557226,-0.10564268810393651
2025-03-19,165.82388305664062,225.74724001498328,44.8797244396991,2468.3705923939956,49.68269912549031,33.79034670557226,-0.10564268810393651
2025-03-20,164.5972442626953,225.56517263776402,44.8797244396991,2468.3705923939956,49.68269912549031,33.79034670557226,-0.10564268810393651
2025-03-21,165.7939453125,225.77547838666462,44.8797244396991,2468.3705923939956,49.68269912549031,33.79034670557226,-0.10564268810393651
2025-03-24,169.4638671875,225.77051239976913,44.8797244396991,2468.3705923939956,49.68269912549031,33.79034670557226,-0.10564268810393651
2025-03-25,172.31600952148438,226.062819337707,44.8797244396991,2468.3705923939956,49.68269912549031,33.79034670557226,-0.10564268810393651
2025-03-26,166.6815185546875,226.0836049788411,44.8797244396991,2468.3705923939956,49.68269912549031,33.79034670557226,-0.10564268810393651
2025-03-27,163.62991333007812,226.2031176366755,44.8797244396991,2468.3705923939956,49.68269912549031,33.79034670557226,-0.10564268810393651
2025-03-28,155.63189697265625,226.38517242927952,44.8797244396991,2468.3705923939956,49.68269912549031,33.79034670557226,-0.10564268810393651
2025-03-31,155.8014373779297,226.3810068757089,44.8797244396991,2468.3705923939956,49.68269912549031,33.79034670557226,-0.10564268810393651
2025-04-01,158.44418334960938,226.73505876854273,44.8797244396991,2468.3705923939956,49.68269912549031,33.79034670557226,-0.10564268810393651
2025-04-02,158.42422485351562,226.5918690677298,44.8797244396991,2468.3705923939956,49.68269912549031,33.79034670557226,-0.10564268810393651
2025-04-03,152.21131896972656,226.8359596838964,44.8797244396991,2468.3705923939956,49.68269912549031,33.79034670557226,-0.10564268810393651
2025-04-04,147.33473205566406,227.21704943588122,44.8797244396991,2468.3705923939956,49.68269912549031,33.79034670557226,-0.10564268810393651
2025-04-07,148.8306121826172,227.24822604944978,44.8797244396991,2468.3705923939956,49.68269912549031,33.79034670557226,-0.10564268810393651
2025-04-08,146.1779327392578,227.69768312790632,44.8797244396991,2468.3705923939956,49.68269912549031,33.79034670557226,-0.10564268810393651
2025-04-09,160.61819458007812,227.79996090063665,44.8797244396991,2468.3705923939956,49.68269912549031,33.79034670557226,-0.10564268810393651
2025-04-10,154.9438018798828,228.1296704108823,44.8797244396991,2468.3705923939956,49.68269912549031,33.79034670557226,-0.10564268810393651
2025-04-11,158.96275329589844,228.13401519413478,44.8797244396991,2468.3705923939956,49.68269912549031,33.79034670557226,-0.10564268810393651
2025-04-14,161.02706909179688,228.30339757222035,44.8797244396991,2468.3705923939956,49.68269912549031,33.79034670557226,-0.10564268810393651
2025-04-15,158.24472045898438,228.3631161618386,44.8797244396991,2468.3705923939956,49.68269912549031,33.79034670557226,-0.10564268810393651
2025-04-16,155.07342529296875,228.4715939122129,44.8797244396991,2468.3705923939956,49.68269912549031,33.79034670557226,-0.10564268810393651
2025-04-17,152.93931579589844,228.67404559698042,44.8797244396991,2468.3705923939956,49.68269912549031,33.79034670557226,-0.10564268810393651
2025-04-21,149.44891357421875,228.7946586623682,44.8797244396991,2468.3705923939956,49.68269912549031,33.79034670557226,-0.10564268810393651
2025-04-22,153.4778289794922,228.98106883458598,44.8797244396991,2468.3705923939956,49.68269912549031,33.79034670557226,-0.10564268810393651
2025-04-23,157.28736877441406,229.35645217633592,44.8797244396991,2468.3705923939956,49.68269912549031,33.79034670557226,-0.10564268810393651
2025-04-24,161.02706909179688,229.4097443536372,44.8797244396991,2468.3705923939956,49.68269912549031,33.79034670557226,-0.10564268810393651
2025-04-25,163.4005584716797,229.301572565682,44.8797244396991,2468.3705923939956,49.68269912549031,33.79034670557226,-0.10564268810393651
2025-04-28,161.97445678710938,229.48217417682764,44.8797244396991,2468.3705923939956,49.68269912549031,33.79034670557226,-0.10564268810393651
2025-04-29,161.6154327392578,229.93930575956995,44.8797244396991,2468.3705923939956,49.68269912549031,33.79034670557226,-0.10564268810393651
2025-04-30,160.4486541748047,229.98178450896637,44.8797244396991,2468.3705923939956,49.68269912549031,33.79034670557226,-0.10564268810393651
2025-05-01,162.34344482421875,230.22039500364332,44.8797244396991,2468.3705923939956,49.68269912549031,33.79034670557226,-0.10564268810393651
2025-05-02,165.35516357421875,230.4849864240909,44.8797244396991,2468.3705923939956,49.68269912549031,33.79034670557226,-0.10564268810393651
2025-05-05,165.59451293945312,230.75789753808303,44.8797244396991,2468.3705923939956,49.68269912549031,33.79034670557226,-0.10564268810393651
2025-05-06,164.74684143066406,230.83451158246643,44.8797244396991,2468.3705923939956,49.68269912549031,33.79034670557226,-0.10564268810393651
2025-05-07,152.380859375,230.82484459937044,44.8797244396991,2468.3705923939956,49.68269912549031,33.79034670557226,-0.10564268810393651
2025-05-08,155.32276916503906,230.8404823317627,44.8797244396991,2468.3705923939956,49.68269912549031,33.79034670557226,-0.10564268810393651
2025-05-09,153.95651245117188,231.03903471400227,44.8797244396991,2468.3705923939956,49.68269912549031,33.79034670557226,-0.10564268810393651
2025-05-12,159.14224243164062,231.24235028997347,44.8797244396991,2468.3705923939956,49.68269912549031,33.79034670557226,-0.10564268810393651
2025-05-13,160.4486541748047,231.39092354758532,44.8797244396991,2468.3705923939956,49.68269912549031,33.79034670557226,-0.10564268810393651
2025-05-14,166.3524169921875,231.43571476022302,44.8797244396991,2468.3705923939956,49.68269912549031,33.79034670557226,-0.10564268810393651
2025-05-15,164.94627380371094,231.5215912577831,44.8797244396991,2468.3705923939956,49.68269912549031,33.79034670557226,-0.10564268810393651
2025-05-16,166.97071838378906,231.25343087524647,44.8797244396991,2468.3705923939956,49.68269912549031,33.79034670557226,-0.10564268810393651
2025-05-19,167.40951538085938,231.39596957984142,44.8797244396991,2468.3705923939956,49.68269912549031,33.79034670557226,-0.10564268810393651
2025-05-20,164.86651611328125,231.78398277412433,44.8797244396991,2468.3705923939956,49.68269912549031,33.79034670557226,-0.10564268810393651
2025-05-21,169.59349060058594,231.93464522102414,44.8797244396991,2468.3705923939956,49.68269912549031,33.79034670557226,-0.10564268810393651
2025-05-22,171.5082244873047,231.8996096579172,44.8797244396991,2468.3705923939956,49.68269912549031,33.79034670557226,-0.10564268810393651
2025-05-23,169.12477111816406,231.66349083682803,44.8797244396991,2468.3705923939956,49.68269912549031,33.79034670557226,-0.10564268810393651
2025-05-27,173.50274658203125,232.0154398399037,44.8797244396991,2468.3705923939956,49.68269912549031,33.79034670557226,-0.10564268810393651
2025-05-28,172.90438842773438,232.0970727794912,44.8797244396991,2468.3705923939956,49.68269912549031,33.79034670557226,-0.10564268810393651
2025-05-29,172.4855499267578,232.35559996228088,44.8797244396991,2468.3705923939956,49.68269912549031,33.79034670557226,-0.10564268810393651
2025-05-30,172.3758544921875,232.38888680062658,44.8797244396991,2468.3705923939956,49.68269912549031,33.79034670557226,-0.10564268810393651
2025-06-02,169.90264892578125,232.55940492570514,44.8797244396991,2468.3705923939956,49.68269912549031,33.79034670557226,-0.10564268810393651
2025-06-03,167.2499542236328,232.5941691189823,44.8797244396991,2468.3705923939956,49.68269912549031,33.79034670557226,-0.10564268810393651
2025-06-04,168.9253387451172,232.78493314940508,44.8797244396991,2468.3705923939956,49.68269912549031,33.79034670557226,-0.10564268810393651
2025-06-05,169.3441925048828,232.9590140860976,44.8797244396991,2468.3705923939956,49.68269912549031,33.79034670557226,-0.10564268810393651
2025-06-06,174.44017028808594,232.94210481365167,44.8797244396991,2468.3705923939956,49.68269912549031,33.79034670557226,-0.10564268810393651
2025-06-09,177.3556671142578,233.20592372968326,44.8797244396991,2468.3705923939956,49.68269912549031,33.79034670557226,-0.10564268810393651
2025-06-10,179.7319793701172,233.42496223339245,44.8797244396991,2468.3705923939956,49.68269912549031,33.79034670557226,-0.10564268810393651
2025-06-11,178.51385498046875,233.64960323703534,44.8797244396991,2468.3705923939956,49.68269912549031,33.79034670557226,-0.10564268810393651
2025-06-12,176.69668579101562,233.89688381951925,44.8797244396991,2468.3705923939956,49.68269912549031,33.79034670557226,-0.10564268810393651
2025-06-13,175.60838317871094,234.0908057216096,44.8797244396991,2468.3705923939956,49.68269912549031,33.79034670557226,-0.10564268810393651
2025-06-16,177.66519165039062,234.30620256593153,44.8797244396991,2468.3705923939956,49.68269912549031,33.79034670557226,-0.10564268810393651
2025-06-17,176.95628356933594,234.15365271566685,44.8797244396991,2468.3705923939956,49.68269912549031,33.79034670557226,-0.10564268810393651
2025-06-18,173.7113037109375,234.24065500053732,44.8797244396991,2468.3705923939956,49.68269912549031,33.79034670557226,-0.10564268810393651
2025-06-20,167.470947265625,234.29296842131816,44.8797244396991,2468.3705923939956,49.68269912549031,33.79034670557226,-0.10564268810393651
2025-06-23,165.75360107421875,234.44958486297932,44.8797244396991,2468.3705923939956,49.68269912549031,33.79034670557226,-0.10564268810393651
2025-06-24,167.48094177246094,234.54624925612302,44.8797244396991,2468.3705923939956,49.68269912549031,33.79034670557226,-0.10564268810393651
2025-06-25,171.2251434326172,234.61188852467302,44.8797244396991,2468.3705923939956,49.68269912549031,33.79034670557226,-0.10564268810393651
2025-06-26,174.1605987548828,234.82818395795073,44.8797244396991,2468.3705923939956,49.68269912549031,33.79034670557226,-0.10564268810393651
2025-06-27,177.9946746826172,235.10076761649344,44.8797244396991,2468.3705923939956,49.68269912549031,33.79034670557226,-0.10564268810393651
2025-06-30,177.11602783203125,235.2185192484472,44.8797244396991,2468.3705923939956,49.68269912549031,33.79034670557226,-0.10564268810393651
2025-07-01,176.63677978515625,235.29890292800386,44.8797244396991,2468.3705923939956,49.68269912549031,33.79034670557226,-0.10564268810393651
2025-07-02,179.4823760986328,235.33059955048205,44.8797244396991,2468.3705923939956,49.68269912549031,33.79034670557226,-0.10564268810393651
2025-07-03,180.27114868164065,235.09204293868376,44.8797244396991,2468.3705923939956,49.68269912549031,33.79034670557226,-0.10564268810393651
2025-07-07,177.2857666015625,235.122573672108,44.8797244396991,2468.3705923939956,49.68269912549031,33.79034670557226,-0.10564268810393651
2025-07-08,174.8894805908203,235.38537323183425,44.8797244396991,2468.3705923939956,49.68269912549031,33.79034670557226,-0.10564268810393651
2025-07-09,177.38563537597656,235.61997867497715,44.8797244396991,2468.3705923939956,49.68269912549031,33.79034670557226,-0.10564268810393651
2025-07-10,178.42401123046875,236.00552557912425,44.8797244396991,2468.3705923939956,49.68269912549031,33.79034670557226,-0.10564268810393651
2025-07-11,181.0299835205078,236.08944766692937,44.8797244396991,2468.3705923939956,49.68269912549031,33.79034670557226,-0.10564268810393651
2025-07-14,182.52764892578125,236.16065256945788,44.8797244396991,2468.3705923939956,49.68269912549031,33.79034670557226,-0.10564268810393651
2025-07-15,182.8172149658203,236.19081261304362,44.8797244396991,2468.3705923939956,49.68269912549031,33.79034670557226,-0.10564268810393651
2025-07-16,183.48617553710935,236.38506214439894,44.8797244396991,2468.3705923939956,49.68269912549031,33.79034670557226,-0.10564268810393651
2025-07-17,184.4147491455078,236.6341020762103,44.8797244396991,2468.3705923939956,49.68269912549031,33.79034670557226,-0.10564268810393651
2025-07-18,185.65283203125,236.6653813634164,44.8797244396991,2468.3705923939956,49.68269912549031,33.79034670557226,-0.10564268810393651
2025-07-21,190.8547821044922,236.97171340960625,44.8797244396991,2468.3705923939956,49.68269912549031,33.79034670557226,-0.10564268810393651
2025-07-22,191.81329345703125,236.95058345351467,44.8797244396991,2468.3705923939956,49.68269912549031,33.79034670557226,-0.10564268810393651
2025-07-23,191.21421813964844,236.93002605657395,44.8797244396991,2468.3705923939956,49.68269912549031,33.79034670557226,-0.10564268810393651
2025-07-24,192.901611328125,236.77545667907904,44.8797244396991,2468.3705923939956,49.68269912549031,33.79034670557226,-0.10564268810393651
2025-07-25,193.7802581787109,237.21601610864275,44.8797244396991,2468.3705923939956,49.68269912549031,33.79034670557226,-0.10564268810393651
2025-07-28,193.12127685546875,237.29367248789688,44.8797244396991,2468.3705923939956,49.68269912549031,33.79034670557226,-0.10564268810393651
2025-07-29,196.12661743164065,237.22599367655022,44.8797244396991,2468.3705923939956,49.68269912549031,33.79034670557226,-0.10564268810393651
2025-07-30,197.13507080078125,237.29437172865684,44.8797244396991,2468.3705923939956,49.68269912549031,33.79034670557226,-0.10564268810393651
2025-07-31,192.5621490478516,237.40364169176368,44.8797244396991,2468.3705923939956,49.68269912549031,33.79034670557226,-0.10564268810393651
2025-08-01,189.65663146972656,237.53717876878892,44.8797244396991,2468.3705923939956,49.68269912549031,33.79034670557226,-0.10564268810393651
2025-08-04,195.44769287109372,237.46126575809944,44.8797244396991,2468.3705923939956,49.68269912549031,33.79034670557226,-0.10564268810393651
2025-08-05,195.0183563232422,237.38420649457854,44.8797244396991,2468.3705923939956,49.68269912549031,33.79034670557226,-0.10564268810393651
2025-08-06,196.61587524414065,237.39690499893396,44.8797244396991,2468.3705923939956,49.68269912549031,33.79034670557226,-0.10564268810393651
2025-08-07,196.97531127929688,237.38167436799543,44.8797244396991,2468.3705923939956,49.68269912549031,33.79034670557226,-0.10564268810393651
2025-08-08,201.77789306640625,237.40634049392156,44.8797244396991,2468.3705923939956,49.68269912549031,33.79034670557226,-0.10564268810393651
2025-08-11,201.318603515625,237.35266420404204,44.8797244396991,2468.3705923939956,49.68269912549031,33.79034670557226,-0.10564268810393651
2025-08-12,203.84469604492188,237.56146212611804,44.8797244396991,2468.3705923939956,49.68269912549031,33.79034670557226,-0.10564268810393651
2025-08-13,202.7164306640625,237.77250986757232,44.8797244396991,2468.3705923939956,49.68269912549031,33.79034670557226,-0.10564268810393651
2025-08-14,203.50523376464844,238.07738349805425,44.8797244396991,2468.3705923939956,49.68269912549031,33.79034670557226,-0.10564268810393651
2025-08-15,204.59353637695312,238.0794876794396,44.8797244396991,2468.3705923939956,49.68269912549031,33.79034670557226,-0.10564268810393651
2025-08-18,203.9744873046875,238.06925150478918,44.8797244396991,2468.3705923939956,49.68269912549031,33.79034670557226,-0.10564268810393651
2025-08-19,202.17727661132807,238.30468894725493,44.8797244396991,2468.3705923939956,49.68269912549031,33.79034670557226,-0.10564268810393651
2025-08-20,199.88082885742188,238.39508287682003,44.8797244396991,2468.3705923939956,49.68269912549031,33.79034670557226,-0.10564268810393651
2025-08-21,200.3101501464844,238.50353588652928,44.8797244396991,2468.3705923939956,49.68269912549031,33.79034670557226,-0.10564268810393651
2025-08-22,206.40074157714844,238.4829467971914,44.8797244396991,2468.3705923939956,49.68269912549031,33.79034670557226,-0.10564268810393651
2025-08-25,208.8369598388672,238.65380678958206,44.8797244396991,2468.3705923939956,49.68269912549031,33.79034670557226,-0.10564268810393651
2025-08-26,207.6288299560547,238.63126988677655,44.8797244396991,2468.3705923939956,49.68269912549031,33.79034670557226,-0.10564268810393651
2025-08-27,207.8884429931641,238.92286369135599,44.8797244396991,2468.3705923939956,49.68269912549031,33.79034670557226,-0.10564268810393651
2025-08-28,212.0419921875,239.01744930604093,44.8797244396991,2468.3705923939956,49.68269912549031,33.79034670557226,-0.10564268810393651
2025-08-29,213.20022583007807,238.91226134132543,44.8797244396991,2468.3705923939956,49.68269912549031,33.79034670557226,-0.10564268810393651
2025-09-02,211.66261291503903,238.98242177325926,44.8797244396991,2468.3705923939956,49.68269912549031,33.79034670557226,-0.10564268810393651
2025-09-03,230.7430877685547,239.084803569487,44.8797244396991,2468.3705923939956,49.68269912549031,33.79034670557226,-0.10564268810393651
2025-09-04,232.30067443847656,239.4156202816961,44.8797244396991,2468.3705923939956,49.68269912549031,33.79034670557226,-0.10564268810393651
2025-09-05,234.80679321289065,239.55518643903213,44.8797244396991,2468.3705923939956,49.68269912549031,33.79034670557226,-0.10564268810393651
2025-09-08,234.00732421875,239.5945981516612,44.8797244396991,2468.3705923939956,49.68269912549031,33.79034670557226,-0.10564268810393651
2025-09-09,239.78355407714844,239.67807828311538,44.8797244396991,2468.3705923939956,49.68269912549031,33.79034670557226,-0.10564268810393651
2025-09-10,239.4037933349609,239.88892681405557,44.8797244396991,2468.3705923939956,49.68269912549031,33.79034670557226,-0.10564268810393651
2025-09-11,240.6230010986328,239.89555312325496,44.8797244396991,2468.3705923939956,49.68269912549031,33.79034670557226,-0.10564268810393651
2025-09-12,241.22262573242188,239.8572578951085,44.8797244396991,2468.3705923939956,49.68269912549031,33.79034670557226,-0.10564268810393651
2025-09-15,251.5958404541016,239.78187993394974,44.8797244396991,2468.3705923939956,49.68269912549031,33.79034670557226,-0.10564268810393651
2025-09-16,251.25607299804688,240.01438590085357,44.8797244396991,2468.3705923939956,49.68269912549031,33.79034670557226,-0.10564268810393651
2025-09-17,249.6871032714844,239.88860512023064,44.8797244396991,2468.3705923939956,49.68269912549031,33.79034670557226,-0.10564268810393651
2025-09-18,252.1654815673828,240.16598691479052,44.8797244396991,2468.3705923939956,49.68269912549031,33.79034670557226,-0.10564268810393651
2025-09-19,255.07357788085935,240.40035406281257,44.8797244396991,2468.3705923939956,49.68269912549031,33.79034670557226,-0.10564268810393651
2025-09-22,252.71511840820312,240.69665834402255,44.8797244396991,2468.3705923939956,49.68269912549031,33.79034670557226,-0.10564268810393651
2025-09-23,252.1754608154297,240.76976479822773,44.8797244396991,2468.3705923939956,49.68269912549031,33.79034670557226,-0.10564268810393651
2025-09-24,247.6684112548828,240.67878767796137,44.8797244396991,2468.3705923939956,49.68269912549031,33.79034670557226,-0.10564268810393651
2025-09-25,246.40924072265625,240.67675278670964,44.8797244396991,2468.3705923939956,49.68269912549031,33.79034670557226,-0.10564268810393651
2025-09-26,247.01882934570312,240.8913097938448,44.8797244396991,2468.3705923939956,49.68269912549031,33.79034670557226,-0.10564268810393651
2025-09-29,244.2006683349609,241.39064268765136,44.8797244396991,2468.3705923939956,49.68269912549031,33.79034670557226,-0.10564268810393651
2025-09-30,243.3912048339844,241.4446315263988,44.8797244396991,2468.3705923939956,49.68269912549031,33.79034670557226,-0.10564268810393651
2025-10-01,245.37989807128903,241.83865354635938,44.8797244396991,2468.3705923939956,49.68269912549031,33.79034670557226,-0.10564268810393651
2025-10-02,246.26931762695312,241.9643326610732,44.8797244396991,2468.3705923939956,49.68269912549031,33.79034670557226,-0.10564268810393651
2025-10-03,246.289306640625,241.69400384725589,44.8797244396991,2468.3705923939956,49.68269912549031,33.79034670557226,-0.10564268810393651
2025-10-06,251.34600830078125,241.85463452866279,44.8797244396991,2468.3705923939956,49.68269912549031,33.79034670557226,-0.10564268810393651
2025-10-07,246.9688720703125,241.90150560321905,44.8797244396991,2468.3705923939956,49.68269912549031,33.79034670557226,-0.10564268810393651
2025-10-08,245.29995727539065,242.12035160830715,44.8797244396991,2468.3705923939956,49.68269912549031,33.79034670557226,-0.10564268810393651
2025-10-09,242.0520782470703,242.12534238157633,44.8797244396991,2468.3705923939956,49.68269912549031,33.79034670557226,-0.10564268810393651
2025-10-10,237.3351593017578,242.46040586052789,44.8797244396991,2468.3705923939956,49.68269912549031,33.79034670557226,-0.10564268810393651
2025-10-13,244.48048400878903,242.33978400717973,44.8797244396991,2468.3705923939956,49.68269912549031,33.79034670557226,-0.10564268810393651
2025-10-14,246.02947998046875,242.33116630664213,44.8797244396991,2468.3705923939956,49.68269912549031,33.79034670557226,-0.10564268810393651
2025-10-15,251.5458831787109,242.51170265209296,44.8797244396991,2468.3705923939956,49.68269912549031,33.79034670557226,-0.10564268810393651
2025-10-16,251.7157745361328,242.68827597948152,44.8797244396991,2468.3705923939956,49.68269912549031,33.79034670557226,-0.10564268810393651
2025-10-17,253.62451171875,242.78116053592385,44.8797244396991,2468.3705923939956,49.68269912549031,33.79034670557226,-0.10564268810393651
2025-10-20,256.8524169921875,242.87440908883693,44.8797244396991,2468.3705923939956,49.68269912549031,33.79034670557226,-0.10564268810393651
2025-10-21,251.17611694335935,243.11072824932182,44.8797244396991,2468.3705923939956,49.68269912549031,33.79034670557226,-0.10564268810393651
2025-10-22,252.36534118652344,243.08624474780052,44.8797244396991,2468.3705923939956,49.68269912549031,33.79034670557226,-0.10564268810393651
2025-10-23,253.56455993652344,243.4077734268173,44.8797244396991,2468.3705923939956,49.68269912549031,33.79034670557226,-0.10564268810393651
2025-10-24,260.34014892578125,243.25348002728944,44.8797244396991,2468.3705923939956,49.68269912549031,33.79034670557226,-0.10564268810393651
2025-10-27,269.7539978027344,243.39395502896943,44.8797244396991,2468.3705923939956,49.68269912549031,33.79034670557226,-0.10564268810393651
2025-10-28,268.2549743652344,243.84955101999458,44.8797244396991,2468.3705923939956,49.68269912549031,33.79034670557226,-0.10564268810393651
2025-10-29,274.9906005859375,244.11408497279268,44.8797244396991,2468.3705923939956,49.68269912549031,33.79034670557226,-0.10564268810393651
2025-10-30,281.7161865234375,244.20665354869746,44.8797244396991,2468.3705923939956,49.68269912549031,33.79034670557226,-0.10564268810393651
2025-10-31,281.6362609863281,244.3357733532908,44.8797244396991,2468.3705923939956,49.68269912549031,33.79034670557226,-0.10564268810393651
2025-11-03,283.93475341796875,244.78299042005096,44.8797244396991,2468.3705923939956,49.68269912549031,33.79034670557226,-0.10564268810393651
2025-11-04,277.8786926269531,244.50751982480955,44.8797244396991,2468.3705923939956,49.68269912549031,33.79034670557226,-0.10564268810393651
2025-11-05,284.5643310546875,244.75189532686323,44.8797244396991,2468.3705923939956,49.68269912549031,33.79034670557226,-0.10564268810393651
2025-11-06,285.1539611816406,245.10678676213047,44.8797244396991,2468.3705923939956,49.68269912549031,33.79034670557226,-0.10564268810393651
2025-11-07,279.51763916015625,245.37757671577523,44.8797244396991,2468.3705923939956,49.68269912549031,33.79034670557226,-0.10564268810393651
2025-11-10,290.4005126953125,245.61533750280122,44.8797244396991,2468.3705923939956,49.68269912549031,33.79034670557226,-0.10564268810393651
2025-11-11,291.5497741699219,245.90155589296265,44.8797244396991,2468.3705923939956,49.68269912549031,33.79034670557226,-0.10564268810393651
2025-11-12,287.2425842285156,246.0021554235289,44.8797244396991,2468.3705923939956,49.68269912549031,33.79034670557226,-0.10564268810393651
2025-11-13,278.9380187988281,246.15821599039393,44.8797244396991,2468.3705923939956,49.68269912549031,33.79034670557226,-0.10564268810393651
2025-11-14,276.7994079589844,246.494626775971,44.8797244396991,2468.3705923939956,49.68269912549031,33.79034670557226,-0.10564268810393651
2025-11-17,285.4137878417969,246.38143817343672,44.8797244396991,2468.3705923939956,49.68269912549031,33.79034670557226,-0.10564268810393651
2025-11-18,284.7742004394531,246.36346932161592,44.8797244396991,2468.3705923939956,49.68269912549031,33.79034670557226,-0.10564268810393651
2025-11-19,292.7989501953125,246.25415857073992,44.8797244396991,2468.3705923939956,49.68269912549031,33.79034670557226,-0.10564268810393651
2025-11-20,289.7909545898437,246.31752256577028,44.8797244396991,2468.3705923939956,49.68269912549031,33.79034670557226,-0.10564268810393651
2025-11-21,299.4546203613281,246.3329200730425,44.8797244396991,2468.3705923939956,49.68269912549031,33.79034670557226,-0.10564268810393651
2025-11-24,318.2623596191406,246.50857133739936,44.8797244396991,2468.3705923939956,49.68269912549031,33.79034670557226,-0.10564268810393651
2025-11-25,323.4289855957031,246.4847725228111,44.8797244396991,2468.3705923939956,49.68269912549031,33.79034670557226,-0.10564268810393651
2025-11-26,320.0711669921875,246.45002756208845,44.8797244396991,2468.3705923939956,49.68269912549031,33.79034670557226,-0.10564268810393651
2025-11-28,319.9112854003906,246.44568413472493,44.8797244396991,2468.3705923939956,49.68269912549031,33.79034670557226,-0.10564268810393651
2025-12-01,314.9145202636719,246.66861614310605,44.8797244396991,2468.3705923939956,49.68269912549031,33.79034670557226,-0.10564268810393651
2025-12-02,315.8139343261719,246.88597233943534,44.8797244396991,2468.3705923939956,49.68269912549031,33.79034670557226,-0.10564268810393651
2025-12-03,320.41094970703125,247.01567267671257,44.8797244396991,2468.3705923939956,49.68269912549031,33.79034670557226,-0.10564268810393651
2025-12-04,318.18243408203125,247.27828835144427,44.8797244396991,2468.3705923939956,49.68269912549031,33.79034670557226,-0.10564268810393651
2025-12-05,321.8799743652344,247.37981181011747,44.8797244396991,2468.3705923939956,49.68269912549031,33.79034670557226,-0.10564268810393651
2025-12-08,314.45001220703125,247.52301734824198,44.8797244396991,2468.3705923939956,49.68269912549031,33.79034670557226,-0.10564268810393651
2025-12-09,317.75,247.7799169097076,44.8797244396991,2468.3705923939956,49.68269912549031,33.79034670557226,-0.10564268810393651
2025-12-10,321.0,247.8665019740418,44.8797244396991,2468.3705923939956,49.68269912549031,33.79034670557226,-0.10564268810393651
2025-12-11,313.70001220703125,247.749360765127,44.8797244396991,2468.3705923939956,49.68269912549031,33.79034670557226,-0.10564268810393651
2025-12-12,310.5199890136719,248.05916087579314,44.8797244396991,2468.3705923939956,49.68269912549031,33.79034670557226,-0.10564268810393651
2025-12-15,309.32000732421875,248.06582427760063,44.8797244396991,2468.3705923939956,49.68269912549031,33.79034670557226,-0.10564268810393651
2025-12-16,307.7300109863281,248.2132250917477,44.8797244396991,2468.3705923939956,49.68269912549031,33.79034670557226,-0.10564268810393651
2025-12-17,298.0599975585937,248.39827888975563,44.8797244396991,2468.3705923939956,49.68269912549031,33.79034670557226,-0.10564268810393651
2025-12-18,303.75,248.6451573149702,44.8797244396991,2468.3705923939956,49.68269912549031,33.79034670557226,-0.10564268810393651
2025-12-19,308.6099853515625,248.68286972397073,44.8797244396991,2468.3705923939956,49.68269912549031,33.79034670557226,-0.10564268810393651
2025-12-22,311.3299865722656,248.83503103949204,44.8797244396991,2468.3705923939956,49.68269912549031,33.79034670557226,-0.10564268810393651
2025-12-23,315.67999267578125,248.82783126265534,44.8797244396991,2468.3705923939956,49.68269912549031,33.79034670557226,-0.10564268810393651
2025-12-24,315.6700134277344,249.00012872904924,44.8797244396991,2468.3705923939956,49.68269912549031,33.79034670557226,-0.10564268810393651
2025-12-26,314.9599914550781,249.07167009830724,44.8797244396991,2468.3705923939956,49.68269912549031,33.79034670557226,-0.10564268810393651
2025-12-29,314.3900146484375,249.12275145168346,44.8797244396991,2468.3705923939956,49.68269912549031,33.79034670557226,-0.10564268810393651
2025-12-30,314.54998779296875,249.06795154417512,44.8797244396991,2468.3705923939956,49.68269912549031,33.79034670557226,-0.10564268810393651
