Price,Close,High,Low,Open,Volume
Ticker,GOOG,GOOG,GOOG,GOOG,GOOG
Date,,,,,
2004-08-19,2.4805285930633545,2.5724907007955613,2.372249665665562,2.472122535599925,897427216
2004-08-20,2.6775567531585693,2.6965918992497553,2.4844838896751833,2.4970913195361195,458857488
2004-08-23,2.704502820968628,2.8053653421692903,2.6958506534308047,2.737876447567055,366857939
2004-08-24,2.5925159454345703,2.758889273535292,2.560378069013449,2.7499900490424998,306396159
2004-08-25,2.620450019836426,2.669893169577036,2.5680410147068233,2.5947398659437386,184645512
2004-08-26,2.667667865753174,2.668656563132038,2.587323543282525,2.5944926641759385,142572401
2004-08-27,2.6241581439971924,2.6852200237970227,2.6127864683901922,2.672364592289247,124826132
2004-08-30,2.521812915802002,2.6078428451983524,2.521812915802002,2.6026506454500833,104429967
2004-08-31,2.530712366104126,2.563838699759072,2.5255211129509902,2.5289822639113657,98825037
2004-09-01,2.4783034324645996,2.5455450359281238,2.463964952750021,2.5388702631263973,183633734
2004-09-02,2.509451389312744,2.5307119302002854,2.4459177692196326,2.4520984286762433,303810504
2004-09-03,2.472369432449341,2.5151378087091354,2.455312392392517,2.495608315447998,103538639
2004-09-07,2.5111827850341797,2.5215660018974173,2.4624822156970847,2.4970915975934167,117506800
2004-09-08,2.528982162475586,2.547028848022032,2.4844839169310973,2.49041633795841,100186120
2004-09-09,2.5292296409606934,2.539117563159772,2.4968447079512606,2.534667950841438,81620792
2004-09-10,2.6038873195648193,2.634294380118499,2.504260553234836,2.5116769671854193,174804764
2004-09-13,2.657532215118408,2.680028514126486,2.6318220576904374,2.6360246135905094,157628624
2004-09-14,2.7561705112457275,2.7687779422366785,2.6399798630744873,2.6562964477810356,217608605
2004-09-15,2.768777847290039,2.823906367128911,2.7242795997712306,2.7331797698911653,215279909
2004-09-16,2.817478656768799,2.862718312946306,2.7601259177090807,2.777182961510571,186207345
2004-09-17,2.9044976234436035,2.9044976234436035,2.8070953112741055,2.8286029110103463,190350817
2004-09-20,2.95072603225708,3.0061016068552324,2.8866982903521397,2.8911479020218933,213585582
2004-09-21,2.913149833679199,2.976930519174107,2.904992015129819,2.961850635519053,145262446
2004-09-22,2.9264988899230957,2.9583897083696775,2.887686952422269,2.902272725117842,152344894
2004-09-23,2.9868195056915283,3.031564809736841,2.892878102561242,2.9378716458662635,171524515
2004-09-24,2.9623448848724365,3.067904066917511,2.9606147827805325,2.9897849051250365,183336625
2004-09-27,2.9235332012176514,2.9883023508389788,2.91216152387903,2.955670128374949,141994242
2004-09-28,3.1361355781555176,3.1494844137865585,2.971739658794908,2.998685569319819,340190355
2004-09-29,3.2404592037200928,3.3378605744054473,3.1205612980811956,3.132180267940597,613229953
2004-09-30,3.203871488571167,3.270618978872366,3.1890386603611853,3.211287902676158,276468402
2004-10-01,3.277540922164917,3.3185780176110597,3.186566088103317,3.2335367878998635,303934969
2004-10-04,3.338848829269409,3.383594367088619,3.3133859668942374,3.3435466800488878,261693228
2004-10-05,3.4206762313842773,3.4246314942636147,3.2691357556697427,3.3289611773521344,300887589
2004-10-06,3.3887863159179688,3.422654289174046,3.362087700239318,3.400405285012703,268900140
2004-10-07,3.432542562484741,3.458005664016217,3.37568393786165,3.384831401079457,283643194
2004-10-08,3.4048550128936768,3.4530614663084003,3.3873026756740305,3.42932941525936,222442656
2004-10-11,3.343794107437134,3.432790844265309,3.308936722850243,3.3868086013507015,210437827
2004-10-12,3.3966972827911377,3.401888299337561,3.2978119199087623,3.3235220763951854,234419380
2004-10-13,3.4832212924957275,3.5487330282014424,3.462950391999943,3.543046479766774,397203256
2004-10-14,3.5104146003723145,3.519809120068906,3.4253745438558454,3.4859411417838926,209835578
2004-10-15,3.5625760555267334,3.596939324292583,3.5091783505048073,3.5828479017061396,265150137
2004-10-18,3.6874189376831055,3.6884073985148174,3.490884905721963,3.540080059402136,282061287
2004-10-19,3.657258987426758,3.767516025472119,3.642673452270667,3.720545325114741,363918964
2004-10-20,3.4730851650238037,3.683216014428484,3.4510832170559262,3.659483017798224,456613107
2004-10-21,3.692857265472412,3.7113980646319513,3.501020847104898,3.569745497669914,585767401
2004-10-22,4.26268196105957,4.454024013752729,4.05625907843536,4.215958554970466,1481207196
2004-10-25,4.632758140563965,4.806548802212714,4.265647559094161,4.360824709566358,1315480331
2004-10-26,4.494319915771484,4.762298097892593,4.449821431680841,4.6065543501502,895628499
2004-10-27,4.597408294677734,4.685168102831508,4.493578956003727,4.517063955089068,536262538
2004-10-28,4.778613567352295,4.805559239609474,4.58826020975997,4.614958825987812,596097978
2004-10-29,4.712855339050293,4.943009321059606,4.711866168389287,4.916804817716095,849672890
2004-11-01,4.846102237701416,4.886644982179665,4.728429740279711,4.784794008947955,490828877
2004-11-02,4.817425727844238,4.925704405890431,4.7796024966407265,4.914085674937743,455553149
2004-11-03,4.73831844329834,4.983800348037441,4.7155750872590305,4.899254167710349,557630330
2004-11-04,4.56601095199585,4.706922339529697,4.532637563509804,4.658468594272928,578544429
2004-11-05,4.186540126800537,4.506680260984988,4.166763811701149,4.498769734945233,796297573
2004-11-08,4.265647888183594,4.337093467130776,4.187776012362191,4.225600671361368,449349985
2004-11-09,4.170472145080566,4.331159857133865,4.085677967251467,4.303966653955986,444226854
2004-11-10,4.149705410003662,4.264906404345862,4.111882173666632,4.219172169017723,427355853
2004-11-11,4.524479866027832,4.542526316428524,4.1425364220255,4.181102249743842,601666773
2004-11-12,4.499263286590576,4.692089079137074,4.38554605759986,4.57911349145067,672354740
2004-11-15,4.570214748382568,4.65550305170041,4.418921294962568,4.460946859839639,477844390
2004-11-16,4.2654008865356445,4.436719110185026,4.223128271626627,4.388018305170045,839832142
2004-11-17,4.264411449432373,4.388017544105241,4.177887419805048,4.178382005101443,728034662
2004-11-18,4.141794204711914,4.311876158883253,4.097048674116759,4.209777196553509,667677273
2004-11-19,4.1877760887146,4.202114805289282,4.116578984375874,4.18035967437854,352086780
2004-11-22,4.081475257873535,4.190248546086964,3.9877823276818383,4.065901261041375,496582362
2004-11-23,4.141300678253174,4.223128291943862,4.116084869527423,4.1524252997498285,498393124
2004-11-24,4.320282459259033,4.380849055358412,4.264659823954014,4.321765268867374,613531078
2004-11-26,4.434741973876953,4.45056350086746,4.334126736213314,4.345992999778062,260175560
2004-11-29,4.475779056549072,4.522749049439898,4.388265367733138,4.458721303644271,428263241
2004-11-30,4.498769760131836,4.523985567760507,4.45600208820816,4.467373765258614,309154460
2004-12-01,4.448833465576172,4.511624512446362,4.438697541405131,4.49802838367995,315743063
2004-12-02,4.434988975524902,4.487150455188495,4.4139754874376536,4.44734887645507,251374696
2004-12-03,4.459710597991943,4.476026236630771,4.390490886976236,4.44858644951148,235647968
2004-12-06,4.358105659484863,4.467126951317245,4.351430886515534,4.428314067044693,251097661
2004-12-07,4.237960338592529,4.355881317866785,4.216205682568555,4.350935937668928,275866153
2004-12-08,4.202114105224609,4.293583042368304,4.1712126994974446,4.211261330240139,302802741
2004-12-09,4.287402629852295,4.289133441867143,4.164785223902392,4.208789119740649,307307563
2004-12-10,4.243398666381836,4.323248401904654,4.234499443577218,4.287402561518749,173335277
2004-12-13,4.213733196258545,4.281223034516323,4.189012448198402,4.256254283852728,193466452
2004-12-14,4.4174370765686035,4.420650698458003,4.192721134618246,4.227330753805904,445198482
2004-12-15,4.444382667541504,4.466878966915579,4.367253377221379,4.400132656812328,460559845
2004-12-16,4.362555027008057,4.461934495859475,4.3497005411643475,4.374421762043378,344197318
2004-12-17,4.451798915863037,4.46218189569247,4.3645332313471075,4.369724247974386,296555412
2004-12-20,4.5739216804504395,4.658962912768256,4.496049806149287,4.499263901098532,394854485
2004-12-21,4.542525768280029,4.644624270865034,4.533872654908367,4.605812338357069,221479058
2004-12-22,4.605565071105957,4.619161197366788,4.524232056536214,4.546233766477637,156865776
2004-12-23,4.645118713378906,4.662423994778634,4.598149196056119,4.633994092459406,145125936
2004-12-27,4.744251251220703,4.778613812280789,4.674784487687093,4.676021187759403,245079187
2004-12-28,4.765264511108398,4.784794242961155,4.72200225516625,4.749194983539654,166453579
2004-12-29,4.768725395202637,4.784052333961363,4.74103713645563,4.74103713645563,107525527
2004-12-30,4.884914875030518,4.900488869144382,4.74276774708552,4.770455058082332,237057231
2004-12-31,4.7660064697265625,4.941279956007876,4.760319921068413,4.925211373944385,307889737
2005-01-03,5.011241436004639,5.034231847554616,4.832012681898715,4.879970899997348,636143518
2005-01-04,4.808279037475586,5.0166788360937815,4.783062758393413,4.978855600689007,552298420
2005-01-05,4.783806324005127,4.867610866758179,4.752162795640894,4.782322567720679,330698912
2005-01-06,4.661188125610352,4.8428893162104005,4.640669223105683,4.822617469735336,417041336
2005-01-07,4.792211055755615,4.802099923807853,4.666874125759932,4.712855895011733,387964757
2005-01-10,4.822124004364014,4.897276376183399,4.742273781052833,4.808279872388746,302714411
2005-01-11,4.784547805786133,4.887635497345842,4.775647161526534,4.835968123534946,279391317
2005-01-12,4.830034255981445,4.843631331119076,4.709395178245303,4.804076805811812,328338096
2005-01-13,4.828798294067383,4.8797235481520325,4.797154769844615,4.830034047544785,275002929
2005-01-14,4.943505764007568,4.9444939882759,4.7991332030590685,4.845361558140155,387057368
2005-01-18,5.040658950805664,5.0683462637158225,4.9111197160907345,4.968225153933488,528878966
2005-01-19,4.877499103546143,5.075268882079044,4.862913331537003,5.059200300552589,451995865
2005-01-20,4.793941497802734,4.851542480962278,4.74647738653985,4.758837763160131,361413608
2005-01-21,4.654513835906982,4.8295402722716165,4.65055857258609,4.809267950406858,371724110
2005-01-24,4.467621803283691,4.680471489699271,4.457732934621512,4.664649962442261,563010421
2005-01-25,4.378623962402344,4.505196615128136,4.358104589853232,4.497780202538017,427966132
2005-01-26,4.678245544433594,4.682447863500089,4.428808398365985,4.431774963959947,494161321
2005-01-27,4.649569034576416,4.668851235584793,4.578370994658567,4.666378782329651,266089645
2005-01-28,4.705439567565918,4.813224634342377,4.606554671515917,4.697528094347972,490158373
2005-01-31,4.835968017578125,4.854261524670773,4.739555101394324,4.788255908243295,385306832
2005-02-01,4.744003772735596,4.861677217664027,4.7126082534123945,4.8053120019746025,756384528
2005-02-02,5.091584205627441,5.359561898245422,5.03472535047718,5.328660963864715,1316889593
2005-02-03,5.212718963623047,5.27476978910564,5.0878766177859225,5.0923269397545035,521471303
2005-02-04,5.05203104019165,5.135835573704326,5.008521252649202,5.10419299540402,594993855
2005-02-07,4.846102237701416,5.102461192700255,4.833247278877507,5.0742797682972185,520359150
2005-02-08,4.910625457763672,4.944740489127361,4.809020585215767,4.869094012345391,460921194
2005-02-09,4.736093521118164,4.983799852323848,4.6836845117296,4.963034366683274,689434520
2005-02-10,4.647097587585449,4.751668089642487,4.57960868622391,4.745734957805211,762154073
2005-02-11,4.632758140563965,4.754387324074238,4.59987886457264,4.614464635804835,526606480
2005-02-14,4.770949840545654,4.7731752378394505,4.474542728810757,4.52027696230646,1548269624
2005-02-15,4.8263258934021,4.94029114114259,4.773175714531039,4.786030201246426,1035177611
2005-02-16,4.9049391746521,4.927682527930529,4.803335252985777,4.8132241201643575,663770685
2005-02-17,4.892332077026367,4.938065842719812,4.865385929701618,4.890600791556983,418137429
2005-02-18,4.8935675621032715,4.915569274295832,4.861677455890035,4.907411692362152,340708289
2005-02-22,4.73090124130249,4.91705179793666,4.70667460636707,4.857721910549001,541369609
2005-02-23,4.794683933258057,4.8077854777024305,4.663907498999437,4.778614402930775,625776806
2005-02-24,4.669593334197998,4.693325385444863,4.50494989181622,4.533131791413264,1036442333
2005-02-25,4.594934940338135,4.695056051822113,4.586034770626603,4.6760209055510105,400435325
2005-02-28,4.647343635559082,4.693819036057285,4.594440519202288,4.598148725796211,313908211
2005-03-01,4.599630832672119,4.690852700950842,4.499262687241746,4.679481026895332,373844027
2005-03-02,4.577877044677734,4.639433276339199,4.557605672334817,4.596912190349323,292512314
2005-03-03,4.623116493225098,4.641409996759066,4.5563701948994,4.601362312421122,305484756
2005-03-04,4.595676898956299,4.62905028956319,4.575158941818851,4.615453687961312,271979640
2005-03-07,4.667614459991455,4.6871451365558645,4.623611513444108,4.642152546120179,347995502
2005-03-08,4.578371047973633,4.6933249804803445,4.572685919940207,4.674783947287748,323050350
2005-03-09,4.483195781707764,4.564775871447638,4.453777651777432,4.5538987785689775,456119263
2005-03-10,4.449326992034912,4.479486757950962,4.385546309488102,4.474789853849668,440063306
2005-03-11,4.395434379577637,4.473306250370498,4.37936579870506,4.460698820330626,322335682
2005-03-14,4.325969219207764,4.41026787246672,4.26614378834901,4.408538006720472,447535208
2005-03-15,4.415459632873535,4.449821722338118,4.306685395784478,4.333632490611903,418446584
2005-03-16,4.341048717498779,4.415459442044969,4.326462945184238,4.368241447342765,285317446
2005-03-17,4.4322686195373535,4.440920786103673,4.345992116736221,4.378871390920468,331662510
2005-03-18,4.450809955596924,4.459710125355492,4.408042758589549,4.420403132607882,284663002
2005-03-21,4.471576690673828,4.50346632528408,4.381838551789139,4.431775109881834,300470030
2005-03-22,4.415212154388428,4.497780930200143,4.396671119913517,4.478992839694706,226112360
2005-03-23,4.424605846405029,4.455754313546536,4.399637093536792,4.399637093536792,194526410
2005-03-24,4.431281089782715,4.471082198113518,4.43004533624384,4.467126934871701,148763520
2005-03-28,4.484925746917725,4.56848418017961,4.473307012299313,4.491353937621512,350830087
2005-03-29,4.4391913414001465,4.53090734473351,4.4021092717808825,4.475778825662012,259890496
2005-03-30,4.460946083068848,4.485667778812437,4.4399330676454865,4.465642987547911,250378977
2005-03-31,4.462428092956543,4.484183219175519,4.39147853325515,4.3991420019872045,271758815
2005-04-01,4.450809955596924,4.522748695451363,4.449574202167537,4.493331043150724,248206866
2005-04-04,4.580596446990967,4.581337615031571,4.445865727885694,4.448585710471488,324266893
2005-04-05,4.661683082580566,4.70346158572183,4.636961385877376,4.640916649103407,350777892
2005-04-06,4.677750587463379,4.688381095522191,4.637207843091627,4.678245172785558,210891521
2005-04-07,4.789985656738281,4.811246202428131,4.66341297323895,4.666874124384959,389141150
2005-04-08,4.747712135314941,4.823111552629421,4.732879307880155,4.7882553547324935,205431131
2005-04-11,4.776883125305176,4.815695058730096,4.754387301786855,4.77342244781962,217231195
2005-04-12,4.7949299812316895,4.806301657489999,4.6824475521767805,4.771196984770503,293881426
2005-04-13,4.769466876983643,4.803828960033093,4.690358785949064,4.7828154740158135,263214910
2005-04-14,4.732879638671875,4.80481838347114,4.699506247898474,4.777872236177088,247030473
2005-04-15,4.573427200317383,4.705438886603878,4.565022089492746,4.699505755836513,464831797
2005-04-18,4.622128486633301,4.6446247853996905,4.536098554733414,4.5630447020439755,262994085
2005-04-19,4.731643199920654,4.74647602624405,4.648332316500042,4.680470422392315,338463908
2005-04-20,4.897275924682617,4.956606763979931,4.8431365752364695,4.909141713912134,620376641
2005-04-21,5.048569202423096,5.067851876634488,4.927435085221877,4.954628757897836,712737539
2005-04-22,5.335088729858398,5.537555402247179,5.296769961691426,5.510362201108367,1333182435
2005-04-25,5.525936126708984,5.55584883689909,5.377361746422319,5.384778159964279,796574608
2005-04-26,5.407769203186035,5.488113534888796,5.396397525516516,5.4441096338057,693469588
2005-04-27,5.433232307434082,5.459683871143725,5.358079935798753,5.388981348351605,412131000
2005-04-28,5.425074100494385,5.49009054007923,5.382058426670405,5.426309853950373,348613811
2005-04-29,5.438671112060547,5.494293742273478,5.384778347351072,5.485887684487733,368182886
2005-05-02,5.495283126831055,5.53013980276244,5.443862809150121,5.489349521761646,392160425
2005-05-03,5.591696262359619,5.64014954274558,5.471303283033809,5.484405773990722,713873782
2005-05-04,5.648801326751709,5.682916833500872,5.611719727485731,5.617405803039745,485151677
2005-05-05,5.61122465133667,5.651767871545045,5.584031922654834,5.651767871545045,301509913
2005-05-06,5.636935234069824,5.667342058643073,5.598617410014244,5.646328569799757,271570110
2005-05-09,5.587492942810059,5.648801179015886,5.572907643512137,5.636441277300428,222302131
2005-05-10,5.631495952606201,5.631495952606201,5.555354893410865,5.573895927828322,254783425
2005-05-11,5.7177734375,5.734830715963659,5.634709602886072,5.660419995171902,460873014
2005-05-12,5.65424108505249,5.7410121923272435,5.641385177151171,5.705907513136556,359269602
2005-05-13,5.667095184326172,5.712828950673204,5.619630132485012,5.665612374743586,297731805
2005-05-16,5.711840629577637,5.72593181660393,5.65053239413529,5.677972653477998,228107811
2005-05-17,5.763260841369629,5.771171367543436,5.690827039302847,5.699727209501391,313526787
2005-05-18,5.91232967376709,5.9323535180409745,5.772901092229098,5.775126489689999,494325936
2005-05-19,5.912824630737305,5.962019552330599,5.890328329753377,5.941501593055684,390116793
2005-05-20,5.972895622253418,5.974379378163434,5.924441881009491,5.963007702485617,327763952
2005-05-23,6.315038204193115,6.380549703632669,6.000090503983949,6.011215125018256,858738744
2005-05-24,6.328634738922119,6.562003284835457,6.266831451765874,6.352366788483514,1166078427
2005-05-25,6.447544574737549,6.451746893883473,6.195882026430345,6.2477964520185045,725023418
2005-05-26,6.407742977142334,6.520471524963323,6.385493734827362,6.451252764320758,543895039
2005-05-27,6.575847148895264,6.577083848971603,6.4089787769031705,6.4388914895801035,489190760
2005-05-31,6.854455947875977,6.882391266053434,6.65915861640495,6.660641425971397,892805959
2005-06-01,7.119714260101318,7.2406018144570625,6.971881977798275,7.001053523208679,1412944285
2005-06-02,7.117242336273193,7.1637177415060185,7.035662256183407,7.137760765991603,721658854
2005-06-03,6.928372859954834,7.151852575285191,6.857916921357218,7.089801748792873,754108027
2005-06-06,7.192394256591797,7.261861487342784,6.967183762490298,6.981027892093891,904413304
2005-06-07,7.246286869049072,7.406233415341682,7.176573994476151,7.344678123213098,976566743
2005-06-08,6.911067008972168,7.2480178398206085,6.87250212956567,7.239612728406204,1031889331
2005-06-09,7.077935695648193,7.132075520137122,6.93578901673831,7.038629646361264,660109011
2005-06-10,6.983747959136963,7.101915525738415,6.922438778325243,7.094746167700017,509767599
2005-06-13,6.989928245544434,7.025526084640933,6.835914370283058,6.917494447492414,514047581
2005-06-14,6.881154537200928,6.952598696648244,6.8663217087239925,6.887088141879146,405189077
2005-06-15,6.793394565582275,6.855196911647968,6.61119878260652,6.798338526089563,838454999
2005-06-16,6.858657360076904,6.8799179026002335,6.750625728650844,6.780043852504332,500364485
2005-06-17,6.929360389709473,6.929360389709473,6.820587582068872,6.897223700714396,418940428
2005-06-20,7.087577819824219,7.111556929444633,6.717500149134581,6.825284744190629,844140229
2005-06-21,7.115758419036865,7.176573485282668,7.044808849397769,7.121444967314567,607560783
2005-06-22,7.151851654052734,7.226509902442511,7.136277658708924,7.160998879726162,420530365
2005-06-23,7.161987781524658,7.288066343612155,7.082632153376918,7.119713749317416,564363474
2005-06-24,7.348385810852051,7.366926845295307,7.158773620758037,7.191406314665582,713512433
2005-06-27,7.517725944519043,7.5268731706897904,7.264580589676445,7.389175872212796,714785186
2005-06-28,7.465810775756836,7.6450409329227265,7.465810775756836,7.5716184366153945,764314139
2005-06-29,7.236398696899414,7.524647780757705,7.222307510214698,7.478172374890675,734691521
2005-06-30,7.271749973297119,7.389917539655182,7.194867269653691,7.2764473510621395,606039101
2005-07-01,7.200058460235596,7.323417519419525,7.149874846006975,7.29375186244946,370487492
2005-07-05,7.310315132141113,7.316989431333234,7.174842287710922,7.221071583001581,300883574
2005-07-06,7.206733226776123,7.357037949989385,7.203272075930786,7.349621536240387,321211484
2005-07-07,7.306113243103027,7.312540013352876,7.132322565661808,7.154077696474428,428484066
2005-07-08,7.323170185089111,7.354566653047642,7.269278365787153,7.32366429716154,299422117
2005-07-11,7.251972675323486,7.332316997603501,7.19437170571518,7.327372090858713,336869956
2005-07-12,7.213160514831543,7.277929893343822,7.192147028265473,7.252961144108939,235475323
2005-07-13,7.388187885284424,7.397581221220681,7.221071981331761,7.2312069586955445,459230882
2005-07-14,7.438371181488037,7.583237363129446,7.418099807765434,7.54838069081448,428307406
2005-07-15,7.4457879066467285,7.5004218428955065,7.410931232874908,7.447023660166419,338801168
2005-07-18,7.404997825622559,7.4633404438484146,7.360746868168958,7.41636950337412,249242734
2005-07-19,7.66110897064209,7.672233591193118,7.460867220585807,7.468283634286492,506748324
2005-07-20,7.713024139404297,7.728104023366689,7.460867484522873,7.554066297846159,574561556
2005-07-21,7.760983467102051,7.856406733371054,7.693494571879923,7.763702030134365,794543021
2005-07-22,7.475699424743652,7.6450407097499955,7.325642234834496,7.573842666364176,938978379
2005-07-25,7.313776016235352,7.497701653544203,7.2917743047599854,7.475452412757382,387800142
2005-07-26,7.319709300994873,7.366927296028458,7.220824882251392,7.293010683050487,394147846
2005-07-27,7.340475559234619,7.372612249132836,7.2284881803012215,7.360498930606527,289798178
2005-07-28,7.255681037902832,7.352340998764361,7.250241545709279,7.352340998764361,237912424
2005-07-29,7.113781929016113,7.239365912180885,7.094746308075421,7.222060630130276,335785908
2005-08-01,7.208958625793457,7.230960340617719,7.122187046804698,7.122681632215487,227344963
2005-08-02,7.396345138549805,7.404503193889546,7.196844549998241,7.208710339023168,292701018
2005-08-03,7.349621772766113,7.409447196741726,7.307595742360916,7.366927054262303,238113174
2005-08-04,7.360251426696777,7.391646946566577,7.29894319639039,7.306359609993461,210245108
2005-08-05,7.2272515296936035,7.3795346016018515,7.201541609654195,7.3545667962603885,238478538
2005-08-08,7.200058460235596,7.308831746980095,7.181270368583703,7.258154020660269,179943955
2005-08-09,7.2079691886901855,7.235410393642591,7.132322239549831,7.217610526842746,232038489
2005-08-10,7.062361240386963,7.226757151564879,7.042584452359704,7.201293815216471,276191367
2005-08-11,7.02206563949585,7.084610576732897,6.937271932265792,7.067552823551206,301722708
2005-08-12,7.162234783172607,7.174101045235437,6.962487142785602,7.005008230702353,264423423
2005-08-15,7.020830154418945,7.237635100161921,7.0151440787118,7.164213067816256,328213631
2005-08-16,7.061619281768799,7.114522400344444,7.0045124245398505,7.042584135979879,285433881
2005-08-17,7.048022270202637,7.084362696667147,7.020829069325556,7.05815819316949,155914222
2005-08-18,6.92169713973999,6.934305516966079,6.798338556520692,6.820834854805618,476692087
2005-08-19,6.9219441413879395,6.957790458025431,6.912550805770829,6.9464187809522056,222547046
2005-08-22,6.773863792419434,6.958284497049887,6.75754815502693,6.952598421929256,273541472
2005-08-23,6.911561012268066,6.9155172218073,6.776583226538537,6.827015314093523,233740846
2005-08-24,6.985477447509766,7.039370211332895,6.83418402833931,6.861871814974978,345012362
2005-08-25,6.9859724044799805,7.020829550621198,6.921203019295854,6.984983707032778,175720183
2005-08-26,7.010446548461914,7.046045809183784,6.9877031942370875,7.007974094920679,150775031
2005-08-29,7.130838394165039,7.147402034001052,6.977320046905324,6.977320046905324,237005036
2005-08-30,7.101668357849121,7.157042986663578,7.0673048510140575,7.104633976858962,192398464
2005-08-31,7.0702714920043945,7.132074780445012,7.0297282735327045,7.125400008255078,202114747
2005-09-01,7.076452255249023,7.10735318998844,7.045549900647388,7.068047144205413,110095123
2005-09-02,7.130838394165039,7.16891010751329,7.081149367806679,7.082880179901439,137894934
2005-09-06,7.09771203994751,7.15407725848397,7.090048570066473,7.144435447193426,169123549
2005-09-07,7.289549350738525,7.305123346949096,7.052472577146533,7.067552461278947,301104399
2005-09-08,7.302404880523682,7.3985697885008355,7.252220320381695,7.288560749690993,265523531
2005-09-09,7.393872261047363,7.3941193170688955,7.331327331458407,7.3491267239062426,176278267
2005-09-12,7.657154083251953,7.698685528724981,7.441090797801472,7.459631832962392,417017246
2005-09-13,7.705113887786865,7.800289626077612,7.568899395339174,7.638860745119816,413540262
2005-09-14,7.490532398223877,7.744666438848657,7.4237851482396655,7.632184953258831,452722579
2005-09-15,7.481139659881592,7.583237701154024,7.364701955551449,7.404503536662451,620966845
2005-09-16,7.421313285827637,7.527615066185534,7.413155230111421,7.515748803325585,304328438
2005-09-19,7.510062217712402,7.564696150393317,7.433921158346462,7.441090516099747,231339881
2005-09-20,7.611914157867432,7.695718687215619,7.545661019029995,7.56840437248711,375441994
2005-09-21,7.710551738739014,7.756533978912508,7.56370816112645,7.624274753427432,406305245
2005-09-22,7.69744873046875,7.891510276713361,7.667783551525149,7.700662824985351,522206047
2005-09-23,7.79608678817749,7.841821024010677,7.727609672373152,7.737745595571749,340623975
2005-09-26,7.769388198852539,7.934278220477619,7.726868057682088,7.898433324978005,397259466
2005-09-27,7.760983467102051,7.8714866176565,7.747139336311969,7.785951272500155,275954483
2005-09-28,7.564696311950684,7.7896592905663296,7.554807917790503,7.767905580673813,321095049
2005-09-29,7.654187202453613,7.681380404044954,7.566674466672403,7.581507294190375,225393676
2005-09-30,7.823279857635498,7.848989775953629,7.72019312833849,7.767905231457866,367424053
2005-10-03,7.878161907196045,7.913513639135111,7.7325536068472935,7.753320039790909,367785402
2005-10-04,7.688302993774414,7.942437534981004,7.681875276784331,7.909558728443633,367143003
2005-10-05,7.681133270263672,7.78471553890648,7.61413896024088,7.73008113030611,334384676
2005-10-06,7.731564521789551,7.7743317165546655,7.665805499104576,7.765926605868385,320950509
2005-10-07,7.737497329711914,7.828472165077865,7.676930738054582,7.78199581332231,271827070
2005-10-10,7.679650783538818,7.782738944430526,7.6425691845630706,7.745409816114719,223723439
2005-10-11,7.567169189453125,7.729093131922049,7.536514361250322,7.678661987578222,342984790
2005-10-12,7.440349578857422,7.594115468185457,7.391647826019548,7.544920549815109,373643277
2005-10-13,7.35308313369751,7.465811209666926,7.185967231453011,7.465811209666926,424292413
2005-10-14,7.320944786071777,7.422055545239483,7.231949238424538,7.413896543309593,342041267
2005-10-17,7.539975166320801,7.5449200733821415,7.28188585167359,7.35456670904169,303802474
2005-10-18,7.497455596923828,7.613150717862545,7.4841055773847875,7.538987045307929,284173173
2005-10-19,7.631443977355957,7.6603679915020395,7.514264637994902,7.515254281991751,281479113
2005-10-20,7.495476245880127,7.69151614727147,7.446281333480058,7.663334248934284,558553779
2005-10-21,8.402745246887207,8.56417600260016,8.232168685673566,8.548600114635573,919128253
2005-10-24,8.61905574798584,8.635125748318996,8.459357220789789,8.488527816317083,378682093
2005-10-25,8.576043128967285,8.58815644895431,8.475922000447516,8.548107808231407,276163262
2005-10-26,8.78691291809082,8.800757521256378,8.55824221530634,8.560467612683764,357635500
2005-10-27,8.728076934814453,8.827702979197474,8.69396048818168,8.81558966230164,206145800
2005-10-28,8.854403495788574,8.873686172847709,8.776531619414126,8.782711806862906,237025111
2005-10-31,9.199759483337402,9.264282767497455,8.887531723047031,8.90557722864708,575866428
2005-11-01,9.378741264343262,9.49048063946053,9.122381343434167,9.192836802905294,656696267
2005-11-02,9.386157035827637,9.517673190349791,9.324106218725234,9.436093588788404,424200069
2005-11-03,9.541157722473145,9.556732664060055,9.428182128193273,9.453645936606394,299052737
2005-11-04,9.651910781860352,9.68553122861116,9.528799252370794,9.640785687241786,354319116
2005-11-07,9.765626907348633,9.825947387864769,9.694430282130568,9.767358192697618,385098052
2005-11-08,9.63880729675293,9.779472110187498,9.606176020922334,9.746344829119899,317084071
2005-11-09,9.373052597045898,9.599005654277185,9.345365287451607,9.558957025845563,420245300
2005-11-10,9.668472290039062,9.674653423579867,9.330533722248855,9.353525077926133,366516664
2005-11-11,9.651168823242188,9.8118565385241,9.612850524719434,9.767853111152561,283615089
2005-11-14,9.813586235046387,9.844489063780452,9.679102561521603,9.693688333199345,313486637
2005-11-15,9.71049976348877,9.814328613679544,9.664765052389047,9.74955922865184,346289130
2005-11-16,9.842757225036621,9.860062505250838,9.74288317292623,9.794551010975283,349111670
2005-11-17,9.973780632019043,9.982681275937885,9.876873132021252,9.932990825813501,369869183
2005-11-18,9.893683433532715,9.99973673103744,9.884784683545282,9.974768926716783,282077347
2005-11-21,10.119882583618164,10.135210469781354,9.727556661913004,9.867973464804383,414953540
2005-11-22,10.295650482177734,10.31641643943884,10.04250515223841,10.102329624152853,385278727
2005-11-23,10.453619956970215,10.499601725156495,10.278593527868292,10.309742467607386,404912042
2005-11-25,10.596014976501465,10.599229545057407,10.513941248229507,10.525806565322776,194329675
2005-11-28,10.468948364257812,10.660784079698532,10.443237495955257,10.625680348345897,441986487
2005-11-29,9.976005554199219,10.541132522305725,9.941395937258367,10.493173359985205,863054861
2005-11-30,10.00987434387207,10.097388041505555,9.778731143419696,9.993806233401578,626202395
2005-12-01,10.236814498901367,10.27018788944643,10.093432068949493,10.11592836754818,391257051
2005-12-02,10.326057434082031,10.371297082542933,10.231128289119413,10.307268871273662,302870996
2005-12-05,10.033111572265625,10.321114551754944,9.994299162508115,10.308753230412034,413118688
2005-12-06,10.000727653503418,10.294168714503463,9.930519246051121,10.103567337736438,607279734
2005-12-07,9.992815971374512,10.054123727883102,9.864017431777631,10.04077418350871,468385066
2005-12-08,10.151773452758789,10.151773452758789,9.953756610221292,10.019515168352203,357735875
2005-12-09,10.115927696228027,10.278592792266009,10.100104751583572,10.259310116664658,306881974
2005-12-12,10.200224876403809,10.264501086573596,10.134467276788397,10.250162372629617,279046027
2005-12-13,10.320867538452148,10.33347496931577,10.176247934712704,10.19750800657973,327775997
2005-12-14,10.357205390930176,10.376241956270507,10.271422998338952,10.309741291886857,266210095
2005-12-15,10.445955276489258,10.460541048523353,10.296392662142107,10.3609149909715,242738446
2005-12-16,10.63383674621582,10.691931829618074,10.450899802094755,10.514928016509575,655668429
2005-12-19,10.496633529663086,11.030859487133297,10.385634389588903,10.684514416530531,880760980
2005-12-20,10.623703002929688,10.684517608287504,10.498366057857796,10.57722806256114,404899997
2005-12-21,10.539401054382324,10.79971574153663,10.400467542845988,10.717888139163813,450558497
2005-12-22,10.680560111999512,10.700831959304661,10.5295142142441,10.673885812627612,302995460
2005-12-23,10.653120040893555,10.691932450759749,10.599969861297263,10.683279809767946,184492943
2005-12-27,10.497623443603516,10.67611055150424,10.451148509636738,10.67611055150424,269116950
2005-12-28,10.54830265045166,10.575248799219072,10.414066965307313,10.490207560190969,285783185
2005-12-29,10.386625289916992,10.598732845951364,10.362398652038639,10.580192283470966,278873383
2005-12-30,10.255851745605469,10.338667594987756,10.228164425975432,10.315429177999128,304621533
2006-01-03,10.759422302246094,10.77029844764365,10.338913983386098,10.4452143426677,526815259
2006-01-04,11.006878852844238,11.098842374019661,10.871159914842602,10.973752523644666,613747887
2006-01-05,11.155207633972168,11.162871103332366,10.914421729578658,11.025667929746312,433952486
2006-01-06,11.511689186096191,11.63134003918608,11.204650580394944,11.294388720212359,712938289
2006-01-09,11.542343139648438,11.703030855186887,11.395004023369657,11.53022982063511,513593887
2006-01-10,11.613044738769531,11.625158056823237,11.422197268841405,11.481034466902067,365247927
2006-01-11,11.659274101257324,11.745304504924132,11.598707508177855,11.650374404326275,361646478
2006-01-12,11.461503028869629,11.742336616058516,11.408846967915403,11.710939677721873,406530084
2006-01-13,11.526273727416992,11.542094778530247,11.411566847259326,11.47831362231018,307411953
2006-01-17,11.547533988952637,11.616507114718482,11.434311326912313,11.447412869932721,332051965
2006-01-18,10.998723030090332,11.306502798847678,10.957686169324298,11.057807287515542,822499417
2006-01-19,10.789582252502441,11.210831746575845,10.70429396102443,11.153477826918744,583671575
2006-01-20,9.875143051147461,10.878082645332125,9.758458769601267,10.845204314552328,1650832619
2006-01-23,10.568325996398926,10.590328183222244,10.03014610785427,10.070935913162756,913065614
2006-01-24,10.952248573303223,10.999712683671358,10.740882161465814,10.779199517581366,620902605
2006-01-25,10.704293251037598,11.229124508261073,10.610846436710037,11.155702484576837,752401655
2006-01-26,10.735689163208008,10.87709514953519,10.470924587819228,10.865970054598526,518982008
2006-01-27,10.716404914855957,10.833336243127457,10.60491260522956,10.753734037600166,339355237
2006-01-30,10.551515579223633,10.711214105389795,10.506522986250223,10.611092996579234,344843732
2006-01-31,10.695887565612793,10.867454268097996,10.481061443153651,10.644221613860807,885948351
2006-02-01,9.9324951171875,9.93793413577062,9.579970797705464,9.617299920024275,1088966472
2006-02-02,9.790595054626465,10.04917940192189,9.789111771972191,9.982926741080824,474078326
2006-02-03,9.43238639831543,9.737693732197055,9.21038901786452,9.730771429676503,734012987
2006-02-06,9.520145416259766,9.63880613574617,9.38318929970071,9.525336432275205,358956433
2006-02-07,9.095434188842773,9.485534680937977,8.982457652916075,9.467983291956111,667701363
2006-02-08,9.12411117553711,9.163912752752715,8.767878161654307,9.109278348411715,835283155
2006-02-09,8.86923599243164,9.255627847569796,8.803477437369299,9.17652069392549,478282024
2006-02-10,8.964164733886719,9.010888613081471,8.730055012161392,8.947849570462138,611222457
2006-02-13,8.546130180358887,8.667264323505146,8.451942186363175,8.569368595423555,791668286
2006-02-14,8.487293243408203,8.694209778457456,8.46454988885925,8.536982744956159,588357072
2006-02-15,8.464056015014648,8.553546152898463,8.351573572742284,8.436614808583029,519821141
2006-02-16,9.059342384338379,9.072690983045087,8.516216659906775,8.545388204009974,855815829
2006-02-17,9.11595344543457,9.199757497465932,8.989133248865368,9.14339370188223,574955025
2006-02-21,9.062556266784668,9.234369074966292,9.025969254158168,9.058848532942745,348742290
2006-02-22,9.035362243652344,9.120897582626537,8.995066554264747,9.076399101111129,260018976
2006-02-23,9.346356391906738,9.424722379882633,9.032891493428274,9.038329566130221,503945859
2006-02-24,9.329792022705078,9.395797634054412,9.233132531188573,9.327320515753605,260344190
2006-02-27,9.650673866271973,9.683305139939423,9.400988254185627,9.425462892654735,410019113
2006-02-28,8.964411735534668,9.827677544664633,8.368382925133385,9.720387076904995,1583416872
2006-03-01,9.018305778503418,9.133259726158174,8.931780314486243,9.111257539441164,484256334
2006-03-02,9.306305885314941,9.421259809140297,8.954027701121925,9.005448478151,735960259
2006-03-03,9.349076271057129,9.573050095813935,9.289249896372073,9.500369233711778,480273461
2006-03-06,9.099884986877441,9.478119257421154,9.07615246231159,9.416564441690747,358928328
2006-03-07,9.009652137756348,9.108537976089508,8.853908385908317,9.023743798043958,416708092
2006-03-08,8.7483491897583,8.90038520770349,8.665780409309527,8.749585416555192,471585016
2006-03-09,8.479382514953613,8.863302863235642,8.442300445065257,8.7856780457943,558501584
2006-03-10,8.343414306640625,8.516464275355982,8.196324152340878,8.491742580803841,775921484
2006-03-13,8.332538604736328,8.556018330779885,8.292737966678642,8.428209884236137,547741403
2006-03-14,8.681106567382812,8.71101927755706,8.222775050457065,8.334515365571757,740794310
2006-03-15,8.516465187072754,8.70929101755278,8.418320513015686,8.67146588372962,512666424
2006-03-16,8.374810218811035,8.621527342543455,8.353302148410071,8.618066665429383,402169802
2006-03-17,8.400026321411133,8.44922265574423,8.279881362844902,8.375552628836484,343350155
2006-03-20,8.607686042785645,8.654656985548993,8.443289636263849,8.463066426944486,417864410
2006-03-21,8.403240203857422,8.693467632434551,8.382475190874407,8.652677828018993,394717975
2006-03-22,8.41065502166748,8.506574275040348,8.343413195195863,8.39903676388474,304978867
2006-03-23,8.451939582824707,8.547363774312862,8.410160617050353,8.463310784216903,298502683
2006-03-24,9.0430269241333,9.14908117932507,8.96169341982147,9.112740274600664,609500025
2006-03-27,9.139189720153809,9.189127213020356,9.023247576108544,9.074914460882498,282001062
2006-03-28,9.324849128723145,9.341165241398329,9.175780610053229,9.18913015678747,359173242
2006-03-29,9.76439094543457,9.863769935881788,9.381952972928605,9.392583007434665,763952790
2006-03-30,9.602715492248535,9.727804417978417,9.483311695334866,9.621256054706603,590673723
2006-03-31,9.641279220581055,9.687508042019537,9.493693059734941,9.610131229298554,1466331647
2006-04-03,9.633862495422363,9.702340555974178,9.590106128848289,9.629660649897716,326125835
2006-04-04,9.995780944824219,10.009624600349264,9.595297479174636,9.638805840374856,630984252
2006-04-05,10.086016654968262,10.248681777932209,9.958207262268047,10.091207672125101,538430634
2006-04-06,10.164875030517578,10.231869809454015,10.022728837484548,10.0489328680217,345229172
2006-04-07,10.040776252746582,10.206161835514052,9.987873122965839,10.195283795695122,282089392
2006-04-10,10.293426513671875,10.312956246996743,10.018278961632682,10.06351956237564,374201361
2006-04-11,10.127298355102539,10.360665951417317,10.042257131521215,10.294414236947526,445953300
2006-04-12,10.109745979309082,10.168583173402034,10.016794230772453,10.110982205949021,241582128
2006-04-13,9.941889762878418,10.129770670368783,9.900852903758436,10.101836300210092,263098475
2006-04-17,10.057090759277344,10.197507564449277,9.909257540220457,9.97377986773215,331618345
2006-04-18,9.993310928344727,10.131502341344857,9.925574030081892,10.084531402753488,326724069
2006-04-19,10.148064613342285,10.225689425932,10.054864859085484,10.199237393302441,272284779
2006-04-20,10.259310722351074,10.284032418311616,10.091206597488927,10.1606738342754,492699864
2006-04-21,10.80565071105957,11.142353092695611,10.782660299188036,11.097360493178245,905433112
2006-04-24,10.889703750610352,10.993531661648397,10.79131201940138,10.862509599415946,354780840
2006-04-25,10.559921264648438,10.903051820768132,10.5312447785047,10.868195147199655,384194678
2006-04-26,10.530502319335938,10.631117546880285,10.470182783331687,10.574259635117567,292203159
2006-04-27,10.383659362792969,10.55374088156729,10.367836417307183,10.454855991454934,334766100
2006-04-28,10.331991195678711,10.524569006705791,10.29144844880065,10.349048474255973,297964674
2006-05-01,9.861297607421875,10.369072496325778,9.85264591404565,10.345091971162399,416001453
2006-05-02,9.759942054748535,9.950048361021578,9.601725855121407,9.91519168880047,526136725
2006-05-03,9.744367599487305,9.925573253919195,9.663034106038392,9.798258942796823,324098263
2006-05-04,9.758706092834473,9.860557549297022,9.695914101980387,9.76562744831453,186777474
2006-05-05,9.747581481933594,9.905302619704038,9.685283606122788,9.829161087015773,243509324
2006-05-08,9.759448051452637,9.817295134238817,9.642515765964639,9.767605633587918,205511431
2006-05-09,10.106039047241211,10.1109830076182,9.733984021007782,9.78219118433907,366994449
2006-05-10,9.962162017822266,10.177979217968918,9.934474699932242,10.0939271468796,248415646
2006-05-11,9.56711483001709,10.004928350768596,9.51717828123855,9.973037302244327,357045296
2006-05-12,9.248955726623535,9.514461489174884,9.234617008835343,9.481582207264873,405016432
2006-05-15,9.300127029418945,9.397776645194355,9.103594410741637,9.293453676201967,344891912
2006-05-16,9.178994178771973,9.31644443552104,9.14413655588078,9.29493635928659,260617209
2006-05-17,9.258100509643555,9.390112681390372,9.15229426330212,9.161935128400685,427347823
2006-05-18,9.171330451965332,9.438814543189824,9.16440814947817,9.363909228993654,234274840
2006-05-19,9.147348403930664,9.258099545888365,8.9137337491798,9.227939780371054,457636930
2006-05-22,9.170340538024902,9.221760377384273,9.029429618574344,9.093704891060984,345466056
2006-05-23,9.284799575805664,9.489985771117347,9.234863018425306,9.250932073454951,360666820
2006-05-24,9.424969673156738,9.479109024943792,9.1866571349285,9.32855723261266,383584400
2006-05-25,9.467985153198242,9.4682322092561,9.203962686217876,9.37132565378012,329012615
2006-05-26,9.427441596984863,9.539428974749548,9.394809375486235,9.506549697214162,147229793
2006-05-30,9.194815635681152,9.418790426164474,9.182702315390829,9.351548577804415,173287097
2006-05-31,9.19184684753418,9.350804202482934,9.067252049971879,9.24079517558803,320448635
2006-06-01,9.458837509155273,9.467984261884537,9.18640948240445,9.23436864351186,252061259
2006-06-02,9.380223274230957,9.569094294688048,9.33102883424832,9.56316021713997,256413512
2006-06-05,9.25661849975586,9.429913647621852,9.249449141402296,9.299632756727425,223173385
2006-06-06,9.641033172607422,9.641280228663302,9.30259950617549,9.309521808614738,411930250
2006-06-07,9.55500316619873,9.761424641866295,9.554756110156921,9.721376952146645,357788070
2006-06-08,9.722859382629395,9.74683896178063,9.359209959314086,9.585656206565204,415933198
2006-06-09,9.556485176086426,9.775514999884974,9.526325411505674,9.695418684539751,247223193
2006-06-12,9.432138442993164,9.65339274102339,9.41878889791731,9.600242563330049,201516513
2006-06-13,9.55525016784668,9.567116430384914,9.347591520002437,9.416317588252959,307512327
2006-06-14,9.502593040466309,9.668471748296515,9.357479343185409,9.637076703172346,312045255
2006-06-15,9.666001319885254,9.696903203005796,9.468231539693475,9.55772262080547,272445379
2006-06-16,9.658584594726562,9.664270669771794,9.59183781667772,9.61903101859205,212979318
2006-06-19,9.59529972076416,9.759943182639327,9.56662323241495,9.662294509983624,306468429
2006-06-20,9.571316719055176,9.687506871980686,9.555001557294299,9.592577733693783,162201701
2006-06-21,9.94114875793457,9.987377580820983,9.635099335310723,9.667484500907449,351087046
2006-06-22,9.887256622314453,10.036819238465009,9.591838177213953,9.927552314635717,237362370
2006-06-23,10.008637428283691,10.12952355404573,9.906785029328873,9.956722531389824,213388847
2006-06-26,9.992815971374512,10.09367824896179,9.968835445445217,10.055359954569123,142580431
2006-06-27,9.945843696594238,10.086260476339637,9.913458537398398,10.029647738456822,164899777
2006-06-28,10.039538383483887,10.048686082719284,9.916426860040618,9.987624433063138,148976315
2006-06-29,10.328778266906738,10.338419132276451,10.03236969546431,10.086015881420431,267326263
2006-06-30,10.366353034973145,10.366353034973145,10.193304021451844,10.27414245355698,251258261
2006-07-03,10.462024688720703,10.476115401308924,10.369319991773736,10.38390576298641,86591354
2006-07-05,10.419010162353516,10.452136496464203,10.275131728861389,10.420492498598152,200171490
2006-07-06,10.461777687072754,10.51591608690881,10.431864976417454,10.46647459129324,148036806
2006-07-07,10.39404010772705,10.57796620771863,10.281064518138438,10.532479504671414,242581861
2006-07-10,10.338418960571289,10.512209162988183,10.293426363110084,10.467957733662384,178121149
2006-07-11,10.495645523071289,10.507758841336601,10.210610066635738,10.346081965009967,239747276
2006-07-12,10.314932823181152,10.450652721487035,10.302078337067371,10.434583667269985,197003661
2006-07-13,10.106781005859375,10.341879923522832,10.057338558497737,10.234590390158774,278018189
2006-07-14,9.975016593933105,10.172538357303276,9.854128579739557,10.143861873758448,303216285
2006-07-17,10.08354377746582,10.160427433340141,9.980456087690158,10.002952387574538,233347377
2006-07-18,9.963892936706543,10.149796467789848,9.832622871190434,10.129524618965636,342751921
2006-07-19,9.863771438598633,9.916674563177343,9.756480959998218,9.76513360115791,342017177
2006-07-20,9.570083618164062,9.998255428387546,9.53399071612218,9.994299691759352,503427925
2006-07-21,9.643999099731445,9.684542794308465,9.336961450803905,9.545855378102074,471946365
2006-07-24,9.663528442382812,9.737445523958959,9.423980644353485,9.710993490450457,324656348
2006-07-25,9.625458717346191,9.673664936346558,9.488008471924209,9.518168240804954,231307761
2006-07-26,9.530034065246582,9.688497319179893,9.468231247487708,9.59678178996005,222105397
2006-07-27,9.453398704528809,9.579229741281374,9.343389666672826,9.576263175649194,226489769
2006-07-28,9.594803810119629,9.63040164788821,9.436834677883358,9.443508976660347,163956253
2006-07-31,9.55722713470459,9.620761236961695,9.475894586012142,9.59183769660758,184500973
2006-08-01,9.28306770324707,9.536708077784393,9.28306770324707,9.520391969408765,219347097
2006-08-02,9.078377723693848,9.324106657161256,9.028193165778758,9.285293302713619,284976172
2006-08-03,9.280102729797363,9.34240060882591,8.982706888014944,9.022755524533295,254028606
2006-08-04,9.24203109741211,9.410876366864004,9.190116205733963,9.383189055685488,204571922
2006-08-07,9.343389511108398,9.387392936203176,9.175284443608737,9.183937084321007,158467758
2006-08-08,9.41878890991211,9.5053134236927,9.37157186330346,9.46378150562604,230589077
2006-08-09,9.318421363830566,9.509763909750776,9.304082647059191,9.463287081557317,173086347
2006-08-10,9.250685691833496,9.336468099301317,9.207670486782293,9.242774218475267,171114986
2006-08-11,9.109772682189941,9.277382686211725,9.097412308142863,9.255627557040027,151224711
2006-08-14,9.132762908935547,9.273674767239651,9.113975292211537,9.183936636028124,199476896
2006-08-15,9.418046951293945,9.435352232966762,9.211130418788226,9.248460491719575,268932260
2006-08-16,9.584916114807129,9.602962565202052,9.446477643096756,9.480098090257881,235005569
2006-08-17,9.537449836730957,9.641278677161697,9.490973961881986,9.552035607429909,203969673
2006-08-18,9.477130889892578,9.5693414772252,9.412608562992812,9.55005880130719,198830482
2006-08-21,9.32732105255127,9.36934708546837,9.275901210213265,9.34709784217551,161535213
2006-08-22,9.351794242858887,9.375773823797408,9.2665059547871,9.337950585525533,167188323
2006-08-23,9.231651306152344,9.351302181039644,9.212615681536164,9.335727234871836,146238089
2006-08-24,9.239066123962402,9.305071738609284,9.202725220239193,9.256618462411545,139822131
2006-08-25,9.227447509765625,9.278374189459546,9.208659889859584,9.22299766085499,99037832
2006-08-28,9.41755199432373,9.41755199432373,9.270459953025663,9.285539835839153,167184308
2006-08-29,9.368110656738281,9.451421552621376,9.324848397919233,9.413350310504665,179068687
2006-08-30,9.41260814666748,9.509021521993102,9.3572325748259,9.374536908578074,162382376
2006-08-31,9.35772705078125,9.447218128141364,9.349569468916158,9.430902017836354,118839777
2006-09-01,9.359457015991211,9.425709678686948,9.324600345927378,9.41854126780292,107316747
2006-09-05,9.501852989196777,9.527562909323388,9.330782298691943,9.39085383328474,163582859
2006-09-06,9.397528648376465,9.472928066431027,9.385661439737333,9.445981920755813,149522354
2006-09-07,9.35673999786377,9.437330442206724,9.329792902295871,9.378989241973768,154256030
2006-09-08,9.340917587280273,9.413598448179975,9.312982268695794,9.312982268695794,123798294
2006-09-11,9.495176315307617,9.510009141337576,9.338938476558347,9.351051793387025,181847062
2006-09-12,9.688250541687012,9.708768498469054,9.514707399017421,9.517673964645532,218503948
2006-09-13,10.050910949707031,10.055607854248139,9.767358765765831,9.768594045980693,392192544
2006-09-14,9.986882209777832,10.043741066534448,9.93620354007196,9.994792735613801,215448538
2006-09-15,10.132739067077637,10.136940913167555,10.05511424381792,10.073407750809084,314703180
2006-09-18,10.25164794921875,10.350532846634653,10.122602334570798,10.135705771429953,285333506
2006-09-19,9.98267936706543,10.271422523700052,9.709014199356957,10.270681355683905,573858932
2006-09-20,9.81432819366455,10.0711822184289,9.75549194239856,10.064012860720378,367283528
2006-09-21,10.057831764221191,10.097385336193579,9.885030759630007,9.895907849936203,429287065
2006-09-22,9.981938362121582,10.072665667241143,9.922112939179355,10.011604017559849,186681114
2006-09-25,9.986882209777832,10.122107049953629,9.950295199533498,10.026436732107337,230352192
2006-09-26,10.058327674865723,10.078352467013922,9.932248630186947,10.024459224709135,212369039
2006-09-27,9.960679054260254,10.165865257992891,9.947081505663746,10.044236061378916,235949093
2006-09-28,9.976993560791016,10.061046567614248,9.901841197268332,9.989354881737722,205061752
2006-09-29,9.935462951660156,10.027426487846318,9.923349632881987,10.015313169068149,132932403
2006-10-02,9.924090385437012,10.036818930111673,9.90826933350452,9.93546253560555,146623529
2006-10-03,9.988365173339844,10.04819059369499,9.843745582619615,9.920382171379359,219407321
2006-10-04,10.276616096496582,10.278346435380138,9.96389236656448,10.011357417427185,267470802
2006-10-05,10.180451393127441,10.339408777014112,10.156965922174765,10.251895083652785,232460064
2006-10-06,10.395277976989746,10.430134651099932,10.129524234146572,10.141143441041601,294559960
2006-10-09,10.60540771484375,10.678335628507162,10.467463360213031,10.501578864812261,304468963
2006-10-10,10.54731273651123,10.824189647895313,10.441999665476787,10.66869296797368,393011603
2006-10-11,10.543603897094727,10.627903006591843,10.475867006388619,10.507016888995613,226260915
2006-10-12,10.56684398651123,10.622219566063341,10.481802748882108,10.594531302999824,194486260
2006-10-13,10.563382148742676,10.617769502977414,10.520366945399495,10.574754299634233,145443121
2006-10-16,10.426179885864258,10.610353071404521,10.416043961813205,10.573270999617076,173423607
2006-10-17,10.3987398147583,10.475621576272298,10.301337255570525,10.390333282900706,209221284
2006-10-18,10.365859985351562,10.500342716719816,10.32111444471746,10.456833402864673,241594173
2006-10-19,10.532726287841797,10.617767507773674,10.37228565813405,10.388601766680992,461864718
2006-10-20,11.363608360290527,11.374238395859615,11.213303632957976,11.34679719094885,467662368
2006-10-23,11.885472297668457,11.980896502207132,11.3809129115492,11.428129008628792,606444615
2006-10-24,11.700804710388184,11.813286189640039,11.653834724004643,11.77422672856246,347706422
2006-10-25,12.029350280761719,12.07632027038044,11.745303999050208,11.804139304157749,368877480
2006-10-26,11.992270469665527,12.161856941527095,11.970021225863375,12.056050688656766,282322262
2006-10-27,11.747528076171875,11.995729454340639,11.680533298164658,11.962603122658422,265150137
2006-10-30,11.781396865844727,11.877563196551048,11.619226813719612,11.738135553047996,263508004
2006-10-31,11.776947021484375,11.919588275370238,11.713907031131267,11.81823093600524,252358369
2006-11-01,11.557173728942871,11.844681600912434,11.50179816136557,11.835534849412468,217865564
2006-11-02,11.616753578186035,11.71118767046361,11.529487897167211,11.557175211219565,210253137
2006-11-03,11.66347599029541,11.711682204984045,11.496855161647206,11.67410602526612,197043811
2006-11-06,11.790791511535645,11.857786296251714,11.676579677944153,11.712178466567442,200408375
2006-11-07,11.682512283325195,11.841964710232856,11.662734548375129,11.79079098060375,196618221
2006-11-08,11.742585182189941,11.909206026395202,11.584368976392284,11.627631234955313,319794191
2006-11-09,11.683995246887207,11.853582646097854,11.664959627140915,11.7796665111029,195899538
2006-11-10,11.706738471984863,11.735662012044337,11.626147092201395,11.712424546900992,112287309
2006-11-13,11.89165210723877,11.895113731134494,11.721322605278631,11.740111167681208,174326980
2006-11-14,12.096097946166992,12.112166053821179,11.878550440439088,11.88349534732483,290019003
2006-11-15,12.161114692687988,12.35690707417341,12.161114692687988,12.198196762396373,336083018
2006-11-16,12.259259223937988,12.303262651853705,12.176689494398802,12.237009980640744,204467533
2006-11-17,12.330703735351562,12.352210863703242,12.187566464948517,12.193747599059536,221266263
2006-11-20,12.238245964050293,12.321061801419246,12.178914649771109,12.321061801419246,205748315
2006-11-21,12.599174499511719,12.607826193058154,12.257526315331413,12.275078651593068,338363534
2006-11-22,12.558632850646973,12.681991434131088,12.50350433028483,12.631807820883846,180702789
2006-11-24,12.484219551086426,12.546023307014984,12.459497859400061,12.471859178530597,69567783
2006-11-27,11.983616828918457,12.40461924735055,11.983616828918457,12.39448332381229,294086191
2006-11-28,12.101042747497559,12.109943391195523,11.79276886309398,11.894126209248455,313073093
2006-11-29,11.981144905090332,12.230582535384801,11.92181359060902,12.218222160392827,253558852
2006-11-30,11.985098838806152,12.123290233661688,11.904507464283062,11.969771900395559,223936234
2006-12-01,11.885967254638672,12.073602055643635,11.829108396135625,12.014023687576774,226100315
2006-12-04,11.986087799072266,12.049868956463483,11.850121793111025,11.94035403704207,196730641
2006-12-05,12.039239883422852,12.099559421547795,11.987078874252445,12.049127804696676,164735162
2006-12-06,12.081513404846191,12.172734830018673,11.977931604350452,12.03825114463987,178679233
2006-12-07,11.9314546585083,12.157900917033652,11.926015639495034,12.11908850899311,187271318
2006-12-08,11.967795372009277,12.078793584156562,11.866190969139852,11.914150132871416,159591956
2006-12-11,11.96334457397461,12.086209039279865,11.960130952454325,11.98781921256915,131025281
2006-12-12,11.910195350646973,12.02341801387537,11.873113279032912,11.961368136186925,167866857
2006-12-13,11.84122085571289,12.002157501206524,11.792520529433618,11.982132711561672,187182988
2006-12-14,11.918600082397461,11.95889577610414,11.79845511600296,11.872372203761024,190668002
2006-12-15,11.87360668182373,11.967794664809388,11.862235478257977,11.931454710085935,208410256
2006-12-18,11.440986633300781,11.933926867557119,11.389565845406299,11.928241738751746,321865927
2006-12-19,11.58510971069336,11.601920880028802,11.334683868385678,11.414287026968633,264467588
2006-12-20,11.44345760345459,11.656060207523293,11.429366890263404,11.618979084417589,175366863
2006-12-21,11.277826309204102,11.501554033635918,11.182402087588432,11.475101996406973,279174507
2006-12-22,11.26249885559082,11.33814628315018,11.19204339144554,11.309963908177085,160129965
2006-12-26,11.31070613861084,11.358665303793824,11.238025276094653,11.285737385222044,83282999
2006-12-27,11.570277214050293,11.571514387414622,11.349517021220281,11.371766263705787,169894428
2006-12-28,11.435050964355469,11.583873341425292,11.427387495090626,11.5477794992146,125115211
2006-12-29,11.383631706237793,11.482269534196455,11.368304766932512,11.42368033982642,102751700
2007-01-03,11.559401512145996,11.783622391327967,11.399207906680012,11.520094042292948,309415434
2007-01-04,11.94678020477295,11.96383748134567,11.578186845972299,11.594255898530484,316686586
2007-01-05,12.043936729431152,12.051600199682301,11.819467854873745,11.927994558336522,275914333
2007-01-08,11.954693794250488,12.110190491855723,11.920578288486363,12.05629725025087,190888826
2007-01-09,12.002158164978027,12.070141170027942,11.895855917232058,12.000920991661399,216062832
2007-01-10,12.100054740905762,12.201164086257094,11.916622722398161,11.975706034993085,239634856
2007-01-11,12.353693008422852,12.403877565386445,12.266180273632159,12.29139513355249,289408724
2007-01-12,12.484219551086426,12.484219551086426,12.360613932378728,12.409808366602876,179618741
2007-01-16,12.466422080993652,12.681991252235454,12.442195444147643,12.547260520209328,303890804
2007-01-17,12.293375015258789,12.552700577202103,12.221683322942107,12.444420923979182,268968395
2007-01-18,12.059758186340332,12.273597015348816,12.049869318984365,12.225141849277033,238169384
2007-01-19,12.107222557067871,12.132191308757424,12.032812307226495,12.063466187532603,199878396
2007-01-22,11.886958122253418,12.178914956663638,11.829109142798602,12.175207222715205,216982266
2007-01-23,11.842706680297852,11.98361760855379,11.799197364296104,11.88572093761867,187319498
2007-01-24,12.337624549865723,12.349243756279918,11.947524011453888,11.97620049685658,243280470
2007-01-25,12.06618595123291,12.471861441204304,12.006113469549424,12.385336924466614,255694828
2007-01-26,12.257774353027344,12.30870007667407,12.039980746131796,12.13639317468781,220684089
2007-01-29,12.174464225769043,12.329713859745043,12.125763896412463,12.311173298196572,191744020
2007-01-30,12.220198631286621,12.311172991087057,12.14356298692654,12.212287158904097,167846782
2007-01-31,12.397697448730469,12.48422196651129,12.249617165685262,12.27384475006081,490074058
2007-02-01,11.909454345703125,12.509190957001762,11.904014379691986,12.508943900950099,628695706
2007-02-02,11.903270721435547,11.989795222761936,11.812049316385396,11.930710975778172,252402534
2007-02-05,11.5487699508667,11.816748113183307,11.524789425177714,11.804386793021767,289356529
2007-02-06,11.655564308166504,11.70055784718344,11.551241355089786,11.572007312613055,213673912
2007-02-07,11.61922550201416,11.726515022294883,11.588817733259491,11.713412533965219,165409681
2007-02-08,11.644440650939941,11.711682486412768,11.499079888740177,11.570771572440798,163679219
2007-02-09,11.418490409851074,11.685231430068292,11.408848597930634,11.659769511862132,195072449
2007-02-12,11.32949161529541,11.4308489460172,11.248653185356753,11.388575864406556,231042771
2007-02-13,11.349514961242676,11.440489309590722,11.304028260356006,11.350751187807749,163113105
2007-02-14,11.518363952636719,11.597472059584778,11.352484268076015,11.371766946053818,228806420
2007-02-15,11.40810489654541,11.523305885446762,11.389564336578845,11.520092264111872,162302076
2007-02-16,11.617494583129883,11.622686546051058,11.422691377067519,11.440985828731613,248006116
2007-02-20,11.670892715454102,11.686961769637637,11.488201881598604,11.581153635999813,163313855
2007-02-21,11.763845443725586,11.833558792010303,11.563109090839605,11.615023991266979,226469694
2007-02-22,11.763595581054688,11.971007147344519,11.727503632373772,11.833803976911181,230617182
2007-02-23,11.634305000305176,11.790789900720982,11.564590715442012,11.76112424758772,155886118
2007-02-26,11.493642807006836,11.748764620997465,11.464471261696588,11.688940140656333,159391206
2007-02-27,11.094147682189941,11.366822785729903,11.054593156122476,11.248161100677342,373908266
2007-02-28,11.110956192016602,11.215280090703015,10.95249294928989,11.134687768106021,322496281
2007-03-01,11.08079719543457,11.18437898668678,10.877341346566281,10.943346956518102,348710170
2007-03-02,10.844709396362305,11.09241573188961,10.844709396362305,11.003666766116112,264331078
2007-03-05,10.900826454162598,11.013307938309596,10.803176850644222,10.803670962692735,255156819
2007-03-06,11.311198234558105,11.34704312745345,11.059782299669521,11.06200769692306,302477526
2007-03-07,11.263981819152832,11.4493912289867,11.2306084282867,11.43826613431473,262343656
2007-03-08,11.24123764038086,11.507732528835195,11.225910700899398,11.352482899497659,215316044
2007-03-09,11.19772720336914,11.332211818737779,11.127024691486476,11.322322951753748,199854306
2007-03-12,11.241978645324707,11.254339965716495,11.151993457965425,11.188087301893692,139135567
2007-03-13,10.952248573303223,11.172267627241725,10.947304612063313,11.12727407763104,256048147
2007-03-14,11.075111389160156,11.091427500019748,10.85262086149726,10.957191825991758,321877972
2007-03-15,11.030364990234375,11.120104066263284,10.974742362648927,11.071648902958785,158359353
2007-03-16,10.898355484008789,11.042975095637178,10.8746239038283,11.017017171210966,227212468
2007-03-19,11.056075096130371,11.087472035747387,10.892914944035182,10.957685271456384,208687290
2007-03-20,11.007868766784668,11.065222680033962,10.966336851191164,11.020477143020093,137372985
2007-03-21,11.286478042602539,11.286972154691366,11.006139478734235,11.008363929708842,232801338
2007-03-22,11.422197341918945,11.425410963475203,11.187098443926347,11.26323997687595,228079706
2007-03-23,11.41700553894043,11.455570891305586,11.299580089601795,11.407611730171302,165068406
2007-03-26,11.49537181854248,11.49537181854248,11.26348747948712,11.385362780300005,189118214
2007-03-27,11.46125602722168,11.50105760307387,11.380169592855573,11.459525688545458,150208917
2007-03-28,11.418242454528809,11.506249302250168,11.375473364239111,11.417994451924821,184352418
2007-03-29,11.39450740814209,11.52009136587369,11.248158441359912,11.484245528806804,160137995
2007-03-30,11.326278686523438,11.455818395097344,11.276341186135971,11.423680287334147,135714793
2007-04-02,11.335424423217773,11.335424423217773,11.176962122457152,11.316389750589579,138457033
2007-04-03,11.68325424194336,11.72404499478485,11.470651622731316,11.471887849571196,261046814
2007-04-04,11.644193649291992,11.693141980026315,11.608594863303393,11.671881909474731,151718555
2007-04-05,11.656309127807617,11.670645951588055,11.609585243044235,11.651116217781242,109039179
2007-04-09,11.574726104736328,11.693140709225178,11.50995578285465,11.692645650645922,122943100
2007-04-10,11.532453536987305,11.63850778218504,11.49932720384789,11.547039308713938,119618686
2007-04-11,11.483753204345703,11.604146165198364,11.436288155528237,11.5215764418347,153051532
2007-04-12,11.55445671081543,11.569536595898862,11.42714238379756,11.470651700090322,108721995
2007-04-13,11.527261734008789,11.588569489134402,11.454827938959966,11.580658963727029,112211024
2007-04-16,11.724538803100586,11.791780643643621,11.57324395194759,11.580907422266387,203877329
2007-04-17,11.688196182250977,11.776946084428692,11.658530529521643,11.712917875050339,128885290
2007-04-18,11.767553329467773,11.863717760282439,11.607358790396285,11.650126934670126,227670177
2007-04-19,11.659768104553223,11.914396721630682,11.60884238113773,11.730222612351335,442034667
2007-04-20,11.927498817443848,12.175206091205636,11.916126667452353,12.126257760240915,488283372
2007-04-23,11.843446731567383,11.989796665487685,11.823174885083732,11.868662538369678,227834792
2007-04-24,11.805130004882812,11.865696598347085,11.756180724876177,11.83182909584559,148341946
2007-04-25,11.816500663757324,11.900058610538979,11.770024786046644,11.866190163025015,159266742
2007-04-26,11.89536190032959,11.976200338936035,11.794746673420846,11.819219419544792,165614446
2007-04-27,11.841716766357422,11.925522724536565,11.824907488715048,11.867921746774782,117466650
2007-04-30,11.653092384338379,11.899563409878457,11.653092384338379,11.845176064691554,146193924
2007-05-01,11.594258308410645,11.688445353005037,11.4748545078592,11.673118411846755,146876473
2007-05-02,11.514655113220215,11.645677163263226,11.51341793990042,11.585604684002154,122967190
2007-05-03,11.698827743530273,11.719594649725847,11.502541244453507,11.525531655031843,144306878
2007-05-04,11.646666526794434,11.738629114038565,11.517126810810916,11.621944831210612,158592223
2007-05-07,11.551488876342773,11.688691109928016,11.531712088668078,11.671881834308083,121256803
2007-05-08,11.540117263793945,11.5737386563237,11.488698370705492,11.5233070408165,116639561
2007-05-09,11.600438117980957,11.661746827190711,11.467684775612987,11.523802468112489,156179212
2007-05-10,11.40810489654541,11.60636971442445,11.396980749880424,11.545802181365758,148004686
2007-05-11,11.538387298583984,11.544815488681204,11.396488149549374,11.417006106926392,118205408
2007-05-14,11.415770530700684,11.55742262001548,11.371766158223679,11.507239006798287,155488633
2007-05-15,11.3223237991333,11.434558235543959,11.307738026877045,11.420219519330205,165377561
2007-05-16,11.683499336242676,11.696601824025535,11.347538183854603,11.421207257447767,263150670
2007-05-17,11.64271068572998,11.748022817258581,11.639002952041931,11.679792755484717,187122763
2007-05-18,11.626890182495117,11.685726438233246,11.61279852203574,11.669163270723459,148390126
2007-05-21,11.63381290435791,11.846414579981277,11.537893627079793,11.607359921392694,247295463
2007-05-22,11.763845443725586,11.841716374504298,11.693142924669667,11.693142924669667,154135581
2007-05-23,11.717122077941895,11.950490645415554,11.711683058761626,11.886461481751967,203166675
2007-05-24,11.726020812988281,11.846413776893487,11.656060411305184,11.74629266029301,167569747
2007-05-25,11.953207969665527,11.988559697523888,11.798700463443762,11.858772937941715,214741900
2007-05-29,12.041956901550293,12.157900004908594,11.965075152484152,11.989795899071996,209502334
2007-05-30,12.326005935668945,12.331938120149951,11.940354310189065,11.97743637928806,290918361
2007-05-31,12.308948516845703,12.577667877605695,12.28793550074237,12.37446001878253,358310019
2007-06-01,12.370504379272461,12.48471525858472,12.309441783537821,12.385336260290087,192679513
2007-06-04,12.535394668579102,12.620435902938818,12.3010378719304,12.308948398255176,285104652
2007-06-05,12.826363563537598,12.830319300078125,12.52402375162302,12.601648573528403,419450332
2007-06-06,12.811777114868164,12.874322043993503,12.737860036238294,12.774695047543378,316650452
2007-06-07,12.732916831970215,13.0157278379308,12.669877787063355,12.848858998351007,426813829
2007-06-08,12.743547439575195,12.846140065532358,12.594478933250532,12.761099777701318,255281284
2007-06-11,12.640953063964844,12.81177763663549,12.60782673133054,12.707206675808274,186604829
2007-06-12,12.478535652160645,12.649111271322136,12.438981130882413,12.575937252778273,257742474
2007-06-13,12.490154266357422,12.571734818042765,12.32823033628897,12.535888975822283,282414606
2007-06-14,12.43082332611084,12.50597568464332,12.40264000844268,12.493615311092205,185540856
2007-06-15,12.506223678588867,12.583106381595481,12.391022678810309,12.563081590503106,247889682
2007-06-18,12.736379623413086,12.756155466872894,12.465433908294921,12.513394020327189,194161046
2007-06-19,12.714376449584961,12.787056360304916,12.645898384658109,12.706960035575287,174864989
2007-06-20,12.607086181640625,12.824138639768375,12.584589883206396,12.77988815760043,174178426
2007-06-21,12.709432601928711,12.738602253000948,12.515865614420138,12.632054839503343,177049146
2007-06-22,12.978151321411133,12.978398377439124,12.758626422057013,12.76653789440163,289228049
2007-06-25,13.038471221923828,13.225610962228213,12.938597163293888,13.077035627745422,318188194
2007-06-26,13.10867977142334,13.181359682100524,13.00929982375218,13.169740475729729,228433026
2007-06-27,13.010537147521973,13.05256317851303,12.844163362416515,12.978646093642976,245842035
2007-06-28,12.978894233703613,13.089893398299818,12.948981518800448,12.975680611758223,167360967
2007-06-29,12.921788215637207,13.037977441275055,12.841690943239321,13.003861936364844,155805818
2007-07-02,13.111645698547363,13.147985652116365,12.958868524052386,12.990758629434888,140026895
2007-07-03,13.209541320800781,13.211024603519364,13.04044898403184,13.128455829901405,75152639
2007-07-05,13.389759063720703,13.458238072972405,13.155402281864937,13.239701396192716,198457088
2007-07-06,13.334630966186523,13.445134107076926,13.318067800525222,13.380365673701178,110291857
2007-07-09,13.412751197814941,13.565528383682867,13.355892337835297,13.4236292363527,149751208
2007-07-10,13.43203353881836,13.522512843175067,13.390254564320086,13.443158633121964,154818129
2007-07-11,13.459966659545898,13.510151214121178,13.349710576923835,13.43870753678893,132868163
2007-07-12,13.481228828430176,13.530423270003489,13.354902735135683,13.494331317515584,138179998
2007-07-13,13.650074005126953,13.662682382036468,13.528693766426937,13.545008930421863,210269197
2007-07-16,13.67059326171875,13.80878467320708,13.579618897773495,13.604093537548838,264969462
2007-07-17,13.720282554626465,13.787771448508899,13.655513170297233,13.721272671922897,173792986
2007-07-18,13.58431625366211,13.707921888510674,13.443652393747259,13.692842004845449,244111573
2007-07-19,13.561820983886719,13.683696289176117,13.404841001678838,13.682213006300335,446756299
2007-07-20,12.858006477355957,12.933652951318233,12.595466376184364,12.654797686409545,713556598
2007-07-23,12.669878005981445,12.855040354201828,12.66097830914142,12.830565714604324,255221059
2007-07-24,12.706713676452637,12.82265585082554,12.536384147500893,12.590523499453427,223719424
2007-07-25,12.601895332336426,12.7813706635343,12.498065533127043,12.780382439353659,222631361
2007-07-26,12.558384895324707,12.671856504730947,12.332926852487052,12.576679347883971,276368027
2007-07-27,12.65455150604248,12.771482849223604,12.496582354924286,12.571488612554313,221189978
2007-07-30,12.758872985839844,12.838722248265606,12.620187474604295,12.680012894062699,159126217
2007-07-31,12.607826232910156,12.865916475223772,12.607826232910156,12.860724512504714,171460275
2007-08-01,12.680508613586426,12.768763471276415,12.561846930275694,12.620189074444497,177791919
2007-08-02,12.632796287536621,12.731186121018684,12.583106785417119,12.699791071740718,126669014
2007-08-03,12.43477725982666,12.686934353050141,12.43477725982666,12.60906249051747,127524207
2007-08-06,12.607826232910156,12.611534912934454,12.422417789214617,12.434778162812695,146607469
2007-08-07,12.756649017333984,12.852073224852566,12.584095053826545,12.601647390698057,171211346
2007-08-08,12.997929573059082,12.997929573059082,12.783101553765505,12.8387241895964,163362034
2007-08-09,12.724760055541992,13.023639188406293,12.722287601892114,12.874817735386612,194586635
2007-08-10,12.749974250793457,12.823395323948823,12.499794535265018,12.612276963475233,235888868
2007-08-13,12.743794441223145,12.848859520336182,12.68273278868543,12.843668503679073,127648672
2007-08-14,12.573216438293457,12.790762986108986,12.5583836115589,12.749232017827005,145892800
2007-08-15,12.300047874450684,12.649606597566248,12.279281915990866,12.583105929974122,217191045
2007-08-16,12.150979995727539,12.272360237982252,11.877562790878233,12.163340370390156,347120233
2007-08-17,12.361604690551758,12.38533721653202,12.154193090849176,12.297329414880181,219997525
2007-08-20,12.309196472167969,12.4239033729495,12.261731417144581,12.421430919142045,108296406
2007-08-21,12.524023056030273,12.56234040617791,12.305487319158122,12.334410860440512,144965337
2007-08-22,12.675811767578125,12.76233628674519,12.58928724841106,12.606839586925357,130595677
2007-08-23,12.661968231201172,12.759369843568901,12.533664734098341,12.75615527515132,123529289
2007-08-24,12.731433868408203,12.74502952222716,12.57074427733026,12.672349616112335,99278731
2007-08-27,12.688419342041016,12.792002088790104,12.642438518803266,12.71734383182354,93352602
2007-08-28,12.518831253051758,12.73093880279336,12.503751368837113,12.645650514079033,131446855
2007-08-29,12.679024696350098,12.689407675945604,12.539350003747872,12.55442988777887,102354216
2007-08-30,12.642437934875488,12.741321879162237,12.622166087358664,12.666169513559383,106465569
2007-08-31,12.737613677978516,12.768515560204424,12.644167809775928,12.684463500713774,119550431
2007-09-04,12.982355117797852,13.052810580241426,12.722040396169788,12.731929264078053,148301796
2007-09-05,13.047865867614746,13.089396838656251,12.91066268449103,12.939091166617287,133012703
2007-09-06,12.942058563232422,13.098049362359568,12.811530627035099,13.086430156320029,145579631
2007-09-07,12.838971138000488,12.885695022555604,12.775933034723964,12.802138014769422,147093283
2007-09-10,12.718578338623047,12.906213140418373,12.629582316779208,12.886682461314107,129515644
2007-09-11,12.887919425964355,12.895829951948524,12.749480015079737,12.780628953521889,108549350
2007-09-12,12.920550346374512,13.052315454410659,12.830318101697385,12.86814133833844,119887690
2007-09-13,12.9732084274292,13.03328091016121,12.93464307294757,12.955409033053062,75927532
2007-09-14,13.07135009765625,13.108926278183723,12.90992122829193,12.934146917594388,111010541
2007-09-17,12.986062049865723,13.084451877904904,12.955655226451903,13.01646887327954,88229471
2007-09-18,13.232531547546387,13.281479876586028,12.960598594889559,13.016221222783573,169260059
2007-09-19,13.518803596496582,13.583077915296956,13.321280896452508,13.33141681889536,221904647
2007-09-20,13.66663932800293,13.764782109567816,13.498535193595115,13.52251382964189,221828362
2007-09-21,13.846360206604004,13.86341843149241,13.666637831227389,13.753408452118036,321669193
2007-09-24,14.042153358459473,14.127194586113376,13.843888531284259,13.868609279065444,212674178
2007-09-25,14.06637954711914,14.080224150806037,13.914592484380961,13.942773910674294,109633398
2007-09-26,14.045614242553711,14.135352375742915,13.938076716344352,14.100989816424809,134345680
2007-09-27,14.029297828674316,14.13411679678848,13.986777685560682,14.133868794172812,82560301
2007-09-28,14.023612022399902,14.079976766823423,13.945740151417978,14.016937723321371,105975740
2007-10-01,14.401351928710938,14.44585041040082,14.081458865742805,14.090359508655588,189158364
2007-10-02,14.446840286254883,14.753877931752596,14.338560642190817,14.421871534769872,283759629
2007-10-03,14.43769359588623,14.560558073879367,14.347214285618415,14.492822119205519,155761653
2007-10-04,14.314332962036133,14.464143566876976,14.265632635949313,14.464143566876976,119915795
2007-10-05,14.685647010803223,14.733854175228773,14.51160975720438,14.514082210736417,203507949
2007-10-08,15.070554733276367,15.086375783583422,14.683172804715795,14.70913072397931,201873847
2007-10-09,15.208006858825684,15.420609466517881,15.040149791548165,15.206276519973574,352026555
2007-10-10,15.46041202545166,15.467580437353645,15.248056460351581,15.360785014665476,216231462
2007-10-11,15.376605987548828,15.856445638833206,15.055230550368819,15.664361923317045,473729022
2007-10-12,15.757065773010254,15.782033578299028,15.283653391212242,15.425554429648775,273971076
2007-10-15,15.32988166809082,15.818125914086766,15.217154071099621,15.783764301034642,278793083
2007-10-16,15.228278160095215,15.473512034294476,15.129145271251673,15.289832974744655,241915372
2007-10-17,15.660405158996582,15.673259645558236,15.366470001444457,15.585499850816653,242124152
2007-10-18,15.812192916870117,15.85545517345334,15.537293384102377,15.7081170129815,493410518
2007-10-19,15.938023567199707,16.278682592633256,15.90143655728252,16.181528046325678,633927242
2007-10-22,16.087339401245117,16.192405415554504,15.729623112337375,15.788707363546227,267575192
2007-10-23,16.705867767333984,16.751106475536073,16.31601331716041,16.34691520174288,272766578
2007-10-24,16.70709991455078,16.747889710705458,16.305131296805943,16.630215332659304,297278110
2007-10-25,16.52638816833496,16.784973480573356,16.403770757921542,16.777804122805975,232688918
2007-10-26,16.676942825317383,16.724901985793814,16.515264057583277,16.662850219207307,134658850
2007-10-29,16.791400909423828,16.81043652947888,16.614891205649293,16.755308010731675,123111730
2007-10-30,17.17557144165039,17.30263776434571,16.748881976565876,16.748881976565876,277058606
2007-10-31,17.4779109954834,17.4779109954834,17.20696529055906,17.32191923901252,276103037
2007-11-01,17.384218215942383,17.644037895937455,17.348867427666576,17.373836181834072,262066622
2007-11-02,17.58297348022461,17.640574450359928,17.23910178445851,17.564679975510956,234535815
2007-11-05,17.9389591217041,18.052182718617534,17.454918637165054,17.477661043066053,356679932
2007-11-06,18.337961196899414,18.337961196899414,17.922893788676635,18.233391176052635,338716853
2007-11-07,18.119176864624023,18.472690352773782,17.876908628200827,18.32164352567029,332180444
2007-11-08,17.152576446533203,18.16738220942752,16.740721768033502,18.160214745337424,662963671
2007-11-09,16.414154052734375,16.856910626451253,16.34592304841438,16.70611179597737,457231416
2007-11-12,15.625547409057617,16.56149316941418,15.480681700964956,16.26014160037836,410625377
2007-11-13,16.32961082458496,16.338758525043293,15.625549312456835,15.944947369902238,339082217
2007-11-14,15.863119125366211,16.69894378975947,15.7293775618626,16.644309381363254,325001637
2007-11-15,15.565722465515137,16.00699671555581,15.426047778082166,15.786236535808747,279752666
2007-11-16,15.664113998413086,15.710094819146677,15.228772858236294,15.671777468535351,363067785
2007-11-19,15.471781730651855,15.741738246886117,15.290081012084904,15.564239374001088,221924722
2007-11-20,16.032705307006836,16.29376306383366,15.645324303596317,15.734568322173322,395099399
2007-11-21,16.328866958618164,16.562483527988245,15.87300786343337,15.914785891592453,281591533
2007-11-23,16.728857040405273,16.767916504922773,16.516502439061345,16.56322348039652,109958613
2007-11-26,16.464340209960938,17.14170158707504,16.439617568501188,16.815381272673033,272622038
2007-11-27,16.651477813720703,16.722181273193957,16.075225782174783,16.68188558318169,357515050
2007-11-28,17.1135196685791,17.163951286600714,16.616128630399974,16.86259969845251,317846919
2007-11-29,17.23069953918457,17.373834914010715,17.002520090292006,17.076190120527095,249250764
2007-11-30,17.13181495666504,17.578280311143885,16.862601451846736,17.576797974681668,317003771
2007-12-03,16.8482608795166,17.181256464865072,16.838619067548212,17.082617680457265,173652461
2007-12-04,16.91327476501465,17.107089733515974,16.739237529558178,16.768657073112987,169906473
2007-12-05,17.268024444580078,17.27840836968024,16.99584444538679,17.12513519849351,169015145
2007-12-06,17.68210792541504,17.714246036084273,17.230945721838392,17.250475454971276,197096005
2007-12-07,17.672466278076172,17.749844989763858,17.564435578011434,17.67543284380941,154661545
2007-12-10,17.760229110717773,17.917951225214576,17.65096217099226,17.700157567421513,154826159
2007-12-11,17.285083770751953,17.82376059814515,17.27470173757059,17.797803622042007,246484434
2007-12-12,17.288793563842773,17.65887028539313,17.020568304930457,17.650960705264847,247287433
2007-12-13,17.15776824951172,17.246024991123537,16.840349534056028,17.2136388807661,202387766
2007-12-14,17.05666160583496,17.297447556259904,16.989914819549053,16.99609595399678,147490767
2007-12-17,16.544187545776367,17.191635189495468,16.40673732362522,17.008204153675557,220262515
2007-12-18,16.646041870117188,16.729103816316133,16.130603447738697,16.66606571524417,287742502
2007-12-19,16.745418548583984,16.79807460899936,16.538501093659132,16.667299627286074,177506855
2007-12-20,17.049985885620117,17.08237200018668,16.825518893632733,16.95456356033731,177551020
2007-12-21,17.223033905029297,17.28656801038538,17.1377456159829,17.25245345202672,216086922
2007-12-24,17.322906494140625,17.322906494140625,17.133296194289894,17.181007352651232,65380146
2007-12-26,17.572839736938477,17.631675041581232,17.26061013871752,17.279891867843798,101579322
2007-12-27,17.323152542114258,17.700398544128213,17.323152542114258,17.47963838426969,118141168
2007-12-28,17.367406845092773,17.501396421606827,17.219328447107916,17.426738162600834,102892225
2007-12-31,17.094236373901367,17.366416391593575,17.071986186117066,17.269509847536504,95404263
2008-01-02,16.938737869262695,17.239843304885085,16.75431859918587,17.12859805114071,172921733
2008-01-03,16.942197799682617,16.979774923405774,16.724404205824822,16.940469354221424,130587647
2008-01-04,16.241846084594727,16.83416711640752,16.19240459318336,16.802771125690487,215195594
2008-01-07,16.050256729125977,16.372376133700527,15.756075479785093,16.166200783276807,257096061
2008-01-08,15.615907669067383,16.31502419639983,15.599096499551186,16.14296339092134,214364490
2008-01-09,16.14790916442871,16.151369842303094,15.389214228115,15.575364810374923,270598482
2008-01-10,15.987963676452637,16.24679513727603,15.824309382665271,15.945443528631591,254317685
2008-01-11,15.77832317352295,16.05569703015384,15.57709273751338,15.888333146064184,199826201
2008-01-14,16.16323471069336,16.25173756407931,15.951374225558522,16.096982045243944,178566813
2008-01-15,15.7634916305542,16.045314411525922,15.707374887653348,15.967441592469056,223562839
2008-01-16,15.227042198181152,15.821341680161153,14.880450956713675,15.548913635984796,423983259
2008-01-17,14.85226821899414,15.469062052647638,14.78354215402173,15.34595053126052,329903943
2008-01-18,14.838919639587402,15.079704625671296,14.794421154296774,15.03940893286504,342864341
2008-01-22,14.445850372314453,14.770934450668587,13.87355313849596,13.89407204053911,381484558
2008-01-23,13.562561988830566,14.041659512218292,12.83031910198041,13.86144111826686,681171664
2008-01-24,14.202099800109863,14.330650346729596,13.699023654637726,13.814224655884072,377445475
2008-01-25,14.002104759216309,14.709131778175648,13.996665740335152,14.63027073727294,279684411
2008-01-28,13.744510650634766,14.146477463331996,13.562067806627022,14.115081467430528,233540097
2008-01-29,13.609533309936523,13.876769394757828,13.366028804932924,13.855509322056074,252262009
2008-01-30,13.553909301757812,13.854518748085706,13.436235852503925,13.57665265505567,318774383
2008-01-31,13.950188636779785,14.165263667651091,13.20830501211066,13.324988332594762,597081651
2008-02-01,12.753683090209961,13.26714316081025,12.607827262176155,13.06937243422163,706658840
2008-02-04,12.247640609741211,12.676553567874256,12.176442086671448,12.584837087613167,528256642
2008-02-05,12.528719902038574,12.583106306678303,12.076815602417081,12.099311900326226,449811709
2008-02-06,12.402888298034668,12.636751927563257,12.309442425900587,12.636009812857493,306600924
2008-02-07,12.482985496520996,12.711410105423449,12.231076364991171,12.282991263963291,318344779
2008-02-08,12.773212432861328,12.798922352026155,12.575689714918552,12.59324110555786,274179856
2008-02-11,12.883715629577637,12.946754674284666,12.69187993251229,12.867894577679904,233913491
2008-02-12,12.807822227478027,13.11708432302155,12.68273236093886,12.938844278607437,267490877
2008-02-13,13.216464042663574,13.225610795289931,12.82265483479244,12.91684281713053,265981240
2008-02-14,13.157875061035156,13.3751745698958,13.126973178482732,13.308674846960205,260039050
2008-02-15,13.093353271484375,13.168011526122598,12.962084159039915,13.060473992718036,210389647
2008-02-19,12.581870079040527,13.227341363049836,12.521303487202792,13.224374797466973,254968114
2008-02-20,12.583105087280273,12.632794582693995,12.331443042329154,12.447385198294501,267486862
2008-02-21,12.431319236755371,12.687184117786682,12.348256340721326,12.67828347378937,227963272
2008-02-22,12.55344295501709,12.583107667481043,12.300049572872236,12.411542850330962,221462998
2008-02-25,12.025394439697266,12.521302109832028,12.008089160175903,12.507704563593958,336167332
2008-02-26,11.475348472595215,11.531713222254925,11.046682558328998,11.401432330932845,934983461
2008-02-27,11.689682006835938,11.754698449128687,11.362866616764638,11.374979935519848,406393575
2008-02-28,11.752225875854492,11.84369435227194,11.553714926657182,11.6313397455775,264463573
2008-02-29,11.648148536682129,11.85976291300743,11.48671966480764,11.665206761732264,378429149
2008-03-03,11.298097610473633,11.686220775505666,11.127273022211167,11.656309008252588,303312645
2008-03-04,10.991058349609375,11.207615726775233,10.773016743195349,11.148038310397844,546910299
2008-03-05,11.067694664001465,11.227640253302063,10.97622619128863,11.007127126720432,298578968
2008-03-06,10.696876525878906,11.206133772513722,10.659300345730834,11.06744731111325,299923991
2008-03-07,10.712944984436035,10.87734136958237,10.537177395749968,10.602440891167756,324082204
2008-03-10,10.225194931030273,10.654849986770138,10.210857161829027,10.601204750489538,320701579
2008-03-11,10.873385429382324,10.881048899134335,10.497869732084858,10.512949615560562,354399416
2008-03-12,10.881791114807129,11.072145436515642,10.829630104266261,10.877589268771544,267073318
2008-03-13,10.951751708984375,11.04989637539944,10.599969472646121,10.696134851056538,310222448
2008-03-14,10.825921058654785,11.108237963294307,10.645456557715894,10.95101092909315,263961699
2008-03-17,10.379703521728516,10.721844897299366,10.187866874708465,10.580438918988547,316710676
2008-03-18,10.856575965881348,10.898107885636616,10.519625596398184,10.60491388689388,290573072
2008-03-19,10.679572105407715,11.062751297945363,10.671413576481557,10.904783094985296,248086416
2008-03-20,10.717888832092285,10.771039955312455,10.32111400761765,10.56387637454856,398022314
2008-03-24,11.385608673095703,11.514654265364555,10.82097587424907,10.838528210270322,271554050
2008-03-25,11.14383602142334,11.309220627109928,11.025668460825486,11.30897357108234,234138331
2008-03-26,11.327020645141602,11.442715758699245,11.107001621946692,11.188582177168337,209811488
2008-03-27,10.978204727172852,11.09019211418608,10.889456701306475,11.02566978054533,234162421
2008-03-28,10.829876899719238,11.212808058346091,10.736677144245421,11.061761223281415,175704123
2008-03-31,10.888959884643555,10.943841348515953,10.679818901955223,10.769557038513199,178522648
2008-04-01,11.512923240661621,11.532452971826283,11.047175311541583,11.06868338402721,244637537
2008-04-02,11.512677192687988,11.760878591343976,11.381408081811914,11.616506991012137,240859429
2008-04-03,11.251127243041992,11.453098872111257,11.078325265525182,11.41453446485858,272152284
2008-04-04,11.645923614501953,11.812545389162219,11.277824341547896,11.297848184736761,236772166
2008-04-07,11.787577629089355,12.000674350871902,11.70624412967373,11.792768645694673,238631108
2008-04-08,11.564838409423828,11.72132331847204,11.421455042419907,11.694131063699524,182561731
2008-04-09,11.475348472595215,11.668421357223755,11.310953021475065,11.597471781332949,242830791
2008-04-10,11.596234321594238,11.714401881214746,11.417499226147992,11.494382871982612,203656504
2008-04-11,11.30872631072998,11.551241614532932,11.248406778095548,11.472380574691746,167413162
2008-04-14,11.1655912399292,11.308726605657329,11.128262115093838,11.301557247925738,154280120
2008-04-15,11.046435356140137,11.364844220542535,10.96930464709987,11.32553864445167,183790319
2008-04-16,11.248902320861816,11.329246653635348,10.902064017525529,10.986115137692186,306372069
2008-04-17,11.113182067871094,11.356191486478936,11.038523819299908,11.263733845143111,536122013
2008-04-18,13.334879875183105,13.539819024969901,12.972960740543037,13.231051018703544,732158060
2008-04-21,13.294830322265625,13.413492946164686,13.109420918998199,13.334384845756931,298703433
2008-04-22,13.720282554626465,13.86440804177252,13.289144213096264,13.289391269132945,318730218
2008-04-23,13.509904861450195,13.826831362955904,13.372949683738529,13.792962915925987,197597880
2008-04-24,13.424616813659668,13.707674873123462,13.349958563206448,13.628567720941744,166023975
2008-04-25,13.449832916259766,13.670840160365469,13.416953638613997,13.572450330040606,167200368
2008-04-28,13.649085998535156,13.765028166609742,13.324743069967086,13.494825533628058,160945009
2008-04-29,13.80606460571289,13.927940847859158,13.596923630053638,13.617195476597885,174491595
2008-04-30,14.197154998779297,14.458459832957685,13.806065283385347,13.898522930950158,317304895
2008-05-01,14.661667823791504,14.70740253591371,14.263408746588086,14.296535081248006,265101957
2008-05-02,14.37020492553711,14.893305864350442,14.32100953627313,14.795409197905832,281001329
2008-05-05,14.706660270690918,14.808017615142072,14.514576564208255,14.804556937399553,252181709
2008-05-06,14.4955415725708,14.634968262285712,14.412476789395747,14.610246566820226,185866070
2008-05-07,14.313591957092285,14.820129687560154,14.250058803408631,14.59220015630817,265511486
2008-05-08,14.412723541259766,14.568221175566515,14.311367147742448,14.491585530418112,205684075
2008-05-09,14.170208930969238,14.461919625450417,14.123238941934272,14.313592298073095,180068420
2008-05-12,14.46043586730957,14.505181406980636,14.064155146642095,14.208527689134755,195285244
2008-05-13,14.412476539611816,14.53484689490923,14.30246750512034,14.49232675319833,207314163
2008-05-14,14.246845245361328,14.614944544966049,14.220888269485377,14.498755320334533,175688063
2008-05-15,14.36303424835205,14.411240462447198,14.229785862388617,14.313591807587194,174359100
2008-05-16,14.340044975280762,14.454009756261826,14.29678271500884,14.373666369963905,171604815
2008-05-19,14.27700424194336,14.55783689665711,14.17811935771566,14.302467104364865,225020282
2008-05-20,14.303703308105469,14.399621626720856,14.16303945166128,14.205560538687312,133040807
2008-05-21,13.596428871154785,14.373170154202215,13.54451397711174,14.301725529210204,259693761
2008-05-22,13.583327293395996,13.700753697736669,13.35564573626063,13.644884006607002,203813089
2008-05-23,13.463676452636719,13.670840037603607,13.295325276168555,13.521524481331758,177924414
2008-05-27,13.86613655090332,13.90816352513324,13.444640047672529,13.47208125091867,155199554
2008-05-28,14.047592163085938,14.127936490712944,13.871082455605134,14.040175749049984,162623276
2008-05-29,14.412476539611816,14.483674112606627,14.170209229067984,14.209515749204785,194526410
2008-05-30,14.481697082519531,14.58354853762476,14.370451818488055,14.424096109043106,129491554
2008-06-02,14.214706420898438,14.43447837509396,14.122496781891812,14.400115816167947,147518872
2008-06-03,14.02435302734375,14.350674281530113,13.858969369304093,14.251788450623,172857493
2008-06-04,14.145983695983887,14.288872018608508,13.956371489149783,13.975654166673158,135032244
2008-06-05,14.494056701660156,14.53707190085274,14.24461909343815,14.266127166321846,157255230
2008-06-06,14.016937255859375,14.356112042054882,14.016937255859375,14.332132462857937,190089843
2008-06-09,13.791232109069824,14.091101342738074,13.482959183865413,14.04314218128604,212324874
2008-06-10,13.6997652053833,13.814719153799485,13.517075304045443,13.585799481157647,146844353
2008-06-11,13.47801399230957,13.77813027567856,13.459720487105775,13.750937073904028,153087667
2008-06-12,13.669605255126953,13.794447123245265,13.519546632135782,13.566023458872172,220487355
2008-06-13,14.12843132019043,14.232013119339758,13.877016291467825,13.880724025386638,248303226
2008-06-16,14.160568237304688,14.316063977653489,14.004577438320194,14.004577438320194,142243171
2008-06-17,14.077752113342285,14.290602725638992,14.051053022467618,14.248081635758084,139035192
2008-06-18,13.902725219726562,14.066132434609182,13.823123008433313,13.955381285007745,135754943
2008-06-19,13.848832130432129,13.937334979864639,13.616699809123311,13.728935181614835,228176066
2008-06-20,13.508421897888184,13.769230717401818,13.460957795609033,13.769230717401818,240221045
2008-06-23,13.478261947631836,13.674548436986951,13.399400905502484,13.481969681235887,145981130
2008-06-24,13.406323432922363,13.626095394052458,13.228330445710327,13.476531835724462,187604562
2008-06-25,13.62139892578125,13.789503050973375,13.440191364595192,13.472329474749495,165506041
2008-06-26,13.073081016540527,13.471340083173844,13.059237359221317,13.450822126520771,227228528
2008-06-27,13.054537773132324,13.102250819155433,12.73365651103128,13.044897856045086,218716743
2008-06-30,13.013750076293945,13.300021772639306,12.930687183429828,13.163314587808202,151176531
2008-07-01,13.219184875488281,13.268380267714823,12.780877140767057,12.844658306079468,199139637
2008-07-02,13.029077529907227,13.358858529936978,13.004850893068586,13.263187262768177,169553154
2008-07-03,13.275300979614258,13.330429496892634,13.04044914176422,13.124006140488707,96379907
2008-07-07,13.446125984191895,13.571956080538083,13.240691777380013,13.406324402246504,170845981
2008-07-08,13.708663940429688,13.724980050752183,13.349464350454149,13.497543676933248,198035514
2008-07-09,13.38778305053711,13.737094755102424,13.367511201959713,13.615465556787896,166782808
2008-07-10,13.363556861877441,13.58431801971526,13.120053294144238,13.47307274457395,173917451
2008-07-11,13.196191787719727,13.337102699531965,12.840947942749406,13.26293951011359,200002860
2008-07-14,12.895089149475098,13.35094824911409,12.742559021114907,13.324743270347165,177655409
2008-07-15,12.758378982543945,13.040448804643791,12.387807257169262,12.763075886659049,243750224
2008-07-16,13.240692138671875,13.262941382611038,12.622661055581046,12.707702294667975,190398997
2008-07-17,13.18729305267334,13.276537078394675,12.966285804453198,13.205093393184043,352813493
2008-07-18,11.898821830749512,12.335398215070262,11.82144407464707,12.31982422007175,453389067
2008-07-21,11.589314460754395,11.967301709397576,11.512677861064798,11.887946546501679,236944811
2008-07-22,11.794747352600098,11.872372174066976,11.510205043713107,11.537893306190579,188363396
2008-07-23,12.094120025634766,12.292136859889276,11.819219541694778,11.90599205892103,196497772
2008-07-24,11.757911682128906,12.283238006051635,11.757911682128906,12.279035213717881,142166886
2008-07-25,12.162351608276367,12.19078103890047,11.90327311086518,12.026631698744374,127817302
2008-07-28,11.794994354248047,12.165071062781584,11.74579896363432,12.165071062781584,126873778
2008-07-29,11.943075180053711,12.045667811909372,11.816750021271455,11.848886240526316,112532223
2008-07-30,11.932938575744629,12.0150132444982,11.688444908377912,12.002158757528594,140151360
2008-07-31,11.711682319641113,11.888192016921973,11.654576408151682,11.731707109668445,115033564
2008-08-01,11.56607437133789,11.6985806549286,11.433569980896927,11.681028317059383,120766974
2008-08-04,11.445930480957031,11.693389766404819,11.418737277708907,11.572502688055547,99852875
2008-08-05,11.862483024597168,11.868169099902484,11.528251220700701,11.559401106858077,143917423
2008-08-06,12.022923469543457,12.107717645823358,11.681028201415634,11.8258948582632,135538133
2008-08-07,11.844436645507812,11.96507666813665,11.777441861385704,11.915633275548283,111367875
2008-08-08,12.237255096435547,12.255549546851464,11.759640922440092,11.869897950662068,150132633
2008-08-11,12.381380081176758,12.580139017231003,12.157405339117334,12.174463563525883,170207597
2008-08-12,12.425137519836426,12.51215709496622,12.311173690798052,12.410057635451476,110641162
2008-08-13,12.361355781555176,12.448126396801383,12.209319783071518,12.400168186504997,145563571
2008-08-14,12.49633502960205,12.548744040606596,12.268899591668191,12.303757211373833,117181585
2008-08-15,12.61153507232666,12.624143448678876,12.496581135317225,12.533416147131796,142359606
2008-08-18,12.31859016418457,12.607827478514102,12.249617038776517,12.60387268865388,133855851
2008-08-19,12.125763893127441,12.31809465014828,12.030092626687562,12.124032607730854,122316761
2008-08-20,11.989798545837402,12.278789778830149,11.929726058204112,12.230088496370561,159881036
2008-08-21,12.027620315551758,12.110931208615458,11.848144042839364,11.93837629127195,141090868
2008-08-22,12.1279878616333,12.2340421033602,12.10054760446246,12.150484158570837,92232419
2008-08-25,11.940600395202637,12.28645041396236,11.90327127310775,12.017236980633363,80874004
2008-08-26,11.721818923950195,11.9517258659918,11.633563123605448,11.9517258659918,132823998
2008-08-27,11.583873748779297,11.73838125929688,11.49141610917509,11.711187112032563,176141757
2008-08-28,11.712425231933594,11.77842989767215,11.627136942927779,11.680534177962596,121642242
2008-08-29,11.453099250793457,11.643947684738794,11.42936767115134,11.612798744078942,154504960
2008-09-02,11.501553535461426,11.920084475175123,11.406871432714633,11.786341958437506,245376296
2008-09-03,11.480785369873047,11.725031962338635,11.361382529656352,11.587581726713816,173230887
2008-09-04,11.1309814453125,11.451863707399022,11.109721373256548,11.371766433256967,194666935
2008-09-05,10.98240852355957,11.185369335158995,10.879319886942627,11.013062406305428,182051827
2008-09-08,10.381680488586426,11.197233260835608,10.322349178933637,11.174489907660313,362068052
2008-09-09,10.3497896194458,10.688966314577648,10.259310317199562,10.461282883044818,290267933
2008-09-10,10.238544464111328,10.493667186027873,10.127793324279777,10.493419183441285,250005583
2008-09-11,10.722833633422852,10.755959965810503,10.046213433180432,10.094913761075397,259826256
2008-09-12,10.819494247436523,10.926535769542516,10.605407416925196,10.63532012829712,242023777
2008-09-15,10.725553512573242,10.926042816848819,10.474633535443436,10.48180289400713,263680649
2008-09-16,10.949774742126465,11.10675376070958,10.518636423925745,10.530254683045067,280676114
2008-09-17,10.246702194213867,10.85608052815075,10.220745220823883,10.83976441881069,366444394
2008-09-18,10.854598045349121,10.857070498835036,10.148065117929113,10.448180457715857,344863807
2008-09-19,11.103541374206543,11.422939412283515,10.958427654626334,11.396488323075475,401740198
2008-09-22,10.633590698242188,11.226653013391767,10.605408323260825,11.226653013391767,176952786
2008-09-23,10.61208438873291,10.896872833167471,10.524323635173785,10.710474232847028,208948265
2008-09-24,10.756453514099121,11.000946204595746,10.632847887481066,10.638533015549775,170316002
2008-09-25,10.867453575134277,11.124553716691768,10.777962495674577,10.848665010938516,201564693
2008-09-26,10.655838966369629,10.8071328611106,10.40837969496414,10.580686604347614,212493504
2008-09-29,9.41878890991211,10.469688612540876,9.411619552007176,10.370803724384444,432129680
2008-09-30,9.901347160339355,10.508500150853866,9.698632475543215,9.789112726274498,123914728
2008-10-01,10.178224563598633,10.308258385182725,9.965127855728111,10.16413385095422,250326782
2008-10-02,9.653392791748047,10.135210750611837,9.542395531384273,10.130513846193312,240293315
2008-10-03,9.564892768859863,10.197508683053906,9.469962660719176,9.822982107217465,320914374
2008-10-06,9.176767349243164,9.294934909051042,8.829434027445755,9.245245410868975,450506303
2008-10-07,8.553791046142578,9.269964703629354,8.537969997217811,9.229174908232318,443833384
2008-10-08,8.358495712280273,8.874675360647126,8.061841949653623,8.1619630796598,474829130
2008-10-09,8.132791519165039,8.617081055327887,7.952078994653981,8.516959925474426,324210683
2008-10-10,8.207449913024902,8.451942664278816,7.670999353454232,7.74170235360826,425500926
2008-10-13,9.419283866882324,9.442275225447519,8.547366244757091,8.79556765812857,357555200
2008-10-14,8.966636657714844,9.752524667825542,8.825478697515482,9.728545089580912,312559174
2008-10-15,8.384699821472168,8.874922439387001,8.376295182997149,8.767384905517035,269863738
2008-10-16,8.727088928222656,8.813119331147979,7.649737649505614,8.226237237138811,652022815
2008-10-17,9.209647178649902,9.542395695735115,8.987402758333504,9.368358440341428,572104380
2008-10-20,9.377257347106934,9.418294208082362,8.88950718710515,9.387887383061862,271148536
2008-10-21,8.967625617980957,9.487512857959036,8.949084112133333,9.20593811219759,232146894
2008-10-22,8.792600631713867,9.139191865266225,8.504103538525806,8.825232854269695,263383540
2008-10-23,8.709784507751465,8.850200368007082,8.35552886904966,8.742663785267316,260127380
2008-10-24,8.387666702270508,8.664049543063138,8.027973908864906,8.070741110712458,295463334
2008-10-27,8.145398139953613,8.479382893313533,8.049232756564509,8.276915255976194,248957670
2008-10-28,9.11595344543457,9.129797101667867,8.121171499592126,8.381733247559787,325431241
2008-10-29,8.850199699401855,9.17157603630882,8.71101912984395,9.04277844552809,391726805
2008-10-30,8.891980171203613,9.196298335333914,8.859347946682384,9.10878558887465,320753774
2008-10-31,8.883822441101074,9.195309012097457,8.757991396534885,8.804714334855596,298044974
2008-11-03,8.565658569335938,8.973559423185078,8.44056870911459,8.839817869263971,239072757
2008-11-04,9.071208000183105,9.205196608950823,8.54118385620117,8.737471285083528,295097969
2008-11-05,8.460592269897461,9.119165913982505,8.4376018644214,8.95279216447268,278901487
2008-11-06,8.188167572021484,8.514486975367326,8.05442505288911,8.404477929578661,344277618
2008-11-07,8.186187744140625,8.433647944728405,8.042556382740354,8.235135125139504,187953866
2008-11-10,7.880634784698486,8.144163137838781,7.6504798237991505,8.108564347941797,324415448
2008-11-11,7.699674129486084,7.819324977172187,7.429224442009525,7.631197011488964,407385278
2008-11-12,7.193878173828125,7.7251376775562965,7.113782315703647,7.467048814924792,403550960
2008-11-13,7.715000629425049,7.737745401976779,6.921943697974503,7.212912745224029,531372276
2008-11-14,7.664076328277588,8.034152547614553,7.479655622059971,7.496713374281245,382110897
2008-11-17,7.41933536529541,7.667537223721161,7.365691076753555,7.490532464124107,302883041
2008-11-18,7.352588653564453,7.508579936742579,7.054203635580905,7.455182227029614,335095329
2008-11-19,6.926393508911133,7.421065450195142,6.886839934583013,7.3024042539233855,314558640
2008-11-20,6.416642189025879,6.994625063062229,6.403787702317357,6.795619055946896,392642224
2008-11-21,6.4875922203063965,6.659157469863311,6.113559369340496,6.489569141625467,411315956
2008-11-24,6.364233016967773,6.6734955835896,6.1558332061446785,6.656438778186638,403695499
2008-11-25,6.972623348236084,7.086588595884979,6.608479309596054,6.642100229038877,432462924
2008-11-26,7.220824241638184,7.304134656392785,6.828003271436888,6.928866022743621,255217044
2008-11-28,7.242331504821777,7.328609438852076,7.126636389905261,7.1834957231870185,103004645
2008-12-01,6.575599670410156,7.104386652930071,6.575352614383223,7.087082318721778,229304279
2008-12-02,6.801058292388916,6.867064379910882,6.491301595951227,6.66805789315114,234463545
2008-12-03,6.907853126525879,6.9555652334996845,6.559531554532469,6.671024350405163,237077306
2008-12-04,6.782022476196289,7.008220724483802,6.644325185881238,6.83616134888342,196196647
2008-12-05,7.02058219909668,7.026761912847175,6.526898938404385,6.6999479617651225,261825722
2008-12-08,7.468531131744385,7.649737746204132,6.97138764139891,7.1689103669645355,326993073
2008-12-09,7.563954830169678,7.8613511237609135,7.342452065100219,7.359263233721479,276629001
2008-12-10,7.634410381317139,7.784715104077138,7.527861552969452,7.644793360534425,210265182
2008-12-11,7.421807765960693,7.734778531345744,7.361982817517597,7.51945642432149,248094446
2008-12-12,7.805975914001465,7.823528251515415,7.268041684175701,7.31031524385883,229741913
2008-12-15,7.680144786834717,7.873464713481484,7.542694547113402,7.762713090478667,270526212
2008-12-16,8.041321754455566,8.145645660700033,7.69497711988262,7.775321918997754,283442445
2008-12-17,7.793120861053467,7.963450388278709,7.723407512820501,7.8771733991586235,232456049
2008-12-18,7.670502662658691,7.9194456833316575,7.641579596240043,7.829213440155874,191254191
2008-12-19,7.667784214019775,7.856159228812514,7.638860200595553,7.688055113745848,225345496
2008-12-22,7.344924449920654,7.651219963725797,7.184730863487457,7.627982498938085,157291365
2008-12-23,7.367420673370361,7.498195660265303,7.334046812658931,7.426999037322376,151674390
2008-12-24,7.4892964363098145,7.573100962176386,7.376319895235398,7.452956010206923,77148090
2008-12-26,7.425269603729248,7.546403267851287,7.374590929789318,7.516984666320083,78657728
2008-12-29,7.352588653564453,7.450484375823646,7.208216577227604,7.421808362654357,148631025
2008-12-30,7.493251800537109,7.584719797153127,7.384478996638343,7.436145415887894,154316255
2008-12-31,7.605486869812012,7.688302706413632,7.480891584267608,7.520198579613369,115904817
2009-01-02,7.943426132202148,7.955786506606972,7.552336427023717,7.628971600250987,144961322
2009-01-05,8.1097993850708,8.188661379693329,7.787188201026861,7.9355155412421405,196293007
2009-01-06,8.25837516784668,8.424996023450609,8.068762953278037,8.231676074802145,257971329
2009-01-07,7.960483551025391,8.180501626970345,7.879892640078224,8.116474356345345,180453860
2009-01-08,8.03909683227539,8.03909683227539,7.845035253307572,7.868274140286051,144567852
2009-01-09,7.788917541503906,8.096203183915389,7.747633153322457,8.096203183915389,174270770
2009-01-12,7.730080604553223,7.884836120242647,7.66926695930897,7.819571680241702,132667413
2009-01-13,7.7703776359558105,7.925627281047471,7.673223079747009,7.7073381130002225,177964564
2009-01-14,7.440349578857422,7.757522696344606,7.360746887809182,7.663582235007733,219535801
2009-01-15,7.39139986038208,7.504870988046064,7.089800777141633,7.356296133853983,238269759
2009-01-16,7.408211708068848,7.620319735835641,7.310068457173828,7.540469517951705,209759293
2009-01-20,6.989928245544434,7.404008345275938,6.989928245544434,7.3951081755707015,202684876
2009-01-21,7.492510795593262,7.5028928282716265,7.128366773506049,7.128366773506049,197718329
2009-01-22,7.577057361602783,7.6475133003307905,7.296471726703601,7.367915889662045,331919470
2009-01-23,8.026982307434082,8.206458560157639,7.52069165529629,7.645534452968606,430921167
2009-01-26,8.00646686553955,8.108565397072278,7.924639712002941,8.030693507384598,185119281
2009-01-27,8.194592475891113,8.253676726708667,8.016352445949181,8.070244734131412,197830749
2009-01-28,8.619551658630371,8.710031912720265,8.31399728387002,8.355281201158736,308809170
2009-01-29,8.487293243408203,8.530060442886967,8.407938085242101,8.517453012111693,292444059
2009-01-30,8.368878364562988,8.622764883805422,8.306333431527882,8.52116048627148,187580472
2009-02-02,8.419309616088867,8.528823588322652,8.207448189481031,8.264059988931189,209056670
2009-02-03,8.416343688964844,8.479382736131948,8.252688465113692,8.468751753674274,263243015
2009-02-04,8.479382514953613,8.762193523677386,8.384699472076202,8.406948714009216,273718132
2009-02-05,8.744394302368164,8.785432113820194,8.331056247902051,8.42771575144092,291665150
2009-02-06,9.178498268127441,9.241043196334449,8.786912589502055,8.812129341487447,282579221
2009-02-09,9.363659858703613,9.418788374766441,9.080106752827371,9.178498469897264,199838246
2009-02-10,8.862809181213379,9.332264895767443,8.847482240440765,9.294688711982213,285213056
2009-02-11,8.851190567016602,9.0232504445941,8.72659479780275,8.873686867584386,210048373
2009-02-12,8.975042343139648,8.989133055088127,8.689016793041594,8.730548707420972,222844155
2009-02-13,8.842288970947266,8.97355901204324,8.781721438375161,8.95378127901474,166489714
2009-02-17,8.470975875854492,8.580490786480851,8.397553859901961,8.566152072383836,228067661
2009-02-18,8.729313850402832,8.735989096691386,8.418073392887173,8.58420107647003,241883252
2009-02-19,8.47048282623291,8.894698913840493,8.440075998785021,8.837098880934741,200295955
2009-02-20,8.564669609069824,8.625730304640896,8.281611583748544,8.357010993203545,249616129
2009-02-23,8.159489631652832,8.647486843340085,8.14688125430156,8.578266662366632,209626799
2009-02-24,8.539949417114258,8.643037101860418,8.180007689950278,8.183222258269728,244749957
2009-02-25,8.445760726928711,8.709289993535386,8.378519838782132,8.458368156812492,258529413
2009-02-26,8.335503578186035,8.713985830977009,8.335009466142447,8.552556018667145,225064447
2009-02-27,8.355528831481934,8.499653371363248,8.185446369525962,8.230934023878063,217612620
2009-03-02,8.087798118591309,8.42252404041009,8.059121632095994,8.24032825086952,232407869
2009-03-03,8.046266555786133,8.249228314424577,7.968889733994293,8.159737226566824,261970262
2009-03-04,7.884094715118408,8.133285274195782,7.796581031585786,7.98891273327143,313908211
2009-03-05,7.555797100067139,7.888050552026945,7.481633433821192,7.823775279956306,262175027
2009-03-06,7.628230094909668,7.668278730996428,7.274222453206599,7.594856704791469,290452622
2009-03-09,7.191158771514893,7.578787788854988,7.155559985452319,7.415874688672648,259822241
2009-03-10,7.618340969085693,7.675941940996219,7.274222206689649,7.37310756677791,270217058
2009-03-11,7.85912561416626,7.910793452844219,7.557527006013506,7.6660527529772065,237832124
2009-03-12,7.998060703277588,8.034400663428897,7.753815013980548,7.849980879460273,201717262
2009-03-13,8.020061492919922,8.095214809409825,7.886815453173391,8.061594361080731,156841686
2009-03-16,7.903130054473877,8.151331434031382,7.87593685348258,8.058873793401128,198613673
2009-03-17,8.290017127990723,8.290017127990723,7.88829739816941,7.915243070432992,189206544
2009-03-18,8.234641075134277,8.405217635025128,8.109798275266105,8.276914157797068,201239478
2009-03-19,8.156522750854492,8.306333364426473,8.093236650225201,8.199537951292688,165064391
2009-03-20,8.161962509155273,8.231922915315618,8.067526515149225,8.165422240507558,190226352
2009-03-23,8.61782169342041,8.638834710333153,8.232912142571456,8.2460146327785,171500425
2009-03-24,8.582470893859863,8.747361407034555,8.504103955360733,8.565906779150403,153372732
2009-03-25,8.505833625793457,8.68555695400379,8.31251369634956,8.66231948786046,174102141
2009-03-26,8.733762741088867,8.878876445679477,8.615348125574098,8.729807951534912,241032074
2009-03-27,8.595571517944336,8.70187376442156,8.54044299988737,8.652430374789217,133410187
2009-03-30,8.471718788146973,8.49940610177446,8.30756946146673,8.468257164012417,124227898
2009-03-31,8.604472160339355,8.739202903474522,8.55799627768791,8.625979289399488,146760038
2009-04-01,8.7535400390625,8.781969468547965,8.420298357955831,8.498664344426901,132542948
2009-04-02,8.961445808410645,9.140923030099188,8.907554461243114,8.981470599820355,180192885
2009-04-03,9.141416549682617,9.189375709021064,8.850199969570685,9.010888616216878,152160204
2009-04-06,9.10334587097168,9.142404385710973,8.934251647187713,9.072690100466705,131703815
2009-04-07,8.866270065307617,8.992348165403914,8.783701281478766,8.963918734211125,147755757
2009-04-08,8.949084281921387,9.023248413569512,8.805948927702632,8.98616634774545,111022586
2009-04-09,9.208659172058105,9.254392937928957,9.054150699133896,9.134495029328493,135811153
2009-04-13,9.347344398498535,9.371819038099671,9.154271524138858,9.179734387894682,122461301
2009-04-14,9.119908332824707,9.319656439288595,9.038081674640864,9.31842021260587,137658049
2009-04-15,9.381707191467285,9.420272545401668,9.002482788737332,9.075163648075206,197967259
2009-04-16,9.610132217407227,9.712971903569063,9.419283781009918,9.431150990845813,408931050
2009-04-17,9.6966552734375,9.884041110453358,9.51297622326838,9.542888932957807,430840867
2009-04-20,9.376764297485352,9.657349949744026,9.292464221853809,9.546103723817135,177820024
2009-04-21,9.430407524108887,9.500368873814837,9.297655129446309,9.299385468334991,148370051
2009-04-22,9.48949146270752,9.64127947319107,9.369593559006987,9.437329508881904,140597024
2009-04-23,9.510009765625,9.635098677922853,9.42150786221966,9.579724052542227,104751167
2009-04-24,9.62867259979248,9.71989402361204,9.406429117024782,9.54363136354289,135923572
2009-04-27,9.541157722473145,9.628671401489473,9.462050574162623,9.501357092297816,91967429
2009-04-28,9.485782623291016,9.61779478973993,9.432138334146275,9.48677274057019,118185333
2009-04-29,9.677619934082031,9.764143497689274,9.538191357799912,9.541652981878066,144941247
2009-04-30,9.78886604309082,9.981196809045786,9.75994250069853,9.783674079809575,174881049
2009-05-01,9.732501029968262,9.828913456994128,9.679596965852218,9.765626414182629,97471985
2009-05-04,9.937439918518066,9.947821950399021,9.759694004719568,9.843250997811063,128600225
2009-05-05,9.962408065795898,10.012097562553228,9.820507986369783,9.887996875381939,96391952
2009-05-06,9.974274635314941,10.093184310038017,9.913212987206453,10.056349297721814,105710750
2009-05-07,9.8046875,10.011851083048153,9.703083103315397,9.989849844056359,120441759
2009-05-08,10.069697380065918,10.138917552952334,9.764885160335972,9.958946239337372,155183494
2009-05-11,10.085768699645996,10.185146757569687,9.918157737387757,9.957712262295194,102755715
2009-05-12,9.864018440246582,10.160179006984267,9.76760600092717,10.135952369130662,152200354
2009-05-13,9.629908561706543,9.799248914819893,9.600489960970874,9.742390054850453,114138220
2009-05-14,9.579477310180664,9.695914544190014,9.510011016720478,9.61161542177482,117920344
2009-05-15,9.641279220581055,9.742883616018732,9.618782923224344,9.668472422233144,120799094
2009-05-18,9.810373306274414,9.821992512109503,9.527562309535725,9.758211354604477,134570520
2009-05-19,9.860804557800293,9.929034620977648,9.715443787946512,9.792080382540995,113925426
2009-05-20,9.818778991699219,10.028662100904887,9.76488669552003,9.94016018612873,91702440
2009-05-21,9.801968574523926,9.958700552618065,9.736210016513803,9.797024613843245,109199779
2009-05-22,9.727803230285645,9.85511848462308,9.690721163322062,9.805922153639075,69001669
2009-05-26,9.996277809143066,10.012099810224251,9.641280948151133,9.689488119617636,124645457
2009-05-27,10.025941848754883,10.18168559419587,10.007400340703672,10.027920190179584,121826932
2009-05-28,10.145594596862793,10.175754367392258,10.002458268301714,10.103073504277452,107152133
2009-05-29,10.314437866210938,10.314437866210938,10.153009008901012,10.187865677375157,106325044
2009-06-01,10.545088768005371,10.620241136796743,10.346577809732928,10.351521770513306,133394127
2009-06-02,10.590574264526367,10.629140561860549,10.466968633166571,10.537424089151104,105337356
2009-06-03,10.670918464660645,10.690942307883157,10.481801339707026,10.531243780996686,141841672
2009-06-04,10.884263038635254,10.907996510255366,10.74137472285849,10.761151511537907,146069460
2009-06-05,10.984136581420898,11.058794830747178,10.863991625619255,11.002678089025665,147783862
2009-06-08,10.846935272216797,10.900085452979472,10.73198132293486,10.864981722728647,124412588
2009-06-09,10.769061088562012,10.889702044625881,10.673637831285882,10.842236998718729,130684007
2009-06-10,10.694404602050781,10.825179597682835,10.547807607721678,10.784141791430251,134859599
2009-06-11,10.60540771484375,10.722340000689092,10.589833718640229,10.673885780081175,115037579
2009-06-12,10.502567291259766,10.573269802412293,10.412828214407796,10.55250384456264,117173555
2009-06-15,10.30306625366211,10.419997584790654,10.234589139767612,10.419997584790654,150036273
2009-06-16,10.284032821655273,10.409863864195147,10.269694104915306,10.36586043634389,122445241
2009-06-17,10.263266563415527,10.375996059351465,10.174269592939787,10.288729427761384,140127270
2009-06-18,10.23607349395752,10.350532383700077,10.209868514561123,10.276122131194992,123870563
2009-06-19,10.385143280029297,10.394290034366795,10.24892924270397,10.33866739353268,171002566
2009-06-22,10.070194244384766,10.320868111918196,9.93521644490135,10.307517619029799,165594371
2009-06-23,10.028909683227539,10.11073730257585,9.951531912785557,10.052890213368553,116418737
2009-06-24,10.118152618408203,10.190833475983787,10.050663723946876,10.104556017100418,98680498
2009-06-25,10.278345108032227,10.281558729340233,10.04942641480476,10.061539732000217,122236461
2009-06-26,10.514434814453125,10.586373560919247,10.212588167926773,10.22667888201373,130756276
2009-06-29,10.485261917114258,10.57574121464686,10.438290983063636,10.531243680513095,87097243
2009-06-30,10.422223091125488,10.561155661691062,10.338913149305975,10.481801455985531,104144903
2009-07-01,10.35794734954834,10.541131337359474,10.33718139240319,10.486744937791068,92778458
2009-07-02,10.098374366760254,10.269445030359442,10.056842454162853,10.269445030359442,101081463
2009-07-06,10.126062393188477,10.151525255068282,9.929528855617592,10.049179695508117,90843231
2009-07-07,9.805182456970215,10.115681748839659,9.789113401112182,10.092195331901067,130860666
2009-07-08,9.950047492980957,10.036818108623262,9.84053257886314,9.888491735953215,138163938
2009-07-09,10.145346641540527,10.245714812562188,10.031875034876634,10.03978556089427,131515110
2009-07-10,10.244477272033691,10.317899294181675,10.103566358681999,10.125321487669275,117502785
2009-07-13,10.489217758178711,10.494655830381019,10.263759733572584,10.288234371494752,162434571
2009-07-14,10.498859405517578,10.549290070131947,10.404423425903166,10.474631823994505,116266167
2009-07-15,10.832100868225098,10.84470829751503,10.592799195131834,10.621723680214231,151646285
2009-07-16,10.94161605834961,11.01948697990098,10.731484974474007,10.795266130298442,263162715
2009-07-17,10.636307716369629,10.765600365398464,10.548547928907807,10.70429261012868,275191634
2009-07-20,10.634332656860352,10.700585327425559,10.537425158082574,10.627163298549961,126612804
2009-07-21,10.578214645385742,10.677099536158236,10.524322351517487,10.653367010920856,119173022
2009-07-22,10.57302188873291,10.635072706782244,10.4694410477846,10.580686304911353,103855823
2009-07-23,10.8115816116333,10.907252866522803,10.518882719115398,10.59749575073251,139649486
2009-07-24,11.043469429016113,11.136668252350075,10.753736087838575,10.773759934402188,145619780
2009-07-27,10.996003150939941,11.044209368225973,10.818257219125059,11.026657030818804,100551484
2009-07-28,10.87363338470459,10.946808357305274,10.780928678778798,10.902063761809066,101679697
2009-07-29,10.784388542175293,10.822953890430567,10.676851025135463,10.808862232203767,79777911
2009-07-30,11.016768455505371,11.160892986731078,10.941863152505327,10.941863152505327,128423566
2009-07-31,10.952740669250488,11.191300223238173,10.937412784375544,11.124058392949696,114844859
2009-08-03,11.179187774658203,11.22096769761579,11.06621216713557,11.09340537087669,104000363
2009-08-04,11.216764450073242,11.22343969656401,11.085742386330644,11.108980801155996,95950302
2009-08-05,11.15273666381836,11.295377928443099,11.072145276948783,11.272882575977095,94031136
2009-08-06,11.133453369140625,11.245192743427976,11.088213717519093,11.230854974233505,84752487
2009-08-07,11.30007553100586,11.357428507656243,11.247914517995142,11.264723796083235,102105287
2009-08-10,11.287962913513184,11.332460454708057,11.218248616007147,11.251622008547036,69941178
2009-08-11,11.221954345703125,11.30328783602918,11.183389943098804,11.215280047017206,68756755
2009-08-12,11.336662292480469,11.4150282783059,11.24618204163681,11.258296306655035,94007046
2009-08-13,11.428129196166992,11.48844872904875,11.344819254418367,11.424915574703594,80107140
2009-08-14,11.371767044067383,11.450380093002597,11.294883387551248,11.4404921711582,67255147
2009-08-17,10.998229026794434,11.173749568776145,10.95447170939088,11.161636249918914,105200846
2009-08-18,11.007868766784668,11.067694186817048,10.93469474902917,11.003418918685364,94396500
2009-08-19,10.975486755371094,11.000948675829438,10.841744229497268,10.877095965374357,90538092
2009-08-20,11.381902694702148,11.425659066919454,11.154961357811672,11.173996979437813,160555554
2009-08-21,11.50130558013916,11.52231859510063,11.437277364542796,11.508721994041728,142953825
2009-08-24,11.587581634521484,11.621202078505842,11.481034227704562,11.55346613191322,98503838
2009-08-25,11.652848243713379,11.726517334909426,11.587336735720173,11.597472660637328,93990986
2009-08-26,11.569536209106445,11.69314279802217,11.537399045001793,11.687209666609016,79810030
2009-08-27,11.521576881408691,11.58387476035842,11.389812711966307,11.58387476035842,80255695
2009-08-28,11.489191055297852,11.677566055490777,11.455322610937086,11.600683361587198,71129616
2009-08-31,11.41304874420166,11.417745648150628,11.322322393376037,11.366573816735633,78609548
2009-09-01,11.266947746276855,11.540363994356442,11.233821413334294,11.363855238209096,104185053
2009-09-02,11.198966026306152,11.330482202460484,11.188583045744632,11.268432321726717,72462593
2009-09-03,11.310457229614258,11.328503677615307,11.248159357663503,11.26843025637541,66094814
2009-09-04,11.40390396118164,11.436041123669842,11.267441945542954,11.311693372869422,60192775
2009-09-08,11.337650299072266,11.544567772514128,11.268926126057664,11.477820047762746,106666319
2009-09-09,11.469907760620117,11.5267666093008,11.342098405798716,11.348526594541315,88145156
2009-09-10,11.642215728759766,11.642215728759766,11.421207555635382,11.536161490245208,101764012
2009-09-11,11.671881675720215,11.700558159445114,11.560388415709621,11.628866476845463,76401301
2009-09-14,11.745551109313965,11.787083026728501,11.62021418897537,11.631586339030484,79324216
2009-09-15,11.805377960205078,11.839246411861394,11.685974156480018,11.74456335949062,96283547
2009-09-16,12.07112979888916,12.09782888973753,11.828614476878782,11.86124669902679,103799614
2009-09-17,12.155923843383789,12.295598536868845,12.042948240455935,12.127494413978877,179996150
2009-09-18,12.149496078491211,12.28595810166819,12.143810949671249,12.280766138368575,131832295
2009-09-21,12.28645133972168,12.333422275824807,12.019956449013321,12.057532629950925,84973311
2009-09-22,12.337377548217773,12.409810403447132,12.306475665181514,12.383359315425162,122103967
2009-09-23,12.322545051574707,12.533664382224682,12.30400448919911,12.379898024175787,108573440
2009-09-24,12.28076457977295,12.395470511003246,12.187564827429863,12.372233046852623,101482963
2009-09-25,12.174710273742676,12.358883433525778,12.162844959004994,12.219455809679248,82291296
2009-09-28,12.324275016784668,12.397697042496606,12.194982356443878,12.233054543950773,73847766
2009-09-29,12.324275016784668,12.354434785023765,12.187813945017266,12.34899671244409,84282733
2009-09-30,12.258021354675293,12.364075593561365,12.04517170884667,12.360614916148231,126139035
2009-10-01,12.044184684753418,12.27335048098992,12.039240723771414,12.187567125831173,112949783
2009-10-02,11.979413032531738,12.1564177965349,11.93046564705831,11.958648020055804,104421937
2009-10-05,12.07681655883789,12.173477003978803,11.948760116552224,12.055309429944801,86105539
2009-10-06,12.329465866088867,12.345039860879238,12.155428627764095,12.155428627764095,109701653
2009-10-07,12.794225692749023,12.830071535961787,12.306475547648034,12.335894147590189,195698788
2009-10-08,12.711160659790039,12.935382450796858,12.690395649133384,12.844409043120793,172797268
2009-10-09,12.762335777282715,12.892369606893386,12.719073519426177,12.77222464494916,109934523
2009-10-12,12.954913139343262,12.997433277899889,12.838227921177323,12.939585254132943,133386097
2009-10-13,13.006084442138672,13.039457827359078,12.889153119290384,12.963564305311923,121951397
2009-10-14,13.233768463134766,13.240195705843435,13.102251364174132,13.16306595361507,130824531
2009-10-15,13.100028038024902,13.272829063969207,13.034763594973489,13.194957190433923,244930632
2009-10-16,13.592967987060547,13.714103061946199,13.461451825950789,13.530670110817896,355001664
2009-10-19,13.648343086242676,13.685672210166931,13.565280200719872,13.663175913402963,129198459
2009-10-20,13.639198303222656,13.669605127893876,13.366769321667377,13.637219961736404,162354271
2009-10-21,13.623870849609375,13.827820824980941,13.571955949004376,13.594452248170725,147374332
2009-10-22,13.697785377502441,13.720281674019375,13.547233603340953,13.596676044474044,93810311
2009-10-23,13.687898635864258,13.791728433786727,13.626342871811946,13.726463989378317,96066737
2009-10-26,13.700752258300781,13.884431314701398,13.618678542458806,13.73882349732881,119261352
2009-10-27,13.554404258728027,13.709405895831003,13.45230479869016,13.620656927943974,129142249
2009-10-28,13.356881141662598,13.596676949795928,13.3062024704762,13.544020883736476,103096990
2009-10-29,13.62263298034668,13.641915655389399,13.374184548696906,13.423874992286693,101282213
2009-10-30,13.253546714782715,13.60087911407896,13.207069888291322,13.596677268197181,139260032
2009-11-02,13.20089054107666,13.33611538727949,13.058743392849559,13.27727818651036,128564090
2009-11-03,13.282469749450684,13.287661712456162,13.060226282145786,13.102499367991124,95564863
2009-11-04,13.357622146606445,13.485430575178952,13.260962656422018,13.369241352815267,93657741
2009-11-05,13.563302993774414,13.590992202222525,13.415222712384912,13.435742562676795,74185025
2009-11-06,13.623870849609375,13.64068107332793,13.48543143018768,13.540312896541536,73341877
2009-11-09,13.905938148498535,13.907669433797324,13.701247028678152,13.7314067947744,106393299
2009-11-10,14.011003494262695,14.060940995096603,13.893330992961111,13.911377441770696,89566463
2009-11-11,14.104945182800293,14.177625089152158,13.988754072581946,14.102966841466706,93135792
2009-11-12,14.037951469421387,14.1627933362126,13.979856383193345,14.080224556654711,75734813
2009-11-13,14.141780853271484,14.153153004218666,14.007297169763081,14.073549840738208,66921903
2009-11-16,14.24635124206543,14.26390263329754,14.15982672638509,14.214707244174722,88297726
2009-11-17,14.276263236999512,14.27651029302806,14.183064426597769,14.21149290822764,76955370
2009-11-18,14.255497932434082,14.308153999048942,14.142275273053857,14.255497932434082,62216331
2009-11-19,14.165019989013672,14.189988743214544,14.09110289724053,14.184301720876276,87045048
2009-11-20,14.090113639831543,14.13065638881787,14.07626903553386,14.07874148913878,80548789
2009-11-23,14.396407127380371,14.501472191975143,14.235966493220676,14.251540487614818,102281946
2009-11-24,14.414702415466309,14.444368071865389,14.25277847862534,14.400611701964179,64448667
2009-11-25,14.480213165283203,14.512844439056511,14.404812801413314,14.496776331485313,58667077
2009-11-27,14.332380294799805,14.399128019846778,14.115080787564702,14.140543650838666,55591593
2009-11-30,14.412476539611816,14.42904065269728,14.266868718622934,14.353888290030428,69262644
2009-12-01,14.582311630249023,14.615685018585843,14.41247622993758,14.53929643082224,93159882
2009-12-02,14.523969650268555,14.659936605101135,14.492079544321717,14.610246159518493,66777363
2009-12-03,14.480213165283203,14.621371135330621,14.461919660309949,14.561792769578705,57362205
2009-12-04,14.462166786193848,14.704929152028585,14.318042249964078,14.660183613491505,100920864
2009-12-07,14.492820739746094,14.553140274183287,14.363034918293925,14.442389125978208,65693315
2009-12-08,14.51259708404541,14.60184110282069,14.387756173318802,14.42483729455747,61188493
2009-12-09,14.561299324035645,14.568962794129954,14.426815646889043,14.523723141682163,71507025
2009-12-10,14.622608184814453,14.701963342747788,14.595662037894488,14.596404152595204,66982128
2009-12-11,14.598133087158203,14.702951105898332,14.52940891378246,14.701221713658928,69057879
2009-12-14,14.727178573608398,14.766238037651934,14.650047869650386,14.717783818358493,76822876
2009-12-15,14.663150787353516,14.743247112615933,14.60999966216815,14.66710652370994,91557900
2009-12-16,14.777363777160645,14.841887057825867,14.749676460217085,14.798129738155783,112797213
2009-12-17,14.682927131652832,14.774396551137508,14.678478229926924,14.744730895799217,105947635
2009-12-18,14.74423599243164,14.806286813263496,14.709132264294876,14.734595127632586,141789477
2009-12-21,14.800106048583984,14.828781585827585,14.725694856326218,14.773653068990345,103233500
2009-12-22,14.86042594909668,14.869819757726827,14.804309206772045,14.865864021505002,75513988
2009-12-23,15.121481895446777,15.150900494785304,14.903193219013875,14.919263220010373,83218760
2009-12-24,15.289586067199707,15.315296932994128,15.136067719981664,15.152383830492614,34476745
2009-12-28,15.398111343383789,15.47524109391802,15.289584654893543,15.368198634639239,68170566
2009-12-29,15.31233024597168,15.446813926985923,15.28489093304151,15.444342419946436,57205620
2009-12-30,15.39465045928955,15.39465045928955,15.27796713055242,15.29008044823853,58843737
2009-12-31,15.326668739318848,15.460658306289806,15.326668739318848,15.44458925118003,48974884
2010-01-04,15.494030952453613,15.562261012875917,15.431980132530704,15.498974912798028,78541293
2010-01-05,15.425801277160645,15.520977485684698,15.365233738486378,15.504661374908462,120638494
2010-01-06,15.03693675994873,15.472029913440076,14.989966766759578,15.472029913440076,159744526
2010-01-07,14.686882972717285,15.079951015605502,14.651037130023473,15.065118187830487,257533695
2010-01-08,14.882676124572754,14.91308294980098,14.563525147974998,14.634968834459002,189680313
2010-01-11,14.86017894744873,14.942994779780388,14.685399583578043,14.942994779780388,289597429
2010-01-12,14.597392082214355,14.787251333607701,14.536084322053597,14.7746439031238,194859654
2010-01-13,14.51358699798584,14.545477104651185,14.187514680275772,14.251541949642075,260838034
2010-01-14,14.581817626953125,14.689355153034747,14.407779433154388,14.43472557868209,170239717
2010-01-15,14.338313102722168,14.673533110030139,14.28985888418123,14.668094091105443,218194794
2010-01-19,14.526690483093262,14.595910666827788,14.246598966046939,14.367980160416268,173315202
2010-01-20,14.34844970703125,14.486147006285535,14.221876555608025,14.486147006285535,130515377
2010-01-21,14.411983489990234,14.506913594314845,14.146724803658014,14.42335564092909,253253712
2010-01-22,13.596924781799316,14.1059350270476,13.22239727366543,13.955135231643604,273035583
2010-01-25,13.34946346282959,13.593709096216545,13.238465266070849,13.512375606042337,177458675
2010-01-26,13.40929126739502,13.586789212759783,13.257750299876372,13.299281275115174,174873019
2010-01-27,13.401378631591797,13.538580860414344,13.23352063177421,13.380859729971977,159170382
2010-01-28,13.208306312561035,13.522512359620043,13.117083950203009,13.460461540186232,129648138
2010-01-29,13.10076904296875,13.373938237032384,12.99372562690813,13.312135418992733,166240784
2010-02-01,13.176909446716309,13.245882568227513,13.109667610567879,13.215969857047051,90369462
2010-02-02,13.129940032958984,13.224868233609055,13.043167520807819,13.224868233609055,164462143
2010-02-03,13.369734764099121,13.401378759471916,13.05849434571615,13.069371436677226,120413655
2010-02-04,13.022649765014648,13.300020797363052,12.992489998192983,13.275300996015122,135614418
2010-02-05,13.13414192199707,13.188775380057637,12.915853252629482,13.062698241962085,126713179
2010-02-08,13.188035011291504,13.398907279837083,13.140075849279194,13.164055430285348,108175956
2010-02-09,13.261455535888672,13.387286557916768,13.227588037696778,13.338092121277091,113206742
2010-02-10,13.212261199951172,13.29482997587977,13.04514625327213,13.202867391328862,107380987
2010-02-11,13.260469436645508,13.3615787819747,13.089892851998062,13.184326951078924,96761331
2010-02-12,13.17938232421875,13.279009328207264,13.114612939440468,13.175674590493115,91529795
2010-02-16,13.38160228729248,13.451563636933468,13.208554199961712,13.272087359568713,146723904
2010-02-17,13.305213928222656,13.433516467363448,13.290381100592246,13.39890685175077,81492313
2010-02-18,13.429065704345703,13.47331712819135,13.25403929680373,13.288648910058955,93826371
2010-02-19,13.368252754211426,13.449090243615741,13.342047776967057,13.362565732708601,102506786
2010-02-22,13.418684959411621,13.534874191843503,13.37418647214413,13.531166457858676,86105539
2010-02-23,13.22758960723877,13.439203045056287,13.158863538930728,13.423629048749254,115334688
2010-02-24,13.138591766357422,13.310898671338688,13.114860189410592,13.2006425845775,93412827
2010-02-25,13.013998031616211,13.064924710603167,12.855041593094224,13.031056258824329,132864148
2010-02-26,13.023144721984863,13.145515082551094,12.941070053995846,13.038471662417333,82279251
2010-03-01,13.16875171661377,13.183584544021825,13.046381363784729,13.082475208194207,89851528
2010-03-02,13.3756685256958,13.489385285921921,13.226104032281821,13.237724184182065,174925214
2010-03-03,13.48098087310791,13.550200101033408,13.330923211737872,13.407804962569818,124039193
2010-03-04,13.710147857666016,13.748218152463775,13.50273626474985,13.51015267887602,127829347
2010-03-05,13.947965621948242,14.03350096895221,13.841417258907391,13.877263103508536,157074555
2010-03-08,13.905197143554688,13.97194486595834,13.868856243625297,13.962055998966196,95813793
2010-03-09,13.848584175109863,13.959087308565346,13.757362768812923,13.840179538122102,127540267
2010-03-10,14.250554084777832,14.30123181032529,13.898522889531481,13.936841186962962,227043838
2010-03-11,14.366496086120605,14.49183301015103,14.194931285562749,14.196413621796381,169966698
2010-03-12,14.326940536499023,14.543003805840689,14.31754672824281,14.53954312839362,110548817
2010-03-15,13.922503471374512,14.077505107419746,13.745004590236837,14.009027041120996,186853758
2010-03-16,13.97243881225586,14.052041019572714,13.862676838846735,13.88912887147019,137774484
2010-03-17,13.981338500976562,14.126947271621477,13.948954281942818,14.049075397797992,133362007
2010-03-18,14.002104759216309,14.052536372155794,13.917063531353094,13.960572842677909,71354455
2010-03-19,13.843889236450195,14.041659015072709,13.776647398129558,13.843889236450195,192486794
2010-03-22,13.782086372375488,14.013229540079452,13.702484159793984,13.747723811924407,160792439
2010-03-23,13.571955680847168,13.802110631311162,13.398907593207795,13.770714635518571,220876809
2010-03-24,13.777884483337402,13.840182365046449,13.342049207152655,13.485679645613857,263592319
2010-03-25,13.915087699890137,14.140544807564192,13.810763784770721,13.819663482171663,157825359
2010-03-26,13.91038990020752,14.026580078959588,13.84438523076784,13.974171065151088,108252241
2010-03-29,13.904458045959473,13.96057479507974,13.85798121609298,13.918053701914104,124645457
2010-03-30,14.00976848602295,14.032511839495958,13.850810174593208,13.913849218637074,79412546
2010-03-31,14.019905090332031,14.084674476313781,13.913355782414403,13.968731359313464,121686407
2010-04-01,14.061434745788574,14.176388681273096,13.98109042430185,14.124473786989004,84423257
2010-04-05,14.116069793701172,14.211740111957514,14.066379347902549,14.11335028420923,76345092
2010-04-06,14.047097206115723,14.113102813778218,13.977382918370886,14.077751084570675,82712870
2010-04-07,13.931401252746582,14.060199794098448,13.889870282924045,14.024353006014584,103626969
2010-04-08,14.029050827026367,14.087393915875722,13.845125649825333,13.925964090522715,78191988
2010-04-09,13.997655868530273,14.060694915729432,13.94277440363606,14.029050917533299,82572346
2010-04-12,14.158590316772461,14.189987258216766,13.9976555526711,14.025589923287125,94448695
2010-04-13,14.50567626953125,14.557837275861587,14.119035472349351,14.153646034647917,157078570
2010-04-14,14.56080436706543,14.643372194461483,14.437444844871772,14.587008397489203,136618166
2010-04-15,14.716547012329102,14.779338994156898,14.543250948998674,14.639169260361646,271485795
2010-04-16,13.600383758544922,14.061681837782182,13.587529272882025,13.91805141870774,491254466
2010-04-19,13.599149703979492,13.695315085396201,13.4730716098941,13.565776313562742,156343827
2010-04-20,13.721272468566895,13.83548334893506,13.62288074691072,13.699764395071568,119542401
2010-04-21,13.70297908782959,13.850070203309011,13.650075015933528,13.756377271830317,96018557
2010-04-22,13.52399730682373,13.658480038924115,13.432280827539119,13.64611966421698,131719875
2010-04-23,13.472824096679688,13.579867520464202,13.405583201318173,13.528694734213023,83889263
2010-04-26,13.142794609069824,13.472822649125568,13.082722131961916,13.472328537075235,175407013
2010-04-27,13.07901382446289,13.308180538841802,13.03377417332427,13.076294314958963,154364435
2010-04-28,13.08222770690918,13.22165438664983,12.880502207600241,13.154165497527593,136754676
2010-04-29,13.151694297790527,13.262940510168507,13.019931074961216,13.185563693451847,122814620
2010-04-30,12.995949745178223,13.292109319864915,12.989522502630487,13.130186350100457,97781139
2010-05-03,13.117083549499512,13.174437462904868,12.980623433899128,13.015727160172627,74590540
2010-05-04,12.518088340759277,13.021660458751503,12.464691109309186,13.016221439909218,243963019
2010-05-05,12.601895332336426,12.749233499590844,12.372234493849984,12.384841924752251,183975008
2010-05-06,12.32773494720459,12.79372993700489,11.371765388089607,12.576925497279907,200753664
2010-05-07,12.19102668762207,12.492131182798627,11.899068944673253,12.35987291295322,204322993
2010-05-10,12.895829200744629,12.924753686614865,12.67210246273456,12.705969962160262,165738910
2010-05-11,12.584342956542969,12.852074089554442,12.563824999382588,12.747997234611596,133402157
2010-05-12,12.493863105773926,12.65825854481757,12.410057155596188,12.65825854481757,154649500
2010-05-13,12.629581451416016,12.904481917373678,12.616974021707977,12.768514967100192,133530637
2010-05-14,12.546765327453613,12.632300663733831,12.267910078556007,12.602140898292664,165257111
2010-05-17,12.557642936706543,12.56728380117526,12.319824534155295,12.528224338098473,112170874
2010-05-18,12.320318222045898,12.63180663840653,12.288181061681781,12.607826112923789,113443627
2010-05-19,12.222917556762695,12.346770240597113,12.057532011341468,12.268157205184837,138344613
2010-05-20,11.74283218383789,12.00413512632127,11.712919471022442,11.991527695480823,197268650
2010-05-21,11.669657707214355,11.989797864720222,11.480539610568753,11.595740618196984,389084940
2010-05-24,11.795981407165527,12.108210999512316,11.787082657430338,11.88423625561891,174475535
2010-05-25,11.793758392333984,11.803152201835573,11.470899672199828,11.573244299076215,121148398
2010-05-26,11.754202842712402,12.107469276353775,11.742583637522365,11.91736298767383,139545096
2010-05-27,12.124775886535645,12.17051060127202,11.892149415909914,11.988561859712357,112785168
2010-05-28,12.00537109375,12.198691024101247,11.940354652876158,12.181139633036361,116226017
2010-06-01,11.924778938293457,12.139605018519921,11.869155367776704,11.876819783318357,107071833
2010-06-02,12.1967134475708,12.209073821916178,11.90228418129673,12.03132789039325,102012942
2010-06-03,12.499053955078125,12.558384318782755,12.229592498516961,12.239727475210678,146575349
2010-06-04,12.328971862792969,12.589286574512405,12.279035306208014,12.353693558335179,157399770
2010-06-07,12.002652168273926,12.383111830221921,11.944062025897969,12.337377120639282,145852650
2010-06-08,11.984356880187988,12.084725042344827,11.805375683719895,12.060251351771466,107806577
2010-06-09,11.718356132507324,12.085714226996414,11.668419580672264,12.044676424546273,109569158
2010-06-10,12.039485931396484,12.076319996905909,11.763349235214227,11.87533660761648,103502504
2010-06-11,12.076319694519043,12.081511657211724,11.906238190675165,11.927993318946065,71535130
2010-06-14,11.945050239562988,12.224646651311797,11.945050239562988,12.224152539289085,81921917
2010-06-15,12.31092643737793,12.370504805832878,11.920083783276702,11.942332078857724,171022641
2010-06-16,12.392010688781738,12.45949958174453,12.2644493167298,12.26593259950453,91915234
2010-06-17,12.362592697143555,12.505729018655062,12.278788636113235,12.445904539232725,79388456
2010-06-18,12.361355781555176,12.446397004711942,12.314384848735138,12.422664482289147,115346733
2010-06-21,12.077804565429688,12.384594202240852,11.987078207245025,12.35814311505907,119787316
2010-06-22,12.020699501037598,12.276563429807332,12.007844067299333,12.110931753530059,89120799
2010-06-23,11.9168701171875,12.03652001915496,11.820703790909786,12.03652001915496,81468223
2010-06-24,11.74505615234375,11.934173286631163,11.699569444879213,11.857785643444734,76027907
2010-06-25,11.685230255126953,11.808094718078472,11.63282124796791,11.79350894692754,90144622
2010-06-28,11.670397758483887,11.805623545627428,11.594504228294413,11.68300613522689,70756221
2010-06-29,11.229866981506348,11.484248585767,11.152242156531189,11.45680832467385,140609069
2010-06-30,10.999711036682129,11.318121781616634,10.99402590806622,11.247171262901109,144668227
2010-07-01,10.864733695983887,11.084999762913817,10.719867046158116,11.008116116495499,141070793
2010-07-02,10.792054176330566,10.933706275592495,10.778457573967684,10.917391110016984,77730264
2010-07-06,10.780186653137207,11.066952442685004,10.71986711904376,10.976226085515734,102787835
2010-07-07,11.129498481750488,11.156444629950826,10.763130445907311,10.835563305233478,125657235
2010-07-08,11.286724090576172,11.305759709769347,11.11614752562903,11.212312899109502,107156148
2010-07-09,11.556928634643555,11.699569896259622,11.440491405393624,11.667432732554003,173909421
2010-07-12,11.763103485107422,11.852347514502037,11.645678027396004,11.677568136222858,133875926
2010-07-13,12.09362506866455,12.187317988131463,11.873111951742187,11.92181227820538,159648166
2010-07-14,12.146530151367188,12.208086866606648,12.02589106779414,12.110438195294462,125187481
2010-07-15,12.212780952453613,12.229591173019218,11.932442434917165,12.156169157793606,195056389
2010-07-16,11.3621244430542,11.632821170759007,11.359899045705362,11.597223332350772,314165171
2010-07-19,11.524543762207031,11.610326166198874,11.310458809589328,11.396735325680433,182694226
2010-07-20,11.905496597290039,11.940106209897262,11.386597571042108,11.397227605491665,162787890
2010-07-21,11.804387092590332,12.007100821541675,11.753214311656716,11.965075739595175,131675710
2010-07-22,11.985098838806152,12.088186508923743,11.927497871898952,11.94603843159808,86230004
2010-07-23,12.114887237548828,12.127988780488444,11.866437835161225,11.885226399990964,90915501
2010-07-26,12.08794116973877,12.131943649985066,11.986829933346112,12.090906788863057,80107140
2010-07-27,12.178421020507812,12.298813046168398,12.117607367535497,12.127742345314264,98415508
2010-07-28,11.97372817993164,12.243189648580648,11.9321972074478,12.235526178421578,100214225
2010-07-29,11.98954963684082,12.08571596757303,11.84962882777558,12.013283109392829,107421137
2010-07-30,11.986087799072266,12.048138617707584,11.84492983026852,11.857538206761166,86085465
2010-08-02,12.123538970947266,12.19448854486918,12.037756568579152,12.088435241341184,74626675
2010-08-03,12.109199523925781,12.174216909120974,12.033305993959486,12.125763636836968,72362219
2010-08-04,12.516853332519531,12.533663554886093,12.13935929120047,12.167294607517944,153071607
2010-08-05,12.560856819152832,12.57321719331561,12.448623334413025,12.506223359545455,97178890
2010-08-06,12.36605453491211,12.502515612676694,12.26296779508322,12.494110974111516,133277692
2010-08-09,12.492873191833496,12.496581872123333,12.394236305431754,12.416238491408512,75168699
2010-08-10,12.452329635620117,12.50894143011527,12.325261444722239,12.418709194586812,83270954
2010-08-11,12.156417846679688,12.311173369481084,12.150484715497846,12.304498123614087,89253294
2010-08-12,12.163092613220215,12.230828560493638,11.928240775293927,11.963591558380237,88514535
2010-08-13,12.023170471191406,12.142821319706657,12.01476583301566,12.08868197062886,77678069
2010-08-16,12.00438117980957,12.11018931117452,11.878550151658409,11.957164135537372,52395658
2010-08-17,12.12625789642334,12.229592631903907,12.015259691043894,12.077062508875857,75911472
2010-08-18,11.919340133666992,12.134909296036971,11.904508252870038,12.124279260849672,107858771
2010-08-19,11.568793296813965,11.928239912061263,11.55099295868326,11.891157846319684,157588475
2010-08-20,11.421704292297363,11.658285548484285,11.396982595097969,11.56879540892277,157291365
2010-08-23,11.472380638122559,11.57571537002123,11.315648674815716,11.408847483686632,119895720
2010-08-24,11.158915519714355,11.33146947711955,11.147296314220185,11.314906311519794,110922211
2010-08-25,11.238764762878418,11.317625801286114,11.124552942586073,11.124552942586073,104072633
2010-08-26,11.14877986907959,11.304029496617886,11.135431271126118,11.274363842110592,71346425
2010-08-27,11.342841148376465,11.371518579267416,11.066458337893174,11.187840467396718,92842698
2010-08-30,11.19105339050293,11.365832741538226,11.184378145255312,11.350751912371319,49440624
2010-08-31,11.125049591064453,11.244946556644043,11.075112084621288,11.127273095549914,78163883
2010-09-01,11.379922866821289,11.493888579064555,11.186355893715007,11.247664596652632,129616018
2010-09-02,11.450379371643066,11.481282201828533,11.379429797908225,11.441974733262304,67620512
2010-09-03,11.626395225524902,11.66545374257206,11.555691765468183,11.63183329790054,101996882
2010-09-07,11.480538368225098,11.55940035609664,11.446423811758635,11.483010821651579,68652365
2010-09-08,11.633316040039062,11.6807810897727,11.483258367353912,11.500069536851148,96432101
2010-09-09,11.771756172180176,11.876079131959735,11.633315815413615,11.812545975219988,97588419
2010-09-10,11.77076530456543,11.860998492087715,11.74456127491791,11.841963819827413,79268006
2010-09-13,11.922307968139648,11.973727806702493,11.854572019026609,11.888439520295707,89996068
2010-09-14,11.876821517944336,11.98361693364766,11.868168877126914,11.91588003649256,88992319
2010-09-15,11.882013320922852,11.912915205926861,11.82910924836039,11.864956040772993,96472251
2010-09-16,11.89239501953125,11.926756632182967,11.851604270681344,11.864954761985711,79075287
2010-09-17,12.117110252380371,12.143068174316431,11.895361843219119,11.958895000146748,226509844
2010-09-20,12.5653076171875,12.617963685949787,12.164329022084454,12.175207060881753,176800216
2010-09-21,12.693361282348633,12.8545449803774,12.580879802695833,12.599915421275465,179321632
2010-09-22,12.75615406036377,12.800158430907139,12.649358648691623,12.678529245125866,101864387
2010-09-23,12.69385814666748,12.847377450639994,12.63996585117365,12.721793465187414,93043447
2010-09-24,13.035257339477539,13.048606884270715,12.812024704742793,12.898054157946207,134779299
2010-09-27,13.112387657165527,13.27159207273269,13.073822306674789,13.073822306674789,124761892
2010-09-28,13.0322904586792,13.191000763028017,12.816721298963676,13.18828125361421,146735949
2010-09-29,13.045145034790039,13.174931790887987,12.971475015728315,13.049099824064335,87213678
2010-09-30,12.998176574707031,13.148482260081625,12.828342102105594,13.081487473364206,130250387
2010-10-01,12.993974685668945,13.117581287374248,12.929205292090261,13.102254345162688,89333594
2010-10-04,12.91313362121582,13.058989438498493,12.826610058768665,12.977409836214798,77910939
2010-10-05,13.305708885192871,13.349465256193676,13.016963786702252,13.062204387135179,140809819
2010-10-06,13.209789276123047,13.348228690423966,13.100769408747473,13.331171411286427,110906151
2010-10-07,13.102499961853027,13.28024590049134,13.080991887330242,13.25577126028092,96191202
2010-10-08,13.259230613708496,13.290133440872097,13.043414401351487,13.170729657158494,114796679
2010-10-11,13.320789337158203,13.463183550941993,13.279504471444488,13.311889639635783,105445761
2010-10-12,13.38382625579834,13.497543017288056,13.294829294752324,13.352429316839233,150706777
2010-10-13,13.431046485900879,13.534627341896867,13.407065956362443,13.522514022385407,122682126
2010-10-14,13.372455596923828,13.479251962083111,13.278020553226424,13.452798980264161,266358649
2010-10-15,14.868583679199219,14.87328058356111,14.625079194457674,14.814691387191992,595214680
2010-10-18,15.270551681518555,15.319499067398965,14.846335639964138,14.846335639964138,284992232
2010-10-19,15.026304244995117,15.19910620852451,14.903439781879063,15.051520051225895,184203863
2010-10-20,15.030013084411621,15.262393415206843,15.01814682253017,15.033967873988896,141532518
2010-10-21,15.129144668579102,15.228277553473664,14.981064401151713,15.117279353552048,117257870
2010-10-22,15.142498016357422,15.199108879092956,15.081188355464194,15.127417183914147,90582257
2010-10-25,15.240638732910156,15.444341639078848,15.2028154953419,15.218142435196377,126809538
2010-10-26,15.292552947998047,15.357568438174981,15.105413216776382,15.156585050495025,100892759
2010-10-27,15.239897727966309,15.327162463657496,15.137551215143462,15.222592446505129,90012128
2010-10-28,15.292058944702148,15.351884369376204,15.161531003570083,15.328398900378577,87699492
2010-10-29,15.171418190002441,15.302442130019912,15.153866799688945,15.25472907964012,91473585
2010-11-01,15.203557968139648,15.343480673408552,15.109865035585045,15.221604419066123,123946848
2010-11-02,15.218390464782715,15.327163280075977,15.193174655932488,15.294284000808263,80203500
2010-11-03,15.331612586975098,15.37240239126882,15.166475028322122,15.265360865255941,135726838
2010-11-04,15.432723999023438,15.572397748708564,15.379077814229392,15.441869805521657,143367369
2010-11-05,15.452746391296387,15.462883261362744,15.354603617720867,15.405776400675151,70892731
2010-11-08,15.494525909423828,15.561767749388808,15.404540714744561,15.426542901325442,84367048
2010-11-09,15.446319580078125,15.59538808474137,15.339771218856498,15.574376015638139,89823423
2010-11-10,15.398360252380371,15.40132681801078,15.265607860281873,15.3785834637026,100254375
2010-11-11,15.257696151733398,15.323454706666165,15.184027070766758,15.319746026398041,90803081
2010-11-12,14.914071083068848,15.250527318421014,14.862650298834293,15.178587631698518,136228712
2010-11-15,14.720748901367188,14.931622089278505,14.685645177099692,14.90887779140337,139677591
2010-11-16,14.430276870727539,14.780576790268709,14.423602571112912,14.653757524991594,132791878
2010-11-17,14.426074981689453,14.5731670411448,14.372181739961393,14.46192082644224,98066204
2010-11-18,14.747696876525879,14.83224399631399,14.549927098185668,14.560805136459775,103988318
2010-11-19,14.606045722961426,14.780577099689033,14.59393240372211,14.758574912270214,92244464
2010-11-22,14.61568546295166,14.67056692595786,14.406297427529356,14.52298076224212,87791837
2010-11-23,14.412723541259766,14.56105181777259,14.293814810592625,14.511609374459926,86828238
2010-11-24,14.708390235900879,14.74868687387518,14.512597854032517,14.519026043844443,96215292
2010-11-26,14.585526466369629,14.659196497392582,14.511363269825747,14.596898617172808,52640573
2010-11-29,14.390473365783691,14.580579644333543,14.337075193217249,14.565004704047642,114816754
2010-11-30,13.737835884094238,14.197898746632902,13.678504568012434,14.197898746632902,285763111
2010-12-01,13.95142650604248,14.129914563546583,13.903220285783302,13.91805311456688,150726852
2010-12-02,14.136094093322754,14.173423219595259,13.976147552528293,14.05797516308091,102298006
2010-12-03,14.165265083312988,14.251294536314367,14.04165850289511,14.077504344956058,105642495
2010-12-06,14.297770500183105,14.387756636498947,14.254508244103798,14.352403959708077,84065923
2010-12-07,14.514823913574219,14.659690575076244,14.486641539255238,14.61692242821566,122144116
2010-12-08,14.598875999450684,14.647824333866563,14.429535643813935,14.634227732069078,70539412
2010-12-09,14.622608184814453,14.72347047044542,14.560805364757849,14.681445385792818,75036204
2010-12-10,14.640161514282227,14.684164943400544,14.592696460617569,14.663151926363577,68443585
2010-12-13,14.699738502502441,14.906902087500397,14.686636013452373,14.761541320922323,96299607
2010-12-14,14.706908226013184,14.790466181626613,14.646835741056176,14.76080052323428,65978380
2010-12-15,14.592942237854004,14.74497825126278,14.564512808673287,14.68935561966135,87033003
2010-12-16,14.627798080444336,14.67872475130335,14.537812893579016,14.655981398564004,64115423
2010-12-17,14.605302810668945,14.64881307102285,14.527925048135115,14.610246771201261,123946848
2010-12-20,14.710614204406738,14.780328493308765,14.552398956154494,14.700479227811346,79227857
2010-12-21,14.908632278442383,14.949423027975254,14.773653546139256,14.797387017075083,75461793
2010-12-22,14.968457221984863,15.005786346136246,14.913822817182918,14.93162315645837,48481040
2010-12-23,14.937309265136719,14.981065635110253,14.88292285936509,14.964750470638661,44598542
2010-12-27,14.891575813293457,14.926184484443937,14.82037823632134,14.90047456384008,48505130
2010-12-28,14.806037902832031,14.928408251600692,14.783541606438735,14.883415658814101,42751645
2010-12-29,14.857460975646973,14.892317650985936,14.80604018555251,14.88218267317651,40920808
2010-12-30,14.804556846618652,14.865617551697365,14.768215944245547,14.783295828484606,39728356
2010-12-31,14.683669090270996,14.793679069885542,14.635708983600571,14.752147152853318,61802787
2011-01-03,14.940274238586426,14.97092811593276,14.745718100118868,14.745718100118868,94962614
2011-01-04,14.885147094726562,14.985515266539116,14.835704650220746,14.97167255583031,73253547
2011-01-05,15.056960105895996,15.08810809661446,14.833974531181987,14.834468643233134,101671667
2011-01-06,15.166473388671875,15.28834962286976,15.081185108964696,15.09675910361545,82620526
2011-01-07,15.239153861999512,15.283900346084149,15.083164013923616,15.226052320152002,84363033
2011-01-10,15.184025764465332,15.213197305728778,15.044351084546081,15.198611535097054,63404769
2011-01-11,15.22852611541748,15.297498294511362,15.191196988199389,15.270552147221641,57787794
2011-01-12,15.249783515930176,15.311093164384493,15.197869568735046,15.311093164384493,65552790
2011-01-13,15.245335578918457,15.31900465892636,15.182790646420454,15.252256934142451,53560006
2011-01-14,15.430498123168945,15.432723520644705,15.254977588188927,15.262888114222504,94978674
2011-01-18,15.812442779541016,15.870783980221692,15.457444988450437,15.47697472288993,145222296
2011-01-19,15.617636680603027,15.894761609352699,15.565969786271229,15.873996597151892,136754676
2011-01-20,15.494525909423828,15.675238413490646,15.408496451180696,15.62900958935379,220254485
2011-01-21,15.125191688537598,15.864356887422325,15.113572481566639,15.811205759876394,357511035
2011-01-24,15.106649398803711,15.141506071340832,14.86314490996954,15.019878774804882,184657557
2011-01-25,15.324938774108887,15.344220503629936,14.993920605466771,15.035452523211763,146418764
2011-01-26,15.240638732910156,15.388719008166746,15.21047896526914,15.3353208281352,81829572
2011-01-27,15.247807502746582,15.319745294874798,15.160293822180911,15.275000703781602,81070738
2011-01-28,14.85721206665039,15.336062494395875,14.826805243864479,15.304171442299864,169878368
2011-01-31,14.841638565063477,14.943242015948986,14.72272888625738,14.921734888859142,112616538
2011-02-01,15.105661392211914,15.162767307587172,14.909621950187718,14.943736508528223,110223602
2011-02-02,15.129392623901367,15.187241599223746,15.018888529453124,15.104671875144629,70691981
2011-02-03,15.083658218383789,15.11579537971534,14.98427922236373,15.067095052380445,60028160
2011-02-04,15.104177474975586,15.115549625707366,14.996145829323243,15.083659517653958,62264511
2011-02-07,15.186005592346191,15.287361995238877,15.060421604332163,15.083907074714881,72253814
2011-02-08,15.287113189697266,15.318016017629978,15.191442873308032,15.201824905861283,68050116
2011-02-09,15.240638732910156,15.313565698523329,15.137798109115092,15.249784539041206,73976246
2011-02-10,15.239153861999512,15.265359785418939,15.118514796514258,15.176362822446405,93725996
2011-02-11,15.438407897949219,15.450768271757994,15.15411362089854,15.173643352283337,103984303
2011-02-14,15.528640747070312,15.56547481390939,15.32815146259338,15.409731068803621,85439051
2011-02-15,15.429756164550781,15.576600215891352,15.403799188711746,15.508123097295062,83993653
2011-02-16,15.431486129760742,15.48784992849578,15.379077120699314,15.466343748174006,67612482
2011-02-17,15.457195281982422,15.5063906670275,15.334083764646877,15.358063343830803,59373716
2011-02-18,15.576353073120117,15.603546275576234,15.430498193321469,15.475490789365194,129198459
2011-02-22,15.085142135620117,15.44903863752452,15.024822599970772,15.327904507580033,146141730
2011-02-23,15.11258316040039,15.196141112819749,14.931624544274309,15.088109466449708,116017237
2011-02-24,15.050780296325684,15.1563394887678,14.866112053701464,15.114313456628798,108874565
2011-02-25,15.080940246582031,15.196635364376405,15.06759070069327,15.125932844978449,77585724
2011-02-28,15.16400146484375,15.240390997828255,15.030754023310648,15.079950355423058,91602065
2011-03-01,14.851526260375977,15.307880399320164,14.815433362022812,15.272280666454595,133426247
2011-03-02,14.85226821899414,14.981064868763935,14.713828811509671,14.827793580388994,81371863
2011-03-03,15.069072723388672,15.116784827497858,14.95634323419968,14.990459684081701,78103658
2011-03-04,14.848065376281738,15.054735802579017,14.837683343004304,15.038666747426053,120891439
2011-03-07,14.62656307220459,14.923958895229502,14.511362077078848,14.846335027245258,139027162
2011-03-08,14.642631530761719,14.782801279807813,14.590469577567628,14.657958470588937,91738575
2011-03-09,14.62928295135498,14.697018900497802,14.48046150806785,14.610246384700732,86362499
2011-03-10,14.34572982788086,14.50196768502037,14.324716812960833,14.47279708811103,125592995
2011-03-11,14.256980895996094,14.338313446338292,14.173422948195071,14.294310021553802,121734587
2011-03-14,14.090855598449707,14.29604180849699,14.04215526435493,14.16032284015601,113066217
2011-03-15,14.080223083496094,14.11582186757849,13.73264271981051,13.78208515995558,160824559
2011-03-16,13.772198677062988,14.085911596226058,13.628321179734987,14.041908167113263,152509508
2011-03-17,13.877510070800781,14.066379198420378,13.85723822441704,13.954639827005781,116406692
2011-03-18,13.870094299316406,14.041412044522868,13.837462077398547,13.958595262953702,132438559
2011-03-21,14.251789093017578,14.333369646885087,14.066873801967793,14.096539457919615,121288923
2011-03-22,14.272061347961426,14.319278396221682,14.153152611293823,14.270825121165629,75758903
2011-03-23,14.391712188720703,14.398881546871127,14.140544223436077,14.219404323366083,72920303
2011-03-24,14.50864315032959,14.545725220330366,14.308647974937783,14.47254930447893,84262658
2011-03-25,14.33188533782959,14.509136199587106,14.319524017684913,14.50839503152881,114764559
2011-03-28,14.223607063293457,14.4616725223495,14.207538009238478,14.389485780402824,89068604
2011-03-29,14.381082534790039,14.385037324748856,14.165513351912766,14.239429493201454,64432607
2011-03-30,14.38379955291748,14.474278846244916,14.352649671294449,14.446590588454855,57105245
2011-03-31,14.5054292678833,14.540039832570198,14.381329512038459,14.412477505736824,81480268
2011-04-01,14.630023956298828,14.713828959030556,14.554871594104409,14.554871594104409,104919797
2011-04-04,14.528173446655273,14.702704818608323,14.414949837383263,14.65969056231275,82488031
2011-04-05,14.068604469299316,14.375147043134481,13.984304409577314,14.365012066608582,242806701
2011-04-06,14.194435119628906,14.218661754752835,14.041657948846607,14.144992678727593,107132058
2011-04-07,14.338313102722168,14.354135100864577,14.194682679022813,14.232753918346036,101639547
2011-04-08,14.292825698852539,14.459199467671636,14.290354192114034,14.459199467671636,76357137
2011-04-11,14.273296356201172,14.291342804784417,14.165264720724785,14.24437187000352,74606600
2011-04-12,14.106180191040039,14.26192392630637,14.042894094230647,14.214705936430171,83736694
2011-04-13,14.24635124206543,14.278982517545128,14.134363862392867,14.227316568012656,83086265
2011-04-14,14.30147933959961,14.324717753499236,14.143017021176751,14.219404669375777,219070062
2011-04-15,13.119555473327637,13.49161046779434,13.103734422842166,13.480238318665917,563853569
2011-04-18,13.024133682250977,13.044405530994382,12.830319625202112,13.013750701822026,202347616
2011-04-19,12.892864227294922,13.12400740732812,12.877290230345485,13.101016995980164,107766427
2011-04-20,12.996691703796387,13.023637848823796,12.889402182310748,13.000894495938928,122858785
2011-04-21,12.981118202209473,13.05973218948546,12.914123421129831,13.040202457327169,99174342
2011-04-25,12.97988224029541,13.028088458302296,12.904729875686487,12.984827147375505,65476506
2011-04-26,13.171965599060059,13.286178372364638,12.98383668985341,13.016221854765016,140524754
2011-04-27,13.294088363647461,13.302741003888064,13.209788305169427,13.300020547914812,92280599
2011-04-28,13.29927921295166,13.330923208095893,13.203113840570921,13.30150461027694,80299860
2011-04-29,13.450821876525879,13.450821876525879,13.31262952221594,13.34946453561131,169773978
2011-05-02,13.313865661621094,13.491117479041966,13.27826782177753,13.490375364370832,85667905
2011-05-03,13.198418617248535,13.39915497168559,13.093106479285595,13.278515892812534,83572079
2011-05-04,13.245388984680176,13.324743195510596,13.176909972497432,13.230062044432707,84997401
2011-05-05,13.20781135559082,13.335124714691757,13.139332350908271,13.197675433024461,80211530
2011-05-06,13.233274459838867,13.385557528313655,13.23030884083856,13.303729918961404,82552271
2011-05-09,13.292110443115234,13.312135233628835,13.129445345001306,13.225857777663668,78240168
2011-05-10,13.415223121643066,13.458980440047945,13.288650910860913,13.349465509159703,82022292
2011-05-11,13.236981391906738,13.437223609528537,13.19347302820572,13.35292544492672,93902656
2011-05-12,13.227094650268555,13.273817586123718,13.124748135003813,13.231791554800834,58149143
2011-05-13,13.091127395629883,13.24860242812043,13.07876702118207,13.21621726262931,84664157
2011-05-16,12.81597900390625,13.034762728578603,12.766042450789028,13.011030205410087,118771522
2011-05-17,13.113624572753906,13.132413138297043,12.732176652109194,12.742064573700388,132639308
2011-05-18,13.097556114196777,13.110410601237469,12.995951711806441,13.090880868054587,78420843
2011-05-19,13.13315486907959,13.263929869597995,13.095330683045578,13.169740935157334,99118132
2011-05-20,12.954668998718262,13.15144868512158,12.932419753800808,13.146751780068168,93047462
2011-05-23,12.815237998962402,12.855039576295344,12.691879424009823,12.770986573478726,92344839
2011-05-24,12.81202507019043,12.952935989340656,12.809305560633259,12.864187024126185,76284867
2011-05-25,12.846882820129395,12.923517521136084,12.787056448986535,12.78903479045274,52259149
2011-05-26,12.808810234069824,12.907449011301637,12.7314343673514,12.79818019867538,85057626
2011-05-27,12.877290725708008,12.899292913699146,12.763572051697885,12.817465296116893,70093747
2011-05-31,13.078025817871094,13.078766985980037,12.941563800939063,12.97864587075755,107894906
2011-06-01,12.993477821350098,13.181358718119737,12.986308463906798,13.053797353132088,118679178
2011-06-02,13.054292678833008,13.109668255646259,12.916348322172524,13.04218030672138,88510520
2011-06-03,12.931181907653809,13.04292223856847,12.892123386263755,12.904483761716614,70202152
2011-06-06,12.881243705749512,13.023637901094547,12.836498167873973,12.942552409662287,77975179
2011-06-07,12.831059455871582,12.969499811543272,12.8300712317456,12.926483664818093,76590006
2011-06-08,12.834521293640137,12.885694076555655,12.750716289377815,12.769257797521378,66383894
2011-06-09,12.774201393127441,12.855039829504038,12.747255247668575,12.855039829504038,67817246
2011-06-10,12.59571361541748,12.773212490039622,12.590275542950963,12.708689215943844,97961814
2011-06-13,12.477545738220215,12.61277152358014,12.414259639033654,12.607826616730538,97455925
2011-06-14,12.567532539367676,12.708689570018821,12.533417034541504,12.562093520174779,94011061
2011-06-15,12.43354320526123,12.567037714841051,12.375696120835745,12.484963046211638,83242849
2011-06-16,12.369760513305664,12.523032739598193,12.278292993394057,12.430080990449069,110693357
2011-06-17,11.990290641784668,12.525999925884738,11.98485256946818,12.513392495913754,210602442
2011-06-20,11.979413032531738,12.02020378252606,11.847155701394277,11.98979695863198,121598077
2011-06-21,12.187566757202148,12.21080611818203,11.983122665209256,12.0439372644058,111030616
2011-06-22,12.039485931396484,12.171497147290282,12.032564576399315,12.149247906424787,96644896
2011-06-23,11.871627807617188,11.93689224683015,11.71118716555592,11.918845798295091,192787918
2011-06-24,11.739619255065918,11.884732979192995,11.69363748435595,11.883002640208336,152794573
2011-06-27,11.93541145324707,12.073849928581994,11.707975057271986,11.717863925470876,138304463
2011-06-28,12.203635215759277,12.266921314077958,11.965569759129632,11.965569759129632,109011074
2011-06-29,12.300544738769531,12.366797413483829,12.172240289020642,12.275080925726765,94071286
2011-06-30,12.518336296081543,12.525505654186464,12.39769722138444,12.409810540062637,97500090
2011-07-01,12.88050365447998,12.884212334909776,12.518336527914471,12.527237171631004,146013250
2011-07-05,13.162571907043457,13.235746875496455,12.986062202401227,12.986062202401227,154545110
2011-07-06,13.234757423400879,13.312629294583017,13.177403508139633,13.188775658095048,108228151
2011-07-07,13.512624740600586,13.61348892343214,13.247614055812308,13.374186266661939,158010049
2011-07-08,13.151446342468262,13.291369031166534,13.034763011977478,13.175179812727576,191523195
2011-07-11,13.035011291503906,13.250086361007408,12.991006917516922,13.0572605345465,113997696
2011-07-12,13.201384544372559,13.335126106652007,13.003367709225524,13.056764943776772,114073981
2011-07-13,13.306449890136719,13.448349984021345,13.262445517053658,13.275301897091822,112026334
2011-07-14,13.07604694366455,13.39890657410493,13.021412538595511,13.327709002954286,266976958
2011-07-15,14.773902893066406,14.83892028494229,14.540040198937389,14.770936327251345,551342851
2011-07-18,14.707649230957031,14.883416823806215,14.634968373380135,14.647081691880475,179401931
2011-07-19,14.895777702331543,14.948433770498744,14.722235501109672,14.737315385735611,119144917
2011-07-20,14.71778392791748,14.90269921670754,14.71778392791748,14.886631108742373,89446014
2011-07-21,15.005539894104004,15.031991928194659,14.684657647101204,14.685152705746022,139300182
2011-07-22,15.283406257629395,15.314802252686318,14.938298314617343,14.965985629360922,141656982
2011-07-25,15.301946640014648,15.46090495489878,15.15411436594007,15.163014062697888,125733520
2011-07-26,15.389461517333984,15.512573052115584,15.25843945590184,15.278957413982155,94067271
2011-07-27,15.011223793029785,15.350646573751742,14.9501630943962,15.257447768555961,157965884
2011-07-28,15.103188514709473,15.22778332171952,14.906902022153702,14.961041370364477,124802042
2011-07-29,14.923958778381348,15.202567928803758,14.923958778381348,14.937308322940954,166116320
2011-08-01,15.000101089477539,15.215917317882848,14.812467234385524,15.11011107315731,159238637
2011-08-02,14.644856452941895,15.071791982821072,14.624337550777103,14.981064680394947,128503865
2011-08-03,14.861662864685059,14.906902517715134,14.42805300594055,14.691086285800456,153601587
2011-08-04,14.27700424194336,14.804308885723994,14.275768961814732,14.696771361147038,197320845
2011-08-05,14.314580917358398,14.585525660966114,13.89333144742955,14.40110543069418,238052949
2011-08-08,13.498286247253418,14.06637878949243,13.45700138760067,13.917557353760122,300987964
2011-08-09,14.175400733947754,14.205066388403555,13.374431849940324,13.868609212929673,259758001
2011-08-10,13.572202682495117,13.945740036147066,13.540558686416396,13.878004088932075,215589063
2011-08-11,13.89654541015625,14.05401854090984,13.557369673424105,13.691110280724159,193948251
2011-08-12,13.937088966369629,14.103461803097614,13.853777126836981,14.078741054111832,126644924
2011-08-15,13.775411605834961,13.967249205861165,13.499028776383152,13.68147162062883,286867234
2011-08-16,13.324743270874023,13.65699673054123,13.109668207812923,13.65674967449953,278616423
2011-08-17,13.18012523651123,13.440687020772481,13.121288032818427,13.350206764178251,163775579
2011-08-18,12.481254577636719,12.975926064699772,12.372727880210332,12.940822337123649,252571164
2011-08-19,12.136147499084473,12.728220631183833,12.134663269646541,12.344300265430507,217211120
2011-08-22,12.315376281738281,12.533664017683332,12.225391088987466,12.459499877188229,196971541
2011-08-23,12.825867652893066,12.889895863841417,12.337376381221214,12.447138352436403,174523715
2011-08-24,12.936373710632324,13.102253392684142,12.78656308441479,12.838477039302603,144318923
2011-08-25,12.856027603149414,13.281974899242247,12.813012405018917,13.111645392009093,132213719
2011-08-26,13.024627685546875,13.113376650828606,12.685451929976315,12.854793225011793,144391193
2011-08-29,13.326723098754883,13.335869852767223,13.190262010202591,13.214983708902814,93782206
2011-08-30,13.366769790649414,13.423382542688204,13.122278011341441,13.304719912344726,120008140
2011-08-31,13.373198509216309,13.505208797539325,13.25058108406672,13.466644387728925,108135806
2011-09-01,13.164054870605469,13.444146360679609,13.132411820853227,13.368005775081151,96982155
2011-09-02,12.974692344665527,13.050832940008545,12.873087936754786,12.965544644407005,96408011
2011-09-06,12.908931732177734,12.92327044820209,12.620188535975647,12.627604950027061,109039179
2011-09-07,13.201878547668457,13.249096541130228,13.0379772184803,13.113376638507113,110645177
2011-09-08,13.224869728088379,13.327216247031844,13.149223247618117,13.196193241204067,95576908
2011-09-09,12.974939346313477,13.217206683031987,12.884460034098646,13.136863295274678,131242091
2011-09-12,13.105218887329102,13.151446762896747,12.79323633851947,12.804608488673445,107216373
2011-09-13,13.090386390686035,13.198170977542139,12.939091543533557,13.151694151615324,94520965
2011-09-14,13.153426170349121,13.274065250612853,12.998917692912293,13.166280657747759,108179971
2011-09-15,13.412751197814941,13.472576623473087,13.214982361256256,13.23821982802126,118875912
2011-09-16,13.514601707458496,13.518557443610762,13.427088972653713,13.468126777187164,141901897
2011-09-19,13.514354705810547,13.594203971233648,13.23525238758388,13.35811685250224,99106087
2011-09-20,13.513367652893066,13.807302824007033,13.415470036913291,13.58184477437677,111580670
2011-09-21,13.329687118530273,13.72028271715049,13.32128248030928,13.539571163213328,100948969
2011-09-22,12.871355056762695,13.072091393964621,12.706712564278199,13.009547408864321,176671736
2011-09-23,12.991252899169922,13.013749196401138,12.719072881562477,12.769998607012257,111508400
2011-09-26,13.148975372314453,13.17468529183042,12.688171376165323,13.03426848534916,105762945
2011-09-27,13.333148956298828,13.52374938089624,13.251815456347956,13.304966582409842,120887424
2011-09-28,13.07357406616211,13.448842692112418,13.045392641737296,13.386545765951254,90871336
2011-09-29,13.040450096130371,13.282718365393453,12.840454914664603,13.251568479071905,116699786
2011-09-30,12.732421875,12.953923213595845,12.716104818916465,12.86023029514798,109352349
2011-10-03,12.24986457824707,12.657271370444775,12.237010090831742,12.604120242104708,179646846
2011-10-04,12.407587051391602,12.445658295825632,11.881024445815976,12.114145977590434,166975528
2011-10-05,12.47680377960205,12.553440365166953,11.885224846184824,12.27038232895472,182043797
2011-10-06,12.724264144897461,12.737118630280102,12.424889049099297,12.546024115622679,137485405
2011-10-07,12.734399795532227,12.867400183848442,12.615243063967096,12.776673827019641,114664185
2011-10-10,13.279502868652344,13.286919282359225,12.934146939089123,12.983095269554534,93236167
2011-10-11,13.428077697753906,13.517567824377878,13.187786849192172,13.187786849192172,114563810
2011-10-12,13.559595108032227,13.725968893727012,13.463923839206085,13.550448355049996,127588447
2011-10-13,13.81892204284668,13.819169098896039,13.54772928006853,13.597418782961302,228356741
2011-10-14,14.627058029174805,14.822850415650247,14.525453628871738,14.819636793956093,342474886
2011-10-17,14.397891998291016,14.63076550473508,14.288871185781357,14.43027621727777,160928949
2011-10-18,14.598133087158203,14.648812704288863,14.274038166154929,14.34301128871456,152601853
2011-10-19,14.35561752319336,14.636451110721655,14.319029568808455,14.519765892886516,117699519
2011-10-20,14.429040908813477,14.558084619007428,14.326200283742715,14.385284539587824,135666613
2011-10-21,14.597639083862305,14.653509717852023,14.503946158561813,14.573413393707472,136148412
2011-10-24,14.74423599243164,14.83199673263582,14.499002114393827,14.504440186879892,137589795
2011-10-25,14.41643238067627,14.70913225412773,14.408768910734276,14.662161317188307,102000897
2011-10-26,14.494303703308105,14.589974965797,14.161803209984738,14.574400970469657,115354763
2011-10-27,14.799860000610352,14.899487012345066,14.66710759908318,14.793680759445467,151778780
2011-10-28,14.836198806762695,14.889597934330828,14.690590982373006,14.697266228284596,100696024
2011-10-31,14.650788307189941,14.825073550501584,14.626809674633428,14.71135678821764,102695490
2011-11-01,14.304939270019531,14.474527621006127,14.257970225724181,14.34078605977094,125472546
2011-11-02,14.457468032836914,14.535092843063284,14.350179462606713,14.45944637409698,85153986
2011-11-03,14.77093505859375,14.77093505859375,14.430276024381364,14.511362465220229,107192283
2011-11-04,14.73731517791748,14.826312148135134,14.645598698069584,14.6720507330912,113817021
2011-11-07,15.038665771484375,15.049790865320182,14.640653778316263,14.667599923659914,134799374
2011-11-08,15.137797355651855,15.187981911594257,14.92173408594025,15.05522858279976,121630197
2011-11-09,14.856223106384277,15.064870916386168,14.799611305614928,14.938050714010595,148996390
2011-11-10,14.711111068725586,14.979830423706773,14.624091493886477,14.979336311621992,115166059
2011-11-11,15.03916072845459,15.131618375570701,14.798128689560103,14.864876416600445,159676271
2011-11-14,15.154115676879883,15.279698719923749,15.025071009303064,15.030509082297817,128026081
2011-11-15,15.242121696472168,15.279697879553073,15.092312022811708,15.149169936233898,107441212
2011-11-16,15.116290092468262,15.285137273836764,15.095030967993946,15.13137092292041,104731092
2011-11-17,14.854246139526367,15.136562090266402,14.753135853155207,15.0811865146277,140255750
2011-11-18,14.70616626739502,14.9439837407162,14.678230949481254,14.882181866678867,132000924
2011-11-21,14.361551284790039,14.548443961143564,14.142768503208368,14.530149509859967,120501984
2011-11-22,14.338313102722168,14.461177567986095,14.220640600354509,14.338313102722168,96572626
2011-11-23,14.09382152557373,14.344494436433438,14.09382152557373,14.22336124683474,93380707
2011-11-25,13.918052673339844,14.196660896438368,13.876768756680077,13.972192969971017,62730250
2011-11-28,14.540781021118164,14.556355016975361,14.251788882469295,14.322739399668361,113580136
2011-11-29,14.410747528076172,14.594425647316054,14.371193004286964,14.533117886606277,73546641
2011-11-30,14.817656517028809,14.8206230822936,14.637192041045168,14.782058680426045,136389312
2011-12-01,15.173150062561035,15.22827858221467,14.808017330766505,14.832738079723827,145366836
2011-12-02,15.336063385009766,15.4260485784595,15.234705094495963,15.254235773790422,164040568
2011-12-05,15.466838836669922,15.621346364098478,15.386494505914117,15.516034227261713,128379401
2011-12-06,15.42036247253418,15.540259431640042,15.333096788859825,15.401079795894049,93408812
2011-12-07,15.410967826843262,15.467084568283,15.280192836452121,15.368693795524548,90630437
2011-12-08,15.229514122009277,15.51133691232082,15.210973559975239,15.352873652585677,96885796
2011-12-09,15.510594367980957,15.552867454055528,15.253246224709676,15.277720863943516,111062736
2011-12-12,15.46041202545166,15.4799408127156,15.334332978404955,15.37364044871286,87683432
2011-12-13,15.466343879699707,15.736546509259453,15.397617812994557,15.543720693923877,161731947
2011-12-14,15.279450416564941,15.433958883823331,15.14150606272117,15.37289723297756,156733281
2011-12-15,15.315792083740234,15.426049128539375,15.294778120875012,15.389461168781295,96705121
2011-12-16,15.47450065612793,15.557563541128738,15.363502455721667,15.433957911002864,179040582
2011-12-19,15.372403144836426,15.537294602106341,15.327163489861622,15.525180336327512,86061375
2011-12-20,15.583521842956543,15.619861796872348,15.524684645293066,15.524931701321092,95886062
2011-12-21,15.471040725708008,15.619368056966096,15.301452376910635,15.574622517582302,100290510
2011-12-22,15.566959381103516,15.617142994032896,15.500459657263018,15.523697123571367,73165217
2011-12-23,15.651998519897461,15.690069758092053,15.588218310311396,15.623817095145364,58365953
2011-12-27,15.827767372131348,15.93258444089498,15.623817416355916,15.62505269648683,64496847
2011-12-28,15.81417179107666,15.94519384540946,15.774617266817323,15.889571212664176,85406931
2011-12-29,15.880919456481934,15.895752284699574,15.702925517870266,15.858422211539457,63252199
2011-12-30,15.967442512512207,15.988704477826095,15.87152513172592,15.87152513172592,71559220
2012-01-03,16.44975471496582,16.517491614973853,16.127389166241187,16.141481773386513,147611217
2012-01-04,16.520702362060547,16.569403635099555,16.331338181807887,16.440358986880668,114989399
2012-01-05,16.291536331176758,16.414153734498576,16.222811216146592,16.368667030217,131808205
2012-01-06,16.06929588317871,16.31601305750842,16.06360886119694,16.29499909479282,108119746
2012-01-09,15.387975692749023,15.994635462155642,15.357567924871947,15.982273195673429,233776981
2012-01-10,15.404786109924316,15.668315368668933,15.250773660187628,15.568194260936847,176483032
2012-01-11,15.47450065612793,15.559294826432227,15.354849815503409,15.413686065152932,96359832
2012-01-12,15.565475463867188,15.645820739837973,15.487850644106818,15.604535876366416,75289148
2012-01-13,15.450520515441895,15.498973784384036,15.353365974969838,15.481916507164035,92637933
2012-01-17,15.539270401000977,15.623323405210368,15.467578717353884,15.623323405210368,76658261
2012-01-18,15.64631462097168,15.67325982116047,15.379571716355628,15.491064983742573,110882061
2012-01-19,15.810956001281738,15.846060674346342,15.610466725586107,15.846060674346342,253157352
2012-01-20,14.486393928527832,14.610246622640831,14.380340628040024,14.59862836283677,424637703
2012-01-23,14.474774360656738,14.552399176503048,14.416432220756155,14.486640622777186,137027695
2012-01-24,14.36130428314209,14.528172170097706,14.28887048553129,14.494550779421326,122690156
2012-01-25,14.078493118286133,14.306422650346724,14.00160947341725,14.276756996157753,200255805
2012-01-26,14.0441312789917,14.20185337694381,13.956371479278367,14.1400505544369,129531704
2012-01-27,14.337820053100586,14.346225638138913,14.074539712722204,14.110384610721228,145242371
2012-01-30,14.281207084655762,14.33831299664329,14.175153789007389,14.290106781062246,93569411
2012-01-31,14.341032028198242,14.437197400129207,14.218414623955889,14.412475706521173,86017210
2012-02-01,14.358831405639648,14.474279452356615,14.317052434484662,14.460434849594469,93175942
2012-02-02,14.464637756347656,14.496775863602437,14.389732453526246,14.45870557214155,96950036
2012-02-03,14.742012023925781,14.760305529984022,14.537319939812967,14.601842269677084,127215053
2012-02-06,15.057455062866211,15.100469317824343,14.684657911680066,14.709379607396398,147735682
2012-02-07,15.000101089477539,15.064871420862872,14.925689893140877,15.00949584496521,83997668
2012-02-08,15.076242446899414,15.113324516611264,14.949917300418374,15.046329735094332,73731331
2012-02-09,15.116043090820312,15.191196401017171,15.0552294430225,15.129887694572933,90927546
2012-02-10,14.978841781616211,15.03372230165934,14.931624732032036,15.027543060656864,93356617
2012-02-13,15.134337425231934,15.174881121417405,15.080446076358951,15.092312339325451,72924318
2012-02-14,15.074016571044922,15.129392144532284,14.950410938027934,15.118020941231423,72418428
2012-02-15,14.97018814086914,15.152383920511458,14.896024001742402,15.152383920511458,97399715
2012-02-16,14.993921279907227,15.050533083998367,14.77662176322225,14.90245280228536,101615457
2012-02-17,14.947443962097168,15.02136009453494,14.892068390130385,14.95560154366346,98331193
2012-02-21,15.178833961486816,15.27475227709444,14.90393350017644,14.928408137688288,99603946
2012-02-22,15.02902603149414,15.247562736413633,14.998619204425653,15.12840598875509,78974912
2012-02-23,14.983784675598145,15.02902432697771,14.841391422255017,15.005786861204125,82508106
2012-02-24,15.07748031616211,15.12074257777636,14.968953604745229,15.014441264072046,77714204
2012-02-27,15.062893867492676,15.138293291928289,14.957828785385704,14.995652025629232,72827958
2012-02-28,15.287361145019531,15.32147759645064,15.022597528115902,15.079951446007867,114330940
2012-02-29,15.28390121459961,15.465601937798231,15.215917261814345,15.292553855364986,125946315
2012-03-01,15.386492729187012,15.468073277339062,15.281427660530786,15.383032051760036,89843498
2012-03-02,15.358063697814941,15.426047647456283,15.335073288757856,15.376604258676318,63167885
2012-03-05,15.185016632080078,15.388719545359677,15.114066112261897,15.337793817039778,63970883
2012-03-06,14.955355644226074,15.050532800450586,14.680455157875159,15.031745182505663,127451937
2012-03-07,15.000842094421387,15.109368794114694,14.97760462843064,15.056464725752528,50769586
2012-03-08,15.009249687194824,15.117034279828873,14.989719006935065,15.080940431673739,54021731
2012-03-09,14.838919639587402,15.12692072745351,14.832738505595746,15.029273009008582,107224403
2012-03-12,14.960052490234375,15.005787201292346,14.814444665430923,14.832738171224166,67010233
2012-03-13,15.272281646728516,15.274012932207802,14.969941839606845,15.04904899656409,90168712
2012-03-14,15.228031158447266,15.395888220305544,15.16548622630181,15.203556519543703,117916329
2012-03-15,15.35509967803955,15.413687932188996,15.199354974970175,15.243112293405694,97769094
2012-03-16,15.45175838470459,15.473265512169386,15.328398855393942,15.349164814740922,122477361
2012-03-19,15.672764778137207,15.75409827225297,15.357816620507522,15.404292497184468,87237768
2012-03-20,15.660652160644531,15.724186264843484,15.5068858084902,15.597119003020435,61850967
2012-03-21,15.821091651916504,16.00427564394966,15.636424377195937,15.688338324680558,99154267
2012-03-22,15.971151351928711,16.039134361635917,15.59909724562898,15.78450665865306,96769361
2012-03-23,15.885616302490234,16.03171824003366,15.843837327593546,15.98474730199248,77898894
2012-03-26,16.05223274230957,16.056189424401364,15.810212532446082,15.94519029310665,73040752
2012-03-27,15.99513053894043,16.15532318304748,15.940250023677313,15.995378541544849,80588939
2012-03-28,16.21119499206543,16.281156342534,16.095500822133474,16.118985345271415,101936657
2012-03-29,16.02949333190918,16.231712008089357,15.927889881752705,16.15384108231682,77260510
2012-03-30,15.852241516113281,16.155077311512866,15.846309331591234,16.112061164485603,92774443
2012-04-02,15.992659568786621,16.006998285581098,15.69402748895173,15.840623545854328,91710470
2012-04-03,15.88635540008545,16.018120505373762,15.787965575664945,15.955328519451106,82102591
2012-04-04,15.701689720153809,15.796865927076073,15.601568606272064,15.783269326087177,65348026
2012-04-05,15.631728172302246,15.733331621072358,15.53902347347985,15.629749830914019,93095642
2012-04-09,15.59514045715332,15.706139609375121,15.457938220167193,15.536798316793186,87635252
2012-04-10,15.496749877929688,15.68561900034677,15.439643020503336,15.661393311599669,99652126
2012-04-11,15.721713066101074,15.722701290201783,15.606512072108115,15.672517680122075,88289696
2012-04-12,16.093769073486328,16.146425143311312,15.828016270662149,15.879684116267361,231127086
2012-04-13,15.44088077545166,16.04383190469937,15.414675797819493,16.0082331184405,327595322
2012-04-16,14.982796669006348,15.421350478693677,14.87377491010243,15.40132663421481,228537416
2012-04-17,15.069319725036621,15.270057007957137,15.006033625542122,15.044351920938885,121409373
2012-04-18,15.016910552978516,15.149167870572736,14.90220367787377,15.03174337935304,107180238
2012-04-19,14.815433502197266,15.234704629480655,14.808017088316525,14.973401697994754,132277959
2012-04-20,14.735337257385254,15.051521673584773,14.729652128493555,14.937804897127181,122794545
2012-04-23,14.773406028747559,14.794419989514973,14.59046908794432,14.657216810625139,88241516
2012-04-24,14.8641357421875,14.996640136779199,14.766486128659613,14.789230430419465,77453230
2012-04-25,15.073028564453125,15.113324255080222,14.903934329493213,14.931623536498707,73117037
2012-04-26,15.215176582336426,15.277721518003544,15.072535319445025,15.102448032453221,84013728
2012-04-27,15.2030611038208,15.246569465752225,15.094782417863625,15.204049327862581,65701345
2012-04-30,14.952635765075684,15.230255754155799,14.847817746429238,15.153867164339047,96652926
2012-05-01,14.942255020141602,15.119504961039743,14.837436992460404,14.926432073704925,80392204
2012-05-02,15.012216567993164,15.03322863843873,14.847819219281376,14.862404992481473,64701612
2012-05-03,15.105167388916016,15.199355381432154,15.053994601255068,15.070557769500038,75000069
2012-05-04,14.757832527160645,15.027789045793496,14.753877737474895,14.979087770223408,88626955
2012-05-07,15.019384384155273,15.094041693028498,14.709133102050243,14.709133102050243,80079035
2012-05-08,15.14892292022705,15.250528268302832,14.850043793673747,14.969447589298149,107493407
2012-05-09,15.05893611907959,15.237671209383166,14.877482465998426,15.001336096942122,93501157
2012-05-10,15.170429229736328,15.232974157936566,15.085635061470308,15.153123949715795,61666277
2012-05-11,14.962030410766602,15.192432405273484,14.950658260688108,15.088602611523699,84290763
2012-05-14,14.931623458862305,15.042868718919525,14.847076341821948,14.852020302147318,73249532
2012-05-15,15.107391357421875,15.20355673588377,14.925442633423287,14.964997156567472,84399167
2012-05-16,15.54792308807373,15.576847576667944,15.226794720463927,15.276732224809129,194128926
2012-05-17,15.402562141418457,15.76843699257046,15.357569544755998,15.669057990247852,134654835
2012-05-18,14.84262752532959,15.634201726641168,14.751159046790326,15.453242164515277,239835606
2012-05-21,15.181554794311523,15.22061520601366,14.832738171171226,14.845346548340071,123477094
2012-05-22,14.85251522064209,15.174137679708302,14.733853547929025,15.164991873808816,122533571
2012-05-23,15.066600799560547,15.070062423821248,14.761541493608604,14.873527925495635,127600492
2012-05-24,14.9232177734375,15.127414787049348,14.80480315643592,15.059183780776603,75935562
2012-05-25,14.6233491897583,14.875505357987182,14.543003920604784,14.85745890939609,143813034
2012-05-29,14.692815780639648,14.811229451051645,14.543994340670308,14.729155734601669,104618672
2012-05-30,14.541769027709961,14.632495385127694,14.425579807453152,14.540038688926696,76553871
2012-05-31,14.359572410583496,14.585524541364233,14.313591594493323,14.553881493334785,119177037
2012-06-01,14.115327835083008,14.156612696831111,14.05031139546292,14.135352625872441,122774470
2012-06-04,14.303455352783203,14.350426285036392,14.091346882763967,14.096537898693926,97672734
2012-06-05,14.101237297058105,14.2920847725628,14.003835691148158,14.225832105376055,93946821
2012-06-06,14.352404594421387,14.387014211500425,14.180345679768418,14.251295252794213,84146223
2012-06-07,14.294556617736816,14.533364191210044,14.270329981952532,14.526194833570356,70603652
2012-06-08,14.349437713623047,14.363035261374092,14.20432400249001,14.235720943760764,56627461
2012-06-11,14.0540189743042,14.469830366461213,14.009273435425456,14.442389162084433,106842978
2012-06-12,13.969966888427734,14.098517429799339,13.808784126364518,14.0854149410016,129451404
2012-06-13,13.870834350585938,14.016937222757752,13.811255986765206,13.886408345596225,78460993
2012-06-14,13.820404052734375,13.969225501848486,13.757859117578034,13.876026685797664,94147570
2012-06-15,13.955382347106934,13.955630349734273,13.771951274067554,13.852295606151262,120497969
2012-06-18,14.112114906311035,14.195177793806495,13.825348169834815,13.90865811335968,100250360
2012-06-19,14.376137733459473,14.444120739259958,14.168232033180741,14.17985123947705,83359284
2012-06-20,14.27675724029541,14.338313000502751,14.177872355691076,14.333616096271644,94219840
2012-06-21,13.972685813903809,14.334356896157177,13.936097858526615,14.334356896157177,80753554
2012-06-22,14.127689361572266,14.127689361572266,13.987766666342932,14.041658959200372,89450029
2012-06-25,13.86119270324707,14.04388258633393,13.778376873944273,14.025094969692006,63501129
2012-06-26,13.959586143493652,14.007050249576194,13.831034643688062,13.912121090836193,54210435
2012-06-27,14.073796272277832,14.189738441339479,13.992711722664081,14.034242694918705,67945726
2012-06-28,13.950437545776367,13.997902595379434,13.77491700986484,13.989745013266335,77124000
2012-06-29,14.340044975280762,14.341528258184798,14.145489751946924,14.213719818957697,101157748
2012-07-02,14.349932670593262,14.412476656930645,14.25178895089385,14.383306059918823,66468209
2012-07-03,14.531880378723145,14.546219094413802,14.288870952681187,14.338560452381826,47758342
2012-07-05,14.731876373291016,14.834222890532441,14.549433528261629,14.554872547601354,94187720
2012-07-06,14.4861478805542,14.672545521364308,14.408028945257394,14.64609443169857,86796118
2012-07-09,14.48688793182373,14.550917094445943,14.369215425840586,14.460683900233311,68861145
2012-07-10,14.380340576171875,14.64559830102844,14.307164660482345,14.590222725474753,77212330
2012-07-11,14.12052059173584,14.28516404276464,13.966012118113472,14.246845744418714,140496649
2012-07-12,14.102967262268066,14.138813104467562,13.895555678886687,14.019904374448265,92738308
2012-07-13,14.252283096313477,14.317300482874126,14.055255434924478,14.14425145552584,79336261
2012-07-16,14.21273136138916,14.318290555322603,14.135106539544006,14.248576259977462,58723287
2012-07-17,14.257475852966309,14.354876510595005,14.051546603919308,14.299500936026634,67455897
2012-07-18,14.357099533081055,14.42953332558954,14.242641608268046,14.263653674420308,62160121
2012-07-19,14.661173820495605,14.795162442973654,14.486641502261401,14.490102180065017,187688877
2012-07-20,15.100220680236816,15.152629685228431,14.787744044970374,15.049294011326564,259517101
2012-07-23,15.216164588928223,15.286372993877567,14.789477033158223,14.844604607221468,143002005
2012-07-24,15.019878387451172,15.275989353626988,14.940028174291745,15.203556500856353,80677269
2012-07-25,15.03026008605957,15.163507529142278,14.965490704574188,15.038418614360959,73193322
2012-07-26,15.163013458251953,15.249784078319461,15.080691739811156,15.203556204118684,67660662
2012-07-27,15.696992874145508,15.697981098281206,15.265360425358649,15.299722038720692,142520206
2012-07-30,15.631235122680664,15.885862821849505,15.56201494060891,15.723939827804099,87795852
2012-07-31,15.647797584533691,15.735064218250882,15.530372127742227,15.531361298518808,74903709
2012-08-01,15.64062786102295,15.809475049055871,15.60849164372073,15.75484063991745,74060561
2012-08-02,15.543473243713379,15.772886064184764,15.411462025866529,15.463376921987411,79404516
2012-08-03,15.854466438293457,15.913550691457923,15.72616295545686,15.821587162212975,76168432
2012-08-06,15.891302108764648,16.053473108162322,15.802306082566512,15.811946947996137,71563235
2012-08-07,15.834938049316406,15.92690063978342,15.734322817763076,15.86583898666055,79569131
2012-08-08,15.876716613769531,15.96670180695494,15.78450602307109,15.798102624465049,53086237
2012-08-09,15.879682540893555,15.979061539066135,15.85916363832005,15.93308072016082,42972470
2012-08-10,15.8710298538208,15.876963931761837,15.725916137969381,15.786731681047332,57599089
2012-08-13,16.316265106201172,16.319725784883136,15.986730119257139,16.005023630254858,131205956
2012-08-14,16.530099868774414,16.633681678269028,16.29129414056464,16.29747338218818,147016998
2012-08-15,16.502408981323242,16.66828864223422,16.417368701388966,16.570145873933402,96789436
2012-08-16,16.634172439575195,16.677930700027083,16.491037075813583,16.501669004112355,68965534
2012-08-17,16.739736557006836,16.742455120209673,16.605252870210215,16.6650782990214,87434502
2012-08-20,16.700180053710938,16.782501777262993,16.62898247806597,16.69919182954356,70587592
2012-08-21,16.551111221313477,16.760993370583822,16.369656608064233,16.640108189104634,89221174
2012-08-22,16.74072265625,16.825268825236442,16.48164323727591,16.49845440592276,76654246
2012-08-23,16.73133087158203,16.8223042945403,16.587947488138127,16.6687849867921,71635505
2012-08-24,16.776569366455078,16.821561965249145,16.664087869469906,16.701665000390694,57277890
2012-08-27,16.5439395904541,16.612664701725976,16.29722246120332,16.38992620338725,104939872
2012-08-28,16.742454528808594,16.751600335472236,16.433191471312018,16.439618714868853,82652646
2012-08-29,17.008453369140625,17.032680004288835,16.71525940086382,16.745419166789123,120060335
2012-08-30,16.85196876525879,16.993127687680737,16.81488764173266,16.915254867181233,65319921
2012-08-31,16.936267852783203,17.02254435990754,16.811424101827278,16.909320761250765,85402916
2012-09-04,16.83614730834961,16.93404207791325,16.649749684747473,16.922917930437794,75867307
2012-09-05,16.828235626220703,16.971124882269912,16.789176162664823,16.810436233221846,68584110
2012-09-06,17.290027618408203,17.302141882860546,16.9273664104361,16.957774179717795,122196311
2012-09-07,17.456899642944336,17.60769849573238,17.247261692238368,17.30486267014219,129804723
2012-09-10,17.323898315429688,17.621541231331463,17.265061110582298,17.54614085826084,102783820
2012-09-11,17.11178970336914,17.32093164786331,17.082372047693138,17.254430972727786,75232938
2012-09-12,17.079404830932617,17.179031838523084,16.832191652173737,17.043063927603274,106088160
2012-09-13,17.454177856445312,17.52735187959232,17.070998672780195,17.13403866545256,106758663
2012-09-14,17.54416275024414,17.6262364688472,17.478156193078217,17.542184408815864,105132591
2012-09-17,17.551578521728516,17.62326830777988,17.428465115245302,17.505349703581576,60558139
2012-09-18,17.756765365600586,17.766159174379183,17.472471076144306,17.497191824840584,82981875
2012-09-19,17.984697341918945,18.010902323519435,17.710538938837292,17.73748603521797,124396528
2012-09-20,18.000019073486328,18.080610443506437,17.829442526116072,17.90978589356459,116731906
2012-09-21,18.1451358795166,18.16812818294838,18.049465558073624,18.101133400416984,255317419
2012-09-24,18.525592803955078,18.541907965044874,18.05267652397423,18.071216135549115,143086320
2012-09-25,18.520158767700195,18.909023107486018,18.483075748276594,18.616323207900386,243248350
2012-09-26,18.6264591217041,18.818791788295393,18.31843417419011,18.537216037436195,227766537
2012-09-27,18.701610565185547,18.858344434098314,18.581713604369224,18.786900748326723,157833389
2012-09-28,18.652170181274414,18.770832815540448,18.56935433992203,18.643516593188423,111757330
2012-10-01,18.83213996887207,18.911741239145964,18.69444361022338,18.76465107111494,127194978
2012-10-02,18.71372413635254,18.93621466089452,18.547598357625784,18.916684928659613,112026334
2012-10-03,18.849939346313477,18.88504402330228,18.59531069641895,18.682329327589223,88663090
2012-10-04,18.987140655517578,19.032629256987217,18.773301822056553,18.85611954970308,98535958
2012-10-05,18.977252960205078,19.143626745867387,18.911988515985303,19.052899437612222,109846193
2012-10-08,18.734737396240234,18.87663653302848,18.64351408854113,18.812856322253925,78637653
2012-10-09,18.394821166992188,18.820766595670495,18.356255814614087,18.77997679240416,120578269
2012-10-10,18.40644073486328,18.479862764590987,18.251439092804752,18.33969395142441,81901842
2012-10-11,18.577510833740234,18.751053979606397,18.548093179532003,18.61261550984444,95713418
2012-10-12,18.411136627197266,18.661314469885053,18.3950675723521,18.586658110575538,96528461
2012-10-15,18.317935943603516,18.38839140012951,18.063803323947013,18.341668467330134,121216653
2012-10-16,18.409900665283203,18.466513415401373,18.206197752204186,18.29692506081384,82636586
2012-10-17,18.676639556884766,18.697653516720212,18.300135656867273,18.391358960347528,92059774
2012-10-18,17.18125343322754,18.773793487890412,16.711549796876366,18.67787706982993,499561487
2012-10-19,16.854686737060547,17.470492348875748,16.612666485602713,17.442805035221408,461009524
2012-10-22,16.777559280395508,16.924897450213333,16.55580896437059,16.835406365815135,162832055
2012-10-23,16.819087982177734,16.99164289378993,16.612666516385694,16.61291451899051,117101285
2012-10-24,16.74368667602539,16.983482436487627,16.693501180315497,16.978537530425754,100234300
2012-10-25,16.755064010620117,16.859882042273284,16.649997976327356,16.8104386457973,96403996
2012-10-26,16.690540313720703,16.88534353151078,16.59288975563141,16.72391275779891,78324483
2012-10-31,16.817853927612305,16.835157315746862,16.686830930959722,16.80697588951371,61710442
2012-11-01,16.998071670532227,17.079899285456996,16.778793805647986,16.79807742977458,82311371
2012-11-02,17.006229400634766,17.194853385174092,16.99263469161708,17.17606576613893,93324497
2012-11-05,16.883609771728516,16.980022201146664,16.700672833226253,16.921681010081432,65681270
2012-11-06,16.852956771850586,16.97112528257187,16.74986909158807,16.94590852865387,63549309
2012-11-07,16.492027282714844,16.76667975247718,16.476452340658316,16.686830487124052,89626688
2012-11-08,16.125411987304688,16.60005869850724,16.099207008896812,16.568168591493755,104269368
2012-11-09,16.39091682434082,16.52218782628189,16.076216652381408,16.183753236218422,125030896
2012-11-12,16.46186637878418,16.558278803644367,16.337518639822694,16.408714313271297,56446786
2012-11-13,16.292530059814453,16.5038945746778,16.272258209920082,16.390178735342246,64007018
2012-11-14,16.131839752197266,16.369905230185786,16.08116202573565,16.332328100201973,66986143
2012-11-15,16.00106430053711,16.31601247536235,15.918000463130538,16.068799304606983,74233205
2012-11-16,15.999085426330566,16.143458912827366,15.722701667215194,15.969667773707682,138043489
2012-11-19,16.51897430419922,16.536525696412507,16.20550844600873,16.2097112386647,95083064
2012-11-20,16.562482833862305,16.760992826389177,16.42898738650989,16.55111068393327,83861158
2012-11-21,16.46112632751465,16.558280879158875,16.32590053454527,16.538257034330627,84804682
2012-11-23,16.513042449951172,16.56322606992522,16.466813620309313,16.562485848278556,37038310
2012-11-26,16.34444236755371,16.489061972416856,16.291786299565814,16.47521736807388,88514535
2012-11-27,16.580778121948242,16.686832376573342,16.266572041260485,16.3202163354243,100724129
2012-11-28,16.90116310119629,16.93181697952069,16.412177704693963,16.514027260028346,122136087
2012-11-29,17.104372024536133,17.15406152249139,16.85987932430641,17.002766684677916,111476280
2012-11-30,17.264562606811523,17.285574671887183,16.95109871717307,17.090031271430867,127018318
2012-12-03,17.187435150146484,17.450469375863364,17.15925372302671,17.360238072666892,88028721
2012-12-04,17.083112716674805,17.19386386726717,16.95134760441383,17.181255490266004,79966615
2012-12-05,17.003755569458008,17.168893105289722,16.86803568336765,17.11079802725297,74775229
2012-12-06,17.085586547851562,17.196335814224316,16.921931315700125,16.998071909618858,58711242
2012-12-07,16.914512634277344,17.22773046662909,16.87026215307848,17.181255534527143,77059760
2012-12-10,16.944425582885742,17.0984389843641,16.904129893108266,16.94368346823257,54872909
2012-12-11,17.22772789001465,17.352323626048378,17.001282608247816,17.057645452827938,107906951
2012-12-12,17.24454116821289,17.391633216832798,17.14367794097926,17.28582697585415,97403730
2012-12-13,17.371610641479492,17.71202169181383,17.29373781795018,17.69842319686048,138312493
2012-12-14,17.35331153869629,17.498179116137408,17.266046817672944,17.284340320205725,85523366
2012-12-17,17.818571090698242,17.846752520134253,17.404241982672104,17.440828997671456,121871097
2012-12-18,17.82573890686035,18.024248908920338,17.67691651281954,17.715233863513284,120646524
2012-12-19,17.802003860473633,17.873449435908846,17.717211579857615,17.816836688146196,77031655
2012-12-20,17.857629776000977,17.914240635026427,17.72438042601916,17.879878072669108,66528434
2012-12-21,17.691251754760742,17.77011468634188,17.564927563493622,17.650215844710747,141568653
2012-12-24,17.539714813232422,17.680131626771217,17.489529305283224,17.663566566053895,33762076
2012-12-26,17.524137496948242,17.623268486306944,17.36443897435896,17.504359763704723,47473277
2012-12-27,17.460357666015625,17.523397660741875,17.27049935342031,17.481371628640968,66142994
2012-12-28,17.30510711669922,17.475683671112883,17.30510711669922,17.34663902998335,56290202
2012-12-31,17.4873046875,17.566165734661148,17.205976951008545,17.30486184337383,80195470
2013-01-02,17.879629135131836,17.97233478375112,17.713997466163693,17.784948931355007,102033017
2013-01-03,17.890010833740234,18.09420783022051,17.81708292932239,17.921158822198436,93075567
2013-01-04,18.243526458740234,18.33005097291227,17.989145825868217,18.030183632049457,110954331
2013-01-07,18.16392707824707,18.278385028213446,18.060839386596214,18.181230468357604,66476239
2013-01-08,18.12807846069336,18.202242600668207,17.90880060898011,18.183454982924484,67295297
2013-01-09,18.247236251831055,18.252921380745473,18.0118893317524,18.102616643805245,81291563
2013-01-10,18.330297470092773,18.417317991328474,18.133023693935503,18.36367180696925,73703226
2013-01-11,18.2934627532959,18.353782285250283,18.202241340728513,18.343152250352162,51600690
2013-01-14,17.879629135131836,18.348096605846692,17.85738083962705,18.21954606043643,114985384
2013-01-15,17.921161651611328,18.170105168595956,17.603989016455742,17.782723180596644,157696879
2013-01-16,17.680376052856445,17.90657524842668,17.642798926128176,17.85861608920419,81239368
2013-01-17,17.58470344543457,17.790382765513424,17.577286086205632,17.74267161510818,88791570
2013-01-18,17.41635513305664,17.62055216151631,17.33774019527731,17.560972844778526,129555794
2013-01-22,17.375812530517578,17.436874187374936,17.194111789466692,17.420064909417583,152264594
2013-01-23,18.33078956604004,18.51619895234512,18.189632550186182,18.19457745677949,237249950
2013-01-24,18.64499855041504,18.709768879249964,18.306317865064134,18.32436526063843,135815168
2013-01-25,18.631649017333984,18.750557740625716,18.547100958391002,18.559957336991133,89369729
2013-01-28,18.558969497680664,18.679360559566632,18.488760151980618,18.58443235966809,65327951
2013-01-29,18.63189697265625,18.712736359637866,18.45538726364199,18.46057828022482,70145942
2013-01-30,18.635602951049805,18.811618522462137,18.612858653389708,18.633378500429643,69579828
2013-01-31,18.681589126586914,18.729300293070253,18.54710542952014,18.553532673794837,65613015
2013-02-01,19.17378807067871,19.198510715171462,18.741167349579143,18.743637910193513,150405652
2013-02-04,18.763906478881836,19.046964522406633,18.745366865190828,18.978239406894435,122075862
2013-02-05,18.930034637451172,19.062787967896483,18.775033012731612,18.816068923784087,75108474
2013-02-06,19.039548873901367,19.108520098198966,18.75105181442863,18.765142526507216,83435569
2013-02-07,19.132993698120117,19.25313864130917,18.924099802127706,19.02792958340504,114033831
2013-02-08,19.415313720703125,19.447451832477086,19.271684228239252,19.285774942537884,121256803
2013-02-11,19.342384338378906,19.356723054222005,19.12805328801439,19.24300723107076,87037018
2013-02-12,19.299861907958984,19.477855821840695,19.26698358098192,19.32582077359551,74638720
2013-02-13,19.35326385498047,19.414819622243957,19.28182016606798,19.28577495609761,48107646
2013-02-14,19.47587776184082,19.498622059992815,19.227428393414375,19.27588355499256,69672173
2013-02-15,19.601213455200195,19.610361153482096,19.45733598795552,19.465493569059973,109601278
2013-02-19,19.946325302124023,19.950033982335377,19.660300676778448,19.67785206740604,117711564
2013-02-20,19.590585708618164,19.99873363872934,19.57402254189332,19.908006332509036,110982436
2013-02-21,19.666479110717773,19.911713923129486,19.55993075828572,19.72754075779838,140781714
2013-02-22,19.76981544494629,19.807884791443737,19.62371161999525,19.758689404398996,82463941
2013-02-25,19.54880714416504,19.984890379272365,19.541885789052113,19.833841648310916,92501423
2013-02-26,19.532983779907227,19.676863150061845,19.3913326468404,19.65337673603371,88430220
2013-02-27,19.771547317504883,19.89441084677031,19.557214362208416,19.648433892465054,81347773
2013-02-28,19.80664825439453,19.949785511586946,19.802447355366517,19.804175800978314,90971711
2013-03-01,19.93000602722168,19.953490546314146,19.681804666833298,19.722594465169962,87342157
2013-03-04,20.308490753173828,20.34161708655915,19.900590826465926,19.90800629382621,111440145
2013-03-05,20.73122215270996,20.769541393207515,20.49142636210562,20.49216847673805,162370331
2013-03-06,20.552736282348633,20.864717870272266,20.489202181855795,20.79129584943157,115350748
2013-03-07,20.582895278930664,20.682274270186902,20.508237034194483,20.618988174657797,82415761
2013-03-08,20.55620002746582,20.640252095839898,20.39625347355076,20.629868168747873,116912581
2013-03-11,20.63777732849121,20.758416397922687,20.55570171779301,20.560400515268515,64027093
2013-03-12,20.45953941345215,20.565345666231877,20.362136852921147,20.53617601311892,80633104
2013-03-13,20.402677536010742,20.535676973794732,20.32851340102451,20.466705748119725,65898080
2013-03-14,20.309478759765625,20.444210435906516,20.206887085674023,20.444210435906516,66295564
2013-03-15,20.1304988861084,20.278825272945166,20.106766361310562,20.23432678894922,124452737
2013-03-18,19.969562530517578,20.092427948723763,19.813324668672895,19.900591299144885,73807616
2013-03-19,20.056827545166016,20.252866971377053,19.936434590221015,20.054851096995392,84242583
2013-03-20,20.14063262939453,20.20984996169565,20.059793252265543,20.193040687216637,58771467
2013-03-21,20.055343627929688,20.195264409851355,20.020485067300758,20.05608384936052,59325536
2013-03-22,20.031856536865234,20.153731814198082,20.01529337298085,20.141371441926836,59751126
2013-03-25,20.015295028686523,20.252372251415842,19.94558169032413,20.083772140404594,68736680
2013-03-26,20.08401870727539,20.1230781656252,19.96955889475942,20.110717793215066,47854701
2013-03-27,19.842742919921875,19.950033388200854,19.809862697363172,19.94212002279923,86852328
2013-03-28,19.633352279663086,19.90973696850265,19.611351988763555,19.875620520494692,91855009
2013-04-01,19.806400299072266,19.832605273802564,19.61011288432285,19.653623138204257,72562968
2013-04-02,20.099349975585938,20.143602352265546,19.87587121376686,19.889219813038213,81966082
2013-04-03,19.930255889892578,20.12802566018547,19.793545874938804,20.109730262064453,69800653
2013-04-04,19.655107498168945,19.919129934389236,19.5619096341437,19.882048812232327,98270968
2013-04-05,19.357961654663086,19.45536421877559,19.193566193830478,19.43237191282522,137870844
2013-04-08,19.155244827270508,19.27143499847793,18.99579429170259,19.251659156453087,113708616
2013-04-09,19.224464416503906,19.375263245770896,19.112229044046515,19.171312349081898,86615444
2013-04-10,19.534225463867188,19.58786976092724,19.183678459723275,19.35474916890021,79440651
2013-04-11,19.539411544799805,19.606406318401508,19.382925702391553,19.600967299961425,81452163
2013-04-12,19.531007766723633,19.581687382839757,19.354992178064816,19.578966926793477,65713390
2013-04-15,19.330270767211914,19.702819887657743,19.20888958844845,19.429649761503654,98491793
2013-04-16,19.613080978393555,19.678097415130736,19.37946631766596,19.445470978494708,69941178
2013-04-17,19.345848083496094,19.55053922800288,19.235591038157725,19.449429882579945,81785407
2013-04-18,18.934240341186523,19.42594627312518,18.819286385743553,19.41482023112755,133398142
2013-04-19,19.773773193359375,19.862028057379025,18.942892401393692,19.014584096566377,232998073
2013-04-22,19.77970314025879,19.874879345142517,19.15895262611749,19.791817404790176,115768308
2013-04-23,19.9722843170166,20.16016618930054,19.78588478107879,19.801707727669974,92035684
2013-04-24,20.10948371887207,20.221965202306944,19.974753941347718,19.97747250417213,73438237
2013-04-25,20.001943588256836,20.184140290553263,19.965604584717976,20.178701272206446,79986690
2013-04-26,19.812091827392578,19.968329715935276,19.692440957001008,19.964870930767,99880980
2013-04-29,20.248172760009766,20.338157958227708,19.851148948062583,19.857330082291767,92376959
2013-04-30,20.384387969970703,20.4602824583408,20.214057482614212,20.246689708312918,92613843
2013-05-01,20.28203773498535,20.38809007772562,20.18142251765521,20.35199907535142,58418148
2013-05-02,20.50897979736328,20.631101197745984,20.247923935119296,20.27388090910115,81034603
2013-05-03,20.90723991394043,20.933939005145366,20.66694998624577,20.690682511761267,100880714
2013-05-06,21.298574447631836,21.305991807649683,20.97002969854118,20.97002969854118,85973045
2013-05-07,21.19178009033203,21.355929425618246,21.029609096533516,21.33466935393702,78653713
2013-05-08,21.597209930419922,21.603389171332957,21.084986071315466,21.18609541527482,99102072
2013-05-09,21.54405975341797,21.74627844136802,21.463714476337753,21.528236807474602,88353936
2013-05-10,21.7603702545166,21.768033725252952,21.560870119586646,21.638742946975228,76192522
2013-05-13,21.693620681762695,21.815743978883404,21.591029009500833,21.727241126258985,58157173
2013-05-14,21.930204391479492,21.969509965400288,21.683981342440912,21.69287914599682,63408784
2013-05-15,22.641929626464844,22.65404199888776,22.10127633386942,22.137863346911814,160033605
2013-05-16,22.344776153564453,22.74303613424805,22.29879533694773,22.71880949927423,128865215
2013-05-17,22.476049423217773,22.58259778464687,22.261962583037082,22.49681538289361,112098604
2013-05-20,22.45998191833496,22.75836695145538,22.372715281149457,22.372715281149457,91248746
2013-05-21,22.42141342163086,22.537355583913957,22.190023209115935,22.447370396094286,79617311
2013-05-22,21.987558364868164,22.47926237070568,21.924766372993517,22.312394469722587,102807910
2013-05-23,21.823654174804688,22.000905994515982,21.60635655957973,21.680518805760045,91345105
2013-05-24,21.58954620361328,21.72551221988239,21.532439340890395,21.63750536666181,92216359
2013-05-28,21.78607940673828,22.05479875975986,21.764571332584023,21.841207927059738,90638467
2013-05-29,21.4656925201416,21.70499422285568,21.366313516452852,21.648629474944965,80837869
2013-05-30,21.52625846862793,21.72748891471535,21.418719997410832,21.505492510407024,85145956
2013-05-31,21.53763198852539,21.680521264313114,21.44616445060412,21.46099728015215,79071272
2013-06-03,21.448881149291992,21.60561312359966,21.137147539544348,21.581634488918954,99399181
2013-06-04,21.238008499145508,21.522054763466205,21.113658864546235,21.45431787280848,75024159
2013-06-05,21.252843856811523,21.493874005914545,21.18930975057357,21.322309201274848,84587872
2013-06-06,21.374963760375977,21.416743679672994,20.944319547131638,21.366558175996133,103550684
2013-06-07,21.748008728027344,21.75468397417023,21.39177662608141,21.517854722331553,107385002
2013-06-10,22.00733184814453,22.026615469727574,21.756906022206497,21.80659551913268,93862506
2013-06-11,21.74998664855957,21.927732585309062,21.742817290461495,21.852826329204863,70567517
2013-06-12,21.55641746520996,21.90300771331268,21.49881649682102,21.88965911579377,88522565
2013-06-13,21.680519104003906,21.74627765958949,21.396224810286117,21.482255213092387,83106340
2013-06-14,21.632064819335938,21.870872393531304,21.609568522243244,21.757154681357285,90136592
2013-06-17,21.909191131591797,21.987804175100884,21.71216346415857,21.735647986849244,86173794
2013-06-18,22.264434814453125,22.27382862344969,21.961104897791603,21.968522258462407,87000883
2013-06-19,22.26591682434082,22.517082868103646,22.187301896185495,22.282974101773743,117073180
2013-06-20,21.87186050415039,22.273827284257717,21.836509721230914,22.100532154022446,135385563
2013-06-21,21.777671813964844,21.998926096397483,21.583362729244758,21.96085675186002,159889066
2013-06-24,21.502277374267578,21.66370813155384,21.340600507536752,21.55394521242893,121128323
2013-06-25,21.413530349731445,21.746772033518067,21.37175232116844,21.686946608440145,102510801
2013-06-26,21.597702026367188,21.705238603823453,21.52156144208971,21.600174479761513,73530581
2013-06-27,21.6822509765625,21.87062695980217,21.671868942753946,21.725019124952187,77348840
2013-06-28,21.76382827758789,21.80016917835607,21.61105299361772,21.628604384064783,94324230
2013-07-01,21.949487686157227,22.05331748845924,21.87829010743585,21.914135006274144,69250599
2013-07-02,21.81178855895996,22.026615601553075,21.687192812007098,22.006837867812283,75943592
2013-07-03,21.913639068603516,21.981375963796822,21.7176015271233,21.75221019624093,42036977
2013-07-05,22.088172912597656,22.135637962391414,21.936135951689607,22.00214250984648,68331166
2013-07-08,22.37493896484375,22.40411051045011,22.176923066067527,22.229579135215122,79075287
2013-07-09,22.378644943237305,22.569245351146936,22.199168682338243,22.521040083051275,79472771
2013-07-10,22.397184371948242,22.52449867028706,22.258497925057437,22.334392392062714,68592140
2013-07-11,22.74946403503418,22.763554747648527,22.459730737890922,22.57048188375305,103755449
2013-07-12,22.81769371032715,22.81769371032715,22.62585708431574,22.743529578325443,103113050
2013-07-15,22.859472274780273,22.941299877929932,22.653544932101507,22.849832357254,78713937
2013-07-16,22.733888626098633,22.94055617595262,22.592729725710576,22.919792113086906,79617311
2013-07-17,22.707685470581055,22.91311870346591,22.65206284294416,22.768251111755944,60469809
2013-07-18,22.51313018798828,22.743532189088757,22.327968785889457,22.71856343735286,145924920
2013-07-19,22.165056228637695,22.322036207805727,21.64615712793699,21.918091054464664,295475379
2013-07-22,22.51362419128418,22.5623254677496,22.174943493242953,22.298551024554133,116563276
2013-07-23,22.34305191040039,22.570485476079437,22.23847998825103,22.513626611372196,82134711
2013-07-24,22.320798873901367,22.50373582053189,22.26641246992333,22.428583457725008,83451629
2013-07-25,21.945035934448242,22.17123323279318,21.904986355043082,22.09756510311259,120493954
2013-07-26,21.88694190979004,22.001647848494812,21.804126077331873,21.927483710043592,71374530
2013-07-29,21.810800552368164,22.121051829943266,21.776685993499818,21.875816994943946,75959652
2013-07-30,22.024639129638672,22.140581299667918,21.77618972928339,21.889661338891234,70487217
2013-07-31,21.946273803710938,22.162833112423993,21.90746233787948,22.075814477872363,87265872
2013-08-01,22.353431701660156,22.361589283848346,22.125502153572025,22.125502153572025,85856610
2013-08-02,22.41152572631836,22.422155761551124,22.269378585543283,22.33414702105233,68812965
2013-08-05,22.37271499633789,22.38557137705601,22.22933161203088,22.382356808589012,52584363
2013-08-06,22.164310455322266,22.489148398633205,22.14354449889122,22.365046772056083,60469809
2013-08-07,22.01796531677246,22.210792096926827,21.97939996074159,22.12649202630198,55374783
2013-08-08,22.067655563354492,22.146268607664418,21.885458829233183,22.137615020053566,59743096
2013-08-09,22.01203155517578,22.138355752167147,22.001893738776293,22.01573834219916,53146462
2013-08-12,21.89089584350586,21.927730855258826,21.79547163795473,21.925258401882182,55286453
2013-08-13,21.785587310791016,21.964815599213882,21.66074353987622,21.923531679093493,57004870
2013-08-14,21.50277328491211,21.760368489483092,21.437262731589303,21.714387668794608,83600184
2013-08-15,21.251853942871094,21.381886829129268,21.21081613494199,21.37002056626542,75048249
2013-08-16,21.183874130249023,21.320582283282086,21.174726429098857,21.29190484598434,67255147
2013-08-19,21.399932861328125,21.556912831641085,21.197218181381533,21.203645424497942,72707508
2013-08-20,21.39424705505371,21.559630711494687,21.347770232223482,21.466678958983834,49504863
2013-08-21,21.490909576416016,21.678295435791966,21.4209482259221,21.52353990619854,70555472
2013-08-22,21.59918785095215,21.6248968245929,21.51365155882871,21.574219098864678,34926424
2013-08-23,21.512659072875977,21.70523781710905,21.50128881671358,21.70103502512095,43245489
2013-08-26,21.418224334716797,21.628602464554284,21.40981875099671,21.5074674015107,42257801
2013-08-27,21.016752243041992,21.352466343376484,20.961129616530396,21.25086290093917,69623993
2013-08-28,20.977201461791992,21.146787926631642,20.957917838053653,21.01922749393095,53395392
2013-08-29,21.147281646728516,21.269652953592562,20.978189297117865,20.99005555976772,59361671
2013-08-30,20.936410903930664,21.211805500510682,20.903284570134755,21.155440753905033,74743109
2013-09-03,21.269651412963867,21.41328278114693,21.110693105493215,21.120829028534935,82210996
2013-09-04,21.547765731811523,21.593994554793873,21.140855917561147,21.268910457687646,81954037
2013-09-05,21.743803024291992,21.751714496185425,21.54726949194623,21.593992422391295,51845604
2013-09-06,21.744300842285156,21.84812874386383,21.59992735380344,21.81500241059449,62698130
2013-09-09,21.95368766784668,21.995713695491553,21.814507096631953,21.846891313438707,49569103
2013-09-10,21.969013214111328,22.051334925461095,21.853565173417476,22.00238754603537,51697050
2013-09-11,22.15492057800293,22.174202308677625,21.904988835053228,21.96580248595782,64665477
2013-09-12,22.07754135131836,22.197190298539194,22.002140989458397,22.184829924867817,43984248
2013-09-13,21.978904724121094,22.142313840062847,21.874334703172963,22.113142295186506,53214717
2013-09-16,21.946517944335938,22.17494158319368,21.87507426647609,22.155165742955088,53660381
2013-09-17,21.905729293823242,21.962094038445812,21.779403203769338,21.93786740233474,50564822
2013-09-18,22.331180572509766,22.34724962674453,21.830576903536553,21.911662396223782,77678069
2013-09-19,22.209306716918945,22.397188579876296,22.13539057716796,22.397188579876296,64155573
2013-09-20,22.325990676879883,22.351207431492437,22.140829272853193,22.20930639230445,174463490
2013-09-23,21.915372848510742,22.288416124187815,21.88323473744246,22.153932441579567,71362485
2013-09-24,21.923776626586914,22.004368014048598,21.789294836600344,21.91537293457511,59694916
2013-09-25,21.68620491027832,21.916606918066265,21.645909217191328,21.916606918066265,66207234
2013-09-26,21.709444046020508,21.822667658734773,21.63107710823217,21.712658614455453,50584897
2013-09-27,21.66543960571289,21.69337302913458,21.539855629020174,21.62662625112181,50540732
2013-09-30,21.65357208251953,21.775449275710777,21.46569211721018,21.48472773772554,69154239
2013-10-01,21.927734375,21.944295650352743,21.755921555539764,21.760864569936885,67644602
2013-10-02,21.952205657958984,21.98607221139436,21.700789709841256,21.822170890458533,60036190
2013-10-03,21.658021926879883,22.103250967225982,21.559385044079495,21.952452132258706,84997401
2013-10-04,21.565567016601562,21.693129348987423,21.50747192608755,21.63107757521423,54523605
2013-10-07,21.402158737182617,21.606109657440612,21.361863043856726,21.444432772041303,51937949
2013-10-08,21.10377311706543,21.408091258024154,21.0533415011908,21.39177609358076,78039419
2013-10-09,21.157913208007812,21.32576932791256,20.839504356637153,21.168295241071114,106449509
2013-10-10,21.46396255493164,21.478547380964084,21.265450653567438,21.355187847072603,90550137
2013-10-11,21.556665420532227,21.593500434596244,21.391281754313457,21.40932725742587,56567236
2013-10-14,21.65851593017578,21.66197850085898,21.39350527161003,21.424901265163967,49930453
2013-10-15,21.804370880126953,21.89386195297025,21.606355008765703,21.649863371949998,63914673
2013-10-16,22.20040512084961,22.207822481027158,21.853812969439478,21.899795680351286,80604999
2013-10-17,21.97197914123535,22.17246934323819,21.896332677097135,22.075808920645244,170902191
2013-10-18,25.003297805786133,25.103418914107543,24.078477200995025,24.14225741011177,464390148
2013-10-21,24.80280876159668,25.190930916933073,24.710103122837044,25.00453330851479,145675990
2013-10-22,24.89427947998047,25.042607763799207,24.617154538433077,24.844837980807398,88675135
2013-10-23,25.497722625732422,25.580292345695092,24.73680332609339,24.745949131828567,106927293
2013-10-24,25.35285758972168,25.72417049696788,25.33431608201745,25.509095444307626,83997668
2013-10-25,25.096994400024414,25.433696767652318,24.986737356900885,25.433696767652318,81524432
2013-10-28,25.09204864501953,25.300448458790186,25.04235914445142,25.096993552074963,46521724
2013-10-29,25.61712646484375,25.634429851618023,25.054965175381305,25.193403628472723,64440637
2013-10-30,25.473249435424805,25.648522902113893,25.363980628512515,25.64654456081268,53162522
2013-10-31,25.477205276489258,25.747654955850788,25.313798064563414,25.436415474158792,65845885
2013-11-01,25.389690399169922,25.611194585346425,25.34173313273895,25.50711679127927,51524405
2013-11-04,25.366701126098633,25.521456649545954,25.26583978873607,25.499948575634583,45722740
2013-11-05,25.25322914123535,25.503654963012277,25.151873700909583,25.22430560249096,47433127
2013-11-06,25.28363800048828,25.388702125306843,25.10119517098822,25.354093456985886,36652871
2013-11-07,24.917766571044922,25.31281203564414,24.910103100602466,25.28017981231988,67435822
2013-11-08,25.117509841918945,25.178571488772747,24.931358335951085,24.937539469360203,51825529
2013-11-11,24.983028411865234,25.115041530849687,24.919002087020772,24.956329320816106,44670812
2013-11-12,25.012447357177734,25.15533472493837,24.844837347311177,24.911584126752814,48906630
2013-11-13,25.523927688598633,25.533321496963556,24.8819171133996,24.888098246876314,63412799
2013-11-14,25.592159271240234,25.703898643194144,25.471518309619125,25.559773160130742,46842923
2013-11-15,25.550878524780273,25.66063956895618,25.47053324355592,25.583262746755388,51243355
2013-11-18,25.501184463500977,25.926143560664265,25.44407949625859,25.605014258236714,70651832
2013-11-19,25.344205856323242,25.580294887402385,25.291055675920003,25.505390522742204,45433661
2013-11-20,25.27276039123535,25.545930528064552,25.22455322833032,25.461630466919477,38692487
2013-11-21,25.5634822845459,25.668300303190918,25.3639821706728,25.388702919267928,43835693
2013-11-22,25.50959014892578,25.615396392355745,25.44358548473094,25.547413386727268,50356042
2013-11-25,25.856674194335938,26.03615044957979,25.586964752867097,25.639868816586485,64761837
2013-11-26,26.165199279785156,26.241587875689294,25.782762188157136,25.922684892575347,91794785
2013-11-27,26.281389236450195,26.40227631824367,26.204506529086405,26.254690144530482,45112461
2013-11-29,26.194368362426758,26.368157607928435,26.190907684851,26.257902464966396,47890836
2013-12-02,26.068044662475586,26.36148667275303,25.97608112308095,26.291277318079224,55133884
2013-12-03,26.037883758544922,26.289545834217492,25.933065736355072,25.980776896346196,67295297
2013-12-04,26.159513473510742,26.30289685211769,25.95729289265756,25.991161342356232,47842656
2013-12-05,26.13874626159668,26.196099231662625,25.9842387422383,26.135285583950846,45517975
2013-12-06,26.448503494262695,26.451716169307872,26.206481343142862,26.44652515282356,57366220
2013-12-09,26.65294647216797,26.756036045482542,26.402768633552856,26.47619065804801,59526286
2013-12-10,26.814130783081055,27.00324887559308,26.591392243254614,26.603754511454575,74433955
2013-12-11,26.631935119628906,26.978773404528724,26.579525162153665,26.881866855502476,68728650
2013-12-12,26.450727462768555,26.771608758894786,26.42699493853059,26.688298814605062,64099363
2013-12-13,26.22403335571289,26.607212516373572,26.15234167310414,26.58521033159766,86820208
2013-12-16,26.525386810302734,26.567658950987955,26.254195002294434,26.30339039160189,64320188
2013-12-17,26.448253631591797,26.717715075549197,26.411666623014,26.52142954189696,61658247
2013-12-18,26.81635284423828,26.821295857578985,26.18076954939031,26.49744802490915,88743390
2013-12-19,26.85269546508789,26.995336726414717,26.676185754671042,26.717963783431166,66877738
2013-12-20,27.208681106567383,27.222277707924572,26.896699496896254,26.90411496438666,130953011
2013-12-23,27.56664276123047,27.58394804242081,27.31992560227558,27.38716649247562,69122119
2013-12-24,27.486053466796875,27.570103633565736,27.393595822256533,27.56343028090992,29478078
2013-12-26,27.62498664855957,27.663057889651743,27.408181248205686,27.539698360024342,53712576
2013-12-27,27.648223876953125,27.69469880771043,27.513246093209005,27.68777745259011,63023345
2013-12-30,27.42721939086914,27.70014156064895,27.416341351514003,27.69618677049704,49629328
2013-12-31,27.70532989501953,27.71249925301623,27.348109580851222,27.495941856332166,54519590
2014-01-02,27.517698287963867,27.63215812949908,27.397553317349423,27.5755472687411,73129082
2014-01-03,27.316959381103516,27.61188370713167,27.315229042277636,27.56417254839006,66917888
2014-01-06,27.621524810791016,27.659594157134602,27.352557467192675,27.514976455250533,71037271
2014-01-07,28.154020309448242,28.1745401597779,27.716456603691757,27.811384812482252,102486711
2014-01-08,28.212610244750977,28.363162973836044,28.01632280545859,28.330530752632153,90036218
2014-01-09,27.9409236907959,28.286527647901906,27.825229521769234,28.267245917447386,83692529
2014-01-10,27.939441680908203,28.15946165713518,27.7434022331565,28.15946165713518,86061375
2014-01-13,27.76144790649414,28.35302689084728,27.6178165334834,27.847724416824033,97118665
2014-01-14,28.414581298828125,28.454136768975964,27.887772634450357,28.131525126021376,99676216
2014-01-15,28.395299911499023,28.55302200246811,28.275897064376025,28.503332501295823,78300393
2014-01-16,28.583181381225586,28.625455414297893,28.37997258427314,28.40716578673846,67608467
2014-01-17,28.44251823425293,28.69220196146803,28.286032373462916,28.598756092432655,108457005
2014-01-21,28.768096923828125,28.775512391315395,28.461552440309717,28.699617911842008,79492846
2014-01-22,28.800731658935547,28.871681237508863,28.648448574620925,28.840037237032494,63091600
2014-01-23,28.679100036621094,28.73818334667171,28.537447000918974,28.676627583068395,78256228
2014-01-24,27.782461166381836,28.51717555004189,27.761943209278712,28.454383558789228,156283602
2014-01-27,27.2237606048584,27.848467844910704,26.75504701257907,27.838579923669933,174796734
2014-01-28,27.762189865112305,27.829926764872184,27.439084095997767,27.448477905293704,88739375
2014-01-29,27.364423751831055,27.731039754760886,27.179014354251148,27.666023316222983,95552818
2014-01-30,28.068239212036133,28.490973895316305,27.867008741297237,28.30581058740091,204419353
2014-01-31,29.195032119750977,29.332728470427536,28.45735119182281,28.95721276060202,223486554
2014-02-03,28.019784927368164,29.213572999774513,27.984682144009657,29.151275119719585,183449044
2014-02-04,28.136716842651367,28.55302236851595,28.108287412671928,28.13251405017921,112897588
2014-02-05,28.261310577392578,28.448450323674436,27.886042860657547,28.265761372463025,96139007
2014-02-06,28.675640106201172,28.680585013435433,28.368849504350752,28.457352363575236,78155853
2014-02-07,29.107763290405273,29.119135439826216,28.69046958442684,28.865247045171113,105843245
2014-02-10,28.996273040771484,29.230381817796637,28.899612606702938,28.968335831606428,78099643
2014-02-11,29.422714233398438,29.464494155059178,28.97847528749137,29.175254951145476,82339476
2014-02-12,29.336435317993164,29.418262922600103,29.20516621876727,29.393540282141043,69238554
2014-02-13,29.663007736206055,29.663007736206055,29.16264823091016,29.189595325871878,73731331
2014-02-14,29.73469352722168,29.77400099225492,29.487482266856098,29.556947604931747,87795852
2014-02-18,29.934444427490234,29.983639817446974,29.66547896003377,29.700335633622757,84672187
2014-02-19,29.723325729370117,29.89340819616965,29.603674878793385,29.796499753554347,84459392
2014-02-20,29.76708221435547,29.835807336889342,29.670915886071818,29.74310168636427,68287001
2014-02-21,29.75916862487793,29.909473346115536,29.73568410379381,29.85854762123341,74771214
2014-02-24,29.97473907470703,30.163857157662445,29.791554122927867,29.797983259326887,67223027
2014-02-25,30.159900665283203,30.27114592896564,29.923071421960213,30.05953343987583,57763704
2014-02-26,30.164106369018555,30.37942754567271,30.00564215974049,30.25878657587145,79585191
2014-02-27,30.140371322631836,30.264472967648928,30.085984916852524,30.120101368347544,50588912
2014-02-28,30.0523624420166,30.263480807510035,29.819241891710405,30.16830460382076,92890878
2014-03-03,29.731975555419922,29.859289868189357,29.471165796331725,29.832342776323777,84507572
2014-03-04,30.034069061279297,30.061016152994807,29.900327506253145,30.036293512084814,58928052
2014-03-05,30.11688804626465,30.23604478908692,29.94754768801312,30.03753288525861,49597208
2014-03-06,30.150259017944336,30.31193588767199,30.125290267755954,30.216263679049646,50914126
2014-03-07,30.031103134155273,30.332702699951245,29.94828730219298,30.32800579563993,60831159
2014-03-10,29.951501846313477,30.101560470483317,29.766588441542215,30.05335330448285,48766105
2014-03-11,29.66522979736328,30.01948543446283,29.582412070706997,30.00588694018742,68776830
2014-03-12,29.8459415435791,29.859538144362556,29.274634414920147,29.57648008820269,78866507
2014-03-13,29.395023345947266,29.925046521707497,29.288721107691917,29.862006536103234,94175675
2014-03-14,28.993057250976562,29.439770499498177,28.98638200564451,29.220244663362557,92099924
2014-03-17,29.470176696777344,29.59304210426111,29.124326666481945,29.15250998422017,86808163
2014-03-18,29.943838119506836,29.950513365574288,29.493912146622318,29.533713727258203,72872123
2014-03-19,29.646934509277344,29.961882660276036,29.527281776155778,29.957185756159543,64757822
2014-03-20,29.595266342163086,29.90304513227115,29.550767861698745,29.66423756702064,67640587
2014-03-21,29.24620246887207,29.90354187616886,29.23161764428301,29.821466268012806,128821050
2014-03-24,28.62545394897461,29.292185273619577,28.329291516316022,29.274633883536683,121939352
2014-03-25,28.644983291625977,28.919883775392957,28.35525187299432,28.82495556925054,96769361
2014-03-26,27.983692169189453,28.962651221925043,27.97207201652116,28.72631609669665,103586819
2014-03-27,27.63924789428711,28.111401332912052,27.365064910407288,28.111401332912052,262719
2014-03-28,27.7149715423584,28.033698441343773,27.649642732143338,27.774855654005634,824257
2014-03-31,27.56550407409668,28.06190872756584,27.56352573274992,28.05646402927562,216593
2014-04-01,28.069828033447266,28.133674509083452,27.65162178584424,27.65162178584424,158434
2014-04-02,28.061908721923828,29.934186361176028,27.82385273059401,29.694646140549036,2942055
2014-04-03,28.1975154876709,29.065604111984317,27.9198661608005,28.202960186048635,101983228
2014-04-04,26.881032943725586,28.594937316548826,26.874104015906184,28.44052256310907,127386783
2014-04-07,26.634065628051758,27.145316336545424,26.08965451248994,26.762248889194563,88033033
2014-04-08,27.463056564331055,27.46800525747312,26.805308228253676,26.854306727068867,63024560
2014-04-09,27.92036247253418,27.981236700023153,27.3665480420346,27.69665844232941,66616395
2014-04-10,26.772642135620117,27.962922029628945,26.72067518145769,27.962922029628945,80737057
2014-04-11,26.260404586791992,26.725627206393508,26.058971560226432,26.35691357475507,78496923
2014-04-14,26.355426788330078,26.928541849738313,26.208931088577188,26.63901491393918,51501009
2014-04-15,26.5494384765625,26.648917820372763,25.659572867464078,26.56824502691573,77101101
2014-04-16,27.544225692749023,27.56699081893623,26.725627724902978,26.874105569538035,97865955
2014-04-17,26.532608032226562,27.195801077550115,26.287623106722613,27.16165055074946,136190888
2014-04-21,26.162410736083984,26.56230645651346,26.012946556112546,26.532610508102668,51334553
2014-04-22,26.468769073486328,26.588539203886874,26.107476554306672,26.163403989575666,47307527
2014-04-23,26.079261779785156,26.42224179461442,26.04511314780347,26.418281325709568,41046384
2014-04-24,25.991168975830078,26.312372128431207,25.84071278926458,26.234175576274676,37663121
2014-04-25,25.546728134155273,25.96840069499127,25.50911503865796,25.860012203119535,42007014
2014-04-28,25.594738006591797,25.66649973807318,24.884528586446,25.596222235934945,66710653
2014-04-29,26.11687660217285,26.20398231289402,25.55365888778543,25.582364716645163,53981801
2014-04-30,26.065406799316406,26.131725729290338,25.860509305382212,26.1119290620317,35023895
2014-05-01,26.29751968383789,26.375716222700422,25.9278140964197,26.087673530824517,38110345
2014-05-02,26.128259658813477,26.428676006472124,26.013438238512727,26.416798385477136,33770463
2014-05-05,26.1223201751709,26.176267366619932,25.801118945622882,25.974340242309964,20482080
2014-05-06,25.495258331298828,26.072827998258305,25.49129975538658,25.99463145208164,33780490
2014-05-07,25.2388916015625,25.57147826086158,24.909277187409966,25.527430345049716,64486563
2014-05-08,25.29036521911621,25.598698746016666,25.065175046554323,25.16465439079652,40426688
2014-05-09,25.672935485839844,25.73084125697126,24.953818770378668,25.277990373148377,48789585
2014-05-12,26.226749420166016,26.240111270774708,25.68679283427638,25.9095067517187,38250730
2014-05-13,26.383638381958008,26.53112420883938,26.20645850213222,26.274757663628908,33068541
2014-05-14,26.064912796020508,26.379185126706936,25.997603748430222,26.379185126706936,23835261
2014-05-15,25.734800338745117,26.02630943475929,25.608101289831623,26.017894383994697,34087331
2014-05-16,25.766971588134766,25.824877362550602,25.510109016691324,25.804584689324614,29705333
2014-05-19,26.174287796020508,26.21981993858265,25.616166450509407,25.720942818648016,25555972
2014-05-20,26.21932601928711,26.539043029996478,26.04758894628008,26.217839896790164,35695734
2014-05-21,26.673168182373047,26.685193469656124,26.32523943981239,26.374236048781732,23925508
2014-05-22,26.976058959960938,27.101767890719593,26.764232539498952,26.7815548598574,32316482
2014-05-23,27.354175567626953,27.40069782946191,26.908747723011682,27.084939383484365,38643806
2014-05-27,28.00994300842285,28.012417355077854,27.43583589682167,27.517498802185234,42083223
2014-05-28,27.79861068725586,28.103479707301386,27.764956167395024,27.94164192337702,33040464
2014-05-29,27.719425201416016,27.91343328415902,27.651620153635267,27.881262992196255,27082150
2014-05-30,27.71002197265625,27.78227970852706,27.51304353779234,27.755058109698556,35422988
2014-06-02,27.41504669189453,27.76000504046029,27.009214120172857,27.750107654714398,28700582
2014-06-03,26.970117568969727,27.336358740762,26.851831681456527,27.269543807774323,37332215
2014-06-04,26.956260681152344,27.151752993745287,26.663763380351984,26.7998656951882,36329469
2014-06-05,27.413564682006836,27.46553164082849,26.945865838911313,27.042374823494566,33782496
2014-06-06,27.533830642700195,27.619452122956346,27.16758947958007,27.619452122956346,34735104
2014-06-09,27.820388793945312,27.858993904227308,27.51948020926102,27.57441562953186,29350361
2014-06-10,27.742687225341797,27.893637517363764,27.61153359982354,27.74070699074651,27034019
2014-06-11,27.658058166503906,27.709529125074546,27.468998755085007,27.616484595435374,22002242
2014-06-12,27.287363052368164,27.61598924349205,27.144329906925343,27.581838714583295,29169867
2014-06-13,27.30765151977539,27.33437711297837,27.00080225656709,27.332396878474558,24410836
2014-06-16,26.937454223632812,27.20174172092548,26.8008558935254,27.183925288230952,34051232
2014-06-17,26.874595642089844,26.988921047385272,26.692465194219423,26.933489629957425,28891103
2014-06-18,27.3873348236084,27.396738097995538,26.92359456106564,26.966158244988733,34835379
2014-06-19,27.463056564331055,27.46800525747312,27.14680213174952,27.430392160554018,49136535
2014-06-20,27.535314559936523,27.59569467491953,27.239947244468603,27.559565806971463,90166875
2014-06-23,27.96044921875,27.962923565300834,27.43088604868235,27.475428072896587,30736155
2014-06-24,27.94411849975586,28.341341066848763,27.765452495069045,27.972328323711764,44142862
2014-06-25,28.63848876953125,28.70332346550341,27.973813394101413,27.975791735482872,39387843
2014-06-26,28.507335662841797,28.826558562137034,28.301944067596043,28.754796830309935,34839390
2014-06-27,28.568706512451172,28.698870021611334,28.39845366477053,28.565738053686527,44738493
2014-06-30,28.471702575683594,28.68402120394466,28.445471093902913,28.638985066525446,26275943
2014-07-01,28.83745002746582,28.92306962110258,28.539508002370535,28.62215913709378,28959290
2014-07-02,28.820865631103516,28.974538258879953,28.7246027631896,28.871100354201687,21127848
2014-07-03,28.93939971923828,28.95325757489269,28.75083633170471,28.871102451398347,14283107
2014-07-07,28.81665802001953,29.023535728702132,28.685010290084783,28.89139199357256,21292298
2014-07-08,28.26432991027832,28.68194167601747,28.019096989177495,28.589491607936242,38190565
2014-07-09,28.511295318603516,28.54296960502116,28.179501914888515,28.288581410125598,22335153
2014-07-10,28.264827728271484,28.536538275450702,27.963423125557572,28.007965155434544,27134293
2014-07-11,28.66472053527832,28.74737166340107,28.28066294196489,28.304914189187677,32434806
2014-07-14,28.94632911682129,28.963157324596025,28.60780555137639,28.83398393356375,37081529
2014-07-15,28.94187355041504,28.99260428147479,28.535050836719765,28.989387820226497,32460877
2014-07-16,28.836952209472656,29.121036360047352,28.8141851912011,29.101239693652406,27942506
2014-07-17,28.394990921020508,28.75430127038592,28.141590939077307,28.682043532223275,60331186
2014-07-18,29.451642990112305,29.536768466928038,28.80428801857373,29.348699188203955,80283816
2014-07-21,29.173992156982422,29.417986974677863,28.964295533092123,29.286835240271564,41242922
2014-07-22,29.434812545776367,29.677817224389162,29.22991507482793,29.235855778173885,33983045
2014-07-23,29.496185302734375,29.588735713619915,29.323952219682972,29.360082982293697,24663528
2014-07-24,29.36602020263672,29.670395120408244,29.287821764094698,29.519444834804503,20702684
2014-07-25,29.151721954345703,29.292278860560604,29.053232729631258,29.220021119346914,18649061
2014-07-28,29.229915618896484,29.323950252863806,28.940538236216955,29.104702704105186,19736037
2014-07-29,28.982954025268555,29.185375271980053,28.87926810866369,29.138358898869683,26997920
2014-07-30,29.072534561157227,29.17547836476661,28.90327182887873,29.029476763388097,20329662
2014-07-31,28.28957176208496,28.885949909446936,28.21038509350987,28.734999612544506,42055146
2014-08-01,28.01588249206543,28.505358251335863,27.856519039827283,28.230183256703334,39105069
2014-08-04,28.36628532409668,28.475166044306217,27.918383137198152,28.16287395860307,28546159
2014-08-05,27.96639060974121,28.308380547206898,27.84464025341804,28.21286167441242,31024946
2014-08-06,28.030927658081055,28.245031537475334,27.715466433479335,27.80356226459092,26687069
2014-08-07,27.881755828857422,28.204939176726118,27.769904766490523,28.111398656913845,22218835
2014-08-08,28.14950942993164,28.222757283950475,27.73278743064291,27.891656764946823,29895854
2014-08-11,28.10546112060547,28.234634507310837,28.012416601761007,28.209889148276574,24294518
2014-08-12,27.850582122802734,28.007471238994224,27.759021822393848,27.93917207106247,30840441
2014-08-13,28.446956634521484,28.457846031905834,28.00004455842122,28.077252884833936,28784812
2014-08-14,28.44052505493164,28.601372745068016,28.25393999267559,28.51624726236399,19709966
2014-08-15,28.382617950439453,28.674619261734527,28.23612034298134,28.599391169937064,30383189
2014-08-18,28.81220817565918,28.92851383272542,28.507337227367646,28.512781926150467,25682318
2014-08-19,29.04482078552246,29.068577923239324,28.903273756052826,28.952766373100555,19573592
2014-08-20,28.92752456665039,29.036901298720732,28.832499803525533,28.99631973872662,20734771
2014-08-21,28.87209129333496,28.928016829215643,28.761724450954137,28.89436419979162,18296094
2014-08-22,28.83200454711914,28.96444551844739,28.73697978776567,28.882981390867617,15781209
2014-08-25,28.7152042388916,28.952766148467738,28.65581423478503,28.938908291527888,27228551
2014-08-26,28.59939193725586,28.794390153508157,28.536043358468707,28.767664557705807,32793789
2014-08-27,28.259878158569336,28.63057203462357,28.21548379575744,28.57019191489979,34067276
2014-08-28,28.17078971862793,28.371232615445287,28.06685769693904,28.188608042971467,25858801
2014-08-29,28.28957176208496,28.311348663888044,28.065326278691348,28.276209911009058,21675347
2014-09-02,28.57316017150879,28.597905530730934,28.269279360484266,28.3019437647394,31568434
2014-09-03,28.603351593017578,28.853285223212545,28.457845996265913,28.7053033865859,24302540
2014-09-04,28.803298950195312,29.00225574016046,28.66670062087609,28.70530383806638,29163850
2014-09-05,29.006214141845703,29.02947527155029,28.801812667679968,28.902282119411257,32647388
2014-09-08,29.186365127563477,29.287822806046933,29.017102399584513,29.031950372646644,28620362
2014-09-09,28.755292892456055,29.150732131596218,28.70530427172589,29.145783437993163,25744488
2014-09-10,28.858728408813477,28.87852507472711,28.553857481963913,28.779541745158937,19547521
2014-09-11,28.772119522094727,28.79488654195704,28.520205646741463,28.72312291133001,24420864
2014-09-12,28.488529205322266,28.78647121000378,28.43111944104643,28.75479692258089,32033708
2014-09-15,28.36380958557129,28.455369874441843,28.121793122734594,28.35589054065471,31951483
2014-09-16,28.70282745361328,28.779541663604583,28.342032887058497,28.34698158023547,29607064
2014-09-17,28.941377639770508,29.07747994565152,28.644673779964116,28.705796005631424,33856699
2014-09-18,29.164094924926758,29.177456775849173,28.952764511690937,29.051747846272765,28891103
2014-09-19,29.501134872436523,29.52093153975867,29.175479032384793,29.274462368995525,74732617
2014-09-22,29.070058822631836,29.395665417748972,28.876544851402457,29.38928171711909,33790518
2014-09-23,28.761228561401367,29.0443225804467,28.75479563905012,29.0443225804467,29428575
2014-09-24,29.100744247436523,29.181911149159884,28.73104050150551,28.777562763084788,34562632
2014-09-25,28.4608154296875,29.10025139110517,28.417263518162514,29.078970494019654,38519466
2014-09-26,28.561777114868164,28.668185379562765,28.441016882364394,28.510306161063177,28873054
2014-09-29,28.52515411376953,28.615722394933144,28.26828967069762,28.29699549944519,25648224
2014-09-30,28.574644088745117,28.69787866459792,28.35143606667318,28.553363193635487,32434806
2014-10-01,28.124765396118164,28.585535330577976,28.06240504293269,28.507832891715054,28909153
2014-10-02,28.21434211730957,28.304912284390653,27.87977715823185,28.077249693464406,23568530
2014-10-03,28.471702575683594,28.567963556782207,28.334114137362675,28.361335736419,22834521
2014-10-06,28.57415199279785,28.754798237396404,28.430130623729884,28.645915621286314,24292512
2014-10-07,27.900562286376953,28.47120489097602,27.900562286376953,28.428147097498368,38226664
2014-10-08,28.33411407470703,28.40241323507864,27.591240254018523,27.991135936663305,39817018
2014-10-09,27.759016036987305,28.28412458698986,27.668939984851296,28.268782503624788,50496258
2014-10-10,26.947847366333008,27.969360694351195,26.926070464474922,27.602625399450496,61638766
2014-10-13,26.38957405090332,27.195798256046693,26.384131246182125,26.9725883611431,51633371
2014-10-14,26.623674392700195,27.081473954588855,26.387596734753227,26.671186770159036,44451708
2014-10-15,26.232194900512695,26.369287340391683,25.651654847123055,26.280695504217174,74387672
2014-10-16,25.95899772644043,26.202498430022867,25.48833041507961,25.686297081541145,74171079
2014-10-17,25.298778533935547,26.279212440961928,25.168119011143347,26.09460761336129,110787334
2014-10-20,25.77736473083496,25.822898770549347,25.14683792785998,25.213652864814904,52150788
2014-10-21,26.059467315673828,26.071840942322194,25.691741911729714,25.99265238218227,46725935
2014-10-22,26.364831924438477,26.71572911451871,26.171317948384278,26.225265142240943,58385859
2014-10-23,26.922609329223633,27.082961016839356,26.52023925465727,26.69197634562503,46976621
2014-10-24,26.714740753173828,26.967148721954974,26.517266308961016,26.941413245062737,39462046
2014-10-27,26.763742446899414,26.943892712533227,26.578641593884143,26.578641593884143,23706909
2014-10-28,27.16610336303711,27.170061938728143,26.805802928620214,26.87410208462468,25419598
2014-10-29,27.187387466430664,27.42791971665571,27.071081810626236,27.220547877712022,35410955
2014-10-30,27.235889434814453,27.359124016366557,26.8993442076462,27.168580389380804,29113713
2014-10-31,27.66993522644043,27.69418647573756,27.455634452206525,27.6832970779267,40701440
2014-11-03,27.478897094726562,27.611534956131738,27.380407869444056,27.492754951274847,27645693
2014-11-04,27.423959732055664,27.49275490257699,27.185903717515508,27.369024311207873,24884132
2014-11-05,27.018617630004883,27.5570899419935,26.92606722809445,27.5570899419935,40645286
2014-11-06,26.82659149169922,27.06637972168072,26.773634416062105,26.997832558535233,26665008
2014-11-07,26.775617599487305,27.032974286722677,26.659806048998956,27.032974286722677,32675465
2014-11-10,27.09632110595703,27.200255020106276,26.776108099746736,26.79788499982795,22692131
2014-11-11,27.23489761352539,27.316560515088334,27.037425070889796,27.14581356549252,19310873
2014-11-12,27.087413787841797,27.243312776528988,26.981501525129378,27.239850205637918,22593862
2014-11-13,26.991893768310547,27.2106491056552,26.897859131126566,27.2106491056552,26787343
2014-11-14,26.943389892578125,27.05623107278428,26.832032941635983,27.05623107278428,25790614
2014-11-17,26.552902221679688,26.91320270015758,26.43169709376961,26.902809307904384,34520517
2014-11-18,26.47965431213379,26.821642352190974,26.43709062587286,26.60189877903059,39253475
2014-11-19,26.57666015625,26.638522613236567,26.23467021210594,26.47817092950736,27844237
2014-11-20,26.46975326538086,26.483611120766522,26.284160233293687,26.29257339030651,31267610
2014-11-21,26.601896286010742,26.8315391177931,26.55537402794229,26.805307637049363,44485801
2014-11-24,26.689496994018555,26.859255723575124,26.5088526539462,26.609320212983086,34127440
2014-11-25,26.77907943725586,26.92260668784539,26.65643741404522,26.676135636568556,35798014
2014-11-26,26.743940353393555,26.80234023430137,26.579230652971404,26.76917982474544,30459397
2014-11-28,26.816198348999023,26.82461150619762,26.557355565215207,26.75631234502441,22966883
2014-12-01,26.41877555847168,26.795410094965384,26.3227625843339,26.671185405775134,42307838
2014-12-02,26.416301727294922,26.502913322304256,26.220809418323356,26.40442410659353,30533600
2014-12-03,26.296037673950195,26.52746196415521,26.19408399378282,26.30197648433912,25559983
2014-12-04,26.59249496459961,26.593981087138282,26.160924979369636,26.28812003033227,27842232
2014-12-05,25.996118545532227,26.373743254109932,25.947617939377626,26.28020271973705,51312493
2014-12-08,26.08124542236328,26.28020221634321,25.923366193166704,26.08866846280551,46587556
2014-12-09,26.39749526977539,26.438078718269388,25.760535612964823,25.841700616803195,37426473
2014-12-10,26.035709381103516,26.543989741201226,26.010962130365307,26.383142077150552,34245764
2014-12-11,26.14855194091797,26.424717037264593,26.08718170915765,26.121826347502157,32216207
2014-12-12,25.669471740722656,26.156473166364623,25.669471740722656,25.909507989420376,39891221
2014-12-15,25.42894172668457,25.889215669809385,25.402710242779364,25.871399236853847,56268061
2014-12-16,24.517791748046875,25.391819139913284,24.201539222290503,25.318077178576555,79285081
2014-12-17,24.98796844482422,25.092396482037596,24.588074622075247,24.597477897230497,57663883
2014-12-18,25.295310974121094,25.432403403306495,24.97856243301364,25.386871261977515,58534266
2014-12-19,25.555143356323242,25.62294650834269,25.08798787410992,25.315601247481354,73804074
2014-12-22,25.97681427001953,26.05550681912953,25.54177985256858,25.54177985256858,54475152
2014-12-23,26.25990867614746,26.45639110265916,26.04709215471021,26.08223279796566,43952341
2014-12-24,26.16983413696289,26.31776675004812,26.083222536795898,26.255949731900515,14118657
2014-12-26,26.430160522460938,26.441049919449163,26.09757577209625,26.169833509274035,20810980
2014-12-29,26.247037887573242,26.501922075487297,26.231250913584194,26.339094176959424,45570772
2014-12-30,26.251493453979492,26.287622321099978,26.08866554933866,26.136177925052493,17525986
2014-12-31,26.05253791809082,26.3593890868718,26.022841971929864,26.2925741545845,27364925
2015-01-02,25.97384262084961,26.29356149435355,25.938703873019133,26.181708542569268,28951268
2015-01-05,25.43240737915039,25.95009300790314,25.39231992983995,25.897135925515368,41196796
2015-01-06,24.842954635620117,25.546483119696987,24.79791849875994,25.488329348959635,57998800
2015-01-07,24.800395965576172,25.104473699511246,24.728632333025576,25.092397296418408,41301082
2015-01-08,24.878591537475586,24.918184872527267,24.300525816681375,24.646474332858997,67071641
2015-01-09,24.556400299072266,24.989452640327688,24.48810113311393,24.981535487791785,41427428
2015-01-12,24.377235412597656,24.546795356039752,24.13027026168035,24.495521292419074,46535413
2015-01-13,24.55689239501953,24.893435717258516,24.369317233372897,24.688540129355534,47409807
2015-01-14,24.789011001586914,24.905810769814128,24.39950868840014,24.48117159689095,44714427
2015-01-15,24.83453941345215,25.027063250399596,24.635086649387066,25.021618552478746,54316718
2015-01-16,25.14584732055664,25.15129201936202,24.745951610279494,24.746447615525327,45965854
2015-01-20,25.087444305419922,25.364597614269712,25.043693619157004,25.29036154068997,44640224
2015-01-21,25.63878631591797,25.70015654979528,25.052801581926232,25.104768541235615,45374234
2015-01-22,26.447978973388672,26.54399385329427,25.720945071744904,25.80903901276364,53538588
2015-01-23,26.723154067993164,26.833026805010583,26.37918578118593,26.507370956564557,45634948
2015-01-26,26.48855972290039,26.676134882018992,26.214376754218325,26.652873752437234,30874534
2015-01-27,25.667987823486328,26.26535610309251,25.64621092113954,26.22922533883202,38080263
2015-01-28,25.24087142944336,25.88377183057916,25.24087142944336,25.873378438482636,33676205
2015-01-29,25.27353286743164,25.294813761209095,24.805339952280924,25.290361073533216,83727244
2015-01-30,26.45441246032715,26.719194061633104,25.514066055740642,25.53089426372995,112127002
2015-02-02,26.155479431152344,26.37918155248343,25.664023492023794,26.31632709486255,56996054
2015-02-03,26.19309425354004,26.398979958201462,25.89713248819256,26.131724021104986,40773638
2015-02-04,25.872386932373047,26.362951226696786,25.798644967489174,26.193094054451183,33273101
2015-02-05,26.11093521118164,26.156469243200558,25.839224714031673,25.92336195771273,36995292
2015-02-06,26.280200958251953,26.587050238905025,26.053032456537004,26.113908579218332,35270570
2015-02-09,26.123313903808594,26.329695637695323,26.033733837908926,26.13172706186384,25355423
2015-02-10,26.574182510375977,26.61179750235317,26.078273831860038,26.196063714885298,34997823
2015-02-11,26.526174545288086,26.64891500803467,26.39789094044134,26.493014136467572,27555446
2015-02-12,26.87063980102539,26.964180334044542,26.461986372225923,26.589527876162382,32404724
2015-02-13,27.17154884338379,27.216090867075806,26.88053578065373,26.89142517712927,38006060
2015-02-17,26.866182327270508,27.220543942174046,26.779570738050253,27.063654857543202,32336537
2015-02-18,26.710779190063477,26.997337674374798,26.602390695274185,26.794916438311088,29061570
2015-02-19,26.867671966552734,26.87954958885191,26.627141595819996,26.628625825319926,19782163
2015-02-20,26.673662185668945,26.91122408248286,26.517761303470866,26.880538018128902,28887092
2015-02-23,26.325237274169922,26.549386187455156,26.201506695406554,26.530132855967732,29157834
2015-02-24,26.532115936279297,26.566760577774996,26.144099737827094,26.230709448416533,20101036
2015-02-25,26.91716194152832,27.03346759252031,26.500191936770648,26.522710952291927,36519991
2015-02-26,27.49176025390625,27.52442655054161,26.79986518405902,26.8844965445219,46230579
2015-02-27,27.636280059814453,27.948574048190906,27.3640735181152,27.43039434134995,48203982
2015-03-02,28.276704788208008,28.31679223298629,27.65360107040189,27.7416968982797,42592618
2015-03-03,28.390533447265625,28.47714314456204,28.038150168593635,28.2326542432167,34095352
2015-03-04,28.37717056274414,28.56226947615815,28.111894871671716,28.30293259530306,37536775
2015-03-05,28.474178314208984,28.601867479165016,28.379153555197554,28.45883433541097,27792094
2015-03-06,28.095808029174805,28.54098781933433,28.050027887370796,28.451901882154974,33182854
2015-03-09,28.153470993041992,28.223748497953903,27.89042162198169,28.05497987744902,21242161
2015-03-10,27.468502044677734,27.955501549721944,27.45464418896573,27.925807496874565,35846146
2015-03-11,27.278947830200195,27.623412110232028,27.25420246956148,27.4749361601002,36415706
2015-03-12,27.49324607849121,27.5358078677117,27.24331057565881,27.39426275185687,27792094
2015-03-13,27.087907791137695,27.636277506929524,26.934483160511437,27.393766935144612,34071287
2015-03-16,27.443756103515625,27.55956764802932,27.0225794998255,27.267564439985357,32819860
2015-03-17,27.262121200561523,27.408616914344403,27.121564297537436,27.30517899842508,36110871
2015-03-18,27.690717697143555,27.70457555172562,27.072068613278677,27.344273225741468,42690887
2015-03-19,27.615989685058594,27.75506047023238,27.524675497036917,27.685277075020142,23945563
2015-03-20,27.7332820892334,27.80059302720248,27.66844928423581,27.797128563231638,52337299
2015-03-23,27.65656852722168,27.832266064542157,27.509082705624692,27.73674720017304,32876014
2015-03-24,28.21978759765625,28.43755282343975,27.775351769814907,27.84216480966913,51665459
2015-03-25,27.655332565307617,28.32223617666849,27.65310622132637,28.23513046840236,43045859
2015-03-26,27.47641944885254,27.661022356998778,27.25271353624772,27.596187663525384,31452115
2015-03-27,27.138391494750977,27.481865664657267,27.12799810229777,27.3690244702723,37949906
2015-03-30,27.321016311645508,27.392283931872456,27.12997668288414,27.30072364007657,25750504
2015-03-31,27.121562957763672,27.453653590665485,27.058212490883076,27.2205462874368,31760961
2015-04-01,26.85232925415039,27.27696844007307,26.700882947341043,27.151259505178583,39261497
2015-04-02,26.504398345947266,26.76769570951711,26.42110354657176,26.76769570951711,34327989
2015-04-06,26.565523147583008,26.646938057211862,26.20942923195577,26.340582867795042,26488525
2015-04-07,26.578140258789062,26.85875994131742,26.527659422821618,26.630603222461662,26057345
2015-04-08,26.805309295654297,26.916172142608804,26.645451734232868,26.645451734232868,23570536
2015-04-09,26.76422691345215,26.822132673171044,26.5024157147545,26.776598644572,31157308
2015-04-10,26.72612190246582,26.838963087795975,26.592493933897263,26.838963087795975,28189181
2015-04-13,26.68454933166504,26.926565806599832,26.59249492613848,26.64693623286809,32906096
2015-04-14,26.250009536743164,26.605361295001444,26.136278572686102,26.54003248754941,52082601
2015-04-15,26.355924606323242,26.464807225799618,25.895156547998372,26.16637108617699,46376979
2015-04-16,26.41877555847168,26.507367386252884,26.211405632844066,26.225757599815804,25997180
2015-04-17,25.936233520507812,26.222790138383512,25.785777334143372,26.164390253679453,43037837
2015-04-20,26.49697494506836,26.532113695696683,25.958502604207666,26.01294390865348,33585958
2015-04-21,26.42719078063965,26.695436825934873,26.41258891782806,26.602390416583564,36895018
2015-04-22,26.694198608398438,26.77907797009445,26.317317961381722,26.448471578412523,31871263
2015-04-23,27.07206916809082,27.26805747751835,26.737010091113945,26.77511919199563,83697161
2015-04-24,27.965896606445312,28.26680708772825,27.579364639151425,28.017367563211533,98650102
2015-04-27,27.561779022216797,28.086842151177553,27.45408721120997,27.959794779377305,47960000
2015-04-28,27.47791290283203,27.59404249900625,27.31344551233881,27.5255559111676,29820000
2015-04-29,27.24962043762207,27.477907758915208,27.141678734620307,27.318603017799532,33976000
2015-04-30,26.666994094848633,27.225306666204713,26.553346423777004,27.189573465167296,41644000
2015-05-01,26.69478416442871,26.776172560034222,26.406942122572396,26.721085692193764,35364000
2015-05-04,26.837709426879883,27.00098599830731,26.553839232560637,26.726047683309947,26160000
2015-05-05,26.34242820739746,26.78609919544519,26.322129856453394,26.710168747798793,27662000
2015-05-06,26.01587677001953,26.420838524008754,25.860293943367346,26.364263639098752,31340000
2015-05-07,26.33746337890625,26.47443653991168,25.893294509186923,26.00446025462919,30926000
2015-05-08,26.710662841796875,26.856073765701492,26.05458429211076,26.632748378853492,30552000
2015-05-11,26.585603713989258,26.897267272544465,26.57071598461025,26.718110942171478,18106000
2015-05-12,26.255083084106445,26.46198163511388,26.067490874354906,26.382130471372733,32684000
2015-05-13,26.28386878967285,26.517218432358497,26.23597777952342,26.33051789356233,25046000
2015-05-14,26.71959686279297,26.74937421236589,26.422326944849118,26.48981962013835,28078000
2015-05-15,26.493791580200195,26.762972858565345,26.321583109628293,26.758308137670383,39426000
2015-05-18,26.416868209838867,26.541929675623006,26.245651755622735,26.40247648621048,40068000
2015-05-19,26.667987823486328,26.831760430347625,26.45359617604777,26.500245281398367,39338000
2015-05-20,26.762771606445312,26.943913833789413,26.450216403848646,26.72406237782053,28616000
2015-05-21,26.923568725585938,26.989573390302905,26.599499357846064,26.69726539528515,29254000
2015-05-22,26.804460525512695,27.006940440352494,26.77468317655412,26.806444546220217,23524000
2015-05-26,26.417863845825195,26.749379005731114,26.29677229823557,26.705705930494727,48130000
2015-05-27,26.78858184814453,26.82629907039141,26.387590015661665,26.441682983149498,30500000
2015-05-28,26.788084030151367,26.829275179381593,26.612897644623406,26.700241888213576,20596000
2015-05-29,26.407438278198242,26.731011627953826,26.374684896318502,26.668480895424622,51948000
2015-06-01,26.5007381439209,26.639697219273938,26.29081435501343,26.639697219273938,38086000
2015-06-02,26.7583065032959,26.94788461091323,26.36872849952296,26.448132873121597,38780000
2015-06-03,26.81438636779785,26.97269911562827,26.655577614754442,26.79453669352968,34340000
2015-06-04,26.635231018066406,26.828283069376845,26.517117405956864,26.687837862966227,26966000
2015-06-05,26.467985153198242,26.66004518511544,26.427786013545905,26.61786013148103,27764000
2015-06-08,26.145401000976562,26.507187539503075,26.11612155164897,26.46699029732198,30412000
2015-06-09,26.138460159301758,26.263025639970845,25.955829876395498,26.181637230301178,29106000
2015-06-10,26.634735107421875,26.717613416915288,26.27046848572704,26.270964490959972,36300000
2015-06-11,26.531509399414062,26.74838295606894,26.452601024413564,26.720839520261684,24350000
2015-06-12,26.41835594177246,26.457561174614113,26.310662239738075,26.382126739933135,19116000
2015-06-15,26.163768768310547,26.21835963452777,26.00496000830576,26.20347001173687,32654000
2015-06-16,26.210912704467773,26.284859130431588,26.082377307877575,26.223320407380392,21436000
2015-06-17,26.26599884033203,26.351359063251145,26.059547088690273,26.27145868381711,25884000
2015-06-18,26.63671875,26.707189350061622,26.34192885589955,26.352350644351603,36662000
2015-06-19,26.634735107421875,26.7121554662033,26.452104844766655,26.660542524732264,37870000
2015-06-22,26.70917320251465,26.984607514024407,26.676417930965112,26.778651786832526,25006000
2015-06-23,26.82282257080078,26.873392381779684,26.5632698733233,26.78113541754549,23950000
2015-06-24,26.691808700561523,26.79900452176099,26.583620868866173,26.79900452176099,25732000
2015-06-25,26.562278747558594,26.8436689546078,26.562278747558594,26.742924990372195,26714000
2015-06-26,26.386592864990234,26.687834600663752,26.36971922344439,26.663021090090275,42182000
2015-06-29,25.881881713867188,26.233742515113015,25.833246698350102,26.05508219263819,38756000
2015-06-30,25.831754684448242,26.116618788126544,25.83125867927008,26.105204989580137,44344000
2015-07-01,25.897764205932617,26.08883225177799,25.71860975234796,26.041189241634473,39220000
2015-07-02,25.975181579589844,26.037216308057232,25.86004589595944,25.86004589595944,24718000
2015-07-06,25.948379516601562,26.06699101098028,25.75681740015543,25.78163091039152,25610000
2015-07-07,26.05557632446289,26.1131451092244,25.567240290379335,25.961780229852447,31944000
2015-07-08,25.649126052856445,25.942128824787734,25.613394746289078,25.858555733317118,25934000
2015-07-09,25.840192794799805,25.993541695467222,25.82381515795536,25.961284320112636,36846000
2015-07-10,26.30917739868164,26.42977292905886,26.081882056879323,26.11860726831694,39134000
2015-07-13,27.124067306518555,27.151858747027262,26.421835535250416,26.44565514727225,44130000
2015-07-14,27.846149444580078,28.081831435528052,27.13200605355616,27.13448607964733,64882000
2015-07-15,27.80247688293457,28.114288107985693,27.632254325632292,27.798010942739097,35692000
2015-07-16,28.776670455932617,28.817861606952142,28.039697570856596,28.04565341979066,95366000
2015-07-17,33.396026611328125,33.47235462693699,32.00992287274207,32.2084347796004,223298000
2015-07-20,32.904212951660156,33.19503102686359,32.40743912704662,32.7166207537647,117218000
2015-07-21,32.86848068237305,33.39949778212974,32.47145692395905,32.516619900464065,67544000
2015-07-22,32.85855484008789,33.67939804196393,32.70470992360707,32.79850413189273,78586000
2015-07-23,31.97418975830078,32.93448617868094,31.811409170876153,32.81736457673625,60582000
2015-07-24,30.94590187072754,32.167242855591624,30.89428892763119,32.109176164814706,72514000
2015-07-27,31.129520416259766,31.47889925622112,30.794035400196005,30.818848910187246,53508000
2015-07-28,31.16624641418457,31.405949447043778,30.933493133597004,31.405949447043778,34546000
2015-07-29,31.361286163330078,31.43225277421784,30.90073962780574,31.20595133459531,31502000
2015-07-30,31.3940372467041,31.524558552326717,30.870961906975865,31.2655018550058,29484000
2015-07-31,31.047639846801758,31.409922460205827,31.042180002749518,31.333992007623536,34122000
2015-08-03,31.32555389404297,31.41716719864327,31.034239790776205,31.034239790776205,26090000
2015-08-04,31.228281021118164,31.504211364132352,31.12455913988798,31.187089871745922,29818000
2015-08-05,31.949371337890625,32.15185504260749,31.42232607200226,31.48038896911571,46686000
2015-08-06,31.894786834716797,32.02873476563482,31.377169350477267,32.0099244278221,31452000
2015-08-07,31.528528213500977,31.89478071711694,31.251109860672635,31.773195078633766,28078000
2015-08-10,31.45061683654785,31.93250296367452,31.32749016222273,31.735976979864805,36184000
2015-08-11,32.793052673339844,33.49379455709671,32.46997527438264,33.210916304313436,100584000
2015-08-12,32.73250198364258,33.00247649359716,32.37170550868961,32.90719048154273,58734000
2015-08-13,32.57815933227539,32.97766317180094,32.340493300535044,32.72069079792512,36214000
2015-08-14,32.61140823364258,32.74713949512706,32.390068742349904,32.50669433697847,21442000
2015-08-17,32.79751205444336,32.8228234657589,32.319597774851744,32.59552812803517,21034000
2015-08-18,32.56228256225586,32.95285455643994,32.42977720610422,32.84863664787685,29122000
2015-08-19,32.79899978637695,33.10172956391123,32.46599854560898,32.5856039555013,42682000
2015-08-20,32.100738525390625,32.90272596003465,31.905702457038124,32.529025781931814,57106000
2015-08-21,30.396024703979492,31.764260756200578,30.38858083952481,31.750862936071943,85304000
2015-08-24,29.261037826538086,29.743419961269748,28.04218067400668,28.436720659276208,115406000
2015-08-25,28.8863468170166,30.642672818727558,28.839199819304334,30.51661934556366,70760000
2015-08-26,31.1970157623291,31.35036656130228,29.7295218999777,30.290316360975844,84718000
2015-08-27,31.64317512512207,31.93994908937052,30.868484934972578,31.73200739776742,69826000
2015-08-28,31.284360885620117,31.606942231675184,30.99552871885613,31.405454311556866,39574000
2015-08-31,30.682376861572266,31.553344973175623,30.654089419366358,31.1434193843463,43534000
2015-09-01,29.666990280151367,30.414880909786312,29.4838640293756,29.893789598290713,74042000
2015-09-02,30.488330841064453,30.488330841064453,29.762277658167136,30.054087745912607,51512000
2015-09-03,30.086843490600586,30.754833784015112,29.916670158651982,30.620342537311277,35192000
2015-09-04,29.81140899658203,29.948878167063363,29.540938488851747,29.77666970005061,41780000
2015-09-08,30.50421142578125,30.586097718124662,29.98113419420764,30.39651961138362,45590000
2015-09-09,30.407936096191406,31.092800059026505,30.25309727074043,30.829773404429226,34042000
2015-09-10,30.836219787597656,30.97567486194412,30.343913823090357,30.426792123522592,38106000
2015-09-11,31.055580139160156,31.056076144417133,30.641188571602196,30.75682027042294,27470000
2015-09-14,30.930017471313477,31.06004087339166,30.74093537685704,31.05210100431119,34046000
2015-09-15,31.520591735839844,31.69726615289722,30.956819303513203,31.10173234668663,41688000
2015-09-16,31.56227684020996,31.660042874863507,31.380638596245085,31.53696732242825,25730000
2015-09-17,31.90570640563965,32.30272645087679,31.514638423794676,31.65210761309463,45494000
2015-09-18,31.228281021118164,31.76178004900878,31.117611280792655,31.602475295015985,102668000
2015-09-21,31.535480499267578,31.58758944871073,31.064018034834323,31.483867555083428,35770000
2015-09-22,30.902721405029297,31.14391243501369,30.542422875543583,31.116617005818583,51258000
2015-09-23,30.886348724365234,31.21240401837929,30.7692271198766,30.870964989226795,29418000
2015-09-24,31.05706787109375,31.1325004210136,30.392055495438207,30.602477191787592,44802000
2015-09-25,30.370712280273438,31.254088064714292,30.322573272378822,31.254088064714292,43480000
2015-09-28,29.523073196411133,30.501485206564695,29.249624743363746,30.289823484169325,62554000
2015-09-29,29.527042388916016,30.024808226466202,29.29130928761182,29.641682065989198,46190000
2015-09-30,30.194536209106445,30.211409852742523,29.81289993924107,29.93944942678706,48268000
2015-10-01,30.336971282958984,30.376672528860517,29.769228889313087,30.192058233091135,37352000
2015-10-02,31.112152099609375,31.133491681250852,29.932002431042648,30.133988235165642,53696000
2015-10-05,31.83473777770996,31.91116423571708,31.11662251066426,31.364761443136622,36072000
2015-10-06,32.03175735473633,32.220841368804344,31.589574359823867,31.70421404495862,43326000
2015-10-07,31.878902435302734,32.28828090500879,31.37220282080437,32.22034333615597,41854000
2015-10-08,31.720094680786133,31.982625325594068,31.04515651383093,31.82927641166116,43642000
2015-10-09,31.940940856933594,32.059054478146685,31.529426866821563,31.761784510886475,32974000
2015-10-12,32.092803955078125,32.18362214746441,31.71265564632404,31.8655085783108,25504000
2015-10-13,32.3722038269043,32.64574880479432,31.918109167776755,31.918109167776755,36154000
2015-10-14,32.31562042236328,32.724059824916566,32.200982655812744,32.4173582691517,28310000
2015-10-15,32.84069061279297,32.90967320024922,32.47939814461891,32.489325821456845,37714000
2015-10-16,32.86351776123047,33.00098692904776,32.615378851872094,32.958307763607586,32222000
2015-10-19,33.057071685791016,33.09280299841325,32.73349827841754,32.81290077465585,29546000
2015-10-20,32.27195739746094,32.9885827657378,31.969973493696656,32.954835476669125,49964000
2015-10-21,31.891307830810547,32.54937039280615,31.847632871215268,32.464012066918336,35822000
2015-10-22,32.34689712524414,32.64515910826444,31.960792986105446,32.09429034560642,81420000
2015-10-23,34.83869934082031,36.22827866723384,34.813887723101644,36.10420921974331,133078000
2015-10-26,35.37369155883789,35.68982105553013,34.801979279328904,34.81637100338873,54332000
2015-10-27,35.160789489746094,35.415380273317034,34.96525740698032,35.10570261719741,44916000
2015-10-28,35.38212966918945,35.38361768495184,34.892303656089545,35.10322326438328,43578000
2015-10-29,35.57915496826172,35.64565375164805,35.23622600908147,35.26054541269647,29120000
2015-10-30,35.27592849731445,35.63275317017071,35.238209379404054,35.52009560800387,38176000
2015-11-02,35.78709411621094,35.812405529913256,35.02977358919774,35.288336211533974,37726000
2015-11-03,35.839202880859375,35.96277255171653,35.46997052509739,35.67543028178916,31308000
2015-11-04,36.134483337402344,36.38212624541431,35.82629750302218,35.83125755515116,34134000
2015-11-05,36.29031753540039,36.698753233890756,36.20197938201973,36.20197938201973,37232000
2015-11-06,36.41489028930664,36.496776604744184,36.07990116127128,36.30273250339594,30232000
2015-11-09,35.97468185424805,36.46202779081635,35.7037153477529,36.23820449639933,41396000
2015-11-10,36.14490509033203,36.25755884843655,35.657559170024605,35.950365040877855,32160000
2015-11-11,36.49626922607422,36.77418357758283,36.239694456106506,36.350364191532194,27328000
2015-11-12,36.28932189941406,36.61537526104547,36.16103451294037,36.27790620759486,36744000
2015-11-13,35.5831184387207,36.285352013492734,35.56971872545032,36.18708997370946,41510000
2015-11-16,36.176673889160156,36.202973526962175,35.30173575162916,35.51364358763053,38118000
2015-11-17,35.995033264160156,36.319848553352664,35.88222803829945,36.19304916393739,30218000
2015-11-18,36.72455978393555,36.79453438314148,36.079397084022325,36.108184318358276,33686000
2015-11-19,36.64565658569336,36.82381713359952,36.59701777924965,36.66203233206336,26542000
2015-11-20,37.54838562011719,37.613892390938666,36.87344741116427,37.048631924913074,44246000
2015-11-23,37.51760482788086,37.85149958060036,37.3111531038146,37.59055923163886,28290000
2015-11-24,37.13547897338867,37.48282271850297,36.606941872022865,37.32009135796941,46662000
2015-11-25,37.1290283203125,37.32009256519669,37.02530643207268,37.128532315079255,22442000
2015-11-27,37.233741760253906,37.39007049168708,37.096272586350004,37.14441159747773,16770000
2015-11-30,36.85359573364258,37.46550340996904,36.78758917145684,37.16178159546258,41952000
2015-12-01,38.066497802734375,38.16128402582052,37.05706655479201,37.07741412860622,42692000
2015-12-02,37.835227966308594,38.50892419896053,37.66550331433953,38.15880131732417,44608000
2015-12-03,37.34688949584961,38.163514729035654,37.00396437393389,38.01537577137912,51812000
2015-12-04,38.05508041381836,38.13845472632737,37.22083749720916,37.37468241391515,55146000
2015-12-07,37.87840270996094,38.150365012289,37.47344286027565,38.10272200886145,36246000
2015-12-08,37.83473205566406,37.95532947464809,37.42927240889243,37.61240056080544,36590000
2015-12-09,37.30073928833008,37.92703863444623,36.57572733216996,37.67592368974382,54000000
2015-12-10,37.19403839111328,37.51115989903572,36.91463599801292,37.36227881954174,39768000
2015-12-11,36.66848373413086,37.00793686041646,36.56327382458965,36.78212951938581,44488000
2015-12-14,37.110172271728516,37.1578152827213,35.938956139613914,36.81339830330879,48250000
2015-12-15,36.89329528808594,37.62183235721209,36.87394351035509,37.36972537845433,53324000
2015-12-16,37.62232208251953,37.7463915301495,36.69651516762566,37.220834288991114,39866000
2015-12-17,37.19255065917969,37.85011728446831,37.17121107548575,37.83721357594649,31068000
2015-12-18,36.690311431884766,37.42579620254084,36.63274454375121,37.047632029552474,62974000
2015-12-21,37.110172271728516,37.22084202999825,36.724564136264945,37.028781970186685,30514000
2015-12-22,37.2208366394043,37.46153168590972,36.99900114971252,37.3027229343669,27308000
2015-12-23,37.23622131347656,37.429769365983574,36.923071635659646,37.39304604814513,31318000
2015-12-24,37.14142990112305,37.28783473430871,37.053095539568716,37.198504576051036,10544000
2015-12-28,37.841678619384766,37.865502013760775,37.1970157501463,37.365748386346645,30306000
2015-12-29,38.54093933105469,38.70867997077677,38.036221823592406,38.04912553223249,35300000
2015-12-30,38.26301956176758,38.59056474378993,38.05954762233193,38.54093771853485,25866000
2015-12-31,37.661529541015625,38.18857480234715,37.63473011602601,38.18857480234715,30018000
2016-01-04,36.81587600708008,36.92604975311906,36.29071625123408,36.87344669264344,65456000
2016-01-05,36.852603912353516,37.32009454898272,36.65706803737727,37.04466017791313,39014000
2016-01-06,36.904212951660156,37.08088925824095,36.17468391203987,36.22828276755308,38940000
2016-01-07,36.049129486083984,36.650121281648175,35.6853569459485,36.24366957010248,59274000
2016-01-08,35.45756149291992,36.38857843121358,35.38461086296558,36.300240280621125,49018000
2016-01-11,35.53498077392578,35.67517987021035,34.915129476160566,35.56376800869546,41812000
2016-01-12,36.03324508666992,36.166246422752735,35.59885053871225,35.8153776377121,40490000
2016-01-13,34.767234802246094,36.4635118306794,34.67046079002806,36.270459811392236,50034000
2016-01-14,35.469966888427734,35.82753361873415,34.19850492503122,35.00644436345509,44516000
2016-01-15,34.464012145996094,35.0739395092132,34.01339332101498,34.35681444345213,72162000
2016-01-19,34.828285217285156,35.23473691577966,34.412405632577105,34.90322366063393,45362000
2016-01-20,34.66252899169922,35.07940059175905,33.412402624184665,34.17419098427219,68900000
2016-01-21,35.066497802734375,35.69180900553742,34.46451399316824,34.84764210010816,48244000
2016-01-22,35.9925537109375,36.13548273879583,35.73801214014538,35.91066740704886,40236000
2016-01-25,35.318603515625,36.21240111111217,35.23622121578466,35.909671338089176,34234000
2016-01-26,35.3865966796875,35.64664730618874,35.06103928446814,35.42679582213477,26634000
2016-01-27,34.73895263671875,35.64441206661583,34.46103825919902,35.41785884074535,43884000
2016-01-28,36.27592849731445,36.41141366196646,35.35235532603922,35.84218135461987,53528000
2016-01-29,36.87095642089844,36.97219826842252,36.06946887365491,36.30420804942627,69486000
2016-02-01,37.320091247558594,37.61091311484829,36.886843943666825,37.243664795043365,102784000
2016-02-02,37.94788360595703,39.19949790632756,37.94788360595703,38.93299543132762,126962000
2016-02-03,36.07691192626953,38.43671133257488,35.75681443425038,38.22430753906297,123420000
2016-02-04,35.13697052001953,36.07939943347287,34.83175690553419,35.8714596431997,103374000
2016-02-05,33.92406463623047,34.93746387093855,33.75433619527138,34.931508022061124,102114000
2016-02-08,33.88287353515625,33.94689228465841,32.9061976164147,33.14391663514806,84948000
2016-02-09,33.65309524536133,34.734485086686284,33.18957268013216,33.36575297993921,72178000
2016-02-10,33.95136260986328,34.80446135285707,33.852600770226466,34.08733998859648,52760000
2016-02-11,33.90122985839844,34.21090746493768,33.19443385688364,33.49875006407995,60480000
2016-02-12,33.865997314453125,34.42927369928266,33.67741310626714,34.25607322506699,42828000
2016-02-16,34.29279708862305,34.6401938393045,33.99751117574858,34.39105912907694,50400000
2016-02-17,35.156314849853516,35.2233134079009,34.31165215850317,34.6446533555481,49852000
2016-02-18,34.607940673828125,35.35235754564839,34.54243011110314,35.23573193282588,37664000
2016-02-19,34.78460693359375,34.89234606910564,34.44415808071421,34.49279309022573,31786000
2016-02-22,35.0600471496582,35.39652044532099,34.864015276842444,35.10917817259746,38996000
2016-02-23,34.53349304199219,35.15632036812345,34.42083927479936,34.81140742077595,40186000
2016-02-24,34.71761703491211,34.73945262617876,33.78560796658197,34.18957587076465,39272000
2016-02-25,35.024803161621094,35.03621885316288,34.272200505647355,34.73994095493908,32844000
2016-02-26,34.99106216430664,35.405949695231406,34.78212659692427,35.16525464941036,44870000
2016-02-29,34.628780364990234,35.27989515888286,34.624312531483646,34.75532985591445,49622000
2016-03-01,35.672943115234375,35.672943115234375,34.728030511689596,34.9190985259734,43028000
2016-03-02,35.67493438720703,35.73200527992081,35.334981484512994,35.68237825206972,32580000
2016-03-03,35.35581970214844,35.70470443251406,35.03820222850446,35.66648931722082,39160000
2016-03-04,35.27988815307617,35.55780627349523,35.03820112616115,35.483363852199076,39442000
2016-03-07,34.49924087524414,35.1409768156902,34.08931727198733,35.08187269665969,59702000
2016-03-08,34.4401969909668,34.92753919476325,34.01190591690502,34.173198496769565,41526000
2016-03-09,34.99949645996094,35.02133204697714,34.44167994233268,34.66351542138458,28430000
2016-03-10,35.375675201416016,35.555327533930644,34.90619679731429,35.14242401501762,56670000
2016-03-11,36.070465087890625,36.075428926387694,35.589324879517875,35.732003999338694,39416000
2016-03-14,36.25260543823242,36.501240388951125,35.98759095446349,36.06997326609243,34366000
2016-03-15,36.14540481567383,36.34192890610035,35.96872850734533,36.075430214194704,34420000
2016-03-16,36.530513763427734,36.5990003432902,35.95582169881668,36.04813167322219,32488000
2016-03-17,36.61438751220703,36.876918164211574,36.52604935737025,36.54838095212518,37216000
2016-03-18,36.60546112060547,36.823820834785195,36.31910702888349,36.81687297406629,59614000
2016-03-21,36.828285217285156,36.848632792219206,36.40277706345864,36.55086681984506,36730000
2016-03-22,36.76177978515625,36.972699383406884,36.598506979430404,36.598506979430404,25394000
2016-03-23,36.6282844543457,37.00843272830975,36.53349444190868,36.84168409049363,28642000
2016-03-24,36.49131393432617,36.61275193273904,36.27791428263947,36.32803732142566,31898000
2016-03-28,36.403465270996094,36.67443556506204,36.35235023075506,36.56525383910718,26026000
2016-03-29,36.96128463745117,37.08436209116153,36.16674481860839,36.456074899986504,38076000
2016-03-30,37.24714660644531,37.611911172519044,37.158312436655386,37.225807019839905,35648000
2016-03-31,36.970218658447266,37.263020763491824,36.77121076208945,37.183618278816795,34376000
2016-04-01,37.21636962890625,37.237709212233156,36.57567476498157,36.65508103565792,31534000
2016-04-04,36.98708724975586,37.35979159916591,36.84515025634564,37.22381045420006,22684000
2016-04-05,36.615379333496094,36.86351825962312,36.494785693402925,36.625307010868916,22646000
2016-04-06,37.0069465637207,37.0342419994643,36.50421681253575,36.51464049607052,21074000
2016-04-07,36.73845672607422,37.07195398830519,36.53994482823693,36.99106348523636,29064000
2016-04-08,36.682376861572266,36.99503053654203,36.503716536932565,36.92158390030754,25816000
2016-04-11,36.531009674072266,36.97269661937292,36.52852964810511,36.874434582885165,24402000
2016-04-12,36.87790298461914,36.91463008310832,36.27839936201245,36.625300059288634,27060000
2016-04-13,37.30619430541992,37.43820741446152,36.936022974651806,37.179148820971406,34142000
2016-04-14,37.3796501159668,37.58362187134414,37.35508460300271,37.41984926071706,22706000
2016-04-15,37.66748809814453,37.76674214974042,37.35453531029808,37.41835717242139,36186000
2016-04-18,38.0451545715332,38.11661718250387,37.583120053596936,37.73994099357698,31176000
2016-04-19,37.415870666503906,38.208426365462735,37.18758333522805,38.189070804494094,40610000
2016-04-20,37.35334014892578,37.62440887520315,37.22133083026363,37.61785857773333,30584000
2016-04-21,37.6744384765625,37.739449241033824,37.198508186957575,37.48783827240174,61210000
2016-04-22,35.670963287353516,36.53200567951451,35.41488448646954,36.04465969902896,119038000
2016-04-25,35.888336181640625,35.92704352400392,35.51314795292877,35.53845936676997,39184000
2016-04-26,35.14341735839844,36.018154681919675,34.889617943035944,36.00098381547476,54892000
2016-04-27,35.02927017211914,35.185102877179,34.360537841410704,35.10122878328279,61972000
2016-04-28,34.293792724609375,35.44267722719702,34.220842087526414,35.1493753041683,57346000
2016-04-29,34.39255142211914,34.62133477666476,34.19354352600306,34.27790984908636,49754000
2016-05-02,34.65061569213867,34.77121311920647,34.29279902546608,34.621832242935525,32906000
2016-05-03,34.36029052734375,34.632249041018724,34.34242298135085,34.58411003280644,30876000
2016-05-04,34.52604675292969,34.72703865820813,34.194037537381675,34.267487955030994,33870000
2016-05-05,34.8104133605957,34.854584327244005,34.527039154707474,34.62530119194874,33670000
2016-05-06,35.29130935668945,35.32803267477772,34.64550298217596,34.65905036150577,36586000
2016-05-09,35.3796501159668,35.66798819705597,35.235729078052586,35.33498313840046,30206000
2016-05-10,35.88981628417969,35.90569602183771,35.51959197607243,35.57071079775126,31392000
2016-05-11,35.49826431274414,35.954343101908435,35.3746908335033,35.90124402806974,33842000
2016-05-12,35.39999771118164,35.69478764713215,35.1861020683786,35.58610191416711,27214000
2016-05-13,35.27691650390625,35.56634500871806,35.19900203690533,35.33150736721752,26290000
2016-05-16,35.55781173706055,35.65656978461728,35.01984674403997,35.19255121910822,26342000
2016-05-17,35.04862976074219,35.8074382302116,34.943419860282894,35.53299589332777,40024000
2016-05-18,35.068477630615234,35.31512850415148,34.77071172103921,34.921576803335874,35336000
2016-05-19,34.75532913208008,35.0372153437786,34.58064063191037,34.856570994490674,33404000
2016-05-20,35.22282028198242,35.46301931399168,34.765253601860486,34.81984446305801,36568000
2016-05-23,34.94987106323242,35.309073491011915,34.946891245687574,35.06351683655987,26614000
2016-05-24,35.736473083496094,35.78014426216064,35.07989467001935,35.07989467001935,38590000
2016-05-25,35.9935417175293,36.10470746473087,35.71736147460093,35.76971842120526,32584000
2016-05-26,35.93647003173828,36.145401808317246,35.745898020017364,35.87443530551966,31526000
2016-05-27,36.360286712646484,36.423612562156144,35.930511494342035,35.93100749950112,39500000
2016-05-31,36.51215362548828,36.711161529848496,36.290814126380795,36.31463752315086,42590000
2016-06-01,36.43423843383789,36.586099333199655,36.261037950632435,36.45309799152516,25072000
2016-06-02,36.248130798339844,36.37815609627384,35.93894918514588,36.35234868150088,26836000
2016-06-03,35.8481330871582,36.20296991560521,35.75979493738125,36.19205401462339,24526000
2016-06-06,35.560791015625,35.97567859785254,35.46451298539135,35.97567859785254,31306000
2016-06-07,35.56575012207031,35.830264774231345,35.56078628374874,35.724062866465,26724000
2016-06-08,36.14292907714844,36.15732080334154,35.760792966186756,35.92853741384083,31674000
2016-06-09,36.157806396484375,36.20544939531103,35.84792812341984,35.87443221559075,19778000
2016-06-10,35.702720642089844,36.02430615910618,35.55482780418443,35.705696673083025,24328000
2016-06-13,35.65061569213867,36.001980508561516,35.55880549947904,35.55880549947904,25178000
2016-06-14,35.64614486694336,35.854580620196685,35.3905583337579,35.557310722659444,26122000
2016-06-15,35.67840576171875,35.879893687108535,35.59850727066218,35.68237758984491,24290000
2016-06-16,35.25359344482422,35.565751109157844,34.90123285389928,35.4793969796826,39650000
2016-06-17,34.32852554321289,35.1771638888195,34.16634321078803,35.1687242282934,68048000
2016-06-20,34.42729187011719,34.8625269999382,34.412404140404654,34.6784068268809,41650000
2016-06-21,34.5379638671875,34.876920994880514,34.34292399361762,34.66004553055746,29312000
2016-06-22,34.6133918762207,34.78212450761372,34.39611889085455,34.692794353847106,23686000
2016-06-23,34.83224868774414,34.83622051559153,34.09428383095918,34.61289701693121,43428000
2016-06-24,33.509674072265625,34.21339568977937,33.421831924808835,33.50719025982029,88980000
2016-06-27,33.16426086425781,33.364760563003216,32.91731463069898,33.30024202112495,52580000
2016-06-28,33.748878479003906,33.76327020374017,33.399501470765586,33.695779413573405,43476000
2016-06-29,33.95086669921875,34.11557830632859,33.8168695548204,33.89577982569935,38652000
2016-06-30,34.34739303588867,34.35831272479936,33.92803760419922,34.01835978830619,31954000
2016-07-01,34.70024108886719,34.77170748957298,34.348876293153445,34.352352115979826,26894000
2016-07-05,34.488826751708984,34.5875847910798,34.187585009180076,34.543913617284495,29252000
2016-07-06,34.628780364990234,34.822824432260525,34.19800927526344,34.24218024618531,28238000
2016-07-07,34.50917434692383,34.650115544641935,34.15458364986016,34.6441596961568,26084000
2016-07-08,35.01885223388672,35.02282027538699,34.56252367505647,34.71463067046712,31504000
2016-07-11,35.48833465576172,35.55880526341749,35.098754720079484,35.138953862647796,22236000
2016-07-12,35.76376724243164,35.87790902369683,35.529028039449564,35.688332799781,26738000
2016-07-13,35.582130432128906,35.93051923006151,35.57567857737276,35.911659671058956,18718000
2016-07-14,35.779151916503906,35.84168265249215,35.63423887632962,35.810415391348286,19004000
2016-07-15,35.72455978393555,36.01686588008294,35.685106544704766,36.01636987486804,25586000
2016-07-18,36.415870666503906,36.53249624944845,35.79105938568038,35.866493821398976,25910000
2016-07-19,36.57368850708008,36.575176522646885,36.17865255763587,36.222819737246034,24550000
2016-07-20,36.78361892700195,36.83026613617068,36.580639200027434,36.59205489285566,25794000
2016-07-21,36.65657043457031,36.80843133598498,36.5176624638363,36.742428562636505,20526000
2016-07-22,36.86053466796875,36.885346283712785,36.55383310988632,36.81685971182539,25196000
2016-07-25,36.7131462097168,36.85409121300379,36.60049243717689,36.75781318631254,20648000
2016-07-26,36.64615249633789,36.80843330272081,36.4401967225815,36.67691996793536,23734000
2016-07-27,36.81240463256836,36.94590198660376,36.57567760412088,36.63920414011288,30250000
2016-07-28,37.017860412597656,37.15383777828137,36.689819230143634,37.073939291085715,70604000
2016-07-29,38.15334701538086,38.637716994992864,38.05310094082109,38.347890887451996,76830000
2016-08-01,38.3563232421875,38.73101165364052,37.771211236453,37.771211236453,54010000
2016-08-02,38.26649475097656,38.50321796716653,38.10669399060329,38.14838114548327,35690000
2016-08-03,38.371212005615234,38.372700021355776,38.05557849883873,38.073446046624035,25748000
2016-08-04,38.29330062866211,38.41538229635032,38.15359752123748,38.32357209636571,22806000
2016-08-05,38.81984329223633,38.86053843653714,38.32952132612069,38.40098393809813,36024000
2016-08-08,38.797019958496094,38.840195133548974,38.61493302142093,38.808927870935044,22158000
2016-08-09,38.921085357666016,39.153340740994736,38.737957207324854,38.76426062833176,26378000
2016-08-10,38.941932678222656,39.04773703510581,38.84754022842674,38.89577768572317,15728000
2016-08-11,38.95037078857422,39.19354589631468,38.85706878771878,38.95781465407547,19502000
2016-08-12,38.869476318359375,38.87816209017191,38.729527104002415,38.78411797496715,14810000
2016-08-15,38.83076477050781,39.08138371549032,38.7151311861872,38.89577553156822,18764000
2016-08-16,38.56773376464844,38.75830578428831,38.38431027820971,38.72455849804794,20560000
2016-08-17,38.705204010009766,38.749870984858624,38.38857850312148,38.57667050189802,18484000
2016-08-18,38.585601806640625,38.85160827194415,38.56078640028379,38.710167271049144,14388000
2016-08-19,38.48236846923828,38.56574276617117,38.36872271435905,38.46152489500506,17230000
2016-08-22,38.320091247558594,38.43870464898247,38.215873356468094,38.375677909106265,19028000
2016-08-23,38.31662368774414,38.53299936505533,38.30198206623886,38.48535635409051,18564000
2016-08-24,38.195526123046875,38.43671718351474,38.06798462649486,38.24217711841625,21440000
2016-08-25,38.184112548828125,38.30718999296785,37.875177032317545,38.064507141120934,18538000
2016-08-26,38.19056701660156,38.515132398721164,38.00743885347238,38.16376758851927,23334000
2016-08-29,38.320091247558594,38.46103624286628,38.04540279840932,38.150862595704275,16952000
2016-08-30,38.1682243347168,38.43502588015269,38.05656259659929,38.18013603076365,22600000
2016-08-31,38.066993713378906,38.16823179065698,37.98411540260249,38.065005906116916,24972000
2016-09-01,38.15284729003906,38.26401304249782,37.93051578512155,38.17617468107784,18502000
2016-09-02,38.28584671020508,38.40792834583788,38.134481838831675,38.362769158783564,21454000
2016-09-06,38.7136344909668,38.808916694536805,38.26301195269215,38.384601358741975,28856000
2016-09-07,38.7270393371582,38.845152936781616,38.52108359901055,38.70966779700522,17874000
2016-09-08,38.477413177490234,38.727043904903404,38.391062830616505,38.639697761255675,25406000
2016-09-09,37.70024490356445,38.374437182433304,37.70024490356445,38.21835834361104,37710000
2016-09-12,38.16475296020508,38.227779691238965,37.41934430114933,37.475423173751935,26220000
2016-09-13,37.701725006103516,38.025794314020104,37.50867299298583,37.93944019898735,27900000
2016-09-14,37.84069061279297,38.09825742736602,37.67294996922705,37.69776159031159,21748000
2016-09-15,38.300743103027344,38.401981186086545,37.71513505020546,37.86054410629812,26102000
2016-09-16,38.15781021118164,38.20098538300755,37.94838241989562,38.20098538300755,40986000
2016-09-19,37.99999237060547,38.411903868233416,37.93751086004515,38.333489610343214,23456000
2016-09-20,38.28336715698242,38.378653165856164,38.14043814367181,38.16376553382802,19572000
2016-09-21,38.52207946777344,38.56873046334074,38.129076729691796,38.34540316267145,23356000
2016-09-22,39.06748580932617,39.19850312085942,38.6322507152376,38.709669175166525,29724000
2016-09-23,39.05210494995117,39.152847020423096,38.91562778491338,39.03671742883275,28238000
2016-09-26,38.42231750488281,38.84564462585164,38.36574263040031,38.84564462585164,30664000
2016-09-27,38.85905075073242,39.00693981425454,38.4271892413167,38.48634638124525,23064000
2016-09-28,38.787086486816406,38.799494188957375,38.46004111601136,38.60297012062514,22196000
2016-09-29,38.46202850341797,38.997513472685974,38.42341960814602,38.781134032948664,26294000
2016-09-30,38.57517623901367,38.75632036670652,38.41636749047011,38.52753702211991,31706000
2016-10-03,38.3404426574707,38.51438905578986,38.188581745784305,38.42431677025811,25576000
2016-10-04,38.532493591308594,38.64564713352666,38.356813109281624,38.51264202624755,24028000
2016-10-05,38.534488677978516,38.812403068737645,38.49379352986027,38.67542989434933,29224000
2016-10-06,38.55384063720703,38.73349298155275,38.48833386749018,38.66004634153382,21414000
2016-10-07,38.46549987792969,38.69279519263354,38.250608478718995,38.69279519263354,18664000
2016-10-10,39.00446319580078,39.17518365888751,38.50470951036048,38.59602748433919,23498000
2016-10-11,38.86202621459961,39.31909689793913,38.73845276684865,39.04019052455215,27450000
2016-10-12,39.01438522338867,39.11314705768161,38.81190528885089,38.89627161271668,18748000
2016-10-13,38.619842529296875,38.77021540050483,38.3622757425213,38.77021540050483,27306000
2016-10-14,38.63671875,38.905701259879,38.511161268966546,38.791559472139355,17050000
2016-10-17,38.70768737792969,38.99999347996453,38.58560193921761,38.69974750803206,21860000
2016-10-18,39.46699523925781,39.782132753778534,38.98585498478284,39.09925466230559,41138000
2016-10-19,39.77666473388672,39.930509633721506,39.6044562840372,39.614876178808444,35336000
2016-10-20,39.551856994628906,39.899253777920016,39.50520599609015,39.8660024940009,35150000
2016-10-21,39.670963287353516,39.6774151421412,39.404464578884614,39.454091609813105,25324000
2016-10-24,40.35284423828125,40.455574110252655,39.941432531489696,39.94540057313152,33950000
2016-10-25,40.0828742980957,40.53002114829669,39.957316813511,40.53002114829669,31528000
2016-10-26,39.656063079833984,40.048618942638264,39.51958973429378,40.01685947026031,32954000
2016-10-27,39.47146224975586,39.8754301342943,39.280394209439216,39.751856671919604,54984000
2016-10-28,39.472450256347656,40.470961745499025,39.38411210767544,40.11661714039689,85398000
2016-10-31,38.93498229980469,39.54639392463621,38.908182872751446,39.47741133612491,48546000
2016-11-01,38.888824462890625,39.18063453519418,38.48832867467331,38.853093158202306,48128000
2016-11-02,38.14887619018555,38.79155503822043,37.888329585595976,38.62033858988159,37448000
2016-11-03,37.82282638549805,38.21091833922967,37.668981447849646,38.076921185671466,38864000
2016-11-04,37.81736755371094,38.23126311092357,37.24868049522704,37.25359511214035,42696000
2016-11-07,38.83473205566406,38.96723738762346,38.33994224325345,38.43671626827202,31702000
2016-11-08,39.23125457763672,39.48549697218995,38.71909329235598,38.878398029778275,27338000
2016-11-09,38.97319793701172,39.2668482046106,38.2962756854533,38.706699225307304,52142000
2016-11-10,37.84415817260742,39.26400898462665,37.32902460440064,39.26400898462665,94904000
2016-11-11,37.42034149169922,37.7558265497516,37.23969714747847,37.54540296077512,48636000
2016-11-14,36.5300178527832,37.61041561344532,36.10619466485048,37.49875007725936,73088000
2016-11-15,37.64217758178711,37.93627081948035,37.070465295336334,37.070465295336334,47680000
2016-11-16,37.939449310302734,38.032751305903666,37.24615134307201,37.4789027542229,29452000
2016-11-17,38.27444076538086,38.34739140498322,37.92704396597484,38.060545113104105,26080000
2016-11-18,37.74391555786133,38.46153289595779,37.71711613022958,38.28138455358829,30942000
2016-11-21,38.1736946105957,38.19851001975898,37.74689531982634,37.846649175458865,26612000
2016-11-22,38.12753677368164,38.55880003699312,38.06450625117221,38.34391241312696,31862000
2016-11-23,37.76624298095703,38.12817909339079,37.481380771973406,38.10073599788054,29568000
2016-11-25,37.80048751831055,37.965252113188455,37.74292062566132,37.9285287974949,11748000
2016-11-28,38.12604904174805,38.6863494410486,37.707193436148515,37.71711732736811,43764000
2016-11-29,38.25507736206055,38.63522557745369,38.12604407521696,38.28932065107177,32332000
2016-11-30,37.61984634399414,38.36178308844412,37.46054157914753,38.21687004796842,47858000
2016-12-01,37.11760711669922,37.70966689381252,36.57691227084671,37.5900652832666,60358000
2016-12-02,37.24565505981445,37.419351554264765,36.878406715777096,36.95235314709294,29050000
2016-12-05,37.84217834472656,37.91066493084155,37.36476004918118,37.60347109010364,27884000
2016-12-06,37.672943115234375,38.15532516533516,37.585100981183594,37.95184946344338,33814000
2016-12-07,38.27244567871094,38.28088155238309,37.50867348968653,37.76673625533861,35220000
2016-12-08,38.53200149536133,38.61934763323172,38.0759228167373,38.336469428435905,29762000
2016-12-09,39.17071533203125,39.177663191726936,38.661086983627996,38.7096727796035,36438000
2016-12-12,39.16972351074219,39.26798555744158,38.92580251920134,38.959795916830316,42082000
2016-12-13,39.5086784362793,39.9195979343639,39.3717052702511,39.39949670763077,42904000
2016-12-14,39.556819915771484,39.90074086796353,39.4049590111386,39.573195661571255,34084000
2016-12-15,39.59552764892578,39.851110423081735,39.35086077560079,39.570216238223395,32530000
2016-12-16,39.24565505981445,39.74471207620549,39.220343646414655,39.72208136298325,48876000
2016-12-19,39.41438674926758,39.586099222095044,39.020838769604794,39.216870644716025,24642000
2016-12-20,39.524559020996094,39.635228767663705,39.36823407554242,39.541434557651385,19020000
2016-12-21,39.432254791259766,39.5372678117788,39.062030412447754,39.495777540322244,24226000
2016-12-22,39.26848602294922,39.370719909520105,39.13548466249681,39.323076896493866,19444000
2016-12-23,39.201480865478516,39.34192985448051,39.070959553436765,39.250611886163526,12468000
2016-12-27,39.28287124633789,39.596024709427724,39.08967153400856,39.23969607447078,15782000
2016-12-28,38.960289001464844,39.415871677972994,38.86847881613216,39.38957204306204,23076000
2016-12-29,38.8481330871582,39.003965814683895,38.65607304624801,38.87493251484795,14886000
2016-12-30,38.30371856689453,38.847639451265266,38.2337439620144,38.84615143548052,35400000
2017-01-03,39.01438522338867,39.18758570444588,38.501235634443205,38.65061271949631,33146000
2017-01-04,39.05210494995117,39.27245243494324,38.86649676275968,39.124559576949736,21460000
2017-01-05,39.40544891357422,39.42827651036876,38.95879814962205,39.011404988212746,26704000
2017-01-06,40.0074348449707,40.09428497678741,39.31532584919204,39.46698985128682,32804000
2017-01-09,40.032249450683594,40.19681337098029,39.84266945185113,40.019841748343396,25492000
2017-01-10,39.939937591552734,40.15532499527599,39.87641485358092,40.09229826247042,23536000
2017-01-11,40.094783782958984,40.10669548117953,39.770218403695324,39.95036674750823,21318000
2017-01-12,40.01785659790039,40.06897163508812,39.661031989040474,40.05656393309818,27062000
2017-01-13,40.09329605102539,40.259249559195055,40.034237351038385,40.07344448261714,21984000
2017-01-17,39.931007385253906,40.05656485095926,39.720587596975214,40.05358881983703,27242000
2017-01-18,40.00346374511719,40.01016170794909,39.75135302993223,39.990560038316104,25888000
2017-01-19,39.81016540527344,40.17269598916422,39.7915557442902,39.956320343953806,18386000
2017-01-20,39.951351165771484,40.045149145409155,39.78609058299002,40.045149145409155,33400000
2017-01-23,40.6605339050293,40.73795235882757,39.887829809920085,40.06202227754093,39272000
2017-01-24,40.886844635009766,40.98758670839739,40.586644085131496,40.80893016189478,29480000
2017-01-25,41.472450256347656,41.477414094831865,40.94589717448481,41.172200501992656,29890000
2017-01-26,41.297760009765625,41.58808588775149,41.04267322182403,41.578654215537,59478000
2017-01-27,40.859046936035156,41.784107939342384,40.716613939602595,41.424803307797255,59316000
2017-01-30,39.81736373901367,40.48833005867123,39.69230227182922,40.429771153086165,64932000
2017-01-31,39.54292297363281,39.76426246920867,39.23175730896048,39.54639501026497,43212000
2017-02-01,39.48857879638672,39.761283208694444,39.265005402268834,39.68634477527788,40594000
2017-02-02,39.6292724609375,39.8362202276675,39.30520309462722,39.39453325655453,30642000
2017-02-03,39.77617263793945,39.999992151074885,39.72058976356617,39.85061506934635,29268000
2017-02-06,39.768733978271484,39.7851097250785,39.466500166161374,39.687343676915745,23690000
2017-02-07,40.048133850097656,40.22332214621939,39.790567033611964,39.90024477408092,24824000
2017-02-08,40.118106842041016,40.28981930823626,39.86054003589787,40.049620257653906,23106000
2017-02-09,40.176666259765625,40.23125712073323,39.92753534910208,40.17418244753128,19794000
2017-02-10,40.380638122558594,40.459052385328896,40.18758606964361,40.28287208301287,22700000
2017-02-13,40.65706253051758,40.742371632631,40.47095836349975,40.49626598582126,24266000
2017-02-14,40.71710968017578,40.843662937707414,40.49626621882921,40.645151067819725,21094000
2017-02-15,40.644161224365234,40.84366511522525,40.61884981424967,40.66301699435409,26272000
2017-02-16,40.90122985839844,40.91314155503841,40.6441590880962,40.69130229688968,25752000
2017-02-17,41.09528350830078,41.09528350830078,40.7769200553897,40.844664532864165,32220000
2017-02-21,41.27344512939453,41.36227929135334,41.109176519873486,41.12456025527706,25246000
2017-02-22,41.22877502441406,41.35234847611755,41.12356512453096,41.1245571349592,19658000
2017-02-23,41.25707244873047,41.31315133674194,40.83771701556606,41.197021732110265,29456000
2017-02-24,41.12356948852539,41.14143703702775,40.90322198849508,41.07841029145237,27844000
2017-02-27,41.155330657958984,41.215877374112395,40.89329601108806,40.92059144456626,22030000
2017-02-28,40.854087829589844,41.1186024958721,40.704706957159814,40.97319345157122,45216000
2017-03-01,41.45111083984375,41.50148376696782,41.05507906853666,41.13398933418554,29930000
2017-03-02,41.22233200073242,41.414884277453694,41.17319718812772,41.38213278411697,18850000
2017-03-03,41.14540100097656,41.258554557676604,40.98019340052506,41.2188514224731,17928000
2017-03-06,41.08088684082031,41.13547770594073,40.81388836421494,41.03969568936762,22180000
2017-03-07,41.28585433959961,41.36029677937437,41.01835983346017,41.062031015005466,20752000
2017-03-08,41.45756149291992,41.5955266662039,41.27989318535152,41.36525151639367,19796000
2017-03-09,41.621829986572266,41.78659460077291,41.399994478221274,41.4888286398716,25230000
2017-03-10,41.848628997802734,41.93101130424177,41.66252480044583,41.85012079984047,34080000
2017-03-13,41.962276458740234,42.11835529252423,41.84862689601013,41.88585000539178,24472000
2017-03-14,41.96624755859375,42.04664584586933,41.72704429039549,41.867985509456716,15598000
2017-03-15,42.04465866088867,42.115625270336174,41.7255531346855,42.0640142233651,27630000
2017-03-16,42.123069763183594,42.22579963973736,41.991556438245574,42.13547746646631,19552000
2017-03-17,42.288822174072266,42.35234491355021,42.04018727311868,42.26351455109613,34246000
2017-03-20,42.104209899902344,42.19453585881693,41.94292111729657,42.184112176519314,24630000
2017-03-21,41.21389389038086,42.357318612368225,41.14243126511913,42.25310070623656,49270000
2017-03-22,41.170711517333984,41.46649343146167,41.05110989540507,41.28584909240162,28030000
2017-03-23,40.574684143066406,40.822327051095456,40.31051403843853,40.744408797073135,69742000
2017-03-24,40.41835403442383,40.790562391563014,40.14341570388484,40.69875220841776,39620000
2017-03-27,40.67046356201172,40.775677251023616,39.86947191416134,40.047140229376325,37886000
2017-03-28,40.74043655395508,40.99204747773985,40.39835201688216,40.71512514550849,32410000
2017-03-29,41.26103210449219,41.32827677727922,40.81289331047598,40.942918609359964,35726000
2017-03-30,41.2655029296875,41.373688862956946,41.141433470359694,41.36475698262998,21106000
2017-03-31,41.16922378540039,41.27244966361733,41.06153007399209,41.139944332799736,28038000
2017-04-03,41.615379333496094,41.729521114707175,41.15234899560436,41.15234899560436,33430000
2017-04-04,41.4178581237793,41.448129586377426,41.14321890682425,41.2585533686381,20908000
2017-04-05,41.26103210449219,41.80892473574078,41.22678881503915,41.46450782045926,31106000
2017-04-06,41.08584976196289,41.50818116307929,41.01537915862443,41.310165280133084,25088000
2017-04-07,40.926544189453125,41.11587429794484,40.72024010135241,41.08981698639696,21146000
2017-04-10,40.92952346801758,41.158802838254715,40.88188046057486,40.96227874556562,19578000
2017-04-11,40.86103439331055,41.06336665721373,40.54689271002302,40.928528965269415,21594000
2017-04-12,40.9091796875,41.025309292266165,40.74540707087337,40.790570056287955,18010000
2017-04-13,40.871456146240234,41.011405335682156,40.76624246526485,40.800981760030545,22448000
2017-04-17,41.54689407348633,41.57567752231544,40.916619085457974,40.94341851334701,17900000
2017-04-18,41.529518127441406,41.63423201541876,41.32555019479243,41.400484840329014,16734000
2017-04-19,41.59850311279297,41.79751100510896,41.50321710407866,41.676913585433226,19084000
2017-04-20,41.769229888916016,41.94540642300819,41.65359629013727,41.75880620530639,19180000
2017-04-21,41.84565353393555,41.87989682787529,41.717116233773396,41.83026979850021,26472000
2017-04-24,42.81686782836914,42.85111112082653,42.17666895413511,42.24317151812467,27450000
2017-04-25,43.290313720703125,43.42430705937187,42.81934354888906,42.92802926440762,33440000
2017-04-26,43.262027740478516,43.47642316642792,43.064413194152735,43.386097204266136,24744000
2017-04-27,43.387088775634766,43.44415966325513,43.19502874945928,43.35482950657582,40536000
2017-04-28,44.960784912109375,45.501229903641274,44.95135702705564,45.19403608915759,65526000
2017-05-01,45.2888298034668,45.44317073115996,44.73696528824315,44.76128469011674,42320000
2017-05-02,45.48088455200195,45.69577597463123,45.134135252655824,45.14242346204945,31744000
2017-05-03,46.00693893432617,46.059541988850334,45.28748529541386,45.40247141524718,29990000
2017-05-04,46.2362174987793,46.44812908776548,45.885348732195325,45.958799148768065,28442000
2017-05-05,46.01140594482422,46.39701403717178,45.91562392826819,46.32951946362046,38226000
2017-05-08,46.36724090576172,46.497512330319324,45.918606050666504,45.961285219928065,26596000
2017-05-09,46.261531829833984,46.52604648915845,46.13051451321091,46.49875105709951,31636000
2017-05-10,46.09329605102539,46.25309683146434,45.91364370106052,46.252104820933006,23478000
2017-05-11,46.18362045288086,46.27940248195852,45.80793998851296,45.92158578061345,16700000
2017-05-12,46.264015197753906,46.32456191513266,46.047143527563136,46.22977190390277,21012000
2017-05-15,46.50520324707031,46.563266148117194,46.121083174608216,46.300239502540094,22162000
2017-05-16,46.79899978637695,46.804455843629945,46.53001729969409,46.65011492634763,19390000
2017-05-17,45.63869857788086,46.617010131985296,45.565251946433946,46.43522612216995,47242000
2017-05-18,46.165748596191406,46.31115763282849,45.59552435560143,45.70718610696754,31938000
2017-05-19,46.35284423828125,46.538698521370925,46.20346337549477,46.22679076493607,27860000
2017-05-22,46.7424201965332,46.743563658891276,46.401975104063155,46.401975104063155,22408000
2017-05-23,47.08783721923828,47.21919909565694,46.77790966997185,47.043170243504406,25416000
2017-05-24,47.39255142211914,47.39900327659687,47.12158110665361,47.29428558921976,20496000
2017-05-25,48.116127014160156,48.269426718994595,47.41786139803038,47.51017138627044,33210000
2017-05-26,48.2119026184082,48.38609510213997,47.892297311616,48.1240604755882,25040000
2017-05-30,48.43075942993164,48.446642955699616,48.1136379279777,48.154333073377984,29334000
2017-05-31,47.88386535644531,48.59900268761838,47.65160616825832,48.3880830838046,48962000
2017-06-01,47.98758316040039,48.213390474892165,47.64316623569752,48.08683720886089,28210000
2017-06-02,48.416866302490234,48.43076202184379,47.94044001623997,48.112152487194486,35020000
2017-06-05,48.81785583496094,48.97815639148954,48.392052393842036,48.46401101341419,25042000
2017-06-06,48.46500778198242,49.04465998240771,48.39404116587857,48.79205699497941,36292000
2017-06-07,48.68187713623047,48.832746016902654,48.43373822733793,48.63522614293724,29078000
2017-06-08,48.8044548034668,48.86202169310376,48.4962652119849,48.75184796548889,29638000
2017-06-09,47.137962341308594,48.858555374642606,46.43324866614434,48.858555374642606,66188000
2017-06-12,46.79404067993164,47.11438813495183,45.42098833147163,46.62828405357834,75270000
2017-06-13,47.31512451171875,47.64167767282315,46.85308999251498,47.24118187457375,40266000
2017-06-14,47.18410873413086,47.69974212162027,46.76177733464676,47.63869940387733,29794000
2017-06-15,46.76476287841797,46.815828703688254,45.877913023761096,46.35086730315322,42662000
2017-06-16,46.63919448852539,46.75135603009646,46.23299273641294,46.65011417545416,61894000
2017-06-19,47.512149810791016,47.64217511566177,47.09924629759205,47.144409275854144,30666000
2017-06-20,47.17765808105469,47.72306689655997,47.14688682811392,47.519591181900594,22520000
2017-06-21,47.61537551879883,47.64763478887066,47.18410845545118,47.327037467885646,24044000
2017-06-22,47.498252868652344,47.67840119925048,47.372199395013276,47.57815514109633,18828000
2017-06-23,47.92008590698242,47.94043347799647,47.35482553774945,47.48534683808369,30558000
2017-06-26,47.25905227661133,48.303222872514816,47.18560563433885,48.13399041952941,31968000
2017-06-27,46.02133560180664,47.06153432870879,45.99751220479918,46.77220424569464,51598000
2017-06-28,46.6744384765625,46.786596243612,45.45905144692836,46.10421418268669,54428000
2017-06-29,45.547882080078125,46.21636836965115,45.19204945658739,46.149865808451395,65984000
2017-06-30,45.09825897216797,45.95781335510783,45.077415392708794,45.95781335510783,41804000
2017-07-03,44.600486755371094,45.35681135777333,44.406438926937405,45.26946901033317,34196000
2017-07-05,45.24614715576172,45.38510434941178,44.59056453309868,44.75235311306236,36278000
2017-07-06,44.997013092041016,45.40664145348937,44.65011613725405,44.869471600407195,28490000
2017-07-07,45.587589263916016,45.73399032630195,45.104215105005395,45.104215105005395,32756000
2017-07-10,46.09428405761719,46.172698318378146,45.637213351857646,45.74540307117119,23856000
2017-07-11,46.15830612182617,46.2248048976662,45.7568145092016,46.1310106896659,22264000
2017-07-12,46.84019470214844,46.96277236468136,46.375676324740944,46.58460812174563,30642000
2017-07-13,47.005455017089844,47.367239725721824,46.79949925287977,46.96227605698227,25894000
2017-07-14,47.44366455078125,47.48932353552628,47.04738666684396,47.24564866354386,21076000
2017-07-17,47.316123962402344,47.67939668123599,47.108729407514986,47.49378849364798,23310000
2017-07-18,47.9106559753418,48.04167327525174,47.17616321582297,47.29527260577664,23080000
2017-07-19,48.18312072753906,48.289822438801316,47.84267559187513,48.03175582525983,24490000
2017-07-20,48.0471305847168,48.43174280397775,47.71760143855891,48.387079624824345,32490000
2017-07-21,48.28386306762695,48.29924680210186,47.65011605983089,47.75433395090197,34220000
2017-07-24,48.652095794677734,48.942917642689814,48.17716136635039,48.2491199808548,64966000
2017-07-25,47.181129455566406,47.62778022488382,46.918102832051446,47.335470364392634,93220000
2017-07-26,47.037208557128906,47.39452917345917,46.763213024547845,47.37864943513754,41766000
2017-07-27,46.356815338134766,47.23473323529776,45.65756155364598,47.23473323529776,64260000
2017-07-28,46.72604751586914,46.84019308530211,46.02976976533654,46.124063766768145,36928000
2017-07-31,46.17864990234375,46.82827659085004,45.957306645634425,46.74391027521006,39402000
2017-08-01,46.195030212402344,46.52341596228066,46.117115742657205,46.27195267169588,25554000
2017-08-02,46.173194885253906,46.282872621569325,45.492796873175315,46.08485673266734,36488000
2017-08-03,45.83869934082031,46.26500255959493,45.76872474439455,46.170708563091104,24050000
2017-08-04,46.0526008605957,46.16907879933005,45.80793774434774,45.99255393310528,21646000
2017-08-07,46.122074127197266,46.23820371292688,45.98014091176052,46.10718639836257,20644000
2017-08-08,45.99453353881836,46.44237324213131,45.935970846445734,46.00942126794548,21232000
2017-08-09,45.801483154296875,45.954336065452665,45.52108495789973,45.68783358825149,23842000
2017-08-10,45.02431106567383,45.62083876642821,44.96922419417179,45.53597264931729,36480000
2017-08-11,45.379150390625,45.54738703170126,44.941927467836045,45.06053708272487,24136000
2017-08-14,45.79006576538086,45.889221373235564,45.567734266479526,45.7831179060402,21290000
2017-08-15,45.76774215698242,45.98262982881814,45.64863651697579,45.86749223124171,17668000
2017-08-16,46.00297164916992,46.287833896195636,45.82852925606873,45.92009333820899,20134000
2017-08-17,45.20991516113281,45.99800304141589,45.20991516113281,45.94440797677057,25544000
2017-08-18,45.19453048706055,45.423063927155134,45.020038893787756,45.17666294168452,26854000
2017-08-21,44.99552917480469,45.310170674586345,44.83374059134295,45.16128580028533,18868000
2017-08-22,45.890316009521484,45.94837891083374,45.23448351769891,45.29627213762163,23334000
2017-08-23,46.00495147705078,46.1503605119105,45.625795260463505,45.75334053565059,21804000
2017-08-24,45.72108840942383,46.19553070605173,45.43424212276142,46.08734097552345,25406000
2017-08-25,45.45359420776367,45.933246456155096,45.434242429347584,45.83076646503597,21068000
2017-08-28,45.35036087036133,45.62008925315963,45.254082854164984,45.459046589053955,21730000
2017-08-29,45.721580505371094,45.82282236710713,44.91314498607598,44.91810882469133,23712000
2017-08-30,46.13249969482422,46.19448520314443,45.64018989494472,45.660041462968834,26024000
2017-08-31,46.61686325073242,46.748376568579836,46.2411828537111,46.2411828537111,31652000
2017-09-01,46.51811218261719,46.77319898705111,46.409426446599085,46.70620041193038,18948000
2017-09-05,46.0769157409668,46.50123116537027,45.75483039936179,46.30669110410414,26528000
2017-09-06,46.04515075683594,46.19924556255545,45.62133135346935,46.16128034026075,30554000
2017-09-07,46.449119567871094,46.47194716449607,45.83720821511675,46.23968801170633,24254000
2017-09-08,45.980140686035156,46.50073411898231,45.89974240716335,46.475922499812725,20230000
2017-09-11,46.108177185058594,46.56971569818122,46.000983268514176,46.364755750091,25340000
2017-09-12,46.256568908691406,46.326543508481265,45.8491744487818,46.28237632561515,22688000
2017-09-13,46.40644454956055,46.51363846990547,46.14688994415752,46.18659307893682,22052000
2017-09-14,45.911163330078125,46.29131160721135,45.85607645560465,46.21587715809903,27952000
2017-09-15,45.67195129394531,45.97964490629129,45.47691523087322,45.88882673136075,50108000
2017-09-18,45.409420013427734,45.760784796861834,45.19105656349604,45.65805492580574,26138000
2017-09-19,45.74739074707031,45.77766221326404,45.28783619218213,45.52952327536885,18734000
2017-09-20,46.23224639892578,46.34639196020638,45.7568121702025,45.80544718312748,33396000
2017-09-21,46.27542495727539,46.47790487660978,45.84763373476711,46.302720387805934,25812000
2017-09-22,46.08088302612305,46.388576638797794,45.979148950211425,46.042175688371564,21054000
2017-09-25,45.705692291259766,45.9751707477286,45.146387808701135,45.928023755372756,37136000
2017-09-26,45.89875030517578,46.19453221789385,45.7141341390418,45.84217542147485,33338000
2017-09-27,46.87294006347656,47.141426531428536,46.04167703137227,46.04167703137227,44788000
2017-09-28,47.121578216552734,47.18063691371901,46.67741122681818,46.71761036695246,20406000
2017-09-29,47.598506927490234,47.63205354155148,47.22133469727457,47.24565031301964,31620000
2017-10-02,47.30868148803711,47.76872824920738,47.03919918609582,47.641682752188316,25668000
2017-10-03,47.532989501953125,47.54341318312258,47.10371027930535,47.344901312423936,17766000
2017-10-04,47.229766845703125,47.66202591404066,47.18063582654868,47.49378549287015,19048000
2017-10-05,48.136966705322266,48.18411370617134,47.403465842851425,47.4188533638481,24276000
2017-10-06,48.580142974853516,48.60843041884658,47.80942276845432,47.9751793904766,23478000
2017-10-09,48.48634338378906,48.90446064387962,48.44217620090272,48.63522825009484,17828000
2017-10-10,48.267982482910156,48.713141482241916,47.94440912788304,48.6352270144884,19368000
2017-10-11,49.09428405761719,49.1667386795707,48.25060950559236,48.32356391904346,33866000
2017-10-12,49.02381134033203,49.33597279050275,48.88336613842552,49.00495556955333,25248000
2017-10-13,49.115631103515625,49.48932753482831,49.081883813402555,49.230764907819264,23396000
2017-10-16,49.23076248168945,49.32540482681407,48.83374246317721,49.235726320481994,18210000
2017-10-17,49.23970031738281,49.451112151880935,49.061535981250046,49.14590231294084,25804000
2017-10-18,49.270957946777344,49.46500200115532,48.981381773996844,49.219346900606176,21152000
2017-10-19,48.8560676574707,49.07591911569147,48.55532191861811,48.93299011032893,26272000
2017-10-20,49.042171478271484,49.18112865485912,48.86251915906902,49.10371019737445,23664000
2017-10-23,48.06203079223633,49.10768938216172,47.94639720071693,49.10768938216172,29568000
2017-10-24,48.165748596191406,48.24961891276987,47.692298368394894,48.13894916949544,24244000
2017-10-25,48.304203033447266,48.441176179083634,47.66847210488186,48.05804817541677,24226000
2017-10-26,48.265995025634766,49.01239957821491,48.24813126523405,48.63522736704138,40842000
2017-10-27,50.58411407470703,52.02927267947317,50.03473336653514,50.08386438970749,103354000
2017-10-30,50.47691345214844,50.86698936988566,49.99999118626432,50.322572531822665,41702000
2017-10-31,50.453590393066406,50.81885090882115,50.144904762781685,50.38311978883886,26614000
2017-11-01,50.89329528808594,51.10024306170599,50.46897605822922,50.481879767040475,27468000
2017-11-02,50.89725875854492,51.02182421571997,50.27343946228091,50.70768254421325,20980000
2017-11-03,51.23969650268555,51.248132378086886,50.63572492968558,50.7250550950104,21528000
2017-11-06,50.91313552856445,51.358298271413645,50.86847234587938,51.066488209567396,22504000
2017-11-07,51.28187561035156,51.31363887477932,50.874927953010854,50.98112986073933,22246000
2017-11-08,51.605445861816406,51.78768043389672,51.039689488880924,51.14241935403121,21774000
2017-11-09,51.17915344238281,51.31463860892163,50.603768389897766,51.31463860892163,24904000
2017-11-10,51.020835876464844,51.15433322304356,50.88237469128597,50.94093738512943,14400000
2017-11-13,50.90570068359375,51.19503077087245,50.747887714441404,50.79007087877265,17716000
2017-11-14,50.91810989379883,50.95830903830591,50.33002181573146,50.74888122621435,19184000
2017-11-15,50.66550064086914,50.82331359517658,50.39304233043226,50.5811305338434,17080000
2017-11-16,51.240684509277344,51.41041294602197,50.74539870361191,50.74539870361191,22594000
2017-11-17,50.57518005371094,51.33597639552678,50.508681272263736,51.31562882099525,27942000
2017-11-20,50.539939880371094,50.74986746013537,50.49626870395884,50.633241868332846,19070000
2017-11-21,51.339447021484375,51.37021827821555,50.752104870886285,50.78461025282761,21940000
2017-11-22,51.41239547729492,51.59829897907473,51.1875801791895,51.36475247513815,14926000
2017-11-24,51.64316177368164,51.77060860031738,51.36475141689755,51.40792658517228,10740000
2017-11-27,52.31810760498047,52.38014233808192,51.53547947191954,51.61289794040864,26158000
2017-11-28,51.98063278198242,52.723315372195174,51.612892257425585,52.36177680574575,28488000
2017-11-29,50.70272445678711,51.81537782295853,50.404462490269424,51.74589922487287,49188000
2017-11-30,50.6903190612793,51.04168389601292,50.37220551135079,50.73796207160756,34480000
2017-12-01,50.13249588012695,50.74391127737167,49.72803203001534,50.41190205066266,38192000
2017-12-04,49.56227111816406,50.42678925572848,49.40793020140598,50.25606880836923,38128000
2017-12-05,49.883365631103516,50.65060997267496,49.04614669122781,49.42629493235906,41346000
2017-12-06,50.539939880371094,50.866989057149446,49.684357394544435,49.70222494105818,25440000
2017-12-07,51.16276550292969,51.327034081569856,50.524599965175035,50.64167232777856,29164000
2017-12-08,51.46649169921875,51.71463060665092,51.2417748389267,51.48832728697451,25816000
2017-12-11,51.66748809814453,51.801481453829766,51.21835724247237,51.38957370928652,23856000
2017-12-12,51.636714935302734,52.1245568998282,51.29974564440155,51.594531773286825,25590000
2017-12-13,51.64316177368164,51.943657612930565,51.532492038217114,51.916612078686384,25654000
2017-12-14,52.06698989868164,52.53100846622461,51.76723614553814,51.86103414127662,31174000
2017-12-15,52.813392639160156,52.98361709518225,52.08435958865139,52.337958361182366,65518000
2017-12-18,53.4560661315918,53.52306469566698,52.704701562460826,52.90718527026602,31092000
2017-12-19,53.135475158691406,53.44118096955348,52.78163033768194,53.3597906783683,26774000
2017-12-20,52.85110855102539,53.26946812393466,52.68088410532427,53.19006564048792,25372000
2017-12-21,52.78559875488281,53.06847696887556,52.69448145997663,52.851109306990296,19914000
2017-12-22,52.61140441894531,52.81388434451042,52.57765713363459,52.660535438152316,15102000
2017-12-26,52.44366455078125,52.611405183065564,52.11909540084048,52.5096673204526,15212000
2017-12-27,52.07789993286133,52.524550694606994,52.01239317383143,52.47591568392906,25438000
2017-12-28,52.01686477661133,52.344902173302785,51.849616364983,52.18857723508629,16742000
2017-12-29,51.93050765991211,52.09428023937818,51.85606523412762,51.946387398162464,17750000
2018-01-02,52.85359573364258,52.94987376628142,51.87245563927141,52.02679658014198,24752000
2018-01-03,53.72108840942383,53.91016864570542,52.764759966974026,52.8193508365865,28604000
2018-01-04,53.91562271118164,54.271455336055325,53.79661553689371,53.99502898076155,20092000
2018-01-05,54.701236724853516,54.80148658347711,54.19354314955188,54.29280099763956,25582000
2018-01-08,54.93498229980469,55.149869949705476,54.67096362574503,54.701235091385456,20952000
2018-01-09,54.9012336730957,55.11512930727735,54.651655951954346,55.057066403677275,18050000
2018-01-10,54.720088958740234,54.81884700203979,54.39750762166274,54.44663864071174,20856000
2018-01-11,54.86450958251953,54.91438271949177,54.57021566782898,54.90321692227562,19566000
2018-01-12,55.69527816772461,55.7960240273906,54.6476355734461,54.710166311283736,34410000
2018-01-16,55.67045974731445,56.571201379835045,55.475522136392314,56.20395686791563,31506000
2018-01-17,56.17766189575195,56.2084331534426,55.43473309942245,55.89180762703403,24052000
2018-01-18,56.0689697265625,56.203958868097494,55.45904613623243,56.14936800523843,23964000
2018-01-19,56.45209884643555,56.469470387810375,55.995028148932235,56.17021264682469,35564000
2018-01-22,57.360294342041016,57.562278288368944,56.3329992808603,56.45111290148227,32360000
2018-01-23,58.063018798828125,58.14524964937371,57.50619424897152,57.56078511383782,26662000
2018-01-24,57.77865219116211,58.5538364091276,57.62033944134248,58.428278935273944,28332000
2018-01-25,58.08287048339844,58.35929684484292,57.70520226187664,58.19006440615728,29610000
2018-01-26,58.354331970214844,58.354331970214844,57.47443007831587,58.31661664240436,40376000
2018-01-29,58.341426849365234,58.90271921009497,58.162766532632624,58.38609382169802,27578000
2018-01-30,57.75136184692383,58.38808493883361,57.742922184854635,57.95681782846756,31126000
2018-01-31,58.06153106689453,58.21339196429759,57.525054087435535,58.092794541260176,30774000
2018-02-01,57.95035934448242,58.263016794147,57.445149644736794,57.69775638775925,48242000
2018-02-02,55.18113708496094,55.735477855417784,54.951755480558035,55.68237500305651,97158000
2018-02-05,52.39701843261719,55.08684357978296,52.20992222082111,54.12406330019608,75966000
2018-02-06,53.627784729003906,53.6828716021539,50.77602336861869,50.97667074430348,68960000
2018-02-07,52.03870391845703,53.68634623771288,52.022820391908624,53.67443453937646,47384000
2018-02-08,49.70322036743164,52.53696648915333,49.66054119850927,52.377661720413116,57182000
2018-02-09,51.502723693847656,51.80992132486519,49.25855363585542,50.483864550601425,70118000
2018-02-12,52.205448150634766,52.67989037385945,51.658945080736665,52.00991608653701,41154000
2018-02-13,52.21339416503906,52.52455984380545,51.81572668421021,51.8610373322572,25302000
2018-02-14,53.08683395385742,53.18708000420061,51.94787737417266,52.05705530368036,31116000
2018-02-15,54.07046890258789,54.16768972037614,52.82083854456963,53.551855644291564,36868000
2018-02-16,54.332496643066406,54.8223226022631,54.010558978167694,54.01537515079228,33590000
2018-02-20,54.712646484375,55.282866951989995,54.0208327996035,54.12257066299627,28462000
2018-02-21,55.15333938598633,56.276416310642624,54.904704476165534,54.91165233520464,30258000
2018-02-22,54.91958999633789,55.72306158658867,54.71909410265702,55.394032199002176,26344000
2018-02-23,55.92008972167969,55.94440533604928,54.82450507578839,55.21785614175357,25220000
2018-02-26,56.76177978515625,56.77220346784738,55.91537902241603,55.97021599895641,31182000
2018-02-27,55.49825668334961,56.77617062830554,55.4838649589421,56.63721343657824,35482000
2018-02-28,54.82530212402344,55.95681500410083,54.751355695291686,55.73349148851168,37652000
2018-03-01,53.07790756225586,55.09279431620366,52.95289531771841,54.98113256305667,50318000
2018-03-02,53.54441452026367,53.69721822569447,52.0156315648736,52.26203260405689,45432000
2018-03-05,54.14044189453125,54.446643729679366,53.05210415050917,53.35681796991353,24044000
2018-03-06,54.34540557861328,54.682378693659324,54.0831248009289,54.55185736484444,30656000
2018-03-07,55.068973541259766,55.19701483134314,53.8700683096937,54.054086251537804,25850000
2018-03-08,55.88088607788086,55.96029235261924,55.22579945648749,55.35086093153083,27102000
2018-03-09,57.570213317871094,57.607932432783485,56.201530441352794,56.37716172666961,42560000
2018-03-12,57.79155731201172,58.414388471416125,57.44019248392125,57.75930182466269,43446000
2018-03-13,56.48485565185547,58.399992414312685,56.24465660147949,58.064507352149604,38144000
2018-03-14,57.04663848876953,57.498253127139144,56.64713468801923,56.83423466919762,25828000
2018-03-15,57.051109313964844,57.62182960015321,56.30470851615093,57.06996887189512,27908000
2018-03-16,56.36376953125,57.363769206849646,56.17667330630554,57.27741885055217,61840000
2018-03-19,54.581626892089844,55.68187242759587,54.04514994660619,55.58361039109909,56118000
2018-03-20,54.47691345214844,54.84862201899151,53.769716056783,54.54093219932872,36638000
2018-03-21,54.13795471191406,54.903215035822676,53.85358848427491,54.230264690475025,37578000
2018-03-22,52.06351089477539,53.741924320620846,51.90619394943885,53.69130528665603,53340000
2018-03-23,50.6982536315918,52.772199127816826,50.68088587624504,51.96177960428966,43134000
2018-03-26,52.26847457885742,52.38857598927086,50.04465232842335,51.910657946187136,53302000
2018-03-27,49.880889892578125,52.845604188471974,49.474934200176804,52.75433922107276,61906000
2018-03-28,49.854087829589844,50.830263987979,48.666992072572086,49.52853044171632,67386000
2018-03-29,51.20545196533203,51.76178051755427,49.77170530780108,50.20495640978419,54536000
2018-04-02,49.948875427246094,51.35483058506541,49.149867832500824,50.76028693847742,53608000
2018-04-03,50.29329299926758,50.66946941150189,49.333488833846395,50.31810461885623,45502000
2018-04-04,50.87542724609375,51.052997119904965,49.28039178848185,49.30073936197883,49694000
2018-04-05,51.0079345703125,51.751359360314495,50.62684351109204,51.67890473031705,27260000
2018-04-06,49.9771614074707,51.18708467027028,49.77815352241644,50.620336263374114,34928000
2018-04-09,50.39453125,51.59304266169788,50.32654067247287,50.46152981709598,35032000
2018-04-10,51.19800567626953,51.428277039610286,50.19056230891741,50.939939089910794,39490000
2018-04-11,50.61885452270508,51.184311871676165,50.415378779391325,51.0168703421532,29678000
2018-04-12,51.241180419921875,51.64713606649352,50.691553648349895,50.8704600741607,27140000
2018-04-13,51.08039093017578,51.93150562040225,50.768229468550956,51.6565672690841,24460000
2018-04-16,51.51264572143555,51.77368835099451,50.95483294066934,51.46401070494847,24224000
2018-04-17,53.30817413330078,53.492790285076524,52.02281271579069,52.1771574072525,46406000
2018-04-18,53.204952239990234,53.47045890293108,52.91438027595463,53.47045890293108,26882000
2018-04-19,53.980140686035156,54.30098413792864,53.01140837167972,53.07195508790182,34954000
2018-04-20,53.248626708984375,54.21091093888287,53.08039006360281,53.69726154963472,37794000
2018-04-23,52.97518539428711,53.73300195383662,52.64019629982363,53.49181086598687,46826000
2018-04-24,50.61934280395508,52.456561131292545,50.15333647275878,52.208422235143956,95206000
2018-04-25,50.678897857666016,51.2401902372451,50.38758376936211,50.894285284423,47822000
2018-04-26,51.61488342285156,52.00892742257072,50.530517469151015,51.09230211972928,41590000
2018-04-27,51.11910629272461,52.08436670523083,50.897766762278465,51.91067018877086,32396000
2018-04-30,50.48783493041992,51.464011090370974,50.46401153407672,51.1171141180938,33426000
2018-05-01,51.479400634765625,51.53696753435845,50.03523022943177,50.3057007572872,28558000
2018-05-02,50.837711334228516,51.63220190748213,50.76277289544227,51.022323722988624,32062000
2018-05-03,50.80495834350586,51.10049038805684,49.939944117709636,50.57071513096834,36302000
2018-05-04,52.02033996582031,52.03522769547663,50.466495656884376,50.466495656884376,38774000
2018-05-07,52.346893310546875,52.6888302583667,51.96525700941906,52.070962926982475,29322000
2018-05-08,52.30321502685547,52.63274422551583,51.967483869979674,52.53299038476868,24354000
2018-05-09,53.734981536865234,53.867982881320565,52.42505441144925,52.51115864962099,40656000
2018-05-10,54.469966888427734,54.612396109503536,53.877907051906945,53.89725882767105,28860000
2018-05-11,54.50421142578125,54.65657212401081,54.13945067564851,54.27294802898295,25074000
2018-05-14,54.600486755371094,55.12406003247765,54.54639568113281,54.59056286445841,30362000
2018-05-15,53.55978775024414,54.09676069801482,53.273933522082785,54.09428067206087,29898000
2018-05-16,53.68584442138672,54.058052770565105,53.41239411228421,53.4645049471408,21946000
2018-05-17,53.52803039550781,53.93894610142845,53.27542365030891,53.592545149561474,20876000
2018-05-18,52.921085357666016,53.09875367528303,52.63919914638247,52.69775805440959,31304000
2018-05-21,53.57716369628906,53.99503106554394,53.282869783087136,53.303217356480175,20464000
2018-05-22,53.08832550048828,53.925048396722396,52.93745662348038,53.774679311205865,21800000
2018-05-23,53.582618713378906,53.63671356914358,52.690309168453524,52.86003759985011,21214000
2018-05-24,53.5602912902832,53.62133022341577,52.91066075165117,53.54837959227222,15336000
2018-05-25,53.382625579833984,53.725054730808665,53.28907747522058,53.549374214924214,17988000
2018-05-29,52.6213264465332,53.26896912585248,52.368227495111235,52.84812576422126,37302000
2018-05-30,52.992549896240234,53.06252449978982,52.44813301695981,52.75582665677678,22770000
2018-05-31,53.84564971923828,54.45110929079594,52.980635534466465,52.980635534466465,61766000
2018-06-01,55.55830001831055,55.58311542364438,54.51611736137707,54.55830052140517,48432000
2018-06-04,56.540435791015625,56.66946908349434,55.68261940328731,55.69874903813456,37792000
2018-06-05,56.558799743652344,56.86043527633344,56.237706418936504,56.62480251281944,33560000
2018-06-06,56.42083740234375,56.724559201177485,55.86813233621286,56.683368049169005,33964000
2018-06-07,55.77468490600586,56.36823280829476,55.41041637769218,56.144909283634426,30400000
2018-06-08,55.62629318237305,55.91413523792205,55.19353808859791,55.49279583693953,25816000
2018-06-11,56.07890319824219,56.439695906559905,55.513642735676086,55.513642735676086,21586000
2018-06-12,56.541927337646484,56.565250942544125,56.11587398681744,56.132499627906,18240000
2018-06-13,56.31711959838867,56.89826364110386,56.24714498797847,56.63126512358339,30128000
2018-06-14,57.177162170410156,57.343414794396296,56.60743768724737,56.766742451682745,26868000
2018-06-15,57.184104919433594,57.24167559792306,56.748623723348985,57.01537228436587,42450000
2018-06-18,58.2362174987793,58.27840065919572,56.75383589022043,56.75681192146424,28274000
2018-06-19,57.968231201171875,58.12753596908678,57.270961418404916,57.493788934128645,32420000
2018-06-20,58.05656433105469,58.87274278102621,58.02281704594933,58.32802684119872,32970000
2018-06-21,57.45209503173828,58.426536973503644,57.18271499447982,58.30519744557485,24762000
2018-06-22,57.34390640258789,57.69214748450773,56.935966741301826,57.52554653374387,26220000
2018-06-25,55.82183074951172,56.769719482801236,55.224807036564926,56.75433574773209,43146000
2018-06-26,55.506690979003906,56.238700027213774,55.417311595500784,55.98014121417212,31264000
2018-06-27,54.788082122802734,56.170513051945385,54.770214575804744,55.64962048081708,25878000
2018-06-28,55.296268463134766,55.69776008610385,54.392546933555685,54.694284710745485,21448000
2018-06-29,55.36724090576172,55.99140860979127,55.33498163310413,55.58312056419428,26302000
2018-07-02,55.953338623046875,55.980138048644676,54.28286507401202,54.54093165353943,24346000
2018-07-03,54.733985900878906,56.36822841907488,54.591552892562575,56.36822841907488,13580000
2018-07-05,55.79502868652344,55.95532545667653,55.011404809889015,55.11314267397664,21334000
2018-07-06,56.584110260009766,56.621829375432405,55.61969434678643,55.76078701061992,19922000
2018-07-09,57.27294158935547,57.30371284385501,56.745400292669544,56.99651523556588,18180000
2018-07-10,57.212894439697266,57.54788350575739,57.0516056516236,57.418354198278166,15968000
2018-07-11,57.265499114990234,57.781132512860076,56.625300253067934,56.803464571466314,22400000
2018-07-12,58.733489990234375,58.77964498069898,57.36649200439671,57.56276998230441,25038000
2018-07-13,58.998504638671875,59.32589838176871,58.560785701441304,58.808924623905035,24438000
2018-07-16,58.75234603881836,59.10668685298151,58.52505070927808,59.02678836646689,21114000
2018-07-17,59.4937858581543,59.70420944860593,58.094282506404355,58.17468078835937,32208000
2018-07-18,59.348873138427734,59.77666439476629,59.07393479062832,59.38262042536876,27872000
2018-07-19,58.90618896484375,59.553335636155474,58.72554463429763,59.10668486162448,25534000
2018-07-20,58.80445861816406,59.39751050983244,58.77021532463821,58.90619648824808,24948000
2018-07-23,59.826297760009766,59.87542878368614,58.61041472670823,58.6109107319565,52384000
2018-07-24,61.9394416809082,62.82877144618691,61.318102393602004,62.659542799088456,66364000
2018-07-25,62.71463394165039,62.821827868365226,61.49527888760951,61.49527888760951,42556000
2018-07-26,62.94440460205078,63.01591643639878,61.9860922563379,62.084354295041734,48112000
2018-07-27,61.464012145996094,63.220340217855586,61.09180375134578,63.076915189480815,42612000
2018-07-30,60.532989501953125,61.28614121407781,60.12256981018797,60.94341298001752,36998000
2018-07-31,60.409912109375,60.922467223403395,59.8312519969657,60.54638926537705,32894000
2018-08-01,60.54639434814453,61.2143846745319,60.06004417030798,60.942922141638405,31344000
2018-08-02,60.851104736328125,61.03621691114453,59.79105450962844,59.846141378751035,30626000
2018-08-03,60.73001480102539,61.042172462431914,60.300731756353265,61.02331290550278,21792000
2018-08-06,60.782615661621094,60.84802776636651,60.33730522800142,60.794031353668295,21634000
2018-08-07,61.648624420166016,62.092791410324686,61.34837466820672,61.389565818808435,29880000
2018-08-08,61.81686019897461,62.35730898772184,61.439589550937214,61.56177342918178,27406000
2018-08-09,61.99006652832031,62.30976650624542,61.836713829164474,62.02976587775118,16972000
2018-08-10,61.41984558105469,61.82108732499068,61.141431396976806,61.68734007701201,22174000
2018-08-13,61.29080581665039,61.99864688447845,61.22286446332697,61.388571848982316,19946000
2018-08-14,61.642669677734375,61.82976587705116,60.79949487460056,61.299740753374465,26962000
2018-08-15,60.26698684692383,61.30222163847336,60.025296007876435,61.005447718159836,36576000
2018-08-16,59.875423431396484,60.843659666172826,59.67988757836699,60.780632928579564,26864000
2018-08-17,59.60098648071289,60.000986316543205,58.96971946480121,59.654089332720766,27792000
2018-08-20,59.93894958496094,60.09924635983691,59.286642123877996,59.802472420127124,17416000
2018-08-21,59.63373565673828,60.40991185184236,59.57090580746533,59.95036114279354,24112000
2018-08-22,59.91710662841797,60.140926122184915,59.50370714289099,59.55333416410127,17748000
2018-08-23,59.820335388183594,60.609415285056514,59.76376050565219,59.907677737951666,19852000
2018-08-24,60.578155517578125,60.62778254412683,59.86892484099524,59.99105950151113,18932000
2018-08-27,61.6287727355957,61.691799474414836,60.829568243437514,60.92306711934762,23126000
2018-08-28,61.09925079345703,61.664761170354545,60.977169129508866,61.602476538901286,26080000
2018-08-29,61.9999885559082,62.0674831273615,61.357756467391035,61.41190054748652,25978000
2018-08-30,61.494781494140625,62.215128754606184,61.170712122503964,61.74837647374232,26628000
2018-08-31,60.45606994628906,61.471949224682774,60.11339091768337,61.289320858672426,36328000
2018-09-04,59.404449462890625,60.198000944266674,59.18112597373576,59.765245897083545,36620000
2018-09-05,58.88237380981445,59.50420911859776,57.66748285396054,59.245646519111034,41226000
2018-09-06,58.1359748840332,58.87344384784306,57.17121055912879,58.87344384784306,37770000
2018-09-07,57.80793380737305,58.32555124285028,57.43001567917386,57.50222419741703,28026000
2018-09-10,57.798500061035156,58.28981784237908,57.57368853480023,58.173192248592336,22308000
2018-09-11,58.42976379394531,58.495270556038534,57.38162531006034,57.64911977444748,24186000
2018-09-12,57.70817947387695,58.49180337588776,57.48683997810357,58.19949726871336,25910000
2018-09-13,58.329017639160156,58.491798212602504,57.70966618163367,58.10122630915833,28624000
2018-09-14,58.1900634765625,58.581877306442195,57.98162769705614,58.516120645539615,18880000
2018-09-17,57.37220001220703,58.4238105798596,57.27195016432812,58.07145377608804,26130000
2018-09-18,57.62876892089844,58.366237728863545,57.42380519912193,57.42380519912193,24072000
2018-09-19,58.11860656738281,58.223816477894346,57.2992513064804,57.815380753753566,23828000
2018-09-20,58.901729583740234,59.05160646922306,58.23125921370366,58.560292439889565,24508000
2018-09-21,57.87045669555664,59.16673402516656,57.86797288340503,59.15631034398764,88112000
2018-09-24,58.231746673583984,58.46152580693436,56.91859756566887,57.42777906834586,25420000
2018-09-25,58.79155349731445,58.90222703178197,57.96525421161534,58.36971808340542,19554000
2018-09-26,58.58510208129883,59.266984291373426,58.30098196956823,58.816365455069715,29246000
2018-09-27,59.287330627441406,59.65755496339631,58.74092978962537,58.89477469879411,25216000
2018-09-28,59.22927474975586,59.32555277727203,58.78411192723223,59.14986847348289,27612000
2018-10-01,59.320579528808594,60.04464864134261,59.071944629090076,59.547874847081125,27152000
2018-10-02,59.55879592895508,60.04762986556162,58.889813665626285,59.1047012869465,33758000
2018-10-03,59.699745178222656,59.87145765361811,59.24714227704415,59.80148304979937,25124000
2018-10-04,57.97467803955078,59.42976419553826,57.34867404136697,59.321574481117125,44190000
2018-10-05,57.43671798706055,58.238205664615705,56.82977038099401,57.94043970817195,23686000
2018-10-08,57.02083969116211,57.96525641200176,55.9485785627566,57.0774145804809,38648000
2018-10-09,56.517112731933594,57.28782909891012,56.45517644804331,56.88088143683387,26174000
2018-10-10,53.65855026245117,56.18708631359201,53.65408242937787,56.132991456712155,53514000
2018-10-11,53.56426239013672,54.90818294591946,53.01587746699064,53.24763686841414,58980000
2018-10-12,55.09081268310547,55.334979777720214,53.91572328035809,54.98758680036194,42026000
2018-10-15,54.20594787597656,55.25785761623235,54.04465908785686,55.03274696294184,27448000
2018-10-16,55.64664077758789,55.79254582632349,54.71463181271404,54.81835369944203,38570000
2018-10-17,55.369224548339844,56.0292750092405,54.69925019623523,55.903717528807704,29344000
2018-10-18,53.99353790283203,55.67443143689045,53.45358889312594,55.67443143689045,41890000
2018-10-19,54.41488265991211,55.10470856433861,53.98262356472057,54.26152995789179,25352000
2018-10-22,54.64813232421875,55.197513044279575,54.14391458636214,54.74242633065854,30284000
2018-10-23,54.77368927001953,54.982125049203944,53.101727630713235,53.642172640948395,36974000
2018-10-24,52.144405364990234,54.89428089270968,52.046639333072015,54.801478699056624,39648000
2018-10-25,54.3707160949707,55.1354805008992,53.079402334945016,53.19056809703302,50916000
2018-10-26,53.1746826171875,54.91463106628275,51.31959280364146,51.46550163693563,83752000
2018-10-29,50.62430953979492,54.44366322386968,49.420834310067285,53.72058607561878,77614000
2018-10-30,51.424800872802734,51.48832361072923,49.66499726196914,50.04762927762381,64254000
2018-10-31,53.437713623046875,54.19056630998586,52.45656978205983,52.59602677257129,50596000
2018-11-01,53.10173034667969,53.79527819287967,52.72753793543866,53.3895724105418,29640000
2018-11-02,52.49577331542969,53.74564969183618,52.33795656850068,53.2868410709809,36780000
2018-11-05,51.61736297607422,52.529520369958234,50.681878191447936,52.35731189962229,48828000
2018-11-06,52.39751052856445,52.82108384082481,51.517112622839925,51.58708722178409,24666000
2018-11-07,54.262516021728516,54.365245888284164,52.8982480972212,53.05209678761467,41168000
2018-11-08,53.71711349487305,54.25657030525288,53.21115786264421,54.16277230724943,29764000
2018-11-09,52.91066360473633,53.37766201547968,52.263516843635365,53.29974754158029,26864000
2018-11-12,51.544898986816406,52.71065501728734,51.16623879513847,52.67442770833231,29436000
2018-11-13,51.4168701171875,52.43696739560847,51.173691236029356,51.776174808533426,30274000
2018-11-14,51.794532775878906,52.33567448899195,51.166245593107725,52.109174265650836,31318000
2018-11-15,52.83919906616211,53.19353990468014,51.20495647684598,51.846643370564856,36722000
2018-11-16,52.67940139770508,52.95284796354987,52.05855804616622,52.576175508413655,33162000
2018-11-19,50.620338439941406,52.64465688103662,50.43473025971473,52.466492565323634,37172000
2018-11-20,50.906192779541016,51.202970495428175,49.43026300134525,49.62778287969341,48982000
2018-11-21,51.494285583496094,52.0377104224124,51.28882583140617,51.45210242158334,30686000
2018-11-23,50.81289291381836,51.493290885280274,50.739393273183865,51.116614692776565,13830000
2018-11-26,52.040679931640625,52.074923219363995,51.310654989570835,51.531002443390946,38856000
2018-11-27,51.831756591796875,52.485355195726704,51.53795867686173,51.66252414633079,36064000
2018-11-28,53.90718460083008,53.93745606273,51.40246818463277,52.04763084616812,49508000
2018-11-29,54.00992202758789,54.30495807314537,53.39949857556238,53.403470403952184,29378000
2018-11-30,54.31413269042969,54.370707573153645,53.4927935216429,54.04812623976902,51604000
2018-12-03,54.909664154052734,55.813881619667555,54.77244488553993,55.738946972634174,39824000
2018-12-04,52.149871826171875,54.8099215289731,52.10818466657259,54.74540298223633,46904000
2018-12-06,53.0387077331543,53.161289190402755,51.154838035161674,51.32803853494154,55384000
2018-12-07,51.44316101074219,53.36276538383674,51.042169228434254,52.60594100744049,42024000
2018-12-10,51.59056091308594,52.032247863357824,50.783613462481625,51.3672336256557,36154000
2018-12-11,52.19602584838867,52.63522903178919,51.604957973502,52.43126107122275,27894000
2018-12-12,52.78807830810547,53.679891900379005,52.74391112607517,53.00247372304621,30476000
2018-12-13,52.699745178222656,53.58609516127768,52.3042094063539,53.005947000907746,26596000
2018-12-14,51.71711349487305,52.734484586169714,51.652102733209155,52.10818143421229,33732000
2018-12-17,50.4481315612793,52.2655022962488,50.01984429730477,51.48932226483842,47708000
2018-12-18,51.05259323120117,52.083360133322586,50.69179679684587,50.92256793628885,43850000
2018-12-19,50.769718170166016,52.70470262113094,50.02728546589889,51.31463100089168,49586000
2018-12-20,50.09477996826172,51.32604283692482,49.44713726687282,50.527535041692396,53470000
2018-12-21,48.61240005493164,50.81984288772774,48.322077976863575,50.3870877993337,91920000
2018-12-24,48.44763946533203,49.803467952436755,48.14441365382821,48.332501877743596,31806000
2018-12-26,51.58609390258789,51.61289332895883,48.78411126679523,49.08237320702475,47466000
2018-12-27,51.80545425415039,51.80595025940411,49.4789018553998,50.47890145510754,42196000
2018-12-28,51.467979431152344,52.3851006159341,51.27045955943804,52.09031071710802,28296000
2018-12-31,51.39502716064453,52.24316579519487,50.79850326533941,52.15681545144992,29866000
2019-01-02,51.90321350097656,52.22430681417616,50.407432235083256,50.45011139911309,30652000
2019-01-03,50.4248046875,52.45557112865643,50.326042858659804,51.66251939824446,36822000
2019-01-04,53.136966705322266,53.14341855987174,50.9884802088492,51.245157246269045,41878000
2019-01-07,53.021827697753906,53.30024187381271,52.34540150280366,53.176172411250896,39638000
2019-01-08,53.41339111328125,53.8243106231069,52.631755021494904,53.40495523804268,35298000
2019-01-09,53.3329963684082,53.72852835531283,52.92306887095246,53.67989333873496,23986000
2019-01-10,53.11810302734375,53.15879817248444,52.49180368346479,52.98559769618042,29128000
2019-01-11,52.46599578857422,52.792795066597165,52.03373671642569,52.76326571843411,30416000
2019-01-14,51.84565353393555,52.18510665706048,51.67518296449053,51.95632328660215,22886000
2019-01-15,53.456565856933594,53.6004868852631,51.977164004994755,52.117609210430714,29272000
2019-01-16,53.646141052246094,54.21214733334014,53.565246771798336,53.59800204538381,26636000
2019-01-17,54.08932113647461,54.18361513841397,53.27542577553338,53.571703708867574,24854000
2019-01-18,54.50421142578125,55.005055571914696,54.13895088409368,54.59056556207652,39112000
2019-01-22,53.12753677368164,54.16922348454228,52.77765998463036,53.99503099101271,32270000
2019-01-23,53.378150939941406,53.84266547650446,52.59303909686968,53.466489085018985,19340000
2019-01-24,53.2952766418457,53.57195289919321,52.640190048097296,53.423317929253095,27226000
2019-01-25,54.14341735839844,54.29279823504705,53.68833065505454,53.84614740712893,22382000
2019-01-28,53.1057014465332,53.74689233385762,52.79403599022081,53.60346730913384,25686000
2019-01-29,52.6362190246582,53.35731218717823,52.400241696143866,53.234730741657216,20436000
2019-01-30,54.04763412475586,54.14391214787525,52.945400697498215,53.02381495968173,25596000
2019-01-31,55.40297317504883,55.450616183837944,54.36277442470248,54.73945066140094,30766000
2019-02-01,55.12405776977539,55.831255183283375,54.83323969196794,55.205944065066795,29244000
2019-02-04,56.218353271484375,56.218353271484375,55.038205382402374,55.21884972913294,51530000
2019-02-05,56.87294387817383,56.91562304557691,55.446542645184145,55.82331730347729,71044000
2019-02-06,55.346397399902344,56.923069353135546,55.22431195518961,56.55433677905064,42112000
2019-02-07,54.52654266357422,54.83076045905902,53.895771692620734,54.79701317277384,40896000
2019-02-08,54.34540557861328,54.53647362850843,53.923074119496604,53.94540571607789,21516000
2019-02-11,54.34291458129883,54.88559347194579,54.23621667275103,54.43919259473224,21304000
2019-02-12,55.65110778808594,55.84589774594937,54.880883623167165,54.92803062303724,32182000
2019-02-13,55.591060638427734,56.31413784976207,55.50867833126117,55.83076369487137,20996000
2019-02-14,55.66599655151367,55.9915539370861,55.10892588609724,55.486344215230446,18952000
2019-02-15,55.26797866821289,56.162272274065785,55.119097593173336,56.08336579651373,28996000
2019-02-19,55.51165008544922,55.67691068102704,55.086834902214626,55.086834902214626,20928000
2019-02-20,55.27542495727539,55.75235102516929,54.85259753624892,55.582622578701894,21756000
2019-02-21,54.440189361572266,55.18311810376094,54.219345874858,55.12852723861364,28302000
2019-02-22,55.10520553588867,55.14838070975175,54.37220065920285,54.63522731691751,20990000
2019-02-25,55.05706024169922,55.51065509072986,54.95135055639227,55.38460162021735,28262000
2019-02-26,55.3414306640625,55.558798327150576,54.58659022648473,54.87592029624514,29426000
2019-02-27,55.38709259033203,55.482870825408504,54.64019198295833,54.935477917380524,19368000
2019-02-28,55.57914733886719,55.962771419176846,55.13696435029679,55.15135607474391,30850000
2019-03-01,56.62480545043945,56.7230674946276,55.8188499561449,55.82629382092888,29006000
2019-03-04,56.962764739990234,57.48286592922289,56.11363415918252,56.9225656024718,28920000
2019-03-05,57.66897201538086,58.04514841579633,56.88311425272451,57.07492438506858,28864000
2019-03-06,57.46202850341797,57.94371395356665,57.34441089566263,57.69180387504559,21986000
2019-03-07,56.73944854736328,57.40718898322487,56.323069182032164,57.35582404305863,23332000
2019-03-08,56.69081115722656,56.927038378433075,55.74689049655078,55.9171111598587,24248000
2019-03-11,58.35036087036133,58.37170424005521,56.79651660653413,56.79651660653413,34384000
2019-03-12,59.21587371826172,59.55334281231683,58.47443296456696,58.47443296456696,40262000
2019-03-13,59.22182846069336,59.59949669018693,59.153341875415954,59.58535107527117,28718000
2019-03-14,58.83621597290039,59.44812736135317,58.78311312643447,59.28087895250521,23456000
2019-03-15,58.78212356567383,59.38311529224077,58.69031337852478,59.22480254293871,49236000
2019-03-18,58.77219772338867,59.05705994710976,58.43279385903887,58.72455471998491,25852000
2019-03-19,59.496273040771484,59.55334393521217,58.85210231079194,58.99800736733487,30414000
2019-03-20,60.742919921875,60.900236876115834,59.36326435607966,59.421827049074516,44548000
2019-03-21,61.11860275268555,61.1310104563471,60.20594932019147,60.347386540294345,24080000
2019-03-22,59.826297760009766,61.0421770070117,59.69354252325416,60.859548631857116,34284000
2019-03-25,59.20594787597656,59.870859920922854,58.91016594989514,59.40098394651485,29936000
2019-03-26,58.79005813598633,59.69377956100216,58.39799823035409,59.48037996138712,38024000
2019-03-27,58.21438217163086,58.93591829951689,57.53696021699804,58.8337374400555,28004000
2019-03-28,57.989566802978516,58.142173596481655,57.5399891960569,58.140931690309486,19234000
2019-03-29,58.22877502441406,58.51066122716179,57.71115760839455,58.30768150355095,25398000
2019-04-01,59.27691650390625,59.387586254052586,58.66004121898063,58.76426290095839,25050000
2019-04-02,59.57766342163086,59.62034259120829,58.84416252326423,59.32108482631371,16558000
2019-04-03,59.84713363647461,60.362267204051555,59.57815116084592,59.92455209453657,20286000
2019-04-04,60.29775619506836,60.33100747598437,59.758303194782755,59.84812936062782,19000000
2019-04-05,59.908180236816406,60.35830689248598,59.80297032975576,60.29726417029101,18144000
2019-04-08,59.7439079284668,59.984602964050396,59.54638806184276,59.944899831391446,17204000
2019-04-09,59.41686248779297,59.66698542386209,59.209914723385914,59.354827758992535,17528000
2019-04-10,59.6605339050293,59.74117829054517,59.376413803394186,59.58708348789128,14492000
2019-04-11,59.78261947631836,59.94837609123345,59.559791970622165,59.74986798655146,14204000
2019-04-12,60.440189361572266,60.46400897086258,59.955819443008906,60.04961743711937,18668000
2019-04-15,60.600486755371094,60.75433167265763,60.005450872909854,60.44664183808456,23748000
2019-04-16,60.899742126464844,61.08287028756819,60.55185314308113,60.79403621732034,17126000
2019-04-17,61.35681915283203,61.5662469588058,60.93398792625707,61.19106252696568,24438000
2019-04-18,61.358299255371094,61.63770162905348,61.27095312012142,61.497752439617514,26636000
2019-04-22,61.97716522216797,61.98956913955247,60.958306085136854,61.33944635854237,16146000
2019-04-23,62.75681686401367,62.97766035733738,61.855079337945355,62.06897497161146,26398000
2019-04-24,62.33249282836914,62.92852448355696,62.282865804111765,62.735472443745365,20376000
2019-04-25,62.70222473144531,62.89865037506428,62.135476282402166,62.76773149848051,22146000
2019-04-26,63.13547897338867,63.1796461588382,62.54689111976673,62.97766221756169,24828000
2019-04-29,63.89973449707031,63.98360859508473,62.84341005193433,63.22579218594366,49988000
2019-04-30,58.98162841796875,59.19651605594184,58.31264610279667,58.808923941969404,124140000
2019-05-01,57.96921920776367,58.96028683685597,57.924556021175,58.96028683685597,52784000
2019-05-02,57.69776153564453,58.27244987852371,57.32019173736996,57.9533443327076,38896000
2019-05-03,58.82877731323242,58.89825590994245,58.014881934943894,58.245649319809445,39614000
2019-05-06,59.02678680419922,59.09924142449479,57.8788944946774,57.8788944946774,31278000
2019-05-07,58.26798629760742,59.07890188037364,57.61984373688023,58.58411202815132,31028000
2019-05-08,57.879390716552734,58.58182114887599,57.85308729634591,58.164252933230486,26186000
2019-05-09,57.68634033203125,58.04763279372119,57.11413207006215,57.52008771782323,23714000
2019-05-10,57.78014373779297,58.193543288636164,56.699745860506205,57.74639644932622,26290000
2019-05-13,56.180145263671875,56.969721266099185,55.68783543491599,56.67294731138533,37212000
2019-05-14,55.60495376586914,56.596517437146126,55.56078658284226,56.43721267429374,36732000
2019-05-15,57.77716064453125,58.13051324975123,55.417660019936044,55.47741161076987,45786000
2019-05-16,58.510162353515625,58.965745018113175,57.70916697205991,57.79204527518627,30628000
2019-05-17,57.682369232177734,58.568223118982154,57.56871967961463,57.98857102340011,24172000
2019-05-20,56.51860046386719,56.912992755497015,56.15100759852266,56.798994856853625,27066000
2019-05-21,57.0535888671875,57.20634333392742,56.473440699993105,56.9970139801652,23196000
2019-05-22,57.142425537109375,57.49478236969928,56.867983178907615,56.91066613496639,18290000
2019-05-23,56.6138916015625,56.87210209048057,56.040888162197945,56.60049188720563,23978000
2019-05-24,56.25160217285156,57.0602875476308,56.161776008515325,56.94093203513834,22240000
2019-05-28,56.28535079956055,57.15070952271948,56.23423197163944,56.27790693498067,27300000
2019-05-29,55.40743637084961,56.034731516716384,54.998500895164106,55.95631725704594,30764000
2019-05-30,55.48137664794922,55.73845121810021,55.1920465949551,55.36177502897417,19038000
2019-05-31,54.770713806152344,55.066991753793936,54.59949733596254,54.654584209575795,30156000
2019-06-03,51.42579650878906,52.8784026408867,50.8684759779692,52.8784026408867,102612000
2019-06-04,52.26054000854492,52.40942488052288,51.29974755931126,51.75681828538223,56670000
2019-06-05,51.72306823730469,52.285352626025706,51.14093606725862,52.18559878268545,43368000
2019-06-06,51.828277587890625,51.98460631483639,51.30024028262379,51.860536858225295,34064000
2019-06-07,52.90520095825195,53.147387815308555,52.029766879599684,52.140440412083024,36048000
2019-06-10,53.61686325073242,54.226290828748546,53.216961899214574,53.249614943728666,29284000
2019-06-11,53.53448486328125,54.689321356390856,53.47904965228199,54.291805344343175,28734000
2019-06-12,53.450618743896484,53.64416681701809,52.979648484507436,53.498757759540055,21220000
2019-06-13,54.033241271972656,54.30123175710908,53.60545002071658,53.77865050040802,21154000
2019-06-14,53.8635139465332,54.227778648431865,53.60653781907897,53.916613006669024,22230000
2019-06-17,54.21835708618164,54.54987033856478,53.909671434404025,53.909671434404025,18832000
2019-06-18,54.76921844482422,55.40395741938194,54.540435105434234,55.0714522012807,27734000
2019-06-19,54.70619583129883,54.93795521927746,54.26698888396777,54.868476624776434,26776000
2019-06-20,55.15730667114258,55.58906972233689,54.82579346259445,55.58261786858196,25240000
2019-06-21,55.676422119140625,55.78709186949948,54.99155625151225,55.04912693659235,38952000
2019-06-24,55.36077880859375,55.68236431997555,55.13695553499515,55.563754720409456,27912000
2019-06-25,53.913143157958984,55.302718811100675,53.786589887993486,55.21884849387336,30938000
2019-06-26,53.58808898925781,54.241683859759455,53.2129007484709,53.92059427156827,36218000
2019-06-27,53.39999771118164,53.950370482160515,53.36426639877767,53.79652554355738,20086000
2019-06-28,53.64316940307617,53.64763345008945,53.26897321794013,53.41885009408402,33864000
2019-07-01,54.488826751708984,54.966744845182426,54.27805859858877,54.49131056424171,28726000
2019-07-02,55.14888000488281,55.174687424211584,54.49974919728834,54.70173314557368,19832000
2019-07-03,55.66152572631836,55.91860029992848,55.278401464507844,55.45457796842676,15340000
2019-07-05,56.158302307128906,56.222324844227884,55.39155395431283,55.47393625735853,25286000
2019-07-08,55.401973724365234,55.87988797754719,55.14688696333212,55.83968883931429,24728000
2019-07-09,55.82282257080078,55.98138143649293,54.946396458176686,55.176171831851825,26608000
2019-07-10,56.59949493408203,56.677413192379966,56.12753648233123,56.13994418593404,24190000
2019-07-11,56.78459930419922,57.224302209631404,56.5548239617463,56.7369563036046,23910000
2019-07-12,56.81884765625,56.939941082365465,56.515125866828505,56.77368846378926,17280000
2019-07-15,57.08882522583008,57.112648622679636,56.545900158911394,56.91612074386901,18076000
2019-07-16,57.2496223449707,57.49776127550365,56.82381509204505,56.873442120891724,24776000
2019-07-17,56.890811920166016,57.48683982590885,56.862028471494924,57.12009128536963,23400000
2019-07-18,56.88982009887695,56.953092949750676,56.21488192336091,56.662028748612755,25814000
2019-07-19,56.08435821533203,57.12852491424634,56.06053481992066,56.98212386418661,32944000
2019-07-22,56.479888916015625,56.5384516064992,55.79353887855921,56.25060956499521,26030000
2019-07-23,56.88386535644531,56.91810864975121,56.16872802526974,56.77418761681771,21874000
2019-07-24,56.46698760986328,56.77418522619384,55.93001462753775,56.17368949866682,31796000
2019-07-25,56.184600830078125,56.660035049423456,55.628772121899274,56.46747902229032,44196000
2019-07-26,62.055076599121094,62.806441206796734,60.74440741977182,60.746391440646434,96116000
2019-07-29,61.50917053222656,61.904206497577476,60.95433001842405,61.590560822079084,44474000
2019-07-30,60.800987243652344,61.28386540158174,60.709673054110944,60.81438695824317,29066000
2019-07-31,60.381126403808594,61.24068066556762,59.938644346314184,60.69477584828013,34510000
2019-08-01,60.00048828125,61.24614673357335,59.83721168876102,60.24961921445477,33970000
2019-08-02,59.25507736206055,59.89577221917585,59.00445463591391,59.590062623880264,32902000
2019-08-05,57.18708801269531,58.32455670789354,56.58262046487473,58.06649011603183,51950000
2019-08-06,58.0620231628418,58.55879697306576,57.56822538376678,57.73249397333079,34188000
2019-08-07,58.26252365112305,58.48361324976776,57.05329318943033,57.36971802242692,28886000
2019-08-08,59.79155731201172,59.80197720832482,58.21438560069851,58.70123178087113,29360000
2019-08-09,58.95830535888672,59.74589729735678,58.739593556463845,59.453591192190096,21314000
2019-08-12,58.29825210571289,58.80693762829212,57.94896978301298,58.52157561011388,20060000
2019-08-13,59.417850494384766,59.790554847289705,58.136960650626655,58.136960650626655,25888000
2019-08-14,57.781131744384766,58.67492935581998,57.59502755861387,58.37765563476223,31574000
2019-08-15,57.92852783203125,58.35433507945226,57.67294503979034,57.74192763129633,24374000
2019-08-16,58.441680908203125,58.69577568334873,58.154334850586785,58.538454937885376,26266000
2019-08-19,59.47642135620117,59.900240805335685,59.0615337878949,59.0615337878949,24632000
2019-08-20,58.69428253173828,59.357808791282324,58.66549908337455,59.317609650098724,18310000
2019-08-21,59.119102478027344,59.5037185924371,58.92952244978883,59.213396486879994,14814000
2019-08-22,59.03373718261719,59.454679007196304,58.490312362011,59.25904470871033,18950000
2019-08-23,57.1359748840332,59.25954759668159,56.960294362448955,58.659547822260414,33740000
2019-08-26,58.00941848754883,58.0382019349265,57.21884676358638,57.43224637916817,24522000
2019-08-27,57.957305908203125,58.679887033684366,57.640184418771184,58.587084840311114,21544000
2019-08-28,58.11512756347656,58.38311805717957,57.434237320853576,57.653093005689776,16040000
2019-08-29,59.19850540161133,59.3578101680603,58.6163694213861,58.6163694213861,21768000
2019-08-30,58.9627685546875,59.478897959106185,58.74952038547454,59.478897959106185,22596000
2019-09-03,57.98460388183594,58.90272089712399,57.72703708121411,58.41339092605463,29598000
2019-09-04,58.630760192871094,58.73349007006451,58.11413477552133,58.397509000381646,21378000
2019-09-05,60.11810302734375,60.20048532751562,59.13299124803879,59.13299124803879,28162000
2019-09-06,59.79800796508789,60.149622686361866,59.67850477408107,59.95682051953914,21442000
2019-09-09,59.77220153808594,60.545897768103934,59.18708952821224,59.751853964470676,29438000
2019-09-10,59.851104736328125,60.049616622919956,59.28435631021641,59.31264375237108,25202000
2019-09-11,60.5543327331543,60.67493015732203,59.66252290304623,59.722573612515326,26140000
2019-09-12,61.253089904785156,61.63075431754109,60.69576938173941,60.75929212325835,34518000
2019-09-13,61.5166130065918,61.58211976938112,60.893781930249766,61.109169347626434,26028000
2019-09-16,61.106685638427734,61.516613110372376,60.824303442192246,61.01835127749754,21066000
2019-09-17,60.9999885559082,61.29031062556814,60.72902204815212,61.062023283262015,19102000
2019-09-18,61.161773681640625,61.32058243310744,60.37368577310273,60.91859860921004,22702000
2019-09-19,61.47443389892578,61.75880013421897,61.14242465741862,61.14440867834019,19920000
2019-09-20,61.038700103759766,61.70321839050031,60.69875098602754,61.19701286004842,45400000
2019-09-23,61.24217224121094,61.49328718441918,60.75284227656265,60.84366045194628,21248000
2019-09-24,60.48435592651367,61.87294334059735,60.08336411030615,61.53845029941724,31664000
2019-09-25,61.86202621459961,61.95036436778528,60.054087144032835,60.33845338023603,29060000
2019-09-26,61.60743713378906,61.786593471253134,61.154732010206544,61.6357245779887,30760000
2019-09-27,60.79850769042969,61.73796058967563,60.27046654573002,61.687837554034594,27078000
2019-09-30,60.496273040771484,60.84366603485259,60.16376777696534,60.59403908437005,28082000
2019-10-01,59.80644226074219,61.10321571358501,59.73100781866637,60.49626814046876,25470000
2019-10-02,58.39353561401367,59.40345896525037,58.12852117953433,59.40345896525037,32302000
2019-10-03,58.94936752319336,59.010410240957455,57.68882139205727,58.56078340947227,32424000
2019-10-04,59.99999237060547,60.12108201447584,59.015872553332414,59.15086170261687,23248000
2019-10-07,59.93447494506836,60.4567570363217,59.73943889459315,59.77169816251745,16858000
2019-10-08,59.01388931274414,59.855080121833126,59.00793346357348,59.43374070942974,20786000
2019-10-09,59.66798400878906,59.96773398464551,59.43572482227212,59.521083159151225,17354000
2019-10-10,59.983612060546875,60.297757538546065,59.42133144893541,59.482870173687076,16932000
2019-10-11,60.320091247558594,60.962274158707906,60.235228915298784,60.655576320948164,25454000
2019-10-14,60.403961181640625,60.860043679703296,60.13696648288434,60.165749932029854,17350000
2019-10-15,61.687835693359375,61.90222733571448,60.56575066115507,60.56575066115507,27634000
2019-10-16,61.719093322753906,62.26996199964419,61.461526530437325,61.59651188475595,21892000
2019-10-17,62.18708419799805,62.69601582858317,62.03175127029145,62.08088228966795,19048000
2019-10-18,61.810909271240234,62.4759197463978,61.59204980908252,62.20644124803805,27056000
2019-10-21,61.843658447265625,62.264452597681135,61.568224110309316,62.14688422051665,20544000
2019-10-22,61.67741012573242,62.06450623999693,61.606939519696475,61.92803286131868,20476000
2019-10-23,62.48782730102539,62.52554262649305,61.65556846552743,61.65556846552743,18230000
2019-10-24,62.58013916015625,62.72952003261534,62.219096575477366,62.575671326797526,20562000
2019-10-25,62.78559494018555,63.00743042500519,62.03522237507877,62.08584140930966,24262000
2019-10-28,64.01983642578125,64.48187093804916,63.153334293471175,63.29775131552286,52264000
2019-10-29,62.66102981567383,63.60246661687388,62.39264178055414,63.33646395027355,37728000
2019-10-30,62.59502410888672,62.995519916111114,62.133981589742454,62.182120598894436,28178000
2019-10-31,62.536468505859375,62.91165292214998,62.0765656385192,62.59453140851168,29114000
2019-11-01,63.212894439697266,63.25656561781784,62.5558238154674,62.77914733097876,33402000
2019-11-04,64.08782196044922,64.22479511570099,63.34266315775771,63.347377100103145,30020000
2019-11-05,64.12059020996094,64.46302314716876,64.08083406400027,64.16326937922462,25654000
2019-11-06,64.10916900634766,64.20495481143975,63.64763424085217,63.99304320026914,23060000
2019-11-07,64.95581817626953,65.69427525573451,64.23050712764996,64.23224125268659,40600000
2019-11-08,65.08037567138672,65.4094126239267,64.7327328457393,64.77814571550945,25028000
2019-11-11,64.47591400146484,64.83496872239782,64.3875720764537,64.67392228666901,20238000
2019-11-12,64.4565658569336,65.01239459358614,64.30618919409372,64.51611677226106,21718000
2019-11-13,64.4168701171875,64.7295200311456,64.1940388054397,64.22183024546263,16534000
2019-11-14,65.08484649658203,65.35978482217013,64.30023444406228,64.39204462555429,23870000
2019-11-15,66.24664306640625,66.24714285795687,65.22480409594581,65.45607127710072,35652000
2019-11-18,65.54342651367188,66.27935448633131,65.38461394930759,66.11513508566358,29748000
2019-11-19,65.28337097167969,65.8908145969329,65.1513578481253,65.8908145969329,25384000
2019-11-20,64.66748046875,65.26053612388678,64.07691619865,65.09874754847438,26172000
2019-11-21,64.5831069946289,65.14092728534797,64.16871928371938,64.58955884817401,19910000
2019-11-22,64.28485107421875,64.94936933358494,64.08981879304345,64.79502462557038,27714000
2019-11-25,64.84812927246094,65.07740483821895,64.42331406740566,64.47542111790541,20724000
2019-11-26,65.1885757446289,65.25061047671463,64.76872813097796,65.00544757983046,21394000
2019-11-27,65.16078186035156,65.4272843315867,64.9940332337327,65.26053570496784,19912000
2019-11-29,64.76228332519531,65.02257630347442,64.71315229668238,64.86948105016896,11740000
2019-12-02,64.015869140625,64.80544125620217,63.57319018436453,64.56574579959208,30218000
2019-12-03,64.28186798095703,64.43973393005399,63.473928576053304,63.50221601562983,22876000
2019-12-04,65.53546905517578,65.79651166274121,64.7578010758322,64.86400676656977,30750000
2019-12-05,65.91215515136719,65.9730994314105,65.33200316544796,65.90570329667075,24254000
2019-12-06,66.53199768066406,66.69973831750863,66.1756690423759,66.1756690423759,26296000
2019-12-09,66.67790222167969,67.46648989602035,66.39402822734522,66.40395590378165,27086000
2019-12-10,66.73249816894531,66.99626693476351,66.30470691037269,66.57566964517135,21882000
2019-12-11,66.75035858154297,67.05705639529288,66.63373299132144,67.03919263532063,17008000
2019-12-12,67.01090240478516,67.28410661922929,66.5260440578028,66.79601477261926,25620000
2019-12-13,66.88982391357422,67.15101044268953,66.6932922389307,66.89577597677577,30992000
2019-12-16,67.55184936523438,67.72604184801332,67.1300101944443,67.32008241623066,27946000
2019-12-17,67.25160217285156,67.74192797047691,67.0631656145796,67.63721406886204,37080000
2019-12-18,67.12753295898438,67.51711289842932,67.04714224567046,67.32505663702509,30452000
2019-12-19,67.29725646972656,67.39948654593063,66.94712981762498,67.08782869287472,29398000
2019-12-20,66.97716522216797,67.67443502731811,66.94788198038908,67.6600470885077,66300000
2019-12-23,66.93994140625,67.48385846499603,66.82430782156663,67.28882618120298,17662000
2019-12-24,66.67790222167969,67.0104074426158,66.63919109891611,66.92306509325059,6950000
2019-12-26,67.51362609863281,67.55963720400958,66.72306201385287,66.80742832804023,13350000
2019-12-27,67.09129333496094,67.71859219401192,66.96325585084938,67.64216196411259,20768000
2019-12-30,66.30966186523438,67.14638854673004,66.20444818383356,66.99750369067553,21018000
2019-12-31,66.35334014892578,66.4019789533047,65.9595422750169,66.01041499614684,19236000
2020-01-02,67.85954284667969,67.89775418065835,66.57815309878687,66.57815309878687,28132000
2020-01-03,67.52653503417969,68.1141308205774,66.77636312898343,66.89130003014904,23728000
2020-01-06,69.19155883789062,69.3052008349893,66.99751179122029,66.99751179122029,34646000
2020-01-07,69.14838409423828,69.6272904458637,69.00148323222915,69.3766752580606,30054000
2020-01-08,69.69329071044922,70.05358738047906,69.02430463002621,69.08583956646167,30560000
2020-01-09,70.46302032470703,70.83522872013066,69.98857426760912,70.49974743078216,30018000
2020-01-10,70.95433044433594,71.21234401600526,70.38956605788671,70.84663295031501,36414000
2020-01-13,71.42578887939453,71.48980762246067,70.77020635710151,71.27194397944992,33046000
2020-01-14,71.01139831542969,71.55333132366744,70.88683664348807,71.41487393356586,31178000
2020-01-15,71.42430877685547,71.53324061620381,70.97815395037745,70.97815395037745,25654000
2020-01-16,72.04464721679688,72.0590427260816,71.50965829520423,71.83323541868478,23474000
2020-01-17,73.46846771240234,73.51338079134683,72.36822222612999,72.60097359932806,47924000
2020-01-21,73.66748809814453,74.03721268737883,73.01239767610865,73.40545344385005,40734000
2020-01-22,73.7444076538086,74.60117907976469,73.69378482934606,73.99503039104304,32216000
2020-01-23,73.77914428710938,74.2193470475533,73.55334452603668,73.8282828829106,27024000
2020-01-24,72.7895736694336,74.2181066629572,72.71711146680417,74.12356276079099,35692000
2020-01-27,71.1612777709961,71.3682293216221,70.53100280630098,71.01736053217846,35104000
2020-01-28,72.08733367919922,72.25805792416695,71.09031014666691,71.61289520522637,31548000
2020-01-29,72.3885726928711,72.7260379651945,71.79849311259875,72.39700856741933,21554000
2020-01-30,72.25011444091797,72.32157705806684,71.28535017791077,71.46202648613372,26788000
2020-01-31,71.17765808105469,72.95929369358639,70.89477607989122,72.89825097457529,48344000
2020-02-03,73.74390411376953,73.9453958183067,72.40643931507562,72.55581639579194,60736000
2020-02-04,71.81487274169922,72.92802198108608,70.78410579974218,72.3111505470453,78660000
2020-02-05,71.8724365234375,72.64712844612109,70.99551452747842,72.57665784894319,39724000
2020-02-06,73.26203155517578,73.54838183817161,71.93895451770953,71.97667363654388,33588000
2020-02-07,73.4109115600586,73.73894898231123,72.77170089384359,72.8188478961046,23446000
2020-02-10,74.87244415283203,74.91313929966732,73.16723874540432,73.16723874540432,28398000
2020-02-11,74.87789916992188,75.91214195202885,74.72147200319553,75.02777603896615,26892000
2020-02-12,75.34838104248047,75.46873236839308,74.84416706874579,75.16029281288144,23352000
2020-02-13,75.16921997070312,75.79055927256776,74.66996610624523,75.07145014795417,18590000
2020-02-14,75.47096252441406,75.47096252441406,74.80594443068485,75.21587194600436,23956000
2020-02-18,75.4178466796875,76.01139450922071,75.06648568987477,75.18608730786443,22414000
2020-02-19,75.76624298095703,76.03502479937897,75.5037085564664,75.68584470051003,18986000
2020-02-20,75.34242248535156,75.91264676090906,74.7801418661208,75.53348673013704,21932000
2020-02-21,73.70272064208984,75.04787927203816,73.4709612485606,74.84018559824868,34634000
2020-02-24,70.55036163330078,71.31364175736718,70.04416367533321,70.77467716318912,57342000
2020-02-25,68.90568542480469,71.37168667887468,68.60543950367936,71.11660372966773,49566000
2020-02-26,69.14043426513672,70.2580590131553,68.43671263578089,69.28733511403237,44048000
2020-02-27,65.41387939453125,68.07461764946181,65.36821662977097,67.59600675043295,59566000
2020-02-28,66.46797943115234,66.55780559923728,63.076912851764526,63.39949420576608,75782000
2020-03-02,68.93844604492188,69.02579596948837,65.84688724094975,67.07740421904745,48630000
2020-03-03,66.5702133178711,69.98261550134394,66.10420318090857,69.4501103772567,48046000
2020-03-04,68.80992126464844,68.88784331815295,66.65558473174752,67.45558448106046,38266000
2020-03-05,65.4610366821289,67.43969621876708,64.76921918313089,67.00743712292649,51226000
2020-03-06,64.43721008300781,64.82479839546724,62.58311611834475,63.37765587779967,53212000
2020-03-09,60.3255500793457,62.27095833830953,59.553341867623764,59.816368521731185,67308000
2020-03-10,63.54291534423828,63.58063445702522,60.48485020188023,62.53100416104369,52228000
2020-03-11,60.3181037902832,62.57864945260726,59.358303408094095,62.01984088982192,52170000
2020-03-12,55.330509185791016,59.24912070652456,55.250610698131744,55.880881864573276,84534000
2020-03-13,60.532493591308594,60.53398160690987,55.44132961698443,58.511155024302106,74002000
2020-03-16,53.812889099121094,57.18445211279704,53.322071150879715,54.39204519092816,85048000
2020-03-17,55.57319259643555,56.122073478803294,52.40743364996148,54.24862392923676,77230000
2020-03-18,54.43175506591797,54.91314518911313,51.47790755844906,52.43225192946988,84668000
2020-03-19,55.34937286376953,57.46748563990049,52.61081432166256,54.245651392780594,73022000
2020-03-20,53.21686935424805,56.77369273612304,52.87791223747987,56.36326921356634,72036000
2020-03-23,52.43770980834961,53.167238830694636,50.299544890365645,52.67096099631564,80882000
2020-03-24,56.30073165893555,56.32753108457433,54.12504842065362,54.77765494835936,66890000
2020-03-25,54.714134216308594,57.0173590272589,53.89626705799337,55.9042097434777,81630000
2020-03-26,57.65507507324219,58.06301472918006,54.26946482358245,55.17616609299508,71434000
2020-03-27,55.122074127197266,57.105201415370466,54.883862890441534,55.86450684722796,64170000
2020-03-30,56.91413879394531,57.1528498448723,54.41587767066323,55.83324488690312,51482000
2020-03-31,57.70768356323242,58.32803087321486,56.48336847490198,56.937959165399484,49728000
2020-04-01,54.86946487426758,56.064008185180604,54.464009027827835,55.682368160509604,46884000
2020-04-02,55.62480926513672,55.92356724396561,54.41190601517733,54.50421221587272,39298000
2020-04-03,54.485355377197266,55.758801534645066,53.58858166669556,55.53423610308015,46268000
2020-04-06,58.90420913696289,59.28832920903145,56.12604604381692,56.476418829514394,53294000
2020-04-07,58.88386154174805,60.79403443287424,58.67145393292798,60.59552254277233,47746000
2020-04-08,60.063514709472656,60.499741842924266,58.9657491205691,59.87592250269854,39502000
2020-04-09,60.12157440185547,60.822319950809394,59.39130329128434,60.74837352629233,43508000
2020-04-13,60.424800872802734,60.57120570791183,58.93785676983282,60.00892133007347,34796000
2020-04-14,62.989070892333984,63.62629373229565,61.38609558099836,61.79105923957873,49408000
2020-04-15,62.653587341308594,63.54639293491426,61.55830181891083,61.81686062694709,33434000
2020-04-16,62.70321273803711,63.47393287631818,61.668473954955665,63.23075780873889,50362000
2020-04-17,63.68485641479492,64.2396931977291,63.088332472351915,63.7642626917449,38980000
2020-04-20,62.859046936035156,63.602967665943744,62.5989963266937,63.07691059844318,33910000
2020-04-21,60.364253997802734,62.246635290421096,60.03522082368871,61.88583885354092,43060000
2020-04-22,62.690311431884766,63.80212037823691,61.637705062447075,61.81338935311163,41848000
2020-04-23,63.340431213378906,64.1841019716096,62.812393928268584,63.104204006882185,31324000
2020-04-24,63.489322662353516,63.54341373820569,62.00743694500075,62.589073141844395,32792000
2020-04-27,63.319095611572266,64.32505478894481,62.97765848800471,64.3176109242683,32012000
2020-04-28,61.224300384521484,63.92305697139811,61.15134976074386,63.917104909293045,59026000
2020-04-29,66.57466888427734,67.49327802155027,65.77367733807603,66.57367687394832,75872000
2020-04-30,66.93099975585938,67.13745150028522,65.63223858566572,65.75085576369771,53378000
2020-05-01,65.53894805908203,67.10023615579532,65.0620257968837,65.93051198943692,41450000
2020-05-04,65.84614562988281,65.88883237328761,64.46649372622475,64.92456027022979,30080000
2020-05-05,67.05259704589844,68.18560181124619,66.37518258457368,66.39801397208144,33030000
2020-05-06,66.86351013183594,68.04564580472392,66.86301791291726,67.5776592020445,24308000
2020-05-07,68.11710357666016,68.36722649555365,67.25903732822962,67.78856640329671,27952000
2020-05-08,68.90174102783203,69.41737451863635,68.26203805583553,68.64169036537959,27738000
2020-05-11,69.64068603515625,70.29924466776686,68.34499922471376,68.40098344809866,28242000
2020-05-12,68.27493286132812,70.2233171954459,68.2267938483236,69.83225302845207,27812000
2020-05-13,66.96424865722656,68.75839399205269,65.92553811831527,68.33993223098598,36252000
2020-05-14,67.30172729492188,67.36574604326661,65.7027200978283,66.25408100000243,32062000
2020-05-15,68.14837646484375,68.2123952154045,66.4515993888272,66.99750803892465,34154000
2020-05-18,68.681884765625,69.09801428436471,67.20843853549151,67.5806469738576,36448000
2020-05-19,68.16300964355469,69.08186872358338,68.16300964355469,68.83358594249799,25612000
2020-05-20,69.81238555908203,69.99601348479936,68.8461372162357,68.9617632130924,33108000
2020-05-21,69.61785125732422,70.24762641097432,69.15383271208206,69.87591784135887,27700000
2020-05-22,69.99602508544922,70.11215089301113,69.0734401890109,69.31562705418499,26188000
2020-05-26,70.32356262207031,71.51364200837564,70.08088353827506,71.32852982304237,41212000
2020-05-27,70.3642578125,70.55780587336358,69.0466407111212,70.33498214430881,33716000
2020-05-28,70.30917358398438,71.5056972334195,69.280390574892,69.32306974282896,33844000
2020-05-29,70.91413116455078,71.09527529947499,70.14143075973779,70.31959129075078,36418000
2020-06-01,71.05805206298828,71.36276584768642,70.3721942585226,70.39154981988567,24342000
2020-06-02,71.42529296875,71.44464853016092,70.41338179495615,70.99501792987367,25562000
2020-06-03,71.28436279296875,71.78917499558794,70.95667369340917,71.3796488128832,25124000
2020-06-04,70.08335876464844,71.41238760926663,69.71363423081955,70.98757242363524,29686000
2020-06-05,71.38411712646484,71.71463838047133,69.77667384034648,70.1325027221599,34698000
2020-06-08,71.79204559326172,71.86053217676319,70.58757831933313,70.58757831933313,28084000
2020-06-09,72.2659912109375,72.8535870093647,71.62331232935081,71.73001024545158,28184000
2020-06-10,72.74688720703125,73.16420553960302,72.27144918071639,72.43372996728506,30504000
2020-06-11,69.66947174072266,72.18237060102135,69.57815376809015,71.58708858521233,39826000
2020-06-12,70.13299560546875,71.31513141979595,68.78511072989514,70.89279996444262,38928000
2020-06-15,70.4640121459961,70.70966726308433,68.87940033399192,69.02232557073431,30078000
2020-06-16,71.5989990234375,72.20941865411798,70.76425629335561,71.72306848502453,34184000
2020-06-17,72.015869140625,72.45656410159347,71.03621717639088,71.81934505603064,30992000
2020-06-18,71.26351165771484,72.03026761020494,70.81934842823892,71.91860206340759,31638000
2020-06-19,71.05309295654297,71.85110861072593,70.53845153890116,71.66252059899932,63158000
2020-06-22,72.05259704589844,72.09676044271161,70.63075830292189,70.91810056836704,30848000
2020-06-23,72.67542266845703,73.24768398407949,71.72406189560695,72.24018753394067,28596000
2020-06-24,71.06550598144531,73.22183395490049,70.95533223257506,72.53150821974612,35120000
2020-06-25,71.53002166748047,71.60793614814793,70.47146306863296,70.96278092461363,24610000
2020-06-26,67.48881530761719,71.1389361120402,67.09625941772019,71.03670604368222,85354000
2020-06-29,69.2292709350586,69.26053819765389,66.84912724256009,67.40346423063545,36204000
2020-06-30,70.15432739257812,70.40445790397327,68.68286542681156,69.00445855320582,40848000
2020-07-01,71.36673736572266,71.61289225943034,69.96623824226913,70.02976477285776,35504000
2020-07-02,72.68981170654297,73.59551719863788,71.78261441255393,71.8084218280624,37182000
2020-07-06,74.22827911376953,74.76872034277596,73.09477466690498,73.45209531245898,31280000
2020-07-07,73.7061996459961,75.27542397657523,73.62530156699184,73.9454029147021,29164000
2020-07-08,74.2431640625,74.73348224188611,73.72852269677605,74.15978975316641,24994000
2020-07-09,74.9870834350586,75.5692193900517,73.85036063926268,74.76177590495855,28466000
2020-07-10,76.51313781738281,76.61685970435279,74.26996742955905,74.7468897075301,37126000
2020-07-13,75.00444793701172,78.26955531662547,74.70186963783964,76.92305651710629,36928000
2020-07-14,75.4630126953125,75.58063029727721,73.62281821935085,73.96078329633286,31700000
2020-07-15,75.11859893798828,76.1950287339222,74.34242269053046,75.58956915725493,32214000
2020-07-16,75.33497619628906,75.36921948776053,73.7622686009857,74.44167458672857,30386000
2020-07-17,75.21337890625,75.60494282034573,74.36325630069322,75.514624440145,29134000
2020-07-20,77.7032241821289,77.93002353929886,74.62034317052748,75.19900336679267,31146000
2020-07-21,77.34092712402344,78.75879778961406,77.13546737568947,78.75879778961406,24324000
2020-07-22,77.84068298339844,77.91562142240645,76.7295176794534,77.44415898564415,18640000
2020-07-23,75.21983337402344,78.00842008565238,74.80852010920707,77.76524879984738,32552000
2020-07-24,75.03074645996094,75.31689978978966,73.86598245760713,74.38856743938653,30880000
2020-07-27,75.94043731689453,76.47492649167059,75.19651277464828,75.2158683374083,24920000
2020-07-28,74.45854187011719,75.75581125387824,74.32554432654442,75.69130028914006,34044000
2020-07-29,75.53448486328125,75.99264985631694,74.50768579438083,74.75533251879526,22130000
2020-07-30,76.00247192382812,76.32108144896321,74.05557189784575,74.29279113025488,33428000
2020-07-31,73.59601593017578,74.88584145993447,72.16028157563557,74.69030939824232,68798000
2020-08-03,73.1736831665039,73.96871510582815,72.73645649190581,73.77864289112706,46604000
2020-08-04,72.70320129394531,73.72504006673059,72.38955943880173,73.2788853229116,38070000
2020-08-05,73.13198852539062,73.56871540901274,72.62826686545758,72.91809291651994,39590000
2020-08-06,74.44664001464844,74.56028958464269,72.75433824535169,73.03969650401996,39908000
2020-08-07,74.16822814941406,75.27765172835954,73.53050931881228,74.441674690049,31556000
2020-08-10,74.24811553955078,74.64389735372549,73.10568317346154,73.8054366283669,25786000
2020-08-11,73.46501159667969,74.93796560814519,73.34987778527406,74.06650321993341,29088000
2020-08-12,74.77021026611328,75.05636362123857,73.70966026244402,73.72603979317167,28740000
2020-08-13,75.35730743408203,76.29031217439456,74.8389479080458,74.95482381331381,29104000
2020-08-14,74.82528686523438,75.52851617139882,74.5845918402364,75.2188347793179,27096000
2020-08-17,75.33397674560547,75.71263693526197,74.8371991725744,75.16970437751056,27566000
2020-08-18,77.3498764038086,77.54193268621832,75.6183635399022,75.74094121687429,40542000
2020-08-19,76.80048370361328,78.09824534388996,76.62281539764179,77.08732616213746,33212000
2020-08-20,78.49874877929688,78.70321652137234,76.33746090855072,76.59800374525486,34138000
2020-08-21,78.43274688720703,79.29130543886384,77.81661751847746,78.26450645623639,28930000
2020-08-24,78.81884765625,80.10768122598317,78.44018743414891,79.10569011991224,28198000
2020-08-25,79.8124008178711,79.98113347227084,78.51463149226906,78.51463149226906,44942000
2020-08-26,82.00395965576172,82.34340896746689,79.58311342338612,79.80147688102969,79868000
2020-08-27,81.1081771850586,82.13398416730115,80.68236994166742,82.06847361310274,37232000
2020-08-28,81.60841369628906,81.74538685177795,80.930499563954,81.06648070908415,29980000
2020-08-31,81.10072326660156,81.78483935065908,80.9086670338405,81.78112120499684,36468000
2020-09-01,82.41735076904297,82.66648168143908,81.00345579000707,81.22231145428744,36506000
2020-09-02,85.77072143554688,86.01389276881636,82.69627609978198,83.06575840212643,50224000
2020-09-03,81.48087310791016,84.84930852864417,80.15183674266645,84.84930852864417,62156000
2020-09-04,78.95978546142578,81.64315838965975,76.80460126517468,80.60841583905999,52172000
2020-09-08,76.04912567138672,77.61116363896181,75.83175420194426,76.10470855192,52218000
2020-09-09,77.26847076416016,77.86598665234358,76.23080515815435,77.29676199232381,35494000
2020-09-10,76.03074645996094,78.61441844294171,75.72231454471562,77.45109322527088,32372000
2020-09-11,75.469970703125,78.17369154691013,74.31065876290094,76.22828322154254,31942000
2020-09-14,75.39849090576172,77.61784529962766,75.22281419764987,76.37740068883937,33932000
2020-09-15,76.49824523925781,77.39799866431305,76.02157288726313,76.22827453341064,26622000
2020-09-16,75.4788818359375,77.51858370906504,75.42528299034085,77.19799021836427,26234000
2020-09-17,74.21984100341797,74.85349339624949,72.95284669432681,74.24317218190565,37596000
2020-09-18,72.45606231689453,74.59070213973557,71.32157345578229,74.3429115679416,62078000
2020-09-21,71.0252914428711,71.87888985447366,69.80395251864239,71.46697837668651,57776000
2020-09-22,72.7275390625,72.92902321222451,71.19255046545392,71.96475870704471,31664000
2020-09-23,70.2337417602539,72.50421160632492,69.86104112150531,72.39602944720993,33148000
2020-09-24,70.88286590576172,71.64807703200857,69.96773246504247,70.02629137290262,29004000
2020-09-25,71.71016693115234,71.96028988277335,70.14093506164996,71.09825548008703,26460000
2020-09-28,72.68087768554688,73.2903052771851,71.92559427191328,73.16177556082938,40158000
2020-09-29,72.91959381103516,73.28351778090314,72.39725863958432,72.97220065731825,19564000
2020-09-30,72.93299865722656,73.93299825620367,72.45061650998154,72.79403388769244,34032000
2020-10-01,73.9498519897461,74.39402269276293,73.4099030742707,73.6610179780767,35590000
2020-10-02,72.37815856933594,73.60794119352316,72.0059501472148,72.55731870644051,25682000
2020-10-05,73.74787902832031,73.85656096292942,72.66847325622463,72.76475127438378,22266000
2020-10-06,72.1310043334961,73.78460247967747,71.89030927530766,73.22976572591286,24908000
2020-10-07,72.47096252441406,72.90123003409803,71.265503187501,72.66947063787708,34924000
2020-10-08,73.74341583251953,73.9453997667534,72.70917297322893,72.70917297322893,23756000
2020-10-09,75.19700622558594,75.2615171900809,73.91810039747281,74.17864321287527,28706000
2020-10-12,77.87342834472656,79.09973491888056,76.05804934619665,76.5756667326961,49652000
2020-10-13,77.99899291992188,78.90817425978348,77.57815332220179,78.59700860840125,32020000
2020-10-14,77.8203353881836,78.79324018059705,76.94936534993373,78.34192085711464,38586000
2020-10-15,77.37615966796875,78.16896528957393,76.67641370865468,76.78161981885164,30800000
2020-10-16,78.06498718261719,78.46797054879052,77.5682171923072,77.7096581745942,28694000
2020-10-19,76.15929412841797,78.81636766601378,75.83125671227823,78.43473139414243,32142000
2020-10-20,77.21736145019531,78.28783163248045,75.71562417619946,75.78411076251808,44834000
2020-10-21,79.07243347167969,80.33397531029891,77.99650358558185,78.0808699012377,51366000
2020-10-22,80.1652603149414,80.49578157780175,78.66004708287475,79.05954715718593,28672000
2020-10-23,81.43919372558594,81.50668072441772,80.4223148935475,80.69824524177824,27516000
2020-10-26,78.93050384521484,81.30221896620628,78.23819417588084,80.64564438902183,37066000
2020-10-27,79.6158676147461,79.74415501457528,78.54986527950285,79.18956815347553,24580000
2020-10-28,75.26648712158203,77.48633378593614,75.16723307327203,77.4064352993474,36680000
2020-10-29,77.77864837646484,79.09229740527616,75.54539807737217,75.55135014014034,40062000
2020-10-30,80.44713592529297,83.72207302133485,79.62579667717772,82.983116079283,86582000
2020-11-02,80.69625854492188,82.42032715898198,80.1999807387312,80.80196444544396,50708000
2020-11-03,81.89625549316406,82.46647970547528,80.2292616022844,80.98161437238764,33234000
2020-11-04,86.8054428100586,87.90892191546988,84.66648653697001,84.87740613292816,71418000
2020-11-05,87.51214599609375,89.01437540466563,86.87392737924584,88.38708404771462,41316000
2020-11-06,87.43174743652344,87.96176876172139,86.36971319268075,87.04465133837695,33218000
2020-11-09,87.4937744140625,90.22627824397908,87.3458815753932,88.87838609283818,45366000
2020-11-10,86.3717041015625,87.49378914223973,85.22579566361058,85.91016174921202,52722000
2020-11-11,86.98311614990234,87.55433245986977,86.71785556922241,86.84862678643563,25280000
2020-11-12,86.8406753540039,87.75531653266943,86.6302555562544,86.73100140824488,24950000
2020-11-13,88.1895523071289,88.38905997371133,86.57814131834854,87.22727199044724,29998000
2020-11-16,88.40595245361328,89.28386666198938,87.72654637543627,87.92555429721975,24936000
2020-11-17,87.84861755371094,88.58559041553403,87.69228882959717,88.1855906158277,22942000
2020-11-18,86.6888198852539,88.01338862768735,86.65706040467028,87.604453131627,23470000
2020-11-19,87.5394287109375,87.8208188766231,86.20369816583992,86.27193484559429,24998000
2020-11-20,86.46102142333984,88.03968102584562,86.44464946545325,87.60345391853068,46270000
2020-11-23,86.09725189208984,87.04216833387395,85.2466370222561,86.82877250174025,43232000
2020-11-24,87.78559875488281,87.92058790853834,85.7414286042471,85.88088559144109,31560000
2020-11-25,87.91215515136719,88.26500799703336,87.17319817569023,87.98460978325262,20916000
2020-11-27,88.99203491210938,89.5285080394309,87.96226003823054,87.9945193053864,17698000
2020-11-30,87.38162994384766,88.73770827948194,87.09676390951667,88.39621434880539,36476000
2020-12-01,89.23571014404297,90.5622627652361,87.8099034772164,88.05804237759918,34738000
2020-12-02,90.71710205078125,91.09923808767552,88.80757290127825,89.2357124739142,24440000
2020-12-03,90.6585464477539,91.67244169462239,90.45407870885857,90.52157328153271,24546000
2020-12-04,90.7190933227539,90.97566812482567,90.17319222758387,90.54688484704663,27564000
2020-12-07,90.29676055908203,90.93646342957646,89.61686233326083,90.27293716272597,26418000
2020-12-08,90.25060272216797,90.41685912728639,89.14167136413829,89.83124734969482,21926000
2020-12-09,88.54241180419922,91.03075254663202,87.73249209754806,89.9260391505422,30152000
2020-12-10,88.10570526123047,88.40247544197076,86.36823284966087,87.83125910429276,27256000
2020-12-11,88.42529296875,88.55829808835796,87.34489519918117,87.49675608899089,24414000
2020-12-14,87.3478775024414,89.20048356188695,87.20668639374409,88.08931824492798,32004000
2020-12-15,87.73050689697266,87.9116510403855,86.84614090941079,87.56425805601764,29646000
2020-12-16,87.4937744140625,87.99005219568214,87.15034952279308,87.98409256106704,30270000
2020-12-17,86.7444076538086,87.9297239384114,86.2858488900546,87.7672386705744,32494000
2020-12-18,85.90619659423828,87.10222810689275,85.37071536470887,87.05607311284665,80328000
2020-12-21,86.32107543945312,86.39452964731738,84.31760056105747,85.03770169388588,36568000
2020-12-22,85.53348541259766,86.22355360350771,84.99130249938008,86.07591064896982,18734000
2020-12-23,85.97418212890625,86.7488665523051,85.60990983925925,85.76227052584866,20676000
2020-12-24,86.2952651977539,86.65010959091123,85.81189109023948,86.10420096497573,6936000
2020-12-28,88.14340209960938,88.86985660913243,86.66673026679015,86.9297568995485,27860000
2020-12-29,87.2813720703125,88.95482552720192,87.15085075792022,88.72405815229808,25988000
2020-12-30,86.32852172851562,87.59775746786453,85.63770381564792,87.44465466205962,26122000
2020-12-31,86.9419174194336,87.29179417890073,86.12504609512048,86.12504609512048,20238000
2021-01-04,85.76873016357422,87.37716542648809,84.75681884770782,87.22282070502261,38038000
2021-01-05,86.39801025390625,86.73299935267005,85.26128729313963,85.60793819564455,22906000
2021-01-06,86.11859130859375,86.74935843549238,84.31759274254702,84.4977448500782,52042000
2021-01-07,88.69725036621094,88.75431746516027,86.20593375919945,86.35531082845031,45300000
2021-01-08,89.68782806396484,89.81834938402105,88.01661599818148,88.7334912479935,41012000
2021-01-11,87.67839813232422,89.0478799376341,87.37070829111397,88.6386945524747,24194000
2021-01-12,86.67741394042969,88.24019403993252,85.6233232197899,87.04317050163677,27140000
2021-01-13,87.06698608398438,87.59477351168651,86.25358294239726,86.28187417200391,21882000
2021-01-14,86.36127471923828,88.08981118186308,86.02479388063934,87.02826918887402,23590000
2021-01-15,86.16326904296875,87.14639689560761,85.43671600067835,86.2625231023288,26844000
2021-01-19,88.87640380859375,89.79030281440636,86.4247903078785,86.9602790123325,34692000
2021-01-20,93.64266204833984,94.47690493351953,90.59700079890858,90.89129469400088,49806000
2021-01-21,93.85855102539062,96.02281503420217,93.653091262733,94.19354009809759,41278000
2021-01-22,94.34490203857422,94.83621985435681,93.38758160649981,94.07839955108425,25442000
2021-01-25,94.26301574707031,95.76077738666194,92.68138000088868,95.31859818550598,38546000
2021-01-26,95.14838409423828,95.53349623122456,93.51091539726316,93.73895666856261,26262000
2021-01-27,90.85804748535156,93.79651116223887,89.77665765481767,93.4257945865802,54966000
2021-01-28,92.46202087402344,94.23472079571793,91.44614161229457,91.5106525806787,35462000
2021-01-29,91.10370635986328,92.1726846562811,89.8362123934404,91.62132375858636,32252000
2021-02-01,94.35978698730469,95.40405597386508,91.85755792611496,91.98857146290209,32044000
2021-02-02,95.65806579589844,97.06004936030023,95.01191099554154,95.41240308402921,45474000
2021-02-03,102.73298645019531,105.03719950374536,100.16772320128429,102.87839549064209,82364000
2021-02-04,102.3508529663086,103.15382863593891,101.36921697081479,102.67443011733421,37046000
2021-02-05,104.11909484863281,104.34291815901767,102.19998621432573,102.72951534871969,30702000
2021-02-08,103.86649322509766,105.3869424571287,102.82877448914589,104.51165597902278,24838000
2021-02-09,103.39997863769531,104.47293255250594,103.1533315305854,103.1533315305854,17798000
2021-02-10,103.98905944824219,104.63372991225886,102.38658399549954,103.93100033477586,22710000
2021-02-11,104.01436614990234,104.3190799200807,103.0927734029535,104.1940184644159,18914000
2021-02-12,104.42230987548828,104.65606084760412,103.38112301012299,103.73446803117707,17114000
2021-02-16,105.30519104003906,106.83273561237134,104.43472084080452,104.43472084080452,22676000
2021-02-17,105.62329864501953,105.88880908882014,104.16474047433805,104.21833932555077,21418000
2021-02-18,105.07193756103516,105.84290379891695,104.40245928622272,104.73397249673239,22432000
2021-02-19,104.27491760253906,105.7334758207032,104.08980542953131,105.17467105151684,29148000
2021-02-22,102.47542572021484,103.79254303721723,102.33944455710851,102.58063184033716,27350000
2021-02-23,102.7721939086914,103.32554643644939,99.3558158634762,100.49676421173395,33348000
2021-02-24,103.97864532470703,104.2570595002908,101.14787907670082,101.3314994577473,24966000
2021-02-25,100.8118896484375,103.96424877038558,100.31213601750446,102.60295304770493,36568000
2021-02-26,101.08484649658203,102.77963192245342,100.05258772073852,101.76276066693059,41670000
2021-03-01,103.30072784423828,103.54935898000207,101.54340785341348,102.06052547894382,28090000
2021-03-02,103.01932525634766,104.43520417047031,102.79203373128325,103.03669679586116,22692000
2021-03-03,100.58113861083984,103.64853367670482,99.75185565364053,102.59105800249768,29684000
2021-03-04,101.6917953491211,103.68435059593537,100.2615207203599,100.41537321345079,42360000
2021-03-05,104.64216613769531,105.11710437828245,101.55903561555868,102.88434639138246,43904000
2021-03-08,100.45507049560547,105.64811623726695,100.32801743764185,104.2744241479968,32948000
2021-03-09,101.87095642089844,103.12852279691981,101.62926935019789,102.72951498133257,33946000
2021-03-10,101.98657989501953,102.97764369503807,100.91164199644126,102.8168471431405,25372000
2021-03-11,104.95135498046875,105.49378782988636,102.84763392955281,102.93100824614882,24782000
2021-03-12,102.3285140991211,103.73496522037964,101.61536464833783,103.47392260962944,34516000
2021-03-15,102.5553207397461,102.58360439664851,101.41487219976804,102.34737717387182,25962000
2021-03-16,103.84712219238281,105.38757043005971,102.72950512628432,103.17565990064335,29832000
2021-03-17,103.77566528320312,104.70370240170875,101.93546321311196,103.02876472611351,25980000
2021-03-18,101.0530776977539,103.00246142686906,100.92057237004009,102.28286011376694,27228000
2021-03-19,101.39949035644531,101.89080056408538,100.13298835879755,101.34241567958058,46298000
2021-03-22,101.17070007324219,102.13348028588815,100.54936076831994,101.33199642788556,39096000
2021-03-23,101.88385009765625,102.84374508381856,101.20196033977746,101.82131558100869,27340000
2021-03-24,101.49179077148438,103.13695296531952,101.3178481813476,102.49973393724686,23080000
2021-03-25,101.45706939697266,102.17716304458992,99.78808357537307,101.47940099339321,28378000
2021-03-26,101.01982116699219,101.78607721932774,99.95133515354698,101.18409353667353,29870000
2021-03-29,102.03224182128906,102.15531926926886,100.03075095540598,100.63918654962447,24596000
2021-03-30,102.01188659667969,102.76821498835122,101.4406703683131,102.11560847439652,20732000
2021-03-31,102.66152954101562,103.88718500087943,102.07169979464673,102.1895673001318,29198000
2021-04-01,106.09178161621094,106.34935596867466,104.06399129155837,104.11659813070005,33980000
2021-04-05,110.44911193847656,111.03273971123632,106.78013474476542,106.84564529817908,43298000
2021-04-06,110.40940856933594,111.05010340239878,109.91560700008995,110.29774303328874,27060000
2021-04-07,111.6466293334961,111.91064798169064,110.43819405803684,110.47789719219672,25798000
2021-04-08,112.42876434326172,113.35009968336031,112.0436522746149,113.05010362170559,27166000
2021-04-09,113.44315338134766,113.59998189823281,111.84682687990188,111.9950150617911,20888000
2021-04-12,111.90023803710938,112.91909339865406,111.09006079216573,112.46897052864345,31318000
2021-04-13,112.51959228515625,113.0128865386108,111.96474794585727,112.23175021908428,23310000
2021-04-14,111.9027099609375,113.05159437931093,111.62231934057371,112.911152959664,20220000
2021-04-15,113.97814178466797,114.47129212057,112.45655683858433,113.00146588563129,27472000
2021-04-16,114.03273010253906,114.46349736190467,113.37218749025212,114.29278070382014,22596000
2021-04-19,114.26301574707031,115.05953958182683,113.54068066554962,113.74589052815423,24688000
2021-04-20,113.8277816772461,114.6203374774806,112.7399399455343,114.5354713587427,21774000
2021-04-21,113.8108901977539,113.9116360461608,112.0878135973065,113.41188241825846,23930000
2021-04-22,112.55184936523438,114.33060743397665,111.98261709864877,113.80792393342406,21096000
2021-04-23,114.90319061279297,115.42527579217474,113.06249655953428,113.32353914922517,28670000
2021-04-26,115.470947265625,116.19154819666925,114.8307521888439,115.13298218032035,20834000
2021-04-27,114.49724578857422,116.0024511356182,114.35580479912869,115.93049630738652,31972000
2021-04-28,118.10966491699219,121.7060892192107,117.85854995111147,119.46127545090711,59728000
2021-04-29,120.59004974365234,120.9190791497604,119.21982590272664,119.61933348334902,39554000
2021-04-30,119.6089096069336,120.45357999007767,119.21387742017966,119.32951100319795,39142000
2021-05-03,118.86698150634766,120.0843525320312,118.33745237153194,119.24167370808205,33788000
2021-05-04,116.83621215820312,118.07739897884774,114.72454752284926,117.60494453426084,35120000
2021-05-05,116.95978546142578,118.22331148805296,116.69527457406797,117.53943763387613,21806000
2021-05-06,118.18111419677734,118.24860876685227,116.24503552108047,116.65704545809791,20618000
2021-05-07,119.04167175292969,119.92107766726444,118.61040467097602,119.10668251478764,23272000
2021-05-10,116.21139526367188,118.01487024218662,115.86747811780978,117.86052553400093,26006000
2021-05-11,114.5786361694336,115.23570294443101,113.30022256524502,113.73992548092026,32110000
2021-05-12,111.12057495117188,113.41784385782482,110.67243614647123,112.24365188467097,34934000
2021-05-13,112.25655364990234,112.98265224138152,111.30121736158576,112.21287490269839,26670000
2021-05-14,114.94588470458984,115.19303160950976,113.31611000480542,113.73844140886489,26624000
2021-05-17,115.20642852783203,115.30220675116297,113.89575564102445,114.60642884652428,19842000
2021-05-18,114.31412506103516,116.28534065744955,114.30072156132653,115.97546234582424,17302000
2021-05-19,114.57616424560547,114.9756642787799,112.33348604170753,112.37715722017664,19350000
2021-05-20,116.9275131225586,117.13843270235449,115.19054082028367,115.53545752658258,23832000
2021-05-21,116.38211059570312,117.56821430047131,116.24662923261403,117.41883721879363,22832000
2021-05-24,119.43769836425781,120.02380235127843,117.12702591557014,117.46895903309165,21244000
2021-05-25,119.55680084228516,120.7389364994994,119.25506307653886,120.09923365607258,18838000
2021-05-26,120.77069854736328,121.23789760351696,119.72776994891755,119.74364968862118,21856000
2021-05-27,119.23124694824219,121.09178899580758,119.20593175102528,120.93992810290065,38962000
2021-05-28,119.68038177490234,120.50320522425173,119.4883179494514,120.19650739692102,24108000
2021-06-01,120.58609008789062,120.99110297580962,119.34887128149819,120.19849417780077,19166000
2021-06-02,120.16276550292969,121.19104871890133,119.31511906311083,120.85904326166703,17158000
2021-06-03,119.33546447753906,119.5903051465207,118.25457443598461,118.85953421263468,18346000
2021-06-04,121.6754150390625,121.77958371082647,119.98856560491551,120.22430061160439,25948000
2021-06-07,122.38658142089844,122.48137521579889,121.14504623414952,121.65358412331227,23850000
2021-06-08,123.21833801269531,123.79624843430808,122.49327685843436,123.07193696729146,25060000
2021-06-09,123.64266204833984,124.31760022070551,123.44067811638156,124.04464589132988,20126000
2021-06-10,125.14142608642578,125.22380839233001,123.77169435630734,123.77219414784972,31234000
2021-06-11,124.76077270507812,125.40891141702494,123.9845889238439,125.30618154477034,25240000
2021-06-14,125.41139221191406,125.47045091033763,124.11610675138665,124.7339778092754,22550000
2021-06-15,125.09477233886719,125.91760339423615,124.71313605749675,125.58013808394007,22182000
2021-06-16,124.76077270507812,125.58161210010309,123.22573124814696,125.30766577409084,26316000
2021-06-17,125.43025970458984,126.24961492715705,124.58062923082278,124.58857288727816,25756000
2021-06-18,124.63272857666016,125.44811570686733,123.67540823030943,124.7697017407003,53306000
2021-06-21,125.51363372802734,126.09105198061793,124.20271081057095,124.80395245987306,26256000
2021-06-22,126.05406188964844,126.32254836221557,125.08830571122776,125.50865307001297,20984000
2021-06-23,125.52007293701172,126.84463397197254,125.31212938717309,125.60791507751165,19694000
2021-06-24,126.33445739746094,126.58607211572415,126.01485589313316,126.10765808328922,18934000
2021-06-25,126.04962158203125,126.55581956782022,125.50272087396098,126.01190246395066,33484000
2021-06-28,125.87542724609375,126.38906908971903,125.03601974956315,126.05457980232319,28110000
2021-06-29,125.08037567138672,126.05456777137601,124.50319977401574,125.82876045189262,20950000
2021-06-30,124.38311767578125,124.86351580761787,123.82877311103451,124.71815218998935,24006000
2021-07-01,125.42777252197266,125.52107451297083,123.92032555013269,123.92032555013269,17120000
2021-07-02,127.76075744628906,127.88881008196063,125.82527707069511,125.89525545072118,21160000
2021-07-06,128.80491638183594,128.9175814879052,127.45305627056501,128.48580712187092,21350000
2021-07-07,129.1091766357422,129.66738325756734,128.79403532237058,129.37071908771327,16680000
2021-07-08,128.21536254882812,129.06449317652755,127.0868181774975,127.29526152692544,19780000
2021-07-09,128.6099090576172,128.88287097720044,127.98360964794479,127.98460923107149,15106000
2021-07-12,129.592041015625,129.7965163396776,128.63522795938133,128.86697978581287,16944000
2021-07-13,130.0193634033203,131.05906625660924,129.66451136101003,129.9071980501257,16618000
2021-07-14,131.0992431640625,132.00594074095577,130.91610742818474,130.91959082375635,17912000
2021-07-15,130.28933715820312,131.60795412652718,129.6258258806257,131.51366010200775,16586000
2021-07-16,130.864013671875,131.19899517893398,129.84763452560404,130.66103771755706,14856000
2021-07-19,128.2917938232422,130.2699536013308,127.58013610301062,130.17914299266687,25710000
2021-07-20,130.1255340576172,131.01867661921682,128.2266746845982,129.0362006131755,19084000
2021-07-21,131.61338806152344,131.63001749045003,129.62927607066993,129.813396259614,14742000
2021-07-22,132.33596801757812,132.51065273060368,131.41436757780724,131.66250650083572,13608000
2021-07-23,136.79005432128906,137.77517375543397,133.69775313433536,134.2530821264453,26378000
2021-07-26,138.60494995117188,138.67293674760154,136.62629033737147,137.22083025286332,23052000
2021-07-27,135.7781219482422,138.96869983262025,134.09426389918332,138.96869983262025,42164000
2021-07-28,135.36624145507812,138.63621102287615,135.33498176489556,137.5305054990594,54688000
2021-07-29,135.5240478515625,136.13050701496283,135.12454781879336,135.36534132175024,19284000
2021-07-30,134.21435546875,134.76061242377017,133.8105845243994,134.50220507746448,23954000
2021-08-02,134.9771270751953,135.00788696602032,133.6669465555058,134.47588170506023,20140000
2021-08-03,135.26548767089844,135.3205707554601,133.18459806780936,134.9875732904457,19064000
2021-08-04,135.015869140625,135.52156731397042,134.40692615003803,135.23521704851842,16528000
2021-08-05,135.92059326171875,135.93051336741672,134.590572128613,135.01587962206395,11866000
2021-08-06,136.01583862304688,136.05956280347874,135.03370296227632,135.2803576219622,13560000
2021-08-09,136.9746856689453,137.2918110059437,135.4131549967124,135.92953058126568,12374000
2021-08-10,137.06846618652344,137.52008085190838,136.20494756545676,137.05159443571895,16034000
2021-08-11,136.66448974609375,137.81411623444134,136.3275242522757,137.25357733868427,15204000
2021-08-12,137.35928344726562,137.38757467734743,135.76078351204964,136.6878210887664,14646000
2021-08-13,137.37567138671875,137.64166650285745,136.97765557779516,137.32752480161344,12580000
2021-08-16,137.88185119628906,137.95579004421077,135.152081030495,136.97266992230558,18040000
2021-08-17,136.27841186523438,137.68585523895865,135.76923026376434,137.16227055292592,21272000
2021-08-18,135.55332946777344,137.26449440218946,135.40543661936505,136.09475511424054,14934000
2021-08-19,135.89427185058594,136.42876103166415,134.3483712047834,134.4590371662506,18296000
2021-08-20,137.40640258789062,137.58258664185712,135.4510670363218,136.0624785603163,15564000
2021-08-23,140.04910278320312,141.11858084675495,137.71506137766556,137.96374550714967,21090000
2021-08-24,141.33843994140625,141.94291508013427,140.301221062979,140.4898090672745,15126000
2021-08-25,141.88583374023438,142.2461380006741,141.3791359959186,141.81933117581272,12838000
2021-08-26,141.06497192382812,142.06923469877304,141.0337122401127,141.55678186050017,14922000
2021-08-27,143.4744415283203,143.93150849964266,140.96277681255344,141.054587011041,24562000
2021-08-30,144.3865966796875,145.3990078576148,143.52357775360508,143.627292082542,16916000
2021-08-31,144.37913513183594,145.02429024446116,143.9205688493798,144.7984904986015,26756000
2021-09-01,144.75631713867188,145.72753334494476,144.53051735980617,144.5657450937683,15824000
2021-09-02,143.14537048339844,145.23569536696743,143.03372009438192,144.86298722490184,21844000
2021-09-03,143.6972198486328,144.2947432413706,142.43668523839867,143.0729046052942,19104000
2021-09-07,144.43569946289062,144.73843680455298,143.46498321012623,143.671927181134,15170000
2021-09-08,143.80494689941406,144.46747360687533,143.12653287874838,144.3111448681757,15486000
2021-09-09,143.834716796875,144.5850856264939,143.35879409827888,143.80494133781696,14798000
2021-09-10,140.86448669433594,144.93197149382664,140.68631860462537,144.3607552687736,32896000
2021-09-13,142.39698791503906,143.1175812330166,141.22329574475413,142.1349608654094,20176000
2021-09-14,142.33843994140625,143.6500897401695,141.84166232984532,143.08780915095542,18916000
2021-09-15,144.12503051757812,144.49773868069406,141.19699435668716,142.68881144698267,20648000
2021-09-16,143.2987518310547,144.1190915232704,142.3487238016389,144.04068482915795,20292000
2021-09-17,140.41038513183594,143.17564045281333,140.01136979806188,142.72799389468838,60040000
2021-09-20,137.98208618164062,138.32501883202843,136.03270269758966,137.96541132194548,34918000
2021-09-21,138.60690307617188,139.7633296012432,137.8714221066277,139.07390517031737,18130000
2021-09-22,139.88931274414062,140.52950023951982,138.43348064115207,139.0079228344863,22068000
2021-09-23,140.77069091796875,141.19346906898951,140.04611444291464,140.55529593807202,17272000
2021-09-24,141.57119750976562,141.8396915898963,139.80196570399485,139.8967595018027,14950000
2021-09-27,140.44761657714844,141.43917259131214,139.45406139704812,140.53147553011047,18844000
2021-09-28,135.1702117919922,138.5672342973503,134.68980610725293,138.05308511117352,42190000
2021-09-29,133.51956176757812,136.37564279669823,133.25058308968454,136.08898967527412,26338000
2021-09-30,132.27342224121094,134.5806112085042,132.009895819498,133.32502897061534,35294000
2021-10-01,135.44662475585938,136.0506001030267,132.38459893425915,132.56028322993208,28388000
2021-10-04,132.76919555664062,134.6897881662978,130.19004438434172,134.68928837482602,31530000
2021-10-05,135.1632537841797,136.33942981573142,133.00245817803045,133.00245817803045,24126000
2021-10-06,136.33151245117188,136.82580632720112,133.48535083543524,133.62332360286567,19764000
2021-10-07,138.14935302734375,139.11108818353836,137.5314895695696,137.82925928825028,18250000
2021-10-08,139.01336669921875,139.27242528559856,138.391383768763,138.86448941748162,18924000
2021-10-11,137.81387329101562,139.7157617186635,137.77317814616356,138.75928193526627,16584000
2021-10-12,135.69525146484375,138.65506208394265,135.23570076553443,138.59797983809693,22536000
2021-10-13,136.8734130859375,137.51858332203022,135.95679548860412,136.7245358019451,16380000
2021-10-14,140.35928344726562,140.59700246627008,138.30171750397628,138.9101455206981,21426000
2021-10-15,140.62034606933594,141.14143180653514,140.0143866336172,141.14143180653514,21250000
2021-10-18,141.896240234375,141.9342092421769,140.162251533837,140.162251533837,16564000
2021-10-19,142.75135803222656,143.03422490820103,142.03074947845107,142.2248049092944,15316000
2021-10-20,141.3548126220703,143.17393264195417,140.8555663158274,143.14886733929575,17940000
2021-10-21,141.7175750732422,141.78606164613012,140.5825789965514,141.13345518311783,14850000
2021-10-22,137.59303283691406,140.50469714101166,136.14936227881165,139.30618190197518,30182000
2021-10-25,137.73992919921875,138.16950760323758,135.73050972700017,137.77715609659143,21082000
2021-10-26,138.63223266601562,139.7910371703666,137.97069043462946,139.55928535661496,28258000
2021-10-27,145.33746337890625,148.0079254314992,138.86102798544903,138.86102798544903,51850000
2021-10-28,145.04115295410156,146.32701041121462,143.68582448151446,146.20244117156471,32418000
2021-10-29,147.16671752929688,147.50668177858643,144.08583600912826,144.4367048006501,28954000
2021-11-01,142.70370483398438,147.29477472394305,142.5106489949172,147.06200817568674,32272000
2021-11-02,144.7771453857422,145.82676809614077,143.56424230998508,143.73138470049585,21150000
2021-11-03,145.69723510742188,145.81685187394913,143.97366624427914,145.18606956082002,17886000
2021-11-04,147.57615661621094,148.83372298167316,145.54339843956512,146.10419482875912,24700000
2021-11-05,148.1300048828125,149.44986347878043,147.54538508335918,148.24167042985454,20408000
2021-11-08,148.23968505859375,149.91015497991577,148.00990211212832,148.88335598034308,18388000
2021-11-09,148.13743591308594,149.25901341844508,146.4088995243999,148.63122989032894,16876000
2021-11-10,145.5344696044922,147.59301993563162,144.24314466659487,146.90791180091054,22708000
2021-11-11,145.6555633544922,147.39674617543128,145.60246429068016,146.01188442531517,12464000
2021-11-12,148.53147888183594,148.7438902735577,145.36373971108793,146.7309875398989,17048000
2021-11-15,148.27589416503906,149.3567916797061,147.54586541303215,148.88333769820144,16248000
2021-11-16,147.9662322998047,148.71710090262894,147.24563894683004,148.06002650806823,17254000
2021-11-17,147.95230102539062,148.51211285557437,147.45702286964922,148.1180651809343,15290000
2021-11-18,149.58706665039062,150.48136024573412,147.8893052064059,148.0356986810806,26658000
2021-11-19,148.83621215820312,150.7195933154781,148.77169361266823,149.87591488881927,19766000
2021-11-22,145.9835968017578,149.6223060338657,145.91112703556922,149.02404047399503,24608000
2021-11-23,145.66448974609375,146.5945108538756,143.81088423922463,146.0178423356301,18126000
2021-11-24,145.6252899169922,145.9056881142698,144.11810038473118,145.2605329664016,16464000
2021-11-26,141.74288940429688,144.21534264472484,141.42477970835844,143.9359440696595,16992000
2021-11-29,145.02627563476562,145.76870835636387,143.22428490327337,143.22428490327337,26276000
2021-11-30,141.39154052734375,145.5369478353583,141.00841245185228,144.36748107624754,41590000
2021-12-01,140.56373596191406,145.4085480522127,140.44661815649198,143.13891917791497,28476000
2021-12-02,142.7061767578125,143.5979865232936,139.93247027965248,140.7682125267617,21250000
2021-12-03,141.4595184326172,144.13197933473333,140.09922226334348,143.41982187599402,26688000
2021-12-06,142.7260284423828,143.27690472810082,139.5999838556392,142.50519631080022,22198000
2021-12-07,146.93443298339844,147.19597534116494,144.61780894110763,144.86346399021136,23258000
2021-12-08,147.61338806152344,148.04613181549928,146.10419933103717,147.22727637343118,18964000
2021-12-09,147.00343322753906,148.49126695091977,146.43073280187977,147.07290423966418,18580000
2021-12-10,147.56822204589844,148.28781584283692,146.26052506185502,147.99006124835097,21634000
2021-12-13,145.6123809814453,147.45655110481894,145.27044785663702,147.3389335007413,24104000
2021-12-14,143.8913116455078,144.3592983007024,141.18360749742843,143.69230372805615,24778000
2021-12-15,146.2714385986328,146.41907398342383,141.64315712757917,143.29128780502376,27280000
2021-12-16,143.76028442382812,147.44564131402356,143.01983566651143,146.97467107458243,27400000
2021-12-17,141.73992919921875,143.3846977519663,140.73248574286316,141.6520870481512,43404000
2021-12-20,141.3414306640625,141.54887445019585,139.20594250690468,139.63234043015785,20264000
2021-12-21,143.14688110351562,143.61491314947824,140.67987984257488,142.08433946520867,19548000
2021-12-22,145.8550567626953,146.2064101742013,142.89127813210706,143.02726685066872,18438000
2021-12-23,146.04713439941406,147.4665878505096,145.8569107046352,145.9945199793773,13818000
2021-12-27,146.9617462158203,147.32155064609307,146.15381057001778,146.365722157692,13256000
2021-12-28,145.35780334472656,147.26996043262093,144.84912154906613,147.26996043262093,18624000
2021-12-29,145.4138641357422,146.08805256360324,144.42130852958016,145.33942549431936,17022000
2021-12-30,144.9156036376953,145.96771016662103,144.67341679621362,145.35976682324556,12978000
2021-12-31,143.60244750976562,145.27540100830706,143.60046348908585,144.46051373597544,17298000
2022-01-03,143.99452209472656,144.46649192392618,142.43423342727468,143.39998217189947,25214000
2022-01-04,143.3414306640625,145.51859841995093,142.74554281924932,144.4669915447545,22928000
2022-01-05,136.62875366210938,143.22378997601456,136.49971658954954,143.1076566107107,49642000
2022-01-06,136.52700805664062,138.64612392157144,135.74537962129747,136.47390899844703,29050000
2022-01-07,135.98460388183594,137.22554087698705,134.778152503971,136.87839777913192,19408000
2022-01-10,137.54238891601562,137.60789188345564,132.14933650544504,134.09325254633794,34096000
2022-01-11,138.97515869140625,139.28483253194187,135.7950156868505,137.15182843943356,23502000
2022-01-12,140.59353637695312,141.75111425010994,140.0615309610229,140.50074174082124,23642000
2022-01-13,138.09527587890625,142.11959767763398,137.87989599850872,140.7846089329944,26566000
2022-01-14,138.745849609375,140.1493244510745,136.47637257222098,136.47637257222098,23826000
2022-01-18,135.27589416503906,136.36869580726776,134.60741548879085,135.58309932768847,27382000
2022-01-19,134.6421661376953,137.36922579670656,134.49130481145914,135.91910329249404,20796000
2022-01-20,132.5126190185547,136.88532483707263,132.1533143907383,135.49773713281073,21930000
2022-01-21,129.12355041503906,133.75729945189138,129.033239599701,132.02181121952745,41920000
2022-01-24,129.4014434814453,129.80492663339794,123.71405910571403,125.08928828805531,55148000
2022-01-25,125.79203796386719,128.37566484254896,125.43720112277326,127.47938717730084,36008000
2022-01-26,128.27789306640625,131.81882492229508,126.20692371706731,129.6203178710907,39630000
2022-01-27,128.15977478027344,131.62275428424127,127.98509008213493,130.38308964820584,30248000
2022-01-28,132.2972412109375,132.37763191206795,127.73644713463236,129.03222468109425,30518000
2022-01-31,134.6883087158203,134.83223351960174,131.28930252166472,133.19897551267866,34056000
2022-02-01,136.8520965576172,137.1712059067675,133.56649702251184,136.80893273962582,51204000
2022-02-02,146.93443298339844,150.96768905655628,144.47388416110562,150.73293854724014,89750000
2022-02-03,141.58856201171875,148.0076269256047,141.14638281645216,144.21337624420445,56930000
2022-02-04,141.9513397216797,143.45927123161638,138.77664902396063,141.95232415946552,49224000
2022-02-07,137.9036865234375,142.77563853453933,137.66646732208125,142.63916517544968,44610000
2022-02-08,138.17666625976562,138.7961200600047,135.85408935255396,137.95657622223416,34256000
2022-02-09,140.3999786376953,141.11710373666713,139.33198474953912,139.8012132567481,28628000
2022-02-10,137.57069396972656,140.37814417291187,137.02231664149514,138.46151936934115,33018000
2022-02-11,133.13150024414062,138.24638194353167,132.2962577204164,137.71710270951854,38808000
2022-02-14,134.29278564453125,135.15283598369206,132.30965831855778,132.37267748599484,26792000
2022-02-15,135.409912109375,136.87342286569958,134.5305061976068,136.4481154203491,26578000
2022-02-16,136.46400451660156,136.91908742682642,133.81998613596934,135.4148663590837,25610000
2022-02-17,131.3235321044922,135.82079176444998,131.21781864289684,135.13642583477824,30968000
2022-02-18,129.4962615966797,132.8277811560627,129.3370098366061,132.04713705513697,31858000
2022-02-22,128.43919372558594,130.91885658500843,126.7900632915877,129.01736169926423,38906000
2022-02-23,126.63520812988281,130.7682036214181,126.55431763340238,130.10270852577185,26432000
2022-02-24,131.68582153320312,132.04662556021043,123.83571004042228,124.06945343759381,43166000
2022-02-25,133.51808166503906,134.38111553073816,130.78408597498338,132.5314781427655,26236000
2022-02-28,133.8868408203125,134.63075782305722,131.83646870873483,132.292293746533,29676000
2022-03-01,133.16921997070312,135.09774901994817,132.38559223355898,133.478893852951,24640000
2022-03-02,133.7483673095703,134.60593387533228,132.43918607442566,133.6061841875285,23966000
2022-03-03,133.3081817626953,135.69607992253347,132.43771142497914,134.96624790680133,19780000
2022-03-04,131.138427734375,133.19997678353596,129.43768270962033,132.3895573004322,24446000
2022-03-07,125.52306365966797,130.922076997255,125.4689725835447,130.922076997255,39178000
2022-03-08,126.33100128173828,130.26946451495067,124.9238003801678,125.31065416569866,35250000
2022-03-09,132.8694610595703,133.19949007640952,129.11958567871105,130.42181526683854,32258000
2022-03-10,131.6942596435547,132.54437461038015,130.4227901936085,130.48382533134534,24266000
2022-03-11,129.5041961669922,133.20097243045313,129.32652784786816,133.00196452718066,26600000
2022-03-14,125.79749298095703,130.05059757638782,125.47193939245228,129.60096695902467,30254000
2022-03-15,128.69525146484375,129.54560874153086,125.62576717459112,126.79053113169546,30292000
2022-03-16,132.6952667236328,132.77515763916549,128.2391862057771,130.02478981722507,32058000
2022-03-17,133.5985107421875,133.7364835200706,131.7310166313583,132.32854023243647,23994000
2022-03-18,135.7831268310547,135.89429260102895,131.9424403496456,132.88734939442682,45900000
2022-03-21,135.46249389648438,136.55827910815358,133.60938831047434,135.82875016823633,26632000
2022-03-22,139.23321533203125,140.4466181947447,135.48384016666185,135.48384016666185,29776000
2022-03-23,137.4724578857422,138.98263129647594,137.13797612532926,138.10274056363872,25302000
2022-03-24,140.260009765625,140.34388386183252,137.01177411450277,138.235702849934,20544000
2022-03-25,140.4679718017578,140.90271471411023,138.65952912852086,140.69873918568095,19270000
2022-03-28,140.89328002929688,140.919587238595,138.78723420122037,139.6371978702013,23774000
2022-03-29,142.18359375,143.08930681887722,141.42328971717996,142.0947671698026,28678000
2022-03-30,141.58261108398438,142.41238618826154,141.109656842976,141.80642681901773,21046000
2022-03-31,138.6099090576172,141.58260845238024,138.57963380751463,141.38806838856462,29516000
2022-04-01,139.652587890625,139.90072682260734,137.76375446153696,138.96772201512198,23480000
2022-04-04,142.57318115234375,142.97143927267746,139.7761508845711,139.7761508845711,19076000
2022-04-05,140.01290893554688,142.52109041196036,139.89429172680056,142.33201773142036,19256000
2022-04-06,136.15481567382812,138.80742138904358,135.4025688311033,138.12553913653198,23574000
2022-04-07,135.4490966796875,136.67640282921894,133.85332304271896,135.60095756573014,19448000
2022-04-08,133.01287841796875,135.23570875849643,132.7568034193475,135.23570875849643,16434000
2022-04-11,128.8302459716797,131.94955087865642,128.65257765810549,131.91064286590625,24188000
2022-04-12,127.4188232421875,131.4376768015056,126.62626754817043,131.4376768015056,23004000
2022-04-13,129.31610107421875,129.68309949549987,127.48245689037394,127.66895485008241,19542000
2022-04-14,126.30569458007812,129.73721041321792,126.16525315211203,129.6769173770125,23484000
2022-04-18,127.0084228515625,127.75383923532786,125.63616941632264,126.46152973079842,14918000
2022-04-19,129.5592803955078,129.92924725515346,126.50269955944287,127.12353902620332,22720000
2022-04-20,127.29080963134766,130.94142357309352,126.94197783255301,130.30668827785922,22610000
2022-04-21,124.0074234008789,129.3374424756781,123.72206516169979,128.38708133094494,30158000
2022-04-22,118.72355651855469,124.51810175234476,118.25358587523252,124.06946312059551,46410000
2022-04-25,122.33248901367188,122.36028045188054,117.88509406779022,118.54042678238903,34522000
2022-04-26,118.61634826660156,121.83620195877269,118.27476349821964,121.83620195877269,49394000
2022-04-27,114.16425323486328,116.62529491474741,112.28212160640726,113.5215743269173,62238000
2022-04-28,118.52255249023438,119.5419075191992,114.28672119066118,116.24314739552732,36790000
2022-04-29,114.11065673828125,118.07442777146485,113.84018621276864,116.70271958035475,33694000
2022-05-02,116.28483581542969,116.46597994119503,112.5553083971859,113.05853784970085,30280000
2022-05-03,117.2500991821289,118.411887219082,115.75878195591723,115.89575511464756,21216000
2022-05-04,121.66250610351562,122.2262785018127,114.8769048965248,117.12504284413512,33232000
2022-05-05,115.87740325927734,120.33075791991476,114.32505073378451,119.32554082473231,43090000
2022-05-06,114.79898834228516,116.62379527334397,113.29327556813456,114.6590315762313,35310000
2022-05-09,112.24214935302734,114.70259237625012,111.7136123209239,112.46001299010706,34520000
2022-05-10,113.73149108886719,115.82230820260246,112.53923091909382,115.17664575210966,31158000
2022-05-11,113.11263275146484,115.80245764892041,112.80395091338548,112.86400162054564,36502000
2022-05-12,112.31859588623047,114.00146967224408,109.29378185929983,111.10470071914486,41464000
2022-05-13,115.64811706542969,117.20592929194403,113.1513404994264,113.99054342750014,29738000
2022-05-16,113.93794250488281,115.73942577678814,113.4838440753947,114.52503847826414,23282000
2022-05-17,115.83272552490234,116.3548107318265,114.47888128226606,116.3548107318265,21576000
2022-05-18,111.56426239013672,114.83438350457682,111.30718777942104,114.37964889949033,27982000
2022-05-19,109.92107391357422,112.741920008228,109.64564334675333,111.00842338816487,29192000
2022-05-20,108.49923706054688,111.71213914916441,105.58112108606554,111.25109663511402,37586000
2022-05-23,110.83521270751953,111.1716935586173,108.34166954116641,109.2843444916302,31558000
2022-05-24,105.13745880126953,105.60296161430037,101.44713436310151,105.58559764452096,60386000
2022-05-25,105.05159759521484,105.75154805646027,103.4354686838197,104.35928788625647,37900000
2022-05-26,107.48980712890625,108.14415539524781,104.7027121233859,105.26102469115388,30288000
2022-05-27,111.95928955078125,112.02776856109718,108.73447566378962,108.97119510009125,29924000
2022-05-31,113.19005584716797,115.56673109114115,111.73447364482165,112.2372033266363,51302000
2022-06-01,113.28733825683594,116.52505618862867,112.70520224154761,114.0759260527628,28630000
2022-06-02,116.86945343017578,117.02032230488834,112.4644881798346,113.33794195109624,27472000
2022-06-03,113.71115112304688,115.49824658292881,112.82181754435243,115.12901423678426,25052000
2022-06-06,116.13941955566406,118.50964270005683,115.66080865024855,115.8734169090408,23786000
2022-06-07,116.35680389404297,116.87208894831058,114.26847047487584,114.78707989999292,26414000
2022-06-08,116.36524200439453,117.76276512980755,115.82801912123996,116.0064371237209,22544000
2022-06-09,114.06251525878906,117.46896563522633,114.01189243425299,115.47541835897833,23142000
2022-06-10,110.5979995727539,112.65209737649664,110.03571894233554,111.94167398934613,31324000
2022-06-13,106.08087158203125,108.40543207259111,105.79456678668615,106.6461281798025,36756000
2022-06-14,106.39599609375,107.65008641240962,105.56026150300775,106.09425836912567,25480000
2022-06-15,109.56871795654297,111.2287678955715,107.3138782536219,108.08881256768618,33192000
2022-06-16,105.84217071533203,108.47690508360789,105.00495174306114,107.34440018613208,35314000
2022-06-17,107.0625228881836,108.43621512942886,104.8422216113712,105.74192971363297,43516000
2022-06-21,111.1811294555664,111.83422827840597,108.47989242973591,108.88535211170355,39010000
2022-06-22,111.19998168945312,112.92256622301568,109.90003147952321,110.33547106809041,23922000
2022-06-23,111.84564208984375,112.3538316275646,110.20246386054443,112.10916095800074,24710000
2022-06-24,117.65557098388672,117.75432524902126,112.7573033959798,112.7573033959798,39122000
2022-06-27,115.75431823730469,118.36226061668158,115.13719688644596,118.04960316540595,32840000
2022-06-28,111.73348236083984,116.97913509631024,111.60692909071406,115.48484175974666,28232000
2022-06-29,111.42082214355469,112.81833763360945,110.72355241414265,111.31362443846164,18628000
2022-06-30,108.55828857421875,110.50102357939595,106.51114258064412,109.6768976824354,38046000
2022-07-01,108.26895904541016,108.98890868286857,106.30767123286135,107.5304944051267,31028000
2022-07-05,113.03919982910156,113.20356310236954,105.458550604155,106.71414061801097,36398000
2022-07-06,114.3558120727539,115.48583311314871,111.41487220762426,113.24266278225355,28852000
2022-07-07,118.4178466796875,118.96970739061597,114.67392353728296,115.14440152879284,32184000
2022-07-08,119.27392578125,119.53843665062448,116.63918397499954,116.67491906783029,29082000
2022-07-11,115.65506744384766,117.91015708204048,115.36920941099247,117.76673206039018,26718000
2022-07-12,113.99452209472656,116.9721890297241,113.76176313125352,115.96871369752942,24970000
2022-07-13,111.35183715820312,114.2997286494013,110.9905484768161,111.80047576496845,38958000
2022-07-14,110.61040496826172,111.15382979691064,108.51164409050321,110.00096979665507,32366000
2022-07-15,111.9275131225586,113.15183563747132,110.99004819610816,112.12205316763651,34330000
2022-07-18,109.09178924560547,113.94538550665784,108.4863297259357,112.59550928961687,33354000
2022-07-19,113.76673126220703,113.95531168622901,109.67739926047726,110.89824604120244,30992300
2022-07-20,113.84613037109375,115.46400093196159,112.41685538012788,113.21089535897589,26780100
2022-07-21,114.18360900878906,114.35234166091513,111.07691238380127,114.23323225039135,27267800
2022-07-22,107.55332946777344,112.33744733683955,106.79898506306883,110.97764338755076,44455300
2022-07-25,107.4044418334961,109.7568013593638,106.21337812849376,108.06945227591243,28289900
2022-07-26,104.65507507324219,106.93794863187382,103.98013689664695,106.63025878915802,36626600
2022-07-27,112.75432586669922,113.5483734547615,107.61288704412348,108.78410307158587,41474600
2022-07-28,113.73695373535156,113.84613546787841,111.01834525515086,111.9602857008125,23303800
2022-07-29,115.77169036865234,116.02975695788737,112.38707954111806,112.55581218413384,31336200
2022-08-01,114.6203384399414,116.24812922292041,113.83621850858214,114.66996168262538,22856200
2022-08-02,115.03719329833984,116.20840918627317,113.40940275207294,113.57813538334005,17911000
2022-08-03,117.89576721191406,118.53100226691652,115.28534839440704,115.47392883184267,25302800
2022-08-04,117.98509979248047,118.61040716268363,116.83373153580266,117.41934334155405,15757700
2022-08-05,117.33993530273438,117.9751703407965,115.84117408515078,116.05953754934694,15615700
2022-08-08,117.26053619384766,119.96028905685228,116.9528463332815,118.2332441648947,17061100
2022-08-09,116.62528228759766,117.32006817431427,115.69227760606545,117.11163240829929,15424300
2022-08-10,119.75183868408203,120.87342382368719,118.4714410082858,118.69972456331234,20497000
2022-08-11,118.92801666259766,121.42925354725472,118.66002997133384,121.17119453273358,16671600
2022-08-12,121.73695373535156,121.73695373535156,119.5037034907786,120.2580479159398,16121100
2022-08-15,121.96524047851562,122.34241648723292,120.66499494766124,121.30022998354421,15525000
2022-08-16,121.59799194335938,122.31064161277808,120.63025172187828,121.40940395106105,15626200
2022-08-17,119.42430114746094,121.24067989020192,119.30519173769794,120.0297607283746,17589200
2022-08-18,119.96028137207031,120.78410441269445,118.66003584061222,119.33497401312613,15652000
2022-08-19,117.24066925048828,119.10667103727016,116.79401469053958,118.97764153644847,20187000
2022-08-22,114.21337890625,115.6327337956586,113.81635512977093,115.23571001917952,19316000
2022-08-23,113.91561126708984,115.06697948270646,113.44911646172672,113.46896424324477,14390700
2022-08-24,113.84613037109375,114.85556534654049,112.93298098774915,113.5979914578415,16051200
2022-08-25,116.82380676269531,116.90321303877113,114.19354012792769,114.29279418672282,14874700
2022-08-26,110.4714584350586,115.73199938702363,110.39205215732493,114.94787943275236,31698700
2022-08-29,109.51858520507812,111.12652806100044,108.99253192978833,109.95531210800485,20386100
2022-08-30,109.09178924560547,110.54091950777628,107.99005192768823,110.20344666721692,20548200
2022-08-31,108.33744812011719,110.93793901443901,108.23819407201151,110.79898183257136,25898000
2022-09-01,109.7270278930664,110.39203834754596,107.38459600115175,108.38707173488416,22784400
2022-09-02,107.87094116210938,110.84364786205148,107.3250325619203,110.51113507755568,20618100
2022-09-06,106.67989349365234,108.06946546149767,105.71711322121716,107.33001628702269,20565100
2022-09-07,109.65756225585938,110.16376023453637,106.81388458855325,106.95780941251782,22987200
2022-09-08,108.60543060302734,109.75679871975825,107.25555439776954,108.36721938227544,21660700
2022-09-09,110.9478759765625,111.16623944422953,109.18112802558257,109.23075884008838,21732900
2022-09-12,111.03720092773438,111.80146543002034,110.1041962133658,111.15630275673566,19732900
2022-09-13,104.52603912353516,108.55582044496477,104.21834927747148,108.079390373467,33015000
2022-09-14,105.08187103271484,105.31015459512474,103.72206704484307,104.6550717936455,22115800
2022-09-15,103.12654113769531,105.41934243467084,102.54092932335399,104.22827859607038,26494900
2022-09-16,102.8585433959961,103.25556718639018,101.0967631048831,102.20346057855498,64540100
2022-09-19,103.076904296875,103.24563694250317,101.60792615331398,101.77665879894217,19738600
2022-09-20,101.07193756103516,102.4019584169711,100.36722400074994,102.1141163871197,24001700
2022-09-21,99.26549530029297,102.71958481292508,99.24563994611297,101.47889021763504,26596800
2022-09-22,99.82132720947266,100.92306465070604,98.6699665264192,98.70966209083562,21272700
2022-09-23,98.4317398071289,99.36474452064054,97.28037921644933,99.31511371020326,25657000
2022-09-26,98.07443237304688,99.69230311079619,97.64763309268717,97.87592424978169,22437900
2022-09-27,97.35978698730469,99.71214677098449,96.61537019694262,99.16624566827849,24225000
2022-09-28,99.99005126953125,100.64514161509229,97.07194288935496,97.29029876527687,24617000
2022-09-29,97.35978698730469,98.56078607297609,95.80147480905075,98.56078607297609,21921500
2022-09-30,95.43421936035156,98.75332693598226,95.31510996607796,97.00245897492968,26277800
2022-10-03,98.56078338623047,99.22579388340206,96.2977500442363,96.49626572648086,24840000
2022-10-04,101.64763641357422,101.95532626806342,100.28783233105867,100.28783233105867,22580900
2022-10-05,101.45903015136719,101.97515570857173,98.99748904041232,99.94042136222156,18475500
2022-10-06,101.4788818359375,102.95779512364284,100.74439281651895,100.74439281651895,17156200
2022-10-07,98.82877349853516,100.66500008015534,98.47145283077565,99.9007355018137,24249900
2022-10-10,97.97516632080078,99.2456363284513,97.14142321800459,99.10667914465193,16529900
2022-10-11,97.3200912475586,99.37468128236328,96.52604364355905,97.5185993622589,21617700
2022-10-12,97.5682144165039,98.90617888511697,96.94289956827008,97.53843138877062,17343400
2022-10-13,98.96772766113281,99.78162302994957,94.56077794224261,95.2158683372556,32812200
2022-10-14,96.45654296875,100.53594664470214,96.30765813050262,99.8758963341301,22624800
2022-10-17,100.0297622680664,101.01239029106955,98.76921986058552,98.77913996531755,23311600
2022-10-18,100.63522338867188,103.44415788095885,99.90073427953011,103.1662434922349,21610500
2022-10-19,99.54341125488281,100.90221569593305,98.8932884882681,99.95035515083292,21573700
2022-10-20,99.7816162109375,102.23322982714598,99.22578748171075,100.06945825217235,25125100
2022-10-21,100.72454071044922,100.86349788186833,97.49873516768074,97.72701870389876,28988700
2022-10-24,102.2034683227539,102.3324978460543,99.55334624791074,101.33001440318347,24680800
2022-10-25,104.14886474609375,104.31759738931376,102.25307981813201,102.53100176135153,29910200
2022-10-26,94.11412811279297,97.80643640842473,93.86598919585641,96.03968853145226,71504300
2022-10-27,91.91065216064453,94.46151989170572,91.21586623101646,93.60792142239198,54036500
2022-10-28,95.86102294921875,96.13893730932492,91.63570994742354,91.84116968634454,35696900
2022-10-31,93.95531463623047,95.6327284134678,93.67739271344385,95.06697203698457,29868700
2022-11-01,89.82628631591797,95.4491149813113,89.75680772332893,94.87839093905981,43220600
2022-11-02,86.42182159423828,90.62033539620485,86.36227067746957,90.23323929201062,43553600
2022-11-03,82.86846923828125,85.90569468178349,82.82876610350229,85.70221895576579,48510400
2022-11-04,86.0545654296875,86.08434845795665,83.2555590076363,84.87342944334618,40173300
2022-11-07,87.99006652832031,88.27790859725785,86.31264492998058,86.68981337931292,26899900
2022-11-08,88.24811553955078,89.73198120593868,86.9974934552157,88.49625442129835,30172000
2022-11-09,86.74935913085938,88.82379665640302,86.70965599898223,87.885831937025,26743900
2022-11-10,93.46896362304688,93.84613961602565,90.96772672020228,91.65258496845573,42371200
2022-11-11,96.00991821289062,96.63522559091078,93.45905031312702,94.00495141605279,30569100
2022-11-14,95.31512451171875,96.45656510342108,94.404951098873,94.78907119211138,24170100
2022-11-15,97.98509979248047,99.67244145132042,96.2977505610415,97.93546897850322,31831000
2022-11-16,98.25308990478516,99.10668844110727,97.17319181150478,97.29030963200795,24660200
2022-11-17,97.76673889160156,98.7394468338373,96.37715936237876,96.4565656377856,21818700
2022-11-18,97.07194519042969,98.42182147455547,96.01983105649133,98.27293661316246,24969900
2022-11-21,95.11661529541016,97.98510068512952,94.95780274731541,96.83373242923986,18696900
2022-11-22,96.60545349121094,96.82182537536049,93.70719250284564,95.44416507480832,18868900
2022-11-23,98.08434295654297,98.3314898433163,96.6153573535617,96.6153573535617,17568900
2022-11-25,96.87342834472656,98.20345683177483,96.80394975326425,97.73198684763922,8567800
2022-11-28,95.53347778320312,97.10171746969127,95.17615715659574,96.47640258682915,19974500
2022-11-29,94.7295150756836,95.6724399282433,93.68732859856074,95.2853438247631,20220000
2022-11-30,100.69477844238281,100.69477844238281,93.96525162663308,94.41190626050462,39888100
2022-12-01,100.52603149414062,101.82627692679915,99.92057196307098,100.64514089409802,21771500
2022-12-02,100.07939910888672,100.39701664921658,98.43175291226342,98.63026860784426,18821500
2022-12-05,99.12654876708984,100.99255091285738,98.61538314469024,99.07195789612486,19955500
2022-12-06,96.58558654785156,99.46399940772264,96.03968549143026,98.92801845539366,20877600
2022-12-07,94.4416732788086,96.585589582895,94.3176038203689,96.0496086137237,26647900
2022-12-08,93.2506103515625,95.1563231603917,93.10173304607538,94.97766282120769,25593200
2022-12-09,92.37714385986328,93.78657091007847,92.32751305379463,93.20096677597695,21885300
2022-12-12,92.8635025024414,93.17615994973863,91.21586409114799,92.39700014380698,27380900
2022-12-13,95.13645935058594,99.0570587863431,94.66995697458204,97.33993414718385,34788500
2022-12-14,94.60047149658203,96.49625632109286,93.24067517558981,94.82876261576224,26452900
2022-12-15,90.52108001708984,93.33001456500213,89.75681543296425,92.84366437510401,28298800
2022-12-16,90.18360900878906,91.06698295150255,89.33993820168727,90.52107430259025,48485500
2022-12-19,88.48634338378906,90.52107805315164,88.26301986274427,90.20346052769705,23020500
2022-12-20,88.96276092529297,89.11164578855437,87.38460106347884,88.06946689092203,21976800
2022-12-21,89.57815551757812,90.23820599326167,88.24813446108449,89.06202986482222,20336400
2022-12-22,87.60296630859375,88.51611571543022,86.29279311582003,88.2679767957943,23656100
2022-12-23,89.14142608642578,89.42926815166591,86.96773422614893,86.96773422614893,17815000
2022-12-27,87.27542114257812,88.83373325543998,86.8833649813831,88.64514525323033,15470900
2022-12-28,85.81636810302734,87.86103049779445,85.72704172155468,86.84862697810763,17879600
2022-12-29,88.2878189086914,88.69973039755114,86.3424108123672,86.38211394567159,18280700
2022-12-30,88.06946563720703,88.16871968710213,86.38211649859605,86.71462173067384,19190300
2023-01-03,89.03223419189453,90.86846810792997,88.35729608174161,89.16127126621384,20738500
2023-01-04,88.04961395263672,90.56077862535425,87.14639221657654,90.33249505834297,27046500
2023-01-05,86.1240463256836,87.55332881699137,85.91561055780093,87.41437163840293,23136100
2023-01-06,87.50371551513672,87.81140536371635,84.93299227418701,86.70966791368063,26612600
2023-01-09,88.13895416259766,90.15384113567907,87.92059068465987,88.53101035427727,22996700
2023-01-10,88.5756607055664,88.80891188022328,86.05456854206112,86.07442389495867,22855600
2023-01-11,91.57318115234375,91.76176156569193,89.0719368167323,89.38955430366411,25998800
2023-01-12,91.22579193115234,91.93050552239022,89.89576344420028,91.71214207135343,22754200
2023-01-13,92.10916137695312,92.28782168527326,90.25307970566047,90.84662752181106,18630700
2023-01-17,91.47393035888672,92.2778979947532,90.16374965955099,92.08931000210364,22935800
2023-01-18,91.09674835205078,92.89128747701062,90.71957996428114,92.24811643987071,19641600
2023-01-19,93.21090698242188,93.69725714236587,90.69973476615866,90.70966244322658,28707700
2023-01-20,98.54093170166016,98.67988889810704,95.19602373670406,95.23571930203236,53704800
2023-01-23,100.45655822753906,100.64514622764932,98.01487219350635,98.39204062112809,31791800
2023-01-24,98.47145080566406,100.33745280912245,97.96524527464857,98.80892368387408,27391400
2023-01-25,96.00991821289062,96.99254625623635,94.55284411256523,96.476413040722,31000900
2023-01-26,98.42182922363281,98.47145246627174,96.0992448917933,97.54837534007642,24542100
2023-01-27,99.96027374267578,100.82379984232628,98.23322911597307,98.31263538153598,29020400
2023-01-30,97.2208251953125,98.66896355953914,96.79402595278148,98.00991271096092,24365100
2023-01-31,99.12654876708984,99.1662519071189,97.06203092117705,97.13150952307798,22306800
2023-02-01,100.6749267578125,101.42927122365668,97.6873319269526,98.99750517152452,26392600
2023-02-02,107.99005889892578,108.00990668019372,105.74688098571264,105.99501990085484,46622600
2023-02-03,104.43669891357422,107.21584998268865,102.53099402516465,102.73942978740337,36823400
2023-02-06,102.69973754882812,103.92057679608975,101.44911527014645,101.9205777042125,25573000
2023-02-07,107.2357177734375,107.86102513268486,102.77715324727075,102.85854354090914,33738800
2023-02-08,99.25556945800781,102.80892066202824,97.72207272730535,101.92554669965989,73546000
2023-02-09,94.74935913085938,99.86102211828701,93.16127164408728,99.79154352738443,97798600
2023-02-10,94.15382385253906,96.29773998871737,93.8262786904874,95.02727004541197,49325300
2023-02-13,94.29278564453125,94.64017860343876,93.34986081712536,94.30271332124248,43116600
2023-02-14,94.24315643310547,94.46648751360657,91.96028296968275,93.95532195698155,42513100
2023-02-15,96.37715148925781,96.61536272341945,93.6575511458331,94.03471956430559,36964500
2023-02-16,95.06697845458984,97.15134379430933,94.26301080547198,94.82876722014726,35642100
2023-02-17,93.88583374023438,95.03720190997007,92.75432092382434,94.36226377626947,31095100
2023-02-21,91.36474609375,92.71958236867864,91.31511528466467,92.54588210947828,28367200
2023-02-22,91.11661529541016,91.67244405811714,90.19353820157238,91.24961285071565,29891100
2023-02-23,90.39205169677734,91.44415836676683,89.33994502678787,91.44415836676683,32423700
2023-02-24,88.68485260009766,89.45904485473137,88.19850241470454,88.96276699175087,31295600
2023-02-27,89.42926788330078,89.77666086699669,88.94291770612651,89.41934020588116,22724300
2023-02-28,89.62777709960938,90.76921002471055,88.85357734133927,88.87343269474542,30546900
2023-03-01,89.8362045288086,90.52106270572482,89.181114234039,89.4888116024601,26323900
2023-03-02,91.622802734375,91.7915429373536,89.10171066435545,89.19104460388508,23328600
2023-03-03,93.32008361816406,93.40941756895012,91.97021483243287,92.04961353328834,30242500
2023-03-06,94.86847686767578,95.58311819266453,93.59800676662871,93.65755768617807,28288200
2023-03-07,93.46896362304688,95.37466865117595,93.14539405582894,94.70965818395362,24101500
2023-03-08,93.94539642333984,95.52355631627923,93.70221755613018,93.70221755613018,25395200
2023-03-09,91.97019958496094,95.20592517950007,91.66746984362852,93.78657046035762,24438900
2023-03-10,90.3324966430664,92.48634070097877,90.12406085416511,91.81140252008929,32850100
2023-03-13,90.97765350341797,92.3870806933407,89.2704565927629,89.89080386712311,31508600
2023-03-14,93.5483627319336,94.12404678155364,92.08930482837157,92.37714685318159,32303900
2023-03-15,95.83126068115234,96.52604667703727,92.34738787870214,92.84366575364835,38367300
2023-03-16,100.31759643554688,101.21089801007058,95.1563102290075,95.8510961355268,54499500
2023-03-17,101.69725036621094,102.7195814678215,99.99998112383827,100.08930749694275,76140300
2023-03-20,101.17119598388672,101.81635865991568,100.03968316797067,100.30766985696194,26033900
2023-03-21,105.05209350585938,105.17120291809564,101.10172599084584,101.22083540308212,33122800
2023-03-22,103.44416046142578,106.70966975559035,103.43423278369538,104.35730992504037,32336900
2023-03-23,105.4689712524414,106.30370641962918,104.62530041836065,105.10172291573843,31385800
2023-03-24,105.27044677734375,105.36970839755767,103.96027366006327,104.9528292814151,25236200
2023-03-27,102.29277801513672,104.61536206375317,101.8659788029712,104.53595579809486,25393400
2023-03-28,100.60543823242188,102.23322884314564,99.53347634557498,102.23322884314564,24913500
2023-03-29,101.14141845703125,102.05456780336732,100.27789234777528,101.95531375660877,26148300
2023-03-30,100.56574249267578,100.85358455230276,99.54341134069661,100.68485190194869,25009800
2023-03-31,103.22579193115234,103.41437993579669,100.68485178377102,100.95283848857181,28108000
2023-04-03,104.12902069091797,104.16871625448533,101.61784844344304,101.90569050119943,20719900
2023-04-04,104.33745574951172,105.31015607471355,103.82132255554437,104.05953379828375,20377200
2023-04-05,104.16870880126953,105.74687616741699,103.32702206352369,105.3300046263963,21864200
2023-04-06,108.08932495117188,108.81388642317687,104.03473553629591,104.98262054220383,34684200
2023-04-10,106.15382385253906,107.16623485728229,104.81387523811881,106.59055076223996,19741500
2023-04-11,105.33000946044922,106.42181917291539,104.496258767545,106.12404944560701,18721300
2023-04-12,104.43669891357422,106.78607475107752,104.18856001958552,106.59054269597247,22761600
2023-04-13,107.38459777832031,107.45903642274081,105.64762539758821,105.67740085535641,21650700
2023-04-14,108.6451416015625,108.76425100686151,106.78905979179629,106.88832141584483,20758700
2023-04-17,105.62777709960938,105.9156191649266,104.53596733045379,104.64514906462927,29043400
2023-04-18,104.33745574951172,106.25308851374669,103.99998288074862,106.20345770073483,17641400
2023-04-19,104.23819732666016,104.93795091959637,103.0272857215084,103.43918967724909,16732000
2023-04-20,105.11165618896484,106.0923002470833,103.86103381472009,103.8709614926187,22515300
2023-04-21,105.12157440185547,105.84613579862736,104.69973521403983,105.30022715234816,22379000
2023-04-24,105.98509979248047,106.5210807961747,104.57567247124707,105.26053834917847,21410900
2023-04-25,103.83126068115234,106.64019535407023,103.78162986314616,105.81637223980533,31408100
2023-04-26,103.67243957519531,106.22330741487521,102.5012235492373,104.77417700523206,37068200
2023-04-27,107.56327056884766,108.33746285097831,103.64267076849445,104.44664608444509,38235200
2023-04-28,107.41437530517578,107.48385389883946,105.2506036520227,106.99750374319369,23957900
2023-05-01,106.9081802368164,107.87096053775701,106.69974443546836,106.91810791476617,20926300
2023-05-02,105.19104766845703,106.9280199989807,103.72206202269942,106.8585414086637,20343100
2023-05-03,105.33000946044922,107.32504088657967,104.83373163000108,105.4292635120191,17116300
2023-05-04,104.42678833007812,105.50867802270365,103.92058278315794,105.3697208251333,19780600
2023-05-05,105.42430114746094,105.64763224038482,103.95929097862731,104.53596711857824,20710600
2023-05-08,107.4342269897461,107.61288731888632,105.00246855056989,105.00742860294079,17266000
2023-05-09,107.1364517211914,109.77168557429762,106.9230483337548,107.97019477348796,24782400
2023-05-10,111.44414520263672,112.66499196252387,107.67243834279219,107.74191693416148,47533500
2023-05-11,116.0297622680664,117.55829894718428,114.07442633716497,114.99750343648294,57115100
2023-05-12,117.04216003417969,117.37963289178805,115.68236364474816,116.12901065669601,31293800
2023-05-15,116.08930206298828,117.91064068020903,115.61287961566096,115.62279971938985,22107900
2023-05-16,119.19601440429688,120.29775187431873,115.9602881652734,115.9602881652734,32370100
2023-05-17,120.57565307617188,121.36969298269034,118.57068659907198,119.28532781575717,26659600
2023-05-18,122.60047149658203,122.97764749293866,120.58558472324069,120.65506331636973,27014500
2023-05-19,122.33248901367188,125.53744764704801,121.80643570863663,123.27541389183706,30268900
2023-05-22,124.9329833984375,126.10419937777996,122.53099295090551,122.59055143975256,29760200
2023-05-23,122.3721923828125,124.48633328422034,122.13398113665644,123.99998311464368,24477900
2023-05-24,120.7344741821289,121.83621160982608,119.85110021903462,120.97268542869617,23087900
2023-05-25,123.4242935180664,125.0421640734408,121.9850908551296,124.27789198256367,33812700
2023-05-26,124.49626159667969,125.06201804206125,122.37219300717007,123.14142518821842,25154700
2023-05-30,123.7121353149414,125.43918002149202,121.97516293158685,125.34985364805256,27230700
2023-05-31,122.45159912109375,123.97020812658324,122.18360484212559,122.77913674607848,41548800
2023-06-01,123.44415283203125,124.10916332120034,122.38211855574964,122.58062666300646,25017700
2023-06-02,124.2977523803711,125.8014736447889,123.42429852677995,123.56325571756055,19367500
2023-06-05,125.68731689453125,127.03719315922017,123.45406672358834,123.68235785078363,22672500
2023-06-06,126.95779418945312,127.92057436157211,125.03223384521516,125.65754116559211,19450100
2023-06-07,122.02479553222656,128.58558906507577,121.71709812758215,126.62528557418186,34179300
2023-06-08,121.75679779052734,122.8089119118062,121.10171500991837,121.67243147035944,24815000
2023-06-09,121.955322265625,123.35978949767356,121.50866765457333,121.64762484754077,20304500
2023-06-12,123.4242935180664,123.82131729244166,121.43918221878879,122.47640105523767,22255700
2023-06-13,123.50370788574219,124.92306286069838,122.9230637013418,124.7146270693187,19287700
2023-06-14,123.45407104492188,123.86102250294128,121.25060382677839,122.87839451365849,24659600
2023-06-15,124.85357666015625,125.22082497837408,122.22330266180371,122.95779172564072,24517100
2023-06-16,123.1364517211914,125.75679803575493,122.86846502718774,125.75679803575493,56699200
2023-06-20,122.92802429199219,124.24316516331616,121.91562079048697,122.61537438985336,22698000
2023-06-21,120.3572998046875,122.49129595900084,119.96027603160152,122.31759569183865,22612000
2023-06-22,122.9478759765625,123.01238694700854,118.70965894201572,119.76177312218508,20781900
2023-06-23,122.10420227050781,122.52108143125167,120.95284156430849,121.13150189817036,29573100
2023-06-26,118.20345306396484,121.80643505222586,118.10419900984007,120.56177240233151,23185000
2023-06-27,118.12405395507812,119.00246028226877,116.03968853528167,116.96275805078392,27221700
2023-06-28,120.17864990234375,120.36723034214155,116.7245526214777,117.08187329096727,19753100
2023-06-29,119.11660766601562,120.00990928045304,118.32256010371597,119.19600636416656,18517500
2023-06-30,120.0694580078125,121.12156457196598,119.98012406169832,120.19848751597893,23871800
2023-07-03,119.66250610351562,120.11908079137234,118.81387526794018,119.42429486911182,13888300
2023-07-05,121.71710205078125,122.45159871674345,119.1662342196505,119.1662342196505,17830300
2023-07-06,120.02975463867188,120.24811809252589,118.3622608495851,119.7419125924642,17732500
2023-07-07,119.24563598632812,120.84365119937208,119.19600517445522,119.9900527288294,20997700
2023-07-10,115.99998474121094,118.18360420240127,115.77169360347068,118.18360420240127,32960100
2023-07-11,116.8337173461914,117.34488286816602,114.96771556702373,115.8907925666999,18286600
2023-07-12,118.72950744628906,120.05952835854934,118.11412022820832,118.41188994689867,22059600
2023-07-13,123.90072631835938,124.40196420644293,120.15878719531577,120.63521724968534,31535900
2023-07-14,124.76425170898438,126.14390356209333,123.97021167187232,124.19849524815983,20499800
2023-07-17,124.12901306152344,126.33248792079765,123.5731842943548,125.12156875866684,20675300
2023-07-18,123.15631103515625,124.05953276945621,122.38211881358517,123.97516644506437,21045800
2023-07-19,121.86597442626953,124.53595139312297,121.55828461584935,123.86101328737035,22313800
2023-07-20,118.64017486572266,123.77168572561716,117.80146413528023,121.21089792035092,27541700
2023-07-21,119.41436004638672,120.39699552812229,118.18359324091979,119.9701963235316,56514600
2023-07-24,120.97268676757812,122.43174486757401,120.47640891438763,121.01834954001981,22276100
2023-07-25,121.87591552734375,122.76921717344406,120.62529322280334,120.97268620389816,31820800
2023-07-26,128.69479370117188,130.3920557043069,127.75186868329685,129.3895797593324,46216900
2023-07-27,128.90322875976562,132.60547313894833,128.21836277152,130.81886950552519,35931600
2023-07-28,132.01980590820312,133.07192749447907,129.9453684803977,129.99499928605528,26971000
2023-07-31,132.11907958984375,132.83372085005468,131.14637931991098,132.0198179694601,18381900
2023-08-01,130.90814208984375,131.93047302605228,129.77662944466175,129.88084352975628,22154300
2023-08-02,127.68236541748047,129.44911336259233,126.8982455010074,128.873429235673,22705800
2023-08-03,127.81139373779297,128.8039493757299,126.82379815191025,127.41436239549994,15018100
2023-08-04,127.58308410644531,130.9478468249834,127.35976819415932,128.63520571448848,20521900
2023-08-07,130.9578094482422,131.07691129302455,128.46648479675204,128.5458910750066,17621000
2023-08-08,130.8585205078125,130.95778212121746,129.1612589930364,130.00492212619545,16836000
2023-08-09,129.1811065673828,131.48384285199134,128.5409191035539,131.20592849284157,17745200
2023-08-10,129.2406768798828,131.65953146708318,129.0669766133977,130.9875693584939,17855700
2023-08-11,129.2009735107422,129.46896779010552,127.79154623570228,128.2401772921194,15205500
2023-08-14,130.84861755371094,130.92802382580282,128.62528737073137,128.88336154132946,17526200
2023-08-15,129.30020141601562,131.00739798451778,128.85255491422166,130.61036672138118,14769200
2023-08-16,128.14886474609375,129.92354873259305,127.50370961068525,128.3175973946591,17548400
2023-08-17,129.4888153076172,131.50468648067013,128.8833557621138,129.4788800583026,23665600
2023-08-18,127.15630340576172,128.86350031494928,126.05456604163717,128.09922823293928,23627200
2023-08-21,127.97021484375,128.29776008239043,126.21340194358751,126.89826031130849,21851100
2023-08-22,128.7245330810547,129.9751476351752,127.96522868298223,128.16870439033445,15557900
2023-08-23,132.21835327148438,133.07195179098147,129.53844072862722,129.8759211815992,26497000
2023-08-24,129.4490966796875,133.9652275891274,129.3299948567771,133.72404033965532,18680400
2023-08-25,129.7171173095703,130.4218234320486,127.0868354054885,129.1712086015383,20678100
2023-08-28,130.80892944335938,132.24814754901442,129.8759396617932,131.09677912257055,16715500
2023-08-29,134.48138427734375,136.27294013982967,131.99005964714488,132.0079309817891,30803300
2023-08-30,135.91064453125,136.22826962447755,134.0158590952634,134.56078332062708,21773400
2023-08-31,136.32752990722656,137.36970126425066,135.80147660380746,136.02976017156342,28147900
2023-09-01,135.78163146972656,137.5483795170611,134.92803290734705,137.3994870654234,16671600
2023-09-05,135.69229125976562,136.3473664865473,134.5508431609782,135.42429699028372,17730200
2023-09-06,134.36227416992188,136.45656751950304,133.68734349375714,135.99503270607866,15814300
2023-09-07,135.18606567382812,135.56324163708302,132.962750888821,133.59798584813677,16976000
2023-09-08,136.1786346435547,136.49129210225908,134.85853378746808,134.85853378746808,17810700
2023-09-11,136.71461486816406,137.2347160663886,135.533471271672,136.35729424355466,17180800
2023-09-12,135.05706787109375,136.61537251961622,134.91809552701272,136.10917454051634,15212900
2023-09-13,136.47640991210938,136.67491802476007,133.92553447169337,134.88831472050737,16394900
2023-09-14,137.95530700683594,138.5111357144093,136.03966684123876,137.3597675943237,19064600
2023-09-15,137.27047729492188,138.32258407430612,136.15880444247784,137.76675522068427,48958800
2023-09-18,137.92555236816406,138.88831750289697,136.60545141583313,136.60545141583313,16233600
2023-09-19,137.79647827148438,138.13891112162656,136.47637767365404,137.2207942791467,15479100
2023-09-20,133.5880584716797,137.80641989491127,133.51858745315243,137.79649979089223,21473500
2023-09-21,130.3821258544922,132.19850472128493,130.1141315573722,131.40445708049916,22058400
2023-09-22,130.27294921875,132.01984198076386,129.53845247183528,130.69974094458988,17348700
2023-09-25,131.1860809326172,131.2357117450985,129.06201240711627,129.79650905432595,14650000
2023-09-26,128.486328125,130.42677627232828,127.23571343625846,129.9394341051551,20378800
2023-09-27,130.4813690185547,130.73942802857053,128.4168515028372,128.47640241705648,18764200
2023-09-28,132.13894653320312,133.18111791265844,129.71710817730676,129.71710817730676,18201400
2023-09-29,130.86846923828125,133.88583176717268,130.3424159524719,133.08186410943372,23237300
2023-10-02,134.16372680664062,134.35231477724608,131.08184618099568,131.17117254227344,19210400
2023-10-03,132.3076934814453,134.2332541903312,131.82630330422384,133.92554916498565,19628700
2023-10-04,135.25555419921875,135.55332390461797,132.43668481932875,132.6649835090794,22848000
2023-10-05,134.97763061523438,135.4838284781572,133.4540542572082,135.11658778222468,15922900
2023-10-06,137.69725036621094,138.14986461791753,133.93547086301086,133.93547086301086,20826700
2023-10-09,138.46151733398438,138.92801971511255,135.682358401467,136.96276370973717,16599100
2023-10-10,138.16375732421875,139.692301660013,137.39948515632165,138.47144718338285,19554900
2023-10-11,140.64512634277344,141.16125949855441,138.7989723097844,138.80890755877036,20146300
2023-10-12,139.24563598632812,141.32008896177945,138.41189281223583,141.1017254906793,18173100
2023-10-13,137.5483856201172,140.2878341965322,136.94292597173708,139.60296826612853,19438700
2023-10-16,139.4441375732422,139.8560414711767,138.28284937300228,138.68978564662078,17345600
2023-10-17,139.9404296875,140.19848871002253,137.49775163194965,138.98756957822104,17424000
2023-10-18,138.2431640625,140.93299681694504,137.67244753358014,139.7022222309866,18304900
2023-10-19,137.94537353515625,139.95530771938184,137.56821270455615,138.75927639972875,21831200
2023-10-20,135.72207641601562,138.00494248631728,135.23075102932495,137.55829543539733,24970300
2023-10-23,136.8734130859375,137.98508567213537,134.1041895873019,135.21584702830305,20780700
2023-10-24,139.076904296875,139.66252368900274,137.7171077907381,138.12405927563407,26535200
2023-10-25,125.72702026367188,129.13149396169078,125.15133617888394,128.8039487852495,58796100
2023-10-26,122.52107238769531,124.52603147739978,121.40940732876491,123.5434034999891,33907400
2023-10-27,122.48136901855469,123.51362780574462,120.55580862970052,123.10667635342031,37367700
2023-10-30,124.81387329101562,125.60792084198602,122.9577914948666,123.53347559069019,24165600
2023-10-31,124.36721801757812,125.61783260429834,123.00245408613965,125.32999057550136,21123400
2023-11-01,126.62032318115234,126.78905582318066,123.99501683515162,124.40692076345645,26536600
2023-11-02,127.6228256225586,129.1215794170262,127.15632318844759,128.59552605859454,24091700
2023-11-03,129.39947509765625,129.75679573705995,128.0495988093754,128.12900507870924,19529400
2023-11-06,130.471435546875,130.5806172728301,128.96274673691292,129.25059635315685,15360400
2023-11-07,131.4143524169922,132.28780617174849,130.1637378414789,130.99748089182108,19223800
2023-11-08,132.2679901123047,132.5459045449786,131.1761877397145,131.3746958851672,15093600
2023-11-09,130.7096405029297,132.9627458024417,130.5309726315715,132.36720642484175,17976500
2023-11-10,133.06201171875,133.2704550749376,129.89575668390475,130.5508470659826,20872900
2023-11-13,132.6451416015625,133.11164398676007,131.78162299905537,132.36722722040622,16409900
2023-11-14,134.4217987060547,136.21833707829018,134.09426868322598,134.64016215140492,22317300
2023-11-15,135.36476135253906,135.82132852742924,134.32257476043,135.62282040159877,15840900
2023-11-16,137.66748046875,137.8461483805159,135.06698923183797,135.94044314447362,17615100
2023-11-17,135.92059326171875,136.97269998328596,134.47145513423968,136.7940472095253,25565300
2023-11-20,136.89328002929688,137.39452550317174,134.48137695322967,134.49129705793683,19569400
2023-11-21,137.58807373046875,137.93050667710878,136.6798918797271,136.91314308765294,17648100
2023-11-22,138.97764587402344,140.04960778974763,137.96523487386216,138.0644964965985,17306400
2023-11-24,137.19107055664062,138.63722515450954,136.4466536704536,138.5012364008256,8828600
2023-11-27,137.0222930908203,138.5905326358614,136.51608008075286,136.54587068004687,17886400
2023-11-28,137.58807373046875,137.62778444192784,136.01983382220985,136.6054532272399,17046900
2023-11-29,135.38458251953125,138.63024368576404,135.28036841853944,137.9503454992033,21014700
2023-11-30,132.92306518554688,135.94044316871782,131.8014723334578,135.38459922272398,29913500
2023-12-01,132.3275146484375,132.50616737970483,131.16819533508365,132.3275146484375,24268000
2023-12-04,129.6575469970703,130.4714347394466,128.43669266571038,130.31660539036469,24117100
2023-12-05,131.40443420410156,132.54586707669296,128.76423269483521,129.39946766783498,19235100
2023-12-06,130.4515838623047,132.31759336012723,130.3324820288939,131.910641902377,16360600
2023-12-07,137.4193115234375,138.95777563991857,135.21583701238885,135.58309286102738,38419400
2023-12-08,135.622802734375,136.96275891327684,134.56077606966974,134.65010244287728,23016100
2023-12-11,133.69723510742188,133.78656147578397,131.90071191055682,132.82379648588753,24502900
2023-12-12,132.6451416015625,133.53843566310795,131.841173917132,132.27790084329126,26584000
2023-12-13,132.9727020263672,133.77666980288106,131.96029086751284,133.5434185835666,25414500
2023-12-14,132.20840454101562,134.0297507536338,130.0843361363136,133.7667241221589,29619100
2023-12-15,132.84364318847656,133.826278724094,131.64265934569684,131.93049381733584,58594000
2023-12-18,136.168701171875,137.34984472427678,132.77416293739708,132.86348930391583,25699800
2023-12-19,137.07192993164062,137.7369403444509,136.42675972563947,136.9726683168109,20661000
2023-12-20,138.62033081054688,142.0128854200126,138.37219188892348,139.28534130307386,33507300
2023-12-21,140.744384765625,140.97266830916902,139.42726762584866,139.7220537262627,18101500
2023-12-22,141.65756225585938,142.18361560809888,140.9975041802763,141.0719579800002,18513500
2023-12-26,141.75680541992188,142.873430527883,141.43918034174044,141.91560281381527,11170100
2023-12-27,140.38706970214844,142.25307911934365,140.00095805288885,141.76672141193512,17288400
2023-12-28,140.228271484375,141.21090710347138,139.77964041659132,140.79403551678763,12192500
2023-12-29,139.880859375,140.3821048207363,138.8585282752269,139.63272046446872,14881000
2024-01-02,138.52105712890625,139.56821116253045,136.714613812198,138.56076783422094,20071900
2024-01-03,139.31512451171875,140.0396859625088,137.39948405472208,137.568231858587,18974300
2024-01-04,137.0123748779297,139.58805799407324,136.98259942012896,138.80891332135792,18253300
2024-01-05,136.36721801757812,137.7766452011386,135.83124463883706,137.32206211139567,15439500
2024-01-08,139.4838409423828,139.59302266707593,136.85357459095405,136.97267641963853,17645300
2024-01-09,141.49874877929688,141.73696761743142,138.7493650434741,139.0173593432256,19579700
2024-01-10,142.72952270507812,143.44911655095675,141.3995016085915,141.4590525315388,16641900
2024-01-11,142.6004638671875,145.56821061824715,141.15629362510245,143.81635055771315,17471100
2024-01-12,143.16624450683594,143.66252237377495,142.29279061455975,143.2654909931046,13998700
2024-01-16,143.00743103027344,144.75432365833663,141.99105190560448,142.36226072030348,19198900
2024-01-17,141.8262939453125,142.34242718846377,139.4640063566578,141.84614930144886,17884500
2024-01-18,143.91065979003906,144.50123165708615,142.28286900944835,142.37219538970797,18876800
2024-01-19,146.8684539794922,146.93792499629077,144.71461013559056,145.21584041702704,27181000
2024-01-22,146.61041259765625,148.8982462708717,146.48137550712406,147.60296832126176,21829200
2024-01-23,147.57318115234375,147.75184906225635,146.09428278266108,146.62033611680573,14113600
2024-01-24,149.23074340820312,150.4416624752705,148.7245303494736,149.17117734908445,19245000
2024-01-25,152.49623107910156,153.6078884266451,150.09424851304752,150.6103816294908,21495100
2024-01-26,152.64512634277344,152.96275141962158,151.66250594481866,151.7319769646309,19494500
2024-01-29,153.6873016357422,154.0446222486374,151.78159674869963,152.4962379744901,20909300
2024-01-30,151.91064453125,153.88582057232836,151.63768264169386,152.86348946935885,26578900
2024-01-31,140.744384765625,144.50616376310435,140.49624586975654,144.30765567544884,43908600
2024-02-01,141.64761352539062,143.5433831733729,141.20095139810843,142.62031375340834,25526900
2024-02-02,142.471435546875,142.80891598819684,137.14141639534614,139.8411690547345,42136100
2024-02-05,143.85110473632812,145.57815727954375,142.838708725491,142.96773068067637,29254400
2024-02-06,144.32752990722656,145.6476308233524,143.44415592818876,144.87343857858662,21517700
2024-02-07,145.5880584716797,145.90568355591802,144.1290155697023,145.0322297194602,21436100
2024-02-08,146.12403869628906,146.5111347799189,145.3299911760954,145.87589979280332,18241300
2024-02-09,149.1017303466797,149.57320039982767,146.33249124170396,146.84862448748711,21877700
2024-02-12,147.622802734375,149.46895691359484,147.45407008541162,148.4267704156937,17236100
2024-02-13,145.28036499023438,146.9379311008512,144.02975032913352,144.98261041273219,18138500
2024-02-14,146.0446319580078,146.7294977526477,144.4714246511034,146.2729155078222,16651800
2024-02-15,142.86846923828125,143.68235703311552,140.82380692871453,143.38460244061395,26724300
2024-02-16,140.70468139648438,143.4044339358979,140.46647773695776,143.13645481893047,21865100
2024-02-20,141.14141845703125,142.26201166893406,139.75184652579617,139.89080371891967,18625600
2024-02-21,142.76919555664062,142.9081527364752,140.85357049569285,141.5781318516019,16440800
2024-02-22,144.2382049560547,145.1116436936809,142.93794423677772,145.03223741840605,23024700
2024-02-23,144.20840454101562,144.86846253331288,143.71212671320606,143.89079460672014,14519400
2024-02-26,137.71707153320312,142.76917524325015,137.70715143076808,142.3820792155592,33513000
2024-02-27,139.0570526123047,139.4441487099668,137.46895751434883,138.3721867906262,22364000
2024-02-28,136.40692138671875,138.2431554737171,135.62280905447278,138.06450271897674,30628700
2024-02-29,138.73944091796875,138.9081735773086,136.545901201352,137.32009347135778,35485000
2024-03-01,137.05209350585938,138.9577986412296,136.94787939753394,138.57070252225125,28551500
2024-03-04,133.2009735107422,135.612891766213,131.87095249161578,135.52355024178948,43571500
2024-03-05,132.7841033935547,133.02232221931425,130.57070837221644,131.75185210566013,28447600
2024-03-06,131.5731964111328,133.73697596330325,130.9677367581842,133.24069805581092,23175200
2024-03-07,134.2332305908203,134.8089146810949,131.6724352148529,132.89327441489877,24107300
2024-03-08,135.275390625,137.95033512922004,133.79649253334514,134.0297436957814,26495200
2024-03-11,137.9056854248047,138.93793664433252,136.0496111924357,136.0496111924357,22536400
2024-03-12,138.5806121826172,139.23570253311547,137.18112025498522,137.2208158162895,19019700
2024-03-13,139.72206115722656,141.13148834329465,138.96770918074148,139.01733999159399,19637000
2024-03-14,143.26547241210938,143.65256849230894,140.43173040006897,141.24066564149544,36117900
2024-03-15,141.1116485595703,143.2654927104807,140.07939724785058,142.34242313660428,41039500
2024-03-18,147.37464904785156,151.79151837289268,147.03718378373523,148.2580229128598,47676700
2024-03-19,146.81881713867188,148.5061585676192,145.9155879410203,147.87092361277328,17748400
2024-03-20,148.5657196044922,148.64512587240978,146.56572061348362,147.68234569855485,17730000
2024-03-21,147.63272094726562,150.17861326257847,146.9081444765597,149.2009605654293,19843900
2024-03-22,150.6401824951172,151.4242948324887,148.97268104731734,149.12157348910551,19252900
2024-03-25,150.0247802734375,150.3285020596783,147.6922835856365,149.82627217269658,15114700
2024-03-26,150.57069396972656,152.0595274931158,149.90568348003643,150.11412683719794,19312700
2024-03-27,150.80889892578125,151.55331561906092,149.01237572923108,151.01237463936792,16622000
2024-03-28,151.12652587890625,151.53347735196334,150.20345634485778,150.86846684841055,21105600
2024-04-01,155.33497619628906,155.83125407551043,150.5210747097622,150.69974262178533,24469800
2024-04-02,154.70965576171875,154.8287727472631,152.31760797864735,153.59799819796115,17598100
2024-04-03,155.2059326171875,155.38460052174645,152.98460152506624,153.7667298566109,17266200
2024-04-04,150.80889892578125,155.01732493886325,150.7493480135503,153.9255228758376,24184800
2024-04-05,152.7940216064453,153.6873156475276,149.9562962344758,150.55083610895826,16297300
2024-04-08,154.97764587402344,155.48881145200644,152.84365718423768,152.8684650185755,16641500
2024-04-09,156.96275329589844,158.69972572114182,155.473919788547,156.17864097924695,21521500
2024-04-10,156.486328125,156.98260595225534,155.03719020552757,156.70469158060814,16339200
2024-04-11,159.59303283691406,159.92057805277852,156.75432277795423,157.16127427147057,17841700
2024-04-12,158.00494384765625,160.49625319515445,157.4193396212034,158.2183396876894,16989800
2024-04-15,155.16624450683594,159.6327454478092,154.9875765936935,159.086836748206,21140900
2024-04-16,154.83868408203125,156.05952331202272,153.89575922723787,154.48136343603403,15413200
2024-04-17,155.71212768554688,157.49971523593211,154.97266346333592,156.01981749893014,16237800
2024-04-18,156.287841796875,157.30520542640673,155.04714705588532,155.75682081288355,14016100
2024-04-19,154.56077575683594,156.81388145021202,152.76425235212744,156.57566262849005,21479900
2024-04-22,156.77415466308594,157.99996144014912,154.5012089932278,154.8485943675992,17243900
2024-04-23,158.72950744628906,159.28533622107935,156.78905921434202,157.40940653356301,16115400
2024-04-24,159.90072631835938,160.1885608020545,157.63770057657086,157.90567970598426,19485700
2024-04-25,156.77415466308594,157.1016998299138,151.6307398819835,152.21832807440128,36197800
2024-04-26,172.39700317382812,175.1066760133104,170.12404212346385,174.67988432899114,56500800
2024-04-29,166.6500701904297,170.10417439660733,165.8163271662609,169.49871490746665,35914600
2024-04-30,163.41436767578125,168.60542967730703,163.27541048543134,166.13397570999825,29420800
2024-05-01,164.33741760253906,167.55328765521102,163.67239210515368,164.94286190414414,25223200
2024-05-02,167.20591735839844,167.27538837253567,164.45653419916465,165.42923441345826,17041100
2024-05-03,167.7319793701172,168.58557780756806,163.75182164825128,168.277872843964,22767100
2024-05-06,168.56573486328125,168.63520588616618,166.64017439901465,167.9602752858077,15147900
2024-05-07,171.69227600097656,172.17863373280835,168.73446433736515,168.85356617161062,21102400
2024-05-08,169.88584899902344,170.62926624237883,169.25259793397075,169.47889749902424,14569900
2024-05-09,170.30271911621094,171.1563176756088,168.6649930251109,169.8759122639125,11937700
2024-05-10,169.02227783203125,170.06446418787007,166.66000592335183,168.42675358954892,18740500
2024-05-13,169.6277618408203,169.6773926544997,164.52602618565487,164.612384104361,19648600
2024-05-14,170.65008544921875,171.49376380888015,169.15133187161973,170.3126201634331,18729500
2024-05-15,172.58558654785156,172.75035115427644,170.74935248110228,171.01734675545546,20958200
2024-05-16,174.1240234375,175.02725267768008,172.7543069940806,173.30021560876068,17247300
2024-05-17,175.97019958496094,176.17367532804903,173.67739826046392,174.24316229907933,16546400
2024-05-20,177.13150024414062,178.61039857225245,175.90569332559252,175.99005208038096,17495100
2024-05-21,178.20343017578125,178.48135968424882,175.99003537359098,177.07191736955156,14706000
2024-05-22,176.6749267578125,177.52058924003137,175.46400750886775,177.0719430070538,16189400
2024-05-23,173.7567901611328,178.5706911354357,173.24065698100614,177.44909840127502,14928400
2024-05-24,175.01734924316406,175.98409753033752,173.8957564502872,175.205937250306,11403600
2024-05-28,176.6947784423828,177.18112106581805,174.37218648246403,174.43175254929173,15655300
2024-05-29,176.07936096191406,176.90318394408737,174.94784816071635,175.4937567808549,15023800
2024-05-30,172.26795959472656,175.37466368707715,171.9404144063307,175.37466368707715,18826300
2024-05-31,172.6649627685547,173.12152982074824,169.69721634851624,172.1091189623265,28085200
2024-06-03,173.12155151367188,174.55083404696404,171.1662157070426,172.58557813628582,20742800
2024-06-04,173.82627868652344,173.88582960327014,171.93049372903275,173.15133295793305,14066600
2024-06-05,175.75181579589844,176.64510971903434,173.98505301058395,175.22079494999645,15233900
2024-06-06,177.02230834960938,177.37962899368443,175.89079550090455,176.10914381293057,14255800
2024-06-07,174.64016723632812,178.0843366253854,174.4813546941635,177.13149166279294,14716300
2024-06-10,175.51461791992188,177.34299500926858,173.27882626843078,175.33574670333766,17099800
2024-06-11,177.0647735595703,177.2635075730835,174.33213917707215,176.59774028847596,14402400
2024-06-12,178.4261016845703,180.93019248807428,176.6573433446756,178.61490428755323,18600400
2024-06-13,175.62393188476562,177.38274381365807,175.54443524738238,176.71697653331069,15956900
2024-06-14,177.24362182617188,177.6013490997328,174.74153235235562,174.74153235235562,12361600
2024-06-17,177.65101623535156,178.78381661269546,175.3754840884035,175.86238007048468,15272900
2024-06-18,175.3357391357422,177.78021124067124,174.51097865374183,177.66095871395126,15640300
2024-06-20,176.58779907226562,177.61129358924018,175.34569260385643,175.59411389753828,16753200
2024-06-21,179.12168884277344,181.35946682334284,176.93558443343846,177.3628769542596,58903200
2024-06-24,179.64833068847656,180.93019301645566,179.09186943327995,180.13524186798963,18198300
2024-06-25,184.4080810546875,184.57700570070918,179.96133420634663,180.00109010095835,18797000
2024-06-26,184.19943237304688,184.7558936944061,182.82815702039275,183.03682243468555,13375700
2024-06-27,185.6800079345703,186.31596582475487,184.27890823258446,184.4726841150096,13025700
2024-06-28,182.26171875,185.40176729684305,182.16731745275024,184.54719750656122,23032400
2024-07-01,183.3249969482422,184.1696203119794,181.57610120698192,183.3150503918,11815900
2024-07-02,185.43157958984375,185.76942888936475,181.90399440532445,182.31140894074,12555500
2024-07-03,186.2066650390625,186.4352083846934,184.21432140369464,185.12355183321114,7409100
2024-07-05,190.74781799316406,191.045911423733,186.1371192636921,186.1371192636921,14303400
2024-07-08,189.2771453857422,190.46857898939038,188.12448212143232,190.15656645794553,12097600
2024-07-09,189.23741149902344,191.64212785825836,189.0287309360106,190.53913668217973,10198500
2024-07-10,191.44338989257812,192.08927919283317,189.41626363997713,189.54544756500113,12052900
2024-07-11,186.11724853515625,191.194980719436,185.64028386530777,190.13173023437844,16452000
2024-07-12,185.6005096435547,187.4984519041039,184.96455175905618,185.73962495696273,14449100
2024-07-15,187.00161743164062,188.70081060739636,185.3123556492613,185.3123556492613,12186000
2024-07-16,184.32861328125,189.13804623677402,183.95100803548755,187.76677090664597,12760100
2024-07-17,181.46678161621094,184.06030052673833,180.47309644225305,183.513770648575,17376600
2024-07-18,178.08824157714844,182.88774234184083,177.08462510298332,182.3809532461557,17877200
2024-07-19,178.25717163085938,180.82088103924897,177.73051973450666,179.23097879511494,14485900
2024-07-22,182.1921844482422,183.13618234002132,180.7513288023117,181.19849926480467,16303900
2024-07-23,182.4405975341797,184.05036260692978,182.17229830124404,182.67907226351633,23772600
2024-07-24,173.2688751220703,176.82626978612888,172.47393913032514,174.28243822270719,31250700
2024-07-25,168.091796875,174.09364898306077,167.98249089337875,173.14965104856816,28967900
2024-07-26,167.6147918701172,168.76747020089442,164.81758110880102,167.7042350506867,25150100
2024-07-29,170.04934692382812,171.07284142949192,168.64824720396254,169.42332041868983,13768900
2024-07-30,170.77471923828125,171.85783234146376,169.04570173267874,170.74490989873905,13681400
2024-07-31,172.05657958984375,174.7991603386014,170.63561708735276,173.8154065705776,15650200
2024-08-01,171.3610076904297,174.57060660316841,169.43325599913192,170.89397443893247,17177800
2024-08-02,167.33657836914062,169.1351612826965,165.33927661435882,167.1279129721506,18907800
2024-08-05,159.62559509277344,164.892129855876,155.61111342618975,156.3762401380253,34907800
2024-08-06,159.5261993408203,161.32478210891983,157.1314297723931,159.9286557559042,36146500
2024-08-07,159.73486328125,163.7493439980002,159.22808939121188,162.20914438246385,19334200
2024-08-08,162.8053741455078,164.45489516194675,161.00680641897057,161.3188189520736,15733600
2024-08-09,164.34559631347656,164.47478024278507,159.9137536043793,160.62425005314302,13549200
2024-08-12,162.91468811035156,165.64732245401004,162.51722008897448,164.9467725573256,12435000
2024-08-13,164.88217163085938,165.4883201860964,163.72950836654053,164.14188103724572,12717600
2024-08-14,161.0067901611328,163.9182952913303,158.52257749412473,163.17303149122787,22515900
2024-08-15,162.13963317871094,162.48742910854588,160.4702491053468,161.1857037546271,18392500
2024-08-16,163.69970703125,165.89574285542548,162.0501859428864,162.37810388183337,16853100
2024-08-19,167.33657836914062,167.40614360975903,165.04116802765475,165.94542518109844,13100800
2024-08-20,167.89305114746094,169.3338915956219,167.59494256725435,167.67443919947158,12622500
2024-08-21,166.57142639160156,167.57504281319,165.51812268603877,165.93546857904872,15269600
2024-08-22,164.44496154785156,168.35013692400975,163.9878597056695,167.97253171361726,19123800
2024-08-23,166.3726806640625,166.88940113560682,164.61386904229548,165.49824813040738,14281600
2024-08-26,166.86953735351562,168.31039292844207,165.26971884295412,167.09312257374404,11990300
2024-08-27,165.329345703125,167.18255886662448,165.11073374973338,166.5515742334998,13718200
2024-08-28,163.46119689941406,166.3329461958913,162.24889987962757,165.72679768599806,15208700
2024-08-29,162.3681640625,166.57146359413528,160.95911910338887,165.01137047100107,17133800
2024-08-30,164.06736755371094,164.23629222190004,162.37810570938657,163.18298831293663,18498800
2024-09-03,157.60841369628906,162.3482964515636,156.8581765015654,162.28370448613268,26533100
2024-09-04,156.81344604492188,159.38708686154732,156.44578740324155,157.0767719946935,17410700
2024-09-05,157.5984649658203,159.9982078419264,156.5252832244312,156.7836358953015,14139500
2024-09-06,151.16932678222656,158.21455085957402,150.97555089993128,157.68789894285695,24999100
2024-09-09,148.791259765625,153.86573058964393,147.45797267088392,152.86079303597603,28057700
2024-09-10,149.25892639160156,151.5374693511312,148.79426929811413,150.69171904726548,20401800
2024-09-11,151.38821411132812,151.71656369963523,147.95549049886938,150.3335237150403,18991500
2024-09-12,154.76124572753906,154.83090254362375,152.7314661475892,154.03490489530117,20980800
2024-09-13,157.57708740234375,158.47755514333696,155.32840796234638,155.57914518612824,16733900
2024-09-16,158.1939697265625,158.4427180193182,156.82087429218606,157.5372705899137,14157600
2024-09-17,159.47750854492188,160.78094720498908,158.61186932111355,159.28845740813813,12064800
2024-09-18,160.00486755371094,160.820769334052,158.86063135019063,160.04467578720656,16756500
2024-09-19,162.42269897460938,164.16393711256978,161.70829153371122,163.9947900867692,17548200
2024-09-20,163.81568908691406,163.92513895238736,162.36299225266765,163.69629475454033,46362700
2024-09-23,162.25355529785156,165.77582469509017,162.1341457847575,164.51217902638942,15648400
2024-09-24,162.82069396972656,163.72614146625725,161.21875423832304,163.4276404563426,18774100
2024-09-25,162.1739501953125,163.39479667219365,161.96001511465622,162.15404607986716,13607900
2024-09-26,163.00975036621094,164.67138731664284,162.68140076296737,164.2037392619377,18234500
2024-09-27,164.46243286132812,166.13402946952368,163.00975117210305,163.08935245653072,13604300
2024-09-30,166.35292053222656,166.52206755941856,163.81568475956325,163.9549832044503,14070100
2024-10-01,167.57675170898438,169.58664220950388,165.06936461206638,168.01455114299765,18629500
2024-10-02,166.47230529785156,168.0344518665626,165.41761496395566,166.92004918909535,12745000
2024-10-03,166.372802734375,167.06929486707284,164.5420038939252,164.9897629343072,11004300
2024-10-04,167.71604919433594,168.70109791526065,166.1240692043542,168.49214266571013,11422100
2024-10-07,163.56692504882812,169.0493318975737,163.30823229275637,168.2931425612473,14034700
2024-10-08,164.870361328125,165.2683676961341,163.48732146187328,164.60170892751768,11723900
2024-10-09,162.24359130859375,165.42756656207547,160.31330204112282,164.02960230873123,19666400
2024-10-10,162.36297607421875,163.48832523779743,160.830693292667,161.2983412910555,12900500
2024-10-11,163.6962890625,164.44253397867172,161.68639850387447,162.51224469965817,10946000
2024-10-14,165.5171356201172,166.78076613469128,163.95498890732665,164.08434289007533,9981800
2024-10-15,166.06434631347656,168.24338368409872,165.21861126755738,166.30315012888386,14829300
2024-10-16,165.90516662597656,166.44245625750682,164.38879497014153,165.19871479504792,9968500
2024-10-17,163.6863250732422,167.08919997886755,163.5470266332128,166.5419658674321,15113400
2024-10-18,164.2236328125,165.53701595857945,163.92513181217555,164.0445261393487,13091300
2024-10-21,164.9698944091797,165.38778977894833,163.48236908152037,163.75600135215944,11384000
2024-10-22,165.98477172851562,166.63151123094954,163.84552725432798,163.87537583552393,11958600
2024-10-23,163.65647888183594,166.76086802015365,162.81371951175345,165.59671260428982,12754300
2024-10-24,163.7062225341797,164.22362322571198,161.95504004750435,163.76591969428137,12764400
2024-10-25,166.1539306640625,166.56186636379,164.40273280223775,164.53706660964366,14566400
2024-10-28,167.4971466064453,169.75180756716622,164.959910986279,169.7358812391113,20858300
2024-10-29,170.28314208984375,170.99953843556716,167.81556311145863,168.53692409934393,28916100
2024-10-30,175.2581024169922,182.86979435775086,174.86507585018174,181.49671405969505,49698300
2024-10-31,171.8253936767578,177.52670097730407,171.69603969069405,173.8452288408367,32801900
2024-11-01,171.78558349609375,172.94973899268834,169.4573028676897,170.68114034943142,21752900
2024-11-04,169.82542419433594,171.05922117064537,168.636415270449,170.38263311364355,16194000
2024-11-05,170.55178833007812,171.23534513726273,169.51698689827467,169.974690451263,12518300
2024-11-06,177.43716430664062,177.74560981314025,174.16362771290133,174.47208840179445,27061500
2024-11-07,181.3673553466797,181.66585633668203,177.99432907915246,178.21322879299478,16730400
2024-11-08,178.95947265625,181.4370111220325,178.67093131640752,181.08875743861722,15021500
2024-11-11,181.05889892578125,181.17332860002983,179.08881680289787,179.1684180742373,12503400
2024-11-12,182.40216064453125,183.10361748976914,180.08382466749606,180.47187140805784,14065800
2024-11-13,179.5863037109375,181.70066397339644,179.21814595297874,181.23798065970132,13969700
2024-11-14,176.46205139160156,179.541556582856,175.14865307038795,178.85002901621897,17925800
2024-11-15,173.0193634033203,174.99940529649922,171.88009196154317,174.76060146772068,21708900
2024-11-18,175.914794921875,176.02424477751563,173.54670632659113,174.07903131458826,18662800
2024-11-19,178.68087768554688,179.26792001994184,174.2392236211427,174.3576310893563,15392900
2024-11-20,176.442138671875,178.21322527994758,174.4521523542752,177.93462841007488,15729800
2024-11-21,168.3926544189453,174.70090765512782,164.48232325308783,174.5765335052864,38839400
2024-11-22,165.7360382080078,167.4225439255199,164.88034337851366,166.32308060039298,24497000
2024-11-25,168.58169555664062,169.60655255064373,166.56186051570637,167.1489180596247,21395700
2024-11-26,169.7657470703125,170.6363661825947,168.58170264842587,168.6414149979063,14937500
2024-11-27,169.96475219726562,170.28314213857163,168.82050086416712,169.82543856885383,12433400
2024-11-29,169.63638305664062,170.0144701194683,167.90508955644262,169.20852811877984,9250700
2024-12-02,172.11392211914062,172.73082823660852,169.41749900801094,169.46725170525065,16593400
2024-12-03,172.15371704101562,173.44721115729334,171.64626082374897,172.2532072454121,15721500
2024-12-04,175.20835876464844,175.54665282783589,171.88508493415299,171.9149335172347,18239800
2024-12-05,173.43727111816406,176.82025728032713,173.13877010644495,176.43221051980993,16145500
2024-12-06,175.60635375976562,175.95360541178027,172.68107134880123,173.00942092374532,13319500
2024-12-09,176.4132080078125,177.34954989746097,174.71978848912806,175.033569343468,19887800
2024-12-10,185.806640625,187.3008236666633,181.96160898980182,183.8193820434649,34317400
2024-12-11,195.94715881347656,196.1264534717187,185.53767209878993,185.97596819620176,41664500
2024-12-12,192.8791046142578,195.94217667495153,192.53045584003257,195.53874848742487,25197800
2024-12-13,190.63784790039062,193.58636073560123,190.51830291544877,191.96269208633942,18883200
2024-12-16,197.39154052734375,199.8619188484649,193.35724335963644,193.6112593352628,32248600
2024-12-17,196.35556030273438,202.09323264899297,195.92723514612658,197.76009594579685,24129500
2024-12-18,189.41259765625,197.9194882921804,188.54597635525514,196.0667007110212,27638400
2024-12-19,188.96432495117188,193.8453314729244,188.78503030160772,192.53044324433023,26981200
2024-12-20,192.2117156982422,193.38214693659674,185.6472598970594,186.28477739524527,45319700
2024-12-23,195.22996520996094,195.7280262328144,190.88687248269412,193.27755931254427,15235900
2024-12-24,196.8038330078125,196.90343608914247,194.44102235636947,195.40925307265215,6809800
2024-12-26,196.3356475830078,197.3915344458099,195.1104066085955,195.9770430636019,7907900
2024-12-27,193.28750610351562,196.03681255000853,191.2275326178882,195.70809046620545,14693000
2024-12-30,191.94276428222656,193.02853369164805,189.62179803297198,190.12484454267624,12209500
2024-12-31,189.70147705078125,192.50057745269567,188.84481151855695,191.6987065345426,14355200
2025-01-02,189.8907470703125,192.45077277859082,187.97819460041782,190.7424271483995,17545200
2025-01-03,192.38104248046875,193.74572472649058,190.60794657554771,191.97761429533654,12875000
2025-01-06,197.19232177734375,198.78610788965761,194.3035587994232,194.3932061333201,19483300
2025-01-07,195.94715881347656,201.35609379839065,195.1801406430058,197.50110665003498,16966800
2025-01-08,194.6322784423828,196.87355295931474,192.99863895802596,193.19786031960788,14335300
2025-01-10,192.42088317871094,196.8536229987654,190.85697955663122,194.66215765847485,20753800
2025-01-13,191.5443115234375,191.7435481027174,187.9283986436853,190.60796951906005,13169100
2025-01-14,190.3091278076172,192.52052005726506,188.90459201669714,191.75350179419556,13651200
2025-01-15,196.21609497070312,197.03292225517586,192.58025597908446,193.5963046111118,12894900
2025-01-16,193.6560821533203,196.21610779593715,193.54650812506105,195.06558809902253,13449600
2025-01-17,196.78390502929688,198.03901328310783,194.55258626735076,197.28196603154788,22109100
2025-01-21,198.8558349609375,203.04949996870735,198.66656935353225,199.73241196420346,19005200
2025-01-22,199.25428771972656,201.3361791069415,198.4275046138818,199.77227542933375,15477400
2025-01-23,198.8060302734375,201.15687879775032,196.05673902959322,199.204472992969,15170800
2025-01-24,201.1170196533203,201.7844347488489,199.0092282400356,199.07498177461218,12732400
2025-01-27,193.01856994628906,197.89956181185707,191.95271207871966,193.43693937479924,24970200
2025-01-28,196.3057861328125,196.4651541143352,191.8630749561548,193.89515731702429,15939200
2025-01-29,196.4153289794922,197.69037912518527,194.43305592406392,196.6045945917345,12287800
2025-01-30,201.84420776367188,202.44985164814932,198.6984497136015,198.98532725904212,14571500
2025-01-31,204.8026885986328,206.2769448978368,202.79051790943333,202.9249889071245,17060300
2025-02-03,201.8541717529297,204.4241684677796,200.87797639910207,201.4308168414441,16719500
2025-02-04,206.9044952392578,207.8906462339825,203.46786238002147,203.706937117938,28285400
2025-02-05,192.55038452148438,193.79553701425183,189.17353156908362,192.35116316256466,43666400
2025-02-06,192.5603485107422,193.07833622579454,189.7512922706371,190.24935328906002,20816600
2025-02-07,186.41427612304688,192.26649305045316,184.3821938692764,191.9925655719954,29565700
2025-02-10,187.47015380859375,189.25322066659953,186.88244548763515,188.32681932034947,16606000
2025-02-11,186.3445587158203,188.06784560204895,185.35839241696428,186.11046942668048,13028100
2025-02-12,184.71090698242188,186.10548699141967,182.91789942739342,184.51168560959832,17632300
2025-02-13,187.1514129638672,187.26098699579796,184.16304685624547,185.20896283422024,12729300
2025-02-14,186.14532470703125,187.42035972936003,185.38827741240368,186.10548651241567,12714200
2025-02-18,185.07948303222656,187.051800468394,182.86809082818988,186.713122613625,19796000
2025-02-19,186.40432739257812,186.63343121225648,184.78064355834982,185.4629847427857,13120500
2025-02-20,185.9162139892578,186.3943483049828,183.88413174771472,185.77675751385402,12063800
2025-02-21,180.87583923339844,186.74299735623012,180.42758736179914,186.56368748782089,19520800
2025-02-24,180.4873504638672,184.37222024540685,180.1785550709263,183.08722953293318,18734000
2025-02-25,176.6821746826172,180.05902804465345,176.08451053335727,179.45637842094075,20832500
2025-02-26,174.02252197265625,177.38941942120738,172.91682587088818,176.2588263476241,23637200
2025-02-27,169.54994201660156,175.90519040477736,169.0937103322737,175.2577171475479,25930500
2025-02-28,171.55213928222656,171.83105223800592,167.73699003756792,169.63958678561835,30049800
2025-03-03,168.0059356689453,174.32134533191982,166.98988700026132,173.05626616990452,24122000
2025-03-04,171.9406280517578,174.4857125995133,166.89028195089057,167.28873989157168,30711400
2025-03-05,174.3114013671875,175.0684486462283,170.26713311442498,171.65175734257568,18848000
2025-03-06,173.53443908691406,176.04465585483482,171.83902819412458,171.88087274006514,19082400
2025-03-07,175.06845092773438,176.21398520957717,171.58202373998432,172.57018119468756,16395300
2025-03-10,167.34967041015625,169.98242789879407,165.11083364000163,169.6932301062815,28990700
2025-03-11,165.52468872070312,168.19235385425318,162.79221467372713,166.2227654766119,23705900
2025-03-12,168.5364227294922,169.06496768992824,165.02607404266914,168.00787776905614,19880100
2025-03-13,164.27810668945312,167.65880659750724,163.61992877318716,167.519191255641,15206200
2025-03-14,167.16018676757812,167.78846344663302,164.05871738434496,164.86151705390753,18611100
2025-03-17,166.11309814453125,167.99791317905715,165.35517312059622,166.8660167973437,17839100
2025-03-18,162.22377014160156,165.9834327309709,158.3643909972819,165.5047537031862,24616800
2025-03-19,165.82386779785156,167.67178157574858,162.60273243314677,163.4653498695458,24955700
2025-03-20,164.59725952148438,166.57182398432158,162.69249513101892,163.3756136941133,19981500
2025-03-21,165.7939453125,166.01334302891465,162.58277715435602,162.93182312599697,29882100
2025-03-24,169.46385192871094,170.03229564643644,166.98069207130337,168.80068280829667,18742800
2025-03-25,172.31600952148438,172.43569069454404,170.0821638501357,170.71042533673634,13841600
2025-03-26,166.68150329589844,171.46833904684703,166.4032617058507,170.83009529451596,22498000
2025-03-27,163.62989807128906,166.98068153823098,163.40053326732718,166.2526883327416,21571200
2025-03-28,155.63189697265625,163.36063733153796,154.91288174399585,161.914617985198,34866500
2025-03-31,155.8014373779297,156.69897769591987,151.79247569514342,154.38533444093966,33591600
2025-04-01,158.44418334960938,159.64088860290096,154.82912703672736,154.87400177182084,20111400
2025-04-02,158.42422485351562,159.83533661020232,156.10061455152714,156.5294429126843,17113300
2025-04-03,152.21133422851562,154.26268338948154,151.76255642428285,152.415773730749,28416100
2025-04-04,147.33474731445312,152.67006286836312,147.13528375084766,149.4888107622176,39832200
2025-04-07,148.83062744140625,154.50500650433963,142.26867511605386,142.9966684031096,47823000
2025-04-08,146.17791748046875,154.0163572830598,144.81168040387425,153.15372459087558,35304400
2025-04-09,160.61817932128906,161.42595490236522,145.41001297471655,145.9285907764552,46479500
2025-04-10,154.94378662109375,159.59100703537513,151.7824843406383,158.32448661840758,35270500
2025-04-11,158.96273803710938,159.4214828900061,155.15821588311775,155.15821588311775,22582000
2025-04-14,161.0270538330078,163.58002876063287,159.48130277727097,161.86474587796025,18255900
2025-04-15,158.24472045898438,161.60548662047464,157.2125711136264,161.12680756053086,15690800
2025-04-16,155.0734405517578,157.7460816121238,153.48780580846912,155.04352406353968,16921500
2025-04-17,152.93931579589844,156.63914551785228,150.48605717451858,156.1804006573908,19513400
2025-04-21,149.44891357421875,150.6456187622393,147.99291186389016,150.5508781432317,16147800
2025-04-22,153.4778289794922,154.18588806543661,150.45614182614645,150.6556053772964,15910300
2025-04-23,157.28736877441406,159.5810628232613,155.92113161014544,157.47685003131366,18575700
2025-04-24,161.0270538330078,161.26640093882173,157.6563210398833,158.09012530541472,30787500
2025-04-25,163.40054321289062,167.77850023609406,162.55286879192676,166.64162802009162,35148100
2025-04-28,161.97447204589844,164.49753091286826,159.94007456268434,163.80942118243402,20871200
2025-04-29,161.61544799804688,162.23374239598817,158.95277394690083,161.6004897534816,15955200
2025-04-30,160.4486541748047,160.93132003878804,156.7238992270367,159.4214808354622,20639500
2025-05-01,162.34344482421875,163.49029939480852,160.4885463727588,162.07419641613544,21904300
2025-05-02,165.3551483154297,166.24270626273594,163.2110522725791,164.5024980083436,16844900
2025-05-05,165.59449768066406,166.64162038300333,164.01883008211257,164.06370481289306,15309300
2025-05-06,164.746826171875,166.2826102199397,162.68251243531148,163.51023743476136,10691900
2025-05-07,152.380859375,166.53193740752073,149.07994142713306,165.61446287344089,78729800
2025-05-08,155.32276916503906,156.97821934560366,153.67730129276063,155.49230101963664,38387500
2025-05-09,153.95651245117188,156.0008767547779,153.4080181578182,155.12330110234345,22871000
2025-05-12,159.1422576904297,159.99989923182653,157.45689109723676,158.66357863988551,31884900
2025-05-13,160.4486541748047,161.6154428646326,157.147736432167,159.48131381182282,24944300
2025-05-14,166.3524169921875,167.87821879457485,160.48854169395702,160.8675041761217,31769200
2025-05-15,164.94627380371094,167.05048632634782,163.39055558165364,166.68150616819955,22717600
2025-05-16,166.970703125,170.18187132307358,166.49202410911192,168.4665883644654,36271400
2025-05-19,167.4095001220703,167.4892824949498,164.9612327646505,165.26041285871563,21374700
2025-05-20,164.86651611328125,169.2145415389476,163.809411029233,167.2998101390324,33563300
2025-05-21,169.593505859375,174.05124541657764,164.43768951605247,164.49752249530096,45567600
2025-05-22,171.50823974609375,177.6413788951047,171.40852318489004,172.87449206528717,45024100
2025-05-23,169.12478637695312,170.7353616757743,168.7956897887916,169.81289604156981,24963600
2025-05-27,173.5027313232422,173.81187849211432,170.74034098291773,170.8300904415714,24341300
2025-05-28,172.90440368652344,175.99589090157693,172.54039944520105,173.5027486876955,25999200
2025-05-29,172.48556518554688,174.91885931079202,171.3087940961788,174.51996262584905,21174700
2025-05-30,172.3758544921875,172.96423238805087,168.0627063952781,171.93705903868528,36258300
2025-06-02,169.90264892578125,170.59275202237717,168.18736588341204,168.54637896709238,24742900
2025-06-03,167.2499542236328,169.33421740320648,166.2227656610953,168.40178467639365,25386700
2025-06-04,168.9253387451172,169.11481998304504,167.3347128375843,167.8183830228989,18508700
2025-06-05,169.34417724609375,171.88718516661356,168.88544763287672,171.14920964574225,25375400
2025-06-06,174.44017028808594,175.347677694002,171.8273621519075,171.8273621519075,22258100
2025-06-09,177.3556671142578,177.6402153718793,175.38870842986094,175.59837556705574,18817600
2025-06-10,179.7319793701172,182.16323144952992,176.20245055412113,177.48545436637687,32908000
2025-06-11,178.5138702392578,181.46930552237777,177.72509701778952,180.950104343879,18994400
2025-06-12,176.69668579101562,177.85489792406833,175.83801337999012,177.20589265380562,17345900
2025-06-13,175.60836791992188,178.0675613928071,173.30193802509706,173.31191709596868,20873200
2025-06-16,177.66517639160156,177.96969801010982,175.54845557966115,175.63331576652783,18132500
2025-06-17,176.95628356933594,178.43899076022245,175.66828253538915,176.72664304480134,17656100
2025-06-18,173.71128845214844,177.54936088571782,172.5730497599219,177.00619474076913,32531800
2025-06-20,167.470947265625,175.09416523737374,166.01321067580938,174.5949374560243,55402600
2025-06-23,165.7536163330078,168.21980299782112,163.0777625142281,167.06160602705512,36975600
2025-06-24,167.48094177246094,168.98860418926247,166.65222182620118,167.4260187941308,27310300
2025-06-25,171.22515869140625,173.09226581389888,168.30068134547906,168.38953316950784,23627400
2025-06-26,174.1605987548828,174.3802602003527,170.59612027198173,173.11721450651243,25909100
2025-06-27,177.9946746826172,178.56378642226113,172.4432642772778,174.3602970998626,74053100
2025-06-30,177.1160430908203,181.29957460621677,175.22896256491478,180.50580421085897,43964600
2025-07-01,176.63677978515625,176.94629857639345,174.39025473688548,176.5319309802097,25778500
2025-07-02,179.4823760986328,179.65710887852734,175.8180458150953,176.27234494873161,19325900
2025-07-03,180.2711639404297,180.49082539406643,177.9148080847821,179.54229560893882,13287400
2025-07-07,177.28578186035156,180.06148733419192,176.36720449532464,179.85680209877262,20991400
2025-07-08,174.8894805908203,178.51386393532042,173.65139020434393,178.50388486434102,24108600
2025-07-09,177.3856201171875,180.00156883376084,173.6114592836493,175.83801093756307,31288000
2025-07-10,178.42401123046875,179.31263609787564,175.46859121008725,176.397147597673,24693700
2025-07-11,181.02996826171875,182.32796348740288,177.2667922024666,177.63522558090386,23975700
2025-07-14,182.52764892578125,184.4446816723468,180.4318917901642,181.78880160062218,20990400
2025-07-15,182.8172149658203,185.12364481924809,182.10830483087008,183.6559139606627,23911600
2025-07-16,183.48617553710938,185.04876086661793,182.79723878931895,184.0353291212338,21152600
2025-07-17,184.4147491455078,184.90099654275474,181.21969422278445,182.8322055265823,21654400
2025-07-18,185.65283203125,187.0706371193561,184.4446940821443,186.3317745092629,21033400
2025-07-21,190.85476684570312,190.96459756247992,186.76110834857775,186.8110341716985,24665000
2025-07-22,191.81329345703125,193.0613628759034,188.20387121297293,192.12281223527594,26212900
2025-07-23,191.21421813964844,193.06136701325298,189.88627042128354,192.06291145675814,34068100
2025-07-24,192.901611328125,198.6627041806578,191.6535418769399,197.80403178883356,45252100
2025-07-25,193.78025817871094,194.97340465838818,191.83327287103867,192.63202513607754,31101800
2025-07-28,193.1212615966797,194.51910844226362,191.55867629656885,194.1097380295069,25553500
2025-07-29,196.12661743164062,196.35627317873985,192.69194311869856,193.0014619032327,31891600
2025-07-30,197.13507080078125,198.1734578933613,195.257969447984,195.99683205679682,21150500
2025-07-31,192.5621337890625,196.52600345506076,191.7833396958398,196.29636294942387,27852000
2025-08-01,189.65663146972656,191.32205462037308,188.40856201383838,189.4868958519525,21236700
2025-08-04,195.4476776123047,195.77716977826867,190.62513538628775,190.87974643162875,23386000
2025-08-05,195.01834106445312,198.39311038953284,194.3743329829563,195.24298441714578,19010200
2025-08-06,196.61587524414062,197.0751715243873,194.16666072818697,194.94845621765052,15383700
2025-08-07,196.97531127929688,198.0636241811511,194.91849526728674,197.4046550915873,14660600
2025-08-08,201.7778778076172,203.11580458395042,197.59434662865613,197.67422490063132,24379900
2025-08-11,201.318603515625,201.84778375432532,199.49142797559023,201.2437071589298,16690200
2025-08-12,203.84469604492188,204.81319918192554,201.0889488776854,201.78288282269472,19854000
2025-08-13,202.7164306640625,205.11271790848946,198.33321137510248,204.66341595456223,19573000
2025-08-14,203.50521850585938,205.10273825251264,202.01251709138205,202.24715475618467,17777100
2025-08-15,204.59353637695312,207.0097970502324,201.7729024129421,204.40382737928184,21111400
2025-08-18,203.97447204589844,205.82162085713637,203.09584154580025,204.7532813700738,13000200
2025-08-19,202.17727661132812,203.97448447366057,200.61967310329786,203.5900845586483,13476600
2025-08-20,199.8808135986328,201.8577512684256,197.15503428654648,201.36850257744715,13971700
2025-08-21,200.31015014648438,203.04592387341168,200.09048870383648,200.4100017968599,11768900
2025-08-22,206.40074157714844,208.9068596330031,201.81783405788252,203.6450096228341,25723700
2025-08-25,208.8369598388672,210.7639716760469,205.63191092201342,206.68029226314627,22788800
2025-08-26,207.6288299560547,208.13805204048316,206.13114662109604,208.04817946161637,23051000
2025-08-27,207.88844299316406,209.2463431912284,206.07124652485047,206.1411457283501,15249000
2025-08-28,212.0419921875,212.57117238999064,207.2793703650841,207.51898993739863,20915700
2025-08-29,213.20021057128906,215.00741266388385,210.64416682252147,210.9437065320351,24682200
2025-09-02,211.66261291503906,212.041025402124,206.64038235228847,208.6672460473044,28900100
2025-09-03,230.7430877685547,231.44200361883648,224.77231250489172,226.13021268624902,72250300
2025-09-04,232.30067443847656,232.41050515957645,226.40977748846325,229.79953838333347,32196000
2025-09-05,234.80679321289062,235.76531725805415,232.02110889217334,232.3006752313413,26127700
2025-09-08,234.00732421875,238.24454985055107,233.57759666242987,235.63625103996944,23128800
2025-09-09,239.78355407714844,240.4331241573419,233.22783384154016,234.0373032564655,22854800
2025-09-10,239.40379333496094,241.922154447817,237.95474185194615,239.09399790914586,19990100
2025-09-11,240.6230010986328,242.41184249017257,236.42574270750922,239.9834190128315,21308600
2025-09-12,241.22262573242188,242.2649449671254,238.34449860548148,240.64300206108857,14536600
2025-09-15,251.59584045410156,252.58520043798106,244.82026241003442,244.980161745602,29935200
2025-09-16,251.25607299804688,253.06489044304075,249.5521828236566,252.165483340186,24493500
2025-09-17,249.68710327148438,251.7857249169014,246.41923105002894,251.2960541573909,20491300
2025-09-18,252.1654815673828,253.97429899966014,249.9469277971752,251.6957867895291,21166400
2025-09-19,255.07357788085938,256.5326326066914,251.90363384209934,253.23476605196709,41616800
2025-09-22,252.71511840820312,256.1428746106005,250.64646080006915,254.6138734432144,20079000
2025-09-23,252.1754608154297,254.6038842900218,250.92627586419746,253.48960582394037,17521100
2025-09-24,247.6684112548828,252.79507126242333,247.05880837825745,251.9855865910959,16958500
2025-09-25,246.40924072265625,247.1537500940936,241.49243520267595,244.68035772423693,17379800
2025-09-26,247.01882934570312,249.95691488202831,246.4791881395072,247.62344586003442,16594600
2025-09-29,244.20066833496094,251.48391066241172,243.04142104059784,248.11310889238666,23157200
2025-09-30,243.39120483398438,243.51612333212861,239.4147952973542,242.90151883167655,22541200
2025-10-01,245.37989807128906,246.98884894065887,239.0440354920674,241.02274023707793,23967700
2025-10-02,246.26931762695312,247.4735337836427,242.94648861306507,245.4798394250779,20657500
2025-10-03,246.289306640625,246.95687035937326,242.31190594958701,245.0701008850218,19941400
2025-10-06,251.34600830078125,252.03556085596028,245.52981090927676,245.61974856895048,18309000
2025-10-07,246.9688720703125,251.38598832802836,246.64907339611258,248.76768624174676,13811200
2025-10-08,245.29995727539062,247.09877140655033,244.9301881605209,246.0394650074506,14136500
2025-10-09,242.0520782470703,245.39488317397436,239.52371385692186,244.9002108090174,19375700
2025-10-10,237.3351593017578,244.68035786865013,236.53067624153942,242.00211257865035,22449100
2025-10-13,244.48048400878906,244.83026189387334,240.5930210593619,240.87283726789343,12465000
2025-10-14,246.02947998046875,247.86327497207864,241.0207392770717,241.59737415880704,17705400
2025-10-15,251.54588317871094,252.59518634371952,246.62907776804082,247.92324680271904,16048100
2025-10-16,251.7157745361328,257.412039733801,250.5065567686617,252.30038456613704,18946000
2025-10-17,253.62451171875,254.71381258280724,248.42790538348763,251.18611550864574,17653800
2025-10-20,256.8524169921875,257.71187214774994,254.4340118637041,255.06359074677613,13726800
2025-10-21,251.17611694335938,255.21349131081692,244.5104677649344,255.08357119414507,27836400
2025-10-22,252.36534118652344,257.0123031390601,250.2877020062622,254.8437198779537,19650200
2025-10-23,253.56455993652344,255.69317602396845,252.60319681232596,253.53458071688394,13241300
2025-10-24,260.34014892578125,262.3388448619566,255.933020726793,257.1322199898904,18406000
2025-10-27,269.7539978027344,270.6234256814365,264.7672610515648,265.1869701320579,22987700
2025-10-28,268.2549743652344,271.2030631428179,266.9958166328353,270.0238398308567,20101200
2025-10-29,274.9906005859375,275.790066781071,268.25497437633226,268.4348496955852,26287900
2025-10-30,281.7161865234375,291.73964543835973,280.26715026616273,291.5297909040995,48570000
2025-10-31,281.6362609863281,286.09834615146855,277.34206555342627,283.0203372294134,29932800
2025-11-03,283.93475341796875,285.75357412647895,280.1871983580786,282.23588008942727,19691800
2025-11-04,277.8786926269531,281.65024916844396,276.6844644896837,276.88434628169716,18123700
2025-11-05,284.5643310546875,286.51307177195645,277.69881546251395,279.19783739958865,20063200
2025-11-06,285.1539611816406,288.62170004085374,281.4363853167139,285.5486926715029,23103800
2025-11-07,279.51763916015625,284.3144972128298,275.56019924413687,284.02467776243657,21991100
2025-11-10,290.4005126953125,291.26994051890455,283.35512195449274,285.0790032414487,19508200
2025-11-11,291.5497741699219,292.14938906618625,287.6923055498566,288.01210422755497,14156700
2025-11-12,287.2425842285156,292.16936247888566,284.1945850710095,291.8945478823368,16998800
2025-11-13,278.9380187988281,283.3251713137129,277.8187538786583,282.8004891969117,18060200
2025-11-14,276.7994079589844,278.96797594579846,271.2330325220686,271.7177016420648,18330500
2025-11-17,285.4137878417969,294.32795470266535,284.04468599528104,286.2132540229553,34286100
2025-11-18,284.7742004394531,289.246288884512,278.8280980775343,288.2968960757756,29702200
2025-11-19,292.7989501953125,304.05161802852626,287.482442205392,287.4974165660577,43123600
2025-11-20,289.79095458984375,306.68993354598797,288.98148512013125,304.5413108694683,34801400
2025-11-21,299.4546203613281,303.7618077764989,294.1680609326802,296.6764341573702,43670600
2025-11-24,318.2623596191406,319.5914790436659,309.19826591579596,310.8072320588326,55311800
2025-11-25,323.4289855957031,328.4557045708052,317.6087780037563,326.5868982838347,50899300
2025-11-26,320.0711669921875,324.7780873971327,316.99318865990756,320.57084097778153,29839600
2025-11-28,319.9112854003906,326.6668878195667,316.73336599519826,323.21912492867204,19695800
2025-12-01,314.9145202636719,319.42158926511087,313.77527946257874,317.26799565865406,28520600
2025-12-02,315.8139343261719,318.39226916605145,314.0151201802352,316.6933654189159,24668200
2025-12-03,320.41094970703125,321.83003728081405,314.07508706995475,315.82394606355047,32285100
2025-12-04,318.18243408203125,322.88834834302395,315.38424129791457,322.83439794428057,20831600
2025-12-05,321.8799743652344,323.61883002174113,319.77136485052137,319.79134083015884,15719900
2025-12-08,314.45001220703125,321.2300109863281,311.9100036621094,321.0299987792969,22006900
2025-12-09,317.75,318.7090148925781,312.6199951171875,313.1000061035156,14151300
2025-12-10,321.0,321.8699951171875,315.3999938964844,316.6199951171875,22764500
2025-12-11,313.70001220703125,321.989990234375,309.8800048828125,321.1000061035156,25912100
2025-12-12,310.5199890136719,316.1400146484375,306.9599914550781,314.7950134277344,21264800
2025-12-15,309.32000732421875,312.70001220703125,305.739990234375,312.625,22028900
2025-12-16,307.7300109863281,311.8450012207031,303.8299865722656,306.0,21285200
2025-12-17,298.05999755859375,309.19500732421875,297.45001220703125,309.010009765625,29120400
2025-12-18,303.75,305.260009765625,300.6300048828125,303.05999755859375,21040500
2025-12-19,308.6099853515625,308.989990234375,302.3399963378906,303.2699890136719,45234400
2025-12-22,311.3299865722656,311.70001220703125,306.5899963378906,311.2250061035156,14091400
2025-12-23,315.67999267578125,316.29998779296875,310.75,311.135009765625,13961400
2025-12-24,315.6700134277344,316.2900085449219,313.32000732421875,316.1499938964844,6138200
2025-12-26,314.9599914550781,316.55999755859375,313.7200012207031,315.9200134277344,6730900
2025-12-29,314.3900146484375,314.9700012207031,311.8999938964844,312.82000732421875,12317700
2025-12-30,314.54998779296875,317.70001220703125,313.25,313.4100036621094,11052500
2025-12-31,313.79998779296875,315.3900146484375,312.20001220703125,313.3699951171875,10814800
