Date,Actual,Predicted,MAE,MSE,RMSE,MAPE,R2
2021-12-28,145.3577880859375,145.80557,3.8408884840978548,26.50702727022152,5.148497574071636,2.6080426669796695,0.9887701720240796
2021-12-29,145.41387939453125,146.21275,3.8408884840978548,26.50702727022152,5.148497574071636,2.6080426669796695,0.9887701720240796
2021-12-30,144.9156036376953,146.50911,3.8408884840978548,26.50702727022152,5.148497574071636,2.6080426669796695,0.9887701720240796
2021-12-31,143.6024627685547,146.64607,3.8408884840978548,26.50702727022152,5.148497574071636,2.6080426669796695,0.9887701720240796
2022-01-03,143.9945068359375,146.52293,3.8408884840978548,26.50702727022152,5.148497574071636,2.6080426669796695,0.9887701720240796
2022-01-04,143.3414306640625,146.31078,3.8408884840978548,26.50702727022152,5.148497574071636,2.6080426669796695,0.9887701720240796
2022-01-05,136.62876892089844,146.00168,3.8408884840978548,26.50702727022152,5.148497574071636,2.6080426669796695,0.9887701720240796
2022-01-06,136.5270233154297,144.89964,3.8408884840978548,26.50702727022152,5.148497574071636,2.6080426669796695,0.9887701720240796
2022-01-07,135.98458862304688,143.45436,3.8408884840978548,26.50702727022152,5.148497574071636,2.6080426669796695,0.9887701720240796
2022-01-10,137.5424041748047,141.92825,3.8408884840978548,26.50702727022152,5.148497574071636,2.6080426669796695,0.9887701720240796
2022-01-11,138.9751739501953,140.72623,3.8408884840978548,26.50702727022152,5.148497574071636,2.6080426669796695,0.9887701720240796
2022-01-12,140.59352111816406,140.0274,3.8408884840978548,26.50702727022152,5.148497574071636,2.6080426669796695,0.9887701720240796
2022-01-13,138.0952606201172,139.88934,3.8408884840978548,26.50702727022152,5.148497574071636,2.6080426669796695,0.9887701720240796
2022-01-14,138.7458953857422,139.79283,3.8408884840978548,26.50702727022152,5.148497574071636,2.6080426669796695,0.9887701720240796
2022-01-18,135.27589416503906,139.79228,3.8408884840978548,26.50702727022152,5.148497574071636,2.6080426669796695,0.9887701720240796
2022-01-19,134.64215087890625,139.43477,3.8408884840978548,26.50702727022152,5.148497574071636,2.6080426669796695,0.9887701720240796
2022-01-20,132.51263427734375,138.83046,3.8408884840978548,26.50702727022152,5.148497574071636,2.6080426669796695,0.9887701720240796
2022-01-21,129.12355041503906,137.90643,3.8408884840978548,26.50702727022152,5.148497574071636,2.6080426669796695,0.9887701720240796
2022-01-24,129.40145874023438,136.5126,3.8408884840978548,26.50702727022152,5.148497574071636,2.6080426669796695,0.9887701720240796
2022-01-25,125.7920379638672,135.04634,3.8408884840978548,26.50702727022152,5.148497574071636,2.6080426669796695,0.9887701720240796
2022-01-26,128.27792358398438,133.29706,3.8408884840978548,26.50702727022152,5.148497574071636,2.6080426669796695,0.9887701720240796
2022-01-27,128.15975952148438,131.8839,3.8408884840978548,26.50702727022152,5.148497574071636,2.6080426669796695,0.9887701720240796
2022-01-28,132.29725646972656,130.825,3.8408884840978548,26.50702727022152,5.148497574071636,2.6080426669796695,0.9887701720240796
2022-01-31,134.68832397460938,130.5792,3.8408884840978548,26.50702727022152,5.148497574071636,2.6080426669796695,0.9887701720240796
2022-02-01,136.85206604003906,131.10687,3.8408884840978548,26.50702727022152,5.148497574071636,2.6080426669796695,0.9887701720240796
2022-02-02,146.93446350097656,132.25581,3.8408884840978548,26.50702727022152,5.148497574071636,2.6080426669796695,0.9887701720240796
2022-02-03,141.58856201171875,134.7865,3.8408884840978548,26.50702727022152,5.148497574071636,2.6080426669796695,0.9887701720240796
2022-02-04,141.9513397216797,137.16917,3.8408884840978548,26.50702727022152,5.148497574071636,2.6080426669796695,0.9887701720240796
2022-02-07,137.90370178222656,139.19423,3.8408884840978548,26.50702727022152,5.148497574071636,2.6080426669796695,0.9887701720240796
2022-02-08,138.17665100097656,140.28929,3.8408884840978548,26.50702727022152,5.148497574071636,2.6080426669796695,0.9887701720240796
2022-02-09,140.39999389648438,140.74756,3.8408884840978548,26.50702727022152,5.148497574071636,2.6080426669796695,0.9887701720240796
2022-02-10,137.57070922851562,141.05585,3.8408884840978548,26.50702727022152,5.148497574071636,2.6080426669796695,0.9887701720240796
2022-02-11,133.13150024414062,140.93065,3.8408884840978548,26.50702727022152,5.148497574071636,2.6080426669796695,0.9887701720240796
2022-02-14,134.29278564453125,140.06406,3.8408884840978548,26.50702727022152,5.148497574071636,2.6080426669796695,0.9887701720240796
2022-02-15,135.40988159179688,139.01567,3.8408884840978548,26.50702727022152,5.148497574071636,2.6080426669796695,0.9887701720240796
2022-02-16,136.4639892578125,138.1339,3.8408884840978548,26.50702727022152,5.148497574071636,2.6080426669796695,0.9887701720240796
2022-02-17,131.32354736328125,137.5888,3.8408884840978548,26.50702727022152,5.148497574071636,2.6080426669796695,0.9887701720240796
2022-02-18,129.4962615966797,136.70816,3.8408884840978548,26.50702727022152,5.148497574071636,2.6080426669796695,0.9887701720240796
2022-02-22,128.43919372558594,135.51823,3.8408884840978548,26.50702727022152,5.148497574071636,2.6080426669796695,0.9887701720240796
2022-02-23,126.63522338867186,134.16743,3.8408884840978548,26.50702727022152,5.148497574071636,2.6080426669796695,0.9887701720240796
2022-02-24,131.6858367919922,132.67642,3.8408884840978548,26.50702727022152,5.148497574071636,2.6080426669796695,0.9887701720240796
2022-02-25,133.51808166503906,131.87625,3.8408884840978548,26.50702727022152,5.148497574071636,2.6080426669796695,0.9887701720240796
2022-02-28,133.88685607910156,131.79178,3.8408884840978548,26.50702727022152,5.148497574071636,2.6080426669796695,0.9887701720240796
2022-03-01,133.16920471191406,132.16641,3.8408884840978548,26.50702727022152,5.148497574071636,2.6080426669796695,0.9887701720240796
2022-03-02,133.74838256835938,132.6618,3.8408884840978548,26.50702727022152,5.148497574071636,2.6080426669796695,0.9887701720240796
2022-03-03,133.30816650390625,133.21994,3.8408884840978548,26.50702727022152,5.148497574071636,2.6080426669796695,0.9887701720240796
2022-03-04,131.13844299316406,133.68622,3.8408884840978548,26.50702727022152,5.148497574071636,2.6080426669796695,0.9887701720240796
2022-03-07,125.52306365966795,133.78336,3.8408884840978548,26.50702727022152,5.148497574071636,2.6080426669796695,0.9887701720240796
2022-03-08,126.33100128173828,132.99467,3.8408884840978548,26.50702727022152,5.148497574071636,2.6080426669796695,0.9887701720240796
2022-03-09,132.8694305419922,131.88194,3.8408884840978548,26.50702727022152,5.148497574071636,2.6080426669796695,0.9887701720240796
2022-03-10,131.69427490234375,131.49489,3.8408884840978548,26.50702727022152,5.148497574071636,2.6080426669796695,0.9887701720240796
2022-03-11,129.5041961669922,131.45062,3.8408884840978548,26.50702727022152,5.148497574071636,2.6080426669796695,0.9887701720240796
2022-03-14,125.79750061035155,131.34793,3.8408884840978548,26.50702727022152,5.148497574071636,2.6080426669796695,0.9887701720240796
2022-03-15,128.69528198242188,130.77959,3.8408884840978548,26.50702727022152,5.148497574071636,2.6080426669796695,0.9887701720240796
2022-03-16,132.69525146484375,130.34401,3.8408884840978548,26.50702727022152,5.148497574071636,2.6080426669796695,0.9887701720240796
2022-03-17,133.59848022460938,130.51227,3.8408884840978548,26.50702727022152,5.148497574071636,2.6080426669796695,0.9887701720240796
2022-03-18,135.78309631347656,131.11737,3.8408884840978548,26.50702727022152,5.148497574071636,2.6080426669796695,0.9887701720240796
2022-03-21,135.46249389648438,132.15051,3.8408884840978548,26.50702727022152,5.148497574071636,2.6080426669796695,0.9887701720240796
2022-03-22,139.23321533203125,133.2598,3.8408884840978548,26.50702727022152,5.148497574071636,2.6080426669796695,0.9887701720240796
2022-03-23,137.472412109375,134.71057,3.8408884840978548,26.50702727022152,5.148497574071636,2.6080426669796695,0.9887701720240796
2022-03-24,140.26004028320312,135.97462,3.8408884840978548,26.50702727022152,5.148497574071636,2.6080426669796695,0.9887701720240796
2022-03-25,140.46798706054688,137.29811,3.8408884840978548,26.50702727022152,5.148497574071636,2.6080426669796695,0.9887701720240796
2022-03-28,140.89328002929688,138.52365,3.8408884840978548,26.50702727022152,5.148497574071636,2.6080426669796695,0.9887701720240796
2022-03-29,142.18360900878906,139.59726,3.8408884840978548,26.50702727022152,5.148497574071636,2.6080426669796695,0.9887701720240796
2022-03-30,141.58261108398438,140.60898,3.8408884840978548,26.50702727022152,5.148497574071636,2.6080426669796695,0.9887701720240796
2022-03-31,138.60989379882812,141.40085,3.8408884840978548,26.50702727022152,5.148497574071636,2.6080426669796695,0.9887701720240796
2022-04-01,139.65257263183594,141.63145,3.8408884840978548,26.50702727022152,5.148497574071636,2.6080426669796695,0.9887701720240796
2022-04-04,142.5731658935547,141.6368,3.8408884840978548,26.50702727022152,5.148497574071636,2.6080426669796695,0.9887701720240796
2022-04-05,140.01287841796875,141.86354,3.8408884840978548,26.50702727022152,5.148497574071636,2.6080426669796695,0.9887701720240796
2022-04-06,136.15481567382812,141.90678,3.8408884840978548,26.50702727022152,5.148497574071636,2.6080426669796695,0.9887701720240796
2022-04-07,135.44908142089844,141.3932,3.8408884840978548,26.50702727022152,5.148497574071636,2.6080426669796695,0.9887701720240796
2022-04-08,133.0128936767578,140.53847,3.8408884840978548,26.50702727022152,5.148497574071636,2.6080426669796695,0.9887701720240796
2022-04-11,128.83023071289062,139.31357,3.8408884840978548,26.50702727022152,5.148497574071636,2.6080426669796695,0.9887701720240796
2022-04-12,127.41883850097655,137.54031,3.8408884840978548,26.50702727022152,5.148497574071636,2.6080426669796695,0.9887701720240796
2022-04-13,129.31610107421875,135.5011,3.8408884840978548,26.50702727022152,5.148497574071636,2.6080426669796695,0.9887701720240796
2022-04-14,126.30567932128906,133.78177,3.8408884840978548,26.50702727022152,5.148497574071636,2.6080426669796695,0.9887701720240796
2022-04-18,127.0084228515625,132.1094,3.8408884840978548,26.50702727022152,5.148497574071636,2.6080426669796695,0.9887701720240796
2022-04-19,129.5592803955078,130.74268,3.8408884840978548,26.50702727022152,5.148497574071636,2.6080426669796695,0.9887701720240796
2022-04-20,127.29080200195312,130.01262,3.8408884840978548,26.50702727022152,5.148497574071636,2.6080426669796695,0.9887701720240796
2022-04-21,124.0074234008789,129.4654,3.8408884840978548,26.50702727022152,5.148497574071636,2.6080426669796695,0.9887701720240796
2022-04-22,118.72354888916014,128.68764,3.8408884840978548,26.50702727022152,5.148497574071636,2.6080426669796695,0.9887701720240796
2022-04-25,122.33248138427734,127.2335,3.8408884840978548,26.50702727022152,5.148497574071636,2.6080426669796695,0.9887701720240796
2022-04-26,118.6163558959961,125.978455,3.8408884840978548,26.50702727022152,5.148497574071636,2.6080426669796695,0.9887701720240796
2022-04-27,114.16425323486328,124.55679,3.8408884840978548,26.50702727022152,5.148497574071636,2.6080426669796695,0.9887701720240796
2022-04-28,118.52257537841795,122.67859,3.8408884840978548,26.50702727022152,5.148497574071636,2.6080426669796695,0.9887701720240796
2022-04-29,114.11065673828124,121.27316,3.8408884840978548,26.50702727022152,5.148497574071636,2.6080426669796695,0.9887701720240796
2022-05-02,116.28482818603517,119.79262,3.8408884840978548,26.50702727022152,5.148497574071636,2.6080426669796695,0.9887701720240796
2022-05-03,117.25010681152344,118.69575,3.8408884840978548,26.50702727022152,5.148497574071636,2.6080426669796695,0.9887701720240796
2022-05-04,121.66251373291016,118.06356,3.8408884840978548,26.50702727022152,5.148497574071636,2.6080426669796695,0.9887701720240796
2022-05-05,115.8773956298828,118.29137,3.8408884840978548,26.50702727022152,5.148497574071636,2.6080426669796695,0.9887701720240796
2022-05-06,114.79898834228516,118.28893,3.8408884840978548,26.50702727022152,5.148497574071636,2.6080426669796695,0.9887701720240796
2022-05-09,112.2421646118164,118.00315,3.8408884840978548,26.50702727022152,5.148497574071636,2.6080426669796695,0.9887701720240796
2022-05-10,113.73149871826172,117.27462,3.8408884840978548,26.50702727022152,5.148497574071636,2.6080426669796695,0.9887701720240796
2022-05-11,113.11264038085938,116.55223,3.8408884840978548,26.50702727022152,5.148497574071636,2.6080426669796695,0.9887701720240796
2022-05-12,112.31859588623048,115.85135,3.8408884840978548,26.50702727022152,5.148497574071636,2.6080426669796695,0.9887701720240796
2022-05-13,115.64812469482422,115.153336,3.8408884840978548,26.50702727022152,5.148497574071636,2.6080426669796695,0.9887701720240796
2022-05-16,113.93795013427734,114.93676,3.8408884840978548,26.50702727022152,5.148497574071636,2.6080426669796695,0.9887701720240796
2022-05-17,115.83274078369139,114.81986,3.8408884840978548,26.50702727022152,5.148497574071636,2.6080426669796695,0.9887701720240796
2022-05-18,111.56424713134767,114.99146,3.8408884840978548,26.50702727022152,5.148497574071636,2.6080426669796695,0.9887701720240796
2022-05-19,109.92107391357422,114.79377,3.8408884840978548,26.50702727022152,5.148497574071636,2.6080426669796695,0.9887701720240796
2022-05-20,108.49924468994142,114.20109,3.8408884840978548,26.50702727022152,5.148497574071636,2.6080426669796695,0.9887701720240796
2022-05-23,110.83522033691406,113.28149,3.8408884840978548,26.50702727022152,5.148497574071636,2.6080426669796695,0.9887701720240796
2022-05-24,105.137451171875,112.56734,3.8408884840978548,26.50702727022152,5.148497574071636,2.6080426669796695,0.9887701720240796
2022-05-25,105.05159759521484,111.38412,3.8408884840978548,26.50702727022152,5.148497574071636,2.6080426669796695,0.9887701720240796
2022-05-26,107.48979949951172,110.059525,3.8408884840978548,26.50702727022152,5.148497574071636,2.6080426669796695,0.9887701720240796
2022-05-27,111.95929718017577,109.110466,3.8408884840978548,26.50702727022152,5.148497574071636,2.6080426669796695,0.9887701720240796
2022-05-31,113.1900634765625,109.034004,3.8408884840978548,26.50702727022152,5.148497574071636,2.6080426669796695,0.9887701720240796
2022-06-01,113.28732299804689,109.61479,3.8408884840978548,26.50702727022152,5.148497574071636,2.6080426669796695,0.9887701720240796
2022-06-02,116.86946868896484,110.5002,3.8408884840978548,26.50702727022152,5.148497574071636,2.6080426669796695,0.9887701720240796
2022-06-03,113.7111358642578,111.86452,3.8408884840978548,26.50702727022152,5.148497574071636,2.6080426669796695,0.9887701720240796
2022-06-06,116.13943481445312,112.9487,3.8408884840978548,26.50702727022152,5.148497574071636,2.6080426669796695,0.9887701720240796
2022-06-07,116.35681152343751,114.01605,3.8408884840978548,26.50702727022152,5.148497574071636,2.6080426669796695,0.9887701720240796
2022-06-08,116.36524200439452,114.9685,3.8408884840978548,26.50702727022152,5.148497574071636,2.6080426669796695,0.9887701720240796
2022-06-09,114.06251525878906,115.740166,3.8408884840978548,26.50702727022152,5.148497574071636,2.6080426669796695,0.9887701720240796
2022-06-10,110.59799194335938,116.04207,3.8408884840978548,26.50702727022152,5.148497574071636,2.6080426669796695,0.9887701720240796
2022-06-13,106.08087921142578,115.62718,3.8408884840978548,26.50702727022152,5.148497574071636,2.6080426669796695,0.9887701720240796
2022-06-14,106.39601135253906,114.31748,3.8408884840978548,26.50702727022152,5.148497574071636,2.6080426669796695,0.9887701720240796
2022-06-15,109.56871795654297,112.698364,3.8408884840978548,26.50702727022152,5.148497574071636,2.6080426669796695,0.9887701720240796
2022-06-16,105.8421630859375,111.49495,3.8408884840978548,26.50702727022152,5.148497574071636,2.6080426669796695,0.9887701720240796
2022-06-17,107.06251525878906,110.24696,3.8408884840978548,26.50702727022152,5.148497574071636,2.6080426669796695,0.9887701720240796
2022-06-21,111.18112182617188,109.26999,3.8408884840978548,26.50702727022152,5.148497574071636,2.6080426669796695,0.9887701720240796
2022-06-22,111.19998168945312,109.06253,3.8408884840978548,26.50702727022152,5.148497574071636,2.6080426669796695,0.9887701720240796
2022-06-23,111.84564971923827,109.32362,3.8408884840978548,26.50702727022152,5.148497574071636,2.6080426669796695,0.9887701720240796
2022-06-24,117.65557098388672,109.886925,3.8408884840978548,26.50702727022152,5.148497574071636,2.6080426669796695,0.9887701720240796
2022-06-27,115.75431823730469,111.23794,3.8408884840978548,26.50702727022152,5.148497574071636,2.6080426669796695,0.9887701720240796
2022-06-28,111.73347473144533,112.64063,3.8408884840978548,26.50702727022152,5.148497574071636,2.6080426669796695,0.9887701720240796
2022-06-29,111.42082214355469,113.405556,3.8408884840978548,26.50702727022152,5.148497574071636,2.6080426669796695,0.9887701720240796
2022-06-30,108.55829620361328,113.663086,3.8408884840978548,26.50702727022152,5.148497574071636,2.6080426669796695,0.9887701720240796
2022-07-01,108.26896667480467,113.259674,3.8408884840978548,26.50702727022152,5.148497574071636,2.6080426669796695,0.9887701720240796
2022-07-05,113.03918457031251,112.49763,3.8408884840978548,26.50702727022152,5.148497574071636,2.6080426669796695,0.9887701720240796
2022-07-06,114.35581207275392,112.20501,3.8408884840978548,26.50702727022152,5.148497574071636,2.6080426669796695,0.9887701720240796
2022-07-07,118.41783905029295,112.39036,3.8408884840978548,26.50702727022152,5.148497574071636,2.6080426669796695,0.9887701720240796
2022-07-08,119.27392578125,113.31467,3.8408884840978548,26.50702727022152,5.148497574071636,2.6080426669796695,0.9887701720240796
2022-07-11,115.65506744384767,114.64912,3.8408884840978548,26.50702727022152,5.148497574071636,2.6080426669796695,0.9887701720240796
2022-07-12,113.99451446533205,115.61342,3.8408884840978548,26.50702727022152,5.148497574071636,2.6080426669796695,0.9887701720240796
2022-07-13,111.35183715820311,116.03716,3.8408884840978548,26.50702727022152,5.148497574071636,2.6080426669796695,0.9887701720240796
2022-07-14,110.6103973388672,115.78246,3.8408884840978548,26.50702727022152,5.148497574071636,2.6080426669796695,0.9887701720240796
2022-07-15,111.92752075195311,115.08544,3.8408884840978548,26.50702727022152,5.148497574071636,2.6080426669796695,0.9887701720240796
2022-07-18,109.09179687500001,114.38762,3.8408884840978548,26.50702727022152,5.148497574071636,2.6080426669796695,0.9887701720240796
2022-07-19,113.76673126220703,113.44909,3.8408884840978548,26.50702727022152,5.148497574071636,2.6080426669796695,0.9887701720240796
2022-07-20,113.84613037109376,113.04908,3.8408884840978548,26.50702727022152,5.148497574071636,2.6080426669796695,0.9887701720240796
2022-07-21,114.18360900878905,113.026245,3.8408884840978548,26.50702727022152,5.148497574071636,2.6080426669796695,0.9887701720240796
2022-07-22,107.55333709716795,113.26002,3.8408884840978548,26.50702727022152,5.148497574071636,2.6080426669796695,0.9887701720240796
2022-07-25,107.4044418334961,112.81398,3.8408884840978548,26.50702727022152,5.148497574071636,2.6080426669796695,0.9887701720240796
2022-07-26,104.65507507324219,112.0014,3.8408884840978548,26.50702727022152,5.148497574071636,2.6080426669796695,0.9887701720240796
2022-07-27,112.75431823730469,110.75118,3.8408884840978548,26.50702727022152,5.148497574071636,2.6080426669796695,0.9887701720240796
2022-07-28,113.73694610595703,110.37564,3.8408884840978548,26.50702727022152,5.148497574071636,2.6080426669796695,0.9887701720240796
2022-07-29,115.77169036865234,110.680504,3.8408884840978548,26.50702727022152,5.148497574071636,2.6080426669796695,0.9887701720240796
2022-08-01,114.62032318115234,111.57668,3.8408884840978548,26.50702727022152,5.148497574071636,2.6080426669796695,0.9887701720240796
2022-08-02,115.0372085571289,112.55334,3.8408884840978548,26.50702727022152,5.148497574071636,2.6080426669796695,0.9887701720240796
2022-08-03,117.89575958251952,113.49191,3.8408884840978548,26.50702727022152,5.148497574071636,2.6080426669796695,0.9887701720240796
2022-08-04,117.98509979248048,114.627365,3.8408884840978548,26.50702727022152,5.148497574071636,2.6080426669796695,0.9887701720240796
2022-08-05,117.3399429321289,115.746735,3.8408884840978548,26.50702727022152,5.148497574071636,2.6080426669796695,0.9887701720240796
2022-08-08,117.26051330566406,116.64077,3.8408884840978548,26.50702727022152,5.148497574071636,2.6080426669796695,0.9887701720240796
2022-08-09,116.62528991699219,117.2863,3.8408884840978548,26.50702727022152,5.148497574071636,2.6080426669796695,0.9887701720240796
2022-08-10,119.75184631347656,117.63846,3.8408884840978548,26.50702727022152,5.148497574071636,2.6080426669796695,0.9887701720240796
2022-08-11,118.9280242919922,118.15661,3.8408884840978548,26.50702727022152,5.148497574071636,2.6080426669796695,0.9887701720240796
2022-08-12,121.7369613647461,118.61913,3.8408884840978548,26.50702727022152,5.148497574071636,2.6080426669796695,0.9887701720240796
2022-08-15,121.9652328491211,119.32997,3.8408884840978548,26.50702727022152,5.148497574071636,2.6080426669796695,0.9887701720240796
2022-08-16,121.59799194335939,120.12921,3.8408884840978548,26.50702727022152,5.148497574071636,2.6080426669796695,0.9887701720240796
2022-08-17,119.4242935180664,120.838715,3.8408884840978548,26.50702727022152,5.148497574071636,2.6080426669796695,0.9887701720240796
2022-08-18,119.96028900146484,121.15251,3.8408884840978548,26.50702727022152,5.148497574071636,2.6080426669796695,0.9887701720240796
2022-08-19,117.24066925048828,121.26475,3.8408884840978548,26.50702727022152,5.148497574071636,2.6080426669796695,0.9887701720240796
2022-08-22,114.21337127685548,120.93227,3.8408884840978548,26.50702727022152,5.148497574071636,2.6080426669796695,0.9887701720240796
2022-08-23,113.91561126708984,120.02991,3.8408884840978548,26.50702727022152,5.148497574071636,2.6080426669796695,0.9887701720240796
2022-08-24,113.84613037109376,118.87979,3.8408884840978548,26.50702727022152,5.148497574071636,2.6080426669796695,0.9887701720240796
2022-08-25,116.82379913330078,117.72936,3.8408884840978548,26.50702727022152,5.148497574071636,2.6080426669796695,0.9887701720240796
2022-08-26,110.47144317626953,117.08172,3.8408884840978548,26.50702727022152,5.148497574071636,2.6080426669796695,0.9887701720240796
2022-08-29,109.51859283447266,116.05273,3.8408884840978548,26.50702727022152,5.148497574071636,2.6080426669796695,0.9887701720240796
2022-08-30,109.09179687500001,114.80589,3.8408884840978548,26.50702727022152,5.148497574071636,2.6080426669796695,0.9887701720240796
2022-08-31,108.33745574951172,113.533485,3.8408884840978548,26.50702727022152,5.148497574071636,2.6080426669796695,0.9887701720240796
2022-09-01,109.72704315185548,112.31262,3.8408884840978548,26.50702727022152,5.148497574071636,2.6080426669796695,0.9887701720240796
2022-09-02,107.8709487915039,111.43581,3.8408884840978548,26.50702727022152,5.148497574071636,2.6080426669796695,0.9887701720240796
2022-09-06,106.6798858642578,110.6408,3.8408884840978548,26.50702727022152,5.148497574071636,2.6080426669796695,0.9887701720240796
2022-09-07,109.65755462646484,109.83911,3.8408884840978548,26.50702727022152,5.148497574071636,2.6080426669796695,0.9887701720240796
2022-09-08,108.6054229736328,109.4811,3.8408884840978548,26.50702727022152,5.148497574071636,2.6080426669796695,0.9887701720240796
2022-09-09,110.9478759765625,109.29335,3.8408884840978548,26.50702727022152,5.148497574071636,2.6080426669796695,0.9887701720240796
2022-09-12,111.03720855712889,109.49776,3.8408884840978548,26.50702727022152,5.148497574071636,2.6080426669796695,0.9887701720240796
2022-09-13,104.52603149414062,109.90668,3.8408884840978548,26.50702727022152,5.148497574071636,2.6080426669796695,0.9887701720240796
2022-09-14,105.08187866210938,109.593376,3.8408884840978548,26.50702727022152,5.148497574071636,2.6080426669796695,0.9887701720240796
2022-09-15,103.12654113769533,108.95686,3.8408884840978548,26.50702727022152,5.148497574071636,2.6080426669796695,0.9887701720240796
2022-09-16,102.85853576660158,107.98111,3.8408884840978548,26.50702727022152,5.148497574071636,2.6080426669796695,0.9887701720240796
2022-09-19,103.076904296875,106.901024,3.8408884840978548,26.50702727022152,5.148497574071636,2.6080426669796695,0.9887701720240796
2022-09-20,101.07195281982422,105.92483,3.8408884840978548,26.50702727022152,5.148497574071636,2.6080426669796695,0.9887701720240796
2022-09-21,99.26549530029295,104.890015,3.8408884840978548,26.50702727022152,5.148497574071636,2.6080426669796695,0.9887701720240796
2022-09-22,99.8213348388672,103.72826,3.8408884840978548,26.50702727022152,5.148497574071636,2.6080426669796695,0.9887701720240796
2022-09-23,98.43173217773438,102.70012,3.8408884840978548,26.50702727022152,5.148497574071636,2.6080426669796695,0.9887701720240796
2022-09-26,98.0744171142578,101.70701,3.8408884840978548,26.50702727022152,5.148497574071636,2.6080426669796695,0.9887701720240796
2022-09-27,97.35977935791016,100.80852,3.8408884840978548,26.50702727022152,5.148497574071636,2.6080426669796695,0.9887701720240796
2022-09-28,99.9900588989258,99.98435,3.8408884840978548,26.50702727022152,5.148497574071636,2.6080426669796695,0.9887701720240796
2022-09-29,97.35977935791016,99.61742,3.8408884840978548,26.50702727022152,5.148497574071636,2.6080426669796695,0.9887701720240796
2022-09-30,95.4342269897461,99.23695,3.8408884840978548,26.50702727022152,5.148497574071636,2.6080426669796695,0.9887701720240796
2022-10-03,98.56077575683594,98.651535,3.8408884840978548,26.50702727022152,5.148497574071636,2.6080426669796695,0.9887701720240796
2022-10-04,101.64763641357422,98.391754,3.8408884840978548,26.50702727022152,5.148497574071636,2.6080426669796695,0.9887701720240796
2022-10-05,101.45904541015624,98.72519,3.8408884840978548,26.50702727022152,5.148497574071636,2.6080426669796695,0.9887701720240796
2022-10-06,101.4788818359375,99.33128,3.8408884840978548,26.50702727022152,5.148497574071636,2.6080426669796695,0.9887701720240796
2022-10-07,98.82876586914062,100.01035,3.8408884840978548,26.50702727022152,5.148497574071636,2.6080426669796695,0.9887701720240796
2022-10-10,97.97516632080077,100.31749,3.8408884840978548,26.50702727022152,5.148497574071636,2.6080426669796695,0.9887701720240796
2022-10-11,97.3200912475586,100.26274,3.8408884840978548,26.50702727022152,5.148497574071636,2.6080426669796695,0.9887701720240796
2022-10-12,97.5682373046875,99.92854,3.8408884840978548,26.50702727022152,5.148497574071636,2.6080426669796695,0.9887701720240796
2022-10-13,98.96772766113278,99.50972,3.8408884840978548,26.50702727022152,5.148497574071636,2.6080426669796695,0.9887701720240796
2022-10-14,96.45655822753906,99.26933,3.8408884840978548,26.50702727022152,5.148497574071636,2.6080426669796695,0.9887701720240796
2022-10-17,100.02975463867188,98.86172,3.8408884840978548,26.50702727022152,5.148497574071636,2.6080426669796695,0.9887701720240796
2022-10-18,100.63521575927734,98.83894,3.8408884840978548,26.50702727022152,5.148497574071636,2.6080426669796695,0.9887701720240796
2022-10-19,99.5434036254883,99.11657,3.8408884840978548,26.50702727022152,5.148497574071636,2.6080426669796695,0.9887701720240796
2022-10-20,99.7816162109375,99.39645,3.8408884840978548,26.50702727022152,5.148497574071636,2.6080426669796695,0.9887701720240796
2022-10-21,100.72455596923828,99.665276,3.8408884840978548,26.50702727022152,5.148497574071636,2.6080426669796695,0.9887701720240796
2022-10-24,102.20345306396484,100.0056,3.8408884840978548,26.50702727022152,5.148497574071636,2.6080426669796695,0.9887701720240796
2022-10-25,104.14886474609376,100.52317,3.8408884840978548,26.50702727022152,5.148497574071636,2.6080426669796695,0.9887701720240796
2022-10-26,94.11412811279295,101.313385,3.8408884840978548,26.50702727022152,5.148497574071636,2.6080426669796695,0.9887701720240796
2022-10-27,91.91064453125,100.94905,3.8408884840978548,26.50702727022152,5.148497574071636,2.6080426669796695,0.9887701720240796
2022-10-28,95.86102294921876,99.68934,3.8408884840978548,26.50702727022152,5.148497574071636,2.6080426669796695,0.9887701720240796
2022-10-31,93.95532989501952,98.55707,3.8408884840978548,26.50702727022152,5.148497574071636,2.6080426669796695,0.9887701720240796
2022-11-01,89.8262939453125,97.42618,3.8408884840978548,26.50702727022152,5.148497574071636,2.6080426669796695,0.9887701720240796
2022-11-02,86.4218215942383,95.940285,3.8408884840978548,26.50702727022152,5.148497574071636,2.6080426669796695,0.9887701720240796
2022-11-03,82.86846160888672,94.018906,3.8408884840978548,26.50702727022152,5.148497574071636,2.6080426669796695,0.9887701720240796
2022-11-04,86.05457305908202,91.65249,3.8408884840978548,26.50702727022152,5.148497574071636,2.6080426669796695,0.9887701720240796
2022-11-07,87.99005889892578,89.71374,3.8408884840978548,26.50702727022152,5.148497574071636,2.6080426669796695,0.9887701720240796
2022-11-08,88.24813842773438,88.50644,3.8408884840978548,26.50702727022152,5.148497574071636,2.6080426669796695,0.9887701720240796
2022-11-09,86.74936676025392,87.898575,3.8408884840978548,26.50702727022152,5.148497574071636,2.6080426669796695,0.9887701720240796
2022-11-10,93.46895599365236,87.513985,3.8408884840978548,26.50702727022152,5.148497574071636,2.6080426669796695,0.9887701720240796
2022-11-11,96.00991821289064,88.11078,3.8408884840978548,26.50702727022152,5.148497574071636,2.6080426669796695,0.9887701720240796
2022-11-14,95.31512451171876,89.4969,3.8408884840978548,26.50702727022152,5.148497574071636,2.6080426669796695,0.9887701720240796
2022-11-15,97.985107421875,91.059006,3.8408884840978548,26.50702727022152,5.148497574071636,2.6080426669796695,0.9887701720240796
2022-11-16,98.2530746459961,92.83257,3.8408884840978548,26.50702727022152,5.148497574071636,2.6080426669796695,0.9887701720240796
2022-11-17,97.76673126220705,94.52829,3.8408884840978548,26.50702727022152,5.148497574071636,2.6080426669796695,0.9887701720240796
2022-11-18,97.07193756103516,95.90228,3.8408884840978548,26.50702727022152,5.148497574071636,2.6080426669796695,0.9887701720240796
2022-11-21,95.11661529541016,96.83538,3.8408884840978548,26.50702727022152,5.148497574071636,2.6080426669796695,0.9887701720240796
2022-11-22,96.60545349121094,97.16701,3.8408884840978548,26.50702727022152,5.148497574071636,2.6080426669796695,0.9887701720240796
2022-11-23,98.0843505859375,97.30087,3.8408884840978548,26.50702727022152,5.148497574071636,2.6080426669796695,0.9887701720240796
2022-11-25,96.87342071533205,97.49761,3.8408884840978548,26.50702727022152,5.148497574071636,2.6080426669796695,0.9887701720240796
2022-11-28,95.53347778320311,97.57004,3.8408884840978548,26.50702727022152,5.148497574071636,2.6080426669796695,0.9887701720240796
2022-11-29,94.72952270507811,97.404,3.8408884840978548,26.50702727022152,5.148497574071636,2.6080426669796695,0.9887701720240796
2022-11-30,100.69477081298828,97.0277,3.8408884840978548,26.50702727022152,5.148497574071636,2.6080426669796695,0.9887701720240796
2022-12-01,100.52603149414062,97.3061,3.8408884840978548,26.50702727022152,5.148497574071636,2.6080426669796695,0.9887701720240796
2022-12-02,100.0793914794922,97.914604,3.8408884840978548,26.50702727022152,5.148497574071636,2.6080426669796695,0.9887701720240796
2022-12-05,99.12654113769533,98.57876,3.8408884840978548,26.50702727022152,5.148497574071636,2.6080426669796695,0.9887701720240796
2022-12-06,96.58558654785156,99.071144,3.8408884840978548,26.50702727022152,5.148497574071636,2.6080426669796695,0.9887701720240796
2022-12-07,94.44168090820312,99.09302,3.8408884840978548,26.50702727022152,5.148497574071636,2.6080426669796695,0.9887701720240796
2022-12-08,93.25060272216795,98.58219,3.8408884840978548,26.50702727022152,5.148497574071636,2.6080426669796695,0.9887701720240796
2022-12-09,92.37716674804688,97.68933,3.8408884840978548,26.50702727022152,5.148497574071636,2.6080426669796695,0.9887701720240796
2022-12-12,92.8635025024414,96.59028,3.8408884840978548,26.50702727022152,5.148497574071636,2.6080426669796695,0.9887701720240796
2022-12-13,95.13645935058594,95.57647,3.8408884840978548,26.50702727022152,5.148497574071636,2.6080426669796695,0.9887701720240796
2022-12-14,94.60047912597656,95.02044,3.8408884840978548,26.50702727022152,5.148497574071636,2.6080426669796695,0.9887701720240796
2022-12-15,90.52107238769533,94.734406,3.8408884840978548,26.50702727022152,5.148497574071636,2.6080426669796695,0.9887701720240796
2022-12-16,90.1836166381836,94.13719,3.8408884840978548,26.50702727022152,5.148497574071636,2.6080426669796695,0.9887701720240796
2022-12-19,88.48634338378905,93.38462,3.8408884840978548,26.50702727022152,5.148497574071636,2.6080426669796695,0.9887701720240796
2022-12-20,88.9627685546875,92.42828,3.8408884840978548,26.50702727022152,5.148497574071636,2.6080426669796695,0.9887701720240796
2022-12-21,89.5781478881836,91.53116,3.8408884840978548,26.50702727022152,5.148497574071636,2.6080426669796695,0.9887701720240796
2022-12-22,87.6029739379883,90.85649,3.8408884840978548,26.50702727022152,5.148497574071636,2.6080426669796695,0.9887701720240796
2022-12-23,89.14141845703125,90.15187,3.8408884840978548,26.50702727022152,5.148497574071636,2.6080426669796695,0.9887701720240796
2022-12-27,87.27542114257812,89.6999,3.8408884840978548,26.50702727022152,5.148497574071636,2.6080426669796695,0.9887701720240796
2022-12-28,85.81635284423827,89.21893,3.8408884840978548,26.50702727022152,5.148497574071636,2.6080426669796695,0.9887701720240796
2022-12-29,88.28782653808592,88.5961,3.8408884840978548,26.50702727022152,5.148497574071636,2.6080426669796695,0.9887701720240796
2022-12-30,88.06947326660156,88.26693,3.8408884840978548,26.50702727022152,5.148497574071636,2.6080426669796695,0.9887701720240796
2023-01-03,89.03224182128905,88.12078,3.8408884840978548,26.50702727022152,5.148497574071636,2.6080426669796695,0.9887701720240796
2023-01-04,88.04960632324219,88.21058,3.8408884840978548,26.50702727022152,5.148497574071636,2.6080426669796695,0.9887701720240796
2023-01-05,86.1240463256836,88.29914,3.8408884840978548,26.50702727022152,5.148497574071636,2.6080426669796695,0.9887701720240796
2023-01-06,87.50370788574219,88.13362,3.8408884840978548,26.50702727022152,5.148497574071636,2.6080426669796695,0.9887701720240796
2023-01-09,88.13895416259766,88.00693,3.8408884840978548,26.50702727022152,5.148497574071636,2.6080426669796695,0.9887701720240796
2023-01-10,88.5756607055664,87.99746,3.8408884840978548,26.50702727022152,5.148497574071636,2.6080426669796695,0.9887701720240796
2023-01-11,91.57318878173828,88.10982,3.8408884840978548,26.50702727022152,5.148497574071636,2.6080426669796695,0.9887701720240796
2023-01-12,91.22579956054688,88.64294,3.8408884840978548,26.50702727022152,5.148497574071636,2.6080426669796695,0.9887701720240796
2023-01-13,92.10916137695312,89.30698,3.8408884840978548,26.50702727022152,5.148497574071636,2.6080426669796695,0.9887701720240796
2023-01-17,91.47394561767578,90.06465,3.8408884840978548,26.50702727022152,5.148497574071636,2.6080426669796695,0.9887701720240796
2023-01-18,91.09674835205078,90.6998,3.8408884840978548,26.50702727022152,5.148497574071636,2.6080426669796695,0.9887701720240796
2023-01-19,93.21090698242188,91.13642,3.8408884840978548,26.50702727022152,5.148497574071636,2.6080426669796695,0.9887701720240796
2023-01-20,98.54092407226562,91.663185,3.8408884840978548,26.50702727022152,5.148497574071636,2.6080426669796695,0.9887701720240796
2023-01-23,100.45655059814452,92.8303,3.8408884840978548,26.50702727022152,5.148497574071636,2.6080426669796695,0.9887701720240796
2023-01-24,98.47144317626952,94.45606,3.8408884840978548,26.50702727022152,5.148497574071636,2.6080426669796695,0.9887701720240796
2023-01-25,96.00991821289064,95.89572,3.8408884840978548,26.50702727022152,5.148497574071636,2.6080426669796695,0.9887701720240796
2023-01-26,98.4218292236328,96.743034,3.8408884840978548,26.50702727022152,5.148497574071636,2.6080426669796695,0.9887701720240796
2023-01-27,99.9602737426758,97.43728,3.8408884840978548,26.50702727022152,5.148497574071636,2.6080426669796695,0.9887701720240796
2023-01-30,97.2208251953125,98.15442,3.8408884840978548,26.50702727022152,5.148497574071636,2.6080426669796695,0.9887701720240796
2023-01-31,99.12654113769533,98.47294,3.8408884840978548,26.50702727022152,5.148497574071636,2.6080426669796695,0.9887701720240796
2023-02-01,100.67493438720703,98.75784,3.8408884840978548,26.50702727022152,5.148497574071636,2.6080426669796695,0.9887701720240796
2023-02-02,107.99005126953124,99.185265,3.8408884840978548,26.50702727022152,5.148497574071636,2.6080426669796695,0.9887701720240796
2023-02-03,104.43670654296876,100.53399,3.8408884840978548,26.50702727022152,5.148497574071636,2.6080426669796695,0.9887701720240796
2023-02-06,102.69974517822266,101.82063,3.8408884840978548,26.50702727022152,5.148497574071636,2.6080426669796695,0.9887701720240796
2023-02-07,107.2357177734375,102.69298,3.8408884840978548,26.50702727022152,5.148497574071636,2.6080426669796695,0.9887701720240796
2023-02-08,99.25557708740234,103.76396,3.8408884840978548,26.50702727022152,5.148497574071636,2.6080426669796695,0.9887701720240796
2023-02-09,94.74935913085936,103.86326,3.8408884840978548,26.50702727022152,5.148497574071636,2.6080426669796695,0.9887701720240796
2023-02-10,94.15382385253906,102.84654,3.8408884840978548,26.50702727022152,5.148497574071636,2.6080426669796695,0.9887701720240796
2023-02-13,94.29278564453125,101.25051,3.8408884840978548,26.50702727022152,5.148497574071636,2.6080426669796695,0.9887701720240796
2023-02-14,94.24315643310547,99.55401,3.8408884840978548,26.50702727022152,5.148497574071636,2.6080426669796695,0.9887701720240796
2023-02-15,96.3771514892578,98.020424,3.8408884840978548,26.50702727022152,5.148497574071636,2.6080426669796695,0.9887701720240796
2023-02-16,95.06697845458984,97.0383,3.8408884840978548,26.50702727022152,5.148497574071636,2.6080426669796695,0.9887701720240796
2023-02-17,93.8858413696289,96.33909,3.8408884840978548,26.50702727022152,5.148497574071636,2.6080426669796695,0.9887701720240796
2023-02-21,91.36474609375,95.73793,3.8408884840978548,26.50702727022152,5.148497574071636,2.6080426669796695,0.9887701720240796
2023-02-22,91.11660766601562,94.952156,3.8408884840978548,26.50702727022152,5.148497574071636,2.6080426669796695,0.9887701720240796
2023-02-23,90.39205169677734,94.11914,3.8408884840978548,26.50702727022152,5.148497574071636,2.6080426669796695,0.9887701720240796
2023-02-24,88.68485260009766,93.271484,3.8408884840978548,26.50702727022152,5.148497574071636,2.6080426669796695,0.9887701720240796
2023-02-27,89.42926788330078,92.3104,3.8408884840978548,26.50702727022152,5.148497574071636,2.6080426669796695,0.9887701720240796
2023-02-28,89.62777709960938,91.490875,3.8408884840978548,26.50702727022152,5.148497574071636,2.6080426669796695,0.9887701720240796
2023-03-01,89.83621978759766,90.87793,3.8408884840978548,26.50702727022152,5.148497574071636,2.6080426669796695,0.9887701720240796
2023-03-02,91.62281036376952,90.48176,3.8408884840978548,26.50702727022152,5.148497574071636,2.6080426669796695,0.9887701720240796
2023-03-03,93.32007598876952,90.47177,3.8408884840978548,26.50702727022152,5.148497574071636,2.6080426669796695,0.9887701720240796
2023-03-06,94.86846923828124,90.886,3.8408884840978548,26.50702727022152,5.148497574071636,2.6080426669796695,0.9887701720240796
2023-03-07,93.46895599365236,91.672714,3.8408884840978548,26.50702727022152,5.148497574071636,2.6080426669796695,0.9887701720240796
2023-03-08,93.94539642333984,92.394905,3.8408884840978548,26.50702727022152,5.148497574071636,2.6080426669796695,0.9887701720240796
2023-03-09,91.97020721435548,93.037766,3.8408884840978548,26.50702727022152,5.148497574071636,2.6080426669796695,0.9887701720240796
2023-03-10,90.3324966430664,93.31089,3.8408884840978548,26.50702727022152,5.148497574071636,2.6080426669796695,0.9887701720240796
2023-03-13,90.9776611328125,93.13678,3.8408884840978548,26.50702727022152,5.148497574071636,2.6080426669796695,0.9887701720240796
2023-03-14,93.54836273193361,92.80932,3.8408884840978548,26.50702727022152,5.148497574071636,2.6080426669796695,0.9887701720240796
2023-03-15,95.8312530517578,92.75556,3.8408884840978548,26.50702727022152,5.148497574071636,2.6080426669796695,0.9887701720240796
2023-03-16,100.3176040649414,93.15086,3.8408884840978548,26.50702727022152,5.148497574071636,2.6080426669796695,0.9887701720240796
2023-03-17,101.69725036621092,94.30156,3.8408884840978548,26.50702727022152,5.148497574071636,2.6080426669796695,0.9887701720240796
2023-03-20,101.17120361328124,95.906265,3.8408884840978548,26.50702727022152,5.148497574071636,2.6080426669796695,0.9887701720240796
2023-03-21,105.05208587646483,97.496925,3.8408884840978548,26.50702727022152,5.148497574071636,2.6080426669796695,0.9887701720240796
2023-03-22,103.44416046142578,99.34209,3.8408884840978548,26.50702727022152,5.148497574071636,2.6080426669796695,0.9887701720240796
2023-03-23,105.4689712524414,100.908165,3.8408884840978548,26.50702727022152,5.148497574071636,2.6080426669796695,0.9887701720240796
2023-03-24,105.27043914794923,102.36189,3.8408884840978548,26.50702727022152,5.148497574071636,2.6080426669796695,0.9887701720240796
2023-03-27,102.29278564453124,103.552666,3.8408884840978548,26.50702727022152,5.148497574071636,2.6080426669796695,0.9887701720240796
2023-03-28,100.60545349121094,104.09247,3.8408884840978548,26.50702727022152,5.148497574071636,2.6080426669796695,0.9887701720240796
2023-03-29,101.14141845703124,103.99506,3.8408884840978548,26.50702727022152,5.148497574071636,2.6080426669796695,0.9887701720240796
2023-03-30,100.56574249267578,103.62038,3.8408884840978548,26.50702727022152,5.148497574071636,2.6080426669796695,0.9887701720240796
2023-03-31,103.2257843017578,103.079185,3.8408884840978548,26.50702727022152,5.148497574071636,2.6080426669796695,0.9887701720240796
2023-04-03,104.12901306152344,102.84199,3.8408884840978548,26.50702727022152,5.148497574071636,2.6080426669796695,0.9887701720240796
2023-04-04,104.33746337890624,102.92841,3.8408884840978548,26.50702727022152,5.148497574071636,2.6080426669796695,0.9887701720240796
2023-04-05,104.16870880126952,103.21738,3.8408884840978548,26.50702727022152,5.148497574071636,2.6080426669796695,0.9887701720240796
2023-04-06,108.08932495117186,103.563995,3.8408884840978548,26.50702727022152,5.148497574071636,2.6080426669796695,0.9887701720240796
2023-04-10,106.15382385253906,104.370094,3.8408884840978548,26.50702727022152,5.148497574071636,2.6080426669796695,0.9887701720240796
2023-04-11,105.3300094604492,105.10792,3.8408884840978548,26.50702727022152,5.148497574071636,2.6080426669796695,0.9887701720240796
2023-04-12,104.43670654296876,105.61007,3.8408884840978548,26.50702727022152,5.148497574071636,2.6080426669796695,0.9887701720240796
2023-04-13,107.38459014892578,105.805824,3.8408884840978548,26.50702727022152,5.148497574071636,2.6080426669796695,0.9887701720240796
2023-04-14,108.64514160156251,106.158646,3.8408884840978548,26.50702727022152,5.148497574071636,2.6080426669796695,0.9887701720240796
2023-04-17,105.62777709960938,106.71789,3.8408884840978548,26.50702727022152,5.148497574071636,2.6080426669796695,0.9887701720240796
2023-04-18,104.33746337890624,106.967316,3.8408884840978548,26.50702727022152,5.148497574071636,2.6080426669796695,0.9887701720240796
2023-04-19,104.23818969726562,106.85048,3.8408884840978548,26.50702727022152,5.148497574071636,2.6080426669796695,0.9887701720240796
2023-04-20,105.11164855957034,106.52832,3.8408884840978548,26.50702727022152,5.148497574071636,2.6080426669796695,0.9887701720240796
2023-04-21,105.12157440185548,106.23943,3.8408884840978548,26.50702727022152,5.148497574071636,2.6080426669796695,0.9887701720240796
2023-04-24,105.98509216308594,106.013374,3.8408884840978548,26.50702727022152,5.148497574071636,2.6080426669796695,0.9887701720240796
2023-04-25,103.8312530517578,105.95821,3.8408884840978548,26.50702727022152,5.148497574071636,2.6080426669796695,0.9887701720240796
2023-04-26,103.67244720458984,105.75029,3.8408884840978548,26.50702727022152,5.148497574071636,2.6080426669796695,0.9887701720240796
2023-04-27,107.56326293945311,105.45792,3.8408884840978548,26.50702727022152,5.148497574071636,2.6080426669796695,0.9887701720240796
2023-04-28,107.41438293457033,105.62179,3.8408884840978548,26.50702727022152,5.148497574071636,2.6080426669796695,0.9887701720240796
2023-05-01,106.9081573486328,106.01368,3.8408884840978548,26.50702727022152,5.148497574071636,2.6080426669796695,0.9887701720240796
2023-05-02,105.19105529785156,106.422935,3.8408884840978548,26.50702727022152,5.148497574071636,2.6080426669796695,0.9887701720240796
2023-05-03,105.3300094604492,106.57994,3.8408884840978548,26.50702727022152,5.148497574071636,2.6080426669796695,0.9887701720240796
2023-05-04,104.42678070068358,106.58565,3.8408884840978548,26.50702727022152,5.148497574071636,2.6080426669796695,0.9887701720240796
2023-05-05,105.42429351806642,106.39702,3.8408884840978548,26.50702727022152,5.148497574071636,2.6080426669796695,0.9887701720240796
2023-05-08,107.4342269897461,106.24228,3.8408884840978548,26.50702727022152,5.148497574071636,2.6080426669796695,0.9887701720240796
2023-05-09,107.13646697998047,106.37233,3.8408884840978548,26.50702727022152,5.148497574071636,2.6080426669796695,0.9887701720240796
2023-05-10,111.4441375732422,106.617355,3.8408884840978548,26.50702727022152,5.148497574071636,2.6080426669796695,0.9887701720240796
2023-05-11,116.02976989746095,107.41344,3.8408884840978548,26.50702727022152,5.148497574071636,2.6080426669796695,0.9887701720240796
2023-05-12,117.0421676635742,108.97854,3.8408884840978548,26.50702727022152,5.148497574071636,2.6080426669796695,0.9887701720240796
2023-05-15,116.08931732177734,110.908714,3.8408884840978548,26.50702727022152,5.148497574071636,2.6080426669796695,0.9887701720240796
2023-05-16,119.19600677490236,112.68563,3.8408884840978548,26.50702727022152,5.148497574071636,2.6080426669796695,0.9887701720240796
2023-05-17,120.57565307617186,114.51821,3.8408884840978548,26.50702727022152,5.148497574071636,2.6080426669796695,0.9887701720240796
2023-05-18,122.6004638671875,116.32369,3.8408884840978548,26.50702727022152,5.148497574071636,2.6080426669796695,0.9887701720240796
2023-05-19,122.33248138427734,118.13615,3.8408884840978548,26.50702727022152,5.148497574071636,2.6080426669796695,0.9887701720240796
2023-05-22,124.93297576904295,119.70425,3.8408884840978548,26.50702727022152,5.148497574071636,2.6080426669796695,0.9887701720240796
2023-05-23,122.37219238281251,121.2538,3.8408884840978548,26.50702727022152,5.148497574071636,2.6080426669796695,0.9887701720240796
2023-05-24,120.7344741821289,122.31022,3.8408884840978548,26.50702727022152,5.148497574071636,2.6080426669796695,0.9887701720240796
2023-05-25,123.42429351806639,122.76665,3.8408884840978548,26.50702727022152,5.148497574071636,2.6080426669796695,0.9887701720240796
2023-05-26,124.49626159667966,123.151505,3.8408884840978548,26.50702727022152,5.148497574071636,2.6080426669796695,0.9887701720240796
2023-05-30,123.71213531494139,123.59287,3.8408884840978548,26.50702727022152,5.148497574071636,2.6080426669796695,0.9887701720240796
2023-05-31,122.45159912109376,123.932655,3.8408884840978548,26.50702727022152,5.148497574071636,2.6080426669796695,0.9887701720240796
2023-06-01,123.44415283203124,124.03014,3.8408884840978548,26.50702727022152,5.148497574071636,2.6080426669796695,0.9887701720240796
2023-06-02,124.2977523803711,124.0988,3.8408884840978548,26.50702727022152,5.148497574071636,2.6080426669796695,0.9887701720240796
2023-06-05,125.68731689453124,124.25152,3.8408884840978548,26.50702727022152,5.148497574071636,2.6080426669796695,0.9887701720240796
2023-06-06,126.95779418945312,124.6045,3.8408884840978548,26.50702727022152,5.148497574071636,2.6080426669796695,0.9887701720240796
2023-06-07,122.02479553222656,125.18398,3.8408884840978548,26.50702727022152,5.148497574071636,2.6080426669796695,0.9887701720240796
2023-06-08,121.75680541992189,125.24233,3.8408884840978548,26.50702727022152,5.148497574071636,2.6080426669796695,0.9887701720240796
2023-06-09,121.9553146362305,124.956406,3.8408884840978548,26.50702727022152,5.148497574071636,2.6080426669796695,0.9887701720240796
2023-06-12,123.42429351806639,124.53531,3.8408884840978548,26.50702727022152,5.148497574071636,2.6080426669796695,0.9887701720240796
2023-06-13,123.50369262695312,124.26892,3.8408884840978548,26.50702727022152,5.148497574071636,2.6080426669796695,0.9887701720240796
2023-06-14,123.45406341552734,124.14065,3.8408884840978548,26.50702727022152,5.148497574071636,2.6080426669796695,0.9887701720240796
2023-06-15,124.85357666015624,124.10334,3.8408884840978548,26.50702727022152,5.148497574071636,2.6080426669796695,0.9887701720240796
2023-06-16,123.13645935058594,124.287346,3.8408884840978548,26.50702727022152,5.148497574071636,2.6080426669796695,0.9887701720240796
2023-06-20,122.92800903320312,124.37309,3.8408884840978548,26.50702727022152,5.148497574071636,2.6080426669796695,0.9887701720240796
2023-06-21,120.35730743408205,124.36268,3.8408884840978548,26.50702727022152,5.148497574071636,2.6080426669796695,0.9887701720240796
2023-06-22,122.94786834716795,123.99348,3.8408884840978548,26.50702727022152,5.148497574071636,2.6080426669796695,0.9887701720240796
2023-06-23,122.1042022705078,123.76738,3.8408884840978548,26.50702727022152,5.148497574071636,2.6080426669796695,0.9887701720240796
2023-06-26,118.20344543457034,123.557884,3.8408884840978548,26.50702727022152,5.148497574071636,2.6080426669796695,0.9887701720240796
2023-06-27,118.12405395507812,122.92228,3.8408884840978548,26.50702727022152,5.148497574071636,2.6080426669796695,0.9887701720240796
2023-06-28,120.17864227294922,122.10515,3.8408884840978548,26.50702727022152,5.148497574071636,2.6080426669796695,0.9887701720240796
2023-06-29,119.11660003662111,121.529594,3.8408884840978548,26.50702727022152,5.148497574071636,2.6080426669796695,0.9887701720240796
2023-06-30,120.06946563720705,121.042885,3.8408884840978548,26.50702727022152,5.148497574071636,2.6080426669796695,0.9887701720240796
2023-07-03,119.66250610351562,120.77724,3.8408884840978548,26.50702727022152,5.148497574071636,2.6080426669796695,0.9887701720240796
2023-07-05,121.71710205078124,120.62079,3.8408884840978548,26.50702727022152,5.148497574071636,2.6080426669796695,0.9887701720240796
2023-07-06,120.0297622680664,120.78483,3.8408884840978548,26.50702727022152,5.148497574071636,2.6080426669796695,0.9887701720240796
2023-07-07,119.24562072753906,120.91039,3.8408884840978548,26.50702727022152,5.148497574071636,2.6080426669796695,0.9887701720240796
2023-07-10,115.99998474121095,120.89793,3.8408884840978548,26.50702727022152,5.148497574071636,2.6080426669796695,0.9887701720240796
2023-07-11,116.83372497558594,120.41855,3.8408884840978548,26.50702727022152,5.148497574071636,2.6080426669796695,0.9887701720240796
2023-07-12,118.72951507568361,119.82417,3.8408884840978548,26.50702727022152,5.148497574071636,2.6080426669796695,0.9887701720240796
2023-07-13,123.90072631835938,119.46609,3.8408884840978548,26.50702727022152,5.148497574071636,2.6080426669796695,0.9887701720240796
2023-07-14,124.76425170898438,119.90674,3.8408884840978548,26.50702727022152,5.148497574071636,2.6080426669796695,0.9887701720240796
2023-07-17,124.12901306152344,120.85809,3.8408884840978548,26.50702727022152,5.148497574071636,2.6080426669796695,0.9887701720240796
2023-07-18,123.15631103515624,121.90218,3.8408884840978548,26.50702727022152,5.148497574071636,2.6080426669796695,0.9887701720240796
2023-07-19,121.86598205566406,122.745384,3.8408884840978548,26.50702727022152,5.148497574071636,2.6080426669796695,0.9887701720240796
2023-07-20,118.64016723632812,123.21061,3.8408884840978548,26.50702727022152,5.148497574071636,2.6080426669796695,0.9887701720240796
2023-07-21,119.41437530517578,123.0191,3.8408884840978548,26.50702727022152,5.148497574071636,2.6080426669796695,0.9887701720240796
2023-07-24,120.9726791381836,122.56661,3.8408884840978548,26.50702727022152,5.148497574071636,2.6080426669796695,0.9887701720240796
2023-07-25,121.87591552734376,122.214455,3.8408884840978548,26.50702727022152,5.148497574071636,2.6080426669796695,0.9887701720240796
2023-07-26,128.6947784423828,122.08035,3.8408884840978548,26.50702727022152,5.148497574071636,2.6080426669796695,0.9887701720240796
2023-07-27,128.90321350097656,122.90012,3.8408884840978548,26.50702727022152,5.148497574071636,2.6080426669796695,0.9887701720240796
2023-07-28,132.0198211669922,124.1976,3.8408884840978548,26.50702727022152,5.148497574071636,2.6080426669796695,0.9887701720240796
2023-07-31,132.11907958984375,125.96909,3.8408884840978548,26.50702727022152,5.148497574071636,2.6080426669796695,0.9887701720240796
2023-08-01,130.9081573486328,127.80035,3.8408884840978548,26.50702727022152,5.148497574071636,2.6080426669796695,0.9887701720240796
2023-08-02,127.68235778808592,129.29185,3.8408884840978548,26.50702727022152,5.148497574071636,2.6080426669796695,0.9887701720240796
2023-08-03,127.8114013671875,130.0239,3.8408884840978548,26.50702727022152,5.148497574071636,2.6080426669796695,0.9887701720240796
2023-08-04,127.58309936523438,130.24727,3.8408884840978548,26.50702727022152,5.148497574071636,2.6080426669796695,0.9887701720240796
2023-08-07,130.95779418945312,130.13676,3.8408884840978548,26.50702727022152,5.148497574071636,2.6080426669796695,0.9887701720240796
2023-08-08,130.85853576660156,130.25824,3.8408884840978548,26.50702727022152,5.148497574071636,2.6080426669796695,0.9887701720240796
2023-08-09,129.18112182617188,130.5027,3.8408884840978548,26.50702727022152,5.148497574071636,2.6080426669796695,0.9887701720240796
2023-08-10,129.2406768798828,130.59692,3.8408884840978548,26.50702727022152,5.148497574071636,2.6080426669796695,0.9887701720240796
2023-08-11,129.20095825195312,130.60075,3.8408884840978548,26.50702727022152,5.148497574071636,2.6080426669796695,0.9887701720240796
2023-08-14,130.84861755371094,130.55069,3.8408884840978548,26.50702727022152,5.148497574071636,2.6080426669796695,0.9887701720240796
2023-08-15,129.30023193359375,130.67271,3.8408884840978548,26.50702727022152,5.148497574071636,2.6080426669796695,0.9887701720240796
2023-08-16,128.1488494873047,130.70184,3.8408884840978548,26.50702727022152,5.148497574071636,2.6080426669796695,0.9887701720240796
2023-08-17,129.4888153076172,130.53773,3.8408884840978548,26.50702727022152,5.148497574071636,2.6080426669796695,0.9887701720240796
2023-08-18,127.15631866455078,130.43974,3.8408884840978548,26.50702727022152,5.148497574071636,2.6080426669796695,0.9887701720240796
2023-08-21,127.97020721435548,130.12196,3.8408884840978548,26.50702727022152,5.148497574071636,2.6080426669796695,0.9887701720240796
2023-08-22,128.72454833984375,129.81082,3.8408884840978548,26.50702727022152,5.148497574071636,2.6080426669796695,0.9887701720240796
2023-08-23,132.21835327148438,129.6333,3.8408884840978548,26.50702727022152,5.148497574071636,2.6080426669796695,0.9887701720240796
2023-08-24,129.4490966796875,129.9672,3.8408884840978548,26.50702727022152,5.148497574071636,2.6080426669796695,0.9887701720240796
2023-08-25,129.71710205078125,130.23195,3.8408884840978548,26.50702727022152,5.148497574071636,2.6080426669796695,0.9887701720240796
2023-08-28,130.8089141845703,130.44804,3.8408884840978548,26.50702727022152,5.148497574071636,2.6080426669796695,0.9887701720240796
2023-08-29,134.48138427734375,130.73552,3.8408884840978548,26.50702727022152,5.148497574071636,2.6080426669796695,0.9887701720240796
2023-08-30,135.91065979003906,131.46088,3.8408884840978548,26.50702727022152,5.148497574071636,2.6080426669796695,0.9887701720240796
2023-08-31,136.32752990722656,132.52063,3.8408884840978548,26.50702727022152,5.148497574071636,2.6080426669796695,0.9887701720240796
2023-09-01,135.7816162109375,133.69019,3.8408884840978548,26.50702727022152,5.148497574071636,2.6080426669796695,0.9887701720240796
2023-09-05,135.69229125976562,134.71268,3.8408884840978548,26.50702727022152,5.148497574071636,2.6080426669796695,0.9887701720240796
2023-09-06,134.3622589111328,135.51341,3.8408884840978548,26.50702727022152,5.148497574071636,2.6080426669796695,0.9887701720240796
2023-09-07,135.18606567382812,135.9361,3.8408884840978548,26.50702727022152,5.148497574071636,2.6080426669796695,0.9887701720240796
2023-09-08,136.1786346435547,136.19017,3.8408884840978548,26.50702727022152,5.148497574071636,2.6080426669796695,0.9887701720240796
2023-09-11,136.71461486816406,136.44136,3.8408884840978548,26.50702727022152,5.148497574071636,2.6080426669796695,0.9887701720240796
2023-09-12,135.05706787109375,136.73187,3.8408884840978548,26.50702727022152,5.148497574071636,2.6080426669796695,0.9887701720240796
2023-09-13,136.47640991210938,136.82231,3.8408884840978548,26.50702727022152,5.148497574071636,2.6080426669796695,0.9887701720240796
2023-09-14,137.955322265625,136.95393,3.8408884840978548,26.50702727022152,5.148497574071636,2.6080426669796695,0.9887701720240796
2023-09-15,137.27044677734375,137.27179,3.8408884840978548,26.50702727022152,5.148497574071636,2.6080426669796695,0.9887701720240796
2023-09-18,137.92555236816406,137.58313,3.8408884840978548,26.50702727022152,5.148497574071636,2.6080426669796695,0.9887701720240796
2023-09-19,137.79649353027344,137.92932,3.8408884840978548,26.50702727022152,5.148497574071636,2.6080426669796695,0.9887701720240796
2023-09-20,133.5880584716797,138.24022,3.8408884840978548,26.50702727022152,5.148497574071636,2.6080426669796695,0.9887701720240796
2023-09-21,130.3821258544922,138.0036,3.8408884840978548,26.50702727022152,5.148497574071636,2.6080426669796695,0.9887701720240796
2023-09-22,130.27293395996094,137.10321,3.8408884840978548,26.50702727022152,5.148497574071636,2.6080426669796695,0.9887701720240796
2023-09-25,131.18606567382812,135.91835,3.8408884840978548,26.50702727022152,5.148497574071636,2.6080426669796695,0.9887701720240796
2023-09-26,128.48631286621094,134.82903,3.8408884840978548,26.50702727022152,5.148497574071636,2.6080426669796695,0.9887701720240796
2023-09-27,130.4813690185547,133.61977,3.8408884840978548,26.50702727022152,5.148497574071636,2.6080426669796695,0.9887701720240796
2023-09-28,132.13894653320312,132.72069,3.8408884840978548,26.50702727022152,5.148497574071636,2.6080426669796695,0.9887701720240796
2023-09-29,130.86846923828125,132.30623,3.8408884840978548,26.50702727022152,5.148497574071636,2.6080426669796695,0.9887701720240796
2023-10-02,134.16375732421875,132.06984,3.8408884840978548,26.50702727022152,5.148497574071636,2.6080426669796695,0.9887701720240796
2023-10-03,132.30767822265625,132.34099,3.8408884840978548,26.50702727022152,5.148497574071636,2.6080426669796695,0.9887701720240796
2023-10-04,135.2555694580078,132.64876,3.8408884840978548,26.50702727022152,5.148497574071636,2.6080426669796695,0.9887701720240796
2023-10-05,134.97767639160156,133.27388,3.8408884840978548,26.50702727022152,5.148497574071636,2.6080426669796695,0.9887701720240796
2023-10-06,137.69725036621094,133.96938,3.8408884840978548,26.50702727022152,5.148497574071636,2.6080426669796695,0.9887701720240796
2023-10-09,138.4615020751953,134.93265,3.8408884840978548,26.50702727022152,5.148497574071636,2.6080426669796695,0.9887701720240796
2023-10-10,138.16375732421875,136.02106,3.8408884840978548,26.50702727022152,5.148497574071636,2.6080426669796695,0.9887701720240796
2023-10-11,140.64512634277344,137.01181,3.8408884840978548,26.50702727022152,5.148497574071636,2.6080426669796695,0.9887701720240796
2023-10-12,139.24560546875,138.11339,3.8408884840978548,26.50702727022152,5.148497574071636,2.6080426669796695,0.9887701720240796
2023-10-13,137.54835510253906,138.98595,3.8408884840978548,26.50702727022152,5.148497574071636,2.6080426669796695,0.9887701720240796
2023-10-16,139.44418334960938,139.42397,3.8408884840978548,26.50702727022152,5.148497574071636,2.6080426669796695,0.9887701720240796
2023-10-17,139.94041442871094,139.7825,3.8408884840978548,26.50702727022152,5.148497574071636,2.6080426669796695,0.9887701720240796
2023-10-18,138.24314880371094,140.12012,3.8408884840978548,26.50702727022152,5.148497574071636,2.6080426669796695,0.9887701720240796
2023-10-19,137.9453887939453,140.2154,3.8408884840978548,26.50702727022152,5.148497574071636,2.6080426669796695,0.9887701720240796
2023-10-20,135.72207641601562,140.12842,3.8408884840978548,26.50702727022152,5.148497574071636,2.6080426669796695,0.9887701720240796
2023-10-23,136.8734130859375,139.69379,3.8408884840978548,26.50702727022152,5.148497574071636,2.6080426669796695,0.9887701720240796
2023-10-24,139.07688903808594,139.24858,3.8408884840978548,26.50702727022152,5.148497574071636,2.6080426669796695,0.9887701720240796
2023-10-25,125.72702026367188,139.1157,3.8408884840978548,26.50702727022152,5.148497574071636,2.6080426669796695,0.9887701720240796
2023-10-26,122.52107238769533,137.63031,3.8408884840978548,26.50702727022152,5.148497574071636,2.6080426669796695,0.9887701720240796
2023-10-27,122.48136901855467,135.1518,3.8408884840978548,26.50702727022152,5.148497574071636,2.6080426669796695,0.9887701720240796
2023-10-30,124.8138656616211,132.39786,3.8408884840978548,26.50702727022152,5.148497574071636,2.6080426669796695,0.9887701720240796
2023-10-31,124.3672332763672,130.1053,3.8408884840978548,26.50702727022152,5.148497574071636,2.6080426669796695,0.9887701720240796
2023-11-01,126.62032318115234,128.31602,3.8408884840978548,26.50702727022152,5.148497574071636,2.6080426669796695,0.9887701720240796
2023-11-02,127.6228256225586,127.29615,3.8408884840978548,26.50702727022152,5.148497574071636,2.6080426669796695,0.9887701720240796
2023-11-03,129.39947509765625,126.95313,3.8408884840978548,26.50702727022152,5.148497574071636,2.6080426669796695,0.9887701720240796
2023-11-06,130.471435546875,127.2346,3.8408884840978548,26.50702727022152,5.148497574071636,2.6080426669796695,0.9887701720240796
2023-11-07,131.4143524169922,127.94958,3.8408884840978548,26.50702727022152,5.148497574071636,2.6080426669796695,0.9887701720240796
2023-11-08,132.26795959472656,128.91986,3.8408884840978548,26.50702727022152,5.148497574071636,2.6080426669796695,0.9887701720240796
2023-11-09,130.70965576171875,130.00436,3.8408884840978548,26.50702727022152,5.148497574071636,2.6080426669796695,0.9887701720240796
2023-11-10,133.06202697753906,130.82921,3.8408884840978548,26.50702727022152,5.148497574071636,2.6080426669796695,0.9887701720240796
2023-11-13,132.6451416015625,131.67252,3.8408884840978548,26.50702727022152,5.148497574071636,2.6080426669796695,0.9887701720240796
2023-11-14,134.42181396484375,132.377,3.8408884840978548,26.50702727022152,5.148497574071636,2.6080426669796695,0.9887701720240796
2023-11-15,135.36476135253906,133.12508,3.8408884840978548,26.50702727022152,5.148497574071636,2.6080426669796695,0.9887701720240796
2023-11-16,137.66744995117188,133.92236,3.8408884840978548,26.50702727022152,5.148497574071636,2.6080426669796695,0.9887701720240796
2023-11-17,135.92056274414062,134.92401,3.8408884840978548,26.50702727022152,5.148497574071636,2.6080426669796695,0.9887701720240796
2023-11-20,136.8932647705078,135.72171,3.8408884840978548,26.50702727022152,5.148497574071636,2.6080426669796695,0.9887701720240796
2023-11-21,137.58804321289062,136.41808,3.8408884840978548,26.50702727022152,5.148497574071636,2.6080426669796695,0.9887701720240796
2023-11-22,138.97764587402344,137.05746,3.8408884840978548,26.50702727022152,5.148497574071636,2.6080426669796695,0.9887701720240796
2023-11-24,137.19107055664062,137.75446,3.8408884840978548,26.50702727022152,5.148497574071636,2.6080426669796695,0.9887701720240796
2023-11-27,137.02230834960938,138.1983,3.8408884840978548,26.50702727022152,5.148497574071636,2.6080426669796695,0.9887701720240796
2023-11-28,137.58804321289062,138.42513,3.8408884840978548,26.50702727022152,5.148497574071636,2.6080426669796695,0.9887701720240796
2023-11-29,135.3845672607422,138.57097,3.8408884840978548,26.50702727022152,5.148497574071636,2.6080426669796695,0.9887701720240796
2023-11-30,132.9230499267578,138.40318,3.8408884840978548,26.50702727022152,5.148497574071636,2.6080426669796695,0.9887701720240796
2023-12-01,132.32752990722656,137.79126,3.8408884840978548,26.50702727022152,5.148497574071636,2.6080426669796695,0.9887701720240796
2023-12-04,129.65756225585938,136.93138,3.8408884840978548,26.50702727022152,5.148497574071636,2.6080426669796695,0.9887701720240796
2023-12-05,131.40443420410156,135.72789,3.8408884840978548,26.50702727022152,5.148497574071636,2.6080426669796695,0.9887701720240796
2023-12-06,130.45156860351562,134.67947,3.8408884840978548,26.50702727022152,5.148497574071636,2.6080426669796695,0.9887701720240796
2023-12-07,137.41934204101562,133.74377,3.8408884840978548,26.50702727022152,5.148497574071636,2.6080426669796695,0.9887701720240796
2023-12-08,135.622802734375,133.80234,3.8408884840978548,26.50702727022152,5.148497574071636,2.6080426669796695,0.9887701720240796
2023-12-11,133.697265625,134.22089,3.8408884840978548,26.50702727022152,5.148497574071636,2.6080426669796695,0.9887701720240796
2023-12-12,132.6451416015625,134.55702,3.8408884840978548,26.50702727022152,5.148497574071636,2.6080426669796695,0.9887701720240796
2023-12-13,132.97267150878906,134.6682,3.8408884840978548,26.50702727022152,5.148497574071636,2.6080426669796695,0.9887701720240796
2023-12-14,132.2084197998047,134.66779,3.8408884840978548,26.50702727022152,5.148497574071636,2.6080426669796695,0.9887701720240796
2023-12-15,132.8436279296875,134.51344,3.8408884840978548,26.50702727022152,5.148497574071636,2.6080426669796695,0.9887701720240796
2023-12-18,136.168701171875,134.36378,3.8408884840978548,26.50702727022152,5.148497574071636,2.6080426669796695,0.9887701720240796
2023-12-19,137.07196044921875,134.62656,3.8408884840978548,26.50702727022152,5.148497574071636,2.6080426669796695,0.9887701720240796
2023-12-20,138.62033081054688,135.20491,3.8408884840978548,26.50702727022152,5.148497574071636,2.6080426669796695,0.9887701720240796
2023-12-21,140.74440002441406,136.07304,3.8408884840978548,26.50702727022152,5.148497574071636,2.6080426669796695,0.9887701720240796
2023-12-22,141.6575469970703,137.2469,3.8408884840978548,26.50702727022152,5.148497574071636,2.6080426669796695,0.9887701720240796
2023-12-26,141.75680541992188,138.5577,3.8408884840978548,26.50702727022152,5.148497574071636,2.6080426669796695,0.9887701720240796
2023-12-27,140.38706970214844,139.79646,3.8408884840978548,26.50702727022152,5.148497574071636,2.6080426669796695,0.9887701720240796
2023-12-28,140.22828674316406,140.68263,3.8408884840978548,26.50702727022152,5.148497574071636,2.6080426669796695,0.9887701720240796
2023-12-29,139.88087463378906,141.24069,3.8408884840978548,26.50702727022152,5.148497574071636,2.6080426669796695,0.9887701720240796
2024-01-02,138.52108764648438,141.5083,3.8408884840978548,26.50702727022152,5.148497574071636,2.6080426669796695,0.9887701720240796
2024-01-03,139.3151092529297,141.42683,3.8408884840978548,26.50702727022152,5.148497574071636,2.6080426669796695,0.9887701720240796
2024-01-04,137.01235961914062,141.25409,3.8408884840978548,26.50702727022152,5.148497574071636,2.6080426669796695,0.9887701720240796
2024-01-05,136.3672332763672,140.7922,3.8408884840978548,26.50702727022152,5.148497574071636,2.6080426669796695,0.9887701720240796
2024-01-08,139.4838409423828,140.14871,3.8408884840978548,26.50702727022152,5.148497574071636,2.6080426669796695,0.9887701720240796
2024-01-09,141.4987335205078,139.8465,3.8408884840978548,26.50702727022152,5.148497574071636,2.6080426669796695,0.9887701720240796
2024-01-10,142.72950744628906,140.0209,3.8408884840978548,26.50702727022152,5.148497574071636,2.6080426669796695,0.9887701720240796
2024-01-11,142.60047912597656,140.5939,3.8408884840978548,26.50702727022152,5.148497574071636,2.6080426669796695,0.9887701720240796
2024-01-12,143.16622924804688,141.30818,3.8408884840978548,26.50702727022152,5.148497574071636,2.6080426669796695,0.9887701720240796
2024-01-16,143.00741577148438,142.07632,3.8408884840978548,26.50702727022152,5.148497574071636,2.6080426669796695,0.9887701720240796
2024-01-17,141.82626342773438,142.76031,3.8408884840978548,26.50702727022152,5.148497574071636,2.6080426669796695,0.9887701720240796
2024-01-18,143.91065979003906,143.17441,3.8408884840978548,26.50702727022152,5.148497574071636,2.6080426669796695,0.9887701720240796
2024-01-19,146.86843872070312,143.62466,3.8408884840978548,26.50702727022152,5.148497574071636,2.6080426669796695,0.9887701720240796
2024-01-22,146.6103973388672,144.39088,3.8408884840978548,26.50702727022152,5.148497574071636,2.6080426669796695,0.9887701720240796
2024-01-23,147.5731658935547,145.22357,3.8408884840978548,26.50702727022152,5.148497574071636,2.6080426669796695,0.9887701720240796
2024-01-24,149.2307586669922,146.1056,3.8408884840978548,26.50702727022152,5.148497574071636,2.6080426669796695,0.9887701720240796
2024-01-25,152.49624633789062,147.10292,3.8408884840978548,26.50702727022152,5.148497574071636,2.6080426669796695,0.9887701720240796
2024-01-26,152.6451416015625,148.42682,3.8408884840978548,26.50702727022152,5.148497574071636,2.6080426669796695,0.9887701720240796
2024-01-29,153.6873016357422,149.80157,3.8408884840978548,26.50702727022152,5.148497574071636,2.6080426669796695,0.9887701720240796
2024-01-30,151.91064453125,151.16072,3.8408884840978548,26.50702727022152,5.148497574071636,2.6080426669796695,0.9887701720240796
2024-01-31,140.74440002441406,152.1463,3.8408884840978548,26.50702727022152,5.148497574071636,2.6080426669796695,0.9887701720240796
2024-02-01,141.6476287841797,151.51744,3.8408884840978548,26.50702727022152,5.148497574071636,2.6080426669796695,0.9887701720240796
2024-02-02,142.47140502929688,150.13016,3.8408884840978548,26.50702727022152,5.148497574071636,2.6080426669796695,0.9887701720240796
2024-02-05,143.85108947753906,148.5862,3.8408884840978548,26.50702727022152,5.148497574071636,2.6080426669796695,0.9887701720240796
2024-02-06,144.3275146484375,147.31783,3.8408884840978548,26.50702727022152,5.148497574071636,2.6080426669796695,0.9887701720240796
2024-02-07,145.58804321289062,146.4305,3.8408884840978548,26.50702727022152,5.148497574071636,2.6080426669796695,0.9887701720240796
2024-02-08,146.12405395507812,146.01907,3.8408884840978548,26.50702727022152,5.148497574071636,2.6080426669796695,0.9887701720240796
2024-02-09,149.10169982910156,145.99101,3.8408884840978548,26.50702727022152,5.148497574071636,2.6080426669796695,0.9887701720240796
2024-02-12,147.622802734375,146.52382,3.8408884840978548,26.50702727022152,5.148497574071636,2.6080426669796695,0.9887701720240796
2024-02-13,145.28036499023438,147.13838,3.8408884840978548,26.50702727022152,5.148497574071636,2.6080426669796695,0.9887701720240796
2024-02-14,146.04466247558594,147.44325,3.8408884840978548,26.50702727022152,5.148497574071636,2.6080426669796695,0.9887701720240796
2024-02-15,142.86846923828125,147.61153,3.8408884840978548,26.50702727022152,5.148497574071636,2.6080426669796695,0.9887701720240796
2024-02-16,140.70468139648438,147.31432,3.8408884840978548,26.50702727022152,5.148497574071636,2.6080426669796695,0.9887701720240796
2024-02-20,141.1414031982422,146.5325,3.8408884840978548,26.50702727022152,5.148497574071636,2.6080426669796695,0.9887701720240796
2024-02-21,142.7692108154297,145.61772,3.8408884840978548,26.50702727022152,5.148497574071636,2.6080426669796695,0.9887701720240796
2024-02-22,144.2382049560547,144.93222,3.8408884840978548,26.50702727022152,5.148497574071636,2.6080426669796695,0.9887701720240796
2024-02-23,144.20840454101562,144.63835,3.8408884840978548,26.50702727022152,5.148497574071636,2.6080426669796695,0.9887701720240796
2024-02-26,137.71710205078125,144.60338,3.8408884840978548,26.50702727022152,5.148497574071636,2.6080426669796695,0.9887701720240796
2024-02-27,139.0570526123047,143.96451,3.8408884840978548,26.50702727022152,5.148497574071636,2.6080426669796695,0.9887701720240796
2024-02-28,136.4069366455078,143.19493,3.8408884840978548,26.50702727022152,5.148497574071636,2.6080426669796695,0.9887701720240796
2024-02-29,138.7394256591797,142.13663,3.8408884840978548,26.50702727022152,5.148497574071636,2.6080426669796695,0.9887701720240796
2024-03-01,137.05209350585938,141.30823,3.8408884840978548,26.50702727022152,5.148497574071636,2.6080426669796695,0.9887701720240796
2024-03-04,133.20098876953125,140.52065,3.8408884840978548,26.50702727022152,5.148497574071636,2.6080426669796695,0.9887701720240796
2024-03-05,132.7841033935547,139.3992,3.8408884840978548,26.50702727022152,5.148497574071636,2.6080426669796695,0.9887701720240796
2024-03-06,131.57318115234375,138.16293,3.8408884840978548,26.50702727022152,5.148497574071636,2.6080426669796695,0.9887701720240796
2024-03-07,134.2332305908203,136.86624,3.8408884840978548,26.50702727022152,5.148497574071636,2.6080426669796695,0.9887701720240796
2024-03-08,135.275390625,135.99913,3.8408884840978548,26.50702727022152,5.148497574071636,2.6080426669796695,0.9887701720240796
2024-03-11,137.90570068359375,135.60693,3.8408884840978548,26.50702727022152,5.148497574071636,2.6080426669796695,0.9887701720240796
2024-03-12,138.5806121826172,135.83688,3.8408884840978548,26.50702727022152,5.148497574071636,2.6080426669796695,0.9887701720240796
2024-03-13,139.72207641601562,136.46747,3.8408884840978548,26.50702727022152,5.148497574071636,2.6080426669796695,0.9887701720240796
2024-03-14,143.26548767089844,137.37222,3.8408884840978548,26.50702727022152,5.148497574071636,2.6080426669796695,0.9887701720240796
2024-03-15,141.11163330078125,138.72676,3.8408884840978548,26.50702727022152,5.148497574071636,2.6080426669796695,0.9887701720240796
2024-03-18,147.37466430664062,139.9191,3.8408884840978548,26.50702727022152,5.148497574071636,2.6080426669796695,0.9887701720240796
2024-03-19,146.81883239746094,141.59152,3.8408884840978548,26.50702727022152,5.148497574071636,2.6080426669796695,0.9887701720240796
2024-03-20,148.5657196044922,143.2769,3.8408884840978548,26.50702727022152,5.148497574071636,2.6080426669796695,0.9887701720240796
2024-03-21,147.63272094726562,144.965,3.8408884840978548,26.50702727022152,5.148497574071636,2.6080426669796695,0.9887701720240796
2024-03-22,150.64016723632812,146.34483,3.8408884840978548,26.50702727022152,5.148497574071636,2.6080426669796695,0.9887701720240796
2024-03-25,150.02479553222656,147.73082,3.8408884840978548,26.50702727022152,5.148497574071636,2.6080426669796695,0.9887701720240796
2024-03-26,150.5706787109375,148.89316,3.8408884840978548,26.50702727022152,5.148497574071636,2.6080426669796695,0.9887701720240796
2024-03-27,150.80889892578125,149.85706,3.8408884840978548,26.50702727022152,5.148497574071636,2.6080426669796695,0.9887701720240796
2024-03-28,151.12652587890625,150.62802,3.8408884840978548,26.50702727022152,5.148497574071636,2.6080426669796695,0.9887701720240796
2024-04-01,155.33497619628906,151.24205,3.8408884840978548,26.50702727022152,5.148497574071636,2.6080426669796695,0.9887701720240796
2024-04-02,154.70962524414062,152.1863,3.8408884840978548,26.50702727022152,5.148497574071636,2.6080426669796695,0.9887701720240796
2024-04-03,155.20591735839844,153.14964,3.8408884840978548,26.50702727022152,5.148497574071636,2.6080426669796695,0.9887701720240796
2024-04-04,150.80889892578125,154.06969,3.8408884840978548,26.50702727022152,5.148497574071636,2.6080426669796695,0.9887701720240796
2024-04-05,152.79405212402344,154.35516,3.8408884840978548,26.50702727022152,5.148497574071636,2.6080426669796695,0.9887701720240796
2024-04-08,154.97764587402344,154.46846,3.8408884840978548,26.50702727022152,5.148497574071636,2.6080426669796695,0.9887701720240796
2024-04-09,156.96275329589844,154.73206,3.8408884840978548,26.50702727022152,5.148497574071636,2.6080426669796695,0.9887701720240796
2024-04-10,156.48634338378906,155.29106,3.8408884840978548,26.50702727022152,5.148497574071636,2.6080426669796695,0.9887701720240796
2024-04-11,159.59300231933594,155.90704,3.8408884840978548,26.50702727022152,5.148497574071636,2.6080426669796695,0.9887701720240796
2024-04-12,158.0049285888672,156.8388,3.8408884840978548,26.50702727022152,5.148497574071636,2.6080426669796695,0.9887701720240796
2024-04-15,155.16622924804688,157.66443,3.8408884840978548,26.50702727022152,5.148497574071636,2.6080426669796695,0.9887701720240796
2024-04-16,154.8386993408203,158.00412,3.8408884840978548,26.50702727022152,5.148497574071636,2.6080426669796695,0.9887701720240796
2024-04-17,155.71214294433594,157.9845,3.8408884840978548,26.50702727022152,5.148497574071636,2.6080426669796695,0.9887701720240796
2024-04-18,156.28781127929688,157.86661,3.8408884840978548,26.50702727022152,5.148497574071636,2.6080426669796695,0.9887701720240796
2024-04-19,154.56077575683594,157.78224,3.8408884840978548,26.50702727022152,5.148497574071636,2.6080426669796695,0.9887701720240796
2024-04-22,156.77415466308594,157.53801,3.8408884840978548,26.50702727022152,5.148497574071636,2.6080426669796695,0.9887701720240796
2024-04-23,158.72950744628906,157.48581,3.8408884840978548,26.50702727022152,5.148497574071636,2.6080426669796695,0.9887701720240796
2024-04-24,159.9007110595703,157.78061,3.8408884840978548,26.50702727022152,5.148497574071636,2.6080426669796695,0.9887701720240796
2024-04-25,156.77415466308594,158.37752,3.8408884840978548,26.50702727022152,5.148497574071636,2.6080426669796695,0.9887701720240796
2024-04-26,172.39697265625,158.71935,3.8408884840978548,26.50702727022152,5.148497574071636,2.6080426669796695,0.9887701720240796
2024-04-29,166.6501007080078,160.6482,3.8408884840978548,26.50702727022152,5.148497574071636,2.6080426669796695,0.9887701720240796
2024-04-30,163.41436767578125,162.62326,3.8408884840978548,26.50702727022152,5.148497574071636,2.6080426669796695,0.9887701720240796
2024-05-01,164.3374481201172,164.00513,3.8408884840978548,26.50702727022152,5.148497574071636,2.6080426669796695,0.9887701720240796
2024-05-02,167.20594787597656,164.97546,3.8408884840978548,26.50702727022152,5.148497574071636,2.6080426669796695,0.9887701720240796
2024-05-03,167.7319793701172,165.92464,3.8408884840978548,26.50702727022152,5.148497574071636,2.6080426669796695,0.9887701720240796
2024-05-06,168.5657196044922,166.8227,3.8408884840978548,26.50702727022152,5.148497574071636,2.6080426669796695,0.9887701720240796
2024-05-07,171.69227600097653,167.68932,3.8408884840978548,26.50702727022152,5.148497574071636,2.6080426669796695,0.9887701720240796
2024-05-08,169.88584899902344,168.79767,3.8408884840978548,26.50702727022152,5.148497574071636,2.6080426669796695,0.9887701720240796
2024-05-09,170.30271911621094,169.72101,3.8408884840978548,26.50702727022152,5.148497574071636,2.6080426669796695,0.9887701720240796
2024-05-10,169.02230834960938,170.478,3.8408884840978548,26.50702727022152,5.148497574071636,2.6080426669796695,0.9887701720240796
2024-05-13,169.62774658203125,170.91177,3.8408884840978548,26.50702727022152,5.148497574071636,2.6080426669796695,0.9887701720240796
2024-05-14,170.65011596679688,171.18224,3.8408884840978548,26.50702727022152,5.148497574071636,2.6080426669796695,0.9887701720240796
2024-05-15,172.5855712890625,171.45195,3.8408884840978548,26.50702727022152,5.148497574071636,2.6080426669796695,0.9887701720240796
2024-05-16,174.12403869628906,171.91782,3.8408884840978548,26.50702727022152,5.148497574071636,2.6080426669796695,0.9887701720240796
2024-05-17,175.97019958496094,172.62442,3.8408884840978548,26.50702727022152,5.148497574071636,2.6080426669796695,0.9887701720240796
2024-05-20,177.13148498535156,173.59966,3.8408884840978548,26.50702727022152,5.148497574071636,2.6080426669796695,0.9887701720240796
2024-05-21,178.20346069335935,174.7486,3.8408884840978548,26.50702727022152,5.148497574071636,2.6080426669796695,0.9887701720240796
2024-05-22,176.67489624023435,175.98386,3.8408884840978548,26.50702727022152,5.148497574071636,2.6080426669796695,0.9887701720240796
2024-05-23,173.75677490234375,176.95374,3.8408884840978548,26.50702727022152,5.148497574071636,2.6080426669796695,0.9887701720240796
2024-05-24,175.017333984375,177.3297,3.8408884840978548,26.50702727022152,5.148497574071636,2.6080426669796695,0.9887701720240796
2024-05-28,176.6947784423828,177.46162,3.8408884840978548,26.50702727022152,5.148497574071636,2.6080426669796695,0.9887701720240796
2024-05-29,176.07936096191406,177.63747,3.8408884840978548,26.50702727022152,5.148497574071636,2.6080426669796695,0.9887701720240796
2024-05-30,172.26795959472653,177.76248,3.8408884840978548,26.50702727022152,5.148497574071636,2.6080426669796695,0.9887701720240796
2024-05-31,172.66497802734375,177.42355,3.8408884840978548,26.50702727022152,5.148497574071636,2.6080426669796695,0.9887701720240796
2024-06-03,173.12153625488284,176.90073,3.8408884840978548,26.50702727022152,5.148497574071636,2.6080426669796695,0.9887701720240796
2024-06-04,173.82626342773438,176.39182,3.8408884840978548,26.50702727022152,5.148497574071636,2.6080426669796695,0.9887701720240796
2024-06-05,175.75184631347656,176.0372,3.8408884840978548,26.50702727022152,5.148497574071636,2.6080426669796695,0.9887701720240796
2024-06-06,177.02230834960938,176.03418,3.8408884840978548,26.50702727022152,5.148497574071636,2.6080426669796695,0.9887701720240796
2024-06-07,174.64016723632812,176.37997,3.8408884840978548,26.50702727022152,5.148497574071636,2.6080426669796695,0.9887701720240796
2024-06-10,175.51461791992185,176.61789,3.8408884840978548,26.50702727022152,5.148497574071636,2.6080426669796695,0.9887701720240796
2024-06-11,177.0647735595703,176.85507,3.8408884840978548,26.50702727022152,5.148497574071636,2.6080426669796695,0.9887701720240796
2024-06-12,178.4261016845703,177.23616,3.8408884840978548,26.50702727022152,5.148497574071636,2.6080426669796695,0.9887701720240796
2024-06-13,175.62391662597656,177.8096,3.8408884840978548,26.50702727022152,5.148497574071636,2.6080426669796695,0.9887701720240796
2024-06-14,177.2436065673828,178.11415,3.8408884840978548,26.50702727022152,5.148497574071636,2.6080426669796695,0.9887701720240796
2024-06-17,177.65103149414062,178.40378,3.8408884840978548,26.50702727022152,5.148497574071636,2.6080426669796695,0.9887701720240796
2024-06-18,175.3357391357422,178.70009,3.8408884840978548,26.50702727022152,5.148497574071636,2.6080426669796695,0.9887701720240796
2024-06-20,176.58779907226562,178.70987,3.8408884840978548,26.50702727022152,5.148497574071636,2.6080426669796695,0.9887701720240796
2024-06-21,179.12167358398438,178.69206,3.8408884840978548,26.50702727022152,5.148497574071636,2.6080426669796695,0.9887701720240796
2024-06-24,179.64833068847656,178.94937,3.8408884840978548,26.50702727022152,5.148497574071636,2.6080426669796695,0.9887701720240796
2024-06-25,184.40809631347656,179.4013,3.8408884840978548,26.50702727022152,5.148497574071636,2.6080426669796695,0.9887701720240796
2024-06-26,184.19941711425784,180.4452,3.8408884840978548,26.50702727022152,5.148497574071636,2.6080426669796695,0.9887701720240796
2024-06-27,185.67999267578128,181.68929,3.8408884840978548,26.50702727022152,5.148497574071636,2.6080426669796695,0.9887701720240796
2024-06-28,182.26173400878903,183.06288,3.8408884840978548,26.50702727022152,5.148497574071636,2.6080426669796695,0.9887701720240796
2024-07-01,183.32498168945312,183.9682,3.8408884840978548,26.50702727022152,5.148497574071636,2.6080426669796695,0.9887701720240796
2024-07-02,185.43157958984372,184.61029,3.8408884840978548,26.50702727022152,5.148497574071636,2.6080426669796695,0.9887701720240796
2024-07-03,186.2066650390625,185.26625,3.8408884840978548,26.50702727022152,5.148497574071636,2.6080426669796695,0.9887701720240796
2024-07-05,190.74778747558597,185.95122,3.8408884840978548,26.50702727022152,5.148497574071636,2.6080426669796695,0.9887701720240796
2024-07-08,189.2771453857422,187.08513,3.8408884840978548,26.50702727022152,5.148497574071636,2.6080426669796695,0.9887701720240796
2024-07-09,189.2373962402344,188.19437,3.8408884840978548,26.50702727022152,5.148497574071636,2.6080426669796695,0.9887701720240796
2024-07-10,191.44337463378903,189.15556,3.8408884840978548,26.50702727022152,5.148497574071636,2.6080426669796695,0.9887701720240796
2024-07-11,186.1172332763672,190.1656,3.8408884840978548,26.50702727022152,5.148497574071636,2.6080426669796695,0.9887701720240796
2024-07-12,185.6005096435547,190.50633,3.8408884840978548,26.50702727022152,5.148497574071636,2.6080426669796695,0.9887701720240796
2024-07-15,187.00161743164065,190.36223,3.8408884840978548,26.50702727022152,5.148497574071636,2.6080426669796695,0.9887701720240796
2024-07-16,184.3285980224609,190.11865,3.8408884840978548,26.50702727022152,5.148497574071636,2.6080426669796695,0.9887701720240796
2024-07-17,181.4667816162109,189.56532,3.8408884840978548,26.50702727022152,5.148497574071636,2.6080426669796695,0.9887701720240796
2024-07-18,178.0882568359375,188.58652,3.8408884840978548,26.50702727022152,5.148497574071636,2.6080426669796695,0.9887701720240796
2024-07-19,178.2572021484375,187.1044,3.8408884840978548,26.50702727022152,5.148497574071636,2.6080426669796695,0.9887701720240796
2024-07-22,182.19216918945312,185.52411,3.8408884840978548,26.50702727022152,5.148497574071636,2.6080426669796695,0.9887701720240796
2024-07-23,182.44061279296875,184.51636,3.8408884840978548,26.50702727022152,5.148497574071636,2.6080426669796695,0.9887701720240796
2024-07-24,173.2688751220703,183.99554,3.8408884840978548,26.50702727022152,5.148497574071636,2.6080426669796695,0.9887701720240796
2024-07-25,168.09178161621094,182.7929,3.8408884840978548,26.50702727022152,5.148497574071636,2.6080426669796695,0.9887701720240796
2024-07-26,167.61480712890625,180.73459,3.8408884840978548,26.50702727022152,5.148497574071636,2.6080426669796695,0.9887701720240796
2024-07-29,170.0493621826172,178.35394,3.8408884840978548,26.50702727022152,5.148497574071636,2.6080426669796695,0.9887701720240796
2024-07-30,170.77473449707028,176.33931,3.8408884840978548,26.50702727022152,5.148497574071636,2.6080426669796695,0.9887701720240796
2024-07-31,172.05657958984378,174.86066,3.8408884840978548,26.50702727022152,5.148497574071636,2.6080426669796695,0.9887701720240796
2024-08-01,171.3609924316406,174.00603,3.8408884840978548,26.50702727022152,5.148497574071636,2.6080426669796695,0.9887701720240796
2024-08-02,167.33657836914062,173.52367,3.8408884840978548,26.50702727022152,5.148497574071636,2.6080426669796695,0.9887701720240796
2024-08-05,159.62559509277344,172.84242,3.8408884840978548,26.50702727022152,5.148497574071636,2.6080426669796695,0.9887701720240796
2024-08-06,159.5261993408203,171.23515,3.8408884840978548,26.50702727022152,5.148497574071636,2.6080426669796695,0.9887701720240796
2024-08-07,159.73487854003906,169.24637,3.8408884840978548,26.50702727022152,5.148497574071636,2.6080426669796695,0.9887701720240796
2024-08-08,162.80535888671872,167.29182,3.8408884840978548,26.50702727022152,5.148497574071636,2.6080426669796695,0.9887701720240796
2024-08-09,164.34559631347656,165.93657,3.8408884840978548,26.50702727022152,5.148497574071636,2.6080426669796695,0.9887701720240796
2024-08-12,162.9146728515625,165.26395,3.8408884840978548,26.50702727022152,5.148497574071636,2.6080426669796695,0.9887701720240796
2024-08-13,164.8821563720703,164.89395,3.8408884840978548,26.50702727022152,5.148497574071636,2.6080426669796695,0.9887701720240796
2024-08-14,161.00679016113284,164.94691,3.8408884840978548,26.50702727022152,5.148497574071636,2.6080426669796695,0.9887701720240796
2024-08-15,162.13961791992188,164.78438,3.8408884840978548,26.50702727022152,5.148497574071636,2.6080426669796695,0.9887701720240796
2024-08-16,163.69970703125,164.62538,3.8408884840978548,26.50702727022152,5.148497574071636,2.6080426669796695,0.9887701720240796
2024-08-19,167.33657836914062,164.65674,3.8408884840978548,26.50702727022152,5.148497574071636,2.6080426669796695,0.9887701720240796
2024-08-20,167.8930358886719,165.20338,3.8408884840978548,26.50702727022152,5.148497574071636,2.6080426669796695,0.9887701720240796
2024-08-21,166.57144165039062,166.04419,3.8408884840978548,26.50702727022152,5.148497574071636,2.6080426669796695,0.9887701720240796
2024-08-22,164.44497680664062,166.79755,3.8408884840978548,26.50702727022152,5.148497574071636,2.6080426669796695,0.9887701720240796
2024-08-23,166.37271118164062,167.16092,3.8408884840978548,26.50702727022152,5.148497574071636,2.6080426669796695,0.9887701720240796
2024-08-26,166.86952209472656,167.46817,3.8408884840978548,26.50702727022152,5.148497574071636,2.6080426669796695,0.9887701720240796
2024-08-27,165.32936096191406,167.76761,3.8408884840978548,26.50702727022152,5.148497574071636,2.6080426669796695,0.9887701720240796
2024-08-28,163.46122741699216,167.85698,3.8408884840978548,26.50702727022152,5.148497574071636,2.6080426669796695,0.9887701720240796
2024-08-29,162.36813354492188,167.60367,3.8408884840978548,26.50702727022152,5.148497574071636,2.6080426669796695,0.9887701720240796
2024-08-30,164.06736755371094,167.05962,3.8408884840978548,26.50702727022152,5.148497574071636,2.6080426669796695,0.9887701720240796
2024-09-03,157.60841369628906,166.60806,3.8408884840978548,26.50702727022152,5.148497574071636,2.6080426669796695,0.9887701720240796
2024-09-04,156.81346130371094,165.53938,3.8408884840978548,26.50702727022152,5.148497574071636,2.6080426669796695,0.9887701720240796
2024-09-05,157.59848022460938,164.14351,3.8408884840978548,26.50702727022152,5.148497574071636,2.6080426669796695,0.9887701720240796
2024-09-06,151.16932678222656,162.81595,3.8408884840978548,26.50702727022152,5.148497574071636,2.6080426669796695,0.9887701720240796
2024-09-09,148.79127502441406,160.95927,3.8408884840978548,26.50702727022152,5.148497574071636,2.6080426669796695,0.9887701720240796
2024-09-10,149.25892639160156,158.73637,3.8408884840978548,26.50702727022152,5.148497574071636,2.6080426669796695,0.9887701720240796
2024-09-11,151.38821411132812,156.61577,3.8408884840978548,26.50702727022152,5.148497574071636,2.6080426669796695,0.9887701720240796
2024-09-12,154.76124572753906,155.05217,3.8408884840978548,26.50702727022152,5.148497574071636,2.6080426669796695,0.9887701720240796
2024-09-13,157.5770721435547,154.38324,3.8408884840978548,26.50702727022152,5.148497574071636,2.6080426669796695,0.9887701720240796
2024-09-16,158.1939697265625,154.62698,3.8408884840978548,26.50702727022152,5.148497574071636,2.6080426669796695,0.9887701720240796
2024-09-17,159.47750854492188,155.4234,3.8408884840978548,26.50702727022152,5.148497574071636,2.6080426669796695,0.9887701720240796
2024-09-18,160.00486755371094,156.56857,3.8408884840978548,26.50702727022152,5.148497574071636,2.6080426669796695,0.9887701720240796
2024-09-19,162.42269897460935,157.81999,3.8408884840978548,26.50702727022152,5.148497574071636,2.6080426669796695,0.9887701720240796
2024-09-20,163.81567382812497,159.24556,3.8408884840978548,26.50702727022152,5.148497574071636,2.6080426669796695,0.9887701720240796
2024-09-23,162.2535400390625,160.75456,3.8408884840978548,26.50702727022152,5.148497574071636,2.6080426669796695,0.9887701720240796
2024-09-24,162.82069396972656,161.9511,3.8408884840978548,26.50702727022152,5.148497574071636,2.6080426669796695,0.9887701720240796
2024-09-25,162.17393493652344,162.88664,3.8408884840978548,26.50702727022152,5.148497574071636,2.6080426669796695,0.9887701720240796
2024-09-26,163.00971984863284,163.49179,3.8408884840978548,26.50702727022152,5.148497574071636,2.6080426669796695,0.9887701720240796
2024-09-27,164.46243286132812,163.93602,3.8408884840978548,26.50702727022152,5.148497574071636,2.6080426669796695,0.9887701720240796
2024-09-30,166.35292053222656,164.40984,3.8408884840978548,26.50702727022152,5.148497574071636,2.6080426669796695,0.9887701720240796
2024-10-01,167.57675170898438,165.06941,3.8408884840978548,26.50702727022152,5.148497574071636,2.6080426669796695,0.9887701720240796
2024-10-02,166.47232055664062,165.90514,3.8408884840978548,26.50702727022152,5.148497574071636,2.6080426669796695,0.9887701720240796
2024-10-03,166.37283325195312,166.62292,3.8408884840978548,26.50702727022152,5.148497574071636,2.6080426669796695,0.9887701720240796
2024-10-04,167.71603393554688,167.17671,3.8408884840978548,26.50702727022152,5.148497574071636,2.6080426669796695,0.9887701720240796
2024-10-07,163.56694030761716,167.72563,3.8408884840978548,26.50702727022152,5.148497574071636,2.6080426669796695,0.9887701720240796
2024-10-08,164.87037658691406,167.74455,3.8408884840978548,26.50702727022152,5.148497574071636,2.6080426669796695,0.9887701720240796
2024-10-09,162.24359130859375,167.60263,3.8408884840978548,26.50702727022152,5.148497574071636,2.6080426669796695,0.9887701720240796
2024-10-10,162.36297607421875,167.09717,3.8408884840978548,26.50702727022152,5.148497574071636,2.6080426669796695,0.9887701720240796
2024-10-11,163.69627380371094,166.45952,3.8408884840978548,26.50702727022152,5.148497574071636,2.6080426669796695,0.9887701720240796
2024-10-14,165.5171356201172,165.97984,3.8408884840978548,26.50702727022152,5.148497574071636,2.6080426669796695,0.9887701720240796
2024-10-15,166.06436157226565,165.86232,3.8408884840978548,26.50702727022152,5.148497574071636,2.6080426669796695,0.9887701720240796
2024-10-16,165.90518188476562,166.0339,3.8408884840978548,26.50702727022152,5.148497574071636,2.6080426669796695,0.9887701720240796
2024-10-17,163.6863250732422,166.33173,3.8408884840978548,26.50702727022152,5.148497574071636,2.6080426669796695,0.9887701720240796
2024-10-18,164.22363281250003,166.4107,3.8408884840978548,26.50702727022152,5.148497574071636,2.6080426669796695,0.9887701720240796
2024-10-21,164.96987915039062,166.40793,3.8408884840978548,26.50702727022152,5.148497574071636,2.6080426669796695,0.9887701720240796
2024-10-22,165.98477172851562,166.4431,3.8408884840978548,26.50702727022152,5.148497574071636,2.6080426669796695,0.9887701720240796
2024-10-23,163.65647888183594,166.61327,3.8408884840978548,26.50702727022152,5.148497574071636,2.6080426669796695,0.9887701720240796
2024-10-24,163.7062225341797,166.57953,3.8408884840978548,26.50702727022152,5.148497574071636,2.6080426669796695,0.9887701720240796
2024-10-25,166.15390014648438,166.43404,3.8408884840978548,26.50702727022152,5.148497574071636,2.6080426669796695,0.9887701720240796
2024-10-28,167.49717712402344,166.5196,3.8408884840978548,26.50702727022152,5.148497574071636,2.6080426669796695,0.9887701720240796
2024-10-29,170.2831268310547,166.8857,3.8408884840978548,26.50702727022152,5.148497574071636,2.6080426669796695,0.9887701720240796
2024-10-30,175.25808715820312,167.68677,3.8408884840978548,26.50702727022152,5.148497574071636,2.6080426669796695,0.9887701720240796
2024-10-31,171.8253936767578,169.20639,3.8408884840978548,26.50702727022152,5.148497574071636,2.6080426669796695,0.9887701720240796
2024-11-01,171.78558349609372,170.57335,3.8408884840978548,26.50702727022152,5.148497574071636,2.6080426669796695,0.9887701720240796
2024-11-04,169.825439453125,171.67427,3.8408884840978548,26.50702727022152,5.148497574071636,2.6080426669796695,0.9887701720240796
2024-11-05,170.5517730712891,172.26866,3.8408884840978548,26.50702727022152,5.148497574071636,2.6080426669796695,0.9887701720240796
2024-11-06,177.43714904785156,172.5841,3.8408884840978548,26.50702727022152,5.148497574071636,2.6080426669796695,0.9887701720240796
2024-11-07,181.3673553466797,173.4862,3.8408884840978548,26.50702727022152,5.148497574071636,2.6080426669796695,0.9887701720240796
2024-11-08,178.9594573974609,175.08052,3.8408884840978548,26.50702727022152,5.148497574071636,2.6080426669796695,0.9887701720240796
2024-11-11,181.05889892578122,176.6234,3.8408884840978548,26.50702727022152,5.148497574071636,2.6080426669796695,0.9887701720240796
2024-11-12,182.4021759033203,178.18402,3.8408884840978548,26.50702727022152,5.148497574071636,2.6080426669796695,0.9887701720240796
2024-11-13,179.58633422851565,179.72414,3.8408884840978548,26.50702727022152,5.148497574071636,2.6080426669796695,0.9887701720240796
2024-11-14,176.46205139160156,180.76277,3.8408884840978548,26.50702727022152,5.148497574071636,2.6080426669796695,0.9887701720240796
2024-11-15,173.0193786621094,181.04436,3.8408884840978548,26.50702727022152,5.148497574071636,2.6080426669796695,0.9887701720240796
2024-11-18,175.91481018066406,180.4779,3.8408884840978548,26.50702727022152,5.148497574071636,2.6080426669796695,0.9887701720240796
2024-11-19,178.68087768554688,179.82152,3.8408884840978548,26.50702727022152,5.148497574071636,2.6080426669796695,0.9887701720240796
2024-11-20,176.44216918945312,179.52179,3.8408884840978548,26.50702727022152,5.148497574071636,2.6080426669796695,0.9887701720240796
2024-11-21,168.3926544189453,179.23093,3.8408884840978548,26.50702727022152,5.148497574071636,2.6080426669796695,0.9887701720240796
2024-11-22,165.7360382080078,178.08078,3.8408884840978548,26.50702727022152,5.148497574071636,2.6080426669796695,0.9887701720240796
2024-11-25,168.58169555664062,176.2597,3.8408884840978548,26.50702727022152,5.148497574071636,2.6080426669796695,0.9887701720240796
2024-11-26,169.76573181152344,174.58475,3.8408884840978548,26.50702727022152,5.148497574071636,2.6080426669796695,0.9887701720240796
2024-11-27,169.96475219726562,173.33788,3.8408884840978548,26.50702727022152,5.148497574071636,2.6080426669796695,0.9887701720240796
2024-11-29,169.63641357421875,172.51305,3.8408884840978548,26.50702727022152,5.148497574071636,2.6080426669796695,0.9887701720240796
2024-12-02,172.11390686035156,171.9878,3.8408884840978548,26.50702727022152,5.148497574071636,2.6080426669796695,0.9887701720240796
2024-12-03,172.1537322998047,171.96634,3.8408884840978548,26.50702727022152,5.148497574071636,2.6080426669796695,0.9887701720240796
2024-12-04,175.20834350585938,172.23521,3.8408884840978548,26.50702727022152,5.148497574071636,2.6080426669796695,0.9887701720240796
2024-12-05,173.437255859375,172.97168,3.8408884840978548,26.50702727022152,5.148497574071636,2.6080426669796695,0.9887701720240796
2024-12-06,175.60635375976562,173.68468,3.8408884840978548,26.50702727022152,5.148497574071636,2.6080426669796695,0.9887701720240796
2024-12-09,176.41320800781253,174.53116,3.8408884840978548,26.50702727022152,5.148497574071636,2.6080426669796695,0.9887701720240796
2024-12-10,185.8066253662109,175.442,3.8408884840978548,26.50702727022152,5.148497574071636,2.6080426669796695,0.9887701720240796
2024-12-11,195.94715881347656,177.33333,3.8408884840978548,26.50702727022152,5.148497574071636,2.6080426669796695,0.9887701720240796
2024-12-12,192.8791046142578,180.70886,3.8408884840978548,26.50702727022152,5.148497574071636,2.6080426669796695,0.9887701720240796
2024-12-13,190.63783264160162,184.20145,3.8408884840978548,26.50702727022152,5.148497574071636,2.6080426669796695,0.9887701720240796
2024-12-16,197.3915557861328,187.08437,3.8408884840978548,26.50702727022152,5.148497574071636,2.6080426669796695,0.9887701720240796
2024-12-17,196.3555603027344,190.01712,3.8408884840978548,26.50702727022152,5.148497574071636,2.6080426669796695,0.9887701720240796
2024-12-18,189.41259765624997,192.53757,3.8408884840978548,26.50702727022152,5.148497574071636,2.6080426669796695,0.9887701720240796
2024-12-19,188.9643402099609,193.7744,3.8408884840978548,26.50702727022152,5.148497574071636,2.6080426669796695,0.9887701720240796
2024-12-20,192.2117156982422,194.08492,3.8408884840978548,26.50702727022152,5.148497574071636,2.6080426669796695,0.9887701720240796
2024-12-23,195.22994995117188,194.2062,3.8408884840978548,26.50702727022152,5.148497574071636,2.6080426669796695,0.9887701720240796
2024-12-24,196.8038330078125,194.57,3.8408884840978548,26.50702727022152,5.148497574071636,2.6080426669796695,0.9887701720240796
2024-12-26,196.3356475830078,195.23236,3.8408884840978548,26.50702727022152,5.148497574071636,2.6080426669796695,0.9887701720240796
2024-12-27,193.2875213623047,195.95496,3.8408884840978548,26.50702727022152,5.148497574071636,2.6080426669796695,0.9887701720240796
2024-12-30,191.94274902343747,196.30028,3.8408884840978548,26.50702727022152,5.148497574071636,2.6080426669796695,0.9887701720240796
2024-12-31,189.70147705078128,196.24069,3.8408884840978548,26.50702727022152,5.148497574071636,2.6080426669796695,0.9887701720240796
2025-01-02,189.89073181152344,195.71347,3.8408884840978548,26.50702727022152,5.148497574071636,2.6080426669796695,0.9887701720240796
2025-01-03,192.3810272216797,195.00427,3.8408884840978548,26.50702727022152,5.148497574071636,2.6080426669796695,0.9887701720240796
2025-01-06,197.19232177734372,194.55724,3.8408884840978548,26.50702727022152,5.148497574071636,2.6080426669796695,0.9887701720240796
2025-01-07,195.94715881347656,194.85593,3.8408884840978548,26.50702727022152,5.148497574071636,2.6080426669796695,0.9887701720240796
2025-01-08,194.6322784423828,195.42451,3.8408884840978548,26.50702727022152,5.148497574071636,2.6080426669796695,0.9887701720240796
2025-01-10,192.4208831787109,195.9325,3.8408884840978548,26.50702727022152,5.148497574071636,2.6080426669796695,0.9887701720240796
2025-01-13,191.54429626464844,196.09575,3.8408884840978548,26.50702727022152,5.148497574071636,2.6080426669796695,0.9887701720240796
2025-01-14,190.30911254882807,195.93878,3.8408884840978548,26.50702727022152,5.148497574071636,2.6080426669796695,0.9887701720240796
2025-01-15,196.21611022949216,195.48004,3.8408884840978548,26.50702727022152,5.148497574071636,2.6080426669796695,0.9887701720240796
2025-01-16,193.65608215332028,195.55244,3.8408884840978548,26.50702727022152,5.148497574071636,2.6080426669796695,0.9887701720240796
2025-01-17,196.78390502929688,195.6572,3.8408884840978548,26.50702727022152,5.148497574071636,2.6080426669796695,0.9887701720240796
2025-01-21,198.85585021972656,196.10881,3.8408884840978548,26.50702727022152,5.148497574071636,2.6080426669796695,0.9887701720240796
2025-01-22,199.25430297851562,196.9385,3.8408884840978548,26.50702727022152,5.148497574071636,2.6080426669796695,0.9887701720240796
2025-01-23,198.8060302734375,197.93394,3.8408884840978548,26.50702727022152,5.148497574071636,2.6080426669796695,0.9887701720240796
2025-01-24,201.11703491210935,198.85681,3.8408884840978548,26.50702727022152,5.148497574071636,2.6080426669796695,0.9887701720240796
2025-01-27,193.01856994628903,199.87991,3.8408884840978548,26.50702727022152,5.148497574071636,2.6080426669796695,0.9887701720240796
2025-01-28,196.30577087402344,199.96103,3.8408884840978548,26.50702727022152,5.148497574071636,2.6080426669796695,0.9887701720240796
2025-01-29,196.4153289794922,199.83757,3.8408884840978548,26.50702727022152,5.148497574071636,2.6080426669796695,0.9887701720240796
2025-01-30,201.8442230224609,199.63568,3.8408884840978548,26.50702727022152,5.148497574071636,2.6080426669796695,0.9887701720240796
2025-01-31,204.80270385742188,200.01682,3.8408884840978548,26.50702727022152,5.148497574071636,2.6080426669796695,0.9887701720240796
2025-02-03,201.85415649414068,201.02956,3.8408884840978548,26.50702727022152,5.148497574071636,2.6080426669796695,0.9887701720240796
2025-02-04,206.90449523925784,201.97308,3.8408884840978548,26.50702727022152,5.148497574071636,2.6080426669796695,0.9887701720240796
2025-02-05,192.5503845214844,203.30917,3.8408884840978548,26.50702727022152,5.148497574071636,2.6080426669796695,0.9887701720240796
2025-02-06,192.5603485107422,203.1594,3.8408884840978548,26.50702727022152,5.148497574071636,2.6080426669796695,0.9887701720240796
2025-02-07,186.41426086425778,202.14531,3.8408884840978548,26.50702727022152,5.148497574071636,2.6080426669796695,0.9887701720240796
2025-02-10,187.47015380859372,200.08429,3.8408884840978548,26.50702727022152,5.148497574071636,2.6080426669796695,0.9887701720240796
2025-02-11,186.3445587158203,197.77477,3.8408884840978548,26.50702727022152,5.148497574071636,2.6080426669796695,0.9887701720240796
2025-02-12,184.7108917236328,195.48242,3.8408884840978548,26.50702727022152,5.148497574071636,2.6080426669796695,0.9887701720240796
2025-02-13,187.15139770507804,193.295,3.8408884840978548,26.50702727022152,5.148497574071636,2.6080426669796695,0.9887701720240796
2025-02-14,186.1453094482422,191.691,3.8408884840978548,26.50702727022152,5.148497574071636,2.6080426669796695,0.9887701720240796
2025-02-18,185.0794830322266,190.50005,3.8408884840978548,26.50702727022152,5.148497574071636,2.6080426669796695,0.9887701720240796
2025-02-19,186.40431213378903,189.55624,3.8408884840978548,26.50702727022152,5.148497574071636,2.6080426669796695,0.9887701720240796
2025-02-20,185.91622924804688,188.99487,3.8408884840978548,26.50702727022152,5.148497574071636,2.6080426669796695,0.9887701720240796
2025-02-21,180.87583923339844,188.65312,3.8408884840978548,26.50702727022152,5.148497574071636,2.6080426669796695,0.9887701720240796
2025-02-24,180.4873504638672,187.9048,3.8408884840978548,26.50702727022152,5.148497574071636,2.6080426669796695,0.9887701720240796
2025-02-25,176.6821746826172,186.9442,3.8408884840978548,26.50702727022152,5.148497574071636,2.6080426669796695,0.9887701720240796
2025-02-26,174.02252197265625,185.54195,3.8408884840978548,26.50702727022152,5.148497574071636,2.6080426669796695,0.9887701720240796
2025-02-27,169.54994201660156,183.7416,3.8408884840978548,26.50702727022152,5.148497574071636,2.6080426669796695,0.9887701720240796
2025-02-28,171.55213928222656,181.41582,3.8408884840978548,26.50702727022152,5.148497574071636,2.6080426669796695,0.9887701720240796
2025-03-03,168.00595092773438,179.27232,3.8408884840978548,26.50702727022152,5.148497574071636,2.6080426669796695,0.9887701720240796
2025-03-04,171.94061279296875,177.091,3.8408884840978548,26.50702727022152,5.148497574071636,2.6080426669796695,0.9887701720240796
2025-03-05,174.31141662597656,175.57428,3.8408884840978548,26.50702727022152,5.148497574071636,2.6080426669796695,0.9887701720240796
2025-03-06,173.534423828125,174.88396,3.8408884840978548,26.50702727022152,5.148497574071636,2.6080426669796695,0.9887701720240796
2025-03-07,175.0684356689453,174.65427,3.8408884840978548,26.50702727022152,5.148497574071636,2.6080426669796695,0.9887701720240796
2025-03-10,167.3496551513672,174.86827,3.8408884840978548,26.50702727022152,5.148497574071636,2.6080426669796695,0.9887701720240796
2025-03-11,165.52468872070312,174.42854,3.8408884840978548,26.50702727022152,5.148497574071636,2.6080426669796695,0.9887701720240796
2025-03-12,168.5364227294922,173.4291,3.8408884840978548,26.50702727022152,5.148497574071636,2.6080426669796695,0.9887701720240796
2025-03-13,164.2781219482422,172.55159,3.8408884840978548,26.50702727022152,5.148497574071636,2.6080426669796695,0.9887701720240796
2025-03-14,167.16018676757812,171.37245,3.8408884840978548,26.50702727022152,5.148497574071636,2.6080426669796695,0.9887701720240796
2025-03-17,166.1130828857422,170.47461,3.8408884840978548,26.50702727022152,5.148497574071636,2.6080426669796695,0.9887701720240796
2025-03-18,162.22378540039062,169.72888,3.8408884840978548,26.50702727022152,5.148497574071636,2.6080426669796695,0.9887701720240796
2025-03-19,165.82388305664065,168.713,3.8408884840978548,26.50702727022152,5.148497574071636,2.6080426669796695,0.9887701720240796
2025-03-20,164.5972442626953,168.05469,3.8408884840978548,26.50702727022152,5.148497574071636,2.6080426669796695,0.9887701720240796
2025-03-21,165.7939453125,167.54176,3.8408884840978548,26.50702727022152,5.148497574071636,2.6080426669796695,0.9887701720240796
2025-03-24,169.4638671875,167.30013,3.8408884840978548,26.50702727022152,5.148497574071636,2.6080426669796695,0.9887701720240796
2025-03-25,172.31600952148435,167.65216,3.8408884840978548,26.50702727022152,5.148497574071636,2.6080426669796695,0.9887701720240796
2025-03-26,166.6815185546875,168.62338,3.8408884840978548,26.50702727022152,5.148497574071636,2.6080426669796695,0.9887701720240796
2025-03-27,163.62991333007812,169.19237,3.8408884840978548,26.50702727022152,5.148497574071636,2.6080426669796695,0.9887701720240796
2025-03-28,155.63189697265625,169.09769,3.8408884840978548,26.50702727022152,5.148497574071636,2.6080426669796695,0.9887701720240796
2025-03-31,155.8014373779297,167.71794,3.8408884840978548,26.50702727022152,5.148497574071636,2.6080426669796695,0.9887701720240796
2025-04-01,158.44418334960938,165.76877,3.8408884840978548,26.50702727022152,5.148497574071636,2.6080426669796695,0.9887701720240796
2025-04-02,158.42422485351562,164.03238,3.8408884840978548,26.50702727022152,5.148497574071636,2.6080426669796695,0.9887701720240796
2025-04-03,152.21131896972656,162.63867,3.8408884840978548,26.50702727022152,5.148497574071636,2.6080426669796695,0.9887701720240796
2025-04-04,147.33473205566406,160.90436,3.8408884840978548,26.50702727022152,5.148497574071636,2.6080426669796695,0.9887701720240796
2025-04-07,148.8306121826172,158.60814,3.8408884840978548,26.50702727022152,5.148497574071636,2.6080426669796695,0.9887701720240796
2025-04-08,146.1779327392578,156.41777,3.8408884840978548,26.50702727022152,5.148497574071636,2.6080426669796695,0.9887701720240796
2025-04-09,160.61819458007815,154.24573,3.8408884840978548,26.50702727022152,5.148497574071636,2.6080426669796695,0.9887701720240796
2025-04-10,154.9438018798828,153.99232,3.8408884840978548,26.50702727022152,5.148497574071636,2.6080426669796695,0.9887701720240796
2025-04-11,158.96275329589844,154.23598,3.8408884840978548,26.50702727022152,5.148497574071636,2.6080426669796695,0.9887701720240796
2025-04-14,161.02706909179688,155.1666,3.8408884840978548,26.50702727022152,5.148497574071636,2.6080426669796695,0.9887701720240796
2025-04-15,158.24472045898438,156.59785,3.8408884840978548,26.50702727022152,5.148497574071636,2.6080426669796695,0.9887701720240796
2025-04-16,155.07342529296875,157.80972,3.8408884840978548,26.50702727022152,5.148497574071636,2.6080426669796695,0.9887701720240796
2025-04-17,152.93931579589844,158.36906,3.8408884840978548,26.50702727022152,5.148497574071636,2.6080426669796695,0.9887701720240796
2025-04-21,149.44891357421875,158.2313,3.8408884840978548,26.50702727022152,5.148497574071636,2.6080426669796695,0.9887701720240796
2025-04-22,153.4778289794922,157.30931,3.8408884840978548,26.50702727022152,5.148497574071636,2.6080426669796695,0.9887701720240796
2025-04-23,157.28736877441406,156.50967,3.8408884840978548,26.50702727022152,5.148497574071636,2.6080426669796695,0.9887701720240796
2025-04-24,161.02706909179688,156.32968,3.8408884840978548,26.50702727022152,5.148497574071636,2.6080426669796695,0.9887701720240796
2025-04-25,163.4005584716797,156.96774,3.8408884840978548,26.50702727022152,5.148497574071636,2.6080426669796695,0.9887701720240796
2025-04-28,161.97445678710938,158.27315,3.8408884840978548,26.50702727022152,5.148497574071636,2.6080426669796695,0.9887701720240796
2025-04-29,161.6154327392578,159.63606,3.8408884840978548,26.50702727022152,5.148497574071636,2.6080426669796695,0.9887701720240796
2025-04-30,160.4486541748047,160.81483,3.8408884840978548,26.50702727022152,5.148497574071636,2.6080426669796695,0.9887701720240796
2025-05-01,162.34344482421875,161.60742,3.8408884840978548,26.50702727022152,5.148497574071636,2.6080426669796695,0.9887701720240796
2025-05-02,165.35516357421878,162.29774,3.8408884840978548,26.50702727022152,5.148497574071636,2.6080426669796695,0.9887701720240796
2025-05-05,165.59451293945315,163.19774,3.8408884840978548,26.50702727022152,5.148497574071636,2.6080426669796695,0.9887701720240796
2025-05-06,164.74684143066406,164.1492,3.8408884840978548,26.50702727022152,5.148497574071636,2.6080426669796695,0.9887701720240796
2025-05-07,152.380859375,164.92546,3.8408884840978548,26.50702727022152,5.148497574071636,2.6080426669796695,0.9887701720240796
2025-05-08,155.32276916503906,164.1078,3.8408884840978548,26.50702727022152,5.148497574071636,2.6080426669796695,0.9887701720240796
2025-05-09,153.95651245117188,162.7888,3.8408884840978548,26.50702727022152,5.148497574071636,2.6080426669796695,0.9887701720240796
2025-05-12,159.14224243164062,161.20073,3.8408884840978548,26.50702727022152,5.148497574071636,2.6080426669796695,0.9887701720240796
2025-05-13,160.4486541748047,160.25172,3.8408884840978548,26.50702727022152,5.148497574071636,2.6080426669796695,0.9887701720240796
2025-05-14,166.35241699218747,159.95166,3.8408884840978548,26.50702727022152,5.148497574071636,2.6080426669796695,0.9887701720240796
2025-05-15,164.94627380371094,160.73613,3.8408884840978548,26.50702727022152,5.148497574071636,2.6080426669796695,0.9887701720240796
2025-05-16,166.97071838378906,161.89006,3.8408884840978548,26.50702727022152,5.148497574071636,2.6080426669796695,0.9887701720240796
2025-05-19,167.40951538085938,163.33226,3.8408884840978548,26.50702727022152,5.148497574071636,2.6080426669796695,0.9887701720240796
2025-05-20,164.86651611328125,164.80783,3.8408884840978548,26.50702727022152,5.148497574071636,2.6080426669796695,0.9887701720240796
2025-05-21,169.5934906005859,165.83139,3.8408884840978548,26.50702727022152,5.148497574071636,2.6080426669796695,0.9887701720240796
2025-05-22,171.50822448730466,167.00269,3.8408884840978548,26.50702727022152,5.148497574071636,2.6080426669796695,0.9887701720240796
2025-05-23,169.12477111816403,168.34698,3.8408884840978548,26.50702727022152,5.148497574071636,2.6080426669796695,0.9887701720240796
2025-05-27,173.50274658203125,169.36966,3.8408884840978548,26.50702727022152,5.148497574071636,2.6080426669796695,0.9887701720240796
2025-05-28,172.90438842773438,170.58057,3.8408884840978548,26.50702727022152,5.148497574071636,2.6080426669796695,0.9887701720240796
2025-05-29,172.4855499267578,171.70123,3.8408884840978548,26.50702727022152,5.148497574071636,2.6080426669796695,0.9887701720240796
2025-05-30,172.3758544921875,172.5955,3.8408884840978548,26.50702727022152,5.148497574071636,2.6080426669796695,0.9887701720240796
2025-06-02,169.90264892578125,173.24702,3.8408884840978548,26.50702727022152,5.148497574071636,2.6080426669796695,0.9887701720240796
2025-06-03,167.2499542236328,173.4116,3.8408884840978548,26.50702727022152,5.148497574071636,2.6080426669796695,0.9887701720240796
2025-06-04,168.9253387451172,172.98352,3.8408884840978548,26.50702727022152,5.148497574071636,2.6080426669796695,0.9887701720240796
2025-06-05,169.3441925048828,172.45973,3.8408884840978548,26.50702727022152,5.148497574071636,2.6080426669796695,0.9887701720240796
2025-06-06,174.44017028808594,172.00497,3.8408884840978548,26.50702727022152,5.148497574071636,2.6080426669796695,0.9887701720240796
2025-06-09,177.3556671142578,172.22833,3.8408884840978548,26.50702727022152,5.148497574071636,2.6080426669796695,0.9887701720240796
2025-06-10,179.7319793701172,173.15645,3.8408884840978548,26.50702727022152,5.148497574071636,2.6080426669796695,0.9887701720240796
2025-06-11,178.51385498046875,174.6492,3.8408884840978548,26.50702727022152,5.148497574071636,2.6080426669796695,0.9887701720240796
2025-06-12,176.69668579101565,176.14915,3.8408884840978548,26.50702727022152,5.148497574071636,2.6080426669796695,0.9887701720240796
2025-06-13,175.60838317871094,177.26286,3.8408884840978548,26.50702727022152,5.148497574071636,2.6080426669796695,0.9887701720240796
2025-06-16,177.6651916503906,177.89552,3.8408884840978548,26.50702727022152,5.148497574071636,2.6080426669796695,0.9887701720240796
2025-06-17,176.95628356933594,178.40932,3.8408884840978548,26.50702727022152,5.148497574071636,2.6080426669796695,0.9887701720240796
2025-06-18,173.71130371093747,178.72731,3.8408884840978548,26.50702727022152,5.148497574071636,2.6080426669796695,0.9887701720240796
2025-06-20,167.47094726562497,178.54065,3.8408884840978548,26.50702727022152,5.148497574071636,2.6080426669796695,0.9887701720240796
2025-06-23,165.75360107421875,177.38974,3.8408884840978548,26.50702727022152,5.148497574071636,2.6080426669796695,0.9887701720240796
2025-06-24,167.48094177246094,175.62358,3.8408884840978548,26.50702727022152,5.148497574071636,2.6080426669796695,0.9887701720240796
2025-06-25,171.2251434326172,173.91316,3.8408884840978548,26.50702727022152,5.148497574071636,2.6080426669796695,0.9887701720240796
2025-06-26,174.16059875488278,172.8735,3.8408884840978548,26.50702727022152,5.148497574071636,2.6080426669796695,0.9887701720240796
2025-06-27,177.9946746826172,172.68657,3.8408884840978548,26.50702727022152,5.148497574071636,2.6080426669796695,0.9887701720240796
2025-06-30,177.11602783203125,173.44504,3.8408884840978548,26.50702727022152,5.148497574071636,2.6080426669796695,0.9887701720240796
2025-07-01,176.63677978515625,174.55234,3.8408884840978548,26.50702727022152,5.148497574071636,2.6080426669796695,0.9887701720240796
2025-07-02,179.4823760986328,175.65787,3.8408884840978548,26.50702727022152,5.148497574071636,2.6080426669796695,0.9887701720240796
2025-07-03,180.27114868164065,176.93654,3.8408884840978548,26.50702727022152,5.148497574071636,2.6080426669796695,0.9887701720240796
2025-07-07,177.2857666015625,178.24956,3.8408884840978548,26.50702727022152,5.148497574071636,2.6080426669796695,0.9887701720240796
2025-07-08,174.8894805908203,179.09233,3.8408884840978548,26.50702727022152,5.148497574071636,2.6080426669796695,0.9887701720240796
2025-07-09,177.38563537597653,179.29318,3.8408884840978548,26.50702727022152,5.148497574071636,2.6080426669796695,0.9887701720240796
2025-07-10,178.42401123046875,179.38124,3.8408884840978548,26.50702727022152,5.148497574071636,2.6080426669796695,0.9887701720240796
2025-07-11,181.0299835205078,179.52434,3.8408884840978548,26.50702727022152,5.148497574071636,2.6080426669796695,0.9887701720240796
2025-07-14,182.52764892578125,179.98495,3.8408884840978548,26.50702727022152,5.148497574071636,2.6080426669796695,0.9887701720240796
2025-07-15,182.8172149658203,180.75148,3.8408884840978548,26.50702727022152,5.148497574071636,2.6080426669796695,0.9887701720240796
2025-07-16,183.48617553710935,181.64037,3.8408884840978548,26.50702727022152,5.148497574071636,2.6080426669796695,0.9887701720240796
2025-07-17,184.4147491455078,182.56946,3.8408884840978548,26.50702727022152,5.148497574071636,2.6080426669796695,0.9887701720240796
2025-07-18,185.65283203125,183.51659,3.8408884840978548,26.50702727022152,5.148497574071636,2.6080426669796695,0.9887701720240796
2025-07-21,190.8547821044922,184.50336,3.8408884840978548,26.50702727022152,5.148497574071636,2.6080426669796695,0.9887701720240796
2025-07-22,191.81329345703125,185.97957,3.8408884840978548,26.50702727022152,5.148497574071636,2.6080426669796695,0.9887701720240796
2025-07-23,191.21421813964844,187.68166,3.8408884840978548,26.50702727022152,5.148497574071636,2.6080426669796695,0.9887701720240796
2025-07-24,192.901611328125,189.25085,3.8408884840978548,26.50702727022152,5.148497574071636,2.6080426669796695,0.9887701720240796
2025-07-25,193.7802581787109,190.7467,3.8408884840978548,26.50702727022152,5.148497574071636,2.6080426669796695,0.9887701720240796
2025-07-28,193.12127685546875,192.12975,3.8408884840978548,26.50702727022152,5.148497574071636,2.6080426669796695,0.9887701720240796
2025-07-29,196.12661743164065,193.22287,3.8408884840978548,26.50702727022152,5.148497574071636,2.6080426669796695,0.9887701720240796
2025-07-30,197.13507080078128,194.36066,3.8408884840978548,26.50702727022152,5.148497574071636,2.6080426669796695,0.9887701720240796
2025-07-31,192.5621490478516,195.51811,3.8408884840978548,26.50702727022152,5.148497574071636,2.6080426669796695,0.9887701720240796
2025-08-01,189.6566314697266,196.06209,3.8408884840978548,26.50702727022152,5.148497574071636,2.6080426669796695,0.9887701720240796
2025-08-04,195.44769287109372,195.87186,3.8408884840978548,26.50702727022152,5.148497574071636,2.6080426669796695,0.9887701720240796
2025-08-05,195.01835632324216,195.92297,3.8408884840978548,26.50702727022152,5.148497574071636,2.6080426669796695,0.9887701720240796
2025-08-06,196.61587524414065,196.0852,3.8408884840978548,26.50702727022152,5.148497574071636,2.6080426669796695,0.9887701720240796
2025-08-07,196.9753112792969,196.47884,3.8408884840978548,26.50702727022152,5.148497574071636,2.6080426669796695,0.9887701720240796
2025-08-08,201.77789306640625,197.00781,3.8408884840978548,26.50702727022152,5.148497574071636,2.6080426669796695,0.9887701720240796
2025-08-11,201.318603515625,198.08304,3.8408884840978548,26.50702727022152,5.148497574071636,2.6080426669796695,0.9887701720240796
2025-08-12,203.84469604492188,199.30649,3.8408884840978548,26.50702727022152,5.148497574071636,2.6080426669796695,0.9887701720240796
2025-08-13,202.7164306640625,200.74767,3.8408884840978548,26.50702727022152,5.148497574071636,2.6080426669796695,0.9887701720240796
2025-08-14,203.50523376464844,202.02689,3.8408884840978548,26.50702727022152,5.148497574071636,2.6080426669796695,0.9887701720240796
2025-08-15,204.59353637695312,203.14989,3.8408884840978548,26.50702727022152,5.148497574071636,2.6080426669796695,0.9887701720240796
2025-08-18,203.9744873046875,204.17693,3.8408884840978548,26.50702727022152,5.148497574071636,2.6080426669796695,0.9887701720240796
2025-08-19,202.17727661132807,204.97176,3.8408884840978548,26.50702727022152,5.148497574071636,2.6080426669796695,0.9887701720240796
2025-08-20,199.88082885742188,205.3531,3.8408884840978548,26.50702727022152,5.148497574071636,2.6080426669796695,0.9887701720240796
2025-08-21,200.31015014648443,205.20865,3.8408884840978548,26.50702727022152,5.148497574071636,2.6080426669796695,0.9887701720240796
2025-08-22,206.40074157714844,204.83095,3.8408884840978548,26.50702727022152,5.148497574071636,2.6080426669796695,0.9887701720240796
2025-08-25,208.8369598388672,205.03807,3.8408884840978548,26.50702727022152,5.148497574071636,2.6080426669796695,0.9887701720240796
2025-08-26,207.6288299560547,205.84506,3.8408884840978548,26.50702727022152,5.148497574071636,2.6080426669796695,0.9887701720240796
2025-08-27,207.8884429931641,206.78194,3.8408884840978548,26.50702727022152,5.148497574071636,2.6080426669796695,0.9887701720240796
2025-08-28,212.0419921875,207.70943,3.8408884840978548,26.50702727022152,5.148497574071636,2.6080426669796695,0.9887701720240796
2025-08-29,213.2002258300781,208.97247,3.8408884840978548,26.50702727022152,5.148497574071636,2.6080426669796695,0.9887701720240796
2025-09-02,211.66261291503903,210.41605,3.8408884840978548,26.50702727022152,5.148497574071636,2.6080426669796695,0.9887701720240796
2025-09-03,230.7430877685547,211.63457,3.8408884840978548,26.50702727022152,5.148497574071636,2.6080426669796695,0.9887701720240796
2025-09-04,232.3006744384766,214.63853,3.8408884840978548,26.50702727022152,5.148497574071636,2.6080426669796695,0.9887701720240796
2025-09-05,234.80679321289065,218.522,3.8408884840978548,26.50702727022152,5.148497574071636,2.6080426669796695,0.9887701720240796
2025-09-08,234.00732421875,222.72966,3.8408884840978548,26.50702727022152,5.148497574071636,2.6080426669796695,0.9887701720240796
2025-09-09,239.78355407714844,226.55203,3.8408884840978548,26.50702727022152,5.148497574071636,2.6080426669796695,0.9887701720240796
2025-09-10,239.4037933349609,230.3269,3.8408884840978548,26.50702727022152,5.148497574071636,2.6080426669796695,0.9887701720240796
2025-09-11,240.6230010986328,233.62451,3.8408884840978548,26.50702727022152,5.148497574071636,2.6080426669796695,0.9887701720240796
2025-09-12,241.22262573242188,236.41995,3.8408884840978548,26.50702727022152,5.148497574071636,2.6080426669796695,0.9887701720240796
2025-09-15,251.5958404541016,238.69862,3.8408884840978548,26.50702727022152,5.148497574071636,2.6080426669796695,0.9887701720240796
2025-09-16,251.25607299804688,241.53581,3.8408884840978548,26.50702727022152,5.148497574071636,2.6080426669796695,0.9887701720240796
2025-09-17,249.6871032714844,244.38501,3.8408884840978548,26.50702727022152,5.148497574071636,2.6080426669796695,0.9887701720240796
2025-09-18,252.1654815673828,246.7817,3.8408884840978548,26.50702727022152,5.148497574071636,2.6080426669796695,0.9887701720240796
2025-09-19,255.07357788085935,248.92319,3.8408884840978548,26.50702727022152,5.148497574071636,2.6080426669796695,0.9887701720240796
2025-09-22,252.71511840820312,251.00558,3.8408884840978548,26.50702727022152,5.148497574071636,2.6080426669796695,0.9887701720240796
2025-09-23,252.1754608154297,252.60782,3.8408884840978548,26.50702727022152,5.148497574071636,2.6080426669796695,0.9887701720240796
2025-09-24,247.6684112548828,253.71841,3.8408884840978548,26.50702727022152,5.148497574071636,2.6080426669796695,0.9887701720240796
2025-09-25,246.40924072265625,253.9795,3.8408884840978548,26.50702727022152,5.148497574071636,2.6080426669796695,0.9887701720240796
2025-09-26,247.01882934570312,253.60648,3.8408884840978548,26.50702727022152,5.148497574071636,2.6080426669796695,0.9887701720240796
2025-09-29,244.20066833496094,252.99333,3.8408884840978548,26.50702727022152,5.148497574071636,2.6080426669796695,0.9887701720240796
2025-09-30,243.3912048339844,252.04433,3.8408884840978548,26.50702727022152,5.148497574071636,2.6080426669796695,0.9887701720240796
2025-10-01,245.379898071289,250.93726,3.8408884840978548,26.50702727022152,5.148497574071636,2.6080426669796695,0.9887701720240796
2025-10-02,246.26931762695312,250.08073,3.8408884840978548,26.50702727022152,5.148497574071636,2.6080426669796695,0.9887701720240796
2025-10-03,246.289306640625,249.57138,3.8408884840978548,26.50702727022152,5.148497574071636,2.6080426669796695,0.9887701720240796
2025-10-06,251.34600830078125,249.32843,3.8408884840978548,26.50702727022152,5.148497574071636,2.6080426669796695,0.9887701720240796
2025-10-07,246.9688720703125,249.78941,3.8408884840978548,26.50702727022152,5.148497574071636,2.6080426669796695,0.9887701720240796
2025-10-08,245.29995727539065,250.1579,3.8408884840978548,26.50702727022152,5.148497574071636,2.6080426669796695,0.9887701720240796
2025-10-09,242.0520782470703,250.24414,3.8408884840978548,26.50702727022152,5.148497574071636,2.6080426669796695,0.9887701720240796
2025-10-10,237.3351593017578,249.81145,3.8408884840978548,26.50702727022152,5.148497574071636,2.6080426669796695,0.9887701720240796
2025-10-13,244.48048400878903,248.62997,3.8408884840978548,26.50702727022152,5.148497574071636,2.6080426669796695,0.9887701720240796
2025-10-14,246.02947998046875,247.88145,3.8408884840978548,26.50702727022152,5.148497574071636,2.6080426669796695,0.9887701720240796
2025-10-15,251.5458831787109,247.64868,3.8408884840978548,26.50702727022152,5.148497574071636,2.6080426669796695,0.9887701720240796
2025-10-16,251.7157745361328,248.32007,3.8408884840978548,26.50702727022152,5.148497574071636,2.6080426669796695,0.9887701720240796
2025-10-17,253.62451171875,249.46227,3.8408884840978548,26.50702727022152,5.148497574071636,2.6080426669796695,0.9887701720240796
2025-10-20,256.8524169921875,250.93648,3.8408884840978548,26.50702727022152,5.148497574071636,2.6080426669796695,0.9887701720240796
2025-10-21,251.17611694335938,252.76263,3.8408884840978548,26.50702727022152,5.148497574071636,2.6080426669796695,0.9887701720240796
2025-10-22,252.36534118652344,254.00127,3.8408884840978548,26.50702727022152,5.148497574071636,2.6080426669796695,0.9887701720240796
2025-10-23,253.56455993652344,254.87085,3.8408884840978548,26.50702727022152,5.148497574071636,2.6080426669796695,0.9887701720240796
2025-10-24,260.34014892578125,255.55817,3.8408884840978548,26.50702727022152,5.148497574071636,2.6080426669796695,0.9887701720240796
2025-10-27,269.7539978027344,256.7719,3.8408884840978548,26.50702727022152,5.148497574071636,2.6080426669796695,0.9887701720240796
2025-10-28,268.2549743652344,259.1425,3.8408884840978548,26.50702727022152,5.148497574071636,2.6080426669796695,0.9887701720240796
2025-10-29,274.9906005859375,261.7864,3.8408884840978548,26.50702727022152,5.148497574071636,2.6080426669796695,0.9887701720240796
2025-10-30,281.7161865234375,264.9768,3.8408884840978548,26.50702727022152,5.148497574071636,2.6080426669796695,0.9887701720240796
2025-10-31,281.6362609863281,268.81848,3.8408884840978548,26.50702727022152,5.148497574071636,2.6080426669796695,0.9887701720240796
2025-11-03,283.93475341796875,272.6149,3.8408884840978548,26.50702727022152,5.148497574071636,2.6080426669796695,0.9887701720240796
2025-11-04,277.8786926269531,276.20175,3.8408884840978548,26.50702727022152,5.148497574071636,2.6080426669796695,0.9887701720240796
2025-11-05,284.5643310546875,278.68173,3.8408884840978548,26.50702727022152,5.148497574071636,2.6080426669796695,0.9887701720240796
2025-11-06,285.1539611816406,280.92728,3.8408884840978548,26.50702727022152,5.148497574071636,2.6080426669796695,0.9887701720240796
2025-11-07,279.51763916015625,282.88943,3.8408884840978548,26.50702727022152,5.148497574071636,2.6080426669796695,0.9887701720240796
2025-11-10,290.4005126953125,283.9461,3.8408884840978548,26.50702727022152,5.148497574071636,2.6080426669796695,0.9887701720240796
2025-11-11,291.5497741699219,285.46472,3.8408884840978548,26.50702727022152,5.148497574071636,2.6080426669796695,0.9887701720240796
2025-11-12,287.2425842285156,287.24796,3.8408884840978548,26.50702727022152,5.148497574071636,2.6080426669796695,0.9887701720240796
2025-11-13,278.9380187988281,288.59286,3.8408884840978548,26.50702727022152,5.148497574071636,2.6080426669796695,0.9887701720240796
2025-11-14,276.7994079589844,288.72632,3.8408884840978548,26.50702727022152,5.148497574071636,2.6080426669796695,0.9887701720240796
2025-11-17,285.4137878417969,287.9313,3.8408884840978548,26.50702727022152,5.148497574071636,2.6080426669796695,0.9887701720240796
2025-11-18,284.7742004394531,287.55573,3.8408884840978548,26.50702727022152,5.148497574071636,2.6080426669796695,0.9887701720240796
2025-11-19,292.7989501953125,287.44455,3.8408884840978548,26.50702727022152,5.148497574071636,2.6080426669796695,0.9887701720240796
2025-11-20,289.7909545898437,288.3141,3.8408884840978548,26.50702727022152,5.148497574071636,2.6080426669796695,0.9887701720240796
2025-11-21,299.4546203613281,289.38345,3.8408884840978548,26.50702727022152,5.148497574071636,2.6080426669796695,0.9887701720240796
2025-11-24,318.2623596191406,291.40253,3.8408884840978548,26.50702727022152,5.148497574071636,2.6080426669796695,0.9887701720240796
2025-11-25,323.4289855957031,295.61145,3.8408884840978548,26.50702727022152,5.148497574071636,2.6080426669796695,0.9887701720240796
2025-11-26,320.0711669921875,301.15182,3.8408884840978548,26.50702727022152,5.148497574071636,2.6080426669796695,0.9887701720240796
2025-11-28,319.9112854003906,306.52753,3.8408884840978548,26.50702727022152,5.148497574071636,2.6080426669796695,0.9887701720240796
2025-12-01,314.9145202636719,311.19565,3.8408884840978548,26.50702727022152,5.148497574071636,2.6080426669796695,0.9887701720240796
2025-12-02,315.8139343261719,314.47833,3.8408884840978548,26.50702727022152,5.148497574071636,2.6080426669796695,0.9887701720240796
2025-12-03,320.41094970703125,316.70917,3.8408884840978548,26.50702727022152,5.148497574071636,2.6080426669796695,0.9887701720240796
2025-12-04,318.18243408203125,318.5709,3.8408884840978548,26.50702727022152,5.148497574071636,2.6080426669796695,0.9887701720240796
2025-12-05,321.8799743652344,319.86246,3.8408884840978548,26.50702727022152,5.148497574071636,2.6080426669796695,0.9887701720240796
2025-12-08,314.45001220703125,321.0791,3.8408884840978548,26.50702727022152,5.148497574071636,2.6080426669796695,0.9887701720240796
2025-12-09,317.75,321.46106,3.8408884840978548,26.50702727022152,5.148497574071636,2.6080426669796695,0.9887701720240796
2025-12-10,321.00000000000006,321.6519,3.8408884840978548,26.50702727022152,5.148497574071636,2.6080426669796695,0.9887701720240796
2025-12-11,313.70001220703125,322.0561,3.8408884840978548,26.50702727022152,5.148497574071636,2.6080426669796695,0.9887701720240796
2025-12-12,310.5199890136719,321.88083,3.8408884840978548,26.50702727022152,5.148497574071636,2.6080426669796695,0.9887701720240796
2025-12-15,309.32000732421875,321.09012,3.8408884840978548,26.50702727022152,5.148497574071636,2.6080426669796695,0.9887701720240796
2025-12-16,307.7300109863281,319.91843,3.8408884840978548,26.50702727022152,5.148497574071636,2.6080426669796695,0.9887701720240796
2025-12-17,298.0599975585937,318.51013,3.8408884840978548,26.50702727022152,5.148497574071636,2.6080426669796695,0.9887701720240796
2025-12-18,303.75,316.19617,3.8408884840978548,26.50702727022152,5.148497574071636,2.6080426669796695,0.9887701720240796
2025-12-19,308.6099853515625,314.1352,3.8408884840978548,26.50702727022152,5.148497574071636,2.6080426669796695,0.9887701720240796
2025-12-22,311.3299865722656,312.92688,3.8408884840978548,26.50702727022152,5.148497574071636,2.6080426669796695,0.9887701720240796
2025-12-23,315.67999267578125,312.62064,3.8408884840978548,26.50702727022152,5.148497574071636,2.6080426669796695,0.9887701720240796
2025-12-24,315.6700134277344,313.2887,3.8408884840978548,26.50702727022152,5.148497574071636,2.6080426669796695,0.9887701720240796
2025-12-26,314.9599914550781,314.44202,3.8408884840978548,26.50702727022152,5.148497574071636,2.6080426669796695,0.9887701720240796
2025-12-29,314.3900146484375,315.6661,3.8408884840978548,26.50702727022152,5.148497574071636,2.6080426669796695,0.9887701720240796
2025-12-30,314.54998779296875,316.72668,3.8408884840978548,26.50702727022152,5.148497574071636,2.6080426669796695,0.9887701720240796
