Date,Actual,Predicted,MAE,MSE,RMSE,MAPE,R2
2022-01-04,143.3414306640625,146.5575,3.8130170335362434,26.187878198708106,5.1174093249131545,2.5965801678930336,0.989613833500431
2022-01-05,136.6287841796875,146.24474,3.8130170335362434,26.187878198708106,5.1174093249131545,2.5965801678930336,0.989613833500431
2022-01-06,136.5270233154297,145.05975,3.8130170335362434,26.187878198708106,5.1174093249131545,2.5965801678930336,0.989613833500431
2022-01-07,135.98458862304688,143.57016,3.8130170335362434,26.187878198708106,5.1174093249131545,2.5965801678930336,0.989613833500431
2022-01-10,137.54241943359375,142.04495,3.8130170335362434,26.187878198708106,5.1174093249131545,2.5965801678930336,0.989613833500431
2022-01-11,138.9751739501953,140.89937,3.8130170335362434,26.187878198708106,5.1174093249131545,2.5965801678930336,0.989613833500431
2022-01-12,140.59352111816406,140.27959,3.8130170335362434,26.187878198708106,5.1174093249131545,2.5965801678930336,0.989613833500431
2022-01-13,138.0952606201172,140.21643,3.8130170335362434,26.187878198708106,5.1174093249131545,2.5965801678930336,0.989613833500431
2022-01-14,138.74588012695312,140.11812,3.8130170335362434,26.187878198708106,5.1174093249131545,2.5965801678930336,0.989613833500431
2022-01-18,135.27590942382812,140.0992,3.8130170335362434,26.187878198708106,5.1174093249131545,2.5965801678930336,0.989613833500431
2022-01-19,134.6421356201172,139.67126,3.8130170335362434,26.187878198708106,5.1174093249131545,2.5965801678930336,0.989613833500431
2022-01-20,132.51263427734375,139.00896,3.8130170335362434,26.187878198708106,5.1174093249131545,2.5965801678930336,0.989613833500431
2022-01-21,129.12355041503906,138.03575,3.8130170335362434,26.187878198708106,5.1174093249131545,2.5965801678930336,0.989613833500431
2022-01-24,129.4014434814453,136.58873,3.8130170335362434,26.187878198708106,5.1174093249131545,2.5965801678930336,0.989613833500431
2022-01-25,125.7920379638672,135.12318,3.8130170335362434,26.187878198708106,5.1174093249131545,2.5965801678930336,0.989613833500431
2022-01-26,128.27792358398438,133.36523,3.8130170335362434,26.187878198708106,5.1174093249131545,2.5965801678930336,0.989613833500431
2022-01-27,128.15975952148438,132.0098,3.8130170335362434,26.187878198708106,5.1174093249131545,2.5965801678930336,0.989613833500431
2022-01-28,132.29725646972656,131.01749,3.8130170335362434,26.187878198708106,5.1174093249131545,2.5965801678930336,0.989613833500431
2022-01-31,134.68832397460938,130.87935,3.8130170335362434,26.187878198708106,5.1174093249131545,2.5965801678930336,0.989613833500431
2022-02-01,136.85206604003906,131.5041,3.8130170335362434,26.187878198708106,5.1174093249131545,2.5965801678930336,0.989613833500431
2022-02-02,146.93447875976562,132.7164,3.8130170335362434,26.187878198708106,5.1174093249131545,2.5965801678930336,0.989613833500431
2022-02-03,141.5885467529297,135.3866,3.8130170335362434,26.187878198708106,5.1174093249131545,2.5965801678930336,0.989613833500431
2022-02-04,141.95135498046875,137.74454,3.8130170335362434,26.187878198708106,5.1174093249131545,2.5965801678930336,0.989613833500431
2022-02-07,137.90371704101562,139.68883,3.8130170335362434,26.187878198708106,5.1174093249131545,2.5965801678930336,0.989613833500431
2022-02-08,138.1766815185547,140.64642,3.8130170335362434,26.187878198708106,5.1174093249131545,2.5965801678930336,0.989613833500431
2022-02-09,140.3999786376953,141.01883,3.8130170335362434,26.187878198708106,5.1174093249131545,2.5965801678930336,0.989613833500431
2022-02-10,137.5706787109375,141.33646,3.8130170335362434,26.187878198708106,5.1174093249131545,2.5965801678930336,0.989613833500431
2022-02-11,133.1315155029297,141.21815,3.8130170335362434,26.187878198708106,5.1174093249131545,2.5965801678930336,0.989613833500431
2022-02-14,134.29278564453125,140.31781,3.8130170335362434,26.187878198708106,5.1174093249131545,2.5965801678930336,0.989613833500431
2022-02-15,135.409912109375,139.28656,3.8130170335362434,26.187878198708106,5.1174093249131545,2.5965801678930336,0.989613833500431
2022-02-16,136.4639892578125,138.46568,3.8130170335362434,26.187878198708106,5.1174093249131545,2.5965801678930336,0.989613833500431
2022-02-17,131.32354736328125,137.99419,3.8130170335362434,26.187878198708106,5.1174093249131545,2.5965801678930336,0.989613833500431
2022-02-18,129.4962615966797,137.0906,3.8130170335362434,26.187878198708106,5.1174093249131545,2.5965801678930336,0.989613833500431
2022-02-22,128.4391632080078,135.84564,3.8130170335362434,26.187878198708106,5.1174093249131545,2.5965801678930336,0.989613833500431
2022-02-23,126.63520812988281,134.44876,3.8130170335362434,26.187878198708106,5.1174093249131545,2.5965801678930336,0.989613833500431
2022-02-24,131.68582153320312,132.91893,3.8130170335362434,26.187878198708106,5.1174093249131545,2.5965801678930336,0.989613833500431
2022-02-25,133.51808166503906,132.17946,3.8130170335362434,26.187878198708106,5.1174093249131545,2.5965801678930336,0.989613833500431
2022-02-28,133.8868408203125,132.17609,3.8130170335362434,26.187878198708106,5.1174093249131545,2.5965801678930336,0.989613833500431
2022-03-01,133.16921997070312,132.5944,3.8130170335362434,26.187878198708106,5.1174093249131545,2.5965801678930336,0.989613833500431
2022-03-02,133.7483367919922,133.07776,3.8130170335362434,26.187878198708106,5.1174093249131545,2.5965801678930336,0.989613833500431
2022-03-03,133.3081817626953,133.60703,3.8130170335362434,26.187878198708106,5.1174093249131545,2.5965801678930336,0.989613833500431
2022-03-04,131.138427734375,134.03357,3.8130170335362434,26.187878198708106,5.1174093249131545,2.5965801678930336,0.989613833500431
2022-03-07,125.52306365966795,134.07002,3.8130170335362434,26.187878198708106,5.1174093249131545,2.5965801678930336,0.989613833500431
2022-03-08,126.33100128173828,133.17128,3.8130170335362434,26.187878198708106,5.1174093249131545,2.5965801678930336,0.989613833500431
2022-03-09,132.8694610595703,132.02008,3.8130170335362434,26.187878198708106,5.1174093249131545,2.5965801678930336,0.989613833500431
2022-03-10,131.69427490234375,131.74493,3.8130170335362434,26.187878198708106,5.1174093249131545,2.5965801678930336,0.989613833500431
2022-03-11,129.50416564941406,131.79543,3.8130170335362434,26.187878198708106,5.1174093249131545,2.5965801678930336,0.989613833500431
2022-03-14,125.79749298095705,131.71777,3.8130170335362434,26.187878198708106,5.1174093249131545,2.5965801678930336,0.989613833500431
2022-03-15,128.6952667236328,131.0993,3.8130170335362434,26.187878198708106,5.1174093249131545,2.5965801678930336,0.989613833500431
2022-03-16,132.69525146484375,130.66559,3.8130170335362434,26.187878198708106,5.1174093249131545,2.5965801678930336,0.989613833500431
2022-03-17,133.59849548339844,130.90527,3.8130170335362434,26.187878198708106,5.1174093249131545,2.5965801678930336,0.989613833500431
2022-03-18,135.7831268310547,131.57315,3.8130170335362434,26.187878198708106,5.1174093249131545,2.5965801678930336,0.989613833500431
2022-03-21,135.46249389648438,132.65698,3.8130170335362434,26.187878198708106,5.1174093249131545,2.5965801678930336,0.989613833500431
2022-03-22,139.23321533203125,133.76784,3.8130170335362434,26.187878198708106,5.1174093249131545,2.5965801678930336,0.989613833500431
2022-03-23,137.47242736816406,135.24132,3.8130170335362434,26.187878198708106,5.1174093249131545,2.5965801678930336,0.989613833500431
2022-03-24,140.260009765625,136.47665,3.8130170335362434,26.187878198708106,5.1174093249131545,2.5965801678930336,0.989613833500431
2022-03-25,140.4679718017578,137.79634,3.8130170335362434,26.187878198708106,5.1174093249131545,2.5965801678930336,0.989613833500431
2022-03-28,140.89328002929688,139.01486,3.8130170335362434,26.187878198708106,5.1174093249131545,2.5965801678930336,0.989613833500431
2022-03-29,142.18360900878906,140.08083,3.8130170335362434,26.187878198708106,5.1174093249131545,2.5965801678930336,0.989613833500431
2022-03-30,141.58261108398438,141.10016,3.8130170335362434,26.187878198708106,5.1174093249131545,2.5965801678930336,0.989613833500431
2022-03-31,138.60989379882812,141.8864,3.8130170335362434,26.187878198708106,5.1174093249131545,2.5965801678930336,0.989613833500431
2022-04-01,139.652587890625,142.06772,3.8130170335362434,26.187878198708106,5.1174093249131545,2.5965801678930336,0.989613833500431
2022-04-04,142.5731658935547,142.05507,3.8130170335362434,26.187878198708106,5.1174093249131545,2.5965801678930336,0.989613833500431
2022-04-05,140.0128936767578,142.3247,3.8130170335362434,26.187878198708106,5.1174093249131545,2.5965801678930336,0.989613833500431
2022-04-06,136.15481567382812,142.37018,3.8130170335362434,26.187878198708106,5.1174093249131545,2.5965801678930336,0.989613833500431
2022-04-07,135.44911193847656,141.79593,3.8130170335362434,26.187878198708106,5.1174093249131545,2.5965801678930336,0.989613833500431
2022-04-08,133.0128936767578,140.88916,3.8130170335362434,26.187878198708106,5.1174093249131545,2.5965801678930336,0.989613833500431
2022-04-11,128.83023071289062,139.61299,3.8130170335362434,26.187878198708106,5.1174093249131545,2.5965801678930336,0.989613833500431
2022-04-12,127.41883087158205,137.76912,3.8130170335362434,26.187878198708106,5.1174093249131545,2.5965801678930336,0.989613833500431
2022-04-13,129.31610107421875,135.68922,3.8130170335362434,26.187878198708106,5.1174093249131545,2.5965801678930336,0.989613833500431
2022-04-14,126.30568695068358,134.00375,3.8130170335362434,26.187878198708106,5.1174093249131545,2.5965801678930336,0.989613833500431
2022-04-18,127.00841522216795,132.34242,3.8130170335362434,26.187878198708106,5.1174093249131545,2.5965801678930336,0.989613833500431
2022-04-19,129.5592803955078,130.99957,3.8130170335362434,26.187878198708106,5.1174093249131545,2.5965801678930336,0.989613833500431
2022-04-20,127.2907943725586,130.32526,3.8130170335362434,26.187878198708106,5.1174093249131545,2.5965801678930336,0.989613833500431
2022-04-21,124.0074234008789,129.77983,3.8130170335362434,26.187878198708106,5.1174093249131545,2.5965801678930336,0.989613833500431
2022-04-22,118.72354888916016,128.94012,3.8130170335362434,26.187878198708106,5.1174093249131545,2.5965801678930336,0.989613833500431
2022-04-25,122.33248138427734,127.366776,3.8130170335362434,26.187878198708106,5.1174093249131545,2.5965801678930336,0.989613833500431
2022-04-26,118.6163558959961,126.098175,3.8130170335362434,26.187878198708106,5.1174093249131545,2.5965801678930336,0.989613833500431
2022-04-27,114.16425323486328,124.660225,3.8130170335362434,26.187878198708106,5.1174093249131545,2.5965801678930336,0.989613833500431
2022-04-28,118.52256011962889,122.7376,3.8130170335362434,26.187878198708106,5.1174093249131545,2.5965801678930336,0.989613833500431
2022-04-29,114.11064910888672,121.391815,3.8130170335362434,26.187878198708106,5.1174093249131545,2.5965801678930336,0.989613833500431
2022-05-02,116.28483581542967,119.93121,3.8130170335362434,26.187878198708106,5.1174093249131545,2.5965801678930336,0.989613833500431
2022-05-03,117.25010681152344,118.88943,3.8130170335362434,26.187878198708106,5.1174093249131545,2.5965801678930336,0.989613833500431
2022-05-04,121.66250610351561,118.32242,3.8130170335362434,26.187878198708106,5.1174093249131545,2.5965801678930336,0.989613833500431
2022-05-05,115.8773956298828,118.653114,3.8130170335362434,26.187878198708106,5.1174093249131545,2.5965801678930336,0.989613833500431
2022-05-06,114.79898834228514,118.628876,3.8130170335362434,26.187878198708106,5.1174093249131545,2.5965801678930336,0.989613833500431
2022-05-09,112.24217224121094,118.28576,3.8130170335362434,26.187878198708106,5.1174093249131545,2.5965801678930336,0.989613833500431
2022-05-10,113.73149871826172,117.48739,3.8130170335362434,26.187878198708106,5.1174093249131545,2.5965801678930336,0.989613833500431
2022-05-11,113.11263275146484,116.75996,3.8130170335362434,26.187878198708106,5.1174093249131545,2.5965801678930336,0.989613833500431
2022-05-12,112.31859588623048,116.08169,3.8130170335362434,26.187878198708106,5.1174093249131545,2.5965801678930336,0.989613833500431
2022-05-13,115.64812469482422,115.41186,3.8130170335362434,26.187878198708106,5.1174093249131545,2.5965801678930336,0.989613833500431
2022-05-16,113.9379425048828,115.27476,3.8130170335362434,26.187878198708106,5.1174093249131545,2.5965801678930336,0.989613833500431
2022-05-17,115.83273315429688,115.1977,3.8130170335362434,26.187878198708106,5.1174093249131545,2.5965801678930336,0.989613833500431
2022-05-18,111.56424713134766,115.41191,3.8130170335362434,26.187878198708106,5.1174093249131545,2.5965801678930336,0.989613833500431
2022-05-19,109.92107391357422,115.17878,3.8130170335362434,26.187878198708106,5.1174093249131545,2.5965801678930336,0.989613833500431
2022-05-20,108.49923706054688,114.53201,3.8130170335362434,26.187878198708106,5.1174093249131545,2.5965801678930336,0.989613833500431
2022-05-23,110.83521270751952,113.571625,3.8130170335362434,26.187878198708106,5.1174093249131545,2.5965801678930336,0.989613833500431
2022-05-24,105.137451171875,112.88817,3.8130170335362434,26.187878198708106,5.1174093249131545,2.5965801678930336,0.989613833500431
2022-05-25,105.05159759521484,111.677925,3.8130170335362434,26.187878198708106,5.1174093249131545,2.5965801678930336,0.989613833500431
2022-05-26,107.48980712890624,110.347534,3.8130170335362434,26.187878198708106,5.1174093249131545,2.5965801678930336,0.989613833500431
2022-05-27,111.95929718017578,109.45422,3.8130170335362434,26.187878198708106,5.1174093249131545,2.5965801678930336,0.989613833500431
2022-05-31,113.19004821777344,109.49457,3.8130170335362434,26.187878198708106,5.1174093249131545,2.5965801678930336,0.989613833500431
2022-06-01,113.2873306274414,110.16498,3.8130170335362434,26.187878198708106,5.1174093249131545,2.5965801678930336,0.989613833500431
2022-06-02,116.86946105957031,111.07736,3.8130170335362434,26.187878198708106,5.1174093249131545,2.5965801678930336,0.989613833500431
2022-06-03,113.71115112304688,112.46757,3.8130170335362434,26.187878198708106,5.1174093249131545,2.5965801678930336,0.989613833500431
2022-06-06,116.13943481445312,113.49568,3.8130170335362434,26.187878198708106,5.1174093249131545,2.5965801678930336,0.989613833500431
2022-06-07,116.35680389404295,114.52926,3.8130170335362434,26.187878198708106,5.1174093249131545,2.5965801678930336,0.989613833500431
2022-06-08,116.36524963378906,115.45894,3.8130170335362434,26.187878198708106,5.1174093249131545,2.5965801678930336,0.989613833500431
2022-06-09,114.0625076293945,116.21608,3.8130170335362434,26.187878198708106,5.1174093249131545,2.5965801678930336,0.989613833500431
2022-06-10,110.5979995727539,116.48213,3.8130170335362434,26.187878198708106,5.1174093249131545,2.5965801678930336,0.989613833500431
2022-06-13,106.08087921142578,116.00657,3.8130170335362434,26.187878198708106,5.1174093249131545,2.5965801678930336,0.989613833500431
2022-06-14,106.39601135253906,114.61942,3.8130170335362434,26.187878198708106,5.1174093249131545,2.5965801678930336,0.989613833500431
2022-06-15,109.56871795654294,112.992805,3.8130170335362434,26.187878198708106,5.1174093249131545,2.5965801678930336,0.989613833500431
2022-06-16,105.84217071533205,111.878426,3.8130170335362434,26.187878198708106,5.1174093249131545,2.5965801678930336,0.989613833500431
2022-06-17,107.0625228881836,110.67418,3.8130170335362434,26.187878198708106,5.1174093249131545,2.5965801678930336,0.989613833500431
2022-06-21,111.18112182617188,109.74379,3.8130170335362434,26.187878198708106,5.1174093249131545,2.5965801678930336,0.989613833500431
2022-06-22,111.19998168945314,109.62141,3.8130170335362434,26.187878198708106,5.1174093249131545,2.5965801678930336,0.989613833500431
2022-06-23,111.84564208984376,109.92567,3.8130170335362434,26.187878198708106,5.1174093249131545,2.5965801678930336,0.989613833500431
2022-06-24,117.65557098388672,110.49108,3.8130170335362434,26.187878198708106,5.1174093249131545,2.5965801678930336,0.989613833500431
2022-06-27,115.75431823730467,111.88685,3.8130170335362434,26.187878198708106,5.1174093249131545,2.5965801678930336,0.989613833500431
2022-06-28,111.73347473144533,113.2644,3.8130170335362434,26.187878198708106,5.1174093249131545,2.5965801678930336,0.989613833500431
2022-06-29,111.4208297729492,113.91858,3.8130170335362434,26.187878198708106,5.1174093249131545,2.5965801678930336,0.989613833500431
2022-06-30,108.55828857421876,114.08104,3.8130170335362434,26.187878198708106,5.1174093249131545,2.5965801678930336,0.989613833500431
2022-07-01,108.26896667480466,113.594666,3.8130170335362434,26.187878198708106,5.1174093249131545,2.5965801678930336,0.989613833500431
2022-07-05,113.0391845703125,112.80625,3.8130170335362434,26.187878198708106,5.1174093249131545,2.5965801678930336,0.989613833500431
2022-07-06,114.3558120727539,112.60216,3.8130170335362434,26.187878198708106,5.1174093249131545,2.5965801678930336,0.989613833500431
2022-07-07,118.41783905029295,112.89522,3.8130170335362434,26.187878198708106,5.1174093249131545,2.5965801678930336,0.989613833500431
2022-07-08,119.27392578125,113.94012,3.8130170335362434,26.187878198708106,5.1174093249131545,2.5965801678930336,0.989613833500431
2022-07-11,115.65506744384764,115.33932,3.8130170335362434,26.187878198708106,5.1174093249131545,2.5965801678930336,0.989613833500431
2022-07-12,113.99452209472656,116.25287,3.8130170335362434,26.187878198708106,5.1174093249131545,2.5965801678930336,0.989613833500431
2022-07-13,111.35184478759766,116.58171,3.8130170335362434,26.187878198708106,5.1174093249131545,2.5965801678930336,0.989613833500431
2022-07-14,110.61040496826172,116.222435,3.8130170335362434,26.187878198708106,5.1174093249131545,2.5965801678930336,0.989613833500431
2022-07-15,111.92752838134766,115.4646,3.8130170335362434,26.187878198708106,5.1174093249131545,2.5965801678930336,0.989613833500431
2022-07-18,109.091796875,114.77913,3.8130170335362434,26.187878198708106,5.1174093249131545,2.5965801678930336,0.989613833500431
2022-07-19,113.76673126220703,113.84419,3.8130170335362434,26.187878198708106,5.1174093249131545,2.5965801678930336,0.989613833500431
2022-07-20,113.84613800048827,113.52557,3.8130170335362434,26.187878198708106,5.1174093249131545,2.5965801678930336,0.989613833500431
2022-07-21,114.18359375,113.57038,3.8130170335362434,26.187878198708106,5.1174093249131545,2.5965801678930336,0.989613833500431
2022-07-22,107.55333709716795,113.837555,3.8130170335362434,26.187878198708106,5.1174093249131545,2.5965801678930336,0.989613833500431
2022-07-25,107.4044418334961,113.30166,3.8130170335362434,26.187878198708106,5.1174093249131545,2.5965801678930336,0.989613833500431
2022-07-26,104.65506744384766,112.40976,3.8130170335362434,26.187878198708106,5.1174093249131545,2.5965801678930336,0.989613833500431
2022-07-27,112.75431823730466,111.08919,3.8130170335362434,26.187878198708106,5.1174093249131545,2.5965801678930336,0.989613833500431
2022-07-28,113.73694610595705,110.80222,3.8130170335362434,26.187878198708106,5.1174093249131545,2.5965801678930336,0.989613833500431
2022-07-29,115.77169036865234,111.20683,3.8130170335362434,26.187878198708106,5.1174093249131545,2.5965801678930336,0.989613833500431
2022-08-01,114.62032318115234,112.178215,3.8130170335362434,26.187878198708106,5.1174093249131545,2.5965801678930336,0.989613833500431
2022-08-02,115.0372085571289,113.1538,3.8130170335362434,26.187878198708106,5.1174093249131545,2.5965801678930336,0.989613833500431
2022-08-03,117.89575958251952,114.05844,3.8130170335362434,26.187878198708106,5.1174093249131545,2.5965801678930336,0.989613833500431
2022-08-04,117.98509216308594,115.18798,3.8130170335362434,26.187878198708106,5.1174093249131545,2.5965801678930336,0.989613833500431
2022-08-05,117.33993530273439,116.294945,3.8130170335362434,26.187878198708106,5.1174093249131545,2.5965801678930336,0.989613833500431
2022-08-08,117.26052856445312,117.16048,3.8130170335362434,26.187878198708106,5.1174093249131545,2.5965801678930336,0.989613833500431
2022-08-09,116.6252899169922,117.78062,3.8130170335362434,26.187878198708106,5.1174093249131545,2.5965801678930336,0.989613833500431
2022-08-10,119.75184631347656,118.111855,3.8130170335362434,26.187878198708106,5.1174093249131545,2.5965801678930336,0.989613833500431
2022-08-11,118.92800903320312,118.667694,3.8130170335362434,26.187878198708106,5.1174093249131545,2.5965801678930336,0.989613833500431
2022-08-12,121.73695373535156,119.15514,3.8130170335362434,26.187878198708106,5.1174093249131545,2.5965801678930336,0.989613833500431
2022-08-15,121.9652328491211,119.9157,3.8130170335362434,26.187878198708106,5.1174093249131545,2.5965801678930336,0.989613833500431
2022-08-16,121.59799957275389,120.74424,3.8130170335362434,26.187878198708106,5.1174093249131545,2.5965801678930336,0.989613833500431
2022-08-17,119.42430877685547,121.45017,3.8130170335362434,26.187878198708106,5.1174093249131545,2.5965801678930336,0.989613833500431
2022-08-18,119.96028137207033,121.71498,3.8130170335362434,26.187878198708106,5.1174093249131545,2.5965801678930336,0.989613833500431
2022-08-19,117.2406768798828,121.79314,3.8130170335362434,26.187878198708106,5.1174093249131545,2.5965801678930336,0.989613833500431
2022-08-22,114.21337890625,121.40803,3.8130170335362434,26.187878198708106,5.1174093249131545,2.5965801678930336,0.989613833500431
2022-08-23,113.91561889648438,120.43957,3.8130170335362434,26.187878198708106,5.1174093249131545,2.5965801678930336,0.989613833500431
2022-08-24,113.84613800048827,119.26226,3.8130170335362434,26.187878198708106,5.1174093249131545,2.5965801678930336,0.989613833500431
2022-08-25,116.82378387451172,118.12317,3.8130170335362434,26.187878198708106,5.1174093249131545,2.5965801678930336,0.989613833500431
2022-08-26,110.4714584350586,117.545944,3.8130170335362434,26.187878198708106,5.1174093249131545,2.5965801678930336,0.989613833500431
2022-08-29,109.51859283447266,116.487885,3.8130170335362434,26.187878198708106,5.1174093249131545,2.5965801678930336,0.989613833500431
2022-08-30,109.091796875,115.197815,3.8130170335362434,26.187878198708106,5.1174093249131545,2.5965801678930336,0.989613833500431
2022-08-31,108.33745574951172,113.901306,3.8130170335362434,26.187878198708106,5.1174093249131545,2.5965801678930336,0.989613833500431
2022-09-01,109.72703552246094,112.67109,3.8130170335362434,26.187878198708106,5.1174093249131545,2.5965801678930336,0.989613833500431
2022-09-02,107.87095642089844,111.8202,3.8130170335362434,26.187878198708106,5.1174093249131545,2.5965801678930336,0.989613833500431
2022-09-06,106.67990112304686,111.026276,3.8130170335362434,26.187878198708106,5.1174093249131545,2.5965801678930336,0.989613833500431
2022-09-07,109.65754699707033,110.20687,3.8130170335362434,26.187878198708106,5.1174093249131545,2.5965801678930336,0.989613833500431
2022-09-08,108.60543060302736,109.87807,3.8130170335362434,26.187878198708106,5.1174093249131545,2.5965801678930336,0.989613833500431
2022-09-09,110.94786071777344,109.700615,3.8130170335362434,26.187878198708106,5.1174093249131545,2.5965801678930336,0.989613833500431
2022-09-12,111.03720092773436,109.93506,3.8130170335362434,26.187878198708106,5.1174093249131545,2.5965801678930336,0.989613833500431
2022-09-13,104.52603912353516,110.35847,3.8130170335362434,26.187878198708106,5.1174093249131545,2.5965801678930336,0.989613833500431
2022-09-14,105.08187103271484,109.955536,3.8130170335362434,26.187878198708106,5.1174093249131545,2.5965801678930336,0.989613833500431
2022-09-15,103.12653350830078,109.26176,3.8130170335362434,26.187878198708106,5.1174093249131545,2.5965801678930336,0.989613833500431
2022-09-16,102.85854339599608,108.2516,3.8130170335362434,26.187878198708106,5.1174093249131545,2.5965801678930336,0.989613833500431
2022-09-19,103.07690429687499,107.17865,3.8130170335362434,26.187878198708106,5.1174093249131545,2.5965801678930336,0.989613833500431
2022-09-20,101.07193756103516,106.24398,3.8130170335362434,26.187878198708106,5.1174093249131545,2.5965801678930336,0.989613833500431
2022-09-21,99.26548767089845,105.23436,3.8130170335362434,26.187878198708106,5.1174093249131545,2.5965801678930336,0.989613833500431
2022-09-22,99.82132720947266,104.07776,3.8130170335362434,26.187878198708106,5.1174093249131545,2.5965801678930336,0.989613833500431
2022-09-23,98.43173217773438,103.072556,3.8130170335362434,26.187878198708106,5.1174093249131545,2.5965801678930336,0.989613833500431
2022-09-26,98.07442474365234,102.090195,3.8130170335362434,26.187878198708106,5.1174093249131545,2.5965801678930336,0.989613833500431
2022-09-27,97.35977935791016,101.200806,3.8130170335362434,26.187878198708106,5.1174093249131545,2.5965801678930336,0.989613833500431
2022-09-28,99.99005126953124,100.379776,3.8130170335362434,26.187878198708106,5.1174093249131545,2.5965801678930336,0.989613833500431
2022-09-29,97.35977935791016,100.054146,3.8130170335362434,26.187878198708106,5.1174093249131545,2.5965801678930336,0.989613833500431
2022-09-30,95.43423461914062,99.66918,3.8130170335362434,26.187878198708106,5.1174093249131545,2.5965801678930336,0.989613833500431
2022-10-03,98.56078338623048,99.046745,3.8130170335362434,26.187878198708106,5.1174093249131545,2.5965801678930336,0.989613833500431
2022-10-04,101.64762878417967,98.805916,3.8130170335362434,26.187878198708106,5.1174093249131545,2.5965801678930336,0.989613833500431
2022-10-05,101.4590301513672,99.204346,3.8130170335362434,26.187878198708106,5.1174093249131545,2.5965801678930336,0.989613833500431
2022-10-06,101.4788818359375,99.847275,3.8130170335362434,26.187878198708106,5.1174093249131545,2.5965801678930336,0.989613833500431
2022-10-07,98.82877349853516,100.530594,3.8130170335362434,26.187878198708106,5.1174093249131545,2.5965801678930336,0.989613833500431
2022-10-10,97.97515869140622,100.78823,3.8130170335362434,26.187878198708106,5.1174093249131545,2.5965801678930336,0.989613833500431
2022-10-11,97.3200912475586,100.68277,3.8130170335362434,26.187878198708106,5.1174093249131545,2.5965801678930336,0.989613833500431
2022-10-12,97.5682373046875,100.32044,3.8130170335362434,26.187878198708106,5.1174093249131545,2.5965801678930336,0.989613833500431
2022-10-13,98.96773529052734,99.90993,3.8130170335362434,26.187878198708106,5.1174093249131545,2.5965801678930336,0.989613833500431
2022-10-14,96.4565658569336,99.71714,3.8130170335362434,26.187878198708106,5.1174093249131545,2.5965801678930336,0.989613833500431
2022-10-17,100.0297622680664,99.322754,3.8130170335362434,26.187878198708106,5.1174093249131545,2.5965801678930336,0.989613833500431
2022-10-18,100.63522338867188,99.3576,3.8130170335362434,26.187878198708106,5.1174093249131545,2.5965801678930336,0.989613833500431
2022-10-19,99.5434112548828,99.68518,3.8130170335362434,26.187878198708106,5.1174093249131545,2.5965801678930336,0.989613833500431
2022-10-20,99.78161621093749,99.97026,3.8130170335362434,26.187878198708106,5.1174093249131545,2.5965801678930336,0.989613833500431
2022-10-21,100.72454833984376,100.22764,3.8130170335362434,26.187878198708106,5.1174093249131545,2.5965801678930336,0.989613833500431
2022-10-24,102.20346069335938,100.56327,3.8130170335362434,26.187878198708106,5.1174093249131545,2.5965801678930336,0.989613833500431
2022-10-25,104.14886474609376,101.09239,3.8130170335362434,26.187878198708106,5.1174093249131545,2.5965801678930336,0.989613833500431
2022-10-26,94.11412048339844,101.90993,3.8130170335362434,26.187878198708106,5.1174093249131545,2.5965801678930336,0.989613833500431
2022-10-27,91.9106521606445,101.42103,3.8130170335362434,26.187878198708106,5.1174093249131545,2.5965801678930336,0.989613833500431
2022-10-28,95.86101531982422,100.041565,3.8130170335362434,26.187878198708106,5.1174093249131545,2.5965801678930336,0.989613833500431
2022-10-31,93.95532989501952,98.92293,3.8130170335362434,26.187878198708106,5.1174093249131545,2.5965801678930336,0.989613833500431
2022-11-01,89.82627868652344,97.82936,3.8130170335362434,26.187878198708106,5.1174093249131545,2.5965801678930336,0.989613833500431
2022-11-02,86.42182922363281,96.33864,3.8130170335362434,26.187878198708106,5.1174093249131545,2.5965801678930336,0.989613833500431
2022-11-03,82.86846160888672,94.385345,3.8130170335362434,26.187878198708106,5.1174093249131545,2.5965801678930336,0.989613833500431
2022-11-04,86.05457305908203,91.97694,3.8130170335362434,26.187878198708106,5.1174093249131545,2.5965801678930336,0.989613833500431
2022-11-07,87.99005889892578,90.08569,3.8130170335362434,26.187878198708106,5.1174093249131545,2.5965801678930336,0.989613833500431
2022-11-08,88.24813842773438,88.96928,3.8130170335362434,26.187878198708106,5.1174093249131545,2.5965801678930336,0.989613833500431
2022-11-09,86.7493667602539,88.42798,3.8130170335362434,26.187878198708106,5.1174093249131545,2.5965801678930336,0.989613833500431
2022-11-10,93.46896362304688,88.04571,3.8130170335362434,26.187878198708106,5.1174093249131545,2.5965801678930336,0.989613833500431
2022-11-11,96.0099105834961,88.70318,3.8130170335362434,26.187878198708106,5.1174093249131545,2.5965801678930336,0.989613833500431
2022-11-14,95.31512451171876,90.140396,3.8130170335362434,26.187878198708106,5.1174093249131545,2.5965801678930336,0.989613833500431
2022-11-15,97.98509979248048,91.68383,3.8130170335362434,26.187878198708106,5.1174093249131545,2.5965801678930336,0.989613833500431
2022-11-16,98.2530746459961,93.435104,3.8130170335362434,26.187878198708106,5.1174093249131545,2.5965801678930336,0.989613833500431
2022-11-17,97.76673126220706,95.093765,3.8130170335362434,26.187878198708106,5.1174093249131545,2.5965801678930336,0.989613833500431
2022-11-18,97.07194519042967,96.42032,3.8130170335362434,26.187878198708106,5.1174093249131545,2.5965801678930336,0.989613833500431
2022-11-21,95.11660766601561,97.31069,3.8130170335362434,26.187878198708106,5.1174093249131545,2.5965801678930336,0.989613833500431
2022-11-22,96.60545349121094,97.60098,3.8130170335362434,26.187878198708106,5.1174093249131545,2.5965801678930336,0.989613833500431
2022-11-23,98.08434295654295,97.750565,3.8130170335362434,26.187878198708106,5.1174093249131545,2.5965801678930336,0.989613833500431
2022-11-25,96.8734359741211,98.007996,3.8130170335362434,26.187878198708106,5.1174093249131545,2.5965801678930336,0.989613833500431
2022-11-28,95.53348541259766,98.12262,3.8130170335362434,26.187878198708106,5.1174093249131545,2.5965801678930336,0.989613833500431
2022-11-29,94.72952270507812,97.96913,3.8130170335362434,26.187878198708106,5.1174093249131545,2.5965801678930336,0.989613833500431
2022-11-30,100.69477081298828,97.59175,3.8130170335362434,26.187878198708106,5.1174093249131545,2.5965801678930336,0.989613833500431
2022-12-01,100.52603149414062,97.95234,3.8130170335362434,26.187878198708106,5.1174093249131545,2.5965801678930336,0.989613833500431
2022-12-02,100.0793991088867,98.61434,3.8130170335362434,26.187878198708106,5.1174093249131545,2.5965801678930336,0.989613833500431
2022-12-05,99.12653350830078,99.28001,3.8130170335362434,26.187878198708106,5.1174093249131545,2.5965801678930336,0.989613833500431
2022-12-06,96.5855941772461,99.73079,3.8130170335362434,26.187878198708106,5.1174093249131545,2.5965801678930336,0.989613833500431
2022-12-07,94.44168090820312,99.67268,3.8130170335362434,26.187878198708106,5.1174093249131545,2.5965801678930336,0.989613833500431
2022-12-08,93.25060272216795,99.07829,3.8130170335362434,26.187878198708106,5.1174093249131545,2.5965801678930336,0.989613833500431
2022-12-09,92.37715148925778,98.13224,3.8130170335362434,26.187878198708106,5.1174093249131545,2.5965801678930336,0.989613833500431
2022-12-12,92.8635025024414,97.01669,3.8130170335362434,26.187878198708106,5.1174093249131545,2.5965801678930336,0.989613833500431
2022-12-13,95.13645935058594,96.02861,3.8130170335362434,26.187878198708106,5.1174093249131545,2.5965801678930336,0.989613833500431
2022-12-14,94.60047149658205,95.541534,3.8130170335362434,26.187878198708106,5.1174093249131545,2.5965801678930336,0.989613833500431
2022-12-15,90.52108764648438,95.29976,3.8130170335362434,26.187878198708106,5.1174093249131545,2.5965801678930336,0.989613833500431
2022-12-16,90.1836166381836,94.66448,3.8130170335362434,26.187878198708106,5.1174093249131545,2.5965801678930336,0.989613833500431
2022-12-19,88.48633575439453,93.86869,3.8130170335362434,26.187878198708106,5.1174093249131545,2.5965801678930336,0.989613833500431
2022-12-20,88.9627685546875,92.868866,3.8130170335362434,26.187878198708106,5.1174093249131545,2.5965801678930336,0.989613833500431
2022-12-21,89.5781478881836,91.96326,3.8130170335362434,26.187878198708106,5.1174093249131545,2.5965801678930336,0.989613833500431
2022-12-22,87.6029586791992,91.30903,3.8130170335362434,26.187878198708106,5.1174093249131545,2.5965801678930336,0.989613833500431
2022-12-23,89.14141845703125,90.6024,3.8130170335362434,26.187878198708106,5.1174093249131545,2.5965801678930336,0.989613833500431
2022-12-27,87.27542114257812,90.170784,3.8130170335362434,26.187878198708106,5.1174093249131545,2.5965801678930336,0.989613833500431
2022-12-28,85.81636810302734,89.6834,3.8130170335362434,26.187878198708106,5.1174093249131545,2.5965801678930336,0.989613833500431
2022-12-29,88.28783416748047,89.03556,3.8130170335362434,26.187878198708106,5.1174093249131545,2.5965801678930336,0.989613833500431
2022-12-30,88.06946563720703,88.72701,3.8130170335362434,26.187878198708106,5.1174093249131545,2.5965801678930336,0.989613833500431
2023-01-03,89.03224945068361,88.601654,3.8130170335362434,26.187878198708106,5.1174093249131545,2.5965801678930336,0.989613833500431
2023-01-04,88.04961395263672,88.71565,3.8130170335362434,26.187878198708106,5.1174093249131545,2.5965801678930336,0.989613833500431
2023-01-05,86.1240463256836,88.80209,3.8130170335362434,26.187878198708106,5.1174093249131545,2.5965801678930336,0.989613833500431
2023-01-06,87.50370025634767,88.60266,3.8130170335362434,26.187878198708106,5.1174093249131545,2.5965801678930336,0.989613833500431
2023-01-09,88.13894653320312,88.47219,3.8130170335362434,26.187878198708106,5.1174093249131545,2.5965801678930336,0.989613833500431
2023-01-10,88.57566833496094,88.48016,3.8130170335362434,26.187878198708106,5.1174093249131545,2.5965801678930336,0.989613833500431
2023-01-11,91.57318115234376,88.61614,3.8130170335362434,26.187878198708106,5.1174093249131545,2.5965801678930336,0.989613833500431
2023-01-12,91.22579193115234,89.20379,3.8130170335362434,26.187878198708106,5.1174093249131545,2.5965801678930336,0.989613833500431
2023-01-13,92.10916900634766,89.89322,3.8130170335362434,26.187878198708106,5.1174093249131545,2.5965801678930336,0.989613833500431
2023-01-17,91.47393035888672,90.66089,3.8130170335362434,26.187878198708106,5.1174093249131545,2.5965801678930336,0.989613833500431
2023-01-18,91.09675598144533,91.27947,3.8130170335362434,26.187878198708106,5.1174093249131545,2.5965801678930336,0.989613833500431
2023-01-19,93.2109146118164,91.68966,3.8130170335362434,26.187878198708106,5.1174093249131545,2.5965801678930336,0.989613833500431
2023-01-20,98.54093933105467,92.22569,3.8130170335362434,26.187878198708106,5.1174093249131545,2.5965801678930336,0.989613833500431
2023-01-23,100.45655059814452,93.47319,3.8130170335362434,26.187878198708106,5.1174093249131545,2.5965801678930336,0.989613833500431
2023-01-24,98.47145080566406,95.17041,3.8130170335362434,26.187878198708106,5.1174093249131545,2.5965801678930336,0.989613833500431
2023-01-25,96.0099105834961,96.59956,3.8130170335362434,26.187878198708106,5.1174093249131545,2.5965801678930336,0.989613833500431
2023-01-26,98.42183685302736,97.37233,3.8130170335362434,26.187878198708106,5.1174093249131545,2.5965801678930336,0.989613833500431
2023-01-27,99.96028137207033,98.03615,3.8130170335362434,26.187878198708106,5.1174093249131545,2.5965801678930336,0.989613833500431
2023-01-30,97.2208251953125,98.76419,3.8130170335362434,26.187878198708106,5.1174093249131545,2.5965801678930336,0.989613833500431
2023-01-31,99.12653350830078,99.06064,3.8130170335362434,26.187878198708106,5.1174093249131545,2.5965801678930336,0.989613833500431
2023-02-01,100.6749267578125,99.35585,3.8130170335362434,26.187878198708106,5.1174093249131545,2.5965801678930336,0.989613833500431
2023-02-02,107.99006652832033,99.81883,3.8130170335362434,26.187878198708106,5.1174093249131545,2.5965801678930336,0.989613833500431
2023-02-03,104.43670654296876,101.286545,3.8130170335362434,26.187878198708106,5.1174093249131545,2.5965801678930336,0.989613833500431
2023-02-06,102.69973754882812,102.5882,3.8130170335362434,26.187878198708106,5.1174093249131545,2.5965801678930336,0.989613833500431
2023-02-07,107.2357177734375,103.400986,3.8130170335362434,26.187878198708106,5.1174093249131545,2.5965801678930336,0.989613833500431
2023-02-08,99.2555694580078,104.46654,3.8130170335362434,26.187878198708106,5.1174093249131545,2.5965801678930336,0.989613833500431
2023-02-09,94.74935913085938,104.452156,3.8130170335362434,26.187878198708106,5.1174093249131545,2.5965801678930336,0.989613833500431
2023-02-10,94.15382385253906,103.29319,3.8130170335362434,26.187878198708106,5.1174093249131545,2.5965801678930336,0.989613833500431
2023-02-13,94.29279327392578,101.62798,3.8130170335362434,26.187878198708106,5.1174093249131545,2.5965801678930336,0.989613833500431
2023-02-14,94.2431640625,99.94485,3.8130170335362434,26.187878198708106,5.1174093249131545,2.5965801678930336,0.989613833500431
2023-02-15,96.37715911865234,98.46837,3.8130170335362434,26.187878198708106,5.1174093249131545,2.5965801678930336,0.989613833500431
2023-02-16,95.0669937133789,97.577705,3.8130170335362434,26.187878198708106,5.1174093249131545,2.5965801678930336,0.989613833500431
2023-02-17,93.88584136962892,96.92449,3.8130170335362434,26.187878198708106,5.1174093249131545,2.5965801678930336,0.989613833500431
2023-02-21,91.36474609374999,96.318214,3.8130170335362434,26.187878198708106,5.1174093249131545,2.5965801678930336,0.989613833500431
2023-02-22,91.11662292480467,95.47652,3.8130170335362434,26.187878198708106,5.1174093249131545,2.5965801678930336,0.989613833500431
2023-02-23,90.3920440673828,94.59398,3.8130170335362434,26.187878198708106,5.1174093249131545,2.5965801678930336,0.989613833500431
2023-02-24,88.68484497070312,93.71085,3.8130170335362434,26.187878198708106,5.1174093249131545,2.5965801678930336,0.989613833500431
2023-02-27,89.42926025390625,92.71529,3.8130170335362434,26.187878198708106,5.1174093249131545,2.5965801678930336,0.989613833500431
2023-02-28,89.62777709960938,91.89573,3.8130170335362434,26.187878198708106,5.1174093249131545,2.5965801678930336,0.989613833500431
2023-03-01,89.83621978759766,91.301094,3.8130170335362434,26.187878198708106,5.1174093249131545,2.5965801678930336,0.989613833500431
2023-03-02,91.62281799316406,90.92743,3.8130170335362434,26.187878198708106,5.1174093249131545,2.5965801678930336,0.989613833500431
2023-03-03,93.32006835937501,90.95614,3.8130170335362434,26.187878198708106,5.1174093249131545,2.5965801678930336,0.989613833500431
2023-03-06,94.86846923828124,91.41306,3.8130170335362434,26.187878198708106,5.1174093249131545,2.5965801678930336,0.989613833500431
2023-03-07,93.46896362304688,92.23379,3.8130170335362434,26.187878198708106,5.1174093249131545,2.5965801678930336,0.989613833500431
2023-03-08,93.94539642333983,92.93939,3.8130170335362434,26.187878198708106,5.1174093249131545,2.5965801678930336,0.989613833500431
2023-03-09,91.97021484375,93.55732,3.8130170335362434,26.187878198708106,5.1174093249131545,2.5965801678930336,0.989613833500431
2023-03-10,90.33248901367188,93.782974,3.8130170335362434,26.187878198708106,5.1174093249131545,2.5965801678930336,0.989613833500431
2023-03-13,90.97765350341794,93.56072,3.8130170335362434,26.187878198708106,5.1174093249131545,2.5965801678930336,0.989613833500431
2023-03-14,93.54837036132812,93.229225,3.8130170335362434,26.187878198708106,5.1174093249131545,2.5965801678930336,0.989613833500431
2023-03-15,95.83126068115236,93.23344,3.8130170335362434,26.187878198708106,5.1174093249131545,2.5965801678930336,0.989613833500431
2023-03-16,100.3176040649414,93.71414,3.8130170335362434,26.187878198708106,5.1174093249131545,2.5965801678930336,0.989613833500431
2023-03-17,101.6972427368164,94.975075,3.8130170335362434,26.187878198708106,5.1174093249131545,2.5965801678930336,0.989613833500431
2023-03-20,101.17120361328124,96.64541,3.8130170335362434,26.187878198708106,5.1174093249131545,2.5965801678930336,0.989613833500431
2023-03-21,105.05208587646484,98.227554,3.8130170335362434,26.187878198708106,5.1174093249131545,2.5965801678930336,0.989613833500431
2023-03-22,103.44416809082033,100.07597,3.8130170335362434,26.187878198708106,5.1174093249131545,2.5965801678930336,0.989613833500431
2023-03-23,105.46897888183594,101.59696,3.8130170335362434,26.187878198708106,5.1174093249131545,2.5965801678930336,0.989613833500431
2023-03-24,105.27044677734376,103.0235,3.8130170335362434,26.187878198708106,5.1174093249131545,2.5965801678930336,0.989613833500431
2023-03-27,102.2927703857422,104.18724,3.8130170335362434,26.187878198708106,5.1174093249131545,2.5965801678930336,0.989613833500431
2023-03-28,100.6054458618164,104.667,3.8130170335362434,26.187878198708106,5.1174093249131545,2.5965801678930336,0.989613833500431
2023-03-29,101.14141845703124,104.51321,3.8130170335362434,26.187878198708106,5.1174093249131545,2.5965801678930336,0.989613833500431
2023-03-30,100.56573486328122,104.13139,3.8130170335362434,26.187878198708106,5.1174093249131545,2.5965801678930336,0.989613833500431
2023-03-31,103.2257843017578,103.60778,3.8130170335362434,26.187878198708106,5.1174093249131545,2.5965801678930336,0.989613833500431
2023-04-03,104.12902069091795,103.43716,3.8130170335362434,26.187878198708106,5.1174093249131545,2.5965801678930336,0.989613833500431
2023-04-04,104.33745574951172,103.587685,3.8130170335362434,26.187878198708106,5.1174093249131545,2.5965801678930336,0.989613833500431
2023-04-05,104.16870880126952,103.90772,3.8130170335362434,26.187878198708106,5.1174093249131545,2.5965801678930336,0.989613833500431
2023-04-06,108.08930969238278,104.24781,3.8130170335362434,26.187878198708106,5.1174093249131545,2.5965801678930336,0.989613833500431
2023-04-10,106.15383148193358,105.077095,3.8130170335362434,26.187878198708106,5.1174093249131545,2.5965801678930336,0.989613833500431
2023-04-11,105.33001708984376,105.78484,3.8130170335362434,26.187878198708106,5.1174093249131545,2.5965801678930336,0.989613833500431
2023-04-12,104.43670654296876,106.228355,3.8130170335362434,26.187878198708106,5.1174093249131545,2.5965801678930336,0.989613833500431
2023-04-13,107.38460540771484,106.36114,3.8130170335362434,26.187878198708106,5.1174093249131545,2.5965801678930336,0.989613833500431
2023-04-14,108.6451416015625,106.713715,3.8130170335362434,26.187878198708106,5.1174093249131545,2.5965801678930336,0.989613833500431
2023-04-17,105.62776947021484,107.299515,3.8130170335362434,26.187878198708106,5.1174093249131545,2.5965801678930336,0.989613833500431
2023-04-18,104.33745574951172,107.52361,3.8130170335362434,26.187878198708106,5.1174093249131545,2.5965801678930336,0.989613833500431
2023-04-19,104.23818969726562,107.363556,3.8130170335362434,26.187878198708106,5.1174093249131545,2.5965801678930336,0.989613833500431
2023-04-20,105.11164855957031,107.01714,3.8130170335362434,26.187878198708106,5.1174093249131545,2.5965801678930336,0.989613833500431
2023-04-21,105.12157440185547,106.7389,3.8130170335362434,26.187878198708106,5.1174093249131545,2.5965801678930336,0.989613833500431
2023-04-24,105.98509216308594,106.53329,3.8130170335362434,26.187878198708106,5.1174093249131545,2.5965801678930336,0.989613833500431
2023-04-25,103.83124542236328,106.50666,3.8130170335362434,26.187878198708106,5.1174093249131545,2.5965801678930336,0.989613833500431
2023-04-26,103.67243957519533,106.286285,3.8130170335362434,26.187878198708106,5.1174093249131545,2.5965801678930336,0.989613833500431
2023-04-27,107.56326293945312,105.97565,3.8130170335362434,26.187878198708106,5.1174093249131545,2.5965801678930336,0.989613833500431
2023-04-28,107.41437530517578,106.17975,3.8130170335362434,26.187878198708106,5.1174093249131545,2.5965801678930336,0.989613833500431
2023-05-01,106.90816497802734,106.597084,3.8130170335362434,26.187878198708106,5.1174093249131545,2.5965801678930336,0.989613833500431
2023-05-02,105.19105529785158,106.9996,3.8130170335362434,26.187878198708106,5.1174093249131545,2.5965801678930336,0.989613833500431
2023-05-03,105.33001708984376,107.11237,3.8130170335362434,26.187878198708106,5.1174093249131545,2.5965801678930336,0.989613833500431
2023-05-04,104.4267807006836,107.08266,3.8130170335362434,26.187878198708106,5.1174093249131545,2.5965801678930336,0.989613833500431
2023-05-05,105.42429351806642,106.864716,3.8130170335362434,26.187878198708106,5.1174093249131545,2.5965801678930336,0.989613833500431
2023-05-08,107.43421936035158,106.713875,3.8130170335362434,26.187878198708106,5.1174093249131545,2.5965801678930336,0.989613833500431
2023-05-09,107.13645935058594,106.88521,3.8130170335362434,26.187878198708106,5.1174093249131545,2.5965801678930336,0.989613833500431
2023-05-10,111.44414520263673,107.15693,3.8130170335362434,26.187878198708106,5.1174093249131545,2.5965801678930336,0.989613833500431
2023-05-11,116.0297622680664,108.01807,3.8130170335362434,26.187878198708106,5.1174093249131545,2.5965801678930336,0.989613833500431
2023-05-12,117.04216003417967,109.673904,3.8130170335362434,26.187878198708106,5.1174093249131545,2.5965801678930336,0.989613833500431
2023-05-15,116.0893096923828,111.64574,3.8130170335362434,26.187878198708106,5.1174093249131545,2.5965801678930336,0.989613833500431
2023-05-16,119.19601440429688,113.38962,3.8130170335362434,26.187878198708106,5.1174093249131545,2.5965801678930336,0.989613833500431
2023-05-17,120.5756607055664,115.201965,3.8130170335362434,26.187878198708106,5.1174093249131545,2.5965801678930336,0.989613833500431
2023-05-18,122.60047149658206,116.993614,3.8130170335362434,26.187878198708106,5.1174093249131545,2.5965801678930336,0.989613833500431
2023-05-19,122.33248138427734,118.80842,3.8130170335362434,26.187878198708106,5.1174093249131545,2.5965801678930336,0.989613833500431
2023-05-22,124.9329833984375,120.36164,3.8130170335362434,26.187878198708106,5.1174093249131545,2.5965801678930336,0.989613833500431
2023-05-23,122.37218475341795,121.92353,3.8130170335362434,26.187878198708106,5.1174093249131545,2.5965801678930336,0.989613833500431
2023-05-24,120.7344741821289,122.94745,3.8130170335362434,26.187878198708106,5.1174093249131545,2.5965801678930336,0.989613833500431
2023-05-25,123.42429351806639,123.3508,3.8130170335362434,26.187878198708106,5.1174093249131545,2.5965801678930336,0.989613833500431
2023-05-26,124.49625396728516,123.74243,3.8130170335362434,26.187878198708106,5.1174093249131545,2.5965801678930336,0.989613833500431
2023-05-30,123.71214294433594,124.21821,3.8130170335362434,26.187878198708106,5.1174093249131545,2.5965801678930336,0.989613833500431
2023-05-31,122.45159912109376,124.57133,3.8130170335362434,26.187878198708106,5.1174093249131545,2.5965801678930336,0.989613833500431
2023-06-01,123.4441452026367,124.65034,3.8130170335362434,26.187878198708106,5.1174093249131545,2.5965801678930336,0.989613833500431
2023-06-02,124.29774475097656,124.71082,3.8130170335362434,26.187878198708106,5.1174093249131545,2.5965801678930336,0.989613833500431
2023-06-05,125.68732452392578,124.8663,3.8130170335362434,26.187878198708106,5.1174093249131545,2.5965801678930336,0.989613833500431
2023-06-06,126.95779418945311,125.23266,3.8130170335362434,26.187878198708106,5.1174093249131545,2.5965801678930336,0.989613833500431
2023-06-07,122.02479553222658,125.82524,3.8130170335362434,26.187878198708106,5.1174093249131545,2.5965801678930336,0.989613833500431
2023-06-08,121.75679779052734,125.80643,3.8130170335362434,26.187878198708106,5.1174093249131545,2.5965801678930336,0.989613833500431
2023-06-09,121.95531463623047,125.44606,3.8130170335362434,26.187878198708106,5.1174093249131545,2.5965801678930336,0.989613833500431
2023-06-12,123.42429351806639,124.98569,3.8130170335362434,26.187878198708106,5.1174093249131545,2.5965801678930336,0.989613833500431
2023-06-13,123.50369262695312,124.72846,3.8130170335362434,26.187878198708106,5.1174093249131545,2.5965801678930336,0.989613833500431
2023-06-14,123.45406341552734,124.618416,3.8130170335362434,26.187878198708106,5.1174093249131545,2.5965801678930336,0.989613833500431
2023-06-15,124.85357666015624,124.590866,3.8130170335362434,26.187878198708106,5.1174093249131545,2.5965801678930336,0.989613833500431
2023-06-16,123.13645935058594,124.792816,3.8130170335362434,26.187878198708106,5.1174093249131545,2.5965801678930336,0.989613833500431
2023-06-20,122.92801666259767,124.85849,3.8130170335362434,26.187878198708106,5.1174093249131545,2.5965801678930336,0.989613833500431
2023-06-21,120.3572998046875,124.81956,3.8130170335362434,26.187878198708106,5.1174093249131545,2.5965801678930336,0.989613833500431
2023-06-22,122.9478759765625,124.39455,3.8130170335362434,26.187878198708106,5.1174093249131545,2.5965801678930336,0.989613833500431
2023-06-23,122.10418701171876,124.17069,3.8130170335362434,26.187878198708106,5.1174093249131545,2.5965801678930336,0.989613833500431
2023-06-26,118.20346069335938,123.966805,3.8130170335362434,26.187878198708106,5.1174093249131545,2.5965801678930336,0.989613833500431
2023-06-27,118.12405395507812,123.28633,3.8130170335362434,26.187878198708106,5.1174093249131545,2.5965801678930336,0.989613833500431
2023-06-28,120.17863464355469,122.4424,3.8130170335362434,26.187878198708106,5.1174093249131545,2.5965801678930336,0.989613833500431
2023-06-29,119.1166000366211,121.895966,3.8130170335362434,26.187878198708106,5.1174093249131545,2.5965801678930336,0.989613833500431
2023-06-30,120.06946563720706,121.43143,3.8130170335362434,26.187878198708106,5.1174093249131545,2.5965801678930336,0.989613833500431
2023-07-03,119.66250610351561,121.19465,3.8130170335362434,26.187878198708106,5.1174093249131545,2.5965801678930336,0.989613833500431
2023-07-05,121.71710968017578,121.04994,3.8130170335362434,26.187878198708106,5.1174093249131545,2.5965801678930336,0.989613833500431
2023-07-06,120.02976989746092,121.24176,3.8130170335362434,26.187878198708106,5.1174093249131545,2.5965801678930336,0.989613833500431
2023-07-07,119.2456283569336,121.35581,3.8130170335362434,26.187878198708106,5.1174093249131545,2.5965801678930336,0.989613833500431
2023-07-10,115.99999237060548,121.31246,3.8130170335362434,26.187878198708106,5.1174093249131545,2.5965801678930336,0.989613833500431
2023-07-11,116.83373260498047,120.766846,3.8130170335362434,26.187878198708106,5.1174093249131545,2.5965801678930336,0.989613833500431
2023-07-12,118.72950744628908,120.14831,3.8130170335362434,26.187878198708106,5.1174093249131545,2.5965801678930336,0.989613833500431
2023-07-13,123.90072631835938,119.82391,3.8130170335362434,26.187878198708106,5.1174093249131545,2.5965801678930336,0.989613833500431
2023-07-14,124.76424407958984,120.37427,3.8130170335362434,26.187878198708106,5.1174093249131545,2.5965801678930336,0.989613833500431
2023-07-17,124.12902069091795,121.40837,3.8130170335362434,26.187878198708106,5.1174093249131545,2.5965801678930336,0.989613833500431
2023-07-18,123.15631103515624,122.46731,3.8130170335362434,26.187878198708106,5.1174093249131545,2.5965801678930336,0.989613833500431
2023-07-19,121.8659896850586,123.271805,3.8130170335362434,26.187878198708106,5.1174093249131545,2.5965801678930336,0.989613833500431
2023-07-20,118.64017486572266,123.67288,3.8130170335362434,26.187878198708106,5.1174093249131545,2.5965801678930336,0.989613833500431
2023-07-21,119.41436767578124,123.393364,3.8130170335362434,26.187878198708106,5.1174093249131545,2.5965801678930336,0.989613833500431
2023-07-24,120.9726791381836,122.908325,3.8130170335362434,26.187878198708106,5.1174093249131545,2.5965801678930336,0.989613833500431
2023-07-25,121.87591552734376,122.58788,3.8130170335362434,26.187878198708106,5.1174093249131545,2.5965801678930336,0.989613833500431
2023-07-26,128.69476318359375,122.51177,3.8130170335362434,26.187878198708106,5.1174093249131545,2.5965801678930336,0.989613833500431
2023-07-27,128.90321350097656,123.46829,3.8130170335362434,26.187878198708106,5.1174093249131545,2.5965801678930336,0.989613833500431
2023-07-28,132.0198211669922,124.84777,3.8130170335362434,26.187878198708106,5.1174093249131545,2.5965801678930336,0.989613833500431
2023-07-31,132.1190948486328,126.67058,3.8130170335362434,26.187878198708106,5.1174093249131545,2.5965801678930336,0.989613833500431
2023-08-01,130.90817260742188,128.49118,3.8130170335362434,26.187878198708106,5.1174093249131545,2.5965801678930336,0.989613833500431
2023-08-02,127.68237304687501,129.91486,3.8130170335362434,26.187878198708106,5.1174093249131545,2.5965801678930336,0.989613833500431
2023-08-03,127.8114013671875,130.53093,3.8130170335362434,26.187878198708106,5.1174093249131545,2.5965801678930336,0.989613833500431
2023-08-04,127.58309936523439,130.67677,3.8130170335362434,26.187878198708106,5.1174093249131545,2.5965801678930336,0.989613833500431
2023-08-07,130.95779418945312,130.53636,3.8130170335362434,26.187878198708106,5.1174093249131545,2.5965801678930336,0.989613833500431
2023-08-08,130.85853576660156,130.71208,3.8130170335362434,26.187878198708106,5.1174093249131545,2.5965801678930336,0.989613833500431
2023-08-09,129.1811065673828,131.01186,3.8130170335362434,26.187878198708106,5.1174093249131545,2.5965801678930336,0.989613833500431
2023-08-10,129.2406768798828,131.1158,3.8130170335362434,26.187878198708106,5.1174093249131545,2.5965801678930336,0.989613833500431
2023-08-11,129.20094299316406,131.11455,3.8130170335362434,26.187878198708106,5.1174093249131545,2.5965801678930336,0.989613833500431
2023-08-14,130.84860229492188,131.05458,3.8130170335362434,26.187878198708106,5.1174093249131545,2.5965801678930336,0.989613833500431
2023-08-15,129.30023193359375,131.18852,3.8130170335362434,26.187878198708106,5.1174093249131545,2.5965801678930336,0.989613833500431
2023-08-16,128.1488494873047,131.20049,3.8130170335362434,26.187878198708106,5.1174093249131545,2.5965801678930336,0.989613833500431
2023-08-17,129.48883056640625,130.99875,3.8130170335362434,26.187878198708106,5.1174093249131545,2.5965801678930336,0.989613833500431
2023-08-18,127.15631103515624,130.89044,3.8130170335362434,26.187878198708106,5.1174093249131545,2.5965801678930336,0.989613833500431
2023-08-21,127.97022247314452,130.53802,3.8130170335362434,26.187878198708106,5.1174093249131545,2.5965801678930336,0.989613833500431
2023-08-22,128.7245330810547,130.21469,3.8130170335362434,26.187878198708106,5.1174093249131545,2.5965801678930336,0.989613833500431
2023-08-23,132.21835327148438,130.04677,3.8130170335362434,26.187878198708106,5.1174093249131545,2.5965801678930336,0.989613833500431
2023-08-24,129.44912719726562,130.43748,3.8130170335362434,26.187878198708106,5.1174093249131545,2.5965801678930336,0.989613833500431
2023-08-25,129.7171173095703,130.69714,3.8130170335362434,26.187878198708106,5.1174093249131545,2.5965801678930336,0.989613833500431
2023-08-28,130.8088836669922,130.8924,3.8130170335362434,26.187878198708106,5.1174093249131545,2.5965801678930336,0.989613833500431
2023-08-29,134.4813690185547,131.17244,3.8130170335362434,26.187878198708106,5.1174093249131545,2.5965801678930336,0.989613833500431
2023-08-30,135.91062927246094,131.94032,3.8130170335362434,26.187878198708106,5.1174093249131545,2.5965801678930336,0.989613833500431
2023-08-31,136.32752990722656,133.04231,3.8130170335362434,26.187878198708106,5.1174093249131545,2.5965801678930336,0.989613833500431
2023-09-01,135.78163146972656,134.22493,3.8130170335362434,26.187878198708106,5.1174093249131545,2.5965801678930336,0.989613833500431
2023-09-05,135.6923065185547,135.22375,3.8130170335362434,26.187878198708106,5.1174093249131545,2.5965801678930336,0.989613833500431
2023-09-06,134.36224365234375,135.98898,3.8130170335362434,26.187878198708106,5.1174093249131545,2.5965801678930336,0.989613833500431
2023-09-07,135.18606567382812,136.3639,3.8130170335362434,26.187878198708106,5.1174093249131545,2.5965801678930336,0.989613833500431
2023-09-08,136.1786346435547,136.60086,3.8130170335362434,26.187878198708106,5.1174093249131545,2.5965801678930336,0.989613833500431
2023-09-11,136.71463012695312,136.86696,3.8130170335362434,26.187878198708106,5.1174093249131545,2.5965801678930336,0.989613833500431
2023-09-12,135.0570526123047,137.18353,3.8130170335362434,26.187878198708106,5.1174093249131545,2.5965801678930336,0.989613833500431
2023-09-13,136.47642517089844,137.26869,3.8130170335362434,26.187878198708106,5.1174093249131545,2.5965801678930336,0.989613833500431
2023-09-14,137.95530700683594,137.41074,3.8130170335362434,26.187878198708106,5.1174093249131545,2.5965801678930336,0.989613833500431
2023-09-15,137.27044677734375,137.7556,3.8130170335362434,26.187878198708106,5.1174093249131545,2.5965801678930336,0.989613833500431
2023-09-18,137.925537109375,138.0694,3.8130170335362434,26.187878198708106,5.1174093249131545,2.5965801678930336,0.989613833500431
2023-09-19,137.7965087890625,138.41254,3.8130170335362434,26.187878198708106,5.1174093249131545,2.5965801678930336,0.989613833500431
2023-09-20,133.58807373046875,138.70935,3.8130170335362434,26.187878198708106,5.1174093249131545,2.5965801678930336,0.989613833500431
2023-09-21,130.38211059570312,138.39682,3.8130170335362434,26.187878198708106,5.1174093249131545,2.5965801678930336,0.989613833500431
2023-09-22,130.27293395996094,137.39877,3.8130170335362434,26.187878198708106,5.1174093249131545,2.5965801678930336,0.989613833500431
2023-09-25,131.18609619140625,136.16682,3.8130170335362434,26.187878198708106,5.1174093249131545,2.5965801678930336,0.989613833500431
2023-09-26,128.486328125,135.09386,3.8130170335362434,26.187878198708106,5.1174093249131545,2.5965801678930336,0.989613833500431
2023-09-27,130.4813690185547,133.88763,3.8130170335362434,26.187878198708106,5.1174093249131545,2.5965801678930336,0.989613833500431
2023-09-28,132.138916015625,133.03004,3.8130170335362434,26.187878198708106,5.1174093249131545,2.5965801678930336,0.989613833500431
2023-09-29,130.86846923828125,132.6762,3.8130170335362434,26.187878198708106,5.1174093249131545,2.5965801678930336,0.989613833500431
2023-10-02,134.1637420654297,132.45708,3.8130170335362434,26.187878198708106,5.1174093249131545,2.5965801678930336,0.989613833500431
2023-10-03,132.30767822265625,132.7656,3.8130170335362434,26.187878198708106,5.1174093249131545,2.5965801678930336,0.989613833500431
2023-10-04,135.25555419921875,133.05792,3.8130170335362434,26.187878198708106,5.1174093249131545,2.5965801678930336,0.989613833500431
2023-10-05,134.97763061523438,133.69022,3.8130170335362434,26.187878198708106,5.1174093249131545,2.5965801678930336,0.989613833500431
2023-10-06,137.6972198486328,134.37596,3.8130170335362434,26.187878198708106,5.1174093249131545,2.5965801678930336,0.989613833500431
2023-10-09,138.4615020751953,135.35587,3.8130170335362434,26.187878198708106,5.1174093249131545,2.5965801678930336,0.989613833500431
2023-10-10,138.1637420654297,136.4573,3.8130170335362434,26.187878198708106,5.1174093249131545,2.5965801678930336,0.989613833500431
2023-10-11,140.64512634277344,137.43918,3.8130170335362434,26.187878198708106,5.1174093249131545,2.5965801678930336,0.989613833500431
2023-10-12,139.24562072753906,138.55739,3.8130170335362434,26.187878198708106,5.1174093249131545,2.5965801678930336,0.989613833500431
2023-10-13,137.54837036132812,139.4176,3.8130170335362434,26.187878198708106,5.1174093249131545,2.5965801678930336,0.989613833500431
2023-10-16,139.44415283203125,139.81613,3.8130170335362434,26.187878198708106,5.1174093249131545,2.5965801678930336,0.989613833500431
2023-10-17,139.94041442871094,140.17638,3.8130170335362434,26.187878198708106,5.1174093249131545,2.5965801678930336,0.989613833500431
2023-10-18,138.2431640625,140.53511,3.8130170335362434,26.187878198708106,5.1174093249131545,2.5965801678930336,0.989613833500431
2023-10-19,137.9453887939453,140.62646,3.8130170335362434,26.187878198708106,5.1174093249131545,2.5965801678930336,0.989613833500431
2023-10-20,135.72206115722656,140.53195,3.8130170335362434,26.187878198708106,5.1174093249131545,2.5965801678930336,0.989613833500431
2023-10-23,136.8734130859375,140.06606,3.8130170335362434,26.187878198708106,5.1174093249131545,2.5965801678930336,0.989613833500431
2023-10-24,139.07688903808594,139.62152,3.8130170335362434,26.187878198708106,5.1174093249131545,2.5965801678930336,0.989613833500431
2023-10-25,125.72702026367188,139.53137,3.8130170335362434,26.187878198708106,5.1174093249131545,2.5965801678930336,0.989613833500431
2023-10-26,122.52107238769533,137.89603,3.8130170335362434,26.187878198708106,5.1174093249131545,2.5965801678930336,0.989613833500431
2023-10-27,122.48136901855467,135.26833,3.8130170335362434,26.187878198708106,5.1174093249131545,2.5965801678930336,0.989613833500431
2023-10-30,124.81388092041016,132.46545,3.8130170335362434,26.187878198708106,5.1174093249131545,2.5965801678930336,0.989613833500431
2023-10-31,124.3672332763672,130.23904,3.8130170335362434,26.187878198708106,5.1174093249131545,2.5965801678930336,0.989613833500431
2023-11-01,126.62033081054688,128.53505,3.8130170335362434,26.187878198708106,5.1174093249131545,2.5965801678930336,0.989613833500431
2023-11-02,127.62281799316406,127.61231,3.8130170335362434,26.187878198708106,5.1174093249131545,2.5965801678930336,0.989613833500431
2023-11-03,129.3994903564453,127.33623,3.8130170335362434,26.187878198708106,5.1174093249131545,2.5965801678930336,0.989613833500431
2023-11-06,130.47145080566406,127.65628,3.8130170335362434,26.187878198708106,5.1174093249131545,2.5965801678930336,0.989613833500431
2023-11-07,131.4143524169922,128.37663,3.8130170335362434,26.187878198708106,5.1174093249131545,2.5965801678930336,0.989613833500431
2023-11-08,132.26795959472656,129.32947,3.8130170335362434,26.187878198708106,5.1174093249131545,2.5965801678930336,0.989613833500431
2023-11-09,130.7096710205078,130.38817,3.8130170335362434,26.187878198708106,5.1174093249131545,2.5965801678930336,0.989613833500431
2023-11-10,133.06201171875,131.15916,3.8130170335362434,26.187878198708106,5.1174093249131545,2.5965801678930336,0.989613833500431
2023-11-13,132.64512634277344,131.99355,3.8130170335362434,26.187878198708106,5.1174093249131545,2.5965801678930336,0.989613833500431
2023-11-14,134.4217987060547,132.6973,3.8130170335362434,26.187878198708106,5.1174093249131545,2.5965801678930336,0.989613833500431
2023-11-15,135.36476135253906,133.47679,3.8130170335362434,26.187878198708106,5.1174093249131545,2.5965801678930336,0.989613833500431
2023-11-16,137.66748046875,134.3166,3.8130170335362434,26.187878198708106,5.1174093249131545,2.5965801678930336,0.989613833500431
2023-11-17,135.9205780029297,135.37892,3.8130170335362434,26.187878198708106,5.1174093249131545,2.5965801678930336,0.989613833500431
2023-11-20,136.89328002929688,136.18758,3.8130170335362434,26.187878198708106,5.1174093249131545,2.5965801678930336,0.989613833500431
2023-11-21,137.5880584716797,136.89038,3.8130170335362434,26.187878198708106,5.1174093249131545,2.5965801678930336,0.989613833500431
2023-11-22,138.97764587402344,137.53894,3.8130170335362434,26.187878198708106,5.1174093249131545,2.5965801678930336,0.989613833500431
2023-11-24,137.1910400390625,138.25737,3.8130170335362434,26.187878198708106,5.1174093249131545,2.5965801678930336,0.989613833500431
2023-11-27,137.0222930908203,138.68553,3.8130170335362434,26.187878198708106,5.1174093249131545,2.5965801678930336,0.989613833500431
2023-11-28,137.5880584716797,138.8899,3.8130170335362434,26.187878198708106,5.1174093249131545,2.5965801678930336,0.989613833500431
2023-11-29,135.3845977783203,139.02803,3.8130170335362434,26.187878198708106,5.1174093249131545,2.5965801678930336,0.989613833500431
2023-11-30,132.92303466796875,138.82803,3.8130170335362434,26.187878198708106,5.1174093249131545,2.5965801678930336,0.989613833500431
2023-12-01,132.32749938964844,138.16231,3.8130170335362434,26.187878198708106,5.1174093249131545,2.5965801678930336,0.989613833500431
2023-12-04,129.6575469970703,137.26839,3.8130170335362434,26.187878198708106,5.1174093249131545,2.5965801678930336,0.989613833500431
2023-12-05,131.40444946289062,136.02557,3.8130170335362434,26.187878198708106,5.1174093249131545,2.5965801678930336,0.989613833500431
2023-12-06,130.45159912109375,134.9936,3.8130170335362434,26.187878198708106,5.1174093249131545,2.5965801678930336,0.989613833500431
2023-12-07,137.4193115234375,134.07697,3.8130170335362434,26.187878198708106,5.1174093249131545,2.5965801678930336,0.989613833500431
2023-12-08,135.62281799316406,134.2478,3.8130170335362434,26.187878198708106,5.1174093249131545,2.5965801678930336,0.989613833500431
2023-12-11,133.69723510742188,134.71175,3.8130170335362434,26.187878198708106,5.1174093249131545,2.5965801678930336,0.989613833500431
2023-12-12,132.64512634277344,135.01306,3.8130170335362434,26.187878198708106,5.1174093249131545,2.5965801678930336,0.989613833500431
2023-12-13,132.97267150878906,135.0555,3.8130170335362434,26.187878198708106,5.1174093249131545,2.5965801678930336,0.989613833500431
2023-12-14,132.20838928222656,135.00429,3.8130170335362434,26.187878198708106,5.1174093249131545,2.5965801678930336,0.989613833500431
2023-12-15,132.84364318847656,134.81291,3.8130170335362434,26.187878198708106,5.1174093249131545,2.5965801678930336,0.989613833500431
2023-12-18,136.16871643066406,134.65884,3.8130170335362434,26.187878198708106,5.1174093249131545,2.5965801678930336,0.989613833500431
2023-12-19,137.0719451904297,134.97804,3.8130170335362434,26.187878198708106,5.1174093249131545,2.5965801678930336,0.989613833500431
2023-12-20,138.62034606933594,135.61336,3.8130170335362434,26.187878198708106,5.1174093249131545,2.5965801678930336,0.989613833500431
2023-12-21,140.74441528320312,136.5285,3.8130170335362434,26.187878198708106,5.1174093249131545,2.5965801678930336,0.989613833500431
2023-12-22,141.6575469970703,137.74341,3.8130170335362434,26.187878198708106,5.1174093249131545,2.5965801678930336,0.989613833500431
2023-12-26,141.75680541992188,139.07135,3.8130170335362434,26.187878198708106,5.1174093249131545,2.5965801678930336,0.989613833500431
2023-12-27,140.3870849609375,140.29787,3.8130170335362434,26.187878198708106,5.1174093249131545,2.5965801678930336,0.989613833500431
2023-12-28,140.22828674316406,141.13695,3.8130170335362434,26.187878198708106,5.1174093249131545,2.5965801678930336,0.989613833500431
2023-12-29,139.88087463378906,141.65187,3.8130170335362434,26.187878198708106,5.1174093249131545,2.5965801678930336,0.989613833500431
2024-01-02,138.52105712890625,141.89153,3.8130170335362434,26.187878198708106,5.1174093249131545,2.5965801678930336,0.989613833500431
2024-01-03,139.31512451171875,141.78471,3.8130170335362434,26.187878198708106,5.1174093249131545,2.5965801678930336,0.989613833500431
2024-01-04,137.0123748779297,141.61942,3.8130170335362434,26.187878198708106,5.1174093249131545,2.5965801678930336,0.989613833500431
2024-01-05,136.36721801757812,141.14638,3.8130170335362434,26.187878198708106,5.1174093249131545,2.5965801678930336,0.989613833500431
2024-01-08,139.48385620117188,140.49434,3.8130170335362434,26.187878198708106,5.1174093249131545,2.5965801678930336,0.989613833500431
2024-01-09,141.49871826171875,140.24011,3.8130170335362434,26.187878198708106,5.1174093249131545,2.5965801678930336,0.989613833500431
2024-01-10,142.72950744628906,140.48192,3.8130170335362434,26.187878198708106,5.1174093249131545,2.5965801678930336,0.989613833500431
2024-01-11,142.60047912597656,141.10384,3.8130170335362434,26.187878198708106,5.1174093249131545,2.5965801678930336,0.989613833500431
2024-01-12,143.16624450683594,141.82103,3.8130170335362434,26.187878198708106,5.1174093249131545,2.5965801678930336,0.989613833500431
2024-01-16,143.00741577148438,142.56755,3.8130170335362434,26.187878198708106,5.1174093249131545,2.5965801678930336,0.989613833500431
2024-01-17,141.82627868652344,143.21228,3.8130170335362434,26.187878198708106,5.1174093249131545,2.5965801678930336,0.989613833500431
2024-01-18,143.91065979003906,143.56985,3.8130170335362434,26.187878198708106,5.1174093249131545,2.5965801678930336,0.989613833500431
2024-01-19,146.86846923828125,144.00703,3.8130170335362434,26.187878198708106,5.1174093249131545,2.5965801678930336,0.989613833500431
2024-01-22,146.6104278564453,144.81197,3.8130170335362434,26.187878198708106,5.1174093249131545,2.5965801678930336,0.989613833500431
2024-01-23,147.5731658935547,145.66628,3.8130170335362434,26.187878198708106,5.1174093249131545,2.5965801678930336,0.989613833500431
2024-01-24,149.2307586669922,146.56096,3.8130170335362434,26.187878198708106,5.1174093249131545,2.5965801678930336,0.989613833500431
2024-01-25,152.4962615966797,147.57547,3.8130170335362434,26.187878198708106,5.1174093249131545,2.5965801678930336,0.989613833500431
2024-01-26,152.64512634277344,148.94257,3.8130170335362434,26.187878198708106,5.1174093249131545,2.5965801678930336,0.989613833500431
2024-01-29,153.68731689453125,150.33148,3.8130170335362434,26.187878198708106,5.1174093249131545,2.5965801678930336,0.989613833500431
2024-01-30,151.91064453125,151.68835,3.8130170335362434,26.187878198708106,5.1174093249131545,2.5965801678930336,0.989613833500431
2024-01-31,140.74441528320312,152.62634,3.8130170335362434,26.187878198708106,5.1174093249131545,2.5965801678930336,0.989613833500431
2024-02-01,141.6476287841797,151.7958,3.8130170335362434,26.187878198708106,5.1174093249131545,2.5965801678930336,0.989613833500431
2024-02-02,142.47142028808594,150.29045,3.8130170335362434,26.187878198708106,5.1174093249131545,2.5965801678930336,0.989613833500431
2024-02-05,143.85107421875,148.7386,3.8130170335362434,26.187878198708106,5.1174093249131545,2.5965801678930336,0.989613833500431
2024-02-06,144.32752990722656,147.53993,3.8130170335362434,26.187878198708106,5.1174093249131545,2.5965801678930336,0.989613833500431
2024-02-07,145.58807373046875,146.73573,3.8130170335362434,26.187878198708106,5.1174093249131545,2.5965801678930336,0.989613833500431
2024-02-08,146.1240692138672,146.39755,3.8130170335362434,26.187878198708106,5.1174093249131545,2.5965801678930336,0.989613833500431
2024-02-09,149.10171508789062,146.40782,3.8130170335362434,26.187878198708106,5.1174093249131545,2.5965801678930336,0.989613833500431
2024-02-12,147.62278747558594,146.97836,3.8130170335362434,26.187878198708106,5.1174093249131545,2.5965801678930336,0.989613833500431
2024-02-13,145.28036499023438,147.56775,3.8130170335362434,26.187878198708106,5.1174093249131545,2.5965801678930336,0.989613833500431
2024-02-14,146.04464721679688,147.78905,3.8130170335362434,26.187878198708106,5.1174093249131545,2.5965801678930336,0.989613833500431
2024-02-15,142.86846923828125,147.8947,3.8130170335362434,26.187878198708106,5.1174093249131545,2.5965801678930336,0.989613833500431
2024-02-16,140.70469665527344,147.51793,3.8130170335362434,26.187878198708106,5.1174093249131545,2.5965801678930336,0.989613833500431
2024-02-20,141.1414031982422,146.66585,3.8130170335362434,26.187878198708106,5.1174093249131545,2.5965801678930336,0.989613833500431
2024-02-21,142.7692108154297,145.73796,3.8130170335362434,26.187878198708106,5.1174093249131545,2.5965801678930336,0.989613833500431
2024-02-22,144.2382049560547,145.10094,3.8130170335362434,26.187878198708106,5.1174093249131545,2.5965801678930336,0.989613833500431
2024-02-23,144.20840454101562,144.88342,3.8130170335362434,26.187878198708106,5.1174093249131545,2.5965801678930336,0.989613833500431
2024-02-26,137.7171173095703,144.90251,3.8130170335362434,26.187878198708106,5.1174093249131545,2.5965801678930336,0.989613833500431
2024-02-27,139.05706787109375,144.19795,3.8130170335362434,26.187878198708106,5.1174093249131545,2.5965801678930336,0.989613833500431
2024-02-28,136.40692138671875,143.3901,3.8130170335362434,26.187878198708106,5.1174093249131545,2.5965801678930336,0.989613833500431
2024-02-29,138.7394256591797,142.28862,3.8130170335362434,26.187878198708106,5.1174093249131545,2.5965801678930336,0.989613833500431
2024-03-01,137.0520782470703,141.48244,3.8130170335362434,26.187878198708106,5.1174093249131545,2.5965801678930336,0.989613833500431
2024-03-04,133.20098876953125,140.71013,3.8130170335362434,26.187878198708106,5.1174093249131545,2.5965801678930336,0.989613833500431
2024-03-05,132.78411865234375,139.55396,3.8130170335362434,26.187878198708106,5.1174093249131545,2.5965801678930336,0.989613833500431
2024-03-06,131.5731964111328,138.29665,3.8130170335362434,26.187878198708106,5.1174093249131545,2.5965801678930336,0.989613833500431
2024-03-07,134.2332305908203,136.99112,3.8130170335362434,26.187878198708106,5.1174093249131545,2.5965801678930336,0.989613833500431
2024-03-08,135.27542114257812,136.17564,3.8130170335362434,26.187878198708106,5.1174093249131545,2.5965801678930336,0.989613833500431
2024-03-11,137.90570068359375,135.84949,3.8130170335362434,26.187878198708106,5.1174093249131545,2.5965801678930336,0.989613833500431
2024-03-12,138.58062744140625,136.15656,3.8130170335362434,26.187878198708106,5.1174093249131545,2.5965801678930336,0.989613833500431
2024-03-13,139.72210693359375,136.83195,3.8130170335362434,26.187878198708106,5.1174093249131545,2.5965801678930336,0.989613833500431
2024-03-14,143.26547241210938,137.75496,3.8130170335362434,26.187878198708106,5.1174093249131545,2.5965801678930336,0.989613833500431
2024-03-15,141.11163330078125,139.14526,3.8130170335362434,26.187878198708106,5.1174093249131545,2.5965801678930336,0.989613833500431
2024-03-18,147.3746795654297,140.31136,3.8130170335362434,26.187878198708106,5.1174093249131545,2.5965801678930336,0.989613833500431
2024-03-19,146.81884765625,142.02896,3.8130170335362434,26.187878198708106,5.1174093249131545,2.5965801678930336,0.989613833500431
2024-03-20,148.56573486328125,143.7302,3.8130170335362434,26.187878198708106,5.1174093249131545,2.5965801678930336,0.989613833500431
2024-03-21,147.63275146484375,145.4314,3.8130170335362434,26.187878198708106,5.1174093249131545,2.5965801678930336,0.989613833500431
2024-03-22,150.6401824951172,146.79254,3.8130170335362434,26.187878198708106,5.1174093249131545,2.5965801678930336,0.989613833500431
2024-03-25,150.02479553222656,148.19646,3.8130170335362434,26.187878198708106,5.1174093249131545,2.5965801678930336,0.989613833500431
2024-03-26,150.57069396972656,149.36176,3.8130170335362434,26.187878198708106,5.1174093249131545,2.5965801678930336,0.989613833500431
2024-03-27,150.8089141845703,150.32806,3.8130170335362434,26.187878198708106,5.1174093249131545,2.5965801678930336,0.989613833500431
2024-03-28,151.1265411376953,151.1005,3.8130170335362434,26.187878198708106,5.1174093249131545,2.5965801678930336,0.989613833500431
2024-04-01,155.33497619628906,151.71698,3.8130170335362434,26.187878198708106,5.1174093249131545,2.5965801678930336,0.989613833500431
2024-04-02,154.70965576171875,152.71803,3.8130170335362434,26.187878198708106,5.1174093249131545,2.5965801678930336,0.989613833500431
2024-04-03,155.20590209960938,153.70457,3.8130170335362434,26.187878198708106,5.1174093249131545,2.5965801678930336,0.989613833500431
2024-04-04,150.8089141845703,154.6222,3.8130170335362434,26.187878198708106,5.1174093249131545,2.5965801678930336,0.989613833500431
2024-04-05,152.7940216064453,154.8224,3.8130170335362434,26.187878198708106,5.1174093249131545,2.5965801678930336,0.989613833500431
2024-04-08,154.97763061523438,154.88948,3.8130170335362434,26.187878198708106,5.1174093249131545,2.5965801678930336,0.989613833500431
2024-04-09,156.96275329589844,155.16077,3.8130170335362434,26.187878198708106,5.1174093249131545,2.5965801678930336,0.989613833500431
2024-04-10,156.486328125,155.75662,3.8130170335362434,26.187878198708106,5.1174093249131545,2.5965801678930336,0.989613833500431
2024-04-11,159.593017578125,156.38013,3.8130170335362434,26.187878198708106,5.1174093249131545,2.5965801678930336,0.989613833500431
2024-04-12,158.00494384765625,157.33751,3.8130170335362434,26.187878198708106,5.1174093249131545,2.5965801678930336,0.989613833500431
2024-04-15,155.16622924804688,158.13779,3.8130170335362434,26.187878198708106,5.1174093249131545,2.5965801678930336,0.989613833500431
2024-04-16,154.83868408203125,158.39377,3.8130170335362434,26.187878198708106,5.1174093249131545,2.5965801678930336,0.989613833500431
2024-04-17,155.712158203125,158.29985,3.8130170335362434,26.187878198708106,5.1174093249131545,2.5965801678930336,0.989613833500431
2024-04-18,156.28782653808594,158.15247,3.8130170335362434,26.187878198708106,5.1174093249131545,2.5965801678930336,0.989613833500431
2024-04-19,154.56076049804688,158.07092,3.8130170335362434,26.187878198708106,5.1174093249131545,2.5965801678930336,0.989613833500431
2024-04-22,156.77415466308594,157.81227,3.8130170335362434,26.187878198708106,5.1174093249131545,2.5965801678930336,0.989613833500431
2024-04-23,158.7294921875,157.7809,3.8130170335362434,26.187878198708106,5.1174093249131545,2.5965801678930336,0.989613833500431
2024-04-24,159.9007110595703,158.11916,3.8130170335362434,26.187878198708106,5.1174093249131545,2.5965801678930336,0.989613833500431
2024-04-25,156.77415466308594,158.75204,3.8130170335362434,26.187878198708106,5.1174093249131545,2.5965801678930336,0.989613833500431
2024-04-26,172.39698791503906,159.05338,3.8130170335362434,26.187878198708106,5.1174093249131545,2.5965801678930336,0.989613833500431
2024-04-29,166.6501007080078,161.15057,3.8130170335362434,26.187878198708106,5.1174093249131545,2.5965801678930336,0.989613833500431
2024-04-30,163.41436767578128,163.14969,3.8130170335362434,26.187878198708106,5.1174093249131545,2.5965801678930336,0.989613833500431
2024-05-01,164.33746337890622,164.43573,3.8130170335362434,26.187878198708106,5.1174093249131545,2.5965801678930336,0.989613833500431
2024-05-02,167.2059326171875,165.31554,3.8130170335362434,26.187878198708106,5.1174093249131545,2.5965801678930336,0.989613833500431
2024-05-03,167.7319793701172,166.24345,3.8130170335362434,26.187878198708106,5.1174093249131545,2.5965801678930336,0.989613833500431
2024-05-06,168.5657196044922,167.1457,3.8130170335362434,26.187878198708106,5.1174093249131545,2.5965801678930336,0.989613833500431
2024-05-07,171.6922607421875,168.0279,3.8130170335362434,26.187878198708106,5.1174093249131545,2.5965801678930336,0.989613833500431
2024-05-08,169.8858184814453,169.18619,3.8130170335362434,26.187878198708106,5.1174093249131545,2.5965801678930336,0.989613833500431
2024-05-09,170.30270385742188,170.10803,3.8130170335362434,26.187878198708106,5.1174093249131545,2.5965801678930336,0.989613833500431
2024-05-10,169.0222930908203,170.84758,3.8130170335362434,26.187878198708106,5.1174093249131545,2.5965801678930336,0.989613833500431
2024-05-13,169.6277770996094,171.23882,3.8130170335362434,26.187878198708106,5.1174093249131545,2.5965801678930336,0.989613833500431
2024-05-14,170.6500701904297,171.48141,3.8130170335362434,26.187878198708106,5.1174093249131545,2.5965801678930336,0.989613833500431
2024-05-15,172.5855712890625,171.74774,3.8130170335362434,26.187878198708106,5.1174093249131545,2.5965801678930336,0.989613833500431
2024-05-16,174.12403869628906,172.23836,3.8130170335362434,26.187878198708106,5.1174093249131545,2.5965801678930336,0.989613833500431
2024-05-17,175.9701995849609,172.97607,3.8130170335362434,26.187878198708106,5.1174093249131545,2.5965801678930336,0.989613833500431
2024-05-20,177.13148498535156,173.98022,3.8130170335362434,26.187878198708106,5.1174093249131545,2.5965801678930336,0.989613833500431
2024-05-21,178.2034454345703,175.13995,3.8130170335362434,26.187878198708106,5.1174093249131545,2.5965801678930336,0.989613833500431
2024-05-22,176.6748809814453,176.3683,3.8130170335362434,26.187878198708106,5.1174093249131545,2.5965801678930336,0.989613833500431
2024-05-23,173.75679016113278,177.28426,3.8130170335362434,26.187878198708106,5.1174093249131545,2.5965801678930336,0.989613833500431
2024-05-24,175.017333984375,177.55959,3.8130170335362434,26.187878198708106,5.1174093249131545,2.5965801678930336,0.989613833500431
2024-05-28,176.69476318359375,177.63509,3.8130170335362434,26.187878198708106,5.1174093249131545,2.5965801678930336,0.989613833500431
2024-05-29,176.07936096191403,177.81116,3.8130170335362434,26.187878198708106,5.1174093249131545,2.5965801678930336,0.989613833500431
2024-05-30,172.26795959472656,177.93913,3.8130170335362434,26.187878198708106,5.1174093249131545,2.5965801678930336,0.989613833500431
2024-05-31,172.66497802734375,177.54686,3.8130170335362434,26.187878198708106,5.1174093249131545,2.5965801678930336,0.989613833500431
2024-06-03,173.12155151367188,176.98999,3.8130170335362434,26.187878198708106,5.1174093249131545,2.5965801678930336,0.989613833500431
2024-06-04,173.82627868652344,176.47618,3.8130170335362434,26.187878198708106,5.1174093249131545,2.5965801678930336,0.989613833500431
2024-06-05,175.75184631347656,176.13792,3.8130170335362434,26.187878198708106,5.1174093249131545,2.5965801678930336,0.989613833500431
2024-06-06,177.0222930908203,176.17477,3.8130170335362434,26.187878198708106,5.1174093249131545,2.5965801678930336,0.989613833500431
2024-06-07,174.64018249511716,176.55798,3.8130170335362434,26.187878198708106,5.1174093249131545,2.5965801678930336,0.989613833500431
2024-06-10,175.51461791992188,176.76831,3.8130170335362434,26.187878198708106,5.1174093249131545,2.5965801678930336,0.989613833500431
2024-06-11,177.06475830078125,176.97554,3.8130170335362434,26.187878198708106,5.1174093249131545,2.5965801678930336,0.989613833500431
2024-06-12,178.4261016845703,177.35045,3.8130170335362434,26.187878198708106,5.1174093249131545,2.5965801678930336,0.989613833500431
2024-06-13,175.6239013671875,177.93524,3.8130170335362434,26.187878198708106,5.1174093249131545,2.5965801678930336,0.989613833500431
2024-06-14,177.24363708496097,178.20021,3.8130170335362434,26.187878198708106,5.1174093249131545,2.5965801678930336,0.989613833500431
2024-06-17,177.65103149414062,178.4748,3.8130170335362434,26.187878198708106,5.1174093249131545,2.5965801678930336,0.989613833500431
2024-06-18,175.33575439453128,178.77055,3.8130170335362434,26.187878198708106,5.1174093249131545,2.5965801678930336,0.989613833500431
2024-06-20,176.58779907226565,178.74863,3.8130170335362434,26.187878198708106,5.1174093249131545,2.5965801678930336,0.989613833500431
2024-06-21,179.12167358398438,178.72655,3.8130170335362434,26.187878198708106,5.1174093249131545,2.5965801678930336,0.989613833500431
2024-06-24,179.64833068847656,179.02596,3.8130170335362434,26.187878198708106,5.1174093249131545,2.5965801678930336,0.989613833500431
2024-06-25,184.40809631347656,179.51735,3.8130170335362434,26.187878198708106,5.1174093249131545,2.5965801678930336,0.989613833500431
2024-06-26,184.19940185546875,180.6445,3.8130170335362434,26.187878198708106,5.1174093249131545,2.5965801678930336,0.989613833500431
2024-06-27,185.67999267578125,181.92532,3.8130170335362434,26.187878198708106,5.1174093249131545,2.5965801678930336,0.989613833500431
2024-06-28,182.26173400878906,183.31042,3.8130170335362434,26.187878198708106,5.1174093249131545,2.5965801678930336,0.989613833500431
2024-07-01,183.32498168945315,184.14552,3.8130170335362434,26.187878198708106,5.1174093249131545,2.5965801678930336,0.989613833500431
2024-07-02,185.43157958984372,184.73198,3.8130170335362434,26.187878198708106,5.1174093249131545,2.5965801678930336,0.989613833500431
2024-07-03,186.2066802978516,185.3827,3.8130170335362434,26.187878198708106,5.1174093249131545,2.5965801678930336,0.989613833500431
2024-07-05,190.7478179931641,186.08215,3.8130170335362434,26.187878198708106,5.1174093249131545,2.5965801678930336,0.989613833500431
2024-07-08,189.27713012695312,187.28865,3.8130170335362434,26.187878198708106,5.1174093249131545,2.5965801678930336,0.989613833500431
2024-07-09,189.2373962402344,188.41692,3.8130170335362434,26.187878198708106,5.1174093249131545,2.5965801678930336,0.989613833500431
2024-07-10,191.44338989257804,189.36125,3.8130170335362434,26.187878198708106,5.1174093249131545,2.5965801678930336,0.989613833500431
2024-07-11,186.11724853515625,190.37016,3.8130170335362434,26.187878198708106,5.1174093249131545,2.5965801678930336,0.989613833500431
2024-07-12,185.60052490234372,190.6213,3.8130170335362434,26.187878198708106,5.1174093249131545,2.5965801678930336,0.989613833500431
2024-07-15,187.0016021728516,190.39388,3.8130170335362434,26.187878198708106,5.1174093249131545,2.5965801678930336,0.989613833500431
2024-07-16,184.3285980224609,190.12566,3.8130170335362434,26.187878198708106,5.1174093249131545,2.5965801678930336,0.989613833500431
2024-07-17,181.4667816162109,189.53635,3.8130170335362434,26.187878198708106,5.1174093249131545,2.5965801678930336,0.989613833500431
2024-07-18,178.0882568359375,188.50052,3.8130170335362434,26.187878198708106,5.1174093249131545,2.5965801678930336,0.989613833500431
2024-07-19,178.2571563720703,186.94339,3.8130170335362434,26.187878198708106,5.1174093249131545,2.5965801678930336,0.989613833500431
2024-07-22,182.1921844482422,185.3346,3.8130170335362434,26.187878198708106,5.1174093249131545,2.5965801678930336,0.989613833500431
2024-07-23,182.4405975341797,184.39206,3.8130170335362434,26.187878198708106,5.1174093249131545,2.5965801678930336,0.989613833500431
2024-07-24,173.26887512207034,183.93707,3.8130170335362434,26.187878198708106,5.1174093249131545,2.5965801678930336,0.989613833500431
2024-07-25,168.09176635742188,182.63686,3.8130170335362434,26.187878198708106,5.1174093249131545,2.5965801678930336,0.989613833500431
2024-07-26,167.61480712890625,180.41844,3.8130170335362434,26.187878198708106,5.1174093249131545,2.5965801678930336,0.989613833500431
2024-07-29,170.04934692382812,177.94513,3.8130170335362434,26.187878198708106,5.1174093249131545,2.5965801678930336,0.989613833500431
2024-07-30,170.7747344970703,175.95561,3.8130170335362434,26.187878198708106,5.1174093249131545,2.5965801678930336,0.989613833500431
2024-07-31,172.0565948486328,174.55304,3.8130170335362434,26.187878198708106,5.1174093249131545,2.5965801678930336,0.989613833500431
2024-08-01,171.3610076904297,173.78767,3.8130170335362434,26.187878198708106,5.1174093249131545,2.5965801678930336,0.989613833500431
2024-08-02,167.33657836914062,173.35396,3.8130170335362434,26.187878198708106,5.1174093249131545,2.5965801678930336,0.989613833500431
2024-08-05,159.6256103515625,172.63348,3.8130170335362434,26.187878198708106,5.1174093249131545,2.5965801678930336,0.989613833500431
2024-08-06,159.5261993408203,170.88074,3.8130170335362434,26.187878198708106,5.1174093249131545,2.5965801678930336,0.989613833500431
2024-08-07,159.73489379882812,168.80815,3.8130170335362434,26.187878198708106,5.1174093249131545,2.5965801678930336,0.989613833500431
2024-08-08,162.8053741455078,166.8572,3.8130170335362434,26.187878198708106,5.1174093249131545,2.5965801678930336,0.989613833500431
2024-08-09,164.3455963134766,165.60419,3.8130170335362434,26.187878198708106,5.1174093249131545,2.5965801678930336,0.989613833500431
2024-08-12,162.91465759277344,165.06018,3.8130170335362434,26.187878198708106,5.1174093249131545,2.5965801678930336,0.989613833500431
2024-08-13,164.88218688964844,164.76242,3.8130170335362434,26.187878198708106,5.1174093249131545,2.5965801678930336,0.989613833500431
2024-08-14,161.0067901611328,164.87758,3.8130170335362434,26.187878198708106,5.1174093249131545,2.5965801678930336,0.989613833500431
2024-08-15,162.1396026611328,164.69226,3.8130170335362434,26.187878198708106,5.1174093249131545,2.5965801678930336,0.989613833500431
2024-08-16,163.69970703124997,164.52234,3.8130170335362434,26.187878198708106,5.1174093249131545,2.5965801678930336,0.989613833500431
2024-08-19,167.33657836914062,164.5794,3.8130170335362434,26.187878198708106,5.1174093249131545,2.5965801678930336,0.989613833500431
2024-08-20,167.89303588867188,165.2079,3.8130170335362434,26.187878198708106,5.1174093249131545,2.5965801678930336,0.989613833500431
2024-08-21,166.57142639160156,166.11676,3.8130170335362434,26.187878198708106,5.1174093249131545,2.5965801678930336,0.989613833500431
2024-08-22,164.44496154785156,166.88434,3.8130170335362434,26.187878198708106,5.1174093249131545,2.5965801678930336,0.989613833500431
2024-08-23,166.37269592285156,167.21242,3.8130170335362434,26.187878198708106,5.1174093249131545,2.5965801678930336,0.989613833500431
2024-08-26,166.86953735351565,167.52118,3.8130170335362434,26.187878198708106,5.1174093249131545,2.5965801678930336,0.989613833500431
2024-08-27,165.329345703125,167.84349,3.8130170335362434,26.187878198708106,5.1174093249131545,2.5965801678930336,0.989613833500431
2024-08-28,163.46121215820312,167.93626,3.8130170335362434,26.187878198708106,5.1174093249131545,2.5965801678930336,0.989613833500431
2024-08-29,162.36814880371094,167.66347,3.8130170335362434,26.187878198708106,5.1174093249131545,2.5965801678930336,0.989613833500431
2024-08-30,164.06735229492188,167.1001,3.8130170335362434,26.187878198708106,5.1174093249131545,2.5965801678930336,0.989613833500431
2024-09-03,157.6083984375,166.67587,3.8130170335362434,26.187878198708106,5.1174093249131545,2.5965801678930336,0.989613833500431
2024-09-04,156.81344604492188,165.5532,3.8130170335362434,26.187878198708106,5.1174093249131545,2.5965801678930336,0.989613833500431
2024-09-05,157.59849548339844,164.11612,3.8130170335362434,26.187878198708106,5.1174093249131545,2.5965801678930336,0.989613833500431
2024-09-06,151.16934204101562,162.79903,3.8130170335362434,26.187878198708106,5.1174093249131545,2.5965801678930336,0.989613833500431
2024-09-09,148.79127502441406,160.888,3.8130170335362434,26.187878198708106,5.1174093249131545,2.5965801678930336,0.989613833500431
2024-09-10,149.25894165039062,158.61174,3.8130170335362434,26.187878198708106,5.1174093249131545,2.5965801678930336,0.989613833500431
2024-09-11,151.38821411132812,156.49544,3.8130170335362434,26.187878198708106,5.1174093249131545,2.5965801678930336,0.989613833500431
2024-09-12,154.76124572753906,155.0013,3.8130170335362434,26.187878198708106,5.1174093249131545,2.5965801678930336,0.989613833500431
2024-09-13,157.57705688476562,154.4468,3.8130170335362434,26.187878198708106,5.1174093249131545,2.5965801678930336,0.989613833500431
2024-09-16,158.1939697265625,154.80171,3.8130170335362434,26.187878198708106,5.1174093249131545,2.5965801678930336,0.989613833500431
2024-09-17,159.47752380371094,155.65114,3.8130170335362434,26.187878198708106,5.1174093249131545,2.5965801678930336,0.989613833500431
2024-09-18,160.00485229492188,156.80704,3.8130170335362434,26.187878198708106,5.1174093249131545,2.5965801678930336,0.989613833500431
2024-09-19,162.42271423339844,158.03784,3.8130170335362434,26.187878198708106,5.1174093249131545,2.5965801678930336,0.989613833500431
2024-09-20,163.815673828125,159.45969,3.8130170335362434,26.187878198708106,5.1174093249131545,2.5965801678930336,0.989613833500431
2024-09-23,162.2535552978516,160.9753,3.8130170335362434,26.187878198708106,5.1174093249131545,2.5965801678930336,0.989613833500431
2024-09-24,162.8206787109375,162.14612,3.8130170335362434,26.187878198708106,5.1174093249131545,2.5965801678930336,0.989613833500431
2024-09-25,162.17393493652344,163.06682,3.8130170335362434,26.187878198708106,5.1174093249131545,2.5965801678930336,0.989613833500431
2024-09-26,163.0097198486328,163.66124,3.8130170335362434,26.187878198708106,5.1174093249131545,2.5965801678930336,0.989613833500431
2024-09-27,164.46241760253906,164.12184,3.8130170335362434,26.187878198708106,5.1174093249131545,2.5965801678930336,0.989613833500431
2024-09-30,166.35292053222656,164.64134,3.8130170335362434,26.187878198708106,5.1174093249131545,2.5965801678930336,0.989613833500431
2024-10-01,167.57676696777344,165.36578,3.8130170335362434,26.187878198708106,5.1174093249131545,2.5965801678930336,0.989613833500431
2024-10-02,166.47230529785156,166.25793,3.8130170335362434,26.187878198708106,5.1174093249131545,2.5965801678930336,0.989613833500431
2024-10-03,166.37281799316406,166.9813,3.8130170335362434,26.187878198708106,5.1174093249131545,2.5965801678930336,0.989613833500431
2024-10-04,167.71604919433597,167.51514,3.8130170335362434,26.187878198708106,5.1174093249131545,2.5965801678930336,0.989613833500431
2024-10-07,163.56695556640625,168.05612,3.8130170335362434,26.187878198708106,5.1174093249131545,2.5965801678930336,0.989613833500431
2024-10-08,164.87037658691406,168.00473,3.8130170335362434,26.187878198708106,5.1174093249131545,2.5965801678930336,0.989613833500431
2024-10-09,162.24357604980466,167.82605,3.8130170335362434,26.187878198708106,5.1174093249131545,2.5965801678930336,0.989613833500431
2024-10-10,162.3629608154297,167.27052,3.8130170335362434,26.187878198708106,5.1174093249131545,2.5965801678930336,0.989613833500431
2024-10-11,163.69627380371094,166.6096,3.8130170335362434,26.187878198708106,5.1174093249131545,2.5965801678930336,0.989613833500431
2024-10-14,165.5171356201172,166.14801,3.8130170335362434,26.187878198708106,5.1174093249131545,2.5965801678930336,0.989613833500431
2024-10-15,166.06436157226562,166.07794,3.8130170335362434,26.187878198708106,5.1174093249131545,2.5965801678930336,0.989613833500431
2024-10-16,165.90516662597653,166.2853,3.8130170335362434,26.187878198708106,5.1174093249131545,2.5965801678930336,0.989613833500431
2024-10-17,163.6863250732422,166.58711,3.8130170335362434,26.187878198708106,5.1174093249131545,2.5965801678930336,0.989613833500431
2024-10-18,164.22363281249997,166.61633,3.8130170335362434,26.187878198708106,5.1174093249131545,2.5965801678930336,0.989613833500431
2024-10-21,164.96987915039062,166.57228,3.8130170335362434,26.187878198708106,5.1174093249131545,2.5965801678930336,0.989613833500431
2024-10-22,165.9847869873047,166.59137,3.8130170335362434,26.187878198708106,5.1174093249131545,2.5965801678930336,0.989613833500431
2024-10-23,163.65646362304685,166.76968,3.8130170335362434,26.187878198708106,5.1174093249131545,2.5965801678930336,0.989613833500431
2024-10-24,163.70623779296875,166.71014,3.8130170335362434,26.187878198708106,5.1174093249131545,2.5965801678930336,0.989613833500431
2024-10-25,166.15391540527344,166.54436,3.8130170335362434,26.187878198708106,5.1174093249131545,2.5965801678930336,0.989613833500431
2024-10-28,167.49717712402344,166.65686,3.8130170335362434,26.187878198708106,5.1174093249131545,2.5965801678930336,0.989613833500431
2024-10-29,170.28312683105466,167.0671,3.8130170335362434,26.187878198708106,5.1174093249131545,2.5965801678930336,0.989613833500431
2024-10-30,175.25811767578125,167.93127,3.8130170335362434,26.187878198708106,5.1174093249131545,2.5965801678930336,0.989613833500431
2024-10-31,171.82537841796875,169.54851,3.8130170335362434,26.187878198708106,5.1174093249131545,2.5965801678930336,0.989613833500431
2024-11-01,171.7855682373047,170.90547,3.8130170335362434,26.187878198708106,5.1174093249131545,2.5965801678930336,0.989613833500431
2024-11-04,169.8254241943359,171.95576,3.8130170335362434,26.187878198708106,5.1174093249131545,2.5965801678930336,0.989613833500431
2024-11-05,170.55178833007812,172.4694,3.8130170335362434,26.187878198708106,5.1174093249131545,2.5965801678930336,0.989613833500431
2024-11-06,177.43714904785156,172.7389,3.8130170335362434,26.187878198708106,5.1174093249131545,2.5965801678930336,0.989613833500431
2024-11-07,181.3673553466797,173.7229,3.8130170335362434,26.187878198708106,5.1174093249131545,2.5965801678930336,0.989613833500431
2024-11-08,178.95947265625,175.44168,3.8130170335362434,26.187878198708106,5.1174093249131545,2.5965801678930336,0.989613833500431
2024-11-11,181.05891418457034,177.01173,3.8130170335362434,26.187878198708106,5.1174093249131545,2.5965801678930336,0.989613833500431
2024-11-12,182.40216064453125,178.57503,3.8130170335362434,26.187878198708106,5.1174093249131545,2.5965801678930336,0.989613833500431
2024-11-13,179.5863189697266,180.10677,3.8130170335362434,26.187878198708106,5.1174093249131545,2.5965801678930336,0.989613833500431
2024-11-14,176.46205139160156,181.0761,3.8130170335362434,26.187878198708106,5.1174093249131545,2.5965801678930336,0.989613833500431
2024-11-15,173.01937866210938,181.24733,3.8130170335362434,26.187878198708106,5.1174093249131545,2.5965801678930336,0.989613833500431
2024-11-18,175.91482543945315,180.55946,3.8130170335362434,26.187878198708106,5.1174093249131545,2.5965801678930336,0.989613833500431
2024-11-19,178.68087768554688,179.88531,3.8130170335362434,26.187878198708106,5.1174093249131545,2.5965801678930336,0.989613833500431
2024-11-20,176.44215393066406,179.6503,3.8130170335362434,26.187878198708106,5.1174093249131545,2.5965801678930336,0.989613833500431
2024-11-21,168.3926544189453,179.38655,3.8130170335362434,26.187878198708106,5.1174093249131545,2.5965801678930336,0.989613833500431
2024-11-22,165.73602294921875,178.12836,3.8130170335362434,26.187878198708106,5.1174093249131545,2.5965801678930336,0.989613833500431
2024-11-25,168.58168029785156,176.18619,3.8130170335362434,26.187878198708106,5.1174093249131545,2.5965801678930336,0.989613833500431
2024-11-26,169.7657470703125,174.4957,3.8130170335362434,26.187878198708106,5.1174093249131545,2.5965801678930336,0.989613833500431
2024-11-27,169.96475219726565,173.29437,3.8130170335362434,26.187878198708106,5.1174093249131545,2.5965801678930336,0.989613833500431
2024-11-29,169.6363983154297,172.51888,3.8130170335362434,26.187878198708106,5.1174093249131545,2.5965801678930336,0.989613833500431
2024-12-02,172.11390686035156,172.01604,3.8130170335362434,26.187878198708106,5.1174093249131545,2.5965801678930336,0.989613833500431
2024-12-03,172.15370178222656,172.02878,3.8130170335362434,26.187878198708106,5.1174093249131545,2.5965801678930336,0.989613833500431
2024-12-04,175.20834350585938,172.30617,3.8130170335362434,26.187878198708106,5.1174093249131545,2.5965801678930336,0.989613833500431
2024-12-05,173.43725585937497,173.07025,3.8130170335362434,26.187878198708106,5.1174093249131545,2.5965801678930336,0.989613833500431
2024-12-06,175.6063690185547,173.76007,3.8130170335362434,26.187878198708106,5.1174093249131545,2.5965801678930336,0.989613833500431
2024-12-09,176.41320800781253,174.60081,3.8130170335362434,26.187878198708106,5.1174093249131545,2.5965801678930336,0.989613833500431
2024-12-10,185.806640625,175.51366,3.8130170335362434,26.187878198708106,5.1174093249131545,2.5965801678930336,0.989613833500431
2024-12-11,195.94715881347656,177.53561,3.8130170335362434,26.187878198708106,5.1174093249131545,2.5965801678930336,0.989613833500431
2024-12-12,192.8791046142578,181.14078,3.8130170335362434,26.187878198708106,5.1174093249131545,2.5965801678930336,0.989613833500431
2024-12-13,190.63784790039065,184.70175,3.8130170335362434,26.187878198708106,5.1174093249131545,2.5965801678930336,0.989613833500431
2024-12-16,197.39155578613284,187.51447,3.8130170335362434,26.187878198708106,5.1174093249131545,2.5965801678930336,0.989613833500431
2024-12-17,196.35557556152347,190.44193,3.8130170335362434,26.187878198708106,5.1174093249131545,2.5965801678930336,0.989613833500431
2024-12-18,189.41259765625,192.92986,3.8130170335362434,26.187878198708106,5.1174093249131545,2.5965801678930336,0.989613833500431
2024-12-19,188.96434020996088,194.02342,3.8130170335362434,26.187878198708106,5.1174093249131545,2.5965801678930336,0.989613833500431
2024-12-20,192.2117156982422,194.22101,3.8130170335362434,26.187878198708106,5.1174093249131545,2.5965801678930336,0.989613833500431
2024-12-23,195.2299652099609,194.34216,3.8130170335362434,26.187878198708106,5.1174093249131545,2.5965801678930336,0.989613833500431
2024-12-24,196.8038330078125,194.78493,3.8130170335362434,26.187878198708106,5.1174093249131545,2.5965801678930336,0.989613833500431
2024-12-26,196.33566284179688,195.53265,3.8130170335362434,26.187878198708106,5.1174093249131545,2.5965801678930336,0.989613833500431
2024-12-27,193.2875061035156,196.285,3.8130170335362434,26.187878198708106,5.1174093249131545,2.5965801678930336,0.989613833500431
2024-12-30,191.94276428222656,196.56862,3.8130170335362434,26.187878198708106,5.1174093249131545,2.5965801678930336,0.989613833500431
2024-12-31,189.70147705078125,196.41295,3.8130170335362434,26.187878198708106,5.1174093249131545,2.5965801678930336,0.989613833500431
2025-01-02,189.8907470703125,195.77481,3.8130170335362434,26.187878198708106,5.1174093249131545,2.5965801678930336,0.989613833500431
2025-01-03,192.3810577392578,194.99417,3.8130170335362434,26.187878198708106,5.1174093249131545,2.5965801678930336,0.989613833500431
2025-01-06,197.19232177734372,194.54747,3.8130170335362434,26.187878198708106,5.1174093249131545,2.5965801678930336,0.989613833500431
2025-01-07,195.94715881347656,194.9249,3.8130170335362434,26.187878198708106,5.1174093249131545,2.5965801678930336,0.989613833500431
2025-01-08,194.6322784423828,195.51965,3.8130170335362434,26.187878198708106,5.1174093249131545,2.5965801678930336,0.989613833500431
2025-01-10,192.4208831787109,195.98943,3.8130170335362434,26.187878198708106,5.1174093249131545,2.5965801678930336,0.989613833500431
2025-01-13,191.54429626464844,196.06317,3.8130170335362434,26.187878198708106,5.1174093249131545,2.5965801678930336,0.989613833500431
2025-01-14,190.3091278076172,195.81804,3.8130170335362434,26.187878198708106,5.1174093249131545,2.5965801678930336,0.989613833500431
2025-01-15,196.21612548828128,195.2876,3.8130170335362434,26.187878198708106,5.1174093249131545,2.5965801678930336,0.989613833500431
2025-01-16,193.6560821533203,195.4124,3.8130170335362434,26.187878198708106,5.1174093249131545,2.5965801678930336,0.989613833500431
2025-01-17,196.7838897705078,195.53572,3.8130170335362434,26.187878198708106,5.1174093249131545,2.5965801678930336,0.989613833500431
2025-01-21,198.8558349609375,196.03392,3.8130170335362434,26.187878198708106,5.1174093249131545,2.5965801678930336,0.989613833500431
2025-01-22,199.25428771972656,196.917,3.8130170335362434,26.187878198708106,5.1174093249131545,2.5965801678930336,0.989613833500431
2025-01-23,198.80604553222656,197.93556,3.8130170335362434,26.187878198708106,5.1174093249131545,2.5965801678930336,0.989613833500431
2025-01-24,201.11703491210935,198.84161,3.8130170335362434,26.187878198708106,5.1174093249131545,2.5965801678930336,0.989613833500431
2025-01-27,193.01856994628903,199.86514,3.8130170335362434,26.187878198708106,5.1174093249131545,2.5965801678930336,0.989613833500431
2025-01-28,196.30577087402344,199.81876,3.8130170335362434,26.187878198708106,5.1174093249131545,2.5965801678930336,0.989613833500431
2025-01-29,196.41534423828125,199.64372,3.8130170335362434,26.187878198708106,5.1174093249131545,2.5965801678930336,0.989613833500431
2025-01-30,201.84420776367188,199.43613,3.8130170335362434,26.187878198708106,5.1174093249131545,2.5965801678930336,0.989613833500431
2025-01-31,204.80270385742188,199.91112,3.8130170335362434,26.187878198708106,5.1174093249131545,2.5965801678930336,0.989613833500431
2025-02-03,201.85415649414065,201.03972,3.8130170335362434,26.187878198708106,5.1174093249131545,2.5965801678930336,0.989613833500431
2025-02-04,206.90451049804688,201.99638,3.8130170335362434,26.187878198708106,5.1174093249131545,2.5965801678930336,0.989613833500431
2025-02-05,192.55039978027344,203.3732,3.8130170335362434,26.187878198708106,5.1174093249131545,2.5965801678930336,0.989613833500431
2025-02-06,192.56033325195312,203.01991,3.8130170335362434,26.187878198708106,5.1174093249131545,2.5965801678930336,0.989613833500431
2025-02-07,186.41427612304688,201.8353,3.8130170335362434,26.187878198708106,5.1174093249131545,2.5965801678930336,0.989613833500431
2025-02-10,187.47015380859372,199.60898,3.8130170335362434,26.187878198708106,5.1174093249131545,2.5965801678930336,0.989613833500431
2025-02-11,186.34457397460935,197.25514,3.8130170335362434,26.187878198708106,5.1174093249131545,2.5965801678930336,0.989613833500431
2025-02-12,184.71090698242188,194.98463,3.8130170335362434,26.187878198708106,5.1174093249131545,2.5965801678930336,0.989613833500431
2025-02-13,187.15139770507807,192.83372,3.8130170335362434,26.187878198708106,5.1174093249131545,2.5965801678930336,0.989613833500431
2025-02-14,186.14532470703125,191.31328,3.8130170335362434,26.187878198708106,5.1174093249131545,2.5965801678930336,0.989613833500431
2025-02-18,185.07948303222653,190.17595,3.8130170335362434,26.187878198708106,5.1174093249131545,2.5965801678930336,0.989613833500431
2025-02-19,186.404312133789,189.2419,3.8130170335362434,26.187878198708106,5.1174093249131545,2.5965801678930336,0.989613833500431
2025-02-20,185.91622924804688,188.69211,3.8130170335362434,26.187878198708106,5.1174093249131545,2.5965801678930336,0.989613833500431
2025-02-21,180.87583923339844,188.34415,3.8130170335362434,26.187878198708106,5.1174093249131545,2.5965801678930336,0.989613833500431
2025-02-24,180.48733520507807,187.51201,3.8130170335362434,26.187878198708106,5.1174093249131545,2.5965801678930336,0.989613833500431
2025-02-25,176.68215942382815,186.48834,3.8130170335362434,26.187878198708106,5.1174093249131545,2.5965801678930336,0.989613833500431
2025-02-26,174.0225067138672,185.01633,3.8130170335362434,26.187878198708106,5.1174093249131545,2.5965801678930336,0.989613833500431
2025-02-27,169.54994201660156,183.16502,3.8130170335362434,26.187878198708106,5.1174093249131545,2.5965801678930336,0.989613833500431
2025-02-28,171.55212402343747,180.7876,3.8130170335362434,26.187878198708106,5.1174093249131545,2.5965801678930336,0.989613833500431
2025-03-03,168.0059356689453,178.68811,3.8130170335362434,26.187878198708106,5.1174093249131545,2.5965801678930336,0.989613833500431
2025-03-04,171.94062805175784,176.54338,3.8130170335362434,26.187878198708106,5.1174093249131545,2.5965801678930336,0.989613833500431
2025-03-05,174.3114013671875,175.14001,3.8130170335362434,26.187878198708106,5.1174093249131545,2.5965801678930336,0.989613833500431
2025-03-06,173.534423828125,174.58783,3.8130170335362434,26.187878198708106,5.1174093249131545,2.5965801678930336,0.989613833500431
2025-03-07,175.06845092773438,174.43898,3.8130170335362434,26.187878198708106,5.1174093249131545,2.5965801678930336,0.989613833500431
2025-03-10,167.34967041015625,174.70723,3.8130170335362434,26.187878198708106,5.1174093249131545,2.5965801678930336,0.989613833500431
2025-03-11,165.5247039794922,174.17639,3.8130170335362434,26.187878198708106,5.1174093249131545,2.5965801678930336,0.989613833500431
2025-03-12,168.53642272949222,173.0756,3.8130170335362434,26.187878198708106,5.1174093249131545,2.5965801678930336,0.989613833500431
2025-03-13,164.2781219482422,172.20218,3.8130170335362434,26.187878198708106,5.1174093249131545,2.5965801678930336,0.989613833500431
2025-03-14,167.1602020263672,171.01361,3.8130170335362434,26.187878198708106,5.1174093249131545,2.5965801678930336,0.989613833500431
2025-03-17,166.1130828857422,170.18019,3.8130170335362434,26.187878198708106,5.1174093249131545,2.5965801678930336,0.989613833500431
2025-03-18,162.22377014160156,169.49765,3.8130170335362434,26.187878198708106,5.1174093249131545,2.5965801678930336,0.989613833500431
2025-03-19,165.82386779785156,168.48373,3.8130170335362434,26.187878198708106,5.1174093249131545,2.5965801678930336,0.989613833500431
2025-03-20,164.5972442626953,167.88579,3.8130170335362434,26.187878198708106,5.1174093249131545,2.5965801678930336,0.989613833500431
2025-03-21,165.79396057128906,167.41684,3.8130170335362434,26.187878198708106,5.1174093249131545,2.5965801678930336,0.989613833500431
2025-03-24,169.4638671875,167.22493,3.8130170335362434,26.187878198708106,5.1174093249131545,2.5965801678930336,0.989613833500431
2025-03-25,172.31600952148438,167.664,3.8130170335362434,26.187878198708106,5.1174093249131545,2.5965801678930336,0.989613833500431
2025-03-26,166.6815185546875,168.72939,3.8130170335362434,26.187878198708106,5.1174093249131545,2.5965801678930336,0.989613833500431
2025-03-27,163.62991333007812,169.26108,3.8130170335362434,26.187878198708106,5.1174093249131545,2.5965801678930336,0.989613833500431
2025-03-28,155.63189697265625,169.06856,3.8130170335362434,26.187878198708106,5.1174093249131545,2.5965801678930336,0.989613833500431
2025-03-31,155.8014373779297,167.5157,3.8130170335362434,26.187878198708106,5.1174093249131545,2.5965801678930336,0.989613833500431
2025-04-01,158.44418334960938,165.48679,3.8130170335362434,26.187878198708106,5.1174093249131545,2.5965801678930336,0.989613833500431
2025-04-02,158.42422485351562,163.80585,3.8130170335362434,26.187878198708106,5.1174093249131545,2.5965801678930336,0.989613833500431
2025-04-03,152.21131896972656,162.51158,3.8130170335362434,26.187878198708106,5.1174093249131545,2.5965801678930336,0.989613833500431
2025-04-04,147.33473205566406,160.78426,3.8130170335362434,26.187878198708106,5.1174093249131545,2.5965801678930336,0.989613833500431
2025-04-07,148.83062744140625,158.43039,3.8130170335362434,26.187878198708106,5.1174093249131545,2.5965801678930336,0.989613833500431
2025-04-08,146.17791748046875,156.24416,3.8130170335362434,26.187878198708106,5.1174093249131545,2.5965801678930336,0.989613833500431
2025-04-09,160.61817932128906,154.07819,3.8130170335362434,26.187878198708106,5.1174093249131545,2.5965801678930336,0.989613833500431
2025-04-10,154.94378662109375,154.05482,3.8130170335362434,26.187878198708106,5.1174093249131545,2.5965801678930336,0.989613833500431
2025-04-11,158.96273803710938,154.39008,3.8130170335362434,26.187878198708106,5.1174093249131545,2.5965801678930336,0.989613833500431
2025-04-14,161.02705383300778,155.3829,3.8130170335362434,26.187878198708106,5.1174093249131545,2.5965801678930336,0.989613833500431
2025-04-15,158.24472045898438,156.84468,3.8130170335362434,26.187878198708106,5.1174093249131545,2.5965801678930336,0.989613833500431
2025-04-16,155.0734405517578,157.99986,3.8130170335362434,26.187878198708106,5.1174093249131545,2.5965801678930336,0.989613833500431
2025-04-17,152.93931579589844,158.44719,3.8130170335362434,26.187878198708106,5.1174093249131545,2.5965801678930336,0.989613833500431
2025-04-21,149.4488983154297,158.20578,3.8130170335362434,26.187878198708106,5.1174093249131545,2.5965801678930336,0.989613833500431
2025-04-22,153.4778289794922,157.19823,3.8130170335362434,26.187878198708106,5.1174093249131545,2.5965801678930336,0.989613833500431
2025-04-23,157.28736877441406,156.44615,3.8130170335362434,26.187878198708106,5.1174093249131545,2.5965801678930336,0.989613833500431
2025-04-24,161.02705383300778,156.40775,3.8130170335362434,26.187878198708106,5.1174093249131545,2.5965801678930336,0.989613833500431
2025-04-25,163.40054321289065,157.21626,3.8130170335362434,26.187878198708106,5.1174093249131545,2.5965801678930336,0.989613833500431
2025-04-28,161.97447204589847,158.65433,3.8130170335362434,26.187878198708106,5.1174093249131545,2.5965801678930336,0.989613833500431
2025-04-29,161.61544799804688,160.04388,3.8130170335362434,26.187878198708106,5.1174093249131545,2.5965801678930336,0.989613833500431
2025-04-30,160.4486541748047,161.18596,3.8130170335362434,26.187878198708106,5.1174093249131545,2.5965801678930336,0.989613833500431
2025-05-01,162.34344482421875,161.9081,3.8130170335362434,26.187878198708106,5.1174093249131545,2.5965801678930336,0.989613833500431
2025-05-02,165.35516357421875,162.56836,3.8130170335362434,26.187878198708106,5.1174093249131545,2.5965801678930336,0.989613833500431
2025-05-05,165.59451293945312,163.49823,3.8130170335362434,26.187878198708106,5.1174093249131545,2.5965801678930336,0.989613833500431
2025-05-06,164.746826171875,164.47736,3.8130170335362434,26.187878198708106,5.1174093249131545,2.5965801678930336,0.989613833500431
2025-05-07,152.38084411621094,165.24976,3.8130170335362434,26.187878198708106,5.1174093249131545,2.5965801678930336,0.989613833500431
2025-05-08,155.32276916503906,164.24414,3.8130170335362434,26.187878198708106,5.1174093249131545,2.5965801678930336,0.989613833500431
2025-05-09,153.95651245117188,162.83783,3.8130170335362434,26.187878198708106,5.1174093249131545,2.5965801678930336,0.989613833500431
2025-05-12,159.1422576904297,161.22838,3.8130170335362434,26.187878198708106,5.1174093249131545,2.5965801678930336,0.989613833500431
2025-05-13,160.4486541748047,160.3831,3.8130170335362434,26.187878198708106,5.1174093249131545,2.5965801678930336,0.989613833500431
2025-05-14,166.3524169921875,160.20026,3.8130170335362434,26.187878198708106,5.1174093249131545,2.5965801678930336,0.989613833500431
2025-05-15,164.94627380371094,161.13281,3.8130170335362434,26.187878198708106,5.1174093249131545,2.5965801678930336,0.989613833500431
2025-05-16,166.97071838378903,162.33069,3.8130170335362434,26.187878198708106,5.1174093249131545,2.5965801678930336,0.989613833500431
2025-05-19,167.4095001220703,163.76985,3.8130170335362434,26.187878198708106,5.1174093249131545,2.5965801678930336,0.989613833500431
2025-05-20,164.86651611328125,165.20358,3.8130170335362434,26.187878198708106,5.1174093249131545,2.5965801678930336,0.989613833500431
2025-05-21,169.59349060058594,166.12924,3.8130170335362434,26.187878198708106,5.1174093249131545,2.5965801678930336,0.989613833500431
2025-05-22,171.50823974609372,167.2836,3.8130170335362434,26.187878198708106,5.1174093249131545,2.5965801678930336,0.989613833500431
2025-05-23,169.12477111816406,168.65057,3.8130170335362434,26.187878198708106,5.1174093249131545,2.5965801678930336,0.989613833500431
2025-05-27,173.50274658203125,169.65031,3.8130170335362434,26.187878198708106,5.1174093249131545,2.5965801678930336,0.989613833500431
2025-05-28,172.9044036865234,170.89484,3.8130170335362434,26.187878198708106,5.1174093249131545,2.5965801678930336,0.989613833500431
2025-05-29,172.4855499267578,172.02911,3.8130170335362434,26.187878198708106,5.1174093249131545,2.5965801678930336,0.989613833500431
2025-05-30,172.3758544921875,172.91241,3.8130170335362434,26.187878198708106,5.1174093249131545,2.5965801678930336,0.989613833500431
2025-06-02,169.90264892578125,173.54352,3.8130170335362434,26.187878198708106,5.1174093249131545,2.5965801678930336,0.989613833500431
2025-06-03,167.2499542236328,173.65437,3.8130170335362434,26.187878198708106,5.1174093249131545,2.5965801678930336,0.989613833500431
2025-06-04,168.9253387451172,173.15213,3.8130170335362434,26.187878198708106,5.1174093249131545,2.5965801678930336,0.989613833500431
2025-06-05,169.3441925048828,172.61366,3.8130170335362434,26.187878198708106,5.1174093249131545,2.5965801678930336,0.989613833500431
2025-06-06,174.440185546875,172.17712,3.8130170335362434,26.187878198708106,5.1174093249131545,2.5965801678930336,0.989613833500431
2025-06-09,177.3556671142578,172.49379,3.8130170335362434,26.187878198708106,5.1174093249131545,2.5965801678930336,0.989613833500431
2025-06-10,179.7319793701172,173.5216,3.8130170335362434,26.187878198708106,5.1174093249131545,2.5965801678930336,0.989613833500431
2025-06-11,178.51385498046875,175.08125,3.8130170335362434,26.187878198708106,5.1174093249131545,2.5965801678930336,0.989613833500431
2025-06-12,176.69668579101562,176.55946,3.8130170335362434,26.187878198708106,5.1174093249131545,2.5965801678930336,0.989613833500431
2025-06-13,175.60838317871094,177.58182,3.8130170335362434,26.187878198708106,5.1174093249131545,2.5965801678930336,0.989613833500431
2025-06-16,177.66519165039062,178.10805,3.8130170335362434,26.187878198708106,5.1174093249131545,2.5965801678930336,0.989613833500431
2025-06-17,176.95628356933594,178.57649,3.8130170335362434,26.187878198708106,5.1174093249131545,2.5965801678930336,0.989613833500431
2025-06-18,173.7113037109375,178.86774,3.8130170335362434,26.187878198708106,5.1174093249131545,2.5965801678930336,0.989613833500431
2025-06-20,167.47094726562503,178.62479,3.8130170335362434,26.187878198708106,5.1174093249131545,2.5965801678930336,0.989613833500431
2025-06-23,165.75360107421875,177.35495,3.8130170335362434,26.187878198708106,5.1174093249131545,2.5965801678930336,0.989613833500431
2025-06-24,167.48094177246094,175.5043,3.8130170335362434,26.187878198708106,5.1174093249131545,2.5965801678930336,0.989613833500431
2025-06-25,171.2251434326172,173.8061,3.8130170335362434,26.187878198708106,5.1174093249131545,2.5965801678930336,0.989613833500431
2025-06-26,174.1605987548828,172.87206,3.8130170335362434,26.187878198708106,5.1174093249131545,2.5965801678930336,0.989613833500431
2025-06-27,177.9946746826172,172.8161,3.8130170335362434,26.187878198708106,5.1174093249131545,2.5965801678930336,0.989613833500431
2025-06-30,177.11602783203125,173.69887,3.8130170335362434,26.187878198708106,5.1174093249131545,2.5965801678930336,0.989613833500431
2025-07-01,176.63677978515625,174.83441,3.8130170335362434,26.187878198708106,5.1174093249131545,2.5965801678930336,0.989613833500431
2025-07-02,179.4823760986328,175.89494,3.8130170335362434,26.187878198708106,5.1174093249131545,2.5965801678930336,0.989613833500431
2025-07-03,180.27114868164065,177.14334,3.8130170335362434,26.187878198708106,5.1174093249131545,2.5965801678930336,0.989613833500431
2025-07-07,177.2857666015625,178.42906,3.8130170335362434,26.187878198708106,5.1174093249131545,2.5965801678930336,0.989613833500431
2025-07-08,174.8894805908203,179.1968,3.8130170335362434,26.187878198708106,5.1174093249131545,2.5965801678930336,0.989613833500431
2025-07-09,177.38563537597656,179.30502,3.8130170335362434,26.187878198708106,5.1174093249131545,2.5965801678930336,0.989613833500431
2025-07-10,178.42401123046875,179.37949,3.8130170335362434,26.187878198708106,5.1174093249131545,2.5965801678930336,0.989613833500431
2025-07-11,181.02998352050784,179.55777,3.8130170335362434,26.187878198708106,5.1174093249131545,2.5965801678930336,0.989613833500431
2025-07-14,182.52764892578125,180.09526,3.8130170335362434,26.187878198708106,5.1174093249131545,2.5965801678930336,0.989613833500431
2025-07-15,182.81721496582034,180.93599,3.8130170335362434,26.187878198708106,5.1174093249131545,2.5965801678930336,0.989613833500431
2025-07-16,183.48617553710935,181.86165,3.8130170335362434,26.187878198708106,5.1174093249131545,2.5965801678930336,0.989613833500431
2025-07-17,184.4147491455078,182.79855,3.8130170335362434,26.187878198708106,5.1174093249131545,2.5965801678930336,0.989613833500431
2025-07-18,185.65283203125,183.74046,3.8130170335362434,26.187878198708106,5.1174093249131545,2.5965801678930336,0.989613833500431
2025-07-21,190.8547821044922,184.72256,3.8130170335362434,26.187878198708106,5.1174093249131545,2.5965801678930336,0.989613833500431
2025-07-22,191.81329345703125,186.25484,3.8130170335362434,26.187878198708106,5.1174093249131545,2.5965801678930336,0.989613833500431
2025-07-23,191.21421813964844,187.99356,3.8130170335362434,26.187878198708106,5.1174093249131545,2.5965801678930336,0.989613833500431
2025-07-24,192.90161132812497,189.54575,3.8130170335362434,26.187878198708106,5.1174093249131545,2.5965801678930336,0.989613833500431
2025-07-25,193.78025817871094,191.02135,3.8130170335362434,26.187878198708106,5.1174093249131545,2.5965801678930336,0.989613833500431
2025-07-28,193.12127685546875,192.3837,3.8130170335362434,26.187878198708106,5.1174093249131545,2.5965801678930336,0.989613833500431
2025-07-29,196.12661743164065,193.43777,3.8130170335362434,26.187878198708106,5.1174093249131545,2.5965801678930336,0.989613833500431
2025-07-30,197.13507080078125,194.57967,3.8130170335362434,26.187878198708106,5.1174093249131545,2.5965801678930336,0.989613833500431
2025-07-31,192.5621490478516,195.74945,3.8130170335362434,26.187878198708106,5.1174093249131545,2.5965801678930336,0.989613833500431
2025-08-01,189.65663146972653,196.2211,3.8130170335362434,26.187878198708106,5.1174093249131545,2.5965801678930336,0.989613833500431
2025-08-04,195.44769287109372,195.92085,3.8130170335362434,26.187878198708106,5.1174093249131545,2.5965801678930336,0.989613833500431
2025-08-05,195.0183563232422,195.98468,3.8130170335362434,26.187878198708106,5.1174093249131545,2.5965801678930336,0.989613833500431
2025-08-06,196.61587524414065,196.17111,3.8130170335362434,26.187878198708106,5.1174093249131545,2.5965801678930336,0.989613833500431
2025-08-07,196.97531127929688,196.59732,3.8130170335362434,26.187878198708106,5.1174093249131545,2.5965801678930336,0.989613833500431
2025-08-08,201.77789306640625,197.13734,3.8130170335362434,26.187878198708106,5.1174093249131545,2.5965801678930336,0.989613833500431
2025-08-11,201.318603515625,198.26488,3.8130170335362434,26.187878198708106,5.1174093249131545,2.5965801678930336,0.989613833500431
2025-08-12,203.84469604492188,199.49307,3.8130170335362434,26.187878198708106,5.1174093249131545,2.5965801678930336,0.989613833500431
2025-08-13,202.7164306640625,200.93472,3.8130170335362434,26.187878198708106,5.1174093249131545,2.5965801678930336,0.989613833500431
2025-08-14,203.50523376464844,202.16649,3.8130170335362434,26.187878198708106,5.1174093249131545,2.5965801678930336,0.989613833500431
2025-08-15,204.59353637695312,203.23853,3.8130170335362434,26.187878198708106,5.1174093249131545,2.5965801678930336,0.989613833500431
2025-08-18,203.97448730468753,204.23183,3.8130170335362434,26.187878198708106,5.1174093249131545,2.5965801678930336,0.989613833500431
2025-08-19,202.17727661132807,204.98698,3.8130170335362434,26.187878198708106,5.1174093249131545,2.5965801678930336,0.989613833500431
2025-08-20,199.88082885742188,205.30788,3.8130170335362434,26.187878198708106,5.1174093249131545,2.5965801678930336,0.989613833500431
2025-08-21,200.3101501464844,205.08652,3.8130170335362434,26.187878198708106,5.1174093249131545,2.5965801678930336,0.989613833500431
2025-08-22,206.40074157714844,204.66994,3.8130170335362434,26.187878198708106,5.1174093249131545,2.5965801678930336,0.989613833500431
2025-08-25,208.8369598388672,204.9562,3.8130170335362434,26.187878198708106,5.1174093249131545,2.5965801678930336,0.989613833500431
2025-08-26,207.6288299560547,205.8642,3.8130170335362434,26.187878198708106,5.1174093249131545,2.5965801678930336,0.989613833500431
2025-08-27,207.88844299316412,206.8285,3.8130170335362434,26.187878198708106,5.1174093249131545,2.5965801678930336,0.989613833500431
2025-08-28,212.0419921875,207.73593,3.8130170335362434,26.187878198708106,5.1174093249131545,2.5965801678930336,0.989613833500431
2025-08-29,213.20022583007807,209.01343,3.8130170335362434,26.187878198708106,5.1174093249131545,2.5965801678930336,0.989613833500431
2025-09-02,211.66261291503903,210.46304,3.8130170335362434,26.187878198708106,5.1174093249131545,2.5965801678930336,0.989613833500431
2025-09-03,230.7430877685547,211.63449,3.8130170335362434,26.187878198708106,5.1174093249131545,2.5965801678930336,0.989613833500431
2025-09-04,232.30067443847656,214.8605,3.8130170335362434,26.187878198708106,5.1174093249131545,2.5965801678930336,0.989613833500431
2025-09-05,234.80679321289065,218.91074,3.8130170335362434,26.187878198708106,5.1174093249131545,2.5965801678930336,0.989613833500431
2025-09-08,234.00732421875,223.18752,3.8130170335362434,26.187878198708106,5.1174093249131545,2.5965801678930336,0.989613833500431
2025-09-09,239.78355407714844,226.95732,3.8130170335362434,26.187878198708106,5.1174093249131545,2.5965801678930336,0.989613833500431
2025-09-10,239.4037933349609,230.71028,3.8130170335362434,26.187878198708106,5.1174093249131545,2.5965801678930336,0.989613833500431
2025-09-11,240.6230010986328,233.95016,3.8130170335362434,26.187878198708106,5.1174093249131545,2.5965801678930336,0.989613833500431
2025-09-12,241.22262573242188,236.68713,3.8130170335362434,26.187878198708106,5.1174093249131545,2.5965801678930336,0.989613833500431
2025-09-15,251.5958404541016,238.9115,3.8130170335362434,26.187878198708106,5.1174093249131545,2.5965801678930336,0.989613833500431
2025-09-16,251.25607299804688,241.85016,3.8130170335362434,26.187878198708106,5.1174093249131545,2.5965801678930336,0.989613833500431
2025-09-17,249.6871032714844,244.75255,3.8130170335362434,26.187878198708106,5.1174093249131545,2.5965801678930336,0.989613833500431
2025-09-18,252.1654815673828,247.10555,3.8130170335362434,26.187878198708106,5.1174093249131545,2.5965801678930336,0.989613833500431
2025-09-19,255.07357788085935,249.19473,3.8130170335362434,26.187878198708106,5.1174093249131545,2.5965801678930336,0.989613833500431
2025-09-22,252.71511840820312,251.24483,3.8130170335362434,26.187878198708106,5.1174093249131545,2.5965801678930336,0.989613833500431
2025-09-23,252.1754608154297,252.7525,3.8130170335362434,26.187878198708106,5.1174093249131545,2.5965801678930336,0.989613833500431
2025-09-24,247.6684112548828,253.7455,3.8130170335362434,26.187878198708106,5.1174093249131545,2.5965801678930336,0.989613833500431
2025-09-25,246.40924072265625,253.82834,3.8130170335362434,26.187878198708106,5.1174093249131545,2.5965801678930336,0.989613833500431
2025-09-26,247.01882934570312,253.2924,3.8130170335362434,26.187878198708106,5.1174093249131545,2.5965801678930336,0.989613833500431
2025-09-29,244.2006683349609,252.57744,3.8130170335362434,26.187878198708106,5.1174093249131545,2.5965801678930336,0.989613833500431
2025-09-30,243.3912048339844,251.52403,3.8130170335362434,26.187878198708106,5.1174093249131545,2.5965801678930336,0.989613833500431
2025-10-01,245.37989807128903,250.32994,3.8130170335362434,26.187878198708106,5.1174093249131545,2.5965801678930336,0.989613833500431
2025-10-02,246.26931762695312,249.4424,3.8130170335362434,26.187878198708106,5.1174093249131545,2.5965801678930336,0.989613833500431
2025-10-03,246.289306640625,248.92284,3.8130170335362434,26.187878198708106,5.1174093249131545,2.5965801678930336,0.989613833500431
2025-10-06,251.34600830078125,248.65677,3.8130170335362434,26.187878198708106,5.1174093249131545,2.5965801678930336,0.989613833500431
2025-10-07,246.9688720703125,249.15273,3.8130170335362434,26.187878198708106,5.1174093249131545,2.5965801678930336,0.989613833500431
2025-10-08,245.29995727539065,249.45753,3.8130170335362434,26.187878198708106,5.1174093249131545,2.5965801678930336,0.989613833500431
2025-10-09,242.0520782470703,249.43451,3.8130170335362434,26.187878198708106,5.1174093249131545,2.5965801678930336,0.989613833500431
2025-10-10,237.33515930175784,248.86174,3.8130170335362434,26.187878198708106,5.1174093249131545,2.5965801678930336,0.989613833500431
2025-10-13,244.480484008789,247.51733,3.8130170335362434,26.187878198708106,5.1174093249131545,2.5965801678930336,0.989613833500431
2025-10-14,246.02947998046875,246.78761,3.8130170335362434,26.187878198708106,5.1174093249131545,2.5965801678930336,0.989613833500431
2025-10-15,251.5458831787109,246.63924,3.8130170335362434,26.187878198708106,5.1174093249131545,2.5965801678930336,0.989613833500431
2025-10-16,251.71577453613284,247.4623,3.8130170335362434,26.187878198708106,5.1174093249131545,2.5965801678930336,0.989613833500431
2025-10-17,253.62451171875,248.70013,3.8130170335362434,26.187878198708106,5.1174093249131545,2.5965801678930336,0.989613833500431
2025-10-20,256.8524169921875,250.22838,3.8130170335362434,26.187878198708106,5.1174093249131545,2.5965801678930336,0.989613833500431
2025-10-21,251.17611694335932,252.10251,3.8130170335362434,26.187878198708106,5.1174093249131545,2.5965801678930336,0.989613833500431
2025-10-22,252.36534118652344,253.25673,3.8130170335362434,26.187878198708106,5.1174093249131545,2.5965801678930336,0.989613833500431
2025-10-23,253.5645599365234,254.05135,3.8130170335362434,26.187878198708106,5.1174093249131545,2.5965801678930336,0.989613833500431
2025-10-24,260.34014892578125,254.70801,3.8130170335362434,26.187878198708106,5.1174093249131545,2.5965801678930336,0.989613833500431
2025-10-27,269.7539978027344,256.01562,3.8130170335362434,26.187878198708106,5.1174093249131545,2.5965801678930336,0.989613833500431
2025-10-28,268.2549743652344,258.60516,3.8130170335362434,26.187878198708106,5.1174093249131545,2.5965801678930336,0.989613833500431
2025-10-29,274.9906005859375,261.35815,3.8130170335362434,26.187878198708106,5.1174093249131545,2.5965801678930336,0.989613833500431
2025-10-30,281.7161865234375,264.65955,3.8130170335362434,26.187878198708106,5.1174093249131545,2.5965801678930336,0.989613833500431
2025-10-31,281.6362609863281,268.6276,3.8130170335362434,26.187878198708106,5.1174093249131545,2.5965801678930336,0.989613833500431
2025-11-03,283.93475341796875,272.451,3.8130170335362434,26.187878198708106,5.1174093249131545,2.5965801678930336,0.989613833500431
2025-11-04,277.8786926269531,276.01865,3.8130170335362434,26.187878198708106,5.1174093249131545,2.5965801678930336,0.989613833500431
2025-11-05,284.5643310546875,278.33746,3.8130170335362434,26.187878198708106,5.1174093249131545,2.5965801678930336,0.989613833500431
2025-11-06,285.1539611816406,280.5275,3.8130170335362434,26.187878198708106,5.1174093249131545,2.5965801678930336,0.989613833500431
2025-11-07,279.51763916015625,282.46033,3.8130170335362434,26.187878198708106,5.1174093249131545,2.5965801678930336,0.989613833500431
2025-11-10,290.4005126953125,283.39322,3.8130170335362434,26.187878198708106,5.1174093249131545,2.5965801678930336,0.989613833500431
2025-11-11,291.5497741699219,284.96457,3.8130170335362434,26.187878198708106,5.1174093249131545,2.5965801678930336,0.989613833500431
2025-11-12,287.2425842285156,286.80417,3.8130170335362434,26.187878198708106,5.1174093249131545,2.5965801678930336,0.989613833500431
2025-11-13,278.9380187988281,288.0784,3.8130170335362434,26.187878198708106,5.1174093249131545,2.5965801678930336,0.989613833500431
2025-11-14,276.7994079589844,287.97318,3.8130170335362434,26.187878198708106,5.1174093249131545,2.5965801678930336,0.989613833500431
2025-11-17,285.4137878417969,286.93594,3.8130170335362434,26.187878198708106,5.1174093249131545,2.5965801678930336,0.989613833500431
2025-11-18,284.7742004394531,286.52884,3.8130170335362434,26.187878198708106,5.1174093249131545,2.5965801678930336,0.989613833500431
2025-11-19,292.7989501953125,286.41492,3.8130170335362434,26.187878198708106,5.1174093249131545,2.5965801678930336,0.989613833500431
2025-11-20,289.7909545898437,287.3892,3.8130170335362434,26.187878198708106,5.1174093249131545,2.5965801678930336,0.989613833500431
2025-11-21,299.4546203613281,288.45856,3.8130170335362434,26.187878198708106,5.1174093249131545,2.5965801678930336,0.989613833500431
2025-11-24,318.2623596191406,290.56195,3.8130170335362434,26.187878198708106,5.1174093249131545,2.5965801678930336,0.989613833500431
2025-11-25,323.42898559570307,295.0822,3.8130170335362434,26.187878198708106,5.1174093249131545,2.5965801678930336,0.989613833500431
2025-11-26,320.0711669921875,300.87073,3.8130170335362434,26.187878198708106,5.1174093249131545,2.5965801678930336,0.989613833500431
2025-11-28,319.9112854003906,306.2483,3.8130170335362434,26.187878198708106,5.1174093249131545,2.5965801678930336,0.989613833500431
2025-12-01,314.9145202636719,310.7837,3.8130170335362434,26.187878198708106,5.1174093249131545,2.5965801678930336,0.989613833500431
2025-12-02,315.8139343261719,313.81403,3.8130170335362434,26.187878198708106,5.1174093249131545,2.5965801678930336,0.989613833500431
2025-12-03,320.41094970703125,315.83994,3.8130170335362434,26.187878198708106,5.1174093249131545,2.5965801678930336,0.989613833500431
2025-12-04,318.18243408203125,317.63675,3.8130170335362434,26.187878198708106,5.1174093249131545,2.5965801678930336,0.989613833500431
2025-12-05,321.8799743652344,318.86578,3.8130170335362434,26.187878198708106,5.1174093249131545,2.5965801678930336,0.989613833500431
2025-12-08,314.45001220703125,320.08408,3.8130170335362434,26.187878198708106,5.1174093249131545,2.5965801678930336,0.989613833500431
2025-12-09,317.75,320.33603,3.8130170335362434,26.187878198708106,5.1174093249131545,2.5965801678930336,0.989613833500431
2025-12-10,321.0,320.44196,3.8130170335362434,26.187878198708106,5.1174093249131545,2.5965801678930336,0.989613833500431
2025-12-11,313.70001220703125,320.82092,3.8130170335362434,26.187878198708106,5.1174093249131545,2.5965801678930336,0.989613833500431
2025-12-12,310.5199890136719,320.48932,3.8130170335362434,26.187878198708106,5.1174093249131545,2.5965801678930336,0.989613833500431
2025-12-15,309.32000732421875,319.4881,3.8130170335362434,26.187878198708106,5.1174093249131545,2.5965801678930336,0.989613833500431
2025-12-16,307.7300109863281,318.1256,3.8130170335362434,26.187878198708106,5.1174093249131545,2.5965801678930336,0.989613833500431
2025-12-17,298.0599975585937,316.556,3.8130170335362434,26.187878198708106,5.1174093249131545,2.5965801678930336,0.989613833500431
2025-12-18,303.75,313.98166,3.8130170335362434,26.187878198708106,5.1174093249131545,2.5965801678930336,0.989613833500431
2025-12-19,308.6099853515625,311.82324,3.8130170335362434,26.187878198708106,5.1174093249131545,2.5965801678930336,0.989613833500431
2025-12-22,311.3299865722656,310.66138,3.8130170335362434,26.187878198708106,5.1174093249131545,2.5965801678930336,0.989613833500431
2025-12-23,315.67999267578125,310.44656,3.8130170335362434,26.187878198708106,5.1174093249131545,2.5965801678930336,0.989613833500431
2025-12-24,315.6700134277344,311.2281,3.8130170335362434,26.187878198708106,5.1174093249131545,2.5965801678930336,0.989613833500431
2025-12-26,314.9599914550781,312.42554,3.8130170335362434,26.187878198708106,5.1174093249131545,2.5965801678930336,0.989613833500431
2025-12-29,314.3900146484375,313.61963,3.8130170335362434,26.187878198708106,5.1174093249131545,2.5965801678930336,0.989613833500431
2025-12-30,314.54998779296875,314.61185,3.8130170335362434,26.187878198708106,5.1174093249131545,2.5965801678930336,0.989613833500431
2025-12-31,313.79998779296875,315.40503,3.8130170335362434,26.187878198708106,5.1174093249131545,2.5965801678930336,0.989613833500431
2026-01-02,315.32000732421875,315.92212,3.8130170335362434,26.187878198708106,5.1174093249131545,2.5965801678930336,0.989613833500431
2026-01-05,317.32000732421875,316.40906,3.8130170335362434,26.187878198708106,5.1174093249131545,2.5965801678930336,0.989613833500431
2026-01-06,314.54998779296875,317.0469,3.8130170335362434,26.187878198708106,5.1174093249131545,2.5965801678930336,0.989613833500431
2026-01-07,322.42999267578125,317.38077,3.8130170335362434,26.187878198708106,5.1174093249131545,2.5965801678930336,0.989613833500431
2026-01-08,326.010009765625,318.40073,3.8130170335362434,26.187878198708106,5.1174093249131545,2.5965801678930336,0.989613833500431
