Date,Actual,Predicted,MAE,MSE,RMSE,MAPE,R2
2022-09-29,42.68137741088867,44.28045367729228,94.39379524998458,15711.276772919651,125.34463200679816,48.751650201351595,-0.7806327785999028
2022-09-30,42.10107421875,44.23129484277458,94.39379524998458,15711.276772919651,125.34463200679816,48.751650201351595,-0.7806327785999028
2022-10-03,43.31192779541016,44.30310113902486,94.39379524998458,15711.276772919651,125.34463200679816,48.751650201351595,-0.7806327785999028
2022-10-04,45.5003776550293,44.33147707834852,94.39379524998458,15711.276772919651,125.34463200679816,48.751650201351595,-0.7806327785999028
2022-10-05,45.96878433227539,44.3431530374463,94.39379524998458,15711.276772919651,125.34463200679816,48.751650201351595,-0.7806327785999028
2022-10-06,45.46623611450195,44.39073148725514,94.39379524998458,15711.276772919651,125.34463200679816,48.751650201351595,-0.7806327785999028
2022-10-07,43.66276168823242,44.481815924688014,94.39379524998458,15711.276772919651,125.34463200679816,48.751650201351595,-0.7806327785999028
2022-10-10,41.50276184082031,44.532288052559515,94.39379524998458,15711.276772919651,125.34463200679816,48.751650201351595,-0.7806327785999028
2022-10-11,40.84471130371094,44.47290792348078,94.39379524998458,15711.276772919651,125.34463200679816,48.751650201351595,-0.7806327785999028
2022-10-12,40.82669448852539,44.55081859961094,94.39379524998458,15711.276772919651,125.34463200679816,48.751650201351595,-0.7806327785999028
2022-10-13,41.528358459472656,44.58066280018814,94.39379524998458,15711.276772919651,125.34463200679816,48.751650201351595,-0.7806327785999028
2022-10-14,40.49766540527344,44.59423739713542,94.39379524998458,15711.276772919651,125.34463200679816,48.751650201351595,-0.7806327785999028
2022-10-17,41.28183364868164,44.64210272564544,94.39379524998458,15711.276772919651,125.34463200679816,48.751650201351595,-0.7806327785999028
2022-10-18,41.23063659667969,44.733552717606905,94.39379524998458,15711.276772919651,125.34463200679816,48.751650201351595,-0.7806327785999028
2022-10-19,41.27519226074219,44.78423206493012,94.39379524998458,15711.276772919651,125.34463200679816,48.751650201351595,-0.7806327785999028
2022-10-20,40.80109024047852,44.724462028502316,94.39379524998458,15711.276772919651,125.34463200679816,48.751650201351595,-0.7806327785999028
2022-10-21,42.64344787597656,44.802819222355254,94.39379524998458,15711.276772919651,125.34463200679816,48.751650201351595,-0.7806327785999028
2022-10-24,43.28727722167969,44.83283667884346,94.39379524998458,15711.276772919651,125.34463200679816,48.751650201351595,-0.7806327785999028
2022-10-25,43.6238899230957,44.846491775164715,94.39379524998458,15711.276772919651,125.34463200679816,48.751650201351595,-0.7806327785999028
2022-10-26,43.72913360595703,44.89462914827729,94.39379524998458,15711.276772919651,125.34463200679816,48.751650201351595,-0.7806327785999028
2022-10-27,43.18107986450195,44.98659615428272,94.39379524998458,15711.276772919651,125.34463200679816,48.751650201351595,-0.7806327785999028
2022-10-28,44.84042739868164,45.037562006498206,94.39379524998458,15711.276772919651,125.34463200679816,48.751650201351595,-0.7806327785999028
2022-10-31,44.57683563232422,44.97745372678585,94.39379524998458,15711.276772919651,125.34463200679816,48.751650201351595,-0.7806327785999028
2022-11-01,44.36632537841797,45.05625413793682,94.39379524998458,15711.276772919651,125.34463200679816,48.751650201351595,-0.7806327785999028
2022-11-02,43.240814208984375,45.086441404258395,94.39379524998458,15711.276772919651,125.34463200679816,48.751650201351595,-0.7806327785999028
2022-11-03,42.11149978637695,45.10017375053929,94.39379524998458,15711.276772919651,125.34463200679816,48.751650201351595,-0.7806327785999028
2022-11-04,44.11979293823242,45.14858342578733,94.39379524998458,15711.276772919651,125.34463200679816,48.751650201351595,-0.7806327785999028
2022-11-07,45.06040954589844,45.241070659405686,94.39379524998458,15711.276772919651,125.34463200679816,48.751650201351595,-0.7806327785999028
2022-11-08,45.71372222900391,45.292324808420744,94.39379524998458,15711.276772919651,125.34463200679816,48.751650201351595,-0.7806327785999028
2022-11-09,44.51519775390625,45.2318765154526,94.39379524998458,15711.276772919651,125.34463200679816,48.751650201351595,-0.7806327785999028
2022-11-10,48.033016204833984,45.31112267469743,94.39379524998458,15711.276772919651,125.34463200679816,48.751650201351595,-0.7806327785999028
2022-11-11,49.12534332275391,45.341480700545674,94.39379524998458,15711.276772919651,125.34463200679816,48.751650201351595,-0.7806327785999028
2022-11-14,48.66357421875,45.35529072624773,94.39379524998458,15711.276772919651,125.34463200679816,48.751650201351595,-0.7806327785999028
2022-11-15,49.725563049316406,45.40397423925443,94.39379524998458,15711.276772919651,125.34463200679816,48.751650201351595,-0.7806327785999028
2022-11-16,48.52229309082031,45.49698464299666,94.39379524998458,15711.276772919651,125.34463200679816,48.751650201351595,-0.7806327785999028
2022-11-17,48.55832290649414,45.54852872001817,94.39379524998458,15711.276772919651,125.34463200679816,48.751650201351595,-0.7806327785999028
2022-11-18,48.8475227355957,45.4877384907682,94.39379524998458,15711.276772919651,125.34463200679816,48.751650201351595,-0.7806327785999028
2022-11-21,49.06371688842773,45.56743291969325,94.39379524998458,15711.276772919651,125.34463200679816,48.751650201351595,-0.7806327785999028
2022-11-22,50.25939178466797,45.59796267099388,94.39379524998458,15711.276772919651,125.34463200679816,48.751650201351595,-0.7806327785999028
2022-11-23,50.59980392456055,45.61185081550789,94.39379524998458,15711.276772919651,125.34463200679816,48.751650201351595,-0.7806327785999028
2022-11-25,50.246124267578125,45.66080971527199,94.39379524998458,15711.276772919651,125.34463200679816,48.751650201351595,-0.7806327785999028
2022-11-28,49.51600646972656,45.75434624853747,94.39379524998458,15711.276772919651,125.34463200679816,48.751650201351595,-0.7806327785999028
2022-11-29,49.438255310058594,45.80618189359415,94.39379524998458,15711.276772919651,125.34463200679816,48.751650201351595,-0.7806327785999028
2022-11-30,52.248722076416016,45.74504779384103,94.39379524998458,15711.276772919651,125.34463200679816,48.751650201351595,-0.7806327785999028
2022-12-01,52.22217178344727,45.82519302816213,94.39379524998458,15711.276772919651,125.34463200679816,48.751650201351595,-0.7806327785999028
2022-12-02,51.27871322631836,45.8558954763101,94.39379524998458,15711.276772919651,125.34463200679816,48.751650201351595,-0.7806327785999028
2022-12-05,50.31533432006836,45.8698621815287,94.39379524998458,15711.276772919651,125.34463200679816,48.751650201351595,-0.7806327785999028
2022-12-06,49.858306884765625,45.919098025823246,94.39379524998458,15711.276772919651,125.34463200679816,48.751650201351595,-0.7806327785999028
2022-12-07,49.16422271728516,46.01316366475511,94.39379524998458,15711.276772919651,125.34463200679816,48.751650201351595,-0.7806327785999028
2022-12-08,50.357059478759766,46.06529252715225,94.39379524998458,15711.276772919651,125.34463200679816,48.751650201351595,-0.7806327785999028
2022-12-09,51.6504020690918,46.003812611732684,94.39379524998458,15711.276772919651,125.34463200679816,48.751650201351595,-0.7806327785999028
2022-12-12,52.77971267700195,46.08441120150894,94.39379524998458,15711.276772919651,125.34463200679816,48.751650201351595,-0.7806327785999028
2022-12-13,54.14607620239258,46.11528732339401,94.39379524998458,15711.276772919651,125.34463200679816,48.751650201351595,-0.7806327785999028
2022-12-14,54.46846771240234,46.12933303370948,94.39379524998458,15711.276772919651,125.34463200679816,48.751650201351595,-0.7806327785999028
2022-12-15,52.90962219238281,46.17884738911937,94.39379524998458,15711.276772919651,125.34463200679816,48.751650201351595,-0.7806327785999028
2022-12-16,52.71144104003906,46.273445126695826,94.39379524998458,15711.276772919651,125.34463200679816,48.751650201351595,-0.7806327785999028
2022-12-19,52.55081558227539,46.32586886506831,94.39379524998458,15711.276772919651,125.34463200679816,48.751650201351595,-0.7806327785999028
2022-12-20,52.014442443847656,46.26404117781584,94.39379524998458,15711.276772919651,125.34463200679816,48.751650201351595,-0.7806327785999028
2022-12-21,53.65990829467773,46.345095687531234,94.39379524998458,15711.276772919651,125.34463200679816,48.751650201351595,-0.7806327785999028
2022-12-22,52.88163757324219,46.37614646556908,94.39379524998458,15711.276772919651,125.34463200679816,48.751650201351595,-0.7806327785999028
2022-12-23,52.81853485107422,46.3902716278875,94.39379524998458,15711.276772919651,125.34463200679816,48.751650201351595,-0.7806327785999028
2022-12-27,52.92465591430664,46.44006606985929,94.39379524998458,15711.276772919651,125.34463200679816,48.751650201351595,-0.7806327785999028
2022-12-28,52.09762573242188,46.53519891598886,94.39379524998458,15711.276772919651,125.34463200679816,48.751650201351595,-0.7806327785999028
2022-12-29,53.33292007446289,46.58791919835391,94.39379524998458,15711.276772919651,125.34463200679816,48.751650201351595,-0.7806327785999028
2022-12-30,53.45912170410156,46.52574177203669,94.39379524998458,15711.276772919651,125.34463200679816,48.751650201351595,-0.7806327785999028
2023-01-03,52.918922424316406,46.607254780681636,94.39379524998458,15711.276772919651,125.34463200679816,48.751650201351595,-0.7806327785999028
2023-01-04,53.56525421142578,46.63848120284517,94.39379524998458,15711.276772919651,125.34463200679816,48.751650201351595,-0.7806327785999028
2023-01-05,53.066162109375,46.652686266600604,94.39379524998458,15711.276772919651,125.34463200679816,48.751650201351595,-0.7806327785999028
2023-01-06,56.26053237915039,46.70276237949264,94.39379524998458,15711.276772919651,125.34463200679816,48.751650201351595,-0.7806327785999028
2023-01-09,55.15717697143555,46.79843336110991,94.39379524998458,15711.276772919651,125.34463200679816,48.751650201351595,-0.7806327785999028
2023-01-10,54.96978759765625,46.85145186492019,94.39379524998458,15711.276772919651,125.34463200679816,48.751650201351595,-0.7806327785999028
2023-01-11,55.27669906616211,46.78892272117838,94.39379524998458,15711.276772919651,125.34463200679816,48.751650201351595,-0.7806327785999028
2023-01-12,55.6400260925293,46.8708968223318,94.39379524998458,15711.276772919651,125.34463200679816,48.751650201351595,-0.7806327785999028
2023-01-13,55.35892105102539,46.90229988218257,94.39379524998458,15711.276772919651,125.34463200679816,48.751650201351595,-0.7806327785999028
2023-01-17,55.38187026977539,46.91658529935139,94.39379524998458,15711.276772919651,125.34463200679816,48.751650201351595,-0.7806327785999028
2023-01-18,54.90859603881836,46.96694467648422,94.39379524998458,15711.276772919651,125.34463200679816,48.751650201351595,-0.7806327785999028
2023-01-19,53.85017013549805,47.063156837646154,94.39379524998458,15711.276772919651,125.34463200679816,48.751650201351595,-0.7806327785999028
2023-01-20,54.57299423217773,47.116475249843134,94.39379524998458,15711.276772919651,125.34463200679816,48.751650201351595,-0.7806327785999028
2023-01-23,55.610382080078125,47.053592399125954,94.39379524998458,15711.276772919651,125.34463200679816,48.751650201351595,-0.7806327785999028
2023-01-24,55.93545150756836,47.13603020103781,94.39379524998458,15711.276772919651,125.34463200679816,48.751650201351595,-0.7806327785999028
2023-01-25,55.997596740722656,47.167610897757605,94.39379524998458,15711.276772919651,125.34463200679816,48.751650201351595,-0.7806327785999028
2023-01-26,57.230995178222656,47.18197712287287,94.39379524998458,15711.276772919651,125.34463200679816,48.751650201351595,-0.7806327785999028
2023-01-27,56.50530242919922,47.23262136657993,94.39379524998458,15711.276772919651,125.34463200679816,48.751650201351595,-0.7806327785999028
2023-01-30,55.593170166015625,47.32937776856273,94.39379524998458,15711.276772919651,125.34463200679816,48.751650201351595,-0.7806327785999028
2023-01-31,55.93354415893555,47.38299778563036,94.39379524998458,15711.276772919651,125.34463200679816,48.751650201351595,-0.7806327785999028
2023-02-01,57.62969207763672,47.319759227132785,94.39379524998458,15711.276772919651,125.34463200679816,48.751650201351595,-0.7806327785999028
2023-02-02,57.918434143066406,47.40266335280707,94.39379524998458,15711.276772919651,125.34463200679816,48.751650201351595,-0.7806327785999028
2023-02-03,57.13920593261719,47.43442269122973,94.39379524998458,15711.276772919651,125.34463200679816,48.751650201351595,-0.7806327785999028
2023-02-06,57.49105072021485,47.448870181395634,94.39379524998458,15711.276772919651,125.34463200679816,48.751650201351595,-0.7806327785999028
2023-02-07,58.74834060668945,47.49980090307424,94.39379524998458,15711.276772919651,125.34463200679816,48.751650201351595,-0.7806327785999028
2023-02-08,57.53025436401367,47.59710462447075,94.39379524998458,15711.276772919651,125.34463200679816,48.751650201351595,-0.7806327785999028
2023-02-09,57.31034851074219,47.65102795248942,94.39379524998458,15711.276772919651,125.34463200679816,48.751650201351595,-0.7806327785999028
2023-02-10,56.72138214111328,47.58743167408855,94.39379524998458,15711.276772919651,125.34463200679816,48.751650201351595,-0.7806327785999028
2023-02-13,57.47383880615234,47.6708047613667,94.39379524998458,15711.276772919651,125.34463200679816,48.751650201351595,-0.7806327785999028
2023-02-14,57.58761596679688,47.702743752010086,94.39379524998458,15711.276772919651,125.34463200679816,48.751650201351595,-0.7806327785999028
2023-02-15,58.10200119018555,47.71727296691653,94.39379524998458,15711.276772919651,125.34463200679816,48.751650201351595,-0.7806327785999028
2023-02-16,57.41839599609375,47.768491787079135,94.39379524998458,15711.276772919651,125.34463200679816,48.751650201351595,-0.7806327785999028
2023-02-17,56.945106506347656,47.86634592389681,94.39379524998458,15711.276772919651,125.34463200679816,48.751650201351595,-0.7806327785999028
2023-02-21,55.60177230834961,47.92057427859766,94.39379524998458,15711.276772919651,125.34463200679816,48.751650201351595,-0.7806327785999028
2023-02-22,55.088340759277344,47.85661825678865,94.39379524998458,15711.276772919651,125.34463200679816,48.751650201351595,-0.7806327785999028
2023-02-23,55.81785583496094,47.940462958433535,94.39379524998458,15711.276772919651,125.34463200679816,48.751650201351595,-0.7806327785999028
2023-02-24,55.23941040039063,47.97258261753167,94.39379524998458,15711.276772919651,125.34463200679816,48.751650201351595,-0.7806327785999028
2023-02-27,55.97561264038086,47.987194019468866,94.39379524998458,15711.276772919651,125.34463200679816,48.751650201351595,-0.7806327785999028
2023-02-28,56.82081604003906,48.03870256779465,94.39379524998458,15711.276772919651,125.34463200679816,48.751650201351595,-0.7806327785999028
2023-03-01,56.75197219848633,48.13711023355403,94.39379524998458,15711.276772919651,125.34463200679816,48.751650201351595,-0.7806327785999028
2023-03-02,57.2376823425293,48.19164534037354,94.39379524998458,15711.276772919651,125.34463200679816,48.751650201351595,-0.7806327785999028
2023-03-03,60.498985290527344,48.127327540205236,94.39379524998458,15711.276772919651,125.34463200679816,48.751650201351595,-0.7806327785999028
2023-03-06,60.514278411865234,48.211646523985536,94.39379524998458,15711.276772919651,125.34463200679816,48.751650201351595,-0.7806327785999028
2023-03-07,59.77138137817383,48.24394787352096,94.39379524998458,15711.276772919651,125.34463200679816,48.751650201351595,-0.7806327785999028
2023-03-08,60.45117950439453,48.25864192739412,94.39379524998458,15711.276772919651,125.34463200679816,48.751650201351595,-0.7806327785999028
2023-03-09,59.51992034912109,48.31044184278083,94.39379524998458,15711.276772919651,125.34463200679816,48.751650201351595,-0.7806327785999028
2023-03-10,58.7846794128418,48.40940616861464,94.39379524998458,15711.276772919651,125.34463200679816,48.751650201351595,-0.7806327785999028
2023-03-13,58.94147872924805,48.4642497627495,94.39379524998458,15711.276772919651,125.34463200679816,48.751650201351595,-0.7806327785999028
2023-03-14,60.47029876708984,48.39956813775971,94.39379524998458,15711.276772919651,125.34463200679816,48.751650201351595,-0.7806327785999028
2023-03-15,59.85647964477539,48.4843640865348,94.39379524998458,15711.276772919651,125.34463200679816,48.751650201351595,-0.7806327785999028
2023-03-16,60.856571197509766,48.51684815427106,94.39379524998458,15711.276772919651,125.34463200679816,48.751650201351595,-0.7806327785999028
2023-03-17,60.32783508300781,48.531625327615245,94.39379524998458,15711.276772919651,125.34463200679816,48.751650201351595,-0.7806327785999028
2023-03-20,61.5459213256836,48.58371825823133,94.39379524998458,15711.276772919651,125.34463200679816,48.751650201351595,-0.7806327785999028
2023-03-21,61.31865692138672,48.68324239298406,94.39379524998458,15711.276772919651,125.34463200679816,48.751650201351595,-0.7806327785999028
2023-03-22,60.75723648071289,48.738396219446436,94.39379524998458,15711.276772919651,125.34463200679816,48.751650201351595,-0.7806327785999028
2023-03-23,61.5574836730957,48.67334871159677,94.39379524998458,15711.276772919651,125.34463200679816,48.751650201351595,-0.7806327785999028
2023-03-24,61.2628059387207,48.758624323402096,94.39379524998458,15711.276772919651,125.34463200679816,48.751650201351595,-0.7806327785999028
2023-03-27,60.36433410644531,48.791292142916475,94.39379524998458,15711.276772919651,125.34463200679816,48.751650201351595,-0.7806327785999028
2023-03-28,60.15824508666992,48.806152905911425,94.39379524998458,15711.276772919651,125.34463200679816,48.751650201351595,-0.7806327785999028
2023-03-29,60.23528671264648,48.85854050924848,94.39379524998458,15711.276772919651,125.34463200679816,48.751650201351595,-0.7806327785999028
2023-03-30,61.029762268066406,48.95862761957665,94.39379524998458,15711.276772919651,125.34463200679816,48.751650201351595,-0.7806327785999028
2023-03-31,61.77992248535156,49.014093433249634,94.39379524998458,15711.276772919651,125.34463200679816,48.751650201351595,-0.7806327785999028
2023-04-03,61.86949157714844,48.94867797286009,94.39379524998458,15711.276772919651,125.34463200679816,48.751650201351595,-0.7806327785999028
2023-04-04,61.09331893920898,49.03443596099298,94.39379524998458,15711.276772919651,125.34463200679816,48.751650201351595,-0.7806327785999028
2023-04-05,60.57329940795898,49.06728857170936,94.39379524998458,15711.276772919651,125.34463200679816,48.751650201351595,-0.7806327785999028
2023-04-06,59.95986557006836,49.08223339719448,94.39379524998458,15711.276772919651,125.34463200679816,48.751650201351595,-0.7806327785999028
2023-04-10,60.41728973388672,49.13491734011998,94.39379524998458,15711.276772919651,125.34463200679816,48.751650201351595,-0.7806327785999028
2023-04-11,59.85683059692383,49.23557061059284,94.39379524998458,15711.276772919651,125.34463200679816,48.751650201351595,-0.7806327785999028
2023-04-12,59.38784790039063,49.29135017628635,94.39379524998458,15711.276772919651,125.34463200679816,48.751650201351595,-0.7806327785999028
2023-04-13,60.11394882202149,49.22556468196939,94.39379524998458,15711.276772919651,125.34463200679816,48.751650201351595,-0.7806327785999028
2023-04-14,59.66134262084961,49.31180777507543,94.39379524998458,15711.276772919651,125.34463200679816,48.751650201351595,-0.7806327785999028
2023-04-17,60.41440582275391,49.344846222297384,94.39379524998458,15711.276772919651,125.34463200679816,48.751650201351595,-0.7806327785999028
2023-04-18,60.89204788208008,49.35987558578675,94.39379524998458,15711.276772919651,125.34463200679816,48.751650201351595,-0.7806327785999028
2023-04-19,61.10198974609375,49.41285754459714,94.39379524998458,15711.276772919651,125.34463200679816,48.751650201351595,-0.7806327785999028
2023-04-20,60.9594612121582,49.51408017779799,94.39379524998458,15711.276772919651,125.34463200679816,48.751650201351595,-0.7806327785999028
2023-04-21,60.94791030883789,49.57017527030489,94.39379524998458,15711.276772919651,125.34463200679816,48.751650201351595,-0.7806327785999028
2023-04-24,61.10584259033203,49.50401764889925,94.39379524998458,15711.276772919651,125.34463200679816,48.751650201351595,-0.7806327785999028
2023-04-25,59.900169372558594,49.59074859105909,94.39379524998458,15711.276772919651,125.34463200679816,48.751650201351595,-0.7806327785999028
2023-04-26,59.33874130249024,49.623973926003124,94.39379524998458,15711.276772919651,125.34463200679816,48.751650201351595,-0.7806327785999028
2023-04-27,59.552528381347656,49.639088305700675,94.39379524998458,15711.276772919651,125.34463200679816,48.751650201351595,-0.7806327785999028
2023-04-28,60.33158874511719,49.69236996617462,94.39379524998458,15711.276772919651,125.34463200679816,48.751650201351595,-0.7806327785999028
2023-05-01,61.43421173095703,49.794165182802736,94.39379524998458,15711.276772919651,125.34463200679816,48.751650201351595,-0.7806327785999028
2023-05-02,58.96799087524414,49.85057758695532,94.39379524998458,15711.276772919651,125.34463200679816,48.751650201351595,-0.7806327785999028
2023-05-03,59.0508041381836,49.784045733459415,94.39379524998458,15711.276772919651,125.34463200679816,48.751650201351595,-0.7806327785999028
2023-05-04,58.75804901123047,49.87126728427606,94.39379524998458,15711.276772919651,125.34463200679816,48.751650201351595,-0.7806327785999028
2023-05-05,60.68019485473633,49.90468056410508,94.39379524998458,15711.276772919651,125.34463200679816,48.751650201351595,-0.7806327785999028
2023-05-08,60.578121185302734,49.91988044091977,94.39379524998458,15711.276772919651,125.34463200679816,48.751650201351595,-0.7806327785999028
2023-05-09,59.56216812133789,49.97346349837184,94.39379524998458,15711.276772919651,125.34463200679816,48.751650201351595,-0.7806327785999028
2023-05-10,60.30944061279297,50.07583453734497,94.39379524998458,15711.276772919651,125.34463200679816,48.751650201351595,-0.7806327785999028
2023-05-11,60.44425582885742,50.13256604807173,94.39379524998458,15711.276772919651,125.34463200679816,48.751650201351595,-0.7806327785999028
2023-05-12,60.77937698364258,50.065657845576666,94.39379524998458,15711.276772919651,125.34463200679816,48.751650201351595,-0.7806327785999028
2023-05-15,61.61236953735352,50.1533727802633,94.39379524998458,15711.276772919651,125.34463200679816,48.751650201351595,-0.7806327785999028
2023-05-16,61.77029800415039,50.186975068120226,94.39379524998458,15711.276772919651,125.34463200679816,48.751650201351595,-0.7806327785999028
2023-05-17,63.3139762878418,50.20226092568138,94.39379524998458,15711.276772919651,125.34463200679816,48.751650201351595,-0.7806327785999028
2023-05-18,65.28137969970703,50.256147085015996,94.39379524998458,15711.276772919651,125.34463200679816,48.751650201351595,-0.7806327785999028
2023-05-19,65.70028686523438,50.35909720357336,94.39379524998458,15711.276772919651,125.34463200679816,48.751650201351595,-0.7806327785999028
2023-05-22,65.32662963867188,50.41614962595613,94.39379524998458,15711.276772919651,125.34463200679816,48.751650201351595,-0.7806327785999028
2023-05-23,66.10957336425781,50.34886294557835,94.39379524998458,15711.276772919651,125.34463200679816,48.751650201351595,-0.7806327785999028
2023-05-24,65.43834686279297,50.43707405504662,94.39379524998458,15711.276772919651,125.34463200679816,48.751650201351595,-0.7806327785999028
2023-05-25,70.18302154541016,50.47086642008824,94.39379524998458,15711.276772919651,125.34463200679816,48.751650201351595,-0.7806327785999028
2023-05-26,78.26543426513672,50.48623874476089,94.39379524998458,15711.276772919651,125.34463200679816,48.751650201351595,-0.7806327785999028
2023-05-30,77.36117553710938,50.54042972052657,94.39379524998458,15711.276772919651,125.34463200679816,48.751650201351595,-0.7806327785999028
2023-05-31,77.80607604980469,50.64396219433254,94.39379524998458,15711.276772919651,125.34463200679816,48.751650201351595,-0.7806327785999028
2023-06-01,76.07172393798828,50.70133734366391,94.39379524998458,15711.276772919651,125.34463200679816,48.751650201351595,-0.7806327785999028
2023-06-02,78.19513702392578,50.63367004447744,94.39379524998458,15711.276772919651,125.34463200679816,48.751650201351595,-0.7806327785999028
2023-06-05,77.26102447509766,50.722380135426306,94.39379524998458,15711.276772919651,125.34463200679816,48.751650201351595,-0.7806327785999028
2023-06-06,76.07654571533203,50.75636365285726,94.39379524998458,15711.276772919651,125.34463200679816,48.751650201351595,-0.7806327785999028
2023-06-07,76.3298110961914,50.771822933757655,94.39379524998458,15711.276772919651,125.34463200679816,48.751650201351595,-0.7806327785999028
2023-06-08,77.44400024414062,50.82632045020154,94.39379524998458,15711.276772919651,125.34463200679816,48.751650201351595,-0.7806327785999028
2023-06-09,77.48444366455078,50.93043857344985,94.39379524998458,15711.276772919651,125.34463200679816,48.751650201351595,-0.7806327785999028
2023-06-12,82.37068176269531,50.988138275290936,94.39379524998458,15711.276772919651,125.34463200679816,48.751650201351595,-0.7806327785999028
2023-06-13,81.96237182617188,50.920088204259294,94.39379524998458,15711.276772919651,125.34463200679816,48.751650201351595,-0.7806327785999028
2023-06-14,85.33863830566406,51.009300099264266,94.39379524998458,15711.276772919651,125.34463200679816,48.751650201351595,-0.7806327785999028
2023-06-15,85.07379913330078,51.04347585037129,94.39379524998458,15711.276772919651,125.34463200679816,48.751650201351595,-0.7806327785999028
2023-06-16,83.59848022460938,51.059022579382464,94.39379524998458,15711.276772919651,125.34463200679816,48.751650201351595,-0.7806327785999028
2023-06-20,83.5907974243164,51.11382837050521,94.39379524998458,15711.276772919651,125.34463200679816,48.751650201351595,-0.7806327785999028
2023-06-21,82.0640640258789,51.21853545602377,94.39379524998458,15711.276772919651,125.34463200679816,48.751650201351595,-0.7806327785999028
2023-06-22,81.55772399902344,51.27656154626228,94.39379524998458,15711.276772919651,125.34463200679816,48.751650201351595,-0.7806327785999028
2023-06-23,79.5943603515625,51.208126538169964,94.39379524998458,15711.276772919651,125.34463200679816,48.751650201351595,-0.7806327785999028
2023-06-26,79.54402923583984,51.297843075772946,94.39379524998458,15711.276772919651,125.34463200679816,48.751650201351595,-0.7806327785999028
2023-06-27,82.13568878173828,51.332212147959254,94.39379524998458,15711.276772919651,125.34463200679816,48.751650201351595,-0.7806327785999028
2023-06-28,82.0911636352539,51.34784681974665,94.39379524998458,15711.276772919651,125.34463200679816,48.751650201351595,-0.7806327785999028
2023-06-29,83.50753021240234,51.40296262935759,94.39379524998458,15711.276772919651,125.34463200679816,48.751650201351595,-0.7806327785999028
2023-06-30,83.97803497314453,51.508262008713906,94.39379524998458,15711.276772919651,125.34463200679816,48.751650201351595,-0.7806327785999028
2023-07-03,84.85031127929688,51.56661633362256,94.39379524998458,15711.276772919651,125.34463200679816,48.751650201351595,-0.7806327785999028
2023-07-05,83.43878936767578,51.49779421100615,94.39379524998458,15711.276772919651,125.34463200679816,48.751650201351595,-0.7806327785999028
2023-07-06,82.09697723388672,51.588018245805756,94.39379524998458,15711.276772919651,125.34463200679816,48.751650201351595,-0.7806327785999028
2023-07-07,81.97596740722656,51.622581732625655,94.39379524998458,15711.276772919651,125.34463200679816,48.751650201351595,-0.7806327785999028
2023-07-10,84.97521209716797,51.63830484465288,94.39379524998458,15711.276772919651,125.34463200679816,48.751650201351595,-0.7806327785999028
2023-07-11,85.39344787597656,51.6937324264255,94.39379524998458,15711.276772919651,125.34463200679816,48.751650201351595,-0.7806327785999028
2023-07-12,86.15825653076172,51.799627450032666,94.39379524998458,15711.276772919651,125.34463200679816,48.751650201351595,-0.7806327785999028
2023-07-13,86.19794464111328,51.85831186632796,94.39379524998458,15711.276772919651,125.34463200679816,48.751650201351595,-0.7806327785999028
2023-07-14,86.02562713623047,51.78910043940684,94.39379524998458,15711.276772919651,125.34463200679816,48.751650201351595,-0.7806327785999028
2023-07-17,88.13321685791016,51.8798348421492,94.39379524998458,15711.276772919651,125.34463200679816,48.751650201351595,-0.7806327785999028
2023-07-18,87.46328735351562,51.91459384334287,94.39379524998458,15711.276772919651,125.34463200679816,48.751650201351595,-0.7806327785999028
2023-07-19,87.26384735107422,51.930405895887525,94.39379524998458,15711.276772919651,125.34463200679816,48.751650201351595,-0.7806327785999028
2023-07-20,86.00238037109375,51.98614701341528,94.39379524998458,15711.276772919651,125.34463200679816,48.751650201351595,-0.7806327785999028
2023-07-21,86.81658172607422,52.09264105063858,94.39379524998458,15711.276772919651,125.34463200679816,48.751650201351595,-0.7806327785999028
2023-07-24,87.28514099121094,52.151657425539845,94.39379524998458,15711.276772919651,125.34463200679816,48.751650201351595,-0.7806327785999028
2023-07-25,88.87288665771484,52.082054492146504,94.39379524998458,15711.276772919651,125.34463200679816,48.751650201351595,-0.7806327785999028
2023-07-26,86.46223449707031,52.17330214981666,94.39379524998458,15711.276772919651,125.34463200679816,48.751650201351595,-0.7806327785999028
2023-07-27,86.50483703613281,52.20825777134516,94.39379524998458,15711.276772919651,125.34463200679816,48.751650201351595,-0.7806327785999028
2023-07-28,87.11087036132812,52.224159267514736,94.39379524998458,15711.276772919651,125.34463200679816,48.751650201351595,-0.7806327785999028
2023-07-31,87.00051879882812,52.28021569436714,94.39379524998458,15711.276772919651,125.34463200679816,48.751650201351595,-0.7806327785999028
2023-08-01,89.06746673583984,52.387312133631276,94.39379524998458,15711.276772919651,125.34463200679816,48.751650201351595,-0.7806327785999028
2023-08-02,86.38575744628906,52.44666234492009,94.39379524998458,15711.276772919651,125.34463200679816,48.751650201351595,-0.7806327785999028
2023-08-03,85.67709350585938,52.37666569043009,94.39379524998458,15711.276772919651,125.34463200679816,48.751650201351595,-0.7806327785999028
2023-08-04,85.3547134399414,52.46842950634378,94.39379524998458,15711.276772919651,125.34463200679816,48.751650201351595,-0.7806327785999028
2023-08-07,86.84658813476562,52.50358286042423,94.39379524998458,15711.276772919651,125.34463200679816,48.751650201351595,-0.7806327785999028
2023-08-08,85.50091552734375,52.51957430617216,94.39379524998458,15711.276772919651,125.34463200679816,48.751650201351595,-0.7806327785999028
2023-08-09,82.36125946044922,52.57594782595124,94.39379524998458,15711.276772919651,125.34463200679816,48.751650201351595,-0.7806327785999028
2023-08-10,81.60324096679688,52.6836500748481,94.39379524998458,15711.276772919651,125.34463200679816,48.751650201351595,-0.7806327785999028
2023-08-11,80.33110809326172,52.743336010928054,94.39379524998458,15711.276772919651,125.34463200679816,48.751650201351595,-0.7806327785999028
2023-08-14,82.68753814697266,52.67294340818953,94.39379524998458,15711.276772919651,125.34463200679816,48.751650201351595,-0.7806327785999028
2023-08-15,81.56644439697266,52.76522630208564,94.39379524998458,15711.276772919651,125.34463200679816,48.751650201351595,-0.7806327785999028
2023-08-16,80.64381408691406,52.8005785072266,94.39379524998458,15711.276772919651,125.34463200679816,48.751650201351595,-0.7806327785999028
2023-08-17,80.0735855102539,52.8166604113683,94.39379524998458,15711.276772919651,125.34463200679816,48.751650201351595,-0.7806327785999028
2023-08-18,79.95159912109375,52.87335281776535,94.39379524998458,15711.276772919651,125.34463200679816,48.751650201351595,-0.7806327785999028
2023-08-21,83.75633239746094,52.98166430316247,94.39379524998458,15711.276772919651,125.34463200679816,48.751650201351595,-0.7806327785999028
2023-08-22,82.85114288330078,53.04168786311922,94.39379524998458,15711.276772919651,125.34463200679816,48.751650201351595,-0.7806327785999028
2023-08-23,84.8638687133789,52.970897072382066,94.39379524998458,15711.276772919651,125.34463200679816,48.751650201351595,-0.7806327785999028
2023-08-24,82.72237396240234,53.063701980515454,94.39379524998458,15711.276772919651,125.34463200679816,48.751650201351595,-0.7806327785999028
2023-08-25,82.4667739868164,53.09925416155252,94.39379524998458,15711.276772919651,125.34463200679816,48.751650201351595,-0.7806327785999028
2023-08-28,83.36327362060547,53.11542703578164,94.39379524998458,15711.276772919651,125.34463200679816,48.751650201351595,-0.7806327785999028
2023-08-29,86.15631103515625,53.172440132634264,94.39379524998458,15711.276772919651,125.34463200679816,48.751650201351595,-0.7806327785999028
2023-08-30,86.38382720947266,53.281364300783856,94.39379524998458,15711.276772919651,125.34463200679816,48.751650201351595,-0.7806327785999028
2023-08-31,89.34725189208984,53.34172739444558,94.39379524998458,15711.276772919651,125.34463200679816,48.751650201351595,-0.7806327785999028
2023-09-01,84.47080993652344,53.270536163290124,94.39379524998458,15711.276772919651,125.34463200679816,48.751650201351595,-0.7806327785999028
2023-09-05,84.43692779541016,53.3638660385251,94.39379524998458,15711.276772919651,125.34463200679816,48.751650201351595,-0.7806327785999028
2023-09-06,84.44661712646484,53.39961932665672,94.39379524998458,15711.276772919651,125.34463200679816,48.751650201351595,-0.7806327785999028
2023-09-07,82.97118377685547,53.415883685561376,94.39379524998458,15711.276772919651,125.34463200679816,48.751650201351595,-0.7806327785999028
2023-09-08,83.02153778076172,53.4732192869109,94.39379524998458,15711.276772919651,125.34463200679816,48.751650201351595,-0.7806327785999028
2023-09-11,83.17546844482422,53.5827596035595,94.39379524998458,15711.276772919651,125.34463200679816,48.751650201351595,-0.7806327785999028
2023-09-12,81.76007080078125,53.64346415155764,94.39379524998458,15711.276772919651,125.34463200679816,48.751650201351595,-0.7806327785999028
2023-09-13,82.57425689697266,53.57187021482302,94.39379524998458,15711.276772919651,125.34463200679816,48.751650201351595,-0.7806327785999028
2023-09-14,84.38560485839844,53.6657280267273,94.39379524998458,15711.276772919651,125.34463200679816,48.751650201351595,-0.7806327785999028
2023-09-15,82.4532470703125,53.701683559550716,94.39379524998458,15711.276772919651,125.34463200679816,48.751650201351595,-0.7806327785999028
2023-09-18,82.29059600830078,53.718039920629884,94.39379524998458,15711.276772919651,125.34463200679816,48.751650201351595,-0.7806327785999028
2023-09-19,82.2131576538086,53.77569985077908,94.39379524998458,15711.276772919651,125.34463200679816,48.751650201351595,-0.7806327785999028
2023-09-20,80.84746551513672,53.885859801277824,94.39379524998458,15711.276772919651,125.34463200679816,48.751650201351595,-0.7806327785999028
2023-09-21,78.685546875,53.946907735108205,94.39379524998458,15711.276772919651,125.34463200679816,48.751650201351595,-0.7806327785999028
2023-09-22,80.70244598388672,53.874908814820294,94.39379524998458,15711.276772919651,125.34463200679816,48.751650201351595,-0.7806327785999028
2023-09-25,81.1706314086914,53.969297549759446,94.39379524998458,15711.276772919651,125.34463200679816,48.751650201351595,-0.7806327785999028
2023-09-26,79.44772338867188,54.00545647130693,94.39379524998458,15711.276772919651,125.34463200679816,48.751650201351595,-0.7806327785999028
2023-09-27,79.5080795288086,54.021905354986906,94.39379524998458,15711.276772919651,125.34463200679816,48.751650201351595,-0.7806327785999028
2023-09-28,80.98666381835938,54.07989144855802,94.39379524998458,15711.276772919651,125.34463200679816,48.751650201351595,-0.7806327785999028
2023-09-29,80.84844970703125,54.190674537973536,94.39379524998458,15711.276772919651,125.34463200679816,48.751650201351595,-0.7806327785999028
2023-10-02,81.27381134033203,54.252067800057844,94.39379524998458,15711.276772919651,125.34463200679816,48.751650201351595,-0.7806327785999028
2023-10-03,79.31533813476562,54.17966160535674,94.39379524998458,15711.276772919651,125.34463200679816,48.751650201351595,-0.7806327785999028
2023-10-04,80.18944549560547,54.274584266589244,94.39379524998458,15711.276772919651,125.34463200679816,48.751650201351595,-0.7806327785999028
2023-10-05,80.1943130493164,54.31094772736448,94.39379524998458,15711.276772919651,125.34463200679816,48.751650201351595,-0.7806327785999028
2023-10-06,82.27739715576172,54.32748965701544,94.39379524998458,15711.276772919651,125.34463200679816,48.751650201351595,-0.7806327785999028
2023-10-09,83.31114196777344,54.38580375900861,94.39379524998458,15711.276772919651,125.34463200679816,48.751650201351595,-0.7806327785999028
2023-10-10,83.55740356445312,54.49721351223454,94.39379524998458,15711.276772919651,125.34463200679816,48.751650201351595,-0.7806327785999028
2023-10-11,85.12943267822266,54.558954055982085,94.39379524998458,15711.276772919651,125.34463200679816,48.751650201351595,-0.7806327785999028
2023-10-12,88.15087127685547,54.48613828304925,94.39379524998458,15711.276772919651,125.34463200679816,48.751650201351595,-0.7806327785999028
2023-10-13,85.96852111816406,54.581597890822025,94.39379524998458,15711.276772919651,125.34463200679816,48.751650201351595,-0.7806327785999028
2023-10-16,87.8559341430664,54.61816704783671,94.39379524998458,15711.276772919651,125.34463200679816,48.751650201351595,-0.7806327785999028
2023-10-17,86.0872802734375,54.6348025497894,94.39379524998458,15711.276772919651,125.34463200679816,48.751650201351595,-0.7806327785999028
2023-10-18,86.34327697753906,54.69344651564129,94.39379524998458,15711.276772919651,125.34463200679816,48.751650201351595,-0.7806327785999028
2023-10-19,84.4743423461914,54.80548647751045,94.39379524998458,15711.276772919651,125.34463200679816,48.751650201351595,-0.7806327785999028
2023-10-20,83.09212493896484,54.867576267380365,94.39379524998458,15711.276772919651,125.34463200679816,48.751650201351595,-0.7806327785999028
2023-10-23,83.92826080322266,54.7943485993653,94.39379524998458,15711.276772919651,125.34463200679816,48.751650201351595,-0.7806327785999028
2023-10-24,85.76701354980469,54.89034819100981,94.39379524998458,15711.276772919651,125.34463200679816,48.751650201351595,-0.7806327785999028
2023-10-25,82.70276641845703,54.927124207820505,94.39379524998458,15711.276772919651,125.34463200679816,48.751650201351595,-0.7806327785999028
2023-10-26,80.47563171386719,54.943853811382894,94.39379524998458,15711.276772919651,125.34463200679816,48.751650201351595,-0.7806327785999028
2023-10-27,81.60575866699219,55.002829507025794,94.39379524998458,15711.276772919651,125.34463200679816,48.751650201351595,-0.7806327785999028
2023-10-30,81.88704681396484,55.115503242422974,94.39379524998458,15711.276772919651,125.34463200679816,48.751650201351595,-0.7806327785999028
2023-10-31,81.89873504638672,55.177944253986674,94.39379524998458,15711.276772919651,125.34463200679816,48.751650201351595,-0.7806327785999028
2023-11-01,83.02495574951172,55.10430236093322,94.39379524998458,15711.276772919651,125.34463200679816,48.751650201351595,-0.7806327785999028
2023-11-02,84.8121109008789,55.20084499096215,94.39379524998458,15711.276772919651,125.34463200679816,48.751650201351595,-0.7806327785999028
2023-11-03,85.91983795166016,55.23782903770727,94.39379524998458,15711.276772919651,125.34463200679816,48.751650201351595,-0.7806327785999028
2023-11-06,85.73975372314453,55.25465327518149,94.39379524998458,15711.276772919651,125.34463200679816,48.751650201351595,-0.7806327785999028
2023-11-07,87.3935546875,55.313962577102636,94.39379524998458,15711.276772919651,125.34463200679816,48.751650201351595,-0.7806327785999028
2023-11-08,88.68917083740234,55.42727367107801,94.39379524998458,15711.276772919651,125.34463200679816,48.751650201351595,-0.7806327785999028
2023-11-09,88.71349334716797,55.49006789108209,94.39379524998458,15711.276772919651,125.34463200679816,48.751650201351595,-0.7806327785999028
2023-11-10,93.20475769042967,55.416009429854284,94.39379524998458,15711.276772919651,125.34463200679816,48.751650201351595,-0.7806327785999028
2023-11-13,92.17391204833984,55.5130981700587,94.39379524998458,15711.276772919651,125.34463200679816,48.751650201351595,-0.7806327785999028
2023-11-14,94.70767974853516,55.55029142349575,94.39379524998458,15711.276772919651,125.34463200679816,48.751650201351595,-0.7806327785999028
2023-11-15,94.94518280029295,55.567210830194966,94.39379524998458,15711.276772919651,125.34463200679816,48.751650201351595,-0.7806327785999028
2023-11-16,93.40234375,55.6268556254963,94.39379524998458,15711.276772919651,125.34463200679816,48.751650201351595,-0.7806327785999028
2023-11-17,95.17198944091795,55.740807683379494,94.39379524998458,15711.276772919651,125.34463200679816,48.751650201351595,-0.7806327785999028
2023-11-20,96.92214965820312,55.80395710980891,94.39379524998458,15711.276772919651,125.34463200679816,48.751650201351595,-0.7806327785999028
2023-11-21,95.509765625,55.729479724016436,94.39379524998458,15711.276772919651,125.34463200679816,48.751650201351595,-0.7806327785999028
2023-11-22,94.6142349243164,55.82711766356351,94.39379524998458,15711.276772919651,125.34463200679816,48.751650201351595,-0.7806327785999028
2023-11-24,95.282958984375,55.86452130710652,94.39379524998458,15711.276772919651,125.34463200679816,48.751650201351595,-0.7806327785999028
2023-11-27,92.49610900878906,55.88153642137201,94.39379524998458,15711.276772919651,125.34463200679816,48.751650201351595,-0.7806327785999028
2023-11-28,92.11746978759766,55.94151860783017,94.39379524998458,15711.276772919651,125.34463200679816,48.751650201351595,-0.7806327785999028
2023-11-29,91.58015441894533,56.056115255345,94.39379524998458,15711.276772919651,125.34463200679816,48.751650201351595,-0.7806327785999028
2023-11-30,90.11032104492188,56.11962189748668,94.39379524998458,15711.276772919651,125.34463200679816,48.751650201351595,-0.7806327785999028
2023-12-01,90.52595520019533,56.04472321740988,94.39379524998458,15711.276772919651,125.34463200679816,48.751650201351595,-0.7806327785999028
2023-12-04,89.93900299072266,56.1429134629412,94.39379524998458,15711.276772919651,125.34463200679816,48.751650201351595,-0.7806327785999028
2023-12-05,88.88286590576172,56.18052868669839,94.39379524998458,15711.276772919651,125.34463200679816,48.751650201351595,-0.7806327785999028
2023-12-06,87.96009063720703,56.19764004991664,94.39379524998458,15711.276772919651,125.34463200679816,48.751650201351595,-0.7806327785999028
2023-12-07,89.7725601196289,56.25796153604338,94.39379524998458,15711.276772919651,125.34463200679816,48.751650201351595,-0.7806327785999028
2023-12-08,91.9179229736328,56.37320641942319,94.39379524998458,15711.276772919651,125.34463200679816,48.751650201351595,-0.7806327785999028
2023-12-11,100.18596649169922,56.43707229792993,94.39379524998458,15711.276772919651,125.34463200679816,48.751650201351595,-0.7806327785999028
2023-12-12,104.37545776367188,56.36174994044442,94.39379524998458,15711.276772919651,125.34463200679816,48.751650201351595,-0.7806327785999028
2023-12-13,106.07014465332033,56.46049561617483,94.39379524998458,15711.276772919651,125.34463200679816,48.751650201351595,-0.7806327785999028
2023-12-14,107.70545196533205,56.498323616986475,94.39379524998458,15711.276772919651,125.34463200679816,48.751650201351595,-0.7806327785999028
2023-12-15,109.9686050415039,56.51553177360643,94.39379524998458,15711.276772919651,125.34463200679816,48.751650201351595,-0.7806327785999028
2023-12-18,111.648681640625,56.57619447870933,94.39379524998458,15711.276772919651,125.34463200679816,48.751650201351595,-0.7806327785999028
2023-12-19,111.43649291992188,56.69209126481302,94.39379524998458,15711.276772919651,125.34463200679816,48.751650201351595,-0.7806327785999028
2023-12-20,108.58109283447266,56.75631841176778,94.39379524998458,15711.276772919651,125.34463200679816,48.751650201351595,-0.7806327785999028
2023-12-21,110.2346649169922,56.68056998026863,94.39379524998458,15711.276772919651,125.34463200679816,48.751650201351595,-0.7806327785999028
2023-12-22,109.71541595458984,56.779874228085646,94.39379524998458,15711.276772919651,125.34463200679816,48.751650201351595,-0.7806327785999028
2023-12-26,110.68450164794922,56.817916209562156,94.39379524998458,15711.276772919651,125.34463200679816,48.751650201351595,-0.7806327785999028
2023-12-27,110.12515258789062,56.835221707112524,94.39379524998458,15711.276772919651,125.34463200679816,48.751650201351595,-0.7806327785999028
2023-12-28,109.75748443603516,56.896227561356056,94.39379524998458,15711.276772919651,125.34463200679816,48.751650201351595,-0.7806327785999028
2023-12-29,109.15511322021484,57.01277993778474,94.39379524998458,15711.276772919651,125.34463200679816,48.751650201351595,-0.7806327785999028
2024-01-02,106.13642120361328,57.07737039676533,94.39379524998458,15711.276772919651,125.34463200679816,48.751650201351595,-0.7806327785999028
2024-01-03,103.51571655273438,57.00119348109078,94.39379524998458,15711.276772919651,125.34463200679816,48.751650201351595,-0.7806327785999028
2024-01-04,102.5798797607422,57.10105946065455,94.39379524998458,15711.276772919651,125.34463200679816,48.751650201351595,-0.7806327785999028
2024-01-05,102.60628509521484,57.13931663321476,94.39379524998458,15711.276772919651,125.34463200679816,48.751650201351595,-0.7806327785999028
2024-01-08,105.1067123413086,57.156720022321444,94.39379524998458,15711.276772919651,125.34463200679816,48.751650201351595,-0.7806327785999028
2024-01-09,105.8538055419922,57.218070966788396,94.39379524998458,15711.276772919651,125.34463200679816,48.751650201351595,-0.7806327785999028
2024-01-10,105.66605377197266,57.33528264200277,94.39379524998458,15711.276772919651,125.34463200679816,48.751650201351595,-0.7806327785999028
2024-01-11,107.56411743164062,57.40023846814683,94.39379524998458,15711.276772919651,125.34463200679816,48.751650201351595,-0.7806327785999028
2024-01-12,108.31706237792967,57.323630644501634,94.39379524998458,15711.276772919651,125.34463200679816,48.751650201351595,-0.7806327785999028
2024-01-16,109.02896118164062,57.42406153334546,94.39379524998458,15711.276772919651,125.34463200679816,48.751650201351595,-0.7806327785999028
2024-01-17,107.92493438720705,57.46253511425517,94.39379524998458,15711.276772919651,125.34463200679816,48.751650201351595,-0.7806327785999028
2024-01-18,111.85989379882812,57.48003694865877,94.39379524998458,15711.276772919651,125.34463200679816,48.751650201351595,-0.7806327785999028
2024-01-19,118.44001770019533,57.54173493541201,94.39379524998458,15711.276772919651,125.34463200679816,48.751650201351595,-0.7806327785999028
2024-01-22,119.34945678710938,57.65960963885029,94.39379524998458,15711.276772919651,125.34463200679816,48.751650201351595,-0.7806327785999028
2024-01-23,119.9175796508789,57.724932898920734,94.39379524998458,15711.276772919651,125.34463200679816,48.751650201351595,-0.7806327785999028
2024-01-24,122.61260223388672,57.64789172979902,94.39379524998458,15711.276772919651,125.34463200679816,48.751650201351595,-0.7806327785999028
2024-01-25,120.27841186523438,57.74889072343048,94.39379524998458,15711.276772919651,125.34463200679816,48.751650201351595,-0.7806327785999028
2024-01-26,117.8219985961914,57.78758193684114,94.39379524998458,15711.276772919651,125.34463200679816,48.751650201351595,-0.7806327785999028
2024-01-29,119.08248138427734,57.805182773414614,94.39379524998458,15711.276772919651,125.34463200679816,48.751650201351595,-0.7806327785999028
2024-01-30,118.14274597167967,57.86722976555917,94.39379524998458,15711.276772919651,125.34463200679816,48.751650201351595,-0.7806327785999028
2024-01-31,115.38904571533205,57.98577124775583,94.39379524998458,15711.276772919651,125.34463200679816,48.751650201351595,-0.7806327785999028
2024-02-01,117.34577178955078,58.051464020206545,94.39379524998458,15711.276772919651,125.34463200679816,48.751650201351595,-0.7806327785999028
2024-02-02,119.72494506835938,57.97398705431426,94.39379524998458,15711.276772919651,125.34463200679816,48.751650201351595,-0.7806327785999028
2024-02-05,121.5594253540039,58.07555736631688,94.39379524998458,15711.276772919651,125.34463200679816,48.751650201351595,-0.7806327785999028
2024-02-06,119.55968475341795,58.11446744330459,94.39379524998458,15711.276772919651,125.34463200679816,48.751650201351595,-0.7806327785999028
2024-02-07,122.92454528808594,58.13216784207092,94.39379524998458,15711.276772919651,125.34463200679816,48.751650201351595,-0.7806327785999028
2024-02-08,124.65538024902344,58.194565813816496,94.39379524998458,15711.276772919651,125.34463200679816,48.751650201351595,-0.7806327785999028
2024-02-09,125.50416564941406,58.3137778465215,94.39379524998458,15711.276772919651,125.34463200679816,48.751650201351595,-0.7806327785999028
2024-02-12,123.70096588134766,58.379842221563536,94.39379524998458,15711.276772919651,125.34463200679816,48.751650201351595,-0.7806327785999028
2024-02-13,122.39551544189452,58.30192699374047,94.39379524998458,15711.276772919651,125.34463200679816,48.751650201351595,-0.7806327785999028
2024-02-14,123.42912292480467,58.40407185587597,94.39379524998458,15711.276772919651,125.34463200679816,48.751650201351595,-0.7806327785999028
2024-02-15,123.70781707763672,58.443202034480606,94.39379524998458,15711.276772919651,125.34463200679816,48.751650201351595,-0.7806327785999028
2024-02-16,121.79216766357422,58.46100255863065,94.39379524998458,15711.276772919651,125.34463200679816,48.751650201351595,-0.7806327785999028
2024-02-20,119.94104766845705,58.523753495354384,94.39379524998458,15711.276772919651,125.34463200679816,48.751650201351595,-0.7806327785999028
2024-02-21,120.02906036376952,58.64363987165332,94.39379524998458,15711.276772919651,125.34463200679816,48.751650201351595,-0.7806327785999028
2024-02-22,127.60270690917967,58.710077951321345,94.39379524998458,15711.276772919651,125.34463200679816,48.751650201351595,-0.7806327785999028
2024-02-23,126.76854705810548,58.63172198246267,94.39379524998458,15711.276772919651,125.34463200679816,48.751650201351595,-0.7806327785999028
2024-02-26,128.01632690429688,58.734444644773795,94.39379524998458,15711.276772919651,125.34463200679816,48.751650201351595,-0.7806327785999028
2024-02-27,126.7548599243164,58.77379617003843,94.39379524998458,15711.276772919651,125.34463200679816,48.751650201351595,-0.7806327785999028
2024-02-28,126.08895111083984,58.79169738594883,94.39379524998458,15711.276772919651,125.34463200679816,48.751650201351595,-0.7806327785999028
2024-02-29,127.17144775390624,58.85480328425851,94.39379524998458,15711.276772919651,125.34463200679816,48.751650201351595,-0.7806327785999028
2024-03-01,136.82110595703125,58.97536781869317,94.39379524998458,15711.276772919651,125.34463200679816,48.751650201351595,-0.7806327785999028
2024-03-04,137.12327575683594,59.042181716912395,94.39379524998458,15711.276772919651,125.34463200679816,48.751650201351595,-0.7806327785999028
2024-03-05,131.3039093017578,58.9633825138898,94.39379524998458,15711.276772919651,125.34463200679816,48.751650201351595,-0.7806327785999028
2024-03-06,132.0128936767578,59.06668624480371,94.39379524998458,15711.276772919651,125.34463200679816,48.751650201351595,-0.7806327785999028
2024-03-07,137.58778381347656,59.106260368814226,94.39379524998458,15711.276772919651,125.34463200679816,48.751650201351595,-0.7806327785999028
2024-03-08,127.97622680664062,59.12426284606544,94.39379524998458,15711.276772919651,125.34463200679816,48.751650201351595,-0.7806327785999028
2024-03-11,126.45075988769533,59.187725713862996,94.39379524998458,15711.276772919651,125.34463200679816,48.751650201351595,-0.7806327785999028
2024-03-12,126.32949829101562,59.30897224255281,94.39379524998458,15711.276772919651,125.34463200679816,48.751650201351595,-0.7806327785999028
2024-03-13,123.00375366210938,59.37616408520622,94.39379524998458,15711.276772919651,125.34463200679816,48.751650201351595,-0.7806327785999028
2024-03-14,123.43401336669922,59.29691914078858,94.39379524998458,15711.276772919651,125.34463200679816,48.751650201351595,-0.7806327785999028
2024-03-15,120.81625366210938,59.40080722722089,94.39379524998458,15711.276772919651,125.34463200679816,48.751650201351595,-0.7806327785999028
2024-03-18,120.98639678955078,59.44060520914579,94.39379524998458,15711.276772919651,125.34463200679816,48.751650201351595,-0.7806327785999028
2024-03-19,121.06169891357422,59.4587095205402,94.39379524998458,15711.276772919651,125.34463200679816,48.751650201351595,-0.7806327785999028
2024-03-20,125.30802154541016,59.52253137708562,94.39379524998458,15711.276772919651,125.34463200679816,48.751650201351595,-0.7806327785999028
2024-03-21,132.3787078857422,59.64446375784969,94.39379524998458,15711.276772919651,125.34463200679816,48.751650201351595,-0.7806327785999028
2024-03-22,132.9158477783203,59.71203568284571,94.39379524998458,15711.276772919651,125.34463200679816,48.751650201351595,-0.7806327785999028
2024-03-25,132.73028564453125,59.6323424756193,94.39379524998458,15711.276772919651,125.34463200679816,48.751650201351595,-0.7806327785999028
2024-03-26,130.75733947753906,59.73681822307861,94.39379524998458,15711.276772919651,125.34463200679816,48.751650201351595,-0.7806327785999028
2024-03-27,129.5042724609375,59.77684132920912,94.39379524998458,15711.276772919651,125.34463200679816,48.751650201351595,-0.7806327785999028
2024-03-28,130.16026306152344,59.79504805078927,94.39379524998458,15711.276772919651,125.34463200679816,48.751650201351595,-0.7806327785999028
2024-04-01,132.60064697265625,59.85923092676483,94.39379524998458,15711.276772919651,125.34463200679816,48.751650201351595,-0.7806327785999028
2024-04-02,131.47129821777344,59.98185303924469,94.39379524998458,15711.276772919651,125.34463200679816,48.751650201351595,-0.7806327785999028
2024-04-03,133.87237548828125,60.04980719658518,94.39379524998458,15711.276772919651,125.34463200679816,48.751650201351595,-0.7806327785999028
2024-04-04,129.3834991455078,59.969663190873476,94.39379524998458,15711.276772919651,125.34463200679816,48.751650201351595,-0.7806327785999028
2024-04-05,131.53709411621094,60.07472992356658,94.39379524998458,15711.276772919651,125.34463200679816,48.751650201351595,-0.7806327785999028
2024-04-08,131.2100830078125,60.11497942735692,94.39379524998458,15711.276772919651,125.34463200679816,48.751650201351595,-0.7806327785999028
2024-04-09,131.01173400878906,60.13328913842383,94.39379524998458,15711.276772919651,125.34463200679816,48.751650201351595,-0.7806327785999028
2024-04-10,129.86172485351562,60.197835075998725,94.39379524998458,15711.276772919651,125.34463200679816,48.751650201351595,-0.7806327785999028
2024-04-11,135.76280212402344,60.321150821781764,94.39379524998458,15711.276772919651,125.34463200679816,48.751650201351595,-0.7806327785999028
2024-04-12,131.9927520751953,60.38948937363045,94.39379524998458,15711.276772919651,125.34463200679816,48.751650201351595,-0.7806327785999028
2024-04-15,128.71470642089844,60.30889201941343,94.39379524998458,15711.276772919651,125.34463200679816,48.751650201351595,-0.7806327785999028
2024-04-16,130.5187225341797,60.41455308035107,94.39379524998458,15711.276772919651,125.34463200679816,48.751650201351595,-0.7806327785999028
2024-04-17,125.95911407470705,60.455030262458976,94.39379524998458,15711.276772919651,125.34463200679816,48.751650201351595,-0.7806327785999028
2024-04-18,123.63758850097656,60.473443545590584,94.39379524998458,15711.276772919651,125.34463200679816,48.751650201351595,-0.7806327785999028
2024-04-19,118.30707550048828,60.53835459848589,94.39379524998458,15711.276772919651,125.34463200679816,48.751650201351595,-0.7806327785999028
2024-04-22,120.24659729003906,60.66236790122951,94.39379524998458,15711.276772919651,125.34463200679816,48.751650201351595,-0.7806327785999028
2024-04-23,122.67518615722656,60.73109302198077,94.39379524998458,15711.276772919651,125.34463200679816,48.751650201351595,-0.7806327785999028
2024-04-24,123.42447662353516,60.650039754813776,94.39379524998458,15711.276772919651,125.34463200679816,48.751650201351595,-0.7806327785999028
2024-04-25,127.116943359375,60.75629850591703,94.39379524998458,15711.276772919651,125.34463200679816,48.751650201351595,-0.7806327785999028
2024-04-26,131.9927520751953,60.797004654244496,94.39379524998458,15711.276772919651,125.34463200679816,48.751650201351595,-0.7806327785999028
2024-04-29,131.45753479003906,60.8155220953142,94.39379524998458,15711.276772919651,125.34463200679816,48.751650201351595,-0.7806327785999028
2024-04-30,127.6914291381836,60.88080032886821,94.39379524998458,15711.276772919651,125.34463200679816,48.751650201351595,-0.7806327785999028
2024-05-01,122.0535659790039,61.00551513442466,94.39379524998458,15711.276772919651,125.34463200679816,48.751650201351595,-0.7806327785999028
2024-05-02,121.63226318359376,61.074629010772725,94.39379524998458,15711.276772919651,125.34463200679816,48.751650201351595,-0.7806327785999028
2024-05-03,125.51522827148438,60.993117251704874,94.39379524998458,15711.276772919651,125.34463200679816,48.751650201351595,-0.7806327785999028
2024-05-06,128.6774139404297,61.09997707391209,94.39379524998458,15711.276772919651,125.34463200679816,48.751650201351595,-0.7806327785999028
2024-05-07,127.97034454345705,61.14091348364636,94.39379524998458,15711.276772919651,125.34463200679816,48.751650201351595,-0.7806327785999028
2024-05-08,130.15634155273438,61.159535671841645,94.39379524998458,15711.276772919651,125.34463200679816,48.751650201351595,-0.7806327785999028
2024-05-09,128.2217254638672,61.22518316307562,94.39379524998458,15711.276772919651,125.34463200679816,48.751650201351595,-0.7806327785999028
2024-05-10,130.885986328125,61.35060343961756,94.39379524998458,15711.276772919651,125.34463200679816,48.751650201351595,-0.7806327785999028
2024-05-13,131.34852600097656,61.42010827062606,94.39379524998458,15711.276772919651,125.34463200679816,48.751650201351595,-0.7806327785999028
2024-05-14,135.524169921875,61.33813542611817,94.39379524998458,15711.276772919651,125.34463200679816,48.751650201351595,-0.7806327785999028
2024-05-15,141.03733825683594,61.44559971949259,94.39379524998458,15711.276772919651,125.34463200679816,48.751650201351595,-0.7806327785999028
2024-05-16,138.67652893066406,61.48676769314734,94.39379524998458,15711.276772919651,125.34463200679816,48.751650201351595,-0.7806327785999028
2024-05-17,137.0227508544922,61.50549522098855,94.39379524998458,15711.276772919651,125.34463200679816,48.751650201351595,-0.7806327785999028
2024-05-20,138.86309814453125,61.571514058672754,94.39379524998458,15711.276772919651,125.34463200679816,48.751650201351595,-0.7806327785999028
2024-05-21,137.40672302246094,61.69764379681949,94.39379524998458,15711.276772919651,125.34463200679816,48.751650201351595,-0.7806327785999028
2024-05-22,136.72323608398438,61.767541793991455,94.39379524998458,15711.276772919651,125.34463200679816,48.751650201351595,-0.7806327785999028
2024-05-23,136.82632446289062,61.68510525583357,94.39379524998458,15711.276772919651,125.34463200679816,48.751650201351595,-0.7806327785999028
2024-05-24,138.25521850585938,61.79317743967146,94.39379524998458,15711.276772919651,125.34463200679816,48.751650201351595,-0.7806327785999028
2024-05-28,138.70791625976562,61.83457828712828,94.39379524998458,15711.276772919651,125.34463200679816,48.751650201351595,-0.7806327785999028
2024-05-29,136.56903076171875,61.85341175048743,94.39379524998458,15711.276772919651,125.34463200679816,48.751650201351595,-0.7806327785999028
2024-05-30,133.9578094482422,61.91980403520765,94.39379524998458,15711.276772919651,125.34463200679816,48.751650201351595,-0.7806327785999028
2024-05-31,130.46861267089844,62.04664724815212,94.39379524998458,15711.276772919651,125.34463200679816,48.751650201351595,-0.7806327785999028
2024-06-03,129.81558227539062,62.11694063550033,94.39379524998458,15711.276772919651,125.34463200679816,48.751650201351595,-0.7806327785999028
2024-06-04,130.69155883789062,62.03403778072866,94.39379524998458,15711.276772919651,125.34463200679816,48.751650201351595,-0.7806327785999028
2024-06-05,138.7707977294922,62.142721293668146,94.39379524998458,15711.276772919651,125.34463200679816,48.751650201351595,-0.7806327785999028
2024-06-06,137.61000061035156,62.184356332218194,94.39379524998458,15711.276772919651,125.34463200679816,48.751650201351595,-0.7806327785999028
2024-06-07,138.13734436035156,62.20329633033797,94.39379524998458,15711.276772919651,125.34463200679816,48.751650201351595,-0.7806327785999028
2024-06-10,141.4595947265625,62.2700641745623,94.39379524998458,15711.276772919651,125.34463200679816,48.751650201351595,-0.7806327785999028
2024-06-11,143.47866821289062,62.39762489819878,94.39379524998458,15711.276772919651,125.34463200679816,48.751650201351595,-0.7806327785999028
2024-06-12,146.86473083496094,62.468315912316505,94.39379524998458,15711.276772919651,125.34463200679816,48.751650201351595,-0.7806327785999028
2024-06-13,164.8831787109375,62.38494410313006,94.39379524998458,15711.276772919651,125.34463200679816,48.751650201351595,-0.7806327785999028
2024-06-14,170.38748168945312,62.4942424032605,94.39379524998458,15711.276772919651,125.34463200679816,48.751650201351595,-0.7806327785999028
2024-06-17,179.60191345214844,62.53611295764643,94.39379524998458,15711.276772919651,125.34463200679816,48.751650201351595,-0.7806327785999028
2024-06-18,177.01426696777344,62.55516009315922,94.39379524998458,15711.276772919651,125.34463200679816,48.751650201351595,-0.7806327785999028
2024-06-20,170.34034729003906,62.62230562130531,94.39379524998458,15711.276772919651,125.34463200679816,48.751650201351595,-0.7806327785999028
2024-06-21,162.8837432861328,62.7505879143578,94.39379524998458,15711.276772919651,125.34463200679816,48.751650201351595,-0.7806327785999028
2024-06-24,156.85752868652344,62.82167880449003,94.39379524998458,15711.276772919651,125.34463200679816,48.751650201351595,-0.7806327785999028
2024-06-25,155.7324676513672,62.73783538816659,94.39379524998458,15711.276772919651,125.34463200679816,48.751650201351595,-0.7806327785999028
2024-06-26,156.8368377685547,62.84775195313865,94.39379524998458,15711.276772919651,125.34463200679816,48.751650201351595,-0.7806327785999028
2024-06-27,156.31077575683594,62.889859355596734,94.39379524998458,15711.276772919651,125.34463200679816,48.751650201351595,-0.7806327785999028
2024-06-28,158.1697540283203,62.90901423454385,94.39379524998458,15711.276772919651,125.34463200679816,48.751650201351595,-0.7806327785999028
2024-07-01,161.64442443847656,62.976539583046474,94.39379524998458,15711.276772919651,125.34463200679816,48.751650201351595,-0.7806327785999028
2024-07-02,163.28765869140625,63.10554752719785,94.39379524998458,15711.276772919651,125.34463200679816,48.751650201351595,-0.7806327785999028
2024-07-03,170.35516357421875,63.177040555312786,94.39379524998458,15711.276772919651,125.34463200679816,48.751650201351595,-0.7806327785999028
2024-07-05,167.8026123046875,63.092722864124575,94.39379524998458,15711.276772919651,125.34463200679816,48.751650201351595,-0.7806327785999028
2024-07-08,171.99444580078125,63.20326119126085,94.39379524998458,15711.276772919651,125.34463200679816,48.751650201351595,-0.7806327785999028
2024-07-09,170.75808715820312,63.2456067815634,94.39379524998458,15711.276772919651,125.34463200679816,48.751650201351595,-0.7806327785999028
2024-07-10,171.8791961669922,63.2648700134143,94.39379524998458,15711.276772919651,125.34463200679816,48.751650201351595,-0.7806327785999028
2024-07-11,168.06271362304688,63.33277733079337,94.39379524998458,15711.276772919651,125.34463200679816,48.751650201351595,-0.7806327785999028
2024-07-12,167.54254150390625,63.46251503081527,94.39379524998458,15711.276772919651,125.34463200679816,48.751650201351595,-0.7806327785999028
2024-07-15,168.87545776367188,63.53441247167635,94.39379524998458,15711.276772919651,125.34463200679816,48.751650201351595,-0.7806327785999028
2024-07-16,166.86575317382812,63.449617822805116,94.39379524998458,15711.276772919651,125.34463200679816,48.751650201351595,-0.7806327785999028
2024-07-17,153.66464233398438,63.56078142921141,94.39379524998458,15711.276772919651,125.34463200679816,48.751650201351595,-0.7806327785999028
2024-07-18,158.13723754882812,63.60336655470939,94.39379524998458,15711.276772919651,125.34463200679816,48.751650201351595,-0.7806327785999028
2024-07-19,155.0143280029297,63.622738752381125,94.39379524998458,15711.276772919651,125.34463200679816,48.751650201351595,-0.7806327785999028
2024-07-22,158.6692352294922,63.69103019931,94.39379524998458,15711.276772919651,125.34463200679816,48.751650201351595,-0.7806327785999028
2024-07-23,161.33901977539062,63.82150178319341,94.39379524998458,15711.276772919651,125.34463200679816,48.751650201351595,-0.7806327785999028
2024-07-24,149.09352111816406,63.89380592443165,94.39379524998458,15711.276772919651,125.34463200679816,48.751650201351595,-0.7806327785999028
2024-07-25,147.04440307617188,63.80853161988333,94.39379524998458,15711.276772919651,125.34463200679816,48.751650201351595,-0.7806327785999028
2024-07-26,149.3792266845703,63.920324042560566,94.39379524998458,15711.276772919651,125.34463200679816,48.751650201351595,-0.7806327785999028
2024-07-29,147.9901580810547,63.96315005822646,94.39379524998458,15711.276772919651,125.34463200679816,48.751650201351595,-0.7806327785999028
2024-07-30,141.38961791992188,63.982631838103146,94.39379524998458,15711.276772919651,125.34463200679816,48.751650201351595,-0.7806327785999028
2024-07-31,158.29486083984375,64.05130958747742,94.39379524998458,15711.276772919651,125.34463200679816,48.751650201351595,-0.7806327785999028
2024-08-01,144.83766174316406,64.18251920656402,94.39379524998458,15711.276772919651,125.34463200679816,48.751650201351595,-0.7806327785999028
2024-08-02,141.68516540527344,64.25523234875085,94.39379524998458,15711.276772919651,125.34463200679816,48.751650201351595,-0.7806327785999028
2024-08-05,139.97097778320312,64.16947567526968,94.39379524998458,15711.276772919651,125.34463200679816,48.751650201351595,-0.7806327785999028
2024-08-06,141.7836456298828,64.28190047122645,94.39379524998458,15711.276772919651,125.34463200679816,48.751650201351595,-0.7806327785999028
2024-08-07,134.24722290039062,64.32496873969738,94.39379524998458,15711.276772919651,125.34463200679816,48.751650201351595,-0.7806327785999028
2024-08-08,143.57664489746094,64.34456072164981,94.39379524998458,15711.276772919651,125.34463200679816,48.751650201351595,-0.7806327785999028
2024-08-09,146.05923461914062,64.41362695865647,94.39379524998458,15711.276772919651,125.34463200679816,48.751650201351595,-0.7806327785999028
2024-08-12,146.4138946533203,64.54557878777074,94.39379524998458,15711.276772919651,125.34463200679816,48.751650201351595,-0.7806327785999028
2024-08-13,153.8419647216797,64.61870324449113,94.39379524998458,15711.276772919651,125.34463200679816,48.751650201351595,-0.7806327785999028
2024-08-14,155.34925842285156,64.53246147347335,94.39379524998458,15711.276772919651,125.34463200679816,48.751650201351595,-0.7806327785999028
2024-08-15,163.6639862060547,64.64552221983908,94.39379524998458,15711.276772919651,125.34463200679816,48.751650201351595,-0.7806327785999028
2024-08-16,163.26007080078125,64.68883411146017,94.39379524998458,15711.276772919651,125.34463200679816,48.751650201351595,-0.7806327785999028
2024-08-19,165.2205352783203,64.70853691886556,94.39379524998458,15711.276772919651,125.34463200679816,48.751650201351595,-0.7806327785999028
2024-08-20,163.48663330078125,64.77799384105242,94.39379524998458,15711.276772919651,125.34463200679816,48.751650201351595,-0.7806327785999028
2024-08-21,163.3191680908203,64.91069207863445,94.39379524998458,15711.276772919651,125.34463200679816,48.751650201351595,-0.7806327785999028
2024-08-22,159.9302215576172,64.98423017656059,94.39379524998458,15711.276772919651,125.34463200679816,48.751650201351595,-0.7806327785999028
2024-08-23,163.89056396484375,64.89750056396765,94.39379524998458,15711.276772919651,125.34463200679816,48.751650201351595,-0.7806327785999028
2024-08-26,157.25059509277344,65.01120085810642,94.39379524998458,15711.276772919651,125.34463200679816,48.751650201351595,-0.7806327785999028
2024-08-27,158.9943389892578,65.05475775097439,94.39379524998458,15711.276772919651,125.34463200679816,48.751650201351595,-0.7806327785999028
2024-08-28,155.8319854736328,65.07457201073616,94.39379524998458,15711.276772919651,125.34463200679816,48.751650201351595,-0.7806327785999028
2024-08-29,154.6005401611328,65.14442182808192,94.39379524998458,15711.276772919651,125.34463200679816,48.751650201351595,-0.7806327785999028
2024-08-30,160.40313720703125,65.277870696321,94.39379524998458,15711.276772919651,125.34463200679816,48.751650201351595,-0.7806327785999028
2024-09-03,150.52200317382812,65.3518247752863,94.39379524998458,15711.276772919651,125.34463200679816,48.751650201351595,-0.7806327785999028
2024-09-04,151.8322296142578,65.26460456155749,94.39379524998458,15711.276772919651,125.34463200679816,48.751650201351595,-0.7806327785999028
2024-09-05,150.5515594482422,65.37894802118248,94.39379524998458,15711.276772919651,125.34463200679816,48.751650201351595,-0.7806327785999028
2024-09-06,134.9663848876953,65.42275130118948,94.39379524998458,15711.276772919651,125.34463200679816,48.751650201351595,-0.7806327785999028
2024-09-09,138.72967529296875,65.4426776437573,94.39379524998458,15711.276772919651,125.34463200679816,48.751650201351595,-0.7806327785999028
2024-09-10,146.00997924804688,65.51292257874172,94.39379524998458,15711.276772919651,125.34463200679816,48.751650201351595,-0.7806327785999028
2024-09-11,155.920654296875,65.64712632371071,94.39379524998458,15711.276772919651,125.34463200679816,48.751650201351595,-0.7806327785999028
2024-09-12,162.11729431152344,65.72149873678427,94.39379524998458,15711.276772919651,125.34463200679816,48.751650201351595,-0.7806327785999028
2024-09-13,165.20082092285156,65.63378514674892,94.39379524998458,15711.276772919651,125.34463200679816,48.751650201351595,-0.7806327785999028
2024-09-16,161.58531188964844,65.74877541003757,94.39379524998458,15711.276772919651,125.34463200679816,48.751650201351595,-0.7806327785999028
2024-09-17,160.05833435058594,65.79282647091532,94.39379524998458,15711.276772919651,125.34463200679816,48.751650201351595,-0.7806327785999028
2024-09-18,159.2701873779297,65.81286553030505,94.39379524998458,15711.276772919651,125.34463200679816,48.751650201351595,-0.7806327785999028
2024-09-19,165.477294921875,65.88350781797978,94.39379524998458,15711.276772919651,125.34463200679816,48.751650201351595,-0.7806327785999028
2024-09-20,169.1146240234375,66.01847070977014,94.39379524998458,15711.276772919651,125.34463200679816,48.751650201351595,-0.7806327785999028
2024-09-23,170.93325805664062,66.0932638233316,94.39379524998458,15711.276772919651,125.34463200679816,48.751650201351595,-0.7806327785999028
2024-09-24,172.8112030029297,66.00505406612086,94.39379524998458,15711.276772919651,125.34463200679816,48.751650201351595,-0.7806327785999028
2024-09-25,173.48333740234375,66.12069479183056,94.39379524998458,15711.276772919651,125.34463200679816,48.751650201351595,-0.7806327785999028
2024-09-26,176.02349853515625,66.16499503519462,94.39379524998458,15711.276772919651,125.34463200679816,48.751650201351595,-0.7806327785999028
2024-09-27,170.6861572265625,66.18514744900857,94.39379524998458,15711.276772919651,125.34463200679816,48.751650201351595,-0.7806327785999028
2024-09-30,170.4983673095703,66.25618933706821,94.39379524998458,15711.276772919651,125.34463200679816,48.751650201351595,-0.7806327785999028
2024-10-01,165.5267333984375,66.39191566992598,94.39379524998458,15711.276772919651,125.34463200679816,48.751650201351595,-0.7806327785999028
2024-10-02,168.67971801757812,66.46713186374078,94.39379524998458,15711.276772919651,125.34463200679816,48.751650201351595,-0.7806327785999028
2024-10-03,169.8954315185547,66.37842313269874,94.39379524998458,15711.276772919651,125.34463200679816,48.751650201351595,-0.7806327785999028
2024-10-04,174.59033203125,66.4947180002833,94.39379524998458,15711.276772919651,125.34463200679816,48.751650201351595,-0.7806327785999028
2024-10-07,173.0484161376953,66.53926883567773,94.39379524998458,15711.276772919651,125.34463200679816,48.751650201351595,-0.7806327785999028
2024-10-08,178.6328582763672,66.55953524512492,94.39379524998458,15711.276772919651,125.34463200679816,48.751650201351595,-0.7806327785999028
2024-10-09,183.79229736328125,66.63097899397852,94.39379524998458,15711.276772919651,125.34463200679816,48.751650201351595,-0.7806327785999028
2024-10-10,183.53530883789065,66.76747308644086,94.39379524998458,15711.276772919651,125.34463200679816,48.751650201351595,-0.7806327785999028
2024-10-11,179.37416076660156,66.84311475373605,94.39379524998458,15711.276772919651,125.34463200679816,48.751650201351595,-0.7806327785999028
2024-10-14,180.1945343017578,66.75390422633045,94.39379524998458,15711.276772919651,125.34463200679816,48.751650201351595,-0.7806327785999028
2024-10-15,173.93798828125,66.87085693605714,94.39379524998458,15711.276772919651,125.34463200679816,48.751650201351595,-0.7806327785999028
2024-10-16,174.7682342529297,66.91565978099935,94.39379524998458,15711.276772919651,125.34463200679816,48.751650201351595,-0.7806327785999028
2024-10-17,179.42359924316406,66.9360408309159,94.39379524998458,15711.276772919651,125.34463200679816,48.751650201351595,-0.7806327785999028
2024-10-18,177.8026123046875,67.00788871375893,94.39379524998458,15711.276772919651,125.34463200679816,48.751650201351595,-0.7806327785999028
2024-10-21,177.90145874023438,67.14515490879155,94.39379524998458,15711.276772919651,125.34463200679816,48.751650201351595,-0.7806327785999028
2024-10-22,177.29852294921875,67.22122445633184,94.39379524998458,15711.276772919651,125.34463200679816,48.751650201351595,-0.7806327785999028
2024-10-23,171.4966278076172,67.1315092940643,94.39379524998458,15711.276772919651,125.34463200679816,48.751650201351595,-0.7806327785999028
2024-10-24,169.3616943359375,67.24912356713159,94.39379524998458,15711.276772919651,125.34463200679816,48.751650201351595,-0.7806327785999028
2024-10-25,170.99256896972656,67.29417984715742,94.39379524998458,15711.276772919651,125.34463200679816,48.751650201351595,-0.7806327785999028
2024-10-28,170.02394104003906,67.31467618602707,94.39379524998458,15711.276772919651,125.34463200679816,48.751650201351595,-0.7806327785999028
2024-10-29,177.16015625,67.38693048891372,94.39379524998458,15711.276772919651,125.34463200679816,48.751650201351595,-0.7806327785999028
2024-10-30,174.59033203125,67.52497315404909,94.39379524998458,15711.276772919651,125.34463200679816,48.751650201351595,-0.7806327785999028
2024-10-31,167.800048828125,67.6014730022135,94.39379524998458,15711.276772919651,125.34463200679816,48.751650201351595,-0.7806327785999028
2024-11-01,166.95989990234375,67.51125035052917,94.39379524998458,15711.276772919651,125.34463200679816,48.751650201351595,-0.7806327785999028
2024-11-04,166.59420776367188,67.62952992918513,94.39379524998458,15711.276772919651,125.34463200679816,48.751650201351595,-0.7806327785999028
2024-11-05,171.88211059570312,67.6748410778942,94.39379524998458,15711.276772919651,125.34463200679816,48.751650201351595,-0.7806327785999028
2024-11-06,177.466552734375,67.69545335786897,94.39379524998458,15711.276772919651,125.34463200679816,48.751650201351595,-0.7806327785999028
2024-11-07,181.6771240234375,67.7681163797849,94.39379524998458,15711.276772919651,125.34463200679816,48.751650201351595,-0.7806327785999028
2024-11-08,181.50909423828125,67.90693990726116,94.39379524998458,15711.276772919651,125.34463200679816,48.751650201351595,-0.7806327785999028
2024-11-11,176.833984375,67.98387249012,94.39379524998458,15711.276772919651,125.34463200679816,48.751650201351595,-0.7806327785999028
2024-11-12,174.17520141601562,67.89313947831674,94.39379524998458,15711.276772919651,125.34463200679816,48.751650201351595,-0.7806327785999028
2024-11-13,171.5658416748047,68.01208812597814,94.39379524998458,15711.276772919651,125.34463200679816,48.751650201351595,-0.7806327785999028
2024-11-14,168.40296936035156,68.05765558507947,94.39379524998458,15711.276772919651,125.34463200679816,48.751650201351595,-0.7806327785999028
2024-11-15,162.92724609375,68.0783844620004,94.39379524998458,15711.276772919651,125.34463200679816,48.751650201351595,-0.7806327785999028
2024-11-18,163.7476043701172,68.15145851493585,94.39379524998458,15711.276772919651,125.34463200679816,48.751650201351595,-0.7806327785999028
2024-11-19,163.4313201904297,68.29106732183665,94.39379524998458,15711.276772919651,125.34463200679816,48.751650201351595,-0.7806327785999028
2024-11-20,161.35569763183594,68.36843508722899,94.39379524998458,15711.276772919651,125.34463200679816,48.751650201351595,-0.7806327785999028
2024-11-21,162.0376739501953,68.27718882836602,94.39379524998458,15711.276772919651,125.34463200679816,48.751650201351595,-0.7806327785999028
2024-11-22,162.32431030273438,68.39681032973803,94.39379524998458,15711.276772919651,125.34463200679816,48.751650201351595,-0.7806327785999028
2024-11-25,162.90748596191406,68.44263554909594,94.39379524998458,15711.276772919651,125.34463200679816,48.751650201351595,-0.7806327785999028
2024-11-26,162.8284149169922,68.46348168251392,94.39379524998458,15711.276772919651,125.34463200679816,48.751650201351595,-0.7806327785999028
2024-11-27,157.8172149658203,68.53696909153734,94.39379524998458,15711.276772919651,125.34463200679816,48.751650201351595,-0.7806327785999028
2024-11-29,160.19927978515625,68.6773676199323,94.39379524998458,15711.276772919651,125.34463200679816,48.751650201351595,-0.7806327785999028
2024-12-02,164.57785034179688,68.7551730295438,94.39379524998458,15711.276772919651,125.34463200679816,48.751650201351595,-0.7806327785999028
2024-12-03,166.19883728027344,68.66341062034988,94.39379524998458,15711.276772919651,125.34463200679816,48.751650201351595,-0.7806327785999028
2024-12-04,168.58087158203125,68.78370878154654,94.39379524998458,15711.276772919651,125.34463200679816,48.751650201351595,-0.7806327785999028
2024-12-05,168.49191284179688,68.82979321922673,94.39379524998458,15711.276772919651,125.34463200679816,48.751650201351595,-0.7806327785999028
2024-12-06,177.44677734375,68.85075727242351,94.39379524998458,15711.276772919651,125.34463200679816,48.751650201351595,-0.7806327785999028
2024-12-09,176.8636474609375,68.92466037575552,94.39379524998458,15711.276772919651,125.34463200679816,48.751650201351595,-0.7806327785999028
2024-12-10,169.8163604736328,69.06585309284158,94.39379524998458,15711.276772919651,125.34463200679816,48.751650201351595,-0.7806327785999028
2024-12-11,181.07418823242188,69.14409862228288,94.39379524998458,15711.276772919651,125.34463200679816,48.751650201351595,-0.7806327785999028
2024-12-12,178.56369018554688,69.05181714306391,94.39379524998458,15711.276772919651,125.34463200679816,48.751650201351595,-0.7806327785999028
2024-12-13,222.1914978027344,69.17279579172919,94.39379524998458,15711.276772919651,125.34463200679816,48.751650201351595,-0.7806327785999028
2024-12-16,247.09906005859372,69.21914091404517,94.39379524998458,15711.276772919651,125.34463200679816,48.751650201351595,-0.7806327785999028
2024-12-17,237.44244384765625,69.24022355405451,94.39379524998458,15711.276772919651,125.34463200679816,48.751650201351595,-0.7806327785999028
2024-12-18,221.02517700195312,69.31454470314223,94.39379524998458,15711.276772919651,125.34463200679816,48.751650201351595,-0.7806327785999028
2024-12-19,215.7866973876953,69.45653610138585,94.39379524998458,15711.276772919651,125.34463200679816,48.751650201351595,-0.7806327785999028
2024-12-20,218.22799682617188,69.5352242402713,94.39379524998458,15711.276772919651,125.34463200679816,48.751650201351595,-0.7806327785999028
2024-12-23,230.2692108154297,69.44242075481742,94.39379524998458,15711.276772919651,125.34463200679816,48.751650201351595,-0.7806327785999028
2024-12-24,237.53355407714844,69.564083740247,94.39379524998458,15711.276772919651,125.34463200679816,48.751650201351595,-0.7806327785999028
2024-12-26,243.1626892089844,69.61069102180677,94.39379524998458,15711.276772919651,125.34463200679816,48.751650201351595,-0.7806327785999028
2024-12-27,239.58502197265625,69.63189291943559,94.39379524998458,15711.276772919651,125.34463200679816,48.751650201351595,-0.7806327785999028
2024-12-30,233.4702911376953,69.70663447902754,94.39379524998458,15711.276772919651,125.34463200679816,48.751650201351595,-0.7806327785999028
2024-12-31,229.76377868652344,69.84942907630757,94.39379524998458,15711.276772919651,125.34463200679816,48.751650201351595,-0.7806327785999028
2025-01-02,229.9025115966797,69.92856232833446,94.39379524998458,15711.276772919651,125.34463200679816,48.751650201351595,-0.7806327785999028
2025-01-03,230.4674224853516,69.83523388382662,94.39379524998458,15711.276772919651,125.34463200679816,48.751650201351595,-0.7806327785999028
2025-01-06,234.29283142089844,69.95758507709044,94.39379524998458,15711.276772919651,125.34463200679816,48.751650201351595,-0.7806327785999028
2025-01-07,226.59243774414065,70.00445600084333,94.39379524998458,15711.276772919651,125.34463200679816,48.751650201351595,-0.7806327785999028
2025-01-08,227.2564239501953,70.02577783069309,94.39379524998458,15711.276772919651,125.34463200679816,48.751650201351595,-0.7806327785999028
2025-01-10,222.30120849609372,70.10094217891441,94.39379524998458,15711.276772919651,125.34463200679816,48.751650201351595,-0.7806327785999028
2025-01-13,223.2724456787109,70.24454451866588,94.39379524998458,15711.276772919651,125.34463200679816,48.751650201351595,-0.7806327785999028
2025-01-14,222.6876983642578,70.32412540169409,94.39379524998458,15711.276772919651,125.34463200679816,48.751650201351595,-0.7806327785999028
2025-01-15,225.95816040039065,70.23026902861012,94.39379524998458,15711.276772919651,125.34463200679816,48.751650201351595,-0.7806327785999028
2025-01-16,227.35552978515625,70.35331232267545,94.39379524998458,15711.276772919651,125.34463200679816,48.751650201351595,-0.7806327785999028
2025-01-17,235.31362915039065,70.4004483799594,94.39379524998458,15711.276772919651,125.34463200679816,48.751650201351595,-0.7806327785999028
2025-01-21,238.1579132080078,70.42189082044754,94.39379524998458,15711.276772919651,125.34463200679816,48.751650201351595,-0.7806327785999028
2025-01-22,238.7525329589844,70.49748034887563,94.39379524998458,15711.276772919651,125.34463200679816,48.751650201351595,-0.7806327785999028
2025-01-23,238.12820434570312,70.64189500023429,94.39379524998458,15711.276772919651,125.34463200679816,48.751650201351595,-0.7806327785999028
2025-01-24,242.50860595703125,70.72192604636645,94.39379524998458,15711.276772919651,125.34463200679816,48.751650201351595,-0.7806327785999028
2025-01-27,200.31985473632807,70.62753875838654,94.39379524998458,15711.276772919651,125.34463200679816,48.751650201351595,-0.7806327785999028
2025-01-28,205.5030212402344,70.75127806824193,94.39379524998458,15711.276772919651,125.34463200679816,48.751650201351595,-0.7806327785999028
2025-01-29,204.5020294189453,70.79868075883084,94.39379524998458,15711.276772919651,125.34463200679816,48.751650201351595,-0.7806327785999028
2025-01-30,213.72866821289065,70.82024449221245,94.39379524998458,15711.276772919651,125.34463200679816,48.751650201351595,-0.7806327785999028
2025-01-31,219.28843688964844,70.89626160595307,94.39379524998458,15711.276772919651,125.34463200679816,48.751650201351595,-0.7806327785999028
2025-02-03,215.78012084960935,71.0414931639008,94.39379524998458,15711.276772919651,125.34463200679816,48.751650201351595,-0.7806327785999028
2025-02-04,220.4380340576172,71.12197691956277,94.39379524998458,15711.276772919651,125.34463200679816,48.751650201351595,-0.7806327785999028
2025-02-05,229.92233276367188,71.02705571347448,94.39379524998458,15711.276772919651,125.34463200679816,48.751650201351595,-0.7806327785999028
2025-02-06,229.2880706787109,71.15149497625428,94.39379524998458,15711.276772919651,125.34463200679816,48.751650201351595,-0.7806327785999028
2025-02-07,222.85618591308597,71.19916580840582,94.39379524998458,15711.276772919651,125.34463200679816,48.751650201351595,-0.7806327785999028
2025-02-10,232.93511962890625,71.22085152079524,94.39379524998458,15711.276772919651,125.34463200679816,48.751650201351595,-0.7806327785999028
2025-02-11,232.93511962890625,71.29729863855907,94.39379524998458,15711.276772919651,125.34463200679816,48.751650201351595,-0.7806327785999028
2025-02-12,234.2333984375,71.44335172407004,94.39379524998458,15711.276772919651,125.34463200679816,48.751650201351595,-0.7806327785999028
2025-02-13,233.6883087158203,71.524290750092,94.39379524998458,15711.276772919651,125.34463200679816,48.751650201351595,-0.7806327785999028
2025-02-14,230.95301818847656,71.42883260569472,94.39379524998458,15711.276772919651,125.34463200679816,48.751650201351595,-0.7806327785999028
2025-02-18,226.4833984375,71.55397578080438,94.39379524998458,15711.276772919651,125.34463200679816,48.751650201351595,-0.7806327785999028
2025-02-19,226.6816253662109,71.60191627130793,94.39379524998458,15711.276772919651,125.34463200679816,48.751650201351595,-0.7806327785999028
2025-02-20,224.70944213867188,71.6237246527006,94.39379524998458,15711.276772919651,125.34463200679816,48.751650201351595,-0.7806327785999028
2025-02-21,216.70181274414065,71.7006042068802,94.39379524998458,15711.276772919651,125.34463200679816,48.751650201351595,-0.7806327785999028
2025-02-24,206.06790161132807,71.84748346706793,94.39379524998458,15711.276772919651,125.34463200679816,48.751650201351595,-0.7806327785999028
2025-02-25,200.7261657714844,71.92888033876585,94.39379524998458,15711.276772919651,125.34463200679816,48.751650201351595,-0.7806327785999028
2025-02-26,211.03302001953125,71.83288221877466,94.39379524998458,15711.276772919651,125.34463200679816,48.751650201351595,-0.7806327785999028
2025-02-27,196.02862548828125,71.95873328801667,94.39379524998458,15711.276772919651,125.34463200679816,48.751650201351595,-0.7806327785999028
2025-02-28,197.64401245117188,72.00694496224158,94.39379524998458,15711.276772919651,125.34463200679816,48.751650201351595,-0.7806327785999028
2025-03-03,185.6920166015625,72.02887670653607,94.39379524998458,15711.276772919651,125.34463200679816,48.751650201351595,-0.7806327785999028
2025-03-04,185.801025390625,72.1061911432832,94.39379524998458,15711.276772919651,125.34463200679816,48.751650201351595,-0.7806327785999028
2025-03-05,189.8643341064453,72.25390125154843,94.39379524998458,15711.276772919651,125.34463200679816,48.751650201351595,-0.7806327785999028
2025-03-06,177.84295654296875,72.335758558806,94.39379524998458,15711.276772919651,125.34463200679816,48.751650201351595,-0.7806327785999028
2025-03-07,193.21405029296875,72.23921740875504,94.39379524998458,15711.276772919651,125.34463200679816,48.751650201351595,-0.7806327785999028
2025-03-10,182.7981719970703,72.36578037645567,94.39379524998458,15711.276772919651,125.34463200679816,48.751650201351595,-0.7806327785999028
2025-03-11,188.38766479492188,72.41426476839982,94.39379524998458,15711.276772919651,125.34463200679816,48.751650201351595,-0.7806327785999028
2025-03-12,192.49058532714844,72.43632057341983,94.39379524998458,15711.276772919651,125.34463200679816,48.751650201351595,-0.7806327785999028
2025-03-13,189.64627075195312,72.51407235272339,94.39379524998458,15711.276772919651,125.34463200679816,48.751650201351595,-0.7806327785999028
2025-03-14,193.78884887695312,72.66261800890274,94.39379524998458,15711.276772919651,125.34463200679816,48.751650201351595,-0.7806327785999028
2025-03-17,192.7581787109375,72.74493835625377,94.39379524998458,15711.276772919651,125.34463200679816,48.751650201351595,-0.7806327785999028
2025-03-18,186.9803771972656,72.64785110439907,94.39379524998458,15711.276772919651,125.34463200679816,48.751650201351595,-0.7806327785999028
2025-03-19,193.81858825683597,72.77512999753576,94.39379524998458,15711.276772919651,125.34463200679816,48.751650201351595,-0.7806327785999028
2025-03-20,189.4050445556641,72.82388864987436,94.39379524998458,15711.276772919651,125.34463200679816,48.751650201351595,-0.7806327785999028
2025-03-21,190.5183563232422,72.84606921739096,94.39379524998458,15711.276772919651,125.34463200679816,48.751650201351595,-0.7806327785999028
2025-03-24,190.1107940673828,72.92426081315514,94.39379524998458,15711.276772919651,125.34463200679816,48.751650201351595,-0.7806327785999028
2025-03-25,187.13861083984372,73.07364674367072,94.39379524998458,15711.276772919651,125.34463200679816,48.751650201351595,-0.7806327785999028
2025-03-26,178.20216369628906,73.15643275038201,94.39379524998458,15711.276772919651,125.34463200679816,48.751650201351595,-0.7806327785999028
2025-03-27,170.9655303955078,73.05879630760376,94.39379524998458,15711.276772919651,125.34463200679816,48.751650201351595,-0.7806327785999028
2025-03-28,168.11260986328125,73.18679517593323,94.39379524998458,15711.276772919651,125.34463200679816,48.751650201351595,-0.7806327785999028
2025-03-31,166.43267822265625,73.23582964006789,94.39379524998458,15711.276772919651,125.34463200679816,48.751650201351595,-0.7806327785999028
2025-04-01,167.5161895751953,73.25813567582183,94.39379524998458,15711.276772919651,125.34463200679816,48.751650201351595,-0.7806327785999028
2025-04-02,171.06492614746094,73.33676957594494,94.39379524998458,15711.276772919651,125.34463200679816,48.751650201351595,-0.7806327785999028
2025-04-03,153.09262084960938,73.48700053395464,94.39379524998458,15711.276772919651,125.34463200679816,48.751650201351595,-0.7806327785999028
2025-04-04,145.41860961914062,73.57025483410933,94.39379524998458,15711.276772919651,125.34463200679816,48.751650201351595,-0.7806327785999028
2025-04-07,153.2218475341797,73.47206609381358,94.39379524998458,15711.276772919651,125.34463200679816,48.751650201351595,-0.7806327785999028
2025-04-08,155.1005859375,73.6007890100007,94.39379524998458,15711.276772919651,125.34463200679816,48.751650201351595,-0.7806327785999028
2025-04-09,184.0471343994141,73.65010084610881,94.39379524998458,15711.276772919651,125.34463200679816,48.751650201351595,-0.7806327785999028
2025-04-10,171.273681640625,73.67253305983303,94.39379524998458,15711.276772919651,125.34463200679816,48.751650201351595,-0.7806327785999028
2025-04-11,180.85626220703125,73.75161176628659,94.39379524998458,15711.276772919651,125.34463200679816,48.751650201351595,-0.7806327785999028
2025-04-14,177.29759216308594,73.90269253183536,94.39379524998458,15711.276772919651,125.34463200679816,48.751650201351595,-0.7806327785999028
2025-04-15,177.88406372070312,73.98641777441678,94.39379524998458,15711.276772919651,125.34463200679816,48.751650201351595,-0.7806327785999028
2025-04-16,173.56993103027344,73.88767361243656,94.39379524998458,15711.276772919651,125.34463200679816,48.751650201351595,-0.7806327785999028
2025-04-17,169.97149658203125,74.01712467218395,94.39379524998458,15711.276772919651,125.34463200679816,48.751650201351595,-0.7806327785999028
2025-04-21,165.219970703125,74.06671544926832,94.39379524998458,15711.276772919651,125.34463200679816,48.751650201351595,-0.7806327785999028
2025-04-22,168.56988525390625,74.08927455471041,94.39379524998458,15711.276772919651,125.34463200679816,48.751650201351595,-0.7806327785999028
2025-04-23,175.85623168945312,74.16880058361878,94.39379524998458,15711.276772919651,125.34463200679816,48.751650201351595,-0.7806327785999028
2025-04-24,187.0292510986328,74.32073596379077,94.39379524998458,15711.276772919651,125.34463200679816,48.751650201351595,-0.7806327785999028
2025-04-25,191.16448974609372,74.40493481276664,94.39379524998458,15711.276772919651,125.34463200679816,48.751650201351595,-0.7806327785999028
2025-04-28,191.32354736328125,74.3056320872626,94.39379524998458,15711.276772919651,125.34463200679816,48.751650201351595,-0.7806327785999028
2025-04-29,190.03128051757807,74.43581540944095,94.39379524998458,15711.276772919651,125.34463200679816,48.751650201351595,-0.7806327785999028
2025-04-30,191.32354736328125,74.4856867053797,94.39379524998458,15711.276772919651,125.34463200679816,48.751650201351595,-0.7806327785999028
2025-05-01,196.15460205078125,74.50837342032474,94.39379524998458,15711.276772919651,125.34463200679816,48.751650201351595,-0.7806327785999028
2025-05-02,202.427001953125,74.58834930204519,94.39379524998458,15711.276772919651,125.34463200679816,48.751650201351595,-0.7806327785999028
2025-05-05,199.5243988037109,74.74114413111661,94.39379524998458,15711.276772919651,125.34463200679816,48.751650201351595,-0.7806327785999028
2025-05-06,198.8981475830078,74.82581926552386,94.39379524998458,15711.276772919651,125.34463200679816,48.751650201351595,-0.7806327785999028
2025-05-07,203.5900421142578,74.72595481688431,94.39379524998458,15711.276772919651,125.34463200679816,48.751650201351595,-0.7806327785999028
2025-05-08,206.5323944091797,74.85687454366338,94.39379524998458,15711.276772919651,125.34463200679816,48.751650201351595,-0.7806327785999028
2025-05-09,206.9598388671875,74.90702794526023,94.39379524998458,15711.276772919651,125.34463200679816,48.751650201351595,-0.7806327785999028
2025-05-12,220.26014709472656,74.92984299155357,94.39379524998458,15711.276772919651,125.34463200679816,48.751650201351595,-0.7806327785999028
2025-05-13,231.0355682373047,75.01027127075673,94.39379524998458,15711.276772919651,125.34463200679816,48.751650201351595,-0.7806327785999028
2025-05-14,230.7373504638672,75.16393041034976,94.39379524998458,15711.276772919651,125.34463200679816,48.751650201351595,-0.7806327785999028
2025-05-15,231.25425720214844,75.24908452437975,94.39379524998458,15711.276772919651,125.34463200679816,48.751650201351595,-0.7806327785999028
2025-05-16,227.24826049804688,75.14865517512008,94.39379524998458,15711.276772919651,125.34463200679816,48.751650201351595,-0.7806327785999028
2025-05-19,229.25624084472656,75.28031547210058,94.39379524998458,15711.276772919651,125.34463200679816,48.751650201351595,-0.7806327785999028
2025-05-20,230.29998779296875,75.33075257513521,94.39379524998458,15711.276772919651,125.34463200679816,48.751650201351595,-0.7806327785999028
2025-05-21,228.3615875244141,75.35369667870543,94.39379524998458,15711.276772919651,125.34463200679816,48.751650201351595,-0.7806327785999028
2025-05-22,229.1568298339844,75.43457991445635,94.39379524998458,15711.276772919651,125.34463200679816,48.751650201351595,-0.7806327785999028
2025-05-23,227.35760498046875,75.58910825369377,94.39379524998458,15711.276772919651,125.34463200679816,48.751650201351595,-0.7806327785999028
2025-05-27,234.24632263183597,75.67474405677804,94.39379524998458,15711.276772919651,125.34463200679816,48.751650201351595,-0.7806327785999028
2025-05-28,238.0038146972656,75.57374661143965,94.39379524998458,15711.276772919651,125.34463200679816,48.751650201351595,-0.7806327785999028
2025-05-29,240.5286865234375,75.70615166778568,94.39379524998458,15711.276772919651,125.34463200679816,48.751650201351595,-0.7806327785999028
2025-05-30,240.62811279296875,75.75687407706462,94.39379524998458,15711.276772919651,125.34463200679816,48.751650201351595,-0.7806327785999028
2025-06-02,247.22854614257807,75.77994796794665,94.39379524998458,15711.276772919651,125.34463200679816,48.751650201351595,-0.7806327785999028
2025-06-03,255.320068359375,75.86128873378617,94.39379524998458,15711.276772919651,125.34463200679816,48.751650201351595,-0.7806327785999028
2025-06-04,259.5248413085937,76.01669118944689,94.39379524998458,15711.276772919651,125.34463200679816,48.751650201351595,-0.7806327785999028
2025-06-05,258.3817138671875,76.10281140634333,94.39379524998458,15711.276772919651,125.34463200679816,48.751650201351595,-0.7806327785999028
2025-06-06,245.45913696289065,76.00124265139198,94.39379524998458,15711.276772919651,125.34463200679816,48.751650201351595,-0.7806327785999028
2025-06-09,242.82493591308597,76.13439667996442,94.39379524998458,15711.276772919651,125.34463200679816,48.751650201351595,-0.7806327785999028
2025-06-10,243.1728515625,76.18540600937206,94.39379524998458,15711.276772919651,125.34463200679816,48.751650201351595,-0.7806327785999028
2025-06-11,251.40353393554688,76.20861042173041,94.39379524998458,15711.276772919651,125.34463200679816,48.751650201351595,-0.7806327785999028
2025-06-12,254.5446929931641,76.29041130575702,94.39379524998458,15711.276772919651,125.34463200679816,48.751650201351595,-0.7806327785999028
2025-06-13,247.21859741210935,76.44669282243261,94.39379524998458,15711.276772919651,125.34463200679816,48.751650201351595,-0.7806327785999028
2025-06-16,250.5983428955078,76.53330019331221,94.39379524998458,15711.276772919651,125.34463200679816,48.751650201351595,-0.7806327785999028
2025-06-17,247.8845977783203,76.4311568970357,94.39379524998458,15711.276772919651,125.34463200679816,48.751650201351595,-0.7806327785999028
2025-06-18,249.76333618164065,76.5650641345262,94.39379524998458,15711.276772919651,125.34463200679816,48.751650201351595,-0.7806327785999028
2025-06-20,249.0858154296875,76.61636200707612,94.39379524998458,15711.276772919651,125.34463200679816,48.751650201351595,-0.7806327785999028
2025-06-23,252.8521423339844,76.63969767922822,94.39379524998458,15711.276772919651,125.34463200679816,48.751650201351595,-0.7806327785999028
2025-06-24,262.81597900390625,76.72196128418047,94.39379524998458,15711.276772919651,125.34463200679816,48.751650201351595,-0.7806327785999028
2025-06-25,263.6928100585937,76.87912683443243,94.39379524998458,15711.276772919651,125.34463200679816,48.751650201351595,-0.7806327785999028
2025-06-26,269.1928405761719,76.9662241149664,94.39379524998458,15711.276772919651,125.34463200679816,48.751650201351595,-0.7806327785999028
2025-06-27,268.3758239746094,76.86350302737182,94.39379524998458,15711.276772919651,125.34463200679816,48.751650201351595,-0.7806327785999028
2025-06-30,274.6529846191406,76.9981677344376,94.39379524998458,15711.276772919651,125.34463200679816,48.751650201351595,-0.7806327785999028
2025-07-01,263.7824401855469,77.04975578232428,94.39379524998458,15711.276772919651,125.34463200679816,48.751650201351595,-0.7806327785999028
2025-07-02,268.9237976074219,77.07322345676397,94.39379524998458,15711.276772919651,125.34463200679816,48.751650201351595,-0.7806327785999028
2025-07-03,274.1846923828125,77.15595240010325,94.39379524998458,15711.276772919651,125.34463200679816,48.751650201351595,-0.7806327785999028
2025-07-07,273.18829345703125,77.31400698462123,94.39379524998458,15711.276772919651,125.34463200679816,48.751650201351595,-0.7806327785999028
2025-07-08,270.8169250488281,77.40159694606872,94.39379524998458,15711.276772919651,125.34463200679816,48.751650201351595,-0.7806327785999028
2025-07-09,276.8948669433594,77.29829479877901,94.39379524998458,15711.276772919651,125.34463200679816,48.751650201351595,-0.7806327785999028
2025-07-10,274.4039001464844,77.43372126017844,94.39379524998458,15711.276772919651,125.34463200679816,48.751650201351595,-0.7806327785999028
2025-07-11,273.3876037597656,77.48560112482915,94.39379524998458,15711.276772919651,125.34463200679816,48.751650201351595,-0.7806327785999028
2025-07-14,274.6031799316406,77.50920154825032,94.39379524998458,15711.276772919651,125.34463200679816,48.751650201351595,-0.7806327785999028
2025-07-15,279.9238586425781,77.59239846224412,94.39379524998458,15711.276772919651,125.34463200679816,48.751650201351595,-0.7806327785999028
2025-07-16,279.7943420410156,77.75134711000506,94.39379524998458,15711.276772919651,125.34463200679816,48.751650201351595,-0.7806327785999028
2025-07-17,285.4139404296875,77.83943253930134,94.39379524998458,15711.276772919651,125.34463200679816,48.751650201351595,-0.7806327785999028
2025-07-18,282.315185546875,77.73554604545127,94.39379524998458,15711.276772919651,125.34463200679816,48.751650201351595,-0.7806327785999028
2025-07-21,287.1675720214844,77.87173857018023,94.39379524998458,15711.276772919651,125.34463200679816,48.751650201351595,-0.7806327785999028
2025-07-22,277.5823669433594,77.92391190230721,94.39379524998458,15711.276772919651,125.34463200679816,48.751650201351595,-0.7806327785999028
2025-07-23,282.6639099121094,77.94764582562757,94.39379524998458,15711.276772919651,125.34463200679816,48.751650201351595,-0.7806327785999028
2025-07-24,287.665771484375,78.03131335743329,94.39379524998458,15711.276772919651,125.34463200679816,48.751650201351595,-0.7806327785999028
2025-07-25,289.13043212890625,78.1911611258614,94.39379524998458,15711.276772919651,125.34463200679816,48.751650201351595,-0.7806327785999028
2025-07-28,293.23553466796875,78.27974482570652,94.39379524998458,15711.276772919651,125.34463200679816,48.751650201351595,-0.7806327785999028
2025-07-29,296.3442687988281,78.17527067983818,94.39379524998458,15711.276772919651,125.34463200679816,48.751650201351595,-0.7806327785999028
2025-07-30,301.52545166015625,78.31223360126708,94.39379524998458,15711.276772919651,125.34463200679816,48.751650201351595,-0.7806327785999028
2025-07-31,292.6377258300781,78.36470206092015,94.39379524998458,15711.276772919651,125.34463200679816,48.751650201351595,-0.7806327785999028
2025-08-01,287.5960388183594,78.3885702393051,94.39379524998458,15711.276772919651,125.34463200679816,48.751650201351595,-0.7806327785999028
2025-08-04,296.6431884765625,78.47271105105422,94.39379524998458,15711.276772919651,125.34463200679816,48.751650201351595,-0.7806327785999028
2025-08-05,291.8705139160156,78.63346302618191,94.39379524998458,15711.276772919651,125.34463200679816,48.751650201351595,-0.7806327785999028
2025-08-06,300.57891845703125,78.72254781512987,94.39379524998458,15711.276772919651,125.34463200679816,48.751650201351595,-0.7806327785999028
2025-08-07,302.6613464355469,78.61748269308741,94.39379524998458,15711.276772919651,125.34463200679816,48.751650201351595,-0.7806327785999028
2025-08-08,303.8669738769531,78.75522036909918,94.39379524998458,15711.276772919651,125.34463200679816,48.751650201351595,-0.7806327785999028
2025-08-11,302.80084228515625,78.80798562571853,94.39379524998458,15711.276772919651,125.34463200679816,48.751650201351595,-0.7806327785999028
2025-08-12,311.6985168457031,78.83198881860518,94.39379524998458,15711.276772919651,125.34463200679816,48.751650201351595,-0.7806327785999028
2025-08-13,307.9720764160156,78.91660558748801,94.39379524998458,15711.276772919651,125.34463200679816,48.751650201351595,-0.7806327785999028
2025-08-14,310.1043395996094,79.07826688411771,94.39379524998458,15711.276772919651,125.34463200679816,48.751650201351595,-0.7806327785999028
2025-08-15,305.23199462890625,79.16785559666617,94.39379524998458,15711.276772919651,125.34463200679816,48.751650201351595,-0.7806327785999028
2025-08-18,304.65411376953125,79.0621961554901,94.39379524998458,15711.276772919651,125.34463200679816,48.751650201351595,-0.7806327785999028
2025-08-19,293.8433532714844,79.20071296861875,94.39379524998458,15711.276772919651,125.34463200679816,48.751650201351595,-0.7806327785999028
2025-08-20,290.11688232421875,79.25377670108803,94.39379524998458,15711.276772919651,125.34463200679816,48.751650201351595,-0.7806327785999028
2025-08-21,288.55255126953125,79.27791567220937,94.39379524998458,15711.276772919651,125.34463200679816,48.751650201351595,-0.7806327785999028
2025-08-22,292.9366455078125,79.36301109056022,94.39379524998458,15711.276772919651,125.34463200679816,48.751650201351595,-0.7806327785999028
2025-08-25,293.16583251953125,79.52558685242715,94.39379524998458,15711.276772919651,125.34463200679816,48.751650201351595,-0.7806327785999028
2025-08-26,296.93212890625,79.61568233910756,94.39379524998458,15711.276772919651,125.34463200679816,48.751650201351595,-0.7806327785999028
2025-08-27,299.1640319824219,79.50942521692835,94.39379524998458,15711.276772919651,125.34463200679816,48.751650201351595,-0.7806327785999028
2025-08-28,307.5336303710937,79.64872557449849,94.39379524998458,15711.276772919651,125.34463200679816,48.751650201351595,-0.7806327785999028
2025-08-29,296.3143920898437,79.70208947119824,94.39379524998458,15711.276772919651,125.34463200679816,48.751650201351595,-0.7806327785999028
2025-09-02,297.16131591796875,79.7263649886075,94.39379524998458,15711.276772919651,125.34463200679816,48.751650201351595,-0.7806327785999028
2025-09-03,301.2962951660156,79.8119417639903,94.39379524998458,15711.276772919651,125.34463200679816,48.751650201351595,-0.7806327785999028
2025-09-04,304.9928894042969,79.97543716392609,94.39379524998458,15711.276772919651,125.34463200679816,48.751650201351595,-0.7806327785999028
2025-09-05,333.6787414550781,80.0660422913945,94.39379524998458,15711.276772919651,125.34463200679816,48.751650201351595,-0.7806327785999028
2025-09-08,344.3998107910156,79.95918410732558,94.39379524998458,15711.276772919651,125.34463200679816,48.751650201351595,-0.7806327785999028
2025-09-09,335.45233154296875,80.0992724415926,94.39379524998458,15711.276772919651,125.34463200679816,48.751650201351595,-0.7806327785999028
2025-09-10,368.2333068847656,80.15293820045399,94.39379524998458,15711.276772919651,125.34463200679816,48.751650201351595,-0.7806327785999028
2025-09-11,358.3292541503906,80.17735103654898,94.39379524998458,15711.276772919651,125.34463200679816,48.751650201351595,-0.7806327785999028
2025-09-12,358.5683898925781,80.2634118918435,94.39379524998458,15711.276772919651,125.34463200679816,48.751650201351595,-0.7806327785999028
2025-09-15,362.7731323242188,80.42783213194082,94.39379524998458,15711.276772919651,125.34463200679816,48.751650201351595,-0.7806327785999028
2025-09-16,358.69793701171875,80.51894978306893,94.39379524998458,15711.276772919651,125.34463200679816,48.751650201351595,-0.7806327785999028
2025-09-17,344.9179382324219,80.41148713709926,94.39379524998458,15711.276772919651,125.34463200679816,48.751650201351595,-0.7806327785999028
2025-09-18,344.1009216308594,80.55236790539035,94.39379524998458,15711.276772919651,125.34463200679816,48.751650201351595,-0.7806327785999028
2025-09-19,343.6923828125,80.6063372339492,94.39379524998458,15711.276772919651,125.34463200679816,48.751650201351595,-0.7806327785999028
2025-09-22,338.1430053710937,80.63088816549694,94.39379524998458,15711.276772919651,125.34463200679816,48.751650201351595,-0.7806327785999028
2025-09-23,338.292724609375,80.7174358389854,94.39379524998458,15711.276772919651,125.34463200679816,48.751650201351595,-0.7806327785999028
2025-09-24,338.6620178222656,80.88278615076342,94.39379524998458,15711.276772919651,125.34463200679816,48.751650201351595,-0.7806327785999028
2025-09-25,335.4581298828125,80.97441922473047,94.39379524998458,15711.276772919651,125.34463200679816,48.751650201351595,-0.7806327785999028
2025-09-26,333.8911437988281,80.86634869761616,94.39379524998458,15711.276772919651,125.34463200679816,48.751650201351595,-0.7806327785999028
2025-09-29,327.2738037109375,81.0080263824722,94.39379524998458,15711.276772919651,125.34463200679816,48.751650201351595,-0.7806327785999028
2025-09-30,329.27996826171875,81.06230099792329,94.39379524998458,15711.276772919651,125.34463200679816,48.751650201351595,-0.7806327785999028
2025-10-01,332.7533264160156,81.08699080608473,94.39379524998458,15711.276772919651,125.34463200679816,48.751650201351595,-0.7806327785999028
2025-10-02,337.5341491699219,81.17402805153887,94.39379524998458,15711.276772919651,125.34463200679816,48.751650201351595,-0.7806327785999028
2025-10-03,337.7237854003906,81.34031369610983,94.39379524998458,15711.276772919651,125.34463200679816,48.751650201351595,-0.7806327785999028
2025-10-06,334.84930419921875,81.43246510849472,94.39379524998458,15711.276772919651,125.34463200679816,48.751650201351595,-0.7806327785999028
2025-10-07,335.7675476074219,81.32378326165036,94.39379524998458,15711.276772919651,125.34463200679816,48.751650201351595,-0.7806327785999028
2025-10-08,344.8401794433594,81.4662623709685,94.39379524998458,15711.276772919651,125.34463200679816,48.751650201351595,-0.7806327785999028
2025-10-09,344.361083984375,81.52084400022021,94.39379524998458,15711.276772919651,125.34463200679816,48.751650201351595,-0.7806327785999028
2025-10-10,324.0100402832031,81.54567347057507,94.39379524998458,15711.276772919651,125.34463200679816,48.751650201351595,-0.7806327785999028
2025-10-13,356.018798828125,81.63320305734386,94.39379524998458,15711.276772919651,125.34463200679816,48.751650201351595,-0.7806327785999028
2025-10-14,343.4728088378906,81.80042932558034,94.39379524998458,15711.276772919651,125.34463200679816,48.751650201351595,-0.7806327785999028
2025-10-15,350.6590270996094,81.89310200845449,94.39379524998458,15711.276772919651,125.34463200679816,48.751650201351595,-0.7806327785999028
2025-10-16,353.4736633300781,81.78380538384373,94.39379524998458,15711.276772919651,125.34463200679816,48.751650201351595,-0.7806327785999028
2025-10-17,348.6628723144531,81.92709045102076,94.39379524998458,15711.276772919651,125.34463200679816,48.751650201351595,-0.7806327785999028
2025-10-20,348.5730285644531,81.98198083075008,94.39379524998458,15711.276772919651,125.34463200679816,48.751650201351595,-0.7806327785999028
2025-10-21,342.005615234375,82.00695075332182,94.39379524998458,15711.276772919651,125.34463200679816,48.751650201351595,-0.7806327785999028
2025-10-22,339.6501159667969,82.09497546641954,94.39379524998458,15711.276772919651,125.34463200679816,48.751650201351595,-0.7806327785999028
2025-10-23,343.63250732421875,82.26314767912288,94.39379524998458,15711.276772919651,125.34463200679816,48.751650201351595,-0.7806327785999028
2025-10-24,353.4537048339844,82.35634458114345,94.39379524998458,15711.276772919651,125.34463200679816,48.751650201351595,-0.7806327785999028
2025-10-27,361.3585815429688,82.24642970116894,94.39379524998458,15711.276772919651,125.34463200679816,48.751650201351595,-0.7806327785999028
2025-10-28,372.2577209472656,82.39052528524567,94.39379524998458,15711.276772919651,125.34463200679816,48.751650201351595,-0.7806327785999028
2025-10-29,385.2428894042969,82.44572616195335,94.39379524998458,15711.276772919651,125.34463200679816,48.751650201351595,-0.7806327785999028
2025-10-30,375.75103759765625,82.47083733123438,94.39379524998458,15711.276772919651,125.34463200679816,48.751650201351595,-0.7806327785999028
2025-10-31,368.9241027832031,82.55935997142919,94.39379524998458,15711.276772919651,125.34463200679816,48.751650201351595,-0.7806327785999028
2025-11-03,361.8576049804688,82.72848347949878,94.39379524998458,15711.276772919651,125.34463200679816,48.751650201351595,-0.7806327785999028
2025-11-04,351.26788330078125,82.82220756600253,94.39379524998458,15711.276772919651,125.34463200679816,48.751650201351595,-0.7806327785999028
2025-11-05,358.2944641113281,82.71167093339528,94.39379524998458,15711.276772919651,125.34463200679816,48.751650201351595,-0.7806327785999028
2025-11-06,354.9109191894531,82.85658161920152,94.39379524998458,15711.276772919651,125.34463200679816,48.751650201351595,-0.7806327785999028
2025-11-07,348.7626647949219,82.9120947492677,94.39379524998458,15711.276772919651,125.34463200679816,48.751650201351595,-0.7806327785999028
2025-11-10,357.7055969238281,82.9373479642446,94.39379524998458,15711.276772919651,125.34463200679816,48.751650201351595,-0.7806327785999028
2025-11-11,351.287841796875,83.02637134814772,94.39379524998458,15711.276772919651,125.34463200679816,48.751650201351595,-0.7806327785999028
2025-11-12,354.5416259765625,83.19645153275121,94.39379524998458,15711.276772919651,125.34463200679816,48.751650201351595,-0.7806327785999028
2025-11-13,339.33074951171875,83.29070578584886,94.39379524998458,15711.276772919651,125.34463200679816,48.751650201351595,-0.7806327785999028
2025-11-14,341.80596923828125,83.17954388355697,94.39379524998458,15711.276772919651,125.34463200679816,48.751650201351595,-0.7806327785999028
2025-11-17,341.9956359863281,83.3252742818574,94.39379524998458,15711.276772919651,125.34463200679816,48.751650201351595,-0.7806327785999028
2025-11-18,339.8497314453125,83.3811014315975,94.39379524998458,15711.276772919651,125.34463200679816,48.751650201351595,-0.7806327785999028
2025-11-19,353.7431640625,83.40649749577643,94.39379524998458,15711.276772919651,125.34463200679816,48.751650201351595,-0.7806327785999028
2025-11-20,346.1576843261719,83.49602445593175,94.39379524998458,15711.276772919651,125.34463200679816,48.751650201351595,-0.7806327785999028
2025-11-21,339.5503234863281,83.66706672867632,94.39379524998458,15711.276772919651,125.34463200679816,48.751650201351595,-0.7806327785999028
2025-11-24,377.2381896972656,83.76185414734739,94.39379524998458,15711.276772919651,125.34463200679816,48.751650201351595,-0.7806327785999028
2025-11-25,384.2947082519531,83.6500634384242,94.39379524998458,15711.276772919651,125.34463200679816,48.751650201351595,-0.7806327785999028
2025-11-26,396.8107604980469,83.79661818606506,94.39379524998458,15711.276772919651,125.34463200679816,48.751650201351595,-0.7806327785999028
2025-11-28,402.1904602050781,83.85276113178598,94.39379524998458,15711.276772919651,125.34463200679816,48.751650201351595,-0.7806327785999028
2025-12-01,385.3426818847656,83.8783008532183,94.39379524998458,15711.276772919651,125.34463200679816,48.751650201351595,-0.7806327785999028
2025-12-02,380.84130859375,83.96833423819244,94.39379524998458,15711.276772919651,125.34463200679816,48.751650201351595,-0.7806327785999028
2025-12-03,379.8831176757813,84.14034404129698,94.39379524998458,15711.276772919651,125.34463200679816,48.751650201351595,-0.7806327785999028
2025-12-04,380.3023376464844,84.23566764148526,94.39379524998458,15711.276772919651,125.34463200679816,48.751650201351595,-0.7806327785999028
2025-12-05,389.4947509765625,84.12324456897667,94.39379524998458,15711.276772919651,125.34463200679816,48.751650201351595,-0.7806327785999028
2025-12-08,400.3340148925781,84.27062832903339,94.39379524998458,15711.276772919651,125.34463200679816,48.751650201351595,-0.7806327785999028
2025-12-09,405.51409912109375,84.32708885709002,94.39379524998458,15711.276772919651,125.34463200679816,48.751650201351595,-0.7806327785999028
2025-12-10,412.1813354492188,84.35277304839798,94.39379524998458,15711.276772919651,125.34463200679816,48.751650201351595,-0.7806327785999028
2025-12-11,405.5939331054688,84.44331572287098,94.39379524998458,15711.276772919651,125.34463200679816,48.751650201351595,-0.7806327785999028
2025-12-12,359.2426147460937,84.61629852933922,94.39379524998458,15711.276772919651,125.34463200679816,48.751650201351595,-0.7806327785999028
2025-12-15,339.1610412597656,84.7121613440487,94.39379524998458,15711.276772919651,125.34463200679816,48.751650201351595,-0.7806327785999028
2025-12-16,340.648193359375,84.59910233088014,94.39379524998458,15711.276772919651,125.34463200679816,48.751650201351595,-0.7806327785999028
2025-12-17,325.3973693847656,84.74731979280558,94.39379524998458,15711.276772919651,125.34463200679816,48.751650201351595,-0.7806327785999028
2025-12-18,329.2500305175781,84.80409969965763,94.39379524998458,15711.276772919651,125.34463200679816,48.751650201351595,-0.7806327785999028
2025-12-19,339.7099914550781,84.8299291780602,94.39379524998458,15711.276772919651,125.34463200679816,48.751650201351595,-0.7806327785999028
2025-12-22,341.45001220703125,84.9209840229167,94.39379524998458,15711.276772919651,125.34463200679816,48.751650201351595,-0.7806327785999028
2025-12-23,349.32000732421875,85.09494533671136,94.39379524998458,15711.276772919651,125.34463200679816,48.751650201351595,-0.7806327785999028
2025-12-24,350.2200012207031,85.19135041610275,94.39379524998458,15711.276772919651,125.34463200679816,48.751650201351595,-0.7806327785999028
2025-12-26,352.1300048828125,85.07765186496529,94.39379524998458,15711.276772919651,125.34463200679816,48.751650201351595,-0.7806327785999028
2025-12-29,349.3900146484375,85.22670774473907,94.39379524998458,15711.276772919651,125.34463200679816,48.751650201351595,-0.7806327785999028
2025-12-30,349.8500061035156,85.28380883700824,94.39379524998458,15711.276772919651,125.34463200679816,48.751650201351595,-0.7806327785999028
