Date,Actual,Predicted,MAE,MSE,RMSE,MAPE,R2
2020-04-22,118.17449951171876,106.02948936498827,29.508862255019885,1165.0512871886729,34.13284762788878,20.91806485404226,0.21199457246868858
2020-04-23,119.97250366210938,106.12511899485507,29.508862255019885,1165.0512871886729,34.13284762788878,20.91806485404226,0.21199457246868858
2020-04-24,120.51100158691406,106.16381976386485,29.508862255019885,1165.0512871886729,34.13284762788878,20.91806485404226,0.21199457246868858
2020-04-27,118.8000030517578,106.391272230955,29.508862255019885,1165.0512871886729,34.13284762788878,20.91806485404226,0.21199457246868858
2020-04-28,115.7040023803711,106.48992800948886,29.508862255019885,1165.0512871886729,34.13284762788878,20.91806485404226,0.21199457246868858
2020-04-29,118.635498046875,106.52179939396736,29.508862255019885,1165.0512871886729,34.13284762788878,20.91806485404226,0.21199457246868858
2020-04-30,123.6999969482422,106.58489177161401,29.508862255019885,1165.0512871886729,34.13284762788878,20.91806485404226,0.21199457246868858
2020-05-01,114.302001953125,106.5899286085564,29.508862255019885,1165.0512871886729,34.13284762788878,20.91806485404226,0.21199457246868858
2020-05-04,115.79949951171876,106.71523131082031,29.508862255019885,1165.0512871886729,34.13284762788878,20.91806485404226,0.21199457246868858
2020-05-05,115.88999938964844,106.78141315746845,29.508862255019885,1165.0512871886729,34.13284762788878,20.91806485404226,0.21199457246868858
2020-05-06,117.56300354003906,106.78257866799086,29.508862255019885,1165.0512871886729,34.13284762788878,20.91806485404226,0.21199457246868858
2020-05-07,118.38050079345705,106.81729081985397,29.508862255019885,1165.0512871886729,34.13284762788878,20.91806485404226,0.21199457246868858
2020-05-08,118.98049926757812,106.79679072561541,29.508862255019885,1165.0512871886729,34.13284762788878,20.91806485404226,0.21199457246868858
2020-05-11,120.4499969482422,106.86685134592616,29.508862255019885,1165.0512871886729,34.13284762788878,20.91806485404226,0.21199457246868858
2020-05-12,117.84750366210938,106.92281203624367,29.508862255019885,1165.0512871886729,34.13284762788878,20.91806485404226,0.21199457246868858
2020-05-13,118.39600372314452,106.91817406713602,29.508862255019885,1165.0512871886729,34.13284762788878,20.91806485404226,0.21199457246868858
2020-05-14,119.44249725341795,106.95155231524927,29.508862255019885,1165.0512871886729,34.13284762788878,20.91806485404226,0.21199457246868858
2020-05-15,120.48899841308594,106.9341417831869,29.508862255019885,1165.0512871886729,34.13284762788878,20.91806485404226,0.21199457246868858
2020-05-18,121.31300354003906,107.03810487810802,29.508862255019885,1165.0512871886729,34.13284762788878,20.91806485404226,0.21199457246868858
2020-05-19,122.46649932861328,107.11249102586976,29.508862255019885,1165.0512871886729,34.13284762788878,20.91806485404226,0.21199457246868858
2020-05-20,124.89700317382812,107.12909841385664,29.508862255019885,1165.0512871886729,34.13284762788878,20.91806485404226,0.21199457246868858
2020-05-21,122.33699798583984,107.18599871768197,29.508862255019885,1165.0512871886729,34.13284762788878,20.91806485404226,0.21199457246868858
2020-05-22,121.84400177001952,107.19379636308373,29.508862255019885,1165.0512871886729,34.13284762788878,20.91806485404226,0.21199457246868858
2020-05-26,121.09300231933594,107.47720611144972,29.508862255019885,1165.0512871886729,34.13284762788878,20.91806485404226,0.21199457246868858
2020-05-27,120.51950073242188,107.51799247767609,29.508862255019885,1165.0512871886729,34.13284762788878,20.91806485404226,0.21199457246868858
2020-05-28,120.05500030517578,107.59707416417223,29.508862255019885,1165.0512871886729,34.13284762788878,20.91806485404226,0.21199457246868858
2020-05-29,122.11849975585938,107.62456244994083,29.508862255019885,1165.0512871886729,34.13284762788878,20.91806485404226,0.21199457246868858
2020-06-01,123.552001953125,107.84828792552098,29.508862255019885,1165.0512871886729,34.13284762788878,20.91806485404226,0.21199457246868858
2020-06-02,123.62049865722656,107.95466475263092,29.508862255019885,1165.0512871886729,34.13284762788878,20.91806485404226,0.21199457246868858
2020-06-03,123.91999816894533,107.99810655354747,29.508862255019885,1165.0512871886729,34.13284762788878,20.91806485404226,0.21199457246868858
2020-06-04,123.02999877929688,108.0761789665669,29.508862255019885,1165.0512871886729,34.13284762788878,20.91806485404226,0.21199457246868858
2020-06-05,124.1500015258789,108.09913812948594,29.508862255019885,1165.0512871886729,34.13284762788878,20.91806485404226,0.21199457246868858
2020-06-08,126.2030029296875,108.29097895647665,29.508862255019885,1165.0512871886729,34.13284762788878,20.91806485404226,0.21199457246868858
2020-06-09,130.04299926757812,108.38196894403836,29.508862255019885,1165.0512871886729,34.13284762788878,20.91806485404226,0.21199457246868858
2020-06-10,132.37249755859375,108.40847616321649,29.508862255019885,1165.0512871886729,34.13284762788878,20.91806485404226,0.21199457246868858
2020-06-11,127.89800262451172,108.46863409102444,29.508862255019885,1165.0512871886729,34.13284762788878,20.91806485404226,0.21199457246868858
2020-06-12,127.2509994506836,108.47329170495375,29.508862255019885,1165.0512871886729,34.13284762788878,20.91806485404226,0.21199457246868858
2020-06-15,128.63400268554688,108.61387303376091,29.508862255019885,1165.0512871886729,34.13284762788878,20.91806485404226,0.21199457246868858
2020-06-16,130.7635040283203,108.69088212860055,29.508862255019885,1165.0512871886729,34.13284762788878,20.91806485404226,0.21199457246868858
2020-06-17,132.0489959716797,108.70580405083918,29.508862255019885,1165.0512871886729,34.13284762788878,20.91806485404226,0.21199457246868858
2020-06-18,132.69900512695312,108.75718758008021,29.508862255019885,1165.0512871886729,34.13284762788878,20.91806485404226,0.21199457246868858
2020-06-19,133.75050354003906,108.75622037495371,29.508862255019885,1165.0512871886729,34.13284762788878,20.91806485404226,0.21199457246868858
2020-06-22,135.6909942626953,108.90088691306921,29.508862255019885,1165.0512871886729,34.13284762788878,20.91806485404226,0.21199457246868858
2020-06-23,138.2205047607422,108.9864536147195,29.508862255019885,1165.0512871886729,34.13284762788878,20.91806485404226,0.21199457246868858
2020-06-24,136.72000122070312,109.01339010009558,29.508862255019885,1165.0512871886729,34.13284762788878,20.91806485404226,0.21199457246868858
2020-06-25,137.72900390625,109.08001636464424,29.508862255019885,1165.0512871886729,34.13284762788878,20.91806485404226,0.21199457246868858
2020-06-26,134.64349365234375,109.09720192570241,29.508862255019885,1165.0512871886729,34.13284762788878,20.91806485404226,0.21199457246868858
2020-06-29,134.0189971923828,109.30944612548801,29.508862255019885,1165.0512871886729,34.13284762788878,20.91806485404226,0.21199457246868858
2020-06-30,137.9409942626953,109.42015651696728,29.508862255019885,1165.0512871886729,34.13284762788878,20.91806485404226,0.21199457246868858
2020-07-01,143.93499755859375,109.47255985665291,29.508862255019885,1165.0512871886729,34.13284762788878,20.91806485404226,0.21199457246868858
2020-07-02,144.51499938964844,109.56435049764676,29.508862255019885,1165.0512871886729,34.13284762788878,20.91806485404226,0.21199457246868858
2020-07-06,152.8520050048828,109.87917555196422,29.508862255019885,1165.0512871886729,34.13284762788878,20.91806485404226,0.21199457246868858
2020-07-07,150.00599670410156,110.00463645349852,29.508862255019885,1165.0512871886729,34.13284762788878,20.91806485404226,0.21199457246868858
2020-07-08,154.0554962158203,110.06822393263923,29.508862255019885,1165.0512871886729,34.13284762788878,20.91806485404226,0.21199457246868858
2020-07-09,159.13150024414062,110.16729372449817,29.508862255019885,1165.0512871886729,34.13284762788878,20.91806485404226,0.21199457246868858
2020-07-10,160.0,110.21183509087234,29.508862255019885,1165.0512871886729,34.13284762788878,20.91806485404226,0.21199457246868858
2020-07-13,155.1999969482422,110.46849986023201,29.508862255019885,1165.0512871886729,34.13284762788878,20.91806485404226,0.21199457246868858
2020-07-14,154.1999969482422,110.57976840153879,29.508862255019885,1165.0512871886729,34.13284762788878,20.91806485404226,0.21199457246868858
2020-07-15,150.44349670410156,110.6251330977172,29.508862255019885,1165.0512871886729,34.13284762788878,20.91806485404226,0.21199457246868858
2020-07-16,149.9949951171875,110.70224517738392,29.508862255019885,1165.0512871886729,34.13284762788878,20.91806485404226,0.21199457246868858
2020-07-17,148.09849548339844,110.72146630605006,29.508862255019885,1165.0512871886729,34.13284762788878,20.91806485404226,0.21199457246868858
2020-07-20,159.8419952392578,110.88666711974636,29.508862255019885,1165.0512871886729,34.13284762788878,20.91806485404226,0.21199457246868858
2020-07-21,156.9145050048828,110.9640728089251,29.508862255019885,1165.0512871886729,34.13284762788878,20.91806485404226,0.21199457246868858
2020-07-22,154.99549865722656,110.97485725969601,29.508862255019885,1165.0512871886729,34.13284762788878,20.91806485404226,0.21199457246868858
2020-07-23,149.32749938964844,111.01727017711644,29.508862255019885,1165.0512871886729,34.13284762788878,20.91806485404226,0.21199457246868858
2020-07-24,150.44549560546875,111.00226421706817,29.508862255019885,1165.0512871886729,34.13284762788878,20.91806485404226,0.21199457246868858
2020-07-27,152.760498046875,111.07315517648851,29.508862255019885,1165.0512871886729,34.13284762788878,20.91806485404226,0.21199457246868858
2020-07-28,150.01649475097656,111.12356030407494,29.508862255019885,1165.0512871886729,34.13284762788878,20.91806485404226,0.21199457246868858
2020-07-29,151.67649841308594,111.11025211367101,29.508862255019885,1165.0512871886729,34.13284762788878,20.91806485404226,0.21199457246868858
2020-07-30,152.593994140625,111.13179928186615,29.508862255019885,1165.0512871886729,34.13284762788878,20.91806485404226,0.21199457246868858
2020-07-31,158.23399353027344,111.09940316095027,29.508862255019885,1165.0512871886729,34.13284762788878,20.91806485404226,0.21199457246868858
2020-08-03,155.59449768066406,111.14036842635886,29.508862255019885,1165.0512871886729,34.13284762788878,20.91806485404226,0.21199457246868858
2020-08-04,156.94149780273438,111.18831445518411,29.508862255019885,1165.0512871886729,34.13284762788878,20.91806485404226,0.21199457246868858
2020-08-05,160.25149536132812,111.17618365672641,29.508862255019885,1165.0512871886729,34.13284762788878,20.91806485404226,0.21199457246868858
2020-08-06,161.25,111.2023780695967,29.508862255019885,1165.0512871886729,34.13284762788878,20.91806485404226,0.21199457246868858
2020-08-07,158.3730010986328,111.17787868756326,29.508862255019885,1165.0512871886729,34.13284762788878,20.91806485404226,0.21199457246868858
2020-08-10,157.4080047607422,111.25918441121573,29.508862255019885,1165.0512871886729,34.13284762788878,20.91806485404226,0.21199457246868858
2020-08-11,154.0334930419922,111.32502310173223,29.508862255019885,1165.0512871886729,34.13284762788878,20.91806485404226,0.21199457246868858
2020-08-12,158.11199951171875,111.33240853070754,29.508862255019885,1165.0512871886729,34.13284762788878,20.91806485404226,0.21199457246868858
2020-08-13,158.05099487304688,111.37937270503603,29.508862255019885,1165.0512871886729,34.13284762788878,20.91806485404226,0.21199457246868858
2020-08-14,157.4010009765625,111.37653082740466,29.508862255019885,1165.0512871886729,34.13284762788878,20.91806485404226,0.21199457246868858
2020-08-17,159.12049865722656,111.52468429229552,29.508862255019885,1165.0512871886729,34.13284762788878,20.91806485404226,0.21199457246868858
2020-08-18,165.62449645996094,111.61238811180993,29.508862255019885,1165.0512871886729,34.13284762788878,20.91806485404226,0.21199457246868858
2020-08-19,163.0240020751953,111.64097721920075,29.508862255019885,1165.0512871886729,34.13284762788878,20.91806485404226,0.21199457246868858
2020-08-20,164.86849975585938,111.70825877161786,29.508862255019885,1165.0512871886729,34.13284762788878,20.91806485404226,0.21199457246868858
2020-08-21,164.23599243164062,111.72465602874139,29.508862255019885,1165.0512871886729,34.13284762788878,20.91806485404226,0.21199457246868858
2020-08-24,165.3730010986328,111.92262179782293,29.508862255019885,1165.0512871886729,34.13284762788878,20.91806485404226,0.21199457246868858
2020-08-25,167.32449340820312,112.02396612090227,29.508862255019885,1165.0512871886729,34.13284762788878,20.91806485404226,0.21199457246868858
2020-08-26,172.09249877929688,112.06461581177,29.508862255019885,1165.0512871886729,34.13284762788878,20.91806485404226,0.21199457246868858
2020-08-27,170.0,112.14235220103429,29.508862255019885,1165.0512871886729,34.13284762788878,20.91806485404226,0.21199457246868858
2020-08-28,170.08999633789062,112.16758981730528,29.508862255019885,1165.0512871886729,34.13284762788878,20.91806485404226,0.21199457246868858
2020-08-31,172.54800415039062,112.38248462773777,29.508862255019885,1165.0512871886729,34.13284762788878,20.91806485404226,0.21199457246868858
2020-09-01,174.95599365234375,112.48634435472374,29.508862255019885,1165.0512871886729,34.13284762788878,20.91806485404226,0.21199457246868858
2020-09-02,176.57249450683594,112.52799013957569,29.508862255019885,1165.0512871886729,34.13284762788878,20.91806485404226,0.21199457246868858
2020-09-03,168.39999389648438,112.6052316005168,29.508862255019885,1165.0512871886729,34.13284762788878,20.91806485404226,0.21199457246868858
2020-09-04,164.7310028076172,112.62851096786572,29.508862255019885,1165.0512871886729,34.13284762788878,20.91806485404226,0.21199457246868858
2020-09-08,157.49200439453125,112.925333352329,29.508862255019885,1165.0512871886729,34.13284762788878,20.91806485404226,0.21199457246868858
2020-09-09,163.4304962158203,112.95811252709824,29.508862255019885,1165.0512871886729,34.13284762788878,20.91806485404226,0.21199457246868858
2020-09-10,158.7554931640625,113.02520276858495,29.508862255019885,1165.0512871886729,34.13284762788878,20.91806485404226,0.21199457246868858
2020-09-11,155.81100463867188,113.03709297955842,29.508862255019885,1165.0512871886729,34.13284762788878,20.91806485404226,0.21199457246868858
2020-09-14,155.14849853515625,113.19664868234268,29.508862255019885,1165.0512871886729,34.13284762788878,20.91806485404226,0.21199457246868858
2020-09-15,157.80650329589844,113.27734289532016,29.508862255019885,1165.0512871886729,34.13284762788878,20.91806485404226,0.21199457246868858
2020-09-16,153.90499877929688,113.29370283357846,29.508862255019885,1165.0512871886729,34.13284762788878,20.91806485404226,0.21199457246868858
2020-09-17,150.43649291992188,113.34371772438438,29.508862255019885,1165.0512871886729,34.13284762788878,20.91806485404226,0.21199457246868858
2020-09-18,147.74549865722656,113.33803706886822,29.508862255019885,1165.0512871886729,34.13284762788878,20.91806485404226,0.21199457246868858
2020-09-21,148.02349853515625,113.44378043498038,29.508862255019885,1165.0512871886729,34.13284762788878,20.91806485404226,0.21199457246868858
2020-09-22,156.44949340820312,113.50686978330512,29.508862255019885,1165.0512871886729,34.13284762788878,20.91806485404226,0.21199457246868858
2020-09-23,149.9929962158203,113.50616731581057,29.508862255019885,1165.0512871886729,34.13284762788878,20.91806485404226,0.21199457246868858
2020-09-24,150.989501953125,113.5398955236794,29.508862255019885,1165.0512871886729,34.13284762788878,20.91806485404226,0.21199457246868858
2020-09-25,154.75650024414062,113.51893555440576,29.508862255019885,1165.0512871886729,34.13284762788878,20.91806485404226,0.21199457246868858
2020-09-28,158.70249938964844,113.58706464091345,29.508862255019885,1165.0512871886729,34.13284762788878,20.91806485404226,0.21199457246868858
2020-09-29,157.24400329589844,113.64099923332117,29.508862255019885,1165.0512871886729,34.13284762788878,20.91806485404226,0.21199457246868858
2020-09-30,157.43649291992188,113.63309371085042,29.508862255019885,1165.0512871886729,34.13284762788878,20.91806485404226,0.21199457246868858
2020-10-01,161.06300354003906,113.66167961571514,29.508862255019885,1165.0512871886729,34.13284762788878,20.91806485404226,0.21199457246868858
2020-10-02,156.25,113.63770999112478,29.508862255019885,1165.0512871886729,34.13284762788878,20.91806485404226,0.21199457246868858
2020-10-05,159.9600067138672,113.70970850478723,29.508862255019885,1165.0512871886729,34.13284762788878,20.91806485404226,0.21199457246868858
2020-10-06,154.9980010986328,113.76905081831805,29.508862255019885,1165.0512871886729,34.13284762788878,20.91806485404226,0.21199457246868858
2020-10-07,159.7845001220703,113.7684134660119,29.508862255019885,1165.0512871886729,34.13284762788878,20.91806485404226,0.21199457246868858
2020-10-08,159.52749633789062,113.80594763512637,29.508862255019885,1165.0512871886729,34.13284762788878,20.91806485404226,0.21199457246868858
2020-10-09,164.33250427246094,113.79238964490877,29.508862255019885,1165.0512871886729,34.13284762788878,20.91806485404226,0.21199457246868858
2020-10-12,172.14649963378906,113.90179579578499,29.508862255019885,1165.0512871886729,34.13284762788878,20.91806485404226,0.21199457246868858
2020-10-13,172.18150329589844,113.97469270164765,29.508862255019885,1165.0512871886729,34.13284762788878,20.91806485404226,0.21199457246868858
2020-10-14,168.1855010986328,113.98764023529614,29.508862255019885,1165.0512871886729,34.13284762788878,20.91806485404226,0.21199457246868858
2020-10-15,166.9324951171875,114.03848283293993,29.508862255019885,1165.0512871886729,34.13284762788878,20.91806485404226,0.21199457246868858
2020-10-16,163.635498046875,114.03766186870608,29.508862255019885,1165.0512871886729,34.13284762788878,20.91806485404226,0.21199457246868858
2020-10-19,160.36050415039062,114.17924274992995,29.508862255019885,1165.0512871886729,34.13284762788878,20.91806485404226,0.21199457246868858
2020-10-20,160.85049438476562,114.2601468223829,29.508862255019885,1165.0512871886729,34.13284762788878,20.91806485404226,0.21199457246868858
2020-10-21,159.2469940185547,114.27949280133144,29.508862255019885,1165.0512871886729,34.13284762788878,20.91806485404226,0.21199457246868858
2020-10-22,158.82000732421875,114.33504668402017,29.508862255019885,1165.0512871886729,34.13284762788878,20.91806485404226,0.21199457246868858
2020-10-23,160.22000122070312,114.3372231400958,29.508862255019885,1165.0512871886729,34.13284762788878,20.91806485404226,0.21199457246868858
2020-10-26,160.3520050048828,114.47803288252058,29.508862255019885,1165.0512871886729,34.13284762788878,20.91806485404226,0.21199457246868858
2020-10-27,164.31649780273438,114.55585042218402,29.508862255019885,1165.0512871886729,34.13284762788878,20.91806485404226,0.21199457246868858
2020-10-28,158.13900756835938,114.57102121923809,29.508862255019885,1165.0512871886729,34.13284762788878,20.91806485404226,0.21199457246868858
2020-10-29,160.55050659179688,114.6215638194247,29.508862255019885,1165.0512871886729,34.13284762788878,20.91806485404226,0.21199457246868858
2020-10-30,151.8074951171875,114.6181735504087,29.508862255019885,1165.0512871886729,34.13284762788878,20.91806485404226,0.21199457246868858
2020-11-02,150.2239990234375,114.74199840464001,29.508862255019885,1165.0512871886729,34.13284762788878,20.91806485404226,0.21199457246868858
2020-11-03,152.42050170898438,114.8150903669518,29.508862255019885,1165.0512871886729,34.13284762788878,20.91806485404226,0.21199457246868858
2020-11-04,162.05799865722656,114.82649274534185,29.508862255019885,1165.0512871886729,34.13284762788878,20.91806485404226,0.21199457246868858
2020-11-05,166.10000610351562,114.87448181330228,29.508862255019885,1165.0512871886729,34.13284762788878,20.91806485404226,0.21199457246868858
2020-11-06,165.56849670410156,114.86997441208001,29.508862255019885,1165.0512871886729,34.13284762788878,20.91806485404226,0.21199457246868858
2020-11-09,157.18699645996094,115.00058442231361,29.508862255019885,1165.0512871886729,34.13284762788878,20.91806485404226,0.21199457246868858
2020-11-10,151.75100708007812,115.07955138134095,29.508862255019885,1165.0512871886729,34.13284762788878,20.91806485404226,0.21199457246868858
2020-11-11,156.8695068359375,115.09860424852694,29.508862255019885,1165.0512871886729,34.13284762788878,20.91806485404226,0.21199457246868858
2020-11-12,155.51400756835938,115.1559088084707,29.508862255019885,1165.0512871886729,34.13284762788878,20.91806485404226,0.21199457246868858
2020-11-13,156.4405059814453,115.16221170253728,29.508862255019885,1165.0512871886729,34.13284762788878,20.91806485404226,0.21199457246868858
2020-11-16,156.55299377441406,115.33170880782173,29.508862255019885,1165.0512871886729,34.13284762788878,20.91806485404226,0.21199457246868858
2020-11-17,156.7830047607422,115.42472638369658,29.508862255019885,1165.0512871886729,34.13284762788878,20.91806485404226,0.21199457246868858
2020-11-18,155.2729949951172,115.45775777045675,29.508862255019885,1165.0512871886729,34.13284762788878,20.91806485404226,0.21199457246868858
2020-11-19,155.8509979248047,115.52856908947119,29.508862255019885,1165.0512871886729,34.13284762788878,20.91806485404226,0.21199457246868858
2020-11-20,154.97000122070312,115.54750276213542,29.508862255019885,1165.0512871886729,34.13284762788878,20.91806485404226,0.21199457246868858
2020-11-23,154.91949462890625,115.74577062560277,29.508862255019885,1165.0512871886729,34.13284762788878,20.91806485404226,0.21199457246868858
2020-11-24,155.9029998779297,115.84418876039322,29.508862255019885,1165.0512871886729,34.13284762788878,20.91806485404226,0.21199457246868858
2020-11-25,159.2534942626953,115.88005874654644,29.508862255019885,1165.0512871886729,34.13284762788878,20.91806485404226,0.21199457246868858
2020-11-27,159.76699829101562,115.96707920606268,29.508862255019885,1165.0512871886729,34.13284762788878,20.91806485404226,0.21199457246868858
2020-11-30,158.40199279785156,116.13943990910283,29.508862255019885,1165.0512871886729,34.13284762788878,20.91806485404226,0.21199457246868858
2020-12-01,161.00399780273438,116.22372127687383,29.508862255019885,1165.0512871886729,34.13284762788878,20.91806485404226,0.21199457246868858
2020-12-02,160.17649841308594,116.24306051954673,29.508862255019885,1165.0512871886729,34.13284762788878,20.91806485404226,0.21199457246868858
2020-12-03,159.3365020751953,116.2953501721183,29.508862255019885,1165.0512871886729,34.13284762788878,20.91806485404226,0.21199457246868858
2020-12-04,158.12899780273438,116.29119002516245,29.508862255019885,1165.0512871886729,34.13284762788878,20.91806485404226,0.21199457246868858
2020-12-07,157.89999389648438,116.39719466836839,29.508862255019885,1165.0512871886729,34.13284762788878,20.91806485404226,0.21199457246868858
2020-12-08,158.864501953125,116.45924604716019,29.508862255019885,1165.0512871886729,34.13284762788878,20.91806485404226,0.21199457246868858
2020-12-09,155.2100067138672,116.45720378954664,29.508862255019885,1165.0512871886729,34.13284762788878,20.91806485404226,0.21199457246868858
2020-12-10,155.07449340820312,116.48950125764017,29.508862255019885,1165.0512871886729,34.13284762788878,20.91806485404226,0.21199457246868858
2020-12-11,155.8209991455078,116.46725852354142,29.508862255019885,1165.0512871886729,34.13284762788878,20.91806485404226,0.21199457246868858
2020-12-14,157.84849548339844,116.53508754252375,29.508862255019885,1165.0512871886729,34.13284762788878,20.91806485404226,0.21199457246868858
2020-12-15,158.25599670410156,116.59102824236629,29.508862255019885,1165.0512871886729,34.13284762788878,20.91806485404226,0.21199457246868858
2020-12-16,162.04800415039062,116.58663436540527,29.508862255019885,1165.0512871886729,34.13284762788878,20.91806485404226,0.21199457246868858
2020-12-17,161.8040008544922,116.62048730299551,29.508862255019885,1165.0512871886729,34.13284762788878,20.91806485404226,0.21199457246868858
2020-12-18,160.08250427246094,116.60376555957305,29.508862255019885,1165.0512871886729,34.13284762788878,20.91806485404226,0.21199457246868858
2020-12-21,160.3090057373047,116.7111566128087,29.508862255019885,1165.0512871886729,34.13284762788878,20.91806485404226,0.21199457246868858
2020-12-22,160.3260040283203,116.78723743944194,29.508862255019885,1165.0512871886729,34.13284762788878,20.91806485404226,0.21199457246868858
2020-12-23,159.2635040283203,116.80589499921936,29.508862255019885,1165.0512871886729,34.13284762788878,20.91806485404226,0.21199457246868858
2020-12-24,158.63450622558594,116.86526247248156,29.508862255019885,1165.0512871886729,34.13284762788878,20.91806485404226,0.21199457246868858
2020-12-28,164.197998046875,117.0718729128946,29.508862255019885,1165.0512871886729,34.13284762788878,20.91806485404226,0.21199457246868858
2020-12-29,166.10000610351562,117.17746424017822,29.508862255019885,1165.0512871886729,34.13284762788878,20.91806485404226,0.21199457246868858
2020-12-30,164.29249572753906,117.2246421279927,29.508862255019885,1165.0512871886729,34.13284762788878,20.91806485404226,0.21199457246868858
2020-12-31,162.84649658203125,117.31097017999112,29.508862255019885,1165.0512871886729,34.13284762788878,20.91806485404226,0.21199457246868858
2021-01-04,159.3314971923828,117.60010953150314,29.508862255019885,1165.0512871886729,34.13284762788878,20.91806485404226,0.21199457246868858
2021-01-05,160.92550659179688,117.71815486181563,29.508862255019885,1165.0512871886729,34.13284762788878,20.91806485404226,0.21199457246868858
2021-01-06,156.91900634765625,117.77405635957675,29.508862255019885,1165.0512871886729,34.13284762788878,20.91806485404226,0.21199457246868858
2021-01-07,158.10800170898438,117.8653042701704,29.508862255019885,1165.0512871886729,34.13284762788878,20.91806485404226,0.21199457246868858
2021-01-08,159.13499450683594,117.902060432924,29.508862255019885,1165.0512871886729,34.13284762788878,20.91806485404226,0.21199457246868858
2021-01-11,155.7104949951172,118.13781470477005,29.508862255019885,1165.0512871886729,34.13284762788878,20.91806485404226,0.21199457246868858
2021-01-12,156.04150390625,118.24380359985115,29.508862255019885,1165.0512871886729,34.13284762788878,20.91806485404226,0.21199457246868858
2021-01-13,158.29449462890625,118.28521844185275,29.508862255019885,1165.0512871886729,34.13284762788878,20.91806485404226,0.21199457246868858
2021-01-14,156.37350463867188,118.36001533491527,29.508862255019885,1165.0512871886729,34.13284762788878,20.91806485404226,0.21199457246868858
2021-01-15,155.21249389648438,118.37886007512819,29.508862255019885,1165.0512871886729,34.13284762788878,20.91806485404226,0.21199457246868858
2021-01-19,156.03799438476562,118.64497637427088,29.508862255019885,1165.0512871886729,34.13284762788878,20.91806485404226,0.21199457246868858
2021-01-20,163.16900634765625,118.66907945969194,29.508862255019885,1165.0512871886729,34.13284762788878,20.91806485404226,0.21199457246868858
2021-01-21,165.34950256347656,118.72813504717229,29.508862255019885,1165.0512871886729,34.13284762788878,20.91806485404226,0.21199457246868858
2021-01-22,164.6114959716797,118.73318842630808,29.508862255019885,1165.0512871886729,34.13284762788878,20.91806485404226,0.21199457246868858
2021-01-25,164.6999969482422,118.88484561842826,29.508862255019885,1165.0512871886729,34.13284762788878,20.91806485404226,0.21199457246868858
2021-01-26,166.30650329589844,118.96876537884073,29.508862255019885,1165.0512871886729,34.13284762788878,20.91806485404226,0.21199457246868858
2021-01-27,161.62899780273438,118.9919785864455,29.508862255019885,1165.0512871886729,34.13284762788878,20.91806485404226,0.21199457246868858
2021-01-28,161.88099670410156,119.05278825185798,29.508862255019885,1165.0512871886729,34.13284762788878,20.91806485404226,0.21199457246868858
2021-01-29,160.30999755859375,119.06207158081314,29.508862255019885,1165.0512871886729,34.13284762788878,20.91806485404226,0.21199457246868858
2021-02-01,167.1439971923828,119.23854381454112,29.508862255019885,1165.0512871886729,34.13284762788878,20.91806485404226,0.21199457246868858
2021-02-02,169.0,119.333579304548,29.508862255019885,1165.0512871886729,34.13284762788878,20.91806485404226,0.21199457246868858
2021-02-03,165.62649536132812,119.36862565052932,29.508862255019885,1165.0512871886729,34.13284762788878,20.91806485404226,0.21199457246868858
2021-02-04,166.5500030517578,119.44152554624505,29.508862255019885,1165.0512871886729,34.13284762788878,20.91806485404226,0.21199457246868858
2021-02-05,167.6074981689453,119.4626893393762,29.508862255019885,1165.0512871886729,34.13284762788878,20.91806485404226,0.21199457246868858
2021-02-08,166.14700317382812,119.66905727273453,29.508862255019885,1165.0512871886729,34.13284762788878,20.91806485404226,0.21199457246868858
2021-02-09,165.25,119.77079592383122,29.508862255019885,1165.0512871886729,34.13284762788878,20.91806485404226,0.21199457246868858
2021-02-10,164.32899475097656,119.81035508693253,29.508862255019885,1165.0512871886729,34.13284762788878,20.91806485404226,0.21199457246868858
2021-02-11,163.10650634765625,119.8853303398442,29.508862255019885,1165.0512871886729,34.13284762788878,20.91806485404226,0.21199457246868858
2021-02-12,163.885498046875,119.90595407002222,29.508862255019885,1165.0512871886729,34.13284762788878,20.91806485404226,0.21199457246868858
2021-02-16,163.44749450683594,120.1848101261226,29.508862255019885,1165.0512871886729,34.13284762788878,20.91806485404226,0.21199457246868858
2021-02-17,165.4320068359375,120.21071182078856,29.508862255019885,1165.0512871886729,34.13284762788878,20.91806485404226,0.21199457246868858
2021-02-18,166.4114990234375,120.26991219186601,29.508862255019885,1165.0512871886729,34.13284762788878,20.91806485404226,0.21199457246868858
2021-02-19,162.4949951171875,120.27296273608343,29.508862255019885,1165.0512871886729,34.13284762788878,20.91806485404226,0.21199457246868858
2021-02-22,159.03700256347656,120.40171378801442,29.508862255019885,1165.0512871886729,34.13284762788878,20.91806485404226,0.21199457246868858
2021-02-23,159.72500610351562,120.47141939840057,29.508862255019885,1165.0512871886729,34.13284762788878,20.91806485404226,0.21199457246868858
2021-02-24,157.97650146484375,120.47688222335684,29.508862255019885,1165.0512871886729,34.13284762788878,20.91806485404226,0.21199457246868858
2021-02-25,152.85800170898438,120.51640431107073,29.508862255019885,1165.0512871886729,34.13284762788878,20.91806485404226,0.21199457246868858
2021-02-26,154.64649963378906,120.50096260863728,29.508862255019885,1165.0512871886729,34.13284762788878,20.91806485404226,0.21199457246868858
2021-03-01,157.3070068359375,120.58508823248796,29.508862255019885,1165.0512871886729,34.13284762788878,20.91806485404226,0.21199457246868858
2021-03-02,154.72650146484375,120.6445455842251,29.508862255019885,1165.0512871886729,34.13284762788878,20.91806485404226,0.21199457246868858
2021-03-03,150.25,120.64243679474728,29.508862255019885,1165.0512871886729,34.13284762788878,20.91806485404226,0.21199457246868858
2021-03-04,148.8784942626953,120.67718720810416,29.508862255019885,1165.0512871886729,34.13284762788878,20.91806485404226,0.21199457246868858
2021-03-05,150.0229949951172,120.6598310520507,29.508862255019885,1165.0512871886729,34.13284762788878,20.91806485404226,0.21199457246868858
2021-03-08,147.59750366210938,120.75496174631226,29.508862255019885,1165.0512871886729,34.13284762788878,20.91806485404226,0.21199457246868858
2021-03-09,153.1425018310547,120.82324041419054,29.508862255019885,1165.0512871886729,34.13284762788878,20.91806485404226,0.21199457246868858
2021-03-10,152.8820037841797,120.83218512947067,29.508862255019885,1165.0512871886729,34.13284762788878,20.91806485404226,0.21199457246868858
2021-03-11,155.67950439453125,120.87995271199665,29.508862255019885,1165.0512871886729,34.13284762788878,20.91806485404226,0.21199457246868858
2021-03-12,154.47450256347656,120.87727996363189,29.508862255019885,1165.0512871886729,34.13284762788878,20.91806485404226,0.21199457246868858
2021-03-15,154.08399963378906,121.02325712638,29.508862255019885,1165.0512871886729,34.13284762788878,20.91806485404226,0.21199457246868858
2021-03-16,154.59300231933594,121.10967711754792,29.508862255019885,1165.0512871886729,34.13284762788878,20.91806485404226,0.21199457246868858
2021-03-17,156.7864990234375,121.13685349974305,29.508862255019885,1165.0512871886729,34.13284762788878,20.91806485404226,0.21199457246868858
2021-03-18,151.39950561523438,121.20267604645584,29.508862255019885,1165.0512871886729,34.13284762788878,20.91806485404226,0.21199457246868858
2021-03-19,153.7480010986328,121.21764903710125,29.508862255019885,1165.0512871886729,34.13284762788878,20.91806485404226,0.21199457246868858
2021-03-22,155.5435028076172,121.41240586862476,29.508862255019885,1165.0512871886729,34.13284762788878,20.91806485404226,0.21199457246868858
2021-03-23,156.875,121.51336036652609,29.508862255019885,1165.0512871886729,34.13284762788878,20.91806485404226,0.21199457246868858
2021-03-24,154.35350036621094,121.55415497541219,29.508862255019885,1165.0512871886729,34.13284762788878,20.91806485404226,0.21199457246868858
2021-03-25,152.31300354003906,121.63271365452466,29.508862255019885,1165.0512871886729,34.13284762788878,20.91806485404226,0.21199457246868858
2021-03-26,152.60150146484375,121.65961386538919,29.508862255019885,1165.0512871886729,34.13284762788878,20.91806485404226,0.21199457246868858
2021-03-29,153.7864990234375,121.88648908585137,29.508862255019885,1165.0512871886729,34.13284762788878,20.91806485404226,0.21199457246868858
2021-03-30,152.76449584960938,121.99742618996632,29.508862255019885,1165.0512871886729,34.13284762788878,20.91806485404226,0.21199457246868858
2021-03-31,154.70399475097656,122.04811154327095,29.508862255019885,1165.0512871886729,34.13284762788878,20.91806485404226,0.21199457246868858
2021-04-01,158.0500030517578,122.13662518649969,29.508862255019885,1165.0512871886729,34.13284762788878,20.91806485404226,0.21199457246868858
2021-04-05,161.3365020751953,122.43325356975816,29.508862255019885,1165.0512871886729,34.13284762788878,20.91806485404226,0.21199457246868858
2021-04-06,161.1909942626953,122.55597612486693,29.508862255019885,1165.0512871886729,34.13284762788878,20.91806485404226,0.21199457246868858
2021-04-07,163.96949768066406,122.61885700583031,29.508862255019885,1165.0512871886729,34.13284762788878,20.91806485404226,0.21199457246868858
2021-04-08,164.96499633789062,122.71988525630431,29.508862255019885,1165.0512871886729,34.13284762788878,20.91806485404226,0.21199457246868858
2021-04-09,168.61000061035156,122.76963922223297,29.508862255019885,1165.0512871886729,34.13284762788878,20.91806485404226,0.21199457246868858
2021-04-12,168.96949768066406,123.06631042773805,29.508862255019885,1165.0512871886729,34.13284762788878,20.91806485404226,0.21199457246868858
2021-04-13,170.0,123.20019417586066,29.508862255019885,1165.0512871886729,34.13284762788878,20.91806485404226,0.21199457246868858
2021-04-14,166.64999389648438,123.2731213495742,29.508862255019885,1165.0512871886729,34.13284762788878,20.91806485404226,0.21199457246868858
2021-04-15,168.95449829101562,123.38274829059468,29.508862255019885,1165.0512871886729,34.13284762788878,20.91806485404226,0.21199457246868858
2021-04-16,169.9720001220703,123.439317339815,29.508862255019885,1165.0512871886729,34.13284762788878,20.91806485404226,0.21199457246868858
2021-04-19,168.60049438476562,123.74254920372626,29.508862255019885,1165.0512871886729,34.13284762788878,20.91806485404226,0.21199457246868858
2021-04-20,166.7344970703125,123.87306583392495,29.508862255019885,1165.0512871886729,34.13284762788878,20.91806485404226,0.21199457246868858
2021-04-21,168.1009979248047,123.93948991436582,29.508862255019885,1165.0512871886729,34.13284762788878,20.91806485404226,0.21199457246868858
2021-04-22,165.45199584960938,124.03934433828654,29.508862255019885,1165.0512871886729,34.13284762788878,20.91806485404226,0.21199457246868858
2021-04-23,167.04400634765625,124.08280344683396,29.508862255019885,1165.0512871886729,34.13284762788878,20.91806485404226,0.21199457246868858
2021-04-26,170.4499969482422,124.32708888134879,29.508862255019885,1165.0512871886729,34.13284762788878,20.91806485404226,0.21199457246868858
2021-04-27,170.8715057373047,124.43193396936817,29.508862255019885,1165.0512871886729,34.13284762788878,20.91806485404226,0.21199457246868858
2021-04-28,172.9250030517578,124.47012238528545,29.508862255019885,1165.0512871886729,34.13284762788878,20.91806485404226,0.21199457246868858
2021-04-29,173.5655059814453,124.53955236744984,29.508862255019885,1165.0512871886729,34.13284762788878,20.91806485404226,0.21199457246868858
2021-04-30,173.37100219726562,124.55083669304346,29.508862255019885,1165.0512871886729,34.13284762788878,20.91806485404226,0.21199457246868858
2021-05-03,169.32449340820312,124.69323629747856,29.508862255019885,1165.0512871886729,34.13284762788878,20.91806485404226,0.21199457246868858
2021-05-04,165.593505859375,124.76421976777671,29.508862255019885,1165.0512871886729,34.13284762788878,20.91806485404226,0.21199457246868858
2021-05-05,163.52699279785156,124.76958272263046,29.508862255019885,1165.0512871886729,34.13284762788878,20.91806485404226,0.21199457246868858
2021-05-06,165.31849670410156,124.80781128373754,29.508862255019885,1165.0512871886729,34.13284762788878,20.91806485404226,0.21199457246868858
2021-05-07,164.58050537109375,124.79008364962085,29.508862255019885,1165.0512871886729,34.13284762788878,20.91806485404226,0.21199457246868858
2021-05-10,159.52450561523438,124.8636112491217,29.508862255019885,1165.0512871886729,34.13284762788878,20.91806485404226,0.21199457246868858
2021-05-11,161.19549560546875,124.91907008945974,29.508862255019885,1165.0512871886729,34.13284762788878,20.91806485404226,0.21199457246868858
2021-05-12,157.5970001220703,124.91312689359545,29.508862255019885,1165.0512871886729,34.13284762788878,20.91806485404226,0.21199457246868858
2021-05-13,158.07350158691406,124.94443889029264,29.508862255019885,1165.0512871886729,34.13284762788878,20.91806485404226,0.21199457246868858
2021-05-14,161.14500427246094,124.92426043914496,29.508862255019885,1165.0512871886729,34.13284762788878,20.91806485404226,0.21199457246868858
2021-05-17,163.51950073242188,125.01652686530177,29.508862255019885,1165.0512871886729,34.13284762788878,20.91806485404226,0.21199457246868858
2021-05-18,161.61399841308594,125.0862159232809,29.508862255019885,1165.0512871886729,34.13284762788878,20.91806485404226,0.21199457246868858
2021-05-19,161.58999633789062,125.0979151710625,29.508862255019885,1165.0512871886729,34.13284762788878,20.91806485404226,0.21199457246868858
2021-05-20,162.38400268554688,125.14981632173598,29.508862255019885,1165.0512871886729,34.13284762788878,20.91806485404226,0.21199457246868858
2021-05-21,160.1540069580078,125.15264450751754,29.508862255019885,1165.0512871886729,34.13284762788878,20.91806485404226,0.21199457246868858
2021-05-24,162.24949645996094,125.32246761727649,29.508862255019885,1165.0512871886729,34.13284762788878,20.91806485404226,0.21199457246868858
2021-05-25,162.95249938964844,125.41874388155786,29.508862255019885,1165.0512871886729,34.13284762788878,20.91806485404226,0.21199457246868858
2021-05-26,163.25799560546875,125.45633699013337,29.508862255019885,1165.0512871886729,34.13284762788878,20.91806485404226,0.21199457246868858
2021-05-27,161.5054931640625,125.53283225373063,29.508862255019885,1165.0512871886729,34.13284762788878,20.91806485404226,0.21199457246868858
2021-05-28,161.15350341796875,125.55838998209602,29.508862255019885,1165.0512871886729,34.13284762788878,20.91806485404226,0.21199457246868858
2021-06-01,160.9324951171875,125.88766901807809,29.508862255019885,1165.0512871886729,34.13284762788878,20.91806485404226,0.21199457246868858
2021-06-02,161.69949340820312,125.93255155073203,29.508862255019885,1165.0512871886729,34.13284762788878,20.91806485404226,0.21199457246868858
2021-06-03,159.35049438476562,126.01262954917192,29.508862255019885,1165.0512871886729,34.13284762788878,20.91806485404226,0.21199457246868858
2021-06-04,160.31100463867188,126.03808440286794,29.508862255019885,1165.0512871886729,34.13284762788878,20.91806485404226,0.21199457246868858
2021-06-07,159.90049743652344,126.23942546821819,29.508862255019885,1165.0512871886729,34.13284762788878,20.91806485404226,0.21199457246868858
2021-06-08,163.20550537109375,126.33390200990982,29.508862255019885,1165.0512871886729,34.13284762788878,20.91806485404226,0.21199457246868858
2021-06-09,164.0574951171875,126.36386896233935,29.508862255019885,1165.0512871886729,34.13284762788878,20.91806485404226,0.21199457246868858
2021-06-10,167.4824981689453,126.42734739935723,29.508862255019885,1165.0512871886729,34.13284762788878,20.91806485404226,0.21199457246868858
2021-06-11,167.3415069580078,126.43507787249166,29.508862255019885,1165.0512871886729,34.13284762788878,20.91806485404226,0.21199457246868858
2021-06-14,169.19349670410156,126.58242680127412,29.508862255019885,1165.0512871886729,34.13284762788878,20.91806485404226,0.21199457246868858
2021-06-15,169.156494140625,126.66061054095013,29.508862255019885,1165.0512871886729,34.13284762788878,20.91806485404226,0.21199457246868858
2021-06-16,170.7624969482422,126.67607053808254,29.508862255019885,1165.0512871886729,34.13284762788878,20.91806485404226,0.21199457246868858
2021-06-17,174.46200561523438,126.7273230817014,29.508862255019885,1165.0512871886729,34.13284762788878,20.91806485404226,0.21199457246868858
2021-06-18,174.34500122070312,126.72554151517292,29.508862255019885,1165.0512871886729,34.13284762788878,20.91806485404226,0.21199457246868858
2021-06-21,172.697998046875,126.86379947350343,29.508862255019885,1165.0512871886729,34.13284762788878,20.91806485404226,0.21199457246868858
2021-06-22,175.27200317382812,126.94604298818263,29.508862255019885,1165.0512871886729,34.13284762788878,20.91806485404226,0.21199457246868858
2021-06-23,175.1909942626953,126.96917165015171,29.508862255019885,1165.0512871886729,34.13284762788878,20.91806485404226,0.21199457246868858
2021-06-24,172.45399475097656,127.03159233318304,29.508862255019885,1165.0512871886729,34.13284762788878,20.91806485404226,0.21199457246868858
2021-06-25,170.072998046875,127.0442729129865,29.508862255019885,1165.0512871886729,34.13284762788878,20.91806485404226,0.21199457246868858
2021-06-28,172.1945037841797,127.2423082378584,29.508862255019885,1165.0512871886729,34.13284762788878,20.91806485404226,0.21199457246868858
2021-06-29,172.40699768066406,127.34843870995819,29.508862255019885,1165.0512871886729,34.13284762788878,20.91806485404226,0.21199457246868858
2021-06-30,172.00799560546875,127.39653414473185,29.508862255019885,1165.0512871886729,34.13284762788878,20.91806485404226,0.21199457246868858
2021-07-01,171.64849853515625,127.48439915249362,29.508862255019885,1165.0512871886729,34.13284762788878,20.91806485404226,0.21199457246868858
2021-07-02,175.5489959716797,127.52237871888472,29.508862255019885,1165.0512871886729,34.13284762788878,20.91806485404226,0.21199457246868858
2021-07-06,183.78700256347656,127.91397046157103,29.508862255019885,1165.0512871886729,34.13284762788878,20.91806485404226,0.21199457246868858
2021-07-07,184.82899475097656,127.97764580132791,29.508862255019885,1165.0512871886729,34.13284762788878,20.91806485404226,0.21199457246868858
2021-07-08,186.57049560546875,128.07762146470154,29.508862255019885,1165.0512871886729,34.13284762788878,20.91806485404226,0.21199457246868858
2021-07-09,185.9669952392578,128.12388362199715,29.508862255019885,1165.0512871886729,34.13284762788878,20.91806485404226,0.21199457246868858
2021-07-12,185.9275054931641,128.3903090899911,29.508862255019885,1165.0512871886729,34.13284762788878,20.91806485404226,0.21199457246868858
2021-07-13,183.8679962158203,128.50618643771168,29.508862255019885,1165.0512871886729,34.13284762788878,20.91806485404226,0.21199457246868858
2021-07-14,184.08399963378903,128.55671342766794,29.508862255019885,1165.0512871886729,34.13284762788878,20.91806485404226,0.21199457246868858
2021-07-15,181.55999755859372,128.63944939732332,29.508862255019885,1165.0512871886729,34.13284762788878,20.91806485404226,0.21199457246868858
2021-07-16,178.68150329589844,128.66465551889584,29.508862255019885,1165.0512871886729,34.13284762788878,20.91806485404226,0.21199457246868858
2021-07-19,177.47950744628906,128.84889455436058,29.508862255019885,1165.0512871886729,34.13284762788878,20.91806485404226,0.21199457246868858
2021-07-20,178.6595001220703,128.93263753058503,29.508862255019885,1165.0512871886729,34.13284762788878,20.91806485404226,0.21199457246868858
2021-07-21,179.25999450683594,128.94957416003928,29.508862255019885,1165.0512871886729,34.13284762788878,20.91806485404226,0.21199457246868858
2021-07-22,181.9015045166016,128.9978531187968,29.508862255019885,1165.0512871886729,34.13284762788878,20.91806485404226,0.21199457246868858
2021-07-23,182.83200073242188,128.98833388900474,29.508862255019885,1165.0512871886729,34.13284762788878,20.91806485404226,0.21199457246868858
2021-07-26,184.99099731445312,129.0726304818218,29.508862255019885,1165.0512871886729,34.13284762788878,20.91806485404226,0.21199457246868858
2021-07-27,181.3195037841797,129.1262863569535,29.508862255019885,1165.0512871886729,34.13284762788878,20.91806485404226,0.21199457246868858
2021-07-28,181.51600646972656,129.11555312675543,29.508862255019885,1165.0512871886729,34.13284762788878,20.91806485404226,0.21199457246868858
2021-07-29,179.99600219726562,129.13897989820492,29.508862255019885,1165.0512871886729,34.13284762788878,20.91806485404226,0.21199457246868858
2021-07-30,166.37950134277344,129.10776207769683,29.508862255019885,1165.0512871886729,34.13284762788878,20.91806485404226,0.21199457246868858
2021-08-02,166.57400512695312,129.14818713527663,29.508862255019885,1165.0512871886729,34.13284762788878,20.91806485404226,0.21199457246868858
2021-08-03,168.31199645996094,129.19469644841448,29.508862255019885,1165.0512871886729,34.13284762788878,20.91806485404226,0.21199457246868858
2021-08-04,167.73599243164062,129.1805759017254,29.508862255019885,1165.0512871886729,34.13284762788878,20.91806485404226,0.21199457246868858
2021-08-05,168.79949951171875,129.20428431262465,29.508862255019885,1165.0512871886729,34.13284762788878,20.91806485404226,0.21199457246868858
2021-08-06,167.2469940185547,129.17686495645688,29.508862255019885,1165.0512871886729,34.13284762788878,20.91806485404226,0.21199457246868858
2021-08-09,167.093505859375,129.2474776812513,29.508862255019885,1165.0512871886729,34.13284762788878,20.91806485404226,0.21199457246868858
2021-08-10,166.03399658203125,129.30933608958844,29.508862255019885,1165.0512871886729,34.13284762788878,20.91806485404226,0.21199457246868858
2021-08-11,164.60549926757812,129.31264473521554,29.508862255019885,1165.0512871886729,34.13284762788878,20.91806485404226,0.21199457246868858
2021-08-12,165.1750030517578,129.35549817111811,29.508862255019885,1165.0512871886729,34.13284762788878,20.91806485404226,0.21199457246868858
2021-08-13,164.69850158691406,129.34856977903516,29.508862255019885,1165.0512871886729,34.13284762788878,20.91806485404226,0.21199457246868858
2021-08-16,164.94949340820312,129.4851102539592,29.508862255019885,1165.0512871886729,34.13284762788878,20.91806485404226,0.21199457246868858
2021-08-17,162.09800720214844,129.56929576072625,29.508862255019885,1165.0512871886729,34.13284762788878,20.91806485404226,0.21199457246868858
2021-08-18,160.06100463867188,129.59459597564145,29.508862255019885,1165.0512871886729,34.13284762788878,20.91806485404226,0.21199457246868858
2021-08-19,159.3874969482422,129.65884080695636,29.508862255019885,1165.0512871886729,34.13284762788878,20.91806485404226,0.21199457246868858
2021-08-20,159.99749755859375,129.67247065292696,29.508862255019885,1165.0512871886729,34.13284762788878,20.91806485404226,0.21199457246868858
2021-08-23,163.2935028076172,129.86384847582858,29.508862255019885,1165.0512871886729,34.13284762788878,20.91806485404226,0.21199457246868858
2021-08-24,165.28900146484375,129.96358122404467,29.508862255019885,1165.0512871886729,34.13284762788878,20.91806485404226,0.21199457246868858
2021-08-25,164.95899963378906,130.0029105401485,29.508862255019885,1165.0512871886729,34.13284762788878,20.91806485404226,0.21199457246868858
2021-08-26,165.8000030517578,130.0796141036122,29.508862255019885,1165.0512871886729,34.13284762788878,20.91806485404226,0.21199457246868858
2021-08-27,167.48150634765625,130.10410164743104,29.508862255019885,1165.0512871886729,34.13284762788878,20.91806485404226,0.21199457246868858
2021-08-30,171.07850646972656,130.31838816276732,29.508862255019885,1165.0512871886729,34.13284762788878,20.91806485404226,0.21199457246868858
2021-08-31,173.5395050048828,130.4225745115045,29.508862255019885,1165.0512871886729,34.13284762788878,20.91806485404226,0.21199457246868858
2021-09-01,173.9499969482422,130.46480346511547,29.508862255019885,1165.0512871886729,34.13284762788878,20.91806485404226,0.21199457246868858
2021-09-02,173.156005859375,130.54288029133252,29.508862255019885,1165.0512871886729,34.13284762788878,20.91806485404226,0.21199457246868858
2021-09-03,173.90249633789062,130.56724303219372,29.508862255019885,1165.0512871886729,34.13284762788878,20.91806485404226,0.21199457246868858
2021-09-07,175.46449279785156,130.8707826190655,29.508862255019885,1165.0512871886729,34.13284762788878,20.91806485404226,0.21199457246868858
2021-09-08,176.27499389648438,130.9058037626011,29.508862255019885,1165.0512871886729,34.13284762788878,20.91806485404226,0.21199457246868858
2021-09-09,174.20799255371094,130.97534138253607,29.508862255019885,1165.0512871886729,34.13284762788878,20.91806485404226,0.21199457246868858
2021-09-10,173.45750427246094,130.98987005216333,29.508862255019885,1165.0512871886729,34.13284762788878,20.91806485404226,0.21199457246868858
2021-09-13,172.85850524902344,131.15829437767007,29.508862255019885,1165.0512871886729,34.13284762788878,20.91806485404226,0.21199457246868858
2021-09-14,172.5,131.24218003743061,29.508862255019885,1165.0512871886729,34.13284762788878,20.91806485404226,0.21199457246868858
2021-09-15,173.7895050048828,131.2617986058613,29.508862255019885,1165.0512871886729,34.13284762788878,20.91806485404226,0.21199457246868858
2021-09-16,174.41200256347656,131.3151038619855,29.508862255019885,1165.0512871886729,34.13284762788878,20.91806485404226,0.21199457246868858
2021-09-17,173.12600708007812,131.31270689814014,29.508862255019885,1165.0512871886729,34.13284762788878,20.91806485404226,0.21199457246868858
2021-09-20,167.7864990234375,131.4278454097802,29.508862255019885,1165.0512871886729,34.13284762788878,20.91806485404226,0.21199457246868858
2021-09-21,167.18150329589844,131.4937706798065,29.508862255019885,1165.0512871886729,34.13284762788878,20.91806485404226,0.21199457246868858
2021-09-22,169.00250244140625,131.49568492954347,29.508862255019885,1165.0512871886729,34.13284762788878,20.91806485404226,0.21199457246868858
2021-09-23,170.8000030517578,131.531770345353,29.508862255019885,1165.0512871886729,34.13284762788878,20.91806485404226,0.21199457246868858
2021-09-24,171.2760009765625,131.51287089952118,29.508862255019885,1165.0512871886729,34.13284762788878,20.91806485404226,0.21199457246868858
2021-09-27,170.2899932861328,131.58509814466825,29.508862255019885,1165.0512871886729,34.13284762788878,20.91806485404226,0.21199457246868858
2021-09-28,165.79800415039062,131.63963252416565,29.508862255019885,1165.0512871886729,34.13284762788878,20.91806485404226,0.21199457246868858
2021-09-29,165.05599975585938,131.6319251192687,29.508862255019885,1165.0512871886729,34.13284762788878,20.91806485404226,0.21199457246868858
2021-09-30,164.2519989013672,131.66030796126697,29.508862255019885,1165.0512871886729,34.13284762788878,20.91806485404226,0.21199457246868858
2021-10-01,164.16299438476562,131.63574277236552,29.508862255019885,1165.0512871886729,34.13284762788878,20.91806485404226,0.21199457246868858
2021-10-04,159.48899841308594,131.7038085015246,29.508862255019885,1165.0512871886729,34.13284762788878,20.91806485404226,0.21199457246868858
2021-10-05,161.0500030517578,131.76123252388365,29.508862255019885,1165.0512871886729,34.13284762788878,20.91806485404226,0.21199457246868858
2021-10-06,163.10049438476562,131.7584441668333,29.508862255019885,1165.0512871886729,34.13284762788878,20.91806485404226,0.21199457246868858
2021-10-07,165.1215057373047,131.79364546684508,29.508862255019885,1165.0512871886729,34.13284762788878,20.91806485404226,0.21199457246868858
2021-10-08,164.43099975585938,131.7776274877545,29.508862255019885,1165.0512871886729,34.13284762788878,20.91806485404226,0.21199457246868858
2021-10-11,162.31500244140625,131.8794677466976,29.508862255019885,1165.0512871886729,34.13284762788878,20.91806485404226,0.21199457246868858
2021-10-12,162.3665008544922,131.94997231273842,29.508862255019885,1165.0512871886729,34.13284762788878,20.91806485404226,0.21199457246868858
2021-10-13,164.21400451660156,131.96068243635395,29.508862255019885,1165.0512871886729,34.13284762788878,20.91806485404226,0.21199457246868858
2021-10-14,164.9929962158203,132.00949008941546,29.508862255019885,1165.0512871886729,34.13284762788878,20.91806485404226,0.21199457246868858
2021-10-15,170.4510040283203,132.0068779038837,29.508862255019885,1165.0512871886729,34.13284762788878,20.91806485404226,0.21199457246868858
2021-10-18,172.33700561523438,132.1448424123993,29.508862255019885,1165.0512871886729,34.13284762788878,20.91806485404226,0.21199457246868858
2021-10-19,172.20750427246094,132.22518004421968,29.508862255019885,1165.0512871886729,34.13284762788878,20.91806485404226,0.21199457246868858
2021-10-20,170.7530059814453,132.24428141180243,29.508862255019885,1165.0512871886729,34.13284762788878,20.91806485404226,0.21199457246868858
2021-10-21,171.75050354003906,132.29989902147238,29.508862255019885,1165.0512871886729,34.13284762788878,20.91806485404226,0.21199457246868858
2021-10-22,166.77749633789062,132.30242446437364,29.508862255019885,1165.0512871886729,34.13284762788878,20.91806485404226,0.21199457246868858
2021-10-25,166.01849365234375,132.44563305872117,29.508862255019885,1165.0512871886729,34.13284762788878,20.91806485404226,0.21199457246868858
2021-10-26,168.80349731445312,132.52454539986698,29.508862255019885,1165.0512871886729,34.13284762788878,20.91806485404226,0.21199457246868858
2021-10-27,169.62449645996094,132.54086784295836,29.508862255019885,1165.0512871886729,34.13284762788878,20.91806485404226,0.21199457246868858
2021-10-28,172.32850646972656,132.59256002548685,29.508862255019885,1165.0512871886729,34.13284762788878,20.91806485404226,0.21199457246868858
2021-10-29,168.6215057373047,132.590257861148,29.508862255019885,1165.0512871886729,34.13284762788878,20.91806485404226,0.21199457246868858
2021-11-01,165.90550231933594,132.71641503699044,29.508862255019885,1165.0512871886729,34.13284762788878,20.91806485404226,0.21199457246868858
2021-11-02,165.6374969482422,132.78980891361854,29.508862255019885,1165.0512871886729,34.13284762788878,20.91806485404226,0.21199457246868858
2021-11-03,169.1999969482422,132.80121019143695,29.508862255019885,1165.0512871886729,34.13284762788878,20.91806485404226,0.21199457246868858
2021-11-04,173.85000610351562,132.8488692728686,29.508862255019885,1165.0512871886729,34.13284762788878,20.91806485404226,0.21199457246868858
2021-11-05,175.94949340820312,132.8436875332762,29.508862255019885,1165.0512871886729,34.13284762788878,20.91806485404226,0.21199457246868858
2021-11-08,174.44900512695312,132.9702230590281,29.508862255019885,1165.0512871886729,34.13284762788878,20.91806485404226,0.21199457246868858
2021-11-09,178.81149291992188,133.0472107117743,29.508862255019885,1165.0512871886729,34.13284762788878,20.91806485404226,0.21199457246868858
2021-11-10,174.1024932861328,133.0640330317407,29.508862255019885,1165.0512871886729,34.13284762788878,20.91806485404226,0.21199457246868858
2021-11-11,173.625,133.11890670411822,29.508862255019885,1165.0512871886729,34.13284762788878,20.91806485404226,0.21199457246868858
2021-11-12,176.25750732421875,133.12263787513797,29.508862255019885,1165.0512871886729,34.13284762788878,20.91806485404226,0.21199457246868858
2021-11-15,177.28399658203125,133.28426520446965,29.508862255019885,1165.0512871886729,34.13284762788878,20.91806485404226,0.21199457246868858
2021-11-16,177.03500366210938,133.37485666277522,29.508862255019885,1165.0512871886729,34.13284762788878,20.91806485404226,0.21199457246868858
2021-11-17,177.4499969482422,133.4056867904012,29.508862255019885,1165.0512871886729,34.13284762788878,20.91806485404226,0.21199457246868858
2021-11-18,184.8029937744141,133.47459404554297,29.508862255019885,1165.0512871886729,34.13284762788878,20.91806485404226,0.21199457246868858
2021-11-19,183.82850646972656,133.49198783051494,29.508862255019885,1165.0512871886729,34.13284762788878,20.91806485404226,0.21199457246868858
2021-11-22,178.6284942626953,133.6883681037135,29.508862255019885,1165.0512871886729,34.13284762788878,20.91806485404226,0.21199457246868858
2021-11-23,179.0019989013672,133.78719680140284,29.508862255019885,1165.0512871886729,34.13284762788878,20.91806485404226,0.21199457246868858
2021-11-24,179.02049255371094,133.82403018459297,29.508862255019885,1165.0512871886729,34.13284762788878,20.91806485404226,0.21199457246868858
2021-11-26,175.22799682617188,133.9146162355451,29.508862255019885,1165.0512871886729,34.13284762788878,20.91806485404226,0.21199457246868858
2021-11-29,178.07850646972656,134.0959654011081,29.508862255019885,1165.0512871886729,34.13284762788878,20.91806485404226,0.21199457246868858
2021-11-30,175.35350036621094,134.1839950928973,29.508862255019885,1165.0512871886729,34.13284762788878,20.91806485404226,0.21199457246868858
2021-12-01,172.18600463867188,134.20733240905022,29.508862255019885,1165.0512871886729,34.13284762788878,20.91806485404226,0.21199457246868858
2021-12-02,171.8679962158203,134.26377978229803,29.508862255019885,1165.0512871886729,34.13284762788878,20.91806485404226,0.21199457246868858
2021-12-03,169.489501953125,134.26384024538814,29.508862255019885,1165.0512871886729,34.13284762788878,20.91806485404226,0.21199457246868858
2021-12-06,171.36849975585938,134.38186731730661,29.508862255019885,1165.0512871886729,34.13284762788878,20.91806485404226,0.21199457246868858
2021-12-07,176.1645050048828,134.44737571733333,29.508862255019885,1165.0512871886729,34.13284762788878,20.91806485404226,0.21199457246868858
2021-12-08,176.1580047607422,134.44835650990382,29.508862255019885,1165.0512871886729,34.13284762788878,20.91806485404226,0.21199457246868858
2021-12-09,174.17100524902344,134.48315906043956,29.508862255019885,1165.0512871886729,34.13284762788878,20.91806485404226,0.21199457246868858
2021-12-10,172.21200561523438,134.46283019506473,29.508862255019885,1165.0512871886729,34.13284762788878,20.91806485404226,0.21199457246868858
2021-12-13,169.5675048828125,134.53232232309756,29.508862255019885,1165.0512871886729,34.13284762788878,20.91806485404226,0.21199457246868858
2021-12-14,169.0915069580078,134.58735809472833,29.508862255019885,1165.0512871886729,34.13284762788878,20.91806485404226,0.21199457246868858
2021-12-15,173.31500244140625,134.5813216560861,29.508862255019885,1165.0512871886729,34.13284762788878,20.91806485404226,0.21199457246868858
2021-12-16,168.87100219726562,134.61281553108586,29.508862255019885,1165.0512871886729,34.13284762788878,20.91806485404226,0.21199457246868858
2021-12-17,170.0175018310547,134.59305632571247,29.508862255019885,1165.0512871886729,34.13284762788878,20.91806485404226,0.21199457246868858
2021-12-20,167.07899475097656,134.68788010311638,29.508862255019885,1165.0512871886729,34.13284762788878,20.91806485404226,0.21199457246868858
2021-12-21,170.41700744628906,134.75889308357907,29.508862255019885,1165.0512871886729,34.13284762788878,20.91806485404226,0.21199457246868858
2021-12-22,171.03700256347656,134.77220682603348,29.508862255019885,1165.0512871886729,34.13284762788878,20.91806485404226,0.21199457246868858
2021-12-23,171.06849670410156,134.8260637920391,29.508862255019885,1165.0512871886729,34.13284762788878,20.91806485404226,0.21199457246868858
2021-12-27,169.66949462890625,135.01122501120895,29.508862255019885,1165.0512871886729,34.13284762788878,20.91806485404226,0.21199457246868858
2021-12-28,170.66099548339844,135.11214650778683,29.508862255019885,1165.0512871886729,34.13284762788878,20.91806485404226,0.21199457246868858
2021-12-29,169.2010040283203,135.15512589096838,29.508862255019885,1165.0512871886729,34.13284762788878,20.91806485404226,0.21199457246868858
2021-12-30,168.64450073242188,135.23780540146572,29.508862255019885,1165.0512871886729,34.13284762788878,20.91806485404226,0.21199457246868858
2021-12-31,166.7169952392578,135.27039231709708,29.508862255019885,1165.0512871886729,34.13284762788878,20.91806485404226,0.21199457246868858
2022-01-03,170.4044952392578,135.51890825841508,29.508862255019885,1165.0512871886729,34.13284762788878,20.91806485404226,0.21199457246868858
2022-01-04,167.52200317382812,135.63670412128184,29.508862255019885,1165.0512871886729,34.13284762788878,20.91806485404226,0.21199457246868858
2022-01-05,164.35699462890625,135.69304783746796,29.508862255019885,1165.0512871886729,34.13284762788878,20.91806485404226,0.21199457246868858
2022-01-06,163.25399780273438,135.7853940520134,29.508862255019885,1165.0512871886729,34.13284762788878,20.91806485404226,0.21199457246868858
2022-01-07,162.5540008544922,135.82385356582049,29.508862255019885,1165.0512871886729,34.13284762788878,20.91806485404226,0.21199457246868858
2022-01-10,161.48599243164062,136.06764042061144,29.508862255019885,1165.0512871886729,34.13284762788878,20.91806485404226,0.21199457246868858
2022-01-11,165.36199951171875,136.17699377893976,29.508862255019885,1165.0512871886729,34.13284762788878,20.91806485404226,0.21199457246868858
2022-01-12,165.20700073242188,136.2219556878068,29.508862255019885,1165.0512871886729,34.13284762788878,20.91806485404226,0.21199457246868858
2022-01-13,161.21400451660156,136.3003809095143,29.508862255019885,1165.0512871886729,34.13284762788878,20.91806485404226,0.21199457246868858
2022-01-14,162.13800048828125,136.32283450671846,29.508862255019885,1165.0512871886729,34.13284762788878,20.91806485404226,0.21199457246868858
2022-01-18,158.91749572753906,136.6013458676921,29.508862255019885,1165.0512871886729,34.13284762788878,20.91806485404226,0.21199457246868858
2022-01-19,156.2989959716797,136.62765177013566,29.508862255019885,1165.0512871886729,34.13284762788878,20.91806485404226,0.21199457246868858
2022-01-20,151.66749572753906,136.6884387852038,29.508862255019885,1165.0512871886729,34.13284762788878,20.91806485404226,0.21199457246868858
2022-01-21,142.64300537109375,136.6947204983999,29.508862255019885,1165.0512871886729,34.13284762788878,20.91806485404226,0.21199457246868858
2022-01-24,144.54400634765625,136.84696190355987,29.508862255019885,1165.0512871886729,34.13284762788878,20.91806485404226,0.21199457246868858
2022-01-25,139.98599243164062,136.93009330191043,29.508862255019885,1165.0512871886729,34.13284762788878,20.91806485404226,0.21199457246868858
2022-01-26,138.87249755859375,136.95208860659878,29.508862255019885,1165.0512871886729,34.13284762788878,20.91806485404226,0.21199457246868858
2022-01-27,139.6374969482422,137.01130764321334,29.508862255019885,1165.0512871886729,34.13284762788878,20.91806485404226,0.21199457246868858
2022-01-28,143.97799682617188,137.01869520299272,29.508862255019885,1165.0512871886729,34.13284762788878,20.91806485404226,0.21199457246868858
2022-01-31,149.57350158691406,137.1884422713203,29.508862255019885,1165.0512871886729,34.13284762788878,20.91806485404226,0.21199457246868858
2022-02-01,151.19349670410156,137.28117689555432,29.508862255019885,1165.0512871886729,34.13284762788878,20.91806485404226,0.21199457246868858
2022-02-02,150.6125030517578,137.31403869764227,29.508862255019885,1165.0512871886729,34.13284762788878,20.91806485404226,0.21199457246868858
2022-02-03,138.8455047607422,137.38495412373678,29.508862255019885,1165.0512871886729,34.13284762788878,20.91806485404226,0.21199457246868858
2022-02-04,157.63949584960938,137.40441138372717,29.508862255019885,1165.0512871886729,34.13284762788878,20.91806485404226,0.21199457246868858
2022-02-07,157.9355010986328,137.607973542123,29.508862255019885,1165.0512871886729,34.13284762788878,20.91806485404226,0.21199457246868858
2022-02-08,161.4134979248047,137.70970734481378,29.508862255019885,1165.0512871886729,34.13284762788878,20.91806485404226,0.21199457246868858
2022-02-09,161.1894989013672,137.749773786258,29.508862255019885,1165.0512871886729,34.13284762788878,20.91806485404226,0.21199457246868858
2022-02-10,159.0034942626953,137.82577535210805,29.508862255019885,1165.0512871886729,34.13284762788878,20.91806485404226,0.21199457246868858
2022-02-11,153.2935028076172,137.84793681520887,29.508862255019885,1165.0512871886729,34.13284762788878,20.91806485404226,0.21199457246868858
2022-02-14,155.16700744628906,138.04372968075464,29.508862255019885,1165.0512871886729,34.13284762788878,20.91806485404226,0.21199457246868858
2022-02-15,156.510498046875,138.13742422493524,29.508862255019885,1165.0512871886729,34.13284762788878,20.91806485404226,0.21199457246868858
2022-02-16,158.10049438476562,138.16683952798974,29.508862255019885,1165.0512871886729,34.13284762788878,20.91806485404226,0.21199457246868858
2022-02-17,154.65249633789062,138.22975621357838,29.508862255019885,1165.0512871886729,34.13284762788878,20.91806485404226,0.21199457246868858
2022-02-18,152.60150146484375,138.2366443561626,29.508862255019885,1165.0512871886729,34.13284762788878,20.91806485404226,0.21199457246868858
2022-02-22,150.19749450683594,138.44997212383166,29.508862255019885,1165.0512871886729,34.13284762788878,20.91806485404226,0.21199457246868858
2022-02-23,144.82699584960938,138.4586254374992,29.508862255019885,1165.0512871886729,34.13284762788878,20.91806485404226,0.21199457246868858
2022-02-24,151.35800170898438,138.5009821734651,29.508862255019885,1165.0512871886729,34.13284762788878,20.91806485404226,0.21199457246868858
2022-02-25,153.7884979248047,138.48796102810542,29.508862255019885,1165.0512871886729,34.13284762788878,20.91806485404226,0.21199457246868858
2022-02-28,153.56300354003906,138.57644430946132,29.508862255019885,1165.0512871886729,34.13284762788878,20.91806485404226,0.21199457246868858
2022-03-01,151.14199829101562,138.6363062231378,29.508862255019885,1165.0512871886729,34.13284762788878,20.91806485404226,0.21199457246868858
2022-03-02,152.05250549316406,138.6340690064996,29.508862255019885,1165.0512871886729,34.13284762788878,20.91806485404226,0.21199457246868858
2022-03-03,147.89849853515625,138.66817084659345,29.508862255019885,1165.0512871886729,34.13284762788878,20.91806485404226,0.21199457246868858
2022-03-04,145.64100646972656,138.64967008618777,29.508862255019885,1165.0512871886729,34.13284762788878,20.91806485404226,0.21199457246868858
2022-03-07,137.4530029296875,138.73877697376707,29.508862255019885,1165.0512871886729,34.13284762788878,20.91806485404226,0.21199457246868858
2022-03-08,136.01449584960938,138.8043511530619,29.508862255019885,1165.0512871886729,34.13284762788878,20.91806485404226,0.21199457246868858
2022-03-09,139.2790069580078,138.81033951972597,29.508862255019885,1165.0512871886729,34.13284762788878,20.91806485404226,0.21199457246868858
2022-03-10,146.8175048828125,138.85496065534932,29.508862255019885,1165.0512871886729,34.13284762788878,20.91806485404226,0.21199457246868858
2022-03-11,145.52450561523438,138.84901306603106,29.508862255019885,1165.0512871886729,34.13284762788878,20.91806485404226,0.21199457246868858
2022-03-14,141.85299682617188,138.9849736418781,29.508862255019885,1165.0512871886729,34.13284762788878,20.91806485404226,0.21199457246868858
2022-03-15,147.3665008544922,139.06815935407002,29.508862255019885,1165.0512871886729,34.13284762788878,20.91806485404226,0.21199457246868858
2022-03-16,153.10400390625,139.09222132578213,29.508862255019885,1165.0512871886729,34.13284762788878,20.91806485404226,0.21199457246868858
2022-03-17,157.23899841308594,139.1550777847568,29.508862255019885,1165.0512871886729,34.13284762788878,20.91806485404226,0.21199457246868858
2022-03-18,161.25050354003906,139.16725258852685,29.508862255019885,1165.0512871886729,34.13284762788878,20.91806485404226,0.21199457246868858
2022-03-21,161.4915008544922,139.35468389694822,29.508862255019885,1165.0512871886729,34.13284762788878,20.91806485404226,0.21199457246868858
2022-03-22,164.88900756835938,139.45353136743682,29.508862255019885,1165.0512871886729,34.13284762788878,20.91806485404226,0.21199457246868858
2022-03-23,163.4080047607422,139.49235726087028,29.508862255019885,1165.0512871886729,34.13284762788878,20.91806485404226,0.21199457246868858
2022-03-24,163.64950561523438,139.56905943982125,29.508862255019885,1165.0512871886729,34.13284762788878,20.91806485404226,0.21199457246868858
2022-03-25,164.77349853515625,139.59418547563604,29.508862255019885,1165.0512871886729,34.13284762788878,20.91806485404226,0.21199457246868858
2022-03-28,168.99049377441406,139.81591052889806,29.508862255019885,1165.0512871886729,34.13284762788878,20.91806485404226,0.21199457246868858
2022-03-29,169.31500244140625,139.92508545061077,29.508862255019885,1165.0512871886729,34.13284762788878,20.91806485404226,0.21199457246868858
2022-03-30,166.30099487304688,139.9739423741173,29.508862255019885,1165.0512871886729,34.13284762788878,20.91806485404226,0.21199457246868858
2022-03-31,162.99749755859375,140.06054318721607,29.508862255019885,1165.0512871886729,34.13284762788878,20.91806485404226,0.21199457246868858
2022-04-01,163.55999755859375,140.09559423865875,29.508862255019885,1165.0512871886729,34.13284762788878,20.91806485404226,0.21199457246868858
2022-04-04,168.34649658203125,140.34858090694274,29.508862255019885,1165.0512871886729,34.13284762788878,20.91806485404226,0.21199457246868858
2022-04-05,164.05499267578125,140.4689737201385,29.508862255019885,1165.0512871886729,34.13284762788878,20.91806485404226,0.21199457246868858
2022-04-06,158.75599670410156,140.52950500958625,29.508862255019885,1165.0512871886729,34.13284762788878,20.91806485404226,0.21199457246868858
2022-04-07,157.7845001220703,140.62820547250251,29.508862255019885,1165.0512871886729,34.13284762788878,20.91806485404226,0.21199457246868858
2022-04-08,154.4604949951172,140.67570253581187,29.508862255019885,1165.0512871886729,34.13284762788878,20.91806485404226,0.21199457246868858
2022-04-11,151.1219940185547,140.96660276694377,29.508862255019885,1165.0512871886729,34.13284762788878,20.91806485404226,0.21199457246868858
2022-04-12,150.78750610351562,141.099103921467,29.508862255019885,1165.0512871886729,34.13284762788878,20.91806485404226,0.21199457246868858
2022-04-13,155.54100036621094,141.17102450872,29.508862255019885,1165.0512871886729,34.13284762788878,20.91806485404226,0.21199457246868858
2022-04-14,151.7064971923828,141.28008082257674,29.508862255019885,1165.0512871886729,34.13284762788878,20.91806485404226,0.21199457246868858
2022-04-18,152.78500366210938,141.64293722202058,29.508862255019885,1165.0512871886729,34.13284762788878,20.91806485404226,0.21199457246868858
2022-04-19,158.11549377441406,141.77571577528929,29.508862255019885,1165.0512871886729,34.13284762788878,20.91806485404226,0.21199457246868858
2022-04-20,153.9980010986328,141.84502539106336,29.508862255019885,1165.0512871886729,34.13284762788878,20.91806485404226,0.21199457246868858
2022-04-21,148.29600524902344,141.94837752408165,29.508862255019885,1165.0512871886729,34.13284762788878,20.91806485404226,0.21199457246868858
2022-04-22,144.35000610351562,141.9959206105215,29.508862255019885,1165.0512871886729,34.13284762788878,20.91806485404226,0.21199457246868858
2022-04-25,146.07400512695312,142.25550186824196,29.508862255019885,1165.0512871886729,34.13284762788878,20.91806485404226,0.21199457246868858
2022-04-26,139.39100646972656,142.36623526846952,29.508862255019885,1165.0512871886729,34.13284762788878,20.91806485404226,0.21199457246868858
2022-04-27,138.16700744628906,142.41056497186912,29.508862255019885,1165.0512871886729,34.13284762788878,20.91806485404226,0.21199457246868858
2022-04-28,144.59649658203125,142.4862899067249,29.508862255019885,1165.0512871886729,34.13284762788878,20.91806485404226,0.21199457246868858
2022-04-29,124.28150177001952,142.5039169758406,29.508862255019885,1165.0512871886729,34.13284762788878,20.91806485404226,0.21199457246868858
2022-05-02,124.5,142.6645257931775,29.508862255019885,1165.0512871886729,34.13284762788878,20.91806485404226,0.21199457246868858
2022-05-03,124.25350189208984,142.7409401172888,29.508862255019885,1165.0512871886729,34.13284762788878,20.91806485404226,0.21199457246868858
2022-05-04,125.92849731445312,142.75124228823697,29.508862255019885,1165.0512871886729,34.13284762788878,20.91806485404226,0.21199457246868858
2022-05-05,116.40699768066406,142.79382704578993,29.508862255019885,1165.0512871886729,34.13284762788878,20.91806485404226,0.21199457246868858
2022-05-06,114.77249908447266,142.779792554464,29.508862255019885,1165.0512871886729,34.13284762788878,20.91806485404226,0.21199457246868858
2022-05-09,108.78900146484376,142.8598332598625,29.508862255019885,1165.0512871886729,34.13284762788878,20.91806485404226,0.21199457246868858
2022-05-10,108.85900115966795,142.91582666302193,29.508862255019885,1165.0512871886729,34.13284762788878,20.91806485404226,0.21199457246868858
2022-05-11,105.37200164794922,142.9095869914998,29.508862255019885,1165.0512871886729,34.13284762788878,20.91806485404226,0.21199457246868858
2022-05-12,106.93049621582033,142.9397913232095,29.508862255019885,1165.0512871886729,34.13284762788878,20.91806485404226,0.21199457246868858
2022-05-13,113.05500030517578,142.91773195628238,29.508862255019885,1165.0512871886729,34.13284762788878,20.91806485404226,0.21199457246868858
2022-05-16,110.8105010986328,143.00034671835593,29.508862255019885,1165.0512871886729,34.13284762788878,20.91806485404226,0.21199457246868858
2022-05-17,115.36849975585938,143.06576544620162,29.508862255019885,1165.0512871886729,34.13284762788878,20.91806485404226,0.21199457246868858
2022-05-18,107.1125030517578,143.07283875810126,29.508862255019885,1165.0512871886729,34.13284762788878,20.91806485404226,0.21199457246868858
2022-05-19,107.31900024414062,143.11987337009558,29.508862255019885,1165.0512871886729,34.13284762788878,20.91806485404226,0.21199457246868858
2022-05-20,107.59100341796876,143.1177138141809,29.508862255019885,1165.0512871886729,34.13284762788878,20.91806485404226,0.21199457246868858
2022-05-23,107.55699920654295,143.27304373076817,29.508862255019885,1165.0512871886729,34.13284762788878,20.91806485404226,0.21199457246868858
2022-05-24,104.0999984741211,143.36502486290092,29.508862255019885,1165.0512871886729,34.13284762788878,20.91806485404226,0.21199457246868858
2022-05-25,106.7750015258789,143.39876052804124,29.508862255019885,1165.0512871886729,34.13284762788878,20.91806485404226,0.21199457246868858
2022-05-26,111.07749938964844,143.4719204847146,29.508862255019885,1165.0512871886729,34.13284762788878,20.91806485404226,0.21199457246868858
2022-05-27,115.14649963378906,143.494734805804,29.508862255019885,1165.0512871886729,34.13284762788878,20.91806485404226,0.21199457246868858
2022-05-31,120.20950317382812,143.81975612151243,29.508862255019885,1165.0512871886729,34.13284762788878,20.91806485404226,0.21199457246868858
2022-06-01,121.68399810791016,143.865291246657,29.508862255019885,1165.0512871886729,34.13284762788878,20.91806485404226,0.21199457246868858
2022-06-02,125.51100158691406,143.94665880432808,29.508862255019885,1165.0512871886729,34.13284762788878,20.91806485404226,0.21199457246868858
2022-06-03,122.3499984741211,143.97398448318287,29.508862255019885,1165.0512871886729,34.13284762788878,20.91806485404226,0.21199457246868858
2022-06-06,124.79000091552734,144.1836486292267,29.508862255019885,1165.0512871886729,34.13284762788878,20.91806485404226,0.21199457246868858
2022-06-07,123.0,144.2814860002197,29.508862255019885,1165.0512871886729,34.13284762788878,20.91806485404226,0.21199457246868858
2022-06-08,121.18000030517578,144.3149284687238,29.508862255019885,1165.0512871886729,34.13284762788878,20.91806485404226,0.21199457246868858
2022-06-09,116.1500015258789,144.3818839717559,29.508862255019885,1165.0512871886729,34.13284762788878,20.91806485404226,0.21199457246868858
2022-06-10,109.6500015258789,144.39298013108103,29.508862255019885,1165.0512871886729,34.13284762788878,20.91806485404226,0.21199457246868858
2022-06-13,103.66999816894533,144.54869446227545,29.508862255019885,1165.0512871886729,34.13284762788878,20.91806485404226,0.21199457246868858
2022-06-14,102.30999755859376,144.62877665408044,29.508862255019885,1165.0512871886729,34.13284762788878,20.91806485404226,0.21199457246868858
2022-06-15,107.66999816894533,144.6455633098725,29.508862255019885,1165.0512871886729,34.13284762788878,20.91806485404226,0.21199457246868858
2022-06-16,103.66000366210938,144.69751681091756,29.508862255019885,1165.0512871886729,34.13284762788878,20.91806485404226,0.21199457246868858
2022-06-17,106.22000122070312,144.69577358668042,29.508862255019885,1165.0512871886729,34.13284762788878,20.91806485404226,0.21199457246868858
2022-06-21,108.68000030517578,144.90970171307558,29.508862255019885,1165.0512871886729,34.13284762788878,20.91806485404226,0.21199457246868858
2022-06-22,108.9499969482422,144.92964036391945,29.508862255019885,1165.0512871886729,34.13284762788878,20.91806485404226,0.21199457246868858
2022-06-23,112.44000244140624,144.98836673669643,29.508862255019885,1165.0512871886729,34.13284762788878,20.91806485404226,0.21199457246868858
2022-06-24,116.45999908447266,144.99693236162062,29.508862255019885,1165.0512871886729,34.13284762788878,20.91806485404226,0.21199457246868858
2022-06-27,113.22000122070312,145.18110166855297,29.508862255019885,1165.0512871886729,34.13284762788878,20.91806485404226,0.21199457246868858
2022-06-28,107.4000015258789,145.28247485191616,29.508862255019885,1165.0512871886729,34.13284762788878,20.91806485404226,0.21199457246868858
2022-06-29,108.91999816894533,145.32594025798554,29.508862255019885,1165.0512871886729,34.13284762788878,20.91806485404226,0.21199457246868858
2022-06-30,106.20999908447266,145.40941877160938,29.508862255019885,1165.0512871886729,34.13284762788878,20.91806485404226,0.21199457246868858
2022-07-01,109.55999755859376,145.4433671853866,29.508862255019885,1165.0512871886729,34.13284762788878,20.91806485404226,0.21199457246868858
2022-07-05,113.5,145.82432081071258,29.508862255019885,1165.0512871886729,34.13284762788878,20.91806485404226,0.21199457246868858
2022-07-06,114.33000183105467,145.88708432027784,29.508862255019885,1165.0512871886729,34.13284762788878,20.91806485404226,0.21199457246868858
2022-07-07,116.33000183105467,145.9869449512259,29.508862255019885,1165.0512871886729,34.13284762788878,20.91806485404226,0.21199457246868858
2022-07-08,115.54000091552734,146.03390807037252,29.508862255019885,1165.0512871886729,34.13284762788878,20.91806485404226,0.21199457246868858
2022-07-11,111.75,146.3072579577538,29.508862255019885,1165.0512871886729,34.13284762788878,20.91806485404226,0.21199457246868858
2022-07-12,109.22000122070312,146.42693971577793,29.508862255019885,1165.0512871886729,34.13284762788878,20.91806485404226,0.21199457246868858
2022-07-13,110.4000015258789,146.48192400486744,29.508862255019885,1165.0512871886729,34.13284762788878,20.91806485404226,0.21199457246868858
2022-07-14,110.62999725341795,146.56969212492626,29.508862255019885,1165.0512871886729,34.13284762788878,20.91806485404226,0.21199457246868858
2022-07-15,113.5500030517578,146.60041586234794,29.508862255019885,1165.0512871886729,34.13284762788878,20.91806485404226,0.21199457246868858
2022-07-18,113.76000213623048,146.80310324692672,29.508862255019885,1165.0512871886729,34.13284762788878,20.91806485404226,0.21199457246868858
2022-07-19,118.20999908447266,146.8932641460878,29.508862255019885,1165.0512871886729,34.13284762788878,20.91806485404226,0.21199457246868858
2022-07-20,122.7699966430664,146.91656782274885,29.508862255019885,1165.0512871886729,34.13284762788878,20.91806485404226,0.21199457246868858
2022-07-21,124.62999725341795,146.97105497290573,29.508862255019885,1165.0512871886729,34.13284762788878,20.91806485404226,0.21199457246868858
2022-07-22,122.41999816894533,146.96748239303008,29.508862255019885,1165.0512871886729,34.13284762788878,20.91806485404226,0.21199457246868858
2022-07-25,121.13999938964844,147.06714416104552,29.508862255019885,1165.0512871886729,34.13284762788878,20.91806485404226,0.21199457246868858
2022-07-26,114.80999755859376,147.1248469913796,29.508862255019885,1165.0512871886729,34.13284762788878,20.91806485404226,0.21199457246868858
2022-07-27,120.97000122070312,147.11752878020417,29.508862255019885,1165.0512871886729,34.13284762788878,20.91806485404226,0.21199457246868858
2022-07-28,122.27999877929688,147.14370183180765,29.508862255019885,1165.0512871886729,34.13284762788878,20.91806485404226,0.21199457246868858
2022-07-29,134.9499969482422,147.11453853742427,29.508862255019885,1165.0512871886729,34.13284762788878,20.91806485404226,0.21199457246868858
2022-08-01,135.38999938964844,147.15694919974266,29.508862255019885,1165.0512871886729,34.13284762788878,20.91806485404226,0.21199457246868858
2022-08-02,134.16000366210938,147.20278192720724,29.508862255019885,1165.0512871886729,34.13284762788878,20.91806485404226,0.21199457246868858
2022-08-03,139.52000427246094,147.1873709942463,29.508862255019885,1165.0512871886729,34.13284762788878,20.91806485404226,0.21199457246868858
2022-08-04,142.57000732421875,147.2092228431092,29.508862255019885,1165.0512871886729,34.13284762788878,20.91806485404226,0.21199457246868858
2022-08-05,140.8000030517578,147.1794358962476,29.508862255019885,1165.0512871886729,34.13284762788878,20.91806485404226,0.21199457246868858
2022-08-08,139.41000366210938,147.24050994519797,29.508862255019885,1165.0512871886729,34.13284762788878,20.91806485404226,0.21199457246868858
2022-08-09,137.8300018310547,147.29860168478362,29.508862255019885,1165.0512871886729,34.13284762788878,20.91806485404226,0.21199457246868858
2022-08-10,142.69000244140625,147.2979643664067,29.508862255019885,1165.0512871886729,34.13284762788878,20.91806485404226,0.21199457246868858
2022-08-11,140.63999938964844,147.33675913025988,29.508862255019885,1165.0512871886729,34.13284762788878,20.91806485404226,0.21199457246868858
2022-08-12,143.5500030517578,147.32572284856062,29.508862255019885,1165.0512871886729,34.13284762788878,20.91806485404226,0.21199457246868858
2022-08-15,143.17999267578125,147.45021235716973,29.508862255019885,1165.0512871886729,34.13284762788878,20.91806485404226,0.21199457246868858
2022-08-16,144.77999877929688,147.5306339150705,29.508862255019885,1165.0512871886729,34.13284762788878,20.91806485404226,0.21199457246868858
2022-08-17,142.10000610351562,147.55236271259696,29.508862255019885,1165.0512871886729,34.13284762788878,20.91806485404226,0.21199457246868858
2022-08-18,142.3000030517578,147.61325893486236,29.508862255019885,1165.0512871886729,34.13284762788878,20.91806485404226,0.21199457246868858
2022-08-19,138.22999572753906,147.6237871986274,29.508862255019885,1165.0512871886729,34.13284762788878,20.91806485404226,0.21199457246868858
2022-08-22,133.22000122070312,147.807501779825,29.508862255019885,1165.0512871886729,34.13284762788878,20.91806485404226,0.21199457246868858
2022-08-23,133.6199951171875,147.90525656540595,29.508862255019885,1165.0512871886729,34.13284762788878,20.91806485404226,0.21199457246868858
2022-08-24,133.8000030517578,147.9429011280503,29.508862255019885,1165.0512871886729,34.13284762788878,20.91806485404226,0.21199457246868858
2022-08-25,137.27999877929688,148.01821180129127,29.508862255019885,1165.0512871886729,34.13284762788878,20.91806485404226,0.21199457246868858
2022-08-26,130.75,148.04159504680607,29.508862255019885,1165.0512871886729,34.13284762788878,20.91806485404226,0.21199457246868858
2022-08-29,129.7899932861328,148.25425137758083,29.508862255019885,1165.0512871886729,34.13284762788878,20.91806485404226,0.21199457246868858
2022-08-30,128.72999572753906,148.35843701757295,29.508862255019885,1165.0512871886729,34.13284762788878,20.91806485404226,0.21199457246868858
2022-08-31,126.7699966430664,148.40092773862395,29.508862255019885,1165.0512871886729,34.13284762788878,20.91806485404226,0.21199457246868858
2022-09-01,127.81999969482422,148.4795240158711,29.508862255019885,1165.0512871886729,34.13284762788878,20.91806485404226,0.21199457246868858
2022-09-02,127.51000213623048,148.5046594677426,29.508862255019885,1165.0512871886729,34.13284762788878,20.91806485404226,0.21199457246868858
2022-09-06,126.11000061035156,148.81373554163463,29.508862255019885,1165.0512871886729,34.13284762788878,20.91806485404226,0.21199457246868858
2022-09-07,129.47999572753906,148.85072603456592,29.508862255019885,1165.0512871886729,34.13284762788878,20.91806485404226,0.21199457246868858
2022-09-08,129.82000732421875,148.92245237469328,29.508862255019885,1165.0512871886729,34.13284762788878,20.91806485404226,0.21199457246868858
2022-09-09,133.27000427246094,148.93937829552692,29.508862255019885,1165.0512871886729,34.13284762788878,20.91806485404226,0.21199457246868858
2022-09-12,136.4499969482422,149.1160937731073,29.508862255019885,1165.0512871886729,34.13284762788878,20.91806485404226,0.21199457246868858
2022-09-13,126.81999969482422,149.20304220626784,29.508862255019885,1165.0512871886729,34.13284762788878,20.91806485404226,0.21199457246868858
2022-09-14,128.5500030517578,149.22583027462082,29.508862255019885,1165.0512871886729,34.13284762788878,20.91806485404226,0.21199457246868858
2022-09-15,126.27999877929688,149.28238056260514,29.508862255019885,1165.0512871886729,34.13284762788878,20.91806485404226,0.21199457246868858
2022-09-16,123.52999877929688,149.28326952383227,29.508862255019885,1165.0512871886729,34.13284762788878,20.91806485404226,0.21199457246868858
2022-09-19,124.66000366210938,149.40812189071056,29.508862255019885,1165.0512871886729,34.13284762788878,20.91806485404226,0.21199457246868858
2022-09-20,122.19000244140624,149.47709735870902,29.508862255019885,1165.0512871886729,34.13284762788878,20.91806485404226,0.21199457246868858
2022-09-21,118.54000091552734,149.48189576803702,29.508862255019885,1165.0512871886729,34.13284762788878,20.91806485404226,0.21199457246868858
2022-09-22,117.30999755859376,149.52065657969626,29.508862255019885,1165.0512871886729,34.13284762788878,20.91806485404226,0.21199457246868858
2022-09-23,113.77999877929688,149.50418284464615,29.508862255019885,1165.0512871886729,34.13284762788878,20.91806485404226,0.21199457246868858
2022-09-26,115.1500015258789,149.58182912966996,29.508862255019885,1165.0512871886729,34.13284762788878,20.91806485404226,0.21199457246868858
2022-09-27,114.41000366210938,149.63745402414875,29.508862255019885,1165.0512871886729,34.13284762788878,20.91806485404226,0.21199457246868858
2022-09-28,118.01000213623048,149.6304459617991,29.508862255019885,1165.0512871886729,34.13284762788878,20.91806485404226,0.21199457246868858
2022-09-29,114.8000030517578,149.6591276087971,29.508862255019885,1165.0512871886729,34.13284762788878,20.91806485404226,0.21199457246868858
2022-09-30,113.0,149.63445916079525,29.508862255019885,1165.0512871886729,34.13284762788878,20.91806485404226,0.21199457246868858
2022-10-03,115.87999725341795,149.69990999781052,29.508862255019885,1165.0512871886729,34.13284762788878,20.91806485404226,0.21199457246868858
2022-10-04,121.08999633789062,149.75577024372956,29.508862255019885,1165.0512871886729,34.13284762788878,20.91806485404226,0.21199457246868858
2022-10-05,120.9499969482422,149.7511291448106,29.508862255019885,1165.0512871886729,34.13284762788878,20.91806485404226,0.21199457246868858
2022-10-06,120.3000030517578,149.7842330313777,29.508862255019885,1165.0512871886729,34.13284762788878,20.91806485404226,0.21199457246868858
2022-10-07,114.55999755859376,149.76592264697757,29.508862255019885,1165.0512871886729,34.13284762788878,20.91806485404226,0.21199457246868858
2022-10-10,113.66999816894533,149.86026769363863,29.508862255019885,1165.0512871886729,34.13284762788878,20.91806485404226,0.21199457246868858
2022-10-11,112.20999908447266,149.92826049500877,29.508862255019885,1165.0512871886729,34.13284762788878,20.91806485404226,0.21199457246868858
2022-10-12,112.9000015258789,149.93654758397938,29.508862255019885,1165.0512871886729,34.13284762788878,20.91806485404226,0.21199457246868858
2022-10-13,112.52999877929688,149.98307442122376,29.508862255019885,1165.0512871886729,34.13284762788878,20.91806485404226,0.21199457246868858
2022-10-14,106.9000015258789,149.97837254005785,29.508862255019885,1165.0512871886729,34.13284762788878,20.91806485404226,0.21199457246868858
2022-10-17,113.79000091552734,150.11160718209862,29.508862255019885,1165.0512871886729,34.13284762788878,20.91806485404226,0.21199457246868858
2022-10-18,116.36000061035156,150.19097224067323,29.508862255019885,1165.0512871886729,34.13284762788878,20.91806485404226,0.21199457246868858
2022-10-19,115.06999969482422,150.20942576197814,29.508862255019885,1165.0512871886729,34.13284762788878,20.91806485404226,0.21199457246868858
2022-10-20,115.25,150.26471918362554,29.508862255019885,1165.0512871886729,34.13284762788878,20.91806485404226,0.21199457246868858
2022-10-21,119.31999969482422,150.2672330664645,29.508862255019885,1165.0512871886729,34.13284762788878,20.91806485404226,0.21199457246868858
2022-10-24,119.81999969482422,150.41203054738307,29.508862255019885,1165.0512871886729,34.13284762788878,20.91806485404226,0.21199457246868858
2022-10-25,120.5999984741211,150.4918874665143,29.508862255019885,1165.0512871886729,34.13284762788878,20.91806485404226,0.21199457246868858
2022-10-26,115.66000366210938,150.50928152709224,29.508862255019885,1165.0512871886729,34.13284762788878,20.91806485404226,0.21199457246868858
2022-10-27,110.95999908447266,150.5621166073547,29.508862255019885,1165.0512871886729,34.13284762788878,20.91806485404226,0.21199457246868858
2022-10-28,103.41000366210938,150.56097012291673,29.508862255019885,1165.0512871886729,34.13284762788878,20.91806485404226,0.21199457246868858
2022-10-31,102.44000244140624,150.6900826556947,29.508862255019885,1165.0512871886729,34.13284762788878,20.91806485404226,0.21199457246868858
2022-11-01,96.79000091552734,150.76410666348127,29.508862255019885,1165.0512871886729,34.13284762788878,20.91806485404226,0.21199457246868858
2022-11-02,92.12000274658205,150.77588044147612,29.508862255019885,1165.0512871886729,34.13284762788878,20.91806485404226,0.21199457246868858
2022-11-03,89.30000305175781,150.82361698748113,29.508862255019885,1165.0512871886729,34.13284762788878,20.91806485404226,0.21199457246868858
2022-11-04,90.9800033569336,150.81818935414356,29.508862255019885,1165.0512871886729,34.13284762788878,20.91806485404226,0.21199457246868858
2022-11-07,90.52999877929688,150.94192099919937,29.508862255019885,1165.0512871886729,34.13284762788878,20.91806485404226,0.21199457246868858
2022-11-08,89.9800033569336,151.01729987688168,29.508862255019885,1165.0512871886729,34.13284762788878,20.91806485404226,0.21199457246868858
2022-11-09,86.13999938964844,151.03221252278612,29.508862255019885,1165.0512871886729,34.13284762788878,20.91806485404226,0.21199457246868858
2022-11-10,96.62999725341795,151.08491405201843,29.508862255019885,1165.0512871886729,34.13284762788878,20.91806485404226,0.21199457246868858
2022-11-11,100.79000091552734,151.086259154034,29.508862255019885,1165.0512871886729,34.13284762788878,20.91806485404226,0.21199457246868858
2022-11-14,98.48999786376952,151.24005529299973,29.508862255019885,1165.0512871886729,34.13284762788878,20.91806485404226,0.21199457246868858
2022-11-15,98.94000244140624,151.32804591186903,29.508862255019885,1165.0512871886729,34.13284762788878,20.91806485404226,0.21199457246868858
2022-11-16,97.12000274658205,151.3564054308677,29.508862255019885,1165.0512871886729,34.13284762788878,20.91806485404226,0.21199457246868858
2022-11-17,94.8499984741211,151.42304826884853,29.508862255019885,1165.0512871886729,34.13284762788878,20.91806485404226,0.21199457246868858
2022-11-18,94.13999938964844,151.43845716593813,29.508862255019885,1165.0512871886729,34.13284762788878,20.91806485404226,0.21199457246868858
2022-11-21,92.45999908447266,151.6312085484617,29.508862255019885,1165.0512871886729,34.13284762788878,20.91806485404226,0.21199457246868858
2022-11-22,93.1999969482422,151.72977679068617,29.508862255019885,1165.0512871886729,34.13284762788878,20.91806485404226,0.21199457246868858
2022-11-23,94.12999725341795,151.76688402754306,29.508862255019885,1165.0512871886729,34.13284762788878,20.91806485404226,0.21199457246868858
2022-11-25,93.41000366210938,151.85967282047193,29.508862255019885,1165.0512871886729,34.13284762788878,20.91806485404226,0.21199457246868858
2022-11-28,93.9499969482422,152.04827955759035,29.508862255019885,1165.0512871886729,34.13284762788878,20.91806485404226,0.21199457246868858
2022-11-29,92.41999816894533,152.1396322759006,29.508862255019885,1165.0512871886729,34.13284762788878,20.91806485404226,0.21199457246868858
2022-11-30,96.54000091552734,152.166642388409,29.508862255019885,1165.0512871886729,34.13284762788878,20.91806485404226,0.21199457246868858
2022-12-01,95.5,152.2270335357643,29.508862255019885,1165.0512871886729,34.13284762788878,20.91806485404226,0.21199457246868858
2022-12-02,94.12999725341795,152.23122065775178,29.508862255019885,1165.0512871886729,34.13284762788878,20.91806485404226,0.21199457246868858
2022-12-05,91.01000213623048,152.36174992460494,29.508862255019885,1165.0512871886729,34.13284762788878,20.91806485404226,0.21199457246868858
2022-12-06,88.25,152.43112698898062,29.508862255019885,1165.0512871886729,34.13284762788878,20.91806485404226,0.21199457246868858
2022-12-07,88.45999908447266,152.43565912362251,29.508862255019885,1165.0512871886729,34.13284762788878,20.91806485404226,0.21199457246868858
2022-12-08,90.3499984741211,152.47360146372887,29.508862255019885,1165.0512871886729,34.13284762788878,20.91806485404226,0.21199457246868858
2022-12-09,89.08999633789062,152.45591449598717,29.508862255019885,1165.0512871886729,34.13284762788878,20.91806485404226,0.21199457246868858
2022-12-12,90.5500030517578,152.52964684180495,29.508862255019885,1165.0512871886729,34.13284762788878,20.91806485404226,0.21199457246868858
2022-12-13,92.48999786376952,152.58470302608515,29.508862255019885,1165.0512871886729,34.13284762788878,20.91806485404226,0.21199457246868858
2022-12-14,91.58000183105467,152.57794733907966,29.508862255019885,1165.0512871886729,34.13284762788878,20.91806485404226,0.21199457246868858
2022-12-15,88.44999694824219,152.60798175408192,29.508862255019885,1165.0512871886729,34.13284762788878,20.91806485404226,0.21199457246868858
2022-12-16,87.86000061035156,152.58603969160066,29.508862255019885,1165.0512871886729,34.13284762788878,20.91806485404226,0.21199457246868858
2022-12-19,84.91999816894531,152.6703945590978,29.508862255019885,1165.0512871886729,34.13284762788878,20.91806485404226,0.21199457246868858
2022-12-20,85.19000244140625,152.73682819037745,29.508862255019885,1165.0512871886729,34.13284762788878,20.91806485404226,0.21199457246868858
2022-12-21,86.7699966430664,152.7451594501451,29.508862255019885,1165.0512871886729,34.13284762788878,20.91806485404226,0.21199457246868858
2022-12-22,83.79000091552734,152.79373155535143,29.508862255019885,1165.0512871886729,34.13284762788878,20.91806485404226,0.21199457246868858
2022-12-23,85.25,152.79343719902326,29.508862255019885,1165.0512871886729,34.13284762788878,20.91806485404226,0.21199457246868858
2022-12-27,83.04000091552734,153.05272932315842,29.508862255019885,1165.0512871886729,34.13284762788878,20.91806485404226,0.21199457246868858
2022-12-28,81.81999969482422,153.090934780189,29.508862255019885,1165.0512871886729,34.13284762788878,20.91806485404226,0.21199457246868858
2022-12-29,84.18000030517578,153.16929007970444,29.508862255019885,1165.0512871886729,34.13284762788878,20.91806485404226,0.21199457246868858
2022-12-30,84.0,153.19808432006155,29.508862255019885,1165.0512871886729,34.13284762788878,20.91806485404226,0.21199457246868858
2023-01-03,85.81999969482422,153.55567589878595,29.508862255019885,1165.0512871886729,34.13284762788878,20.91806485404226,0.21199457246868858
2023-01-04,85.13999938964844,153.6115935844394,29.508862255019885,1165.0512871886729,34.13284762788878,20.91806485404226,0.21199457246868858
2023-01-05,83.12000274658203,153.7042118027954,29.508862255019885,1165.0512871886729,34.13284762788878,20.91806485404226,0.21199457246868858
2023-01-06,86.08000183105469,153.74360980385117,29.508862255019885,1165.0512871886729,34.13284762788878,20.91806485404226,0.21199457246868858
2023-01-09,87.36000061035156,153.99366805084688,29.508862255019885,1165.0512871886729,34.13284762788878,20.91806485404226,0.21199457246868858
2023-01-10,89.87000274658203,154.106018622297,29.508862255019885,1165.0512871886729,34.13284762788878,20.91806485404226,0.21199457246868858
2023-01-11,95.08999633789062,154.15428369920144,29.508862255019885,1165.0512871886729,34.13284762788878,20.91806485404226,0.21199457246868858
2023-01-12,95.2699966430664,154.23621980109485,29.508862255019885,1165.0512871886729,34.13284762788878,20.91806485404226,0.21199457246868858
2023-01-13,98.12000274658205,154.26229092583432,29.508862255019885,1165.0512871886729,34.13284762788878,20.91806485404226,0.21199457246868858
2023-01-17,96.0500030517578,154.55437129603595,29.508862255019885,1165.0512871886729,34.13284762788878,20.91806485404226,0.21199457246868858
2023-01-18,95.45999908447266,154.58340205364055,29.508862255019885,1165.0512871886729,34.13284762788878,20.91806485404226,0.21199457246868858
2023-01-19,93.68000030517578,154.6465030111028,29.508862255019885,1165.0512871886729,34.13284762788878,20.91806485404226,0.21199457246868858
2023-01-20,97.25,154.65463756881053,29.508862255019885,1165.0512871886729,34.13284762788878,20.91806485404226,0.21199457246868858
2023-01-23,97.5199966430664,154.80939344489536,29.508862255019885,1165.0512871886729,34.13284762788878,20.91806485404226,0.21199457246868858
2023-01-24,96.31999969482422,154.89233407494055,29.508862255019885,1165.0512871886729,34.13284762788878,20.91806485404226,0.21199457246868858
2023-01-25,97.18000030517578,154.91365584587268,29.508862255019885,1165.0512871886729,34.13284762788878,20.91806485404226,0.21199457246868858
2023-01-26,99.22000122070312,154.97175950016947,29.508862255019885,1165.0512871886729,34.13284762788878,20.91806485404226,0.21199457246868858
2023-01-27,102.23999786376952,154.97764366427094,29.508862255019885,1165.0512871886729,34.13284762788878,20.91806485404226,0.21199457246868858
2023-01-30,100.5500030517578,155.14124729678804,29.508862255019885,1165.0512871886729,34.13284762788878,20.91806485404226,0.21199457246868858
2023-01-31,103.12999725341795,155.23165855879938,29.508862255019885,1165.0512871886729,34.13284762788878,20.91806485404226,0.21199457246868858
2023-02-01,105.1500015258789,155.26220396770233,29.508862255019885,1165.0512871886729,34.13284762788878,20.91806485404226,0.21199457246868858
2023-02-02,112.91000366210938,155.33089773843838,29.508862255019885,1165.0512871886729,34.13284762788878,20.91806485404226,0.21199457246868858
2023-02-03,103.38999938964844,155.34831294162205,29.508862255019885,1165.0512871886729,34.13284762788878,20.91806485404226,0.21199457246868858
2023-02-06,102.18000030517578,155.54758225466009,29.508862255019885,1165.0512871886729,34.13284762788878,20.91806485404226,0.21199457246868858
2023-02-07,102.11000061035156,155.64870265951242,29.508862255019885,1165.0512871886729,34.13284762788878,20.91806485404226,0.21199457246868858
2023-02-08,100.0500030517578,155.6886389963675,29.508862255019885,1165.0512871886729,34.13284762788878,20.91806485404226,0.21199457246868858
2023-02-09,98.23999786376952,155.76501859349463,29.508862255019885,1165.0512871886729,34.13284762788878,20.91806485404226,0.21199457246868858
2023-02-10,97.61000061035156,155.78807675924483,29.508862255019885,1165.0512871886729,34.13284762788878,20.91806485404226,0.21199457246868858
2023-02-13,99.54000091552734,155.9895606625393,29.508862255019885,1165.0512871886729,34.13284762788878,20.91806485404226,0.21199457246868858
2023-02-14,99.6999969482422,156.0860464722686,29.508862255019885,1165.0512871886729,34.13284762788878,20.91806485404226,0.21199457246868858
2023-02-15,101.16000366210938,156.11861595431054,29.508862255019885,1165.0512871886729,34.13284762788878,20.91806485404226,0.21199457246868858
2023-02-16,98.1500015258789,156.18498343668918,29.508862255019885,1165.0512871886729,34.13284762788878,20.91806485404226,0.21199457246868858
2023-02-17,97.1999969482422,156.19554467641308,29.508862255019885,1165.0512871886729,34.13284762788878,20.91806485404226,0.21199457246868858
2023-02-21,94.58000183105467,156.42413975329967,29.508862255019885,1165.0512871886729,34.13284762788878,20.91806485404226,0.21199457246868858
2023-02-22,95.79000091552734,156.43633265988086,29.508862255019885,1165.0512871886729,34.13284762788878,20.91806485404226,0.21199457246868858
2023-02-23,95.81999969482422,156.48195863753304,29.508862255019885,1165.0512871886729,34.13284762788878,20.91806485404226,0.21199457246868858
2023-02-24,93.5,156.4718669440442,29.508862255019885,1165.0512871886729,34.13284762788878,20.91806485404226,0.21199457246868858
2023-02-27,93.76000213623048,156.566545094383,29.508862255019885,1165.0512871886729,34.13284762788878,20.91806485404226,0.21199457246868858
2023-02-28,94.2300033569336,156.62747751214104,29.508862255019885,1165.0512871886729,34.13284762788878,20.91806485404226,0.21199457246868858
2023-03-01,92.16999816894533,156.62577871461934,29.508862255019885,1165.0512871886729,34.13284762788878,20.91806485404226,0.21199457246868858
2023-03-02,92.12999725341795,156.65988463003936,29.508862255019885,1165.0512871886729,34.13284762788878,20.91806485404226,0.21199457246868858
2023-03-03,94.9000015258789,156.6408634966335,29.508862255019885,1165.0512871886729,34.13284762788878,20.91806485404226,0.21199457246868858
2023-03-06,93.75,156.72552769117635,29.508862255019885,1165.0512871886729,34.13284762788878,20.91806485404226,0.21199457246868858
2023-03-07,93.5500030517578,156.78879606048014,29.508862255019885,1165.0512871886729,34.13284762788878,20.91806485404226,0.21199457246868858
2023-03-08,93.91999816894533,156.79215237932817,29.508862255019885,1165.0512871886729,34.13284762788878,20.91806485404226,0.21199457246868858
2023-03-09,92.25,156.83387438060151,29.508862255019885,1165.0512871886729,34.13284762788878,20.91806485404226,0.21199457246868858
2023-03-10,90.7300033569336,156.8248220497168,29.508862255019885,1165.0512871886729,34.13284762788878,20.91806485404226,0.21199457246868858
2023-03-13,92.43000030517578,156.95084469231182,29.508862255019885,1165.0512871886729,34.13284762788878,20.91806485404226,0.21199457246868858
2023-03-14,94.87999725341795,157.0306990247327,29.508862255019885,1165.0512871886729,34.13284762788878,20.91806485404226,0.21199457246868858
2023-03-15,96.1999969482422,157.05150219538436,29.508862255019885,1165.0512871886729,34.13284762788878,20.91806485404226,0.21199457246868858
2023-03-16,100.04000091552734,157.1112112705193,29.508862255019885,1165.0512871886729,34.13284762788878,20.91806485404226,0.21199457246868858
2023-03-17,98.9499969482422,157.12038071851862,29.508862255019885,1165.0512871886729,34.13284762788878,20.91806485404226,0.21199457246868858
2023-03-20,97.70999908447266,157.29982134337396,29.508862255019885,1165.0512871886729,34.13284762788878,20.91806485404226,0.21199457246868858
2023-03-21,100.61000061035156,157.39636034021123,29.508862255019885,1165.0512871886729,34.13284762788878,20.91806485404226,0.21199457246868858
2023-03-22,98.6999969482422,157.43304113751876,29.508862255019885,1165.0512871886729,34.13284762788878,20.91806485404226,0.21199457246868858
2023-03-23,98.70999908447266,157.50774228786455,29.508862255019885,1165.0512871886729,34.13284762788878,20.91806485404226,0.21199457246868858
2023-03-24,98.12999725341795,157.5309864502859,29.508862255019885,1165.0512871886729,34.13284762788878,20.91806485404226,0.21199457246868858
2023-03-27,98.04000091552734,157.74747860890452,29.508862255019885,1165.0512871886729,34.13284762788878,20.91806485404226,0.21199457246868858
2023-03-28,97.23999786376952,157.85493979560692,29.508862255019885,1165.0512871886729,34.13284762788878,20.91806485404226,0.21199457246868858
2023-03-29,100.25,157.9020475422443,29.508862255019885,1165.0512871886729,34.13284762788878,20.91806485404226,0.21199457246868858
2023-03-30,102.0,157.98683844189586,29.508862255019885,1165.0512871886729,34.13284762788878,20.91806485404226,0.21199457246868858
2023-03-31,103.29000091552734,158.01999909482865,29.508862255019885,1165.0512871886729,34.13284762788878,20.91806485404226,0.21199457246868858
2023-04-03,102.41000366210938,158.26674264286925,29.508862255019885,1165.0512871886729,34.13284762788878,20.91806485404226,0.21199457246868858
2023-04-04,103.9499969482422,158.38487629625536,29.508862255019885,1165.0512871886729,34.13284762788878,20.91806485404226,0.21199457246868858
2023-04-05,101.0999984741211,158.443088350434,29.508862255019885,1165.0512871886729,34.13284762788878,20.91806485404226,0.21199457246868858
2023-04-06,102.05999755859376,158.53944059234865,29.508862255019885,1165.0512871886729,34.13284762788878,20.91806485404226,0.21199457246868858
2023-04-10,102.16999816894533,158.8690560057374,29.508862255019885,1165.0512871886729,34.13284762788878,20.91806485404226,0.21199457246868858
2023-04-11,99.91999816894533,158.9997933141972,29.508862255019885,1165.0512871886729,34.13284762788878,20.91806485404226,0.21199457246868858
2023-04-12,97.83000183105467,159.0702470770688,29.508862255019885,1165.0512871886729,34.13284762788878,20.91806485404226,0.21199457246868858
2023-04-13,102.4000015258789,159.17819702723685,29.508862255019885,1165.0512871886729,34.13284762788878,20.91806485404226,0.21199457246868858
2023-04-14,102.51000213623048,159.23400124085828,29.508862255019885,1165.0512871886729,34.13284762788878,20.91806485404226,0.21199457246868858
2023-04-17,102.73999786376952,159.54136953974233,29.508862255019885,1165.0512871886729,34.13284762788878,20.91806485404226,0.21199457246868858
2023-04-18,102.3000030517578,159.67563574533034,29.508862255019885,1165.0512871886729,34.13284762788878,20.91806485404226,0.21199457246868858
2023-04-19,104.3000030517578,159.74705125467352,29.508862255019885,1165.0512871886729,34.13284762788878,20.91806485404226,0.21199457246868858
2023-04-20,103.80999755859376,159.8531335334682,29.508862255019885,1165.0512871886729,34.13284762788878,20.91806485404226,0.21199457246868858
2023-04-21,106.95999908447266,159.90402314555067,29.508862255019885,1165.0512871886729,34.13284762788878,20.91806485404226,0.21199457246868858
2023-04-24,106.20999908447266,160.17704722205838,29.508862255019885,1165.0512871886729,34.13284762788878,20.91806485404226,0.21199457246868858
2023-04-25,102.56999969482422,160.29322653972028,29.508862255019885,1165.0512871886729,34.13284762788878,20.91806485404226,0.21199457246868858
2023-04-26,104.9800033569336,160.34336677343225,29.508862255019885,1165.0512871886729,34.13284762788878,20.91806485404226,0.21199457246868858
2023-04-27,109.81999969482422,160.42517875629034,29.508862255019885,1165.0512871886729,34.13284762788878,20.91806485404226,0.21199457246868858
2023-04-28,105.4499969482422,160.44907207046293,29.508862255019885,1165.0512871886729,34.13284762788878,20.91806485404226,0.21199457246868858
2023-05-01,102.0500030517578,160.62848890790582,29.508862255019885,1165.0512871886729,34.13284762788878,20.91806485404226,0.21199457246868858
2023-05-02,103.62999725341795,160.71080668118546,29.508862255019885,1165.0512871886729,34.13284762788878,20.91806485404226,0.21199457246868858
2023-05-03,103.6500015258789,160.72664722925865,29.508862255019885,1165.0512871886729,34.13284762788878,20.91806485404226,0.21199457246868858
2023-05-04,104.0,160.77430307239538,29.508862255019885,1165.0512871886729,34.13284762788878,20.91806485404226,0.21199457246868858
2023-05-05,105.66000366210938,160.7647785171521,29.508862255019885,1165.0512871886729,34.13284762788878,20.91806485404226,0.21199457246868858
2023-05-08,105.83000183105467,160.85421801379093,29.508862255019885,1165.0512871886729,34.13284762788878,20.91806485404226,0.21199457246868858
2023-05-09,106.62000274658205,160.9117846122912,29.508862255019885,1165.0512871886729,34.13284762788878,20.91806485404226,0.21199457246868858
2023-05-10,110.19000244140624,160.90628820520993,29.508862255019885,1165.0512871886729,34.13284762788878,20.91806485404226,0.21199457246868858
2023-05-11,112.18000030517578,160.9364026778421,29.508862255019885,1165.0512871886729,34.13284762788878,20.91806485404226,0.21199457246868858
2023-05-12,110.26000213623048,160.91343558282543,29.508862255019885,1165.0512871886729,34.13284762788878,20.91806485404226,0.21199457246868858
2023-05-15,111.1999969482422,160.98884116025374,29.508862255019885,1165.0512871886729,34.13284762788878,20.91806485404226,0.21199457246868858
2023-05-16,113.4000015258789,161.05058449258058,29.508862255019885,1165.0512871886729,34.13284762788878,20.91806485404226,0.21199457246868858
2023-05-17,115.5,161.05349355587916,29.508862255019885,1165.0512871886729,34.13284762788878,20.91806485404226,0.21199457246868858
2023-05-18,118.1500015258789,161.095980587539,29.508862255019885,1165.0512871886729,34.13284762788878,20.91806485404226,0.21199457246868858
2023-05-19,116.25,161.08900357152882,29.508862255019885,1165.0512871886729,34.13284762788878,20.91806485404226,0.21199457246868858
2023-05-22,115.01000213623048,161.22945544027274,29.508862255019885,1165.0512871886729,34.13284762788878,20.91806485404226,0.21199457246868858
2023-05-23,114.98999786376952,161.3167320208101,29.508862255019885,1165.0512871886729,34.13284762788878,20.91806485404226,0.21199457246868858
2023-05-24,116.75,161.34607785189047,29.508862255019885,1165.0512871886729,34.13284762788878,20.91806485404226,0.21199457246868858
2023-05-25,115.0,161.4152624959011,29.508862255019885,1165.0512871886729,34.13284762788878,20.91806485404226,0.21199457246868858
2023-05-26,120.11000061035156,161.43460382944087,29.508862255019885,1165.0512871886729,34.13284762788878,20.91806485404226,0.21199457246868858
2023-05-30,121.66000366210938,161.75198043107355,29.508862255019885,1165.0512871886729,34.13284762788878,20.91806485404226,0.21199457246868858
2023-05-31,120.58000183105467,161.79731965258048,29.508862255019885,1165.0512871886729,34.13284762788878,20.91806485404226,0.21199457246868858
2023-06-01,122.7699966430664,161.8791738245461,29.508862255019885,1165.0512871886729,34.13284762788878,20.91806485404226,0.21199457246868858
2023-06-02,124.25,161.90763440123098,29.508862255019885,1165.0512871886729,34.13284762788878,20.91806485404226,0.21199457246868858
2023-06-05,125.3000030517578,162.123999568735,29.508862255019885,1165.0512871886729,34.13284762788878,20.91806485404226,0.21199457246868858
2023-06-06,126.61000061035156,162.22489990545802,29.508862255019885,1165.0512871886729,34.13284762788878,20.91806485404226,0.21199457246868858
2023-06-07,121.2300033569336,162.2616571193809,29.508862255019885,1165.0512871886729,34.13284762788878,20.91806485404226,0.21199457246868858
2023-06-08,124.25,162.3320700145063,29.508862255019885,1165.0512871886729,34.13284762788878,20.91806485404226,0.21199457246868858
2023-06-09,123.43000030517578,162.3466534996771,29.508862255019885,1165.0512871886729,34.13284762788878,20.91806485404226,0.21199457246868858
2023-06-12,126.56999969482422,162.51189211218332,29.508862255019885,1165.0512871886729,34.13284762788878,20.91806485404226,0.21199457246868858
2023-06-13,126.66000366210938,162.59448818161727,29.508862255019885,1165.0512871886729,34.13284762788878,20.91806485404226,0.21199457246868858
2023-06-14,126.41999816894533,162.61330595536697,29.508862255019885,1165.0512871886729,34.13284762788878,20.91806485404226,0.21199457246868858
2023-06-15,127.11000061035156,162.66673475255638,29.508862255019885,1165.0512871886729,34.13284762788878,20.91806485404226,0.21199457246868858
2023-06-16,125.48999786376952,162.6658530562433,29.508862255019885,1165.0512871886729,34.13284762788878,20.91806485404226,0.21199457246868858
2023-06-20,125.77999877929688,162.8765344029303,29.508862255019885,1165.0512871886729,34.13284762788878,20.91806485404226,0.21199457246868858
2023-06-21,124.83000183105467,162.89400931318846,29.508862255019885,1165.0512871886729,34.13284762788878,20.91806485404226,0.21199457246868858
2023-06-22,130.14999389648438,162.9496832027068,29.508862255019885,1165.0512871886729,34.13284762788878,20.91806485404226,0.21199457246868858
2023-06-23,129.3300018310547,162.9546732692451,29.508862255019885,1165.0512871886729,34.13284762788878,20.91806485404226,0.21199457246868858
2023-06-26,127.33000183105467,163.12584116349302,29.508862255019885,1165.0512871886729,34.13284762788878,20.91806485404226,0.21199457246868858
2023-06-27,129.17999267578125,163.22246366841975,29.508862255019885,1165.0512871886729,34.13284762788878,20.91806485404226,0.21199457246868858
2023-06-28,129.0399932861328,163.2611583911796,29.508862255019885,1165.0512871886729,34.13284762788878,20.91806485404226,0.21199457246868858
2023-06-29,127.9000015258789,163.33996404793444,29.508862255019885,1165.0512871886729,34.13284762788878,20.91806485404226,0.21199457246868858
2023-06-30,130.36000061035156,163.36945437964553,29.508862255019885,1165.0512871886729,34.13284762788878,20.91806485404226,0.21199457246868858
2023-07-03,130.22000122070312,163.61634546561356,29.508862255019885,1165.0512871886729,34.13284762788878,20.91806485404226,0.21199457246868858
2023-07-05,130.3800048828125,163.7977832019701,29.508862255019885,1165.0512871886729,34.13284762788878,20.91806485404226,0.21199457246868858
2023-07-06,128.36000061035156,163.89653786662151,29.508862255019885,1165.0512871886729,34.13284762788878,20.91806485404226,0.21199457246868858
2023-07-07,129.77999877929688,163.94318426171534,29.508862255019885,1165.0512871886729,34.13284762788878,20.91806485404226,0.21199457246868858
2023-07-10,127.12999725341795,164.22046667699334,29.508862255019885,1165.0512871886729,34.13284762788878,20.91806485404226,0.21199457246868858
2023-07-11,128.77999877929688,164.34304739955905,29.508862255019885,1165.0512871886729,34.13284762788878,20.91806485404226,0.21199457246868858
2023-07-12,130.8000030517578,164.4016622018611,29.508862255019885,1165.0512871886729,34.13284762788878,20.91806485404226,0.21199457246868858
2023-07-13,134.3000030517578,164.49373122691873,29.508862255019885,1165.0512871886729,34.13284762788878,20.91806485404226,0.21199457246868858
2023-07-14,134.67999267578125,164.52935137410503,29.508862255019885,1165.0512871886729,34.13284762788878,20.91806485404226,0.21199457246868858
2023-07-17,133.55999755859375,164.74938719713802,29.508862255019885,1165.0512871886729,34.13284762788878,20.91806485404226,0.21199457246868858
2023-07-18,132.8300018310547,164.8458733845696,29.508862255019885,1165.0512871886729,34.13284762788878,20.91806485404226,0.21199457246868858
2023-07-19,135.36000061035156,164.87559042454245,29.508862255019885,1165.0512871886729,34.13284762788878,20.91806485404226,0.21199457246868858
2023-07-20,129.9600067138672,164.9364676222019,29.508862255019885,1165.0512871886729,34.13284762788878,20.91806485404226,0.21199457246868858
2023-07-21,130.0,164.9391528184157,29.508862255019885,1165.0512871886729,34.13284762788878,20.91806485404226,0.21199457246868858
2023-07-24,128.8000030517578,165.0557884297225,29.508862255019885,1165.0512871886729,34.13284762788878,20.91806485404226,0.21199457246868858
2023-07-25,129.1300048828125,165.11825580102496,29.508862255019885,1165.0512871886729,34.13284762788878,20.91806485404226,0.21199457246868858
2023-07-26,128.14999389648438,165.11513518136547,29.508862255019885,1165.0512871886729,34.13284762788878,20.91806485404226,0.21199457246868858
2023-07-27,128.25,165.14488522210976,29.508862255019885,1165.0512871886729,34.13284762788878,20.91806485404226,0.21199457246868858
2023-07-28,132.2100067138672,165.1186380898336,29.508862255019885,1165.0512871886729,34.13284762788878,20.91806485404226,0.21199457246868858
2023-07-31,133.67999267578125,165.16563603170215,29.508862255019885,1165.0512871886729,34.13284762788878,20.91806485404226,0.21199457246868858
2023-08-01,131.69000244140625,165.21161249106106,29.508862255019885,1165.0512871886729,34.13284762788878,20.91806485404226,0.21199457246868858
2023-08-02,128.2100067138672,165.19568483614722,29.508862255019885,1165.0512871886729,34.13284762788878,20.91806485404226,0.21199457246868858
2023-08-03,128.91000366210938,165.21639561214698,29.508862255019885,1165.0512871886729,34.13284762788878,20.91806485404226,0.21199457246868858
2023-08-04,139.57000732421875,165.18488874402433,29.508862255019885,1165.0512871886729,34.13284762788878,20.91806485404226,0.21199457246868858
2023-08-07,142.22000122070312,165.2378940477184,29.508862255019885,1165.0512871886729,34.13284762788878,20.91806485404226,0.21199457246868858
2023-08-08,139.94000244140625,165.29253960032938,29.508862255019885,1165.0512871886729,34.13284762788878,20.91806485404226,0.21199457246868858
2023-08-09,137.85000610351562,165.2881910900575,29.508862255019885,1165.0512871886729,34.13284762788878,20.91806485404226,0.21199457246868858
2023-08-10,138.55999755859375,165.3230783757713,29.508862255019885,1165.0512871886729,34.13284762788878,20.91806485404226,0.21199457246868858
2023-08-11,138.41000366210938,165.3080055065708,29.508862255019885,1165.0512871886729,34.13284762788878,20.91806485404226,0.21199457246868858
2023-08-14,140.57000732421875,165.4202339239778,29.508862255019885,1165.0512871886729,34.13284762788878,20.91806485404226,0.21199457246868858
2023-08-15,137.6699981689453,165.4967029474646,29.508862255019885,1165.0512871886729,34.13284762788878,20.91806485404226,0.21199457246868858
2023-08-16,135.07000732421875,165.51462512340467,29.508862255019885,1165.0512871886729,34.13284762788878,20.91806485404226,0.21199457246868858
2023-08-17,133.97999572753906,165.57189871506392,29.508862255019885,1165.0512871886729,34.13284762788878,20.91806485404226,0.21199457246868858
2023-08-18,133.22000122070312,165.57902016519043,29.508862255019885,1165.0512871886729,34.13284762788878,20.91806485404226,0.21199457246868858
2023-08-21,134.67999267578125,165.75403763256205,29.508862255019885,1165.0512871886729,34.13284762788878,20.91806485404226,0.21199457246868858
2023-08-22,134.25,165.84945009335414,29.508862255019885,1165.0512871886729,34.13284762788878,20.91806485404226,0.21199457246868858
2023-08-23,135.52000427246094,165.8850434710663,29.508862255019885,1165.0512871886729,34.13284762788878,20.91806485404226,0.21199457246868858
2023-08-24,131.83999633789062,165.9585961247733,29.508862255019885,1165.0512871886729,34.13284762788878,20.91806485404226,0.21199457246868858
2023-08-25,133.25999450683594,165.98051375704077,29.508862255019885,1165.0512871886729,34.13284762788878,20.91806485404226,0.21199457246868858
2023-08-28,133.13999938964844,166.19049252621656,29.508862255019885,1165.0512871886729,34.13284762788878,20.91806485404226,0.21199457246868858
2023-08-29,134.91000366210938,166.29434202196677,29.508862255019885,1165.0512871886729,34.13284762788878,20.91806485404226,0.21199457246868858
2023-08-30,135.07000732421875,166.33676561846136,29.508862255019885,1165.0512871886729,34.13284762788878,20.91806485404226,0.21199457246868858
2023-08-31,138.00999450683594,166.41555850945238,29.508862255019885,1165.0512871886729,34.13284762788878,20.91806485404226,0.21199457246868858
2023-09-01,138.1199951171875,166.44114941889683,29.508862255019885,1165.0512871886729,34.13284762788878,20.91806485404226,0.21199457246868858
2023-09-05,137.27000427246094,166.75454812559212,29.508862255019885,1165.0512871886729,34.13284762788878,20.91806485404226,0.21199457246868858
2023-09-06,135.36000061035156,166.79322194245168,29.508862255019885,1165.0512871886729,34.13284762788878,20.91806485404226,0.21199457246868858
2023-09-07,137.85000610351562,166.86686137372968,29.508862255019885,1165.0512871886729,34.13284762788878,20.91806485404226,0.21199457246868858
2023-09-08,138.22999572753906,166.88592209094344,29.508862255019885,1165.0512871886729,34.13284762788878,20.91806485404226,0.21199457246868858
2023-09-11,143.10000610351562,167.07025637947098,29.508862255019885,1165.0512871886729,34.13284762788878,20.91806485404226,0.21199457246868858
2023-09-12,141.22999572753906,167.1600958931304,29.508862255019885,1165.0512871886729,34.13284762788878,20.91806485404226,0.21199457246868858
2023-09-13,144.85000610351562,167.18591560533875,29.508862255019885,1165.0512871886729,34.13284762788878,20.91806485404226,0.21199457246868858
2023-09-14,144.72000122070312,167.24561149567572,29.508862255019885,1165.0512871886729,34.13284762788878,20.91806485404226,0.21199457246868858
2023-09-15,140.38999938964844,167.24972972373263,29.508862255019885,1165.0512871886729,34.13284762788878,20.91806485404226,0.21199457246868858
2023-09-18,139.97999572753906,167.3844183845533,29.508862255019885,1165.0512871886729,34.13284762788878,20.91806485404226,0.21199457246868858
2023-09-19,137.6300048828125,167.4565904409325,29.508862255019885,1165.0512871886729,34.13284762788878,20.91806485404226,0.21199457246868858
2023-09-20,135.2899932861328,167.4644737699306,29.508862255019885,1165.0512871886729,34.13284762788878,20.91806485404226,0.21199457246868858
2023-09-21,129.3300018310547,167.50616430365488,29.508862255019885,1165.0512871886729,34.13284762788878,20.91806485404226,0.21199457246868858
2023-09-22,129.1199951171875,167.49242208028835,29.508862255019885,1165.0512871886729,34.13284762788878,20.91806485404226,0.21199457246868858
2023-09-25,131.27000427246094,167.576672975997,29.508862255019885,1165.0512871886729,34.13284762788878,20.91806485404226,0.21199457246868858
2023-09-26,125.9800033569336,167.63385306478236,29.508862255019885,1165.0512871886729,34.13284762788878,20.91806485404226,0.21199457246868858
2023-09-27,125.9800033569336,167.62803097379523,29.508862255019885,1165.0512871886729,34.13284762788878,20.91806485404226,0.21199457246868858
2023-09-28,125.9800033569336,167.6575109310177,29.508862255019885,1165.0512871886729,34.13284762788878,20.91806485404226,0.21199457246868858
2023-09-29,127.12000274658205,167.63324187852172,29.508862255019885,1165.0512871886729,34.13284762788878,20.91806485404226,0.21199457246868858
2023-10-02,129.4600067138672,167.69750277506955,29.508862255019885,1165.0512871886729,34.13284762788878,20.91806485404226,0.21199457246868858
2023-10-03,124.72000122070312,167.75221293800365,29.508862255019885,1165.0512871886729,34.13284762788878,20.91806485404226,0.21199457246868858
2023-10-04,127.0,167.74608649613424,29.508862255019885,1165.0512871886729,34.13284762788878,20.91806485404226,0.21199457246868858
2023-10-05,125.95999908447266,167.7774059633808,29.508862255019885,1165.0512871886729,34.13284762788878,20.91806485404226,0.21199457246868858
2023-10-06,127.95999908447266,167.75705486756354,29.508862255019885,1165.0512871886729,34.13284762788878,20.91806485404226,0.21199457246868858
2023-10-09,128.25999450683594,167.84424571448682,29.508862255019885,1165.0512871886729,34.13284762788878,20.91806485404226,0.21199457246868858
2023-10-10,129.47999572753906,167.90969566049944,29.508862255019885,1165.0512871886729,34.13284762788878,20.91806485404226,0.21199457246868858
2023-10-11,131.8300018310547,167.91545755849114,29.508862255019885,1165.0512871886729,34.13284762788878,20.91806485404226,0.21199457246868858
2023-10-12,132.3300018310547,167.9595340165261,29.508862255019885,1165.0512871886729,34.13284762788878,20.91806485404226,0.21199457246868858
2023-10-13,129.7899932861328,167.95251097680546,29.508862255019885,1165.0512871886729,34.13284762788878,20.91806485404226,0.21199457246868858
2023-10-16,132.5500030517578,168.08002988448192,29.508862255019885,1165.0512871886729,34.13284762788878,20.91806485404226,0.21199457246868858
2023-10-17,131.47000122070312,168.15803006826758,29.508862255019885,1165.0512871886729,34.13284762788878,20.91806485404226,0.21199457246868858
2023-10-18,128.1300048828125,168.17543083654476,29.508862255019885,1165.0512871886729,34.13284762788878,20.91806485404226,0.21199457246868858
2023-10-19,128.39999389648438,168.2299949396077,29.508862255019885,1165.0512871886729,34.13284762788878,20.91806485404226,0.21199457246868858
2023-10-20,125.16999816894533,168.2321043670883,29.508862255019885,1165.0512871886729,34.13284762788878,20.91806485404226,0.21199457246868858
2023-10-23,126.55999755859376,168.37750365103855,29.508862255019885,1165.0512871886729,34.13284762788878,20.91806485404226,0.21199457246868858
2023-10-24,128.55999755859375,168.45807479764485,29.508862255019885,1165.0512871886729,34.13284762788878,20.91806485404226,0.21199457246868858
2023-10-25,121.38999938964844,168.47637344577444,29.508862255019885,1165.0512871886729,34.13284762788878,20.91806485404226,0.21199457246868858
2023-10-26,119.56999969482422,168.5302534663986,29.508862255019885,1165.0512871886729,34.13284762788878,20.91806485404226,0.21199457246868858
2023-10-27,127.73999786376952,168.53023746654907,29.508862255019885,1165.0512871886729,34.13284762788878,20.91806485404226,0.21199457246868858
2023-10-30,132.7100067138672,168.66266971298992,29.508862255019885,1165.0512871886729,34.13284762788878,20.91806485404226,0.21199457246868858
2023-10-31,133.08999633789062,168.7375816365471,29.508862255019885,1165.0512871886729,34.13284762788878,20.91806485404226,0.21199457246868858
2023-11-01,137.0,168.75004316897014,29.508862255019885,1165.0512871886729,34.13284762788878,20.91806485404226,0.21199457246868858
2023-11-02,138.07000732421875,168.7982204566641,29.508862255019885,1165.0512871886729,34.13284762788878,20.91806485404226,0.21199457246868858
2023-11-03,138.60000610351562,168.79294707751603,29.508862255019885,1165.0512871886729,34.13284762788878,20.91806485404226,0.21199457246868858
2023-11-06,139.74000549316406,168.91516601889003,29.508862255019885,1165.0512871886729,34.13284762788878,20.91806485404226,0.21199457246868858
2023-11-07,142.7100067138672,168.9893495271576,29.508862255019885,1165.0512871886729,34.13284762788878,20.91806485404226,0.21199457246868858
2023-11-08,142.0800018310547,169.00273335633807,29.508862255019885,1165.0512871886729,34.13284762788878,20.91806485404226,0.21199457246868858
2023-11-09,140.60000610351562,169.05359724977328,29.508862255019885,1165.0512871886729,34.13284762788878,20.91806485404226,0.21199457246868858
2023-11-10,143.55999755859375,169.05283165239985,29.508862255019885,1165.0512871886729,34.13284762788878,20.91806485404226,0.21199457246868858
2023-11-13,142.58999633789062,169.19916336827976,29.508862255019885,1165.0512871886729,34.13284762788878,20.91806485404226,0.21199457246868858
2023-11-14,145.8000030517578,169.2844975871985,29.508862255019885,1165.0512871886729,34.13284762788878,20.91806485404226,0.21199457246868858
2023-11-15,143.1999969482422,169.3102356737847,29.508862255019885,1165.0512871886729,34.13284762788878,20.91806485404226,0.21199457246868858
2023-11-16,142.8300018310547,169.37436817049115,29.508862255019885,1165.0512871886729,34.13284762788878,20.91806485404226,0.21199457246868858
2023-11-17,145.17999267578125,169.38745408676553,29.508862255019885,1165.0512871886729,34.13284762788878,20.91806485404226,0.21199457246868858
2023-11-20,146.1300048828125,169.57507919154057,29.508862255019885,1165.0512871886729,34.13284762788878,20.91806485404226,0.21199457246868858
2023-11-21,143.89999389648438,169.6727626073511,29.508862255019885,1165.0512871886729,34.13284762788878,20.91806485404226,0.21199457246868858
2023-11-22,146.7100067138672,169.7094799876661,29.508862255019885,1165.0512871886729,34.13284762788878,20.91806485404226,0.21199457246868858
2023-11-24,146.74000549316406,169.80309319129245,29.508862255019885,1165.0512871886729,34.13284762788878,20.91806485404226,0.21199457246868858
2023-11-27,147.72999572753906,169.99703373443595,29.508862255019885,1165.0512871886729,34.13284762788878,20.91806485404226,0.21199457246868858
2023-11-28,147.02999877929688,170.09117852606897,29.508862255019885,1165.0512871886729,34.13284762788878,20.91806485404226,0.21199457246868858
2023-11-29,146.32000732421875,170.12141317745105,29.508862255019885,1165.0512871886729,34.13284762788878,20.91806485404226,0.21199457246868858
2023-11-30,146.08999633789062,170.18539666016494,29.508862255019885,1165.0512871886729,34.13284762788878,20.91806485404226,0.21199457246868858
2023-12-01,147.02999877929688,170.19346774085895,29.508862255019885,1165.0512871886729,34.13284762788878,20.91806485404226,0.21199457246868858
2023-12-04,144.83999633789062,170.33650255513322,29.508862255019885,1165.0512871886729,34.13284762788878,20.91806485404226,0.21199457246868858
2023-12-05,146.8800048828125,170.4100044423105,29.508862255019885,1165.0512871886729,34.13284762788878,20.91806485404226,0.21199457246868858
2023-12-06,144.52000427246094,170.4184691588929,29.508862255019885,1165.0512871886729,34.13284762788878,20.91806485404226,0.21199457246868858
2023-12-07,146.8800048828125,170.46005126032108,29.508862255019885,1165.0512871886729,34.13284762788878,20.91806485404226,0.21199457246868858
2023-12-08,147.4199981689453,170.44561541397357,29.508862255019885,1165.0512871886729,34.13284762788878,20.91806485404226,0.21199457246868858
2023-12-11,145.88999938964844,170.52593429345154,29.508862255019885,1165.0512871886729,34.13284762788878,20.91806485404226,0.21199457246868858
2023-12-12,147.47999572753906,170.58190857686267,29.508862255019885,1165.0512871886729,34.13284762788878,20.91806485404226,0.21199457246868858
2023-12-13,148.83999633789062,170.57535610824652,29.508862255019885,1165.0512871886729,34.13284762788878,20.91806485404226,0.21199457246868858
2023-12-14,147.4199981689453,170.60485691940053,29.508862255019885,1165.0512871886729,34.13284762788878,20.91806485404226,0.21199457246868858
2023-12-15,149.97000122070312,170.58163955079021,29.508862255019885,1165.0512871886729,34.13284762788878,20.91806485404226,0.21199457246868858
2023-12-18,154.07000732421875,170.65792854944138,29.508862255019885,1165.0512871886729,34.13284762788878,20.91806485404226,0.21199457246868858
2023-12-19,153.7899932861328,170.72041356965036,29.508862255019885,1165.0512871886729,34.13284762788878,20.91806485404226,0.21199457246868858
2023-12-20,152.1199951171875,170.72428093046616,29.508862255019885,1165.0512871886729,34.13284762788878,20.91806485404226,0.21199457246868858
2023-12-21,153.83999633789062,170.7679622257778,29.508862255019885,1165.0512871886729,34.13284762788878,20.91806485404226,0.21199457246868858
2023-12-22,153.4199981689453,170.762448722199,29.508862255019885,1165.0512871886729,34.13284762788878,20.91806485404226,0.21199457246868858
2023-12-26,153.41000366210938,170.99976897183072,29.508862255019885,1165.0512871886729,34.13284762788878,20.91806485404226,0.21199457246868858
2023-12-27,153.33999633789062,171.03277063577974,29.508862255019885,1165.0512871886729,34.13284762788878,20.91806485404226,0.21199457246868858
2023-12-28,153.3800048828125,171.10625375379777,29.508862255019885,1165.0512871886729,34.13284762788878,20.91806485404226,0.21199457246868858
2023-12-29,151.94000244140625,171.13060320033006,29.508862255019885,1165.0512871886729,34.13284762788878,20.91806485404226,0.21199457246868858
2024-01-02,149.92999267578125,171.4761827134816,29.508862255019885,1165.0512871886729,34.13284762788878,20.91806485404226,0.21199457246868858
2024-01-03,148.47000122070312,171.53078304905478,29.508862255019885,1165.0512871886729,34.13284762788878,20.91806485404226,0.21199457246868858
2024-01-04,144.57000732421875,171.6227977465321,29.508862255019885,1165.0512871886729,34.13284762788878,20.91806485404226,0.21199457246868858
2024-01-05,145.24000549316406,171.66229555992902,29.508862255019885,1165.0512871886729,34.13284762788878,20.91806485404226,0.21199457246868858
2024-01-08,149.10000610351562,171.91651994546504,29.508862255019885,1165.0512871886729,34.13284762788878,20.91806485404226,0.21199457246868858
2024-01-09,151.3699951171875,172.03135577985265,29.508862255019885,1165.0512871886729,34.13284762788878,20.91806485404226,0.21199457246868858
2024-01-10,153.72999572753906,172.08252681926217,29.508862255019885,1165.0512871886729,34.13284762788878,20.91806485404226,0.21199457246868858
2024-01-11,155.17999267578125,172.1676986406181,29.508862255019885,1165.0512871886729,34.13284762788878,20.91806485404226,0.21199457246868858
2024-01-12,154.6199951171875,172.19723812886278,29.508862255019885,1165.0512871886729,34.13284762788878,20.91806485404226,0.21199457246868858
2024-01-16,153.16000366210938,172.5035109449022,29.508862255019885,1165.0512871886729,34.13284762788878,20.91806485404226,0.21199457246868858
2024-01-17,151.7100067138672,172.53568924802977,29.508862255019885,1165.0512871886729,34.13284762788878,20.91806485404226,0.21199457246868858
2024-01-18,153.5,172.60160833661334,29.508862255019885,1165.0512871886729,34.13284762788878,20.91806485404226,0.21199457246868858
2024-01-19,155.33999633789062,172.61216481963126,29.508862255019885,1165.0512871886729,34.13284762788878,20.91806485404226,0.21199457246868858
2024-01-22,154.77999877929688,172.77134536899501,29.508862255019885,1165.0512871886729,34.13284762788878,20.91806485404226,0.21199457246868858
2024-01-23,156.02000427246094,172.85473442290234,29.508862255019885,1165.0512871886729,34.13284762788878,20.91806485404226,0.21199457246868858
2024-01-24,156.8699951171875,172.87599086413354,29.508862255019885,1165.0512871886729,34.13284762788878,20.91806485404226,0.21199457246868858
2024-01-25,157.75,172.93353837681084,29.508862255019885,1165.0512871886729,34.13284762788878,20.91806485404226,0.21199457246868858
2024-01-26,159.1199951171875,172.93841305212516,29.508862255019885,1165.0512871886729,34.13284762788878,20.91806485404226,0.21199457246868858
2024-01-29,161.25999450683594,173.0968321742646,29.508862255019885,1165.0512871886729,34.13284762788878,20.91806485404226,0.21199457246868858
2024-01-30,159.0,173.18503515394227,29.508862255019885,1165.0512871886729,34.13284762788878,20.91806485404226,0.21199457246868858
2024-01-31,155.1999969482422,173.21326927495082,29.508862255019885,1165.0512871886729,34.13284762788878,20.91806485404226,0.21199457246868858
2024-02-01,159.27999877929688,173.27963662293274,29.508862255019885,1165.0512871886729,34.13284762788878,20.91806485404226,0.21199457246868858
2024-02-02,171.80999755859375,173.29479837487352,29.508862255019885,1165.0512871886729,34.13284762788878,20.91806485404226,0.21199457246868858
2024-02-05,170.30999755859375,173.48857743805374,29.508862255019885,1165.0512871886729,34.13284762788878,20.91806485404226,0.21199457246868858
2024-02-06,169.14999389648438,173.58853600946938,29.508862255019885,1165.0512871886729,34.13284762788878,20.91806485404226,0.21199457246868858
2024-02-07,170.52999877929688,173.62774362924657,29.508862255019885,1165.0512871886729,34.13284762788878,20.91806485404226,0.21199457246868858
2024-02-08,169.83999633789062,173.70386942134377,29.508862255019885,1165.0512871886729,34.13284762788878,20.91806485404226,0.21199457246868858
2024-02-09,174.4499969482422,173.72717703086585,29.508862255019885,1165.0512871886729,34.13284762788878,20.91806485404226,0.21199457246868858
2024-02-12,172.33999633789062,173.9324977681396,29.508862255019885,1165.0512871886729,34.13284762788878,20.91806485404226,0.21199457246868858
2024-02-13,168.63999938964844,174.03124319462665,29.508862255019885,1165.0512871886729,34.13284762788878,20.91806485404226,0.21199457246868858
2024-02-14,170.97999572753906,174.06650397634036,29.508862255019885,1165.0512871886729,34.13284762788878,20.91806485404226,0.21199457246868858
2024-02-15,169.8000030517578,174.13594076842782,29.508862255019885,1165.0512871886729,34.13284762788878,20.91806485404226,0.21199457246868858
2024-02-16,169.50999450683594,174.1498853383764,29.508862255019885,1165.0512871886729,34.13284762788878,20.91806485404226,0.21199457246868858
2024-02-20,167.0800018310547,174.39361978582946,29.508862255019885,1165.0512871886729,34.13284762788878,20.91806485404226,0.21199457246868858
2024-02-21,168.58999633789062,174.40958198593694,29.508862255019885,1165.0512871886729,34.13284762788878,20.91806485404226,0.21199457246868858
2024-02-22,174.5800018310547,174.4588034252415,29.508862255019885,1165.0512871886729,34.13284762788878,20.91806485404226,0.21199457246868858
2024-02-23,174.99000549316406,174.4520553782025,29.508862255019885,1165.0512871886729,34.13284762788878,20.91806485404226,0.21199457246868858
2024-02-26,174.72999572753906,174.55458314183107,29.508862255019885,1165.0512871886729,34.13284762788878,20.91806485404226,0.21199457246868858
2024-02-27,173.5399932861328,174.61722898443068,29.508862255019885,1165.0512871886729,34.13284762788878,20.91806485404226,0.21199457246868858
2024-02-28,173.16000366210938,174.61673189918983,29.508862255019885,1165.0512871886729,34.13284762788878,20.91806485404226,0.21199457246868858
2024-02-29,176.75999450683594,174.6515099513106,29.508862255019885,1165.0512871886729,34.13284762788878,20.91806485404226,0.21199457246868858
2024-03-01,178.22000122070312,174.6326260174498,29.508862255019885,1165.0512871886729,34.13284762788878,20.91806485404226,0.21199457246868858
2024-03-04,177.5800018310547,174.71461877543373,29.508862255019885,1165.0512871886729,34.13284762788878,20.91806485404226,0.21199457246868858
2024-03-05,174.1199951171875,174.77606569982558,29.508862255019885,1165.0512871886729,34.13284762788878,20.91806485404226,0.21199457246868858
2024-03-06,173.50999450683594,174.77720655616233,29.508862255019885,1165.0512871886729,34.13284762788878,20.91806485404226,0.21199457246868858
2024-03-07,176.82000732421875,174.81637265665074,29.508862255019885,1165.0512871886729,34.13284762788878,20.91806485404226,0.21199457246868858
2024-03-08,175.35000610351562,174.8044822575156,29.508862255019885,1165.0512871886729,34.13284762788878,20.91806485404226,0.21199457246868858
2024-03-11,171.9600067138672,174.92091103693045,29.508862255019885,1165.0512871886729,34.13284762788878,20.91806485404226,0.21199457246868858
2024-03-12,175.38999938964844,174.9974089928706,29.508862255019885,1165.0512871886729,34.13284762788878,20.91806485404226,0.21199457246868858
2024-03-13,176.55999755859375,175.01486959351087,29.508862255019885,1165.0512871886729,34.13284762788878,20.91806485404226,0.21199457246868858
2024-03-14,178.75,175.07129777714974,29.508862255019885,1165.0512871886729,34.13284762788878,20.91806485404226,0.21199457246868858
2024-03-15,174.4199981689453,175.0772887838681,29.508862255019885,1165.0512871886729,34.13284762788878,20.91806485404226,0.21199457246868858
2024-03-18,174.47999572753906,175.2480924102383,29.508862255019885,1165.0512871886729,34.13284762788878,20.91806485404226,0.21199457246868858
2024-03-19,175.89999389648438,175.3421020605076,29.508862255019885,1165.0512871886729,34.13284762788878,20.91806485404226,0.21199457246868858
2024-03-20,178.14999389648438,175.37643129934762,29.508862255019885,1165.0512871886729,34.13284762788878,20.91806485404226,0.21199457246868858
2024-03-21,178.14999389648438,175.44894807195396,29.508862255019885,1165.0512871886729,34.13284762788878,20.91806485404226,0.21199457246868858
2024-03-22,178.8699951171875,175.47015732859978,29.508862255019885,1165.0512871886729,34.13284762788878,20.91806485404226,0.21199457246868858
2024-03-25,179.7100067138672,175.68118401862964,29.508862255019885,1165.0512871886729,34.13284762788878,20.91806485404226,0.21199457246868858
2024-03-26,178.3000030517578,175.7869341462907,29.508862255019885,1165.0512871886729,34.13284762788878,20.91806485404226,0.21199457246868858
2024-03-27,179.8300018310547,175.83233255409024,29.508862255019885,1165.0512871886729,34.13284762788878,20.91806485404226,0.21199457246868858
2024-03-28,180.3800048828125,175.91538569426658,29.508862255019885,1165.0512871886729,34.13284762788878,20.91806485404226,0.21199457246868858
2024-04-01,180.97000122070312,176.18761119779734,29.508862255019885,1165.0512871886729,34.13284762788878,20.91806485404226,0.21199457246868858
2024-04-02,180.69000244140625,176.30359065224528,29.508862255019885,1165.0512871886729,34.13284762788878,20.91806485404226,0.21199457246868858
2024-04-03,182.41000366210935,176.3595623662217,29.508862255019885,1165.0512871886729,34.13284762788878,20.91806485404226,0.21199457246868858
2024-04-04,180.0,176.45360782521317,29.508862255019885,1165.0512871886729,34.13284762788878,20.91806485404226,0.21199457246868858
2024-04-05,185.07000732421875,176.49642295092954,29.508862255019885,1165.0512871886729,34.13284762788878,20.91806485404226,0.21199457246868858
2024-04-08,185.19000244140625,176.77403451990628,29.508862255019885,1165.0512871886729,34.13284762788878,20.91806485404226,0.21199457246868858
2024-04-09,185.6699981689453,176.90272641754444,29.508862255019885,1165.0512871886729,34.13284762788878,20.91806485404226,0.21199457246868858
2024-04-10,185.9499969482422,176.9713520893518,29.508862255019885,1165.0512871886729,34.13284762788878,20.91806485404226,0.21199457246868858
2024-04-11,189.0500030517578,177.07775495945904,29.508862255019885,1165.0512871886729,34.13284762788878,20.91806485404226,0.21199457246868858
2024-04-12,186.1300048828125,177.13235684931036,29.508862255019885,1165.0512871886729,34.13284762788878,20.91806485404226,0.21199457246868858
2024-04-15,183.6199951171875,177.43878158442956,29.508862255019885,1165.0512871886729,34.13284762788878,20.91806485404226,0.21199457246868858
2024-04-16,183.32000732421875,177.57379079166626,29.508862255019885,1165.0512871886729,34.13284762788878,20.91806485404226,0.21199457246868858
2024-04-17,181.27999877929688,177.64654188024318,29.508862255019885,1165.0512871886729,34.13284762788878,20.91806485404226,0.21199457246868858
2024-04-18,179.22000122070312,177.75457440311254,29.508862255019885,1165.0512871886729,34.13284762788878,20.91806485404226,0.21199457246868858
2024-04-19,174.6300048828125,177.80803828192197,29.508862255019885,1165.0512871886729,34.13284762788878,20.91806485404226,0.21199457246868858
2024-04-22,177.22999572753906,178.09241416020726,29.508862255019885,1165.0512871886729,34.13284762788878,20.91806485404226,0.21199457246868858
2024-04-23,179.5399932861328,178.21347668137986,29.508862255019885,1165.0512871886729,34.13284762788878,20.91806485404226,0.21199457246868858
2024-04-24,176.58999633789062,178.26895917138634,29.508862255019885,1165.0512871886729,34.13284762788878,20.91806485404226,0.21199457246868858
2024-04-25,173.6699981689453,178.35649838790994,29.508862255019885,1165.0512871886729,34.13284762788878,20.91806485404226,0.21199457246868858
2024-04-26,179.6199951171875,178.38641841779625,29.508862255019885,1165.0512871886729,34.13284762788878,20.91806485404226,0.21199457246868858
2024-04-29,180.9600067138672,178.58472418918663,29.508862255019885,1165.0512871886729,34.13284762788878,20.91806485404226,0.21199457246868858
2024-04-30,175.0,178.67324945813849,29.508862255019885,1165.0512871886729,34.13284762788878,20.91806485404226,0.21199457246868858
2024-05-01,179.0,178.69506801607838,29.508862255019885,1165.0512871886729,34.13284762788878,20.91806485404226,0.21199457246868858
2024-05-02,184.72000122070312,178.74836335826956,29.508862255019885,1165.0512871886729,34.13284762788878,20.91806485404226,0.21199457246868858
2024-05-03,186.2100067138672,178.74403588013323,29.508862255019885,1165.0512871886729,34.13284762788878,20.91806485404226,0.21199457246868858
2024-05-06,188.6999969482422,178.8455034632103,29.508862255019885,1165.0512871886729,34.13284762788878,20.91806485404226,0.21199457246868858
2024-05-07,188.75999450683597,178.9056485063785,29.508862255019885,1165.0512871886729,34.13284762788878,20.91806485404226,0.21199457246868858
2024-05-08,188.0,178.9019301331373,29.508862255019885,1165.0512871886729,34.13284762788878,20.91806485404226,0.21199457246868858
2024-05-09,189.5,178.9329963711045,29.508862255019885,1165.0512871886729,34.13284762788878,20.91806485404226,0.21199457246868858
2024-05-10,187.47999572753903,178.9101469881081,29.508862255019885,1165.0512871886729,34.13284762788878,20.91806485404226,0.21199457246868858
2024-05-13,186.57000732421875,178.98109886235474,29.508862255019885,1165.0512871886729,34.13284762788878,20.91806485404226,0.21199457246868858
2024-05-14,187.07000732421875,179.03991000177407,29.508862255019885,1165.0512871886729,34.13284762788878,20.91806485404226,0.21199457246868858
2024-05-15,185.9900054931641,179.03928119070866,29.508862255019885,1165.0512871886729,34.13284762788878,20.91806485404226,0.21199457246868858
2024-05-16,183.6300048828125,179.07771666307787,29.508862255019885,1165.0512871886729,34.13284762788878,20.91806485404226,0.21199457246868858
2024-05-17,184.6999969482422,179.0662775267793,29.508862255019885,1165.0512871886729,34.13284762788878,20.91806485404226,0.21199457246868858
2024-05-20,183.5399932861328,179.19202320907544,29.508862255019885,1165.0512871886729,34.13284762788878,20.91806485404226,0.21199457246868858
2024-05-21,183.1499938964844,179.2743564042068,29.508862255019885,1165.0512871886729,34.13284762788878,20.91806485404226,0.21199457246868858
2024-05-22,183.1300048828125,179.2989357706052,29.508862255019885,1165.0512871886729,34.13284762788878,20.91806485404226,0.21199457246868858
2024-05-23,181.0500030517578,179.3636421286373,29.508862255019885,1165.0512871886729,34.13284762788878,20.91806485404226,0.21199457246868858
2024-05-24,180.75,179.37889577875964,29.508862255019885,1165.0512871886729,34.13284762788878,20.91806485404226,0.21199457246868858
2024-05-28,182.1499938964844,179.68543185069674,29.508862255019885,1165.0512871886729,34.13284762788878,20.91806485404226,0.21199457246868858
2024-05-29,182.0200042724609,179.7297018574632,29.508862255019885,1165.0512871886729,34.13284762788878,20.91806485404226,0.21199457246868858
2024-05-30,179.32000732421875,179.81118628013442,29.508862255019885,1165.0512871886729,34.13284762788878,20.91806485404226,0.21199457246868858
2024-05-31,176.44000244140625,179.83996534842217,29.508862255019885,1165.0512871886729,34.13284762788878,20.91806485404226,0.21199457246868858
2024-06-03,178.33999633789062,180.0610313487671,29.508862255019885,1165.0512871886729,34.13284762788878,20.91806485404226,0.21199457246868858
2024-06-04,179.33999633789062,180.1645366530918,29.508862255019885,1165.0512871886729,34.13284762788878,20.91806485404226,0.21199457246868858
2024-06-05,181.27999877929688,180.20427753700827,29.508862255019885,1165.0512871886729,34.13284762788878,20.91806485404226,0.21199457246868858
2024-06-06,185.0,180.27795225846592,29.508862255019885,1165.0512871886729,34.13284762788878,20.91806485404226,0.21199457246868858
2024-06-07,184.3000030517578,180.29596795236367,29.508862255019885,1165.0512871886729,34.13284762788878,20.91806485404226,0.21199457246868858
2024-06-10,187.05999755859372,180.47140095843588,29.508862255019885,1165.0512871886729,34.13284762788878,20.91806485404226,0.21199457246868858
2024-06-11,187.22999572753903,180.5569917775493,29.508862255019885,1165.0512871886729,34.13284762788878,20.91806485404226,0.21199457246868858
2024-06-12,186.88999938964844,180.57843111247547,29.508862255019885,1165.0512871886729,34.13284762788878,20.91806485404226,0.21199457246868858
2024-06-13,183.8300018310547,180.63401911748684,29.508862255019885,1165.0512871886729,34.13284762788878,20.91806485404226,0.21199457246868858
2024-06-14,183.66000366210935,180.63475772552866,29.508862255019885,1165.0512871886729,34.13284762788878,20.91806485404226,0.21199457246868858
2024-06-17,184.05999755859372,180.76872884605837,29.508862255019885,1165.0512871886729,34.13284762788878,20.91806485404226,0.21199457246868858
2024-06-18,182.80999755859372,180.8455452666048,29.508862255019885,1165.0512871886729,34.13284762788878,20.91806485404226,0.21199457246868858
2024-06-20,186.1000061035156,180.91472550017005,29.508862255019885,1165.0512871886729,34.13284762788878,20.91806485404226,0.21199457246868858
2024-06-21,189.0800018310547,180.9168047236225,29.508862255019885,1165.0512871886729,34.13284762788878,20.91806485404226,0.21199457246868858
2024-06-24,185.57000732421875,181.07631489531445,29.508862255019885,1165.0512871886729,34.13284762788878,20.91806485404226,0.21199457246868858
2024-06-25,186.33999633789065,181.16837405116854,29.508862255019885,1165.0512871886729,34.13284762788878,20.91806485404226,0.21199457246868858
2024-06-26,193.6100006103516,181.202341333224,29.508862255019885,1165.0512871886729,34.13284762788878,20.91806485404226,0.21199457246868858
2024-06-27,197.8500061035156,181.2763702908531,29.508862255019885,1165.0512871886729,34.13284762788878,20.91806485404226,0.21199457246868858
2024-06-28,193.25,181.30115226091138,29.508862255019885,1165.0512871886729,34.13284762788878,20.91806485404226,0.21199457246868858
2024-07-01,197.1999969482422,181.53548465187194,29.508862255019885,1165.0512871886729,34.13284762788878,20.91806485404226,0.21199457246868858
2024-07-02,200.0,181.65270818417122,29.508862255019885,1165.0512871886729,34.13284762788878,20.91806485404226,0.21199457246868858
2024-07-03,197.58999633789065,181.71091042466543,29.508862255019885,1165.0512871886729,34.13284762788878,20.91806485404226,0.21199457246868858
2024-07-05,200.0,181.85298098616346,29.508862255019885,1165.0512871886729,34.13284762788878,20.91806485404226,0.21199457246868858
2024-07-08,199.2899932861328,182.13114872785766,29.508862255019885,1165.0512871886729,34.13284762788878,20.91806485404226,0.21199457246868858
2024-07-09,199.33999633789065,182.25565141102243,29.508862255019885,1165.0512871886729,34.13284762788878,20.91806485404226,0.21199457246868858
2024-07-10,199.7899932861328,182.3169744983937,29.508862255019885,1165.0512871886729,34.13284762788878,20.91806485404226,0.21199457246868858
2024-07-11,195.0500030517578,182.41249630956125,29.508862255019885,1165.0512871886729,34.13284762788878,20.91806485404226,0.21199457246868858
2024-07-12,194.4900054931641,182.45225627799434,29.508862255019885,1165.0512871886729,34.13284762788878,20.91806485404226,0.21199457246868858
2024-07-15,192.72000122070312,182.68805789293665,29.508862255019885,1165.0512871886729,34.13284762788878,20.91806485404226,0.21199457246868858
2024-07-16,193.0200042724609,182.79060286390867,29.508862255019885,1165.0512871886729,34.13284762788878,20.91806485404226,0.21199457246868858
2024-07-17,187.92999267578125,182.82660571357215,29.508862255019885,1165.0512871886729,34.13284762788878,20.91806485404226,0.21199457246868858
2024-07-18,183.75,182.89388474107713,29.508862255019885,1165.0512871886729,34.13284762788878,20.91806485404226,0.21199457246868858
2024-07-19,183.1300048828125,182.90297616405982,29.508862255019885,1165.0512871886729,34.13284762788878,20.91806485404226,0.21199457246868858
2024-07-22,182.5500030517578,183.03778205491517,29.508862255019885,1165.0512871886729,34.13284762788878,20.91806485404226,0.21199457246868858
2024-07-23,186.41000366210935,183.1056278636412,29.508862255019885,1165.0512871886729,34.13284762788878,20.91806485404226,0.21199457246868858
2024-07-24,180.8300018310547,183.10740362459,29.508862255019885,1165.0512871886729,34.13284762788878,20.91806485404226,0.21199457246868858
2024-07-25,179.85000610351562,183.14149853656943,29.508862255019885,1165.0512871886729,34.13284762788878,20.91806485404226,0.21199457246868858
2024-07-26,182.5,183.11898784790264,29.508862255019885,1165.0512871886729,34.13284762788878,20.91806485404226,0.21199457246868858
2024-07-29,183.1999969482422,183.17317690889013,29.508862255019885,1165.0512871886729,34.13284762788878,20.91806485404226,0.21199457246868858
2024-07-30,181.7100067138672,183.220156968391,29.508862255019885,1165.0512871886729,34.13284762788878,20.91806485404226,0.21199457246868858
2024-07-31,186.97999572753903,183.2045425684724,29.508862255019885,1165.0512871886729,34.13284762788878,20.91806485404226,0.21199457246868858
2024-08-01,184.07000732421875,183.2248987492316,29.508862255019885,1165.0512871886729,34.13284762788878,20.91806485404226,0.21199457246868858
2024-08-02,167.89999389648438,183.19240297285523,29.508862255019885,1165.0512871886729,34.13284762788878,20.91806485404226,0.21199457246868858
2024-08-05,161.02000427246094,183.23910845194567,29.508862255019885,1165.0512871886729,34.13284762788878,20.91806485404226,0.21199457246868858
2024-08-06,161.92999267578125,183.2907357561216,29.508862255019885,1165.0512871886729,34.13284762788878,20.91806485404226,0.21199457246868858
2024-08-07,162.77000427246094,183.28301809508454,29.508862255019885,1165.0512871886729,34.13284762788878,20.91806485404226,0.21199457246868858
2024-08-08,165.8000030517578,183.31425396761307,29.508862255019885,1165.0512871886729,34.13284762788878,20.91806485404226,0.21199457246868858
2024-08-09,166.94000244140625,183.29531631088864,29.508862255019885,1165.0512871886729,34.13284762788878,20.91806485404226,0.21199457246868858
2024-08-12,166.8000030517578,183.39533332592686,29.508862255019885,1165.0512871886729,34.13284762788878,20.91806485404226,0.21199457246868858
2024-08-13,170.22999572753906,183.4677303915606,29.508862255019885,1165.0512871886729,34.13284762788878,20.91806485404226,0.21199457246868858
2024-08-14,170.10000610351562,183.4816702349272,29.508862255019885,1165.0512871886729,34.13284762788878,20.91806485404226,0.21199457246868858
2024-08-15,177.58999633789062,183.5350969124209,29.508862255019885,1165.0512871886729,34.13284762788878,20.91806485404226,0.21199457246868858
2024-08-16,177.05999755859375,183.53854650718304,29.508862255019885,1165.0512871886729,34.13284762788878,20.91806485404226,0.21199457246868858
2024-08-19,178.22000122070312,183.7039020144199,29.508862255019885,1165.0512871886729,34.13284762788878,20.91806485404226,0.21199457246868858
2024-08-20,178.8800048828125,183.79661645814264,29.508862255019885,1165.0512871886729,34.13284762788878,20.91806485404226,0.21199457246868858
2024-08-21,180.11000061035156,183.82979543626325,29.508862255019885,1165.0512871886729,34.13284762788878,20.91806485404226,0.21199457246868858
2024-08-22,176.1300048828125,183.9012238058692,29.508862255019885,1165.0512871886729,34.13284762788878,20.91806485404226,0.21199457246868858
2024-08-23,177.0399932861328,183.92131010168612,29.508862255019885,1165.0512871886729,34.13284762788878,20.91806485404226,0.21199457246868858
2024-08-26,175.5,184.1275406069891,29.508862255019885,1165.0512871886729,34.13284762788878,20.91806485404226,0.21199457246868858
2024-08-27,173.1199951171875,184.23070988755873,29.508862255019885,1165.0512871886729,34.13284762788878,20.91806485404226,0.21199457246868858
2024-08-28,170.8000030517578,184.27272922482717,29.508862255019885,1165.0512871886729,34.13284762788878,20.91806485404226,0.21199457246868858
2024-08-29,172.1199951171875,184.35138824473023,29.508862255019885,1165.0512871886729,34.13284762788878,20.91806485404226,0.21199457246868858
2024-08-30,178.5,184.37711030831366,29.508862255019885,1165.0512871886729,34.13284762788878,20.91806485404226,0.21199457246868858
2024-09-03,176.25,184.69358928704142,29.508862255019885,1165.0512871886729,34.13284762788878,20.91806485404226,0.21199457246868858
2024-09-04,173.3300018310547,184.73365037538755,29.508862255019885,1165.0512871886729,34.13284762788878,20.91806485404226,0.21199457246868858
2024-09-05,177.88999938964844,184.80891463552666,29.508862255019885,1165.0512871886729,34.13284762788878,20.91806485404226,0.21199457246868858
2024-09-06,171.38999938964844,184.82983168420444,29.508862255019885,1165.0512871886729,34.13284762788878,20.91806485404226,0.21199457246868858
2024-09-09,175.39999389648438,185.02103732231714,29.508862255019885,1165.0512871886729,34.13284762788878,20.91806485404226,0.21199457246868858
2024-09-10,179.5500030517578,185.11356045510942,29.508862255019885,1165.0512871886729,34.13284762788878,20.91806485404226,0.21199457246868858
2024-09-11,184.5200042724609,185.14223238707984,29.508862255019885,1165.0512871886729,34.13284762788878,20.91806485404226,0.21199457246868858
2024-09-12,187.0,185.20492712878905,29.508862255019885,1165.0512871886729,34.13284762788878,20.91806485404226,0.21199457246868858
2024-09-13,186.4900054931641,185.21216516739094,29.508862255019885,1165.0512871886729,34.13284762788878,20.91806485404226,0.21199457246868858
2024-09-16,184.88999938964844,185.35662762879718,29.508862255019885,1165.0512871886729,34.13284762788878,20.91806485404226,0.21199457246868858
2024-09-17,186.8800048828125,185.4320754109088,29.508862255019885,1165.0512871886729,34.13284762788878,20.91806485404226,0.21199457246868858
2024-09-18,186.42999267578125,185.4431764763896,29.508862255019885,1165.0512871886729,34.13284762788878,20.91806485404226,0.21199457246868858
2024-09-19,189.8699951171875,185.4879839262101,29.508862255019885,1165.0512871886729,34.13284762788878,20.91806485404226,0.21199457246868858
2024-09-20,191.6000061035156,185.47721429405868,29.508862255019885,1165.0512871886729,34.13284762788878,20.91806485404226,0.21199457246868858
2024-09-23,193.8800048828125,185.56909211103013,29.508862255019885,1165.0512871886729,34.13284762788878,20.91806485404226,0.21199457246868858
2024-09-24,193.9600067138672,185.62825321020392,29.508862255019885,1165.0512871886729,34.13284762788878,20.91806485404226,0.21199457246868858
2024-09-25,192.52999877929688,185.62407496192805,29.508862255019885,1165.0512871886729,34.13284762788878,20.91806485404226,0.21199457246868858
2024-09-26,191.16000366210935,185.65483519101852,29.508862255019885,1165.0512871886729,34.13284762788878,20.91806485404226,0.21199457246868858
2024-09-27,187.97000122070312,185.6314627103939,29.508862255019885,1165.0512871886729,34.13284762788878,20.91806485404226,0.21199457246868858
2024-09-30,186.3300018310547,185.69601850607003,29.508862255019885,1165.0512871886729,34.13284762788878,20.91806485404226,0.21199457246868858
2024-10-01,185.1300048828125,185.75003730223983,29.508862255019885,1165.0512871886729,34.13284762788878,20.91806485404226,0.21199457246868858
2024-10-02,184.75999450683597,185.74284939864714,29.508862255019885,1165.0512871886729,34.13284762788878,20.91806485404226,0.21199457246868858
2024-10-03,181.9600067138672,185.77276422154782,29.508862255019885,1165.0512871886729,34.13284762788878,20.91806485404226,0.21199457246868858
2024-10-04,186.50999450683597,185.75069970761857,29.508862255019885,1165.0512871886729,34.13284762788878,20.91806485404226,0.21199457246868858
2024-10-07,180.8000030517578,185.83133826123108,29.508862255019885,1165.0512871886729,34.13284762788878,20.91806485404226,0.21199457246868858
2024-10-08,182.72000122070312,185.89430532165142,29.508862255019885,1165.0512871886729,34.13284762788878,20.91806485404226,0.21199457246868858
2024-10-09,185.1699981689453,185.89752905243083,29.508862255019885,1165.0512871886729,34.13284762788878,20.91806485404226,0.21199457246868858
2024-10-10,186.6499938964844,185.93907047241552,29.508862255019885,1165.0512871886729,34.13284762788878,20.91806485404226,0.21199457246868858
2024-10-11,188.82000732421875,185.92957311677637,29.508862255019885,1165.0512871886729,34.13284762788878,20.91806485404226,0.21199457246868858
2024-10-14,187.5399932861328,186.0505650305153,29.508862255019885,1165.0512871886729,34.13284762788878,20.91806485404226,0.21199457246868858
2024-10-15,187.69000244140625,186.1268405194648,29.508862255019885,1165.0512871886729,34.13284762788878,20.91806485404226,0.21199457246868858
2024-10-16,186.88999938964844,186.14280127622794,29.508862255019885,1165.0512871886729,34.13284762788878,20.91806485404226,0.21199457246868858
2024-10-17,187.52999877929688,186.19623315538215,29.508862255019885,1165.0512871886729,34.13284762788878,20.91806485404226,0.21199457246868858
2024-10-18,188.9900054931641,186.1975318817553,29.508862255019885,1165.0512871886729,34.13284762788878,20.91806485404226,0.21199457246868858
2024-10-21,189.07000732421875,186.34241759655032,29.508862255019885,1165.0512871886729,34.13284762788878,20.91806485404226,0.21199457246868858
2024-10-22,189.6999969482422,186.42340437054474,29.508862255019885,1165.0512871886729,34.13284762788878,20.91806485404226,0.21199457246868858
2024-10-23,184.7100067138672,186.44236254761745,29.508862255019885,1165.0512871886729,34.13284762788878,20.91806485404226,0.21199457246868858
2024-10-24,186.3800048828125,186.4971040327169,29.508862255019885,1165.0512871886729,34.13284762788878,20.91806485404226,0.21199457246868858
2024-10-25,187.8300018310547,186.49810286256482,29.508862255019885,1165.0512871886729,34.13284762788878,20.91806485404226,0.21199457246868858
2024-10-28,188.38999938964844,186.633946014457,29.508862255019885,1165.0512871886729,34.13284762788878,20.91806485404226,0.21199457246868858
2024-10-29,190.8300018310547,186.7099215059494,29.508862255019885,1165.0512871886729,34.13284762788878,20.91806485404226,0.21199457246868858
2024-10-30,192.72999572753903,186.72331295793035,29.508862255019885,1165.0512871886729,34.13284762788878,20.91806485404226,0.21199457246868858
2024-10-31,186.3999938964844,186.77223268735273,29.508862255019885,1165.0512871886729,34.13284762788878,20.91806485404226,0.21199457246868858
2024-11-01,197.92999267578125,186.76746581740758,29.508862255019885,1165.0512871886729,34.13284762788878,20.91806485404226,0.21199457246868858
2024-11-04,195.77999877929688,186.8894175405605,29.508862255019885,1165.0512871886729,34.13284762788878,20.91806485404226,0.21199457246868858
2024-11-05,199.5,186.96283949982657,29.508862255019885,1165.0512871886729,34.13284762788878,20.91806485404226,0.21199457246868858
2024-11-06,207.08999633789065,186.9751138196011,29.508862255019885,1165.0512871886729,34.13284762788878,20.91806485404226,0.21199457246868858
2024-11-07,210.0500030517578,187.02453039602668,29.508862255019885,1165.0512871886729,34.13284762788878,20.91806485404226,0.21199457246868858
2024-11-08,208.17999267578125,187.02200143960872,29.508862255019885,1165.0512871886729,34.13284762788878,20.91806485404226,0.21199457246868858
2024-11-11,206.83999633789065,187.1615290437462,29.508862255019885,1165.0512871886729,34.13284762788878,20.91806485404226,0.21199457246868858
2024-11-12,208.91000366210935,187.24426649499506,29.508862255019885,1165.0512871886729,34.13284762788878,20.91806485404226,0.21199457246868858
2024-11-13,214.1000061035156,187.26735111005945,29.508862255019885,1165.0512871886729,34.13284762788878,20.91806485404226,0.21199457246868858
2024-11-14,211.47999572753903,187.3288463496804,29.508862255019885,1165.0512871886729,34.13284762788878,20.91806485404226,0.21199457246868858
2024-11-15,202.6100006103516,187.33938696971452,29.508862255019885,1165.0512871886729,34.13284762788878,20.91806485404226,0.21199457246868858
2024-11-18,201.6999969482422,187.5206825656759,29.508862255019885,1165.0512871886729,34.13284762788878,20.91806485404226,0.21199457246868858
2024-11-19,204.6100006103516,187.61692677599595,29.508862255019885,1165.0512871886729,34.13284762788878,20.91806485404226,0.21199457246868858
2024-11-20,202.8800048828125,187.6526421696572,29.508862255019885,1165.0512871886729,34.13284762788878,20.91806485404226,0.21199457246868858
2024-11-21,198.3800048828125,187.72549508074118,29.508862255019885,1165.0512871886729,34.13284762788878,20.91806485404226,0.21199457246868858
2024-11-22,197.1199951171875,187.74574195865645,29.508862255019885,1165.0512871886729,34.13284762788878,20.91806485404226,0.21199457246868858
2024-11-25,201.4499969482422,187.9429835417652,29.508862255019885,1165.0512871886729,34.13284762788878,20.91806485404226,0.21199457246868858
2024-11-26,207.8600006103516,188.03930862447146,29.508862255019885,1165.0512871886729,34.13284762788878,20.91806485404226,0.21199457246868858
2024-11-27,205.7400054931641,188.07221861358425,29.508862255019885,1165.0512871886729,34.13284762788878,20.91806485404226,0.21199457246868858
2024-11-29,207.88999938964844,188.1509022847046,29.508862255019885,1165.0512871886729,34.13284762788878,20.91806485404226,0.21199457246868858
2024-12-02,210.7100067138672,188.30598531476636,29.508862255019885,1165.0512871886729,34.13284762788878,20.91806485404226,0.21199457246868858
2024-12-03,213.44000244140625,188.38370785864333,29.508862255019885,1165.0512871886729,34.13284762788878,20.91806485404226,0.21199457246868858
2024-12-04,218.16000366210935,188.39632943268472,29.508862255019885,1165.0512871886729,34.13284762788878,20.91806485404226,0.21199457246868858
2024-12-05,220.5500030517578,188.44190173462522,29.508862255019885,1165.0512871886729,34.13284762788878,20.91806485404226,0.21199457246868858
2024-12-06,227.02999877929688,188.43118806778594,29.508862255019885,1165.0512871886729,34.13284762788878,20.91806485404226,0.21199457246868858
2024-12-09,226.08999633789065,188.52012858476635,29.508862255019885,1165.0512871886729,34.13284762788878,20.91806485404226,0.21199457246868858
2024-12-10,225.0399932861328,188.57785894416503,29.508862255019885,1165.0512871886729,34.13284762788878,20.91806485404226,0.21199457246868858
2024-12-11,230.25999450683597,188.57239793106348,29.508862255019885,1165.0512871886729,34.13284762788878,20.91806485404226,0.21199457246868858
2024-12-12,228.97000122070312,188.60228339139962,29.508862255019885,1165.0512871886729,34.13284762788878,20.91806485404226,0.21199457246868858
2024-12-13,227.4600067138672,188.5787177569863,29.508862255019885,1165.0512871886729,34.13284762788878,20.91806485404226,0.21199457246868858
2024-12-16,232.92999267578125,188.64955916062445,29.508862255019885,1165.0512871886729,34.13284762788878,20.91806485404226,0.21199457246868858
2024-12-17,231.1499938964844,188.70884498952046,29.508862255019885,1165.0512871886729,34.13284762788878,20.91806485404226,0.21199457246868858
2024-12-18,220.5200042724609,188.70890496709475,29.508862255019885,1165.0512871886729,34.13284762788878,20.91806485404226,0.21199457246868858
2024-12-19,223.2899932861328,188.74824334772453,29.508862255019885,1165.0512871886729,34.13284762788878,20.91806485404226,0.21199457246868858
2024-12-20,224.9199981689453,188.7379368797025,29.508862255019885,1165.0512871886729,34.13284762788878,20.91806485404226,0.21199457246868858
2024-12-23,225.05999755859372,188.86881979443856,29.508862255019885,1165.0512871886729,34.13284762788878,20.91806485404226,0.21199457246868858
2024-12-24,229.0500030517578,188.95362015900622,29.508862255019885,1165.0512871886729,34.13284762788878,20.91806485404226,0.21199457246868858
2024-12-26,227.0500030517578,189.04936341719457,29.508862255019885,1165.0512871886729,34.13284762788878,20.91806485404226,0.21199457246868858
2024-12-27,223.75,189.06874842441454,29.508862255019885,1165.0512871886729,34.13284762788878,20.91806485404226,0.21199457246868858
2024-12-30,221.3000030517578,189.28756692321198,29.508862255019885,1165.0512871886729,34.13284762788878,20.91806485404226,0.21199457246868858
2024-12-31,219.38999938964844,189.39932786651545,29.508862255019885,1165.0512871886729,34.13284762788878,20.91806485404226,0.21199457246868858
2025-01-02,220.22000122070312,189.5422495978173,29.508862255019885,1165.0512871886729,34.13284762788878,20.91806485404226,0.21199457246868858
2025-01-03,224.19000244140625,189.58096574177137,29.508862255019885,1165.0512871886729,34.13284762788878,20.91806485404226,0.21199457246868858
2025-01-06,227.6100006103516,189.83698115479527,29.508862255019885,1165.0512871886729,34.13284762788878,20.91806485404226,0.21199457246868858
2025-01-07,222.1100006103516,189.953661956695,29.508862255019885,1165.0512871886729,34.13284762788878,20.91806485404226,0.21199457246868858
2025-01-08,222.1300048828125,190.00719984044574,29.508862255019885,1165.0512871886729,34.13284762788878,20.91806485404226,0.21199457246868858
2025-01-10,218.94000244140625,190.1278823539173,29.508862255019885,1165.0512871886729,34.13284762788878,20.91806485404226,0.21199457246868858
2025-01-13,218.4600067138672,190.3481432370715,29.508862255019885,1165.0512871886729,34.13284762788878,20.91806485404226,0.21199457246868858
2025-01-14,217.75999450683597,190.44837302144003,29.508862255019885,1165.0512871886729,34.13284762788878,20.91806485404226,0.21199457246868858
2025-01-15,223.3500061035156,190.48399948264958,29.508862255019885,1165.0512871886729,34.13284762788878,20.91806485404226,0.21199457246868858
2025-01-16,220.66000366210935,190.5531366526103,29.508862255019885,1165.0512871886729,34.13284762788878,20.91806485404226,0.21199457246868858
2025-01-17,225.94000244140625,190.56660036002964,29.508862255019885,1165.0512871886729,34.13284762788878,20.91806485404226,0.21199457246868858
2025-01-21,230.7100067138672,190.81649273369695,29.508862255019885,1165.0512871886729,34.13284762788878,20.91806485404226,0.21199457246868858
2025-01-22,235.00999450683597,190.83832783383036,29.508862255019885,1165.0512871886729,34.13284762788878,20.91806485404226,0.21199457246868858
2025-01-23,235.4199981689453,190.89593689338867,29.508862255019885,1165.0512871886729,34.13284762788878,20.91806485404226,0.21199457246868858
2025-01-24,234.8500061035156,190.90037516683466,29.508862255019885,1165.0512871886729,34.13284762788878,20.91806485404226,0.21199457246868858
2025-01-27,235.4199981689453,191.05490338166507,29.508862255019885,1165.0512871886729,34.13284762788878,20.91806485404226,0.21199457246868858
2025-01-28,238.1499938964844,191.14114593838306,29.508862255019885,1165.0512871886729,34.13284762788878,20.91806485404226,0.21199457246868858
2025-01-29,237.07000732421875,191.16721098833534,29.508862255019885,1165.0512871886729,34.13284762788878,20.91806485404226,0.21199457246868858
2025-01-30,234.63999938964844,191.23128462711554,29.508862255019885,1165.0512871886729,34.13284762788878,20.91806485404226,0.21199457246868858
2025-01-31,237.67999267578125,191.24411544574818,29.508862255019885,1165.0512871886729,34.13284762788878,20.91806485404226,0.21199457246868858
2025-02-03,237.4199981689453,191.43155044574863,29.508862255019885,1165.0512871886729,34.13284762788878,20.91806485404226,0.21199457246868858
2025-02-04,242.05999755859372,191.52988323276952,29.508862255019885,1165.0512871886729,34.13284762788878,20.91806485404226,0.21199457246868858
2025-02-05,236.1699981689453,191.56782874689793,29.508862255019885,1165.0512871886729,34.13284762788878,20.91806485404226,0.21199457246868858
2025-02-06,238.8300018310547,191.64311312037148,29.508862255019885,1165.0512871886729,34.13284762788878,20.91806485404226,0.21199457246868858
2025-02-07,229.1499938964844,191.66604499903883,29.508862255019885,1165.0512871886729,34.13284762788878,20.91806485404226,0.21199457246868858
2025-02-10,233.13999938964844,191.8732798821516,29.508862255019885,1165.0512871886729,34.13284762788878,20.91806485404226,0.21199457246868858
2025-02-11,232.75999450683597,191.97368802636902,29.508862255019885,1165.0512871886729,34.13284762788878,20.91806485404226,0.21199457246868858
2025-02-12,228.92999267578125,192.011093477544,29.508862255019885,1165.0512871886729,34.13284762788878,20.91806485404226,0.21199457246868858
2025-02-13,230.3699951171875,192.08311824132903,29.508862255019885,1165.0512871886729,34.13284762788878,20.91806485404226,0.21199457246868858
2025-02-14,228.67999267578125,192.10004324350294,29.508862255019885,1165.0512871886729,34.13284762788878,20.91806485404226,0.21199457246868858
2025-02-18,226.6499938964844,192.35826987839047,29.508862255019885,1165.0512871886729,34.13284762788878,20.91806485404226,0.21199457246868858
2025-02-19,226.6300048828125,192.37810214360493,29.508862255019885,1165.0512871886729,34.13284762788878,20.91806485404226,0.21199457246868858
2025-02-20,222.8800048828125,192.4311235606697,29.508862255019885,1165.0512871886729,34.13284762788878,20.91806485404226,0.21199457246868858
2025-02-21,216.5800018310547,192.42802196037735,29.508862255019885,1165.0512871886729,34.13284762788878,20.91806485404226,0.21199457246868858
2025-02-24,212.7100067138672,192.53980701857563,29.508862255019885,1165.0512871886729,34.13284762788878,20.91806485404226,0.21199457246868858
2025-02-25,212.8000030517578,192.60476199759546,29.508862255019885,1165.0512871886729,34.13284762788878,20.91806485404226,0.21199457246868858
2025-02-26,214.3500061035156,192.60610201615884,29.508862255019885,1165.0512871886729,34.13284762788878,20.91806485404226,0.21199457246868858
2025-02-27,208.7400054931641,192.64221187169989,29.508862255019885,1165.0512871886729,34.13284762788878,20.91806485404226,0.21199457246868858
2025-02-28,212.27999877929688,192.62413345817546,29.508862255019885,1165.0512871886729,34.13284762788878,20.91806485404226,0.21199457246868858
2025-03-03,205.0200042724609,192.70536158996669,29.508862255019885,1165.0512871886729,34.13284762788878,20.91806485404226,0.21199457246868858
2025-03-04,203.8000030517578,192.76554489462865,29.508862255019885,1165.0512871886729,34.13284762788878,20.91806485404226,0.21199457246868858
2025-03-05,208.3600006103516,192.7649704595727,29.508862255019885,1165.0512871886729,34.13284762788878,20.91806485404226,0.21199457246868858
2025-03-06,200.6999969482422,192.8020148025427,29.508862255019885,1165.0512871886729,34.13284762788878,20.91806485404226,0.21199457246868858
2025-03-07,199.25,192.78764830082253,29.508862255019885,1165.0512871886729,34.13284762788878,20.91806485404226,0.21199457246868858
2025-03-10,194.5399932861328,192.8951099246901,29.508862255019885,1165.0512871886729,34.13284762788878,20.91806485404226,0.21199457246868858
2025-03-11,196.58999633789065,192.96831039852148,29.508862255019885,1165.0512871886729,34.13284762788878,20.91806485404226,0.21199457246868858
2025-03-12,198.88999938964844,192.98241937115358,29.508862255019885,1165.0512871886729,34.13284762788878,20.91806485404226,0.21199457246868858
2025-03-13,193.88999938964844,193.03549679249411,29.508862255019885,1165.0512871886729,34.13284762788878,20.91806485404226,0.21199457246868858
2025-03-14,197.9499969482422,193.03818737011318,29.508862255019885,1165.0512871886729,34.13284762788878,20.91806485404226,0.21199457246868858
2025-03-17,195.7400054931641,193.19977829496185,29.508862255019885,1165.0512871886729,34.13284762788878,20.91806485404226,0.21199457246868858
2025-03-18,192.82000732421875,193.2910337329806,29.508862255019885,1165.0512871886729,34.13284762788878,20.91806485404226,0.21199457246868858
2025-03-19,195.5399932861328,193.32278844462274,29.508862255019885,1165.0512871886729,34.13284762788878,20.91806485404226,0.21199457246868858
2025-03-20,194.9499969482422,193.39290990646876,29.508862255019885,1165.0512871886729,34.13284762788878,20.91806485404226,0.21199457246868858
2025-03-21,196.2100067138672,193.41189439121632,29.508862255019885,1165.0512871886729,34.13284762788878,20.91806485404226,0.21199457246868858
2025-03-24,203.25999450683597,193.61707977063094,29.508862255019885,1165.0512871886729,34.13284762788878,20.91806485404226,0.21199457246868858
2025-03-25,205.7100067138672,193.72107134104937,29.508862255019885,1165.0512871886729,34.13284762788878,20.91806485404226,0.21199457246868858
2025-03-26,201.1300048828125,193.76475327291084,29.508862255019885,1165.0512871886729,34.13284762788878,20.91806485404226,0.21199457246868858
2025-03-27,201.3600006103516,193.8460995786094,29.508862255019885,1165.0512871886729,34.13284762788878,20.91806485404226,0.21199457246868858
2025-03-28,192.72000122070312,193.87573959077844,29.508862255019885,1165.0512871886729,34.13284762788878,20.91806485404226,0.21199457246868858
2025-03-31,190.25999450683597,194.11103633849052,29.508862255019885,1165.0512871886729,34.13284762788878,20.91806485404226,0.21199457246868858
2025-04-01,192.1699981689453,194.22498287302454,29.508862255019885,1165.0512871886729,34.13284762788878,20.91806485404226,0.21199457246868858
2025-04-02,196.00999450683597,194.27882391298766,29.508862255019885,1165.0512871886729,34.13284762788878,20.91806485404226,0.21199457246868858
2025-04-03,178.41000366210938,194.3706490830657,29.508862255019885,1165.0512871886729,34.13284762788878,20.91806485404226,0.21199457246868858
2025-04-04,171.0,194.4111716839346,29.508862255019885,1165.0512871886729,34.13284762788878,20.91806485404226,0.21199457246868858
2025-04-07,175.25999450683594,194.68178180104954,29.508862255019885,1165.0512871886729,34.13284762788878,20.91806485404226,0.21199457246868858
2025-04-08,170.66000366210938,194.80824294282922,29.508862255019885,1165.0512871886729,34.13284762788878,20.91806485404226,0.21199457246868858
2025-04-09,191.1000061035156,194.87477862975553,29.508862255019885,1165.0512871886729,34.13284762788878,20.91806485404226,0.21199457246868858
2025-04-10,181.22000122070312,194.97929315416138,29.508862255019885,1165.0512871886729,34.13284762788878,20.91806485404226,0.21199457246868858
2025-04-11,184.8699951171875,195.03227170245202,29.508862255019885,1165.0512871886729,34.13284762788878,20.91806485404226,0.21199457246868858
2025-04-14,182.1199951171875,195.33604614479316,29.508862255019885,1165.0512871886729,34.13284762788878,20.91806485404226,0.21199457246868858
2025-04-15,179.58999633789062,195.47110597711983,29.508862255019885,1165.0512871886729,34.13284762788878,20.91806485404226,0.21199457246868858
2025-04-16,174.3300018310547,195.54445674733665,29.508862255019885,1165.0512871886729,34.13284762788878,20.91806485404226,0.21199457246868858
2025-04-17,172.61000061035156,195.6536741631253,29.508862255019885,1165.0512871886729,34.13284762788878,20.91806485404226,0.21199457246868858
2025-04-21,167.32000732421875,196.0024147095848,29.508862255019885,1165.0512871886729,34.13284762788878,20.91806485404226,0.21199457246868858
2025-04-22,173.17999267578125,196.12770202481133,29.508862255019885,1165.0512871886729,34.13284762788878,20.91806485404226,0.21199457246868858
2025-04-23,180.6000061035156,196.187942854356,29.508862255019885,1165.0512871886729,34.13284762788878,20.91806485404226,0.21199457246868858
2025-04-24,186.5399932861328,196.28071602964025,29.508862255019885,1165.0512871886729,34.13284762788878,20.91806485404226,0.21199457246868858
2025-04-25,188.9900054931641,196.31627464468596,29.508862255019885,1165.0512871886729,34.13284762788878,20.91806485404226,0.21199457246868858
2025-04-28,187.6999969482422,196.5330471805047,29.508862255019885,1165.0512871886729,34.13284762788878,20.91806485404226,0.21199457246868858
2025-04-29,187.38999938964844,196.6279100539743,29.508862255019885,1165.0512871886729,34.13284762788878,20.91806485404226,0.21199457246868858
2025-04-30,184.4199981689453,196.6559761005654,29.508862255019885,1165.0512871886729,34.13284762788878,20.91806485404226,0.21199457246868858
2025-05-01,190.1999969482422,196.71531718606664,29.508862255019885,1165.0512871886729,34.13284762788878,20.91806485404226,0.21199457246868858
2025-05-02,189.97999572753903,196.7167238216555,29.508862255019885,1165.0512871886729,34.13284762788878,20.91806485404226,0.21199457246868858
2025-05-05,186.3500061035156,196.8325075178494,29.508862255019885,1165.0512871886729,34.13284762788878,20.91806485404226,0.21199457246868858
2025-05-06,185.00999450683597,196.89616897026204,29.508862255019885,1165.0512871886729,34.13284762788878,20.91806485404226,0.21199457246868858
2025-05-07,188.7100067138672,196.89522305714223,29.508862255019885,1165.0512871886729,34.13284762788878,20.91806485404226,0.21199457246868858
2025-05-08,192.0800018310547,196.92827054737114,29.508862255019885,1165.0512871886729,34.13284762788878,20.91806485404226,0.21199457246868858
2025-05-09,193.05999755859372,196.90658094229713,29.508862255019885,1165.0512871886729,34.13284762788878,20.91806485404226,0.21199457246868858
2025-05-12,208.63999938964844,196.9760516888142,29.508862255019885,1165.0512871886729,34.13284762788878,20.91806485404226,0.21199457246868858
2025-05-13,211.3699951171875,197.03279657681713,29.508862255019885,1165.0512871886729,34.13284762788878,20.91806485404226,0.21199457246868858
2025-05-14,210.25,197.0293998466663,29.508862255019885,1165.0512871886729,34.13284762788878,20.91806485404226,0.21199457246868858
2025-05-15,205.1699981689453,197.06444072652528,29.508862255019885,1165.0512871886729,34.13284762788878,20.91806485404226,0.21199457246868858
2025-05-16,205.58999633789065,197.04906917786866,29.508862255019885,1165.0512871886729,34.13284762788878,20.91806485404226,0.21199457246868858
2025-05-19,206.16000366210935,197.16083996628177,29.508862255019885,1165.0512871886729,34.13284762788878,20.91806485404226,0.21199457246868858
2025-05-20,204.07000732421875,197.23817400826056,29.508862255019885,1165.0512871886729,34.13284762788878,20.91806485404226,0.21199457246868858
2025-05-21,201.1199951171875,197.25778391503974,29.508862255019885,1165.0512871886729,34.13284762788878,20.91806485404226,0.21199457246868858
2025-05-22,203.1000061035156,197.31766886260561,29.508862255019885,1165.0512871886729,34.13284762788878,20.91806485404226,0.21199457246868858
2025-05-23,200.9900054931641,197.3283621889019,29.508862255019885,1165.0512871886729,34.13284762788878,20.91806485404226,0.21199457246868858
2025-05-27,206.0200042724609,197.62118994025528,29.508862255019885,1165.0512871886729,34.13284762788878,20.91806485404226,0.21199457246868858
2025-05-28,204.72000122070312,197.6635293896182,29.508862255019885,1165.0512871886729,34.13284762788878,20.91806485404226,0.21199457246868858
2025-05-29,205.6999969482422,197.7437701894798,29.508862255019885,1165.0512871886729,34.13284762788878,20.91806485404226,0.21199457246868858
2025-05-30,205.00999450683597,197.77200495938405,29.508862255019885,1165.0512871886729,34.13284762788878,20.91806485404226,0.21199457246868858
2025-06-02,206.6499938964844,197.99547634595103,29.508862255019885,1165.0512871886729,34.13284762788878,20.91806485404226,0.21199457246868858
2025-06-03,205.7100067138672,198.10098723569692,29.508862255019885,1165.0512871886729,34.13284762788878,20.91806485404226,0.21199457246868858
2025-06-04,207.22999572753903,198.14322381038997,29.508862255019885,1165.0512871886729,34.13284762788878,20.91806485404226,0.21199457246868858
2025-06-05,207.91000366210935,198.21979660866455,29.508862255019885,1165.0512871886729,34.13284762788878,20.91806485404226,0.21199457246868858
2025-06-06,213.57000732421875,198.24101445971584,29.508862255019885,1165.0512871886729,34.13284762788878,20.91806485404226,0.21199457246868858
2025-06-09,216.97999572753903,198.42679375755839,29.508862255019885,1165.0512871886729,34.13284762788878,20.91806485404226,0.21199457246868858
2025-06-10,217.6100006103516,198.51570508588233,29.508862255019885,1165.0512871886729,34.13284762788878,20.91806485404226,0.21199457246868858
2025-06-11,213.1999969482422,198.54021728001328,29.508862255019885,1165.0512871886729,34.13284762788878,20.91806485404226,0.21199457246868858
2025-06-12,213.2400054931641,198.5985289452717,29.508862255019885,1165.0512871886729,34.13284762788878,20.91806485404226,0.21199457246868858
2025-06-13,212.1000061035156,198.60155005658513,29.508862255019885,1165.0512871886729,34.13284762788878,20.91806485404226,0.21199457246868858
2025-06-16,216.1000061035156,198.73899533330197,29.508862255019885,1165.0512871886729,34.13284762788878,20.91806485404226,0.21199457246868858
2025-06-17,214.82000732421875,198.81568076822603,29.508862255019885,1165.0512871886729,34.13284762788878,20.91806485404226,0.21199457246868858
2025-06-18,212.5200042724609,198.8306809226951,29.508862255019885,1165.0512871886729,34.13284762788878,20.91806485404226,0.21199457246868858
2025-06-20,209.69000244140625,198.88248262084997,29.508862255019885,1165.0512871886729,34.13284762788878,20.91806485404226,0.21199457246868858
2025-06-23,208.47000122070312,199.03209644537122,29.508862255019885,1165.0512871886729,34.13284762788878,20.91806485404226,0.21199457246868858
2025-06-24,212.7700042724609,199.11995001970777,29.508862255019885,1165.0512871886729,34.13284762788878,20.91806485404226,0.21199457246868858
2025-06-25,211.9900054931641,199.14941232050876,29.508862255019885,1165.0512871886729,34.13284762788878,20.91806485404226,0.21199457246868858
2025-06-26,217.1199951171875,199.21874426626255,29.508862255019885,1165.0512871886729,34.13284762788878,20.91806485404226,0.21199457246868858
2025-06-27,223.3000030517578,199.23875088541266,29.508862255019885,1165.0512871886729,34.13284762788878,20.91806485404226,0.21199457246868858
2025-06-30,219.38999938964844,199.4594589399511,29.508862255019885,1165.0512871886729,34.13284762788878,20.91806485404226,0.21199457246868858
2025-07-01,220.4600067138672,199.5727568390178,29.508862255019885,1165.0512871886729,34.13284762788878,20.91806485404226,0.21199457246868858
2025-07-02,219.9199981689453,199.62751812640676,29.508862255019885,1165.0512871886729,34.13284762788878,20.91806485404226,0.21199457246868858
2025-07-03,223.41000366210935,199.72137564823367,29.508862255019885,1165.0512871886729,34.13284762788878,20.91806485404226,0.21199457246868858
2025-07-07,223.47000122070312,200.04057059654693,29.508862255019885,1165.0512871886729,34.13284762788878,20.91806485404226,0.21199457246868858
2025-07-08,219.3600006103516,200.1659791512259,29.508862255019885,1165.0512871886729,34.13284762788878,20.91806485404226,0.21199457246868858
2025-07-09,222.5399932861328,200.2290230295193,29.508862255019885,1165.0512871886729,34.13284762788878,20.91806485404226,0.21199457246868858
2025-07-10,222.25999450683597,200.32705982676984,29.508862255019885,1165.0512871886729,34.13284762788878,20.91806485404226,0.21199457246868858
2025-07-11,225.0200042724609,200.37009125529113,29.508862255019885,1165.0512871886729,34.13284762788878,20.91806485404226,0.21199457246868858
2025-07-14,225.69000244140625,200.61963822288658,29.508862255019885,1165.0512871886729,34.13284762788878,20.91806485404226,0.21199457246868858
2025-07-15,226.3500061035156,200.72780708384775,29.508862255019885,1165.0512871886729,34.13284762788878,20.91806485404226,0.21199457246868858
2025-07-16,223.19000244140625,200.76979492641735,29.508862255019885,1165.0512871886729,34.13284762788878,20.91806485404226,0.21199457246868858
2025-07-17,223.8800048828125,200.84331333489683,29.508862255019885,1165.0512871886729,34.13284762788878,20.91806485404226,0.21199457246868858
2025-07-18,226.1300048828125,200.85878806578572,29.508862255019885,1165.0512871886729,34.13284762788878,20.91806485404226,0.21199457246868858
2025-07-21,229.3000030517578,201.0124989552581,29.508862255019885,1165.0512871886729,34.13284762788878,20.91806485404226,0.21199457246868858
2025-07-22,227.47000122070312,201.08621080532134,29.508862255019885,1165.0512871886729,34.13284762788878,20.91806485404226,0.21199457246868858
2025-07-23,228.2899932861328,201.09347329652616,29.508862255019885,1165.0512871886729,34.13284762788878,20.91806485404226,0.21199457246868858
2025-07-24,232.22999572753903,201.13259208261906,29.508862255019885,1165.0512871886729,34.13284762788878,20.91806485404226,0.21199457246868858
2025-07-25,231.44000244140625,201.1145699838109,29.508862255019885,1165.0512871886729,34.13284762788878,20.91806485404226,0.21199457246868858
2025-07-28,232.7899932861328,201.17847792197503,29.508862255019885,1165.0512871886729,34.13284762788878,20.91806485404226,0.21199457246868858
2025-07-29,231.00999450683597,201.2273375847296,29.508862255019885,1165.0512871886729,34.13284762788878,20.91806485404226,0.21199457246868858
2025-07-30,230.19000244140625,201.2129014852191,29.508862255019885,1165.0512871886729,34.13284762788878,20.91806485404226,0.21199457246868858
2025-07-31,234.1100006103516,201.23374185533828,29.508862255019885,1165.0512871886729,34.13284762788878,20.91806485404226,0.21199457246868858
2025-08-01,214.75,201.20105571284998,29.508862255019885,1165.0512871886729,34.13284762788878,20.91806485404226,0.21199457246868858
2025-08-04,211.6499938964844,201.24350069694498,29.508862255019885,1165.0512871886729,34.13284762788878,20.91806485404226,0.21199457246868858
2025-08-05,213.75,201.2926419991493,29.508862255019885,1165.0512871886729,34.13284762788878,20.91806485404226,0.21199457246868858
2025-08-06,222.30999755859372,201.2820043639789,29.508862255019885,1165.0512871886729,34.13284762788878,20.91806485404226,0.21199457246868858
2025-08-07,223.1300048828125,201.30995241957942,29.508862255019885,1165.0512871886729,34.13284762788878,20.91806485404226,0.21199457246868858
2025-08-08,222.69000244140625,201.28742744097997,29.508862255019885,1165.0512871886729,34.13284762788878,20.91806485404226,0.21199457246868858
2025-08-11,221.3000030517578,201.37556953043455,29.508862255019885,1165.0512871886729,34.13284762788878,20.91806485404226,0.21199457246868858
2025-08-12,221.47000122070312,201.443855857643,29.508862255019885,1165.0512871886729,34.13284762788878,20.91806485404226,0.21199457246868858
2025-08-13,224.55999755859372,201.45370918655692,29.508862255019885,1165.0512871886729,34.13284762788878,20.91806485404226,0.21199457246868858
2025-08-14,230.97999572753903,201.50312659689703,29.508862255019885,1165.0512871886729,34.13284762788878,20.91806485404226,0.21199457246868858
2025-08-15,231.02999877929688,201.50269146293954,29.508862255019885,1165.0512871886729,34.13284762788878,20.91806485404226,0.21199457246868858
2025-08-18,231.4900054931641,201.65752077086054,29.508862255019885,1165.0512871886729,34.13284762788878,20.91806485404226,0.21199457246868858
2025-08-19,228.00999450683597,201.74719849348108,29.508862255019885,1165.0512871886729,34.13284762788878,20.91806485404226,0.21199457246868858
2025-08-20,223.80999755859372,201.77761006044878,29.508862255019885,1165.0512871886729,34.13284762788878,20.91806485404226,0.21199457246868858
2025-08-21,221.9499969482422,201.84655235844872,29.508862255019885,1165.0512871886729,34.13284762788878,20.91806485404226,0.21199457246868858
2025-08-22,228.83999633789065,201.86444144454367,29.508862255019885,1165.0512871886729,34.13284762788878,20.91806485404226,0.21199457246868858
2025-08-25,227.94000244140625,202.0658353353678,29.508862255019885,1165.0512871886729,34.13284762788878,20.91806485404226,0.21199457246868858
2025-08-26,228.7100067138672,202.1679717901367,29.508862255019885,1165.0512871886729,34.13284762788878,20.91806485404226,0.21199457246868858
2025-08-27,229.1199951171875,202.20924105495283,29.508862255019885,1165.0512871886729,34.13284762788878,20.91806485404226,0.21199457246868858
2025-08-28,231.6000061035156,202.28742735124425,29.508862255019885,1165.0512871886729,34.13284762788878,20.91806485404226,0.21199457246868858
2025-08-29,229.0,202.31294846123626,29.508862255019885,1165.0512871886729,34.13284762788878,20.91806485404226,0.21199457246868858
2025-09-02,225.33999633789065,202.63123797785732,29.508862255019885,1165.0512871886729,34.13284762788878,20.91806485404226,0.21199457246868858
2025-09-03,225.9900054931641,202.67238243971528,29.508862255019885,1165.0512871886729,34.13284762788878,20.91806485404226,0.21199457246868858
2025-09-04,235.67999267578125,202.74897376990583,29.508862255019885,1165.0512871886729,34.13284762788878,20.91806485404226,0.21199457246868858
2025-09-05,232.3300018310547,202.77145677635664,29.508862255019885,1165.0512871886729,34.13284762788878,20.91806485404226,0.21199457246868858
2025-09-08,235.83999633789065,202.96872855781987,29.508862255019885,1165.0512871886729,34.13284762788878,20.91806485404226,0.21199457246868858
2025-09-09,238.2400054931641,203.06369906906073,29.508862255019885,1165.0512871886729,34.13284762788878,20.91806485404226,0.21199457246868858
2025-09-10,230.3300018310547,203.0950094596847,29.508862255019885,1165.0512871886729,34.13284762788878,20.91806485404226,0.21199457246868858
2025-09-11,229.9499969482422,203.1605161880543,29.508862255019885,1165.0512871886729,34.13284762788878,20.91806485404226,0.21199457246868858
2025-09-12,228.1499938964844,203.17071868105697,29.508862255019885,1165.0512871886729,34.13284762788878,20.91806485404226,0.21199457246868858
2025-09-15,231.42999267578125,203.3247234010806,29.508862255019885,1165.0512871886729,34.13284762788878,20.91806485404226,0.21199457246868858
2025-09-16,234.0500030517578,203.4034615485102,29.508862255019885,1165.0512871886729,34.13284762788878,20.91806485404226,0.21199457246868858
2025-09-17,231.6199951171875,203.4178463056623,29.508862255019885,1165.0512871886729,34.13284762788878,20.91806485404226,0.21199457246868858
2025-09-18,231.22999572753903,203.46588995898077,29.508862255019885,1165.0512871886729,34.13284762788878,20.91806485404226,0.21199457246868858
2025-09-19,231.47999572753903,203.4582665157035,29.508862255019885,1165.0512871886729,34.13284762788878,20.91806485404226,0.21199457246868858
2025-09-22,227.6300048828125,203.55860972476287,29.508862255019885,1165.0512871886729,34.13284762788878,20.91806485404226,0.21199457246868858
2025-09-23,220.7100067138672,203.62012803187775,29.508862255019885,1165.0512871886729,34.13284762788878,20.91806485404226,0.21199457246868858
2025-09-24,220.2100067138672,203.61801030704336,29.508862255019885,1165.0512871886729,34.13284762788878,20.91806485404226,0.21199457246868858
2025-09-25,218.1499938964844,203.65050137275549,29.508862255019885,1165.0512871886729,34.13284762788878,20.91806485404226,0.21199457246868858
2025-09-26,219.77999877929688,203.62850220276405,29.508862255019885,1165.0512871886729,34.13284762788878,20.91806485404226,0.21199457246868858
2025-09-29,222.1699981689453,203.6948499144875,29.508862255019885,1165.0512871886729,34.13284762788878,20.91806485404226,0.21199457246868858
2025-09-30,219.57000732421875,203.7486656477915,29.508862255019885,1165.0512871886729,34.13284762788878,20.91806485404226,0.21199457246868858
2025-10-01,220.6300048828125,203.74088217988717,29.508862255019885,1165.0512871886729,34.13284762788878,20.91806485404226,0.21199457246868858
2025-10-02,222.41000366210935,203.76982584663824,29.508862255019885,1165.0512871886729,34.13284762788878,20.91806485404226,0.21199457246868858
2025-10-03,219.50999450683597,203.74643954089927,29.508862255019885,1165.0512871886729,34.13284762788878,20.91806485404226,0.21199457246868858
2025-10-06,220.8999938964844,203.8213689620529,29.508862255019885,1165.0512871886729,34.13284762788878,20.91806485404226,0.21199457246868858
2025-10-07,221.77999877929688,203.8820031533701,29.508862255019885,1165.0512871886729,34.13284762788878,20.91806485404226,0.21199457246868858
2025-10-08,225.22000122070312,203.88276689527717,29.508862255019885,1165.0512871886729,34.13284762788878,20.91806485404226,0.21199457246868858
2025-10-09,227.7400054931641,203.9217784943643,29.508862255019885,1165.0512871886729,34.13284762788878,20.91806485404226,0.21199457246868858
2025-10-10,216.3699951171875,203.90973986070998,29.508862255019885,1165.0512871886729,34.13284762788878,20.91806485404226,0.21199457246868858
2025-10-13,220.07000732421875,204.0236072315733,29.508862255019885,1165.0512871886729,34.13284762788878,20.91806485404226,0.21199457246868858
2025-10-14,216.38999938964844,204.0978477759401,29.508862255019885,1165.0512871886729,34.13284762788878,20.91806485404226,0.21199457246868858
2025-10-15,215.57000732421875,204.1120173114057,29.508862255019885,1165.0512871886729,34.13284762788878,20.91806485404226,0.21199457246868858
2025-10-16,214.47000122070312,204.16393548979343,29.508862255019885,1165.0512871886729,34.13284762788878,20.91806485404226,0.21199457246868858
2025-10-17,213.0399932861328,204.16402338201527,29.508862255019885,1165.0512871886729,34.13284762788878,20.91806485404226,0.21199457246868858
2025-10-20,216.47999572753903,204.30720620702192,29.508862255019885,1165.0512871886729,34.13284762788878,20.91806485404226,0.21199457246868858
2025-10-21,222.02999877929688,204.3882567079971,29.508862255019885,1165.0512871886729,34.13284762788878,20.91806485404226,0.21199457246868858
2025-10-22,217.9499969482422,204.40756387189566,29.508862255019885,1165.0512871886729,34.13284762788878,20.91806485404226,0.21199457246868858
2025-10-23,221.08999633789065,204.46290755862913,29.508862255019885,1165.0512871886729,34.13284762788878,20.91806485404226,0.21199457246868858
2025-10-24,224.2100067138672,204.46472168727857,29.508862255019885,1165.0512871886729,34.13284762788878,20.91806485404226,0.21199457246868858
2025-10-27,226.97000122070312,204.6037926381776,29.508862255019885,1165.0512871886729,34.13284762788878,20.91806485404226,0.21199457246868858
2025-10-28,229.25,204.68091771201145,29.508862255019885,1165.0512871886729,34.13284762788878,20.91806485404226,0.21199457246868858
2025-10-29,230.3000030517578,204.69539726866986,29.508862255019885,1165.0512871886729,34.13284762788878,20.91806485404226,0.21199457246868858
2025-10-30,222.8600006103516,204.74528554851597,29.508862255019885,1165.0512871886729,34.13284762788878,20.91806485404226,0.21199457246868858
2025-10-31,244.22000122070312,204.74131277122657,29.508862255019885,1165.0512871886729,34.13284762788878,20.91806485404226,0.21199457246868858
2025-11-03,254.0,204.86413498665618,29.508862255019885,1165.0512871886729,34.13284762788878,20.91806485404226,0.21199457246868858
2025-11-04,249.32000732421875,204.93722695939294,29.508862255019885,1165.0512871886729,34.13284762788878,20.91806485404226,0.21199457246868858
2025-11-05,250.1999969482422,204.94882694079783,29.508862255019885,1165.0512871886729,34.13284762788878,20.91806485404226,0.21199457246868858
2025-11-06,243.0399932861328,204.99722050237693,29.508862255019885,1165.0512871886729,34.13284762788878,20.91806485404226,0.21199457246868858
2025-11-07,244.41000366210935,204.99332709070174,29.508862255019885,1165.0512871886729,34.13284762788878,20.91806485404226,0.21199457246868858
2025-11-10,248.3999938964844,205.1269578269593,29.508862255019885,1165.0512871886729,34.13284762788878,20.91806485404226,0.21199457246868858
2025-11-11,249.1000061035156,205.20726439064254,29.508862255019885,1165.0512871886729,34.13284762788878,20.91806485404226,0.21199457246868858
2025-11-12,244.1999969482422,205.22777728265933,29.508862255019885,1165.0512871886729,34.13284762788878,20.91806485404226,0.21199457246868858
2025-11-13,237.5800018310547,205.28662654640985,29.508862255019885,1165.0512871886729,34.13284762788878,20.91806485404226,0.21199457246868858
2025-11-14,234.69000244140625,205.2945188292999,29.508862255019885,1165.0512871886729,34.13284762788878,20.91806485404226,0.21199457246868858
2025-11-17,232.8699951171875,205.46861158562007,29.508862255019885,1165.0512871886729,34.13284762788878,20.91806485404226,0.21199457246868858
2025-11-18,222.5500030517578,205.56295173206766,29.508862255019885,1165.0512871886729,34.13284762788878,20.91806485404226,0.21199457246868858
2025-11-19,222.69000244140625,205.59712723803636,29.508862255019885,1165.0512871886729,34.13284762788878,20.91806485404226,0.21199457246868858
2025-11-20,217.13999938964844,205.66886398419751,29.508862255019885,1165.0512871886729,34.13284762788878,20.91806485404226,0.21199457246868858
2025-11-21,220.69000244140625,205.6884686159098,29.508862255019885,1165.0512871886729,34.13284762788878,20.91806485404226,0.21199457246868858
2025-11-24,226.27999877929688,205.88695497981251,29.508862255019885,1165.0512871886729,34.13284762788878,20.91806485404226,0.21199457246868858
2025-11-25,229.6699981689453,205.98479504635134,29.508862255019885,1165.0512871886729,34.13284762788878,20.91806485404226,0.21199457246868858
2025-11-26,229.16000366210935,206.01975564306727,29.508862255019885,1165.0512871886729,34.13284762788878,20.91806485404226,0.21199457246868858
2025-11-28,233.22000122070312,206.10401050031817,29.508862255019885,1165.0512871886729,34.13284762788878,20.91806485404226,0.21199457246868858
2025-12-01,233.8800048828125,206.27025720426954,29.508862255019885,1165.0512871886729,34.13284762788878,20.91806485404226,0.21199457246868858
2025-12-02,234.4199981689453,206.35213746882283,29.508862255019885,1165.0512871886729,34.13284762788878,20.91806485404226,0.21199457246868858
2025-12-03,232.3800048828125,206.36897965291047,29.508862255019885,1165.0512871886729,34.13284762788878,20.91806485404226,0.21199457246868858
2025-12-04,229.1100006103516,206.4187344055281,29.508862255019885,1165.0512871886729,34.13284762788878,20.91806485404226,0.21199457246868858
2025-12-05,229.52999877929688,206.41206220967956,29.508862255019885,1165.0512871886729,34.13284762788878,20.91806485404226,0.21199457246868858
2025-12-08,226.88999938964844,206.51128130512268,29.508862255019885,1165.0512871886729,34.13284762788878,20.91806485404226,0.21199457246868858
2025-12-09,227.9199981689453,206.5715167469645,29.508862255019885,1165.0512871886729,34.13284762788878,20.91806485404226,0.21199457246868858
2025-12-10,231.77999877929688,206.56796960258643,29.508862255019885,1165.0512871886729,34.13284762788878,20.91806485404226,0.21199457246868858
2025-12-11,230.27999877929688,206.59911723209694,29.508862255019885,1165.0512871886729,34.13284762788878,20.91806485404226,0.21199457246868858
2025-12-12,226.19000244140625,206.57611604174662,29.508862255019885,1165.0512871886729,34.13284762788878,20.91806485404226,0.21199457246868858
2025-12-15,222.5399932861328,206.64424645130492,29.508862255019885,1165.0512871886729,34.13284762788878,20.91806485404226,0.21199457246868858
2025-12-16,222.55999755859372,206.70117321761077,29.508862255019885,1165.0512871886729,34.13284762788878,20.91806485404226,0.21199457246868858
2025-12-17,221.2700042724609,206.6981957332344,29.508862255019885,1165.0512871886729,34.13284762788878,20.91806485404226,0.21199457246868858
2025-12-18,226.75999450683597,206.7338725081721,29.508862255019885,1165.0512871886729,34.13284762788878,20.91806485404226,0.21199457246868858
2025-12-19,227.3500061035156,206.71934946244582,29.508862255019885,1165.0512871886729,34.13284762788878,20.91806485404226,0.21199457246868858
2025-12-22,228.42999267578125,206.83513162125257,29.508862255019885,1165.0512871886729,34.13284762788878,20.91806485404226,0.21199457246868858
2025-12-23,232.13999938964844,206.91442147856358,29.508862255019885,1165.0512871886729,34.13284762788878,20.91806485404226,0.21199457246868858
2025-12-24,232.3800048828125,206.93638817832084,29.508862255019885,1165.0512871886729,34.13284762788878,20.91806485404226,0.21199457246868858
2025-12-26,232.5200042724609,207.0131510741161,29.508862255019885,1165.0512871886729,34.13284762788878,20.91806485404226,0.21199457246868858
2025-12-29,232.07000732421875,207.2180506861872,29.508862255019885,1165.0512871886729,34.13284762788878,20.91806485404226,0.21199457246868858
2025-12-30,232.52999877929688,207.32616308799032,29.508862255019885,1165.0512871886729,34.13284762788878,20.91806485404226,0.21199457246868858
