Date,Actual,Predicted,MAE,MSE,RMSE,MAPE,R2
2023-01-03,52.918922424316406,53.34639,7.786092836286779,154.24378271897496,12.419492047542644,3.6711027390590956,0.9821459554730192
2023-01-04,53.565250396728516,53.38654,7.786092836286779,154.24378271897496,12.419492047542644,3.6711027390590956,0.9821459554730192
2023-01-05,53.066158294677734,52.619087,7.786092836286779,154.24378271897496,12.419492047542644,3.6711027390590956,0.9821459554730192
2023-01-06,56.26053237915039,52.473633,7.786092836286779,154.24378271897496,12.419492047542644,3.6711027390590956,0.9821459554730192
2023-01-09,55.15717697143555,54.181355,7.786092836286779,154.24378271897496,12.419492047542644,3.6711027390590956,0.9821459554730192
2023-01-10,54.96978759765624,53.493954,7.786092836286779,154.24378271897496,12.419492047542644,3.6711027390590956,0.9821459554730192
2023-01-11,55.27670288085937,55.26404,7.786092836286779,154.24378271897496,12.419492047542644,3.6711027390590956,0.9821459554730192
2023-01-12,55.64001846313476,53.804516,7.786092836286779,154.24378271897496,12.419492047542644,3.6711027390590956,0.9821459554730192
2023-01-13,55.35892105102539,55.63419,7.786092836286779,154.24378271897496,12.419492047542644,3.6711027390590956,0.9821459554730192
2023-01-17,55.38186645507812,54.729927,7.786092836286779,154.24378271897496,12.419492047542644,3.6711027390590956,0.9821459554730192
2023-01-18,54.90859222412109,54.286285,7.786092836286779,154.24378271897496,12.419492047542644,3.6711027390590956,0.9821459554730192
2023-01-19,53.850170135498054,55.453632,7.786092836286779,154.24378271897496,12.419492047542644,3.6711027390590956,0.9821459554730192
2023-01-20,54.57299423217773,52.96154,7.786092836286779,154.24378271897496,12.419492047542644,3.6711027390590956,0.9821459554730192
2023-01-23,55.610382080078125,54.822422,7.786092836286779,154.24378271897496,12.419492047542644,3.6711027390590956,0.9821459554730192
2023-01-24,55.93545150756836,55.766853,7.786092836286779,154.24378271897496,12.419492047542644,3.6711027390590956,0.9821459554730192
2023-01-25,55.99760818481445,55.39206,7.786092836286779,154.24378271897496,12.419492047542644,3.6711027390590956,0.9821459554730192
2023-01-26,57.230998992919915,56.07705,7.786092836286779,154.24378271897496,12.419492047542644,3.6711027390590956,0.9821459554730192
2023-01-27,56.50530242919922,55.559994,7.786092836286779,154.24378271897496,12.419492047542644,3.6711027390590956,0.9821459554730192
2023-01-30,55.59317398071289,55.613773,7.786092836286779,154.24378271897496,12.419492047542644,3.6711027390590956,0.9821459554730192
2023-01-31,55.933544158935554,55.45066,7.786092836286779,154.24378271897496,12.419492047542644,3.6711027390590956,0.9821459554730192
2023-02-01,57.62969207763672,54.96444,7.786092836286779,154.24378271897496,12.419492047542644,3.6711027390590956,0.9821459554730192
2023-02-02,57.91843032836914,57.16905,7.786092836286779,154.24378271897496,12.419492047542644,3.6711027390590956,0.9821459554730192
2023-02-03,57.139198303222656,56.737877,7.786092836286779,154.24378271897496,12.419492047542644,3.6711027390590956,0.9821459554730192
2023-02-06,57.49105834960938,56.884045,7.786092836286779,154.24378271897496,12.419492047542644,3.6711027390590956,0.9821459554730192
2023-02-07,58.74834060668945,57.01034,7.786092836286779,154.24378271897496,12.419492047542644,3.6711027390590956,0.9821459554730192
2023-02-08,57.53025436401368,57.65236,7.786092836286779,154.24378271897496,12.419492047542644,3.6711027390590956,0.9821459554730192
2023-02-09,57.31034851074219,57.980896,7.786092836286779,154.24378271897496,12.419492047542644,3.6711027390590956,0.9821459554730192
2023-02-10,56.72138595581055,58.414654,7.786092836286779,154.24378271897496,12.419492047542644,3.6711027390590956,0.9821459554730192
2023-02-13,57.47383499145508,57.381126,7.786092836286779,154.24378271897496,12.419492047542644,3.6711027390590956,0.9821459554730192
2023-02-14,57.58761596679689,57.03715,7.786092836286779,154.24378271897496,12.419492047542644,3.6711027390590956,0.9821459554730192
2023-02-15,58.102005004882805,57.15549,7.786092836286779,154.24378271897496,12.419492047542644,3.6711027390590956,0.9821459554730192
2023-02-16,57.41838836669922,58.874523,7.786092836286779,154.24378271897496,12.419492047542644,3.6711027390590956,0.9821459554730192
2023-02-17,56.945117950439446,57.279976,7.786092836286779,154.24378271897496,12.419492047542644,3.6711027390590956,0.9821459554730192
2023-02-21,55.60177230834961,57.693287,7.786092836286779,154.24378271897496,12.419492047542644,3.6711027390590956,0.9821459554730192
2023-02-22,55.088340759277344,56.699814,7.786092836286779,154.24378271897496,12.419492047542644,3.6711027390590956,0.9821459554730192
2023-02-23,55.817863464355476,56.386776,7.786092836286779,154.24378271897496,12.419492047542644,3.6711027390590956,0.9821459554730192
2023-02-24,55.23940658569336,57.253445,7.786092836286779,154.24378271897496,12.419492047542644,3.6711027390590956,0.9821459554730192
2023-02-27,55.97561264038085,55.275974,7.786092836286779,154.24378271897496,12.419492047542644,3.6711027390590956,0.9821459554730192
2023-02-28,56.82081985473633,56.186234,7.786092836286779,154.24378271897496,12.419492047542644,3.6711027390590956,0.9821459554730192
2023-03-01,56.75197219848633,56.34191,7.786092836286779,154.24378271897496,12.419492047542644,3.6711027390590956,0.9821459554730192
2023-03-02,57.237686157226555,56.822254,7.786092836286779,154.24378271897496,12.419492047542644,3.6711027390590956,0.9821459554730192
2023-03-03,60.49898529052735,57.851925,7.786092836286779,154.24378271897496,12.419492047542644,3.6711027390590956,0.9821459554730192
2023-03-06,60.51428222656249,59.13367,7.786092836286779,154.24378271897496,12.419492047542644,3.6711027390590956,0.9821459554730192
2023-03-07,59.77138137817383,59.332474,7.786092836286779,154.24378271897496,12.419492047542644,3.6711027390590956,0.9821459554730192
2023-03-08,60.4511833190918,59.496437,7.786092836286779,154.24378271897496,12.419492047542644,3.6711027390590956,0.9821459554730192
2023-03-09,59.51992416381836,60.089348,7.786092836286779,154.24378271897496,12.419492047542644,3.6711027390590956,0.9821459554730192
2023-03-10,58.78467178344728,60.041756,7.786092836286779,154.24378271897496,12.419492047542644,3.6711027390590956,0.9821459554730192
2023-03-13,58.94147491455078,59.99835,7.786092836286779,154.24378271897496,12.419492047542644,3.6711027390590956,0.9821459554730192
2023-03-14,60.470298767089844,60.74532,7.786092836286779,154.24378271897496,12.419492047542644,3.6711027390590956,0.9821459554730192
2023-03-15,59.85647964477539,61.03763,7.786092836286779,154.24378271897496,12.419492047542644,3.6711027390590956,0.9821459554730192
2023-03-16,60.85657501220703,59.652077,7.786092836286779,154.24378271897496,12.419492047542644,3.6711027390590956,0.9821459554730192
2023-03-17,60.32783889770508,61.574722,7.786092836286779,154.24378271897496,12.419492047542644,3.6711027390590956,0.9821459554730192
2023-03-20,61.54592514038085,60.822693,7.786092836286779,154.24378271897496,12.419492047542644,3.6711027390590956,0.9821459554730192
2023-03-21,61.31865692138671,62.29087,7.786092836286779,154.24378271897496,12.419492047542644,3.6711027390590956,0.9821459554730192
2023-03-22,60.757225036621094,60.89881,7.786092836286779,154.24378271897496,12.419492047542644,3.6711027390590956,0.9821459554730192
2023-03-23,61.5574836730957,60.589596,7.786092836286779,154.24378271897496,12.419492047542644,3.6711027390590956,0.9821459554730192
2023-03-24,61.262805938720696,61.68744,7.786092836286779,154.24378271897496,12.419492047542644,3.6711027390590956,0.9821459554730192
2023-03-27,60.36432647705078,61.122948,7.786092836286779,154.24378271897496,12.419492047542644,3.6711027390590956,0.9821459554730192
2023-03-28,60.15825653076172,61.279396,7.786092836286779,154.24378271897496,12.419492047542644,3.6711027390590956,0.9821459554730192
2023-03-29,60.235294342041016,61.11094,7.786092836286779,154.24378271897496,12.419492047542644,3.6711027390590956,0.9821459554730192
2023-03-30,61.02976226806641,60.55138,7.786092836286779,154.24378271897496,12.419492047542644,3.6711027390590956,0.9821459554730192
2023-03-31,61.7799301147461,61.01397,7.786092836286779,154.24378271897496,12.419492047542644,3.6711027390590956,0.9821459554730192
2023-04-03,61.869495391845696,61.876328,7.786092836286779,154.24378271897496,12.419492047542644,3.6711027390590956,0.9821459554730192
2023-04-04,61.09332275390626,62.36251,7.786092836286779,154.24378271897496,12.419492047542644,3.6711027390590956,0.9821459554730192
2023-04-05,60.57330322265626,61.430653,7.786092836286779,154.24378271897496,12.419492047542644,3.6711027390590956,0.9821459554730192
2023-04-06,59.95987701416016,61.374863,7.786092836286779,154.24378271897496,12.419492047542644,3.6711027390590956,0.9821459554730192
2023-04-10,60.41728973388672,61.08418,7.786092836286779,154.24378271897496,12.419492047542644,3.6711027390590956,0.9821459554730192
2023-04-11,59.85683059692382,60.757927,7.786092836286779,154.24378271897496,12.419492047542644,3.6711027390590956,0.9821459554730192
2023-04-12,59.38784790039063,60.86196,7.786092836286779,154.24378271897496,12.419492047542644,3.6711027390590956,0.9821459554730192
2023-04-13,60.113956451416016,60.522808,7.786092836286779,154.24378271897496,12.419492047542644,3.6711027390590956,0.9821459554730192
2023-04-14,59.66134643554689,60.878178,7.786092836286779,154.24378271897496,12.419492047542644,3.6711027390590956,0.9821459554730192
2023-04-17,60.41440582275391,60.19134,7.786092836286779,154.24378271897496,12.419492047542644,3.6711027390590956,0.9821459554730192
2023-04-18,60.892051696777344,61.045902,7.786092836286779,154.24378271897496,12.419492047542644,3.6711027390590956,0.9821459554730192
2023-04-19,61.10198211669921,61.086765,7.786092836286779,154.24378271897496,12.419492047542644,3.6711027390590956,0.9821459554730192
2023-04-20,60.95945739746093,61.346134,7.786092836286779,154.24378271897496,12.419492047542644,3.6711027390590956,0.9821459554730192
2023-04-21,60.9478988647461,60.87374,7.786092836286779,154.24378271897496,12.419492047542644,3.6711027390590956,0.9821459554730192
2023-04-24,61.1058349609375,61.900417,7.786092836286779,154.24378271897496,12.419492047542644,3.6711027390590956,0.9821459554730192
2023-04-25,59.9001693725586,61.810715,7.786092836286779,154.24378271897496,12.419492047542644,3.6711027390590956,0.9821459554730192
2023-04-26,59.3387451171875,60.845924,7.786092836286779,154.24378271897496,12.419492047542644,3.6711027390590956,0.9821459554730192
2023-04-27,59.552528381347656,60.812363,7.786092836286779,154.24378271897496,12.419492047542644,3.6711027390590956,0.9821459554730192
2023-04-28,60.33158493041992,60.557716,7.786092836286779,154.24378271897496,12.419492047542644,3.6711027390590956,0.9821459554730192
2023-05-01,61.434219360351555,61.630314,7.786092836286779,154.24378271897496,12.419492047542644,3.6711027390590956,0.9821459554730192
2023-05-02,58.96799087524414,61.708305,7.786092836286779,154.24378271897496,12.419492047542644,3.6711027390590956,0.9821459554730192
2023-05-03,59.0508041381836,60.39617,7.786092836286779,154.24378271897496,12.419492047542644,3.6711027390590956,0.9821459554730192
2023-05-04,58.75805664062499,61.405067,7.786092836286779,154.24378271897496,12.419492047542644,3.6711027390590956,0.9821459554730192
2023-05-05,60.68019485473632,60.028053,7.786092836286779,154.24378271897496,12.419492047542644,3.6711027390590956,0.9821459554730192
2023-05-08,60.578109741210945,61.61592,7.786092836286779,154.24378271897496,12.419492047542644,3.6711027390590956,0.9821459554730192
2023-05-09,59.562156677246094,60.979454,7.786092836286779,154.24378271897496,12.419492047542644,3.6711027390590956,0.9821459554730192
2023-05-10,60.30943298339843,60.627068,7.786092836286779,154.24378271897496,12.419492047542644,3.6711027390590956,0.9821459554730192
2023-05-11,60.44425964355469,60.747,7.786092836286779,154.24378271897496,12.419492047542644,3.6711027390590956,0.9821459554730192
2023-05-12,60.779380798339844,61.74128,7.786092836286779,154.24378271897496,12.419492047542644,3.6711027390590956,0.9821459554730192
2023-05-15,61.61236572265624,62.16477,7.786092836286779,154.24378271897496,12.419492047542644,3.6711027390590956,0.9821459554730192
2023-05-16,61.77030563354492,61.924072,7.786092836286779,154.24378271897496,12.419492047542644,3.6711027390590956,0.9821459554730192
2023-05-17,63.313983917236335,61.536407,7.786092836286779,154.24378271897496,12.419492047542644,3.6711027390590956,0.9821459554730192
2023-05-18,65.28137969970703,62.56649,7.786092836286779,154.24378271897496,12.419492047542644,3.6711027390590956,0.9821459554730192
2023-05-19,65.70028686523438,64.339676,7.786092836286779,154.24378271897496,12.419492047542644,3.6711027390590956,0.9821459554730192
2023-05-22,65.32664489746094,65.515564,7.786092836286779,154.24378271897496,12.419492047542644,3.6711027390590956,0.9821459554730192
2023-05-23,66.10955810546875,65.11496,7.786092836286779,154.24378271897496,12.419492047542644,3.6711027390590956,0.9821459554730192
2023-05-24,65.4383544921875,65.89392,7.786092836286779,154.24378271897496,12.419492047542644,3.6711027390590956,0.9821459554730192
2023-05-25,70.18302154541016,65.60961,7.786092836286779,154.24378271897496,12.419492047542644,3.6711027390590956,0.9821459554730192
2023-05-26,78.26543426513672,69.31038,7.786092836286779,154.24378271897496,12.419492047542644,3.6711027390590956,0.9821459554730192
2023-05-30,77.3611831665039,75.11942,7.786092836286779,154.24378271897496,12.419492047542644,3.6711027390590956,0.9821459554730192
2023-05-31,77.80606842041016,74.03599,7.786092836286779,154.24378271897496,12.419492047542644,3.6711027390590956,0.9821459554730192
2023-06-01,76.07173919677734,75.88217,7.786092836286779,154.24378271897496,12.419492047542644,3.6711027390590956,0.9821459554730192
2023-06-02,78.19512939453125,75.48671,7.786092836286779,154.24378271897496,12.419492047542644,3.6711027390590956,0.9821459554730192
2023-06-05,77.26101684570312,78.24899,7.786092836286779,154.24378271897496,12.419492047542644,3.6711027390590956,0.9821459554730192
2023-06-06,76.0765609741211,76.886284,7.786092836286779,154.24378271897496,12.419492047542644,3.6711027390590956,0.9821459554730192
2023-06-07,76.3298110961914,77.02582,7.786092836286779,154.24378271897496,12.419492047542644,3.6711027390590956,0.9821459554730192
2023-06-08,77.44400024414062,75.59198,7.786092836286779,154.24378271897496,12.419492047542644,3.6711027390590956,0.9821459554730192
2023-06-09,77.48442840576172,76.989655,7.786092836286779,154.24378271897496,12.419492047542644,3.6711027390590956,0.9821459554730192
2023-06-12,82.37068939208984,77.641136,7.786092836286779,154.24378271897496,12.419492047542644,3.6711027390590956,0.9821459554730192
2023-06-13,81.96237182617188,80.72731,7.786092836286779,154.24378271897496,12.419492047542644,3.6711027390590956,0.9821459554730192
2023-06-14,85.33861541748047,79.83376,7.786092836286779,154.24378271897496,12.419492047542644,3.6711027390590956,0.9821459554730192
2023-06-15,85.07379913330078,82.32082,7.786092836286779,154.24378271897496,12.419492047542644,3.6711027390590956,0.9821459554730192
2023-06-16,83.59849548339844,81.538956,7.786092836286779,154.24378271897496,12.419492047542644,3.6711027390590956,0.9821459554730192
2023-06-20,83.59078216552734,83.431564,7.786092836286779,154.24378271897496,12.419492047542644,3.6711027390590956,0.9821459554730192
2023-06-21,82.0640640258789,82.297165,7.786092836286779,154.24378271897496,12.419492047542644,3.6711027390590956,0.9821459554730192
2023-06-22,81.5577163696289,80.84934,7.786092836286779,154.24378271897496,12.419492047542644,3.6711027390590956,0.9821459554730192
2023-06-23,79.59436798095703,81.15817,7.786092836286779,154.24378271897496,12.419492047542644,3.6711027390590956,0.9821459554730192
2023-06-26,79.54402160644531,78.32311,7.786092836286779,154.24378271897496,12.419492047542644,3.6711027390590956,0.9821459554730192
2023-06-27,82.13568878173828,80.40122,7.786092836286779,154.24378271897496,12.419492047542644,3.6711027390590956,0.9821459554730192
2023-06-28,82.09115600585938,81.12613,7.786092836286779,154.24378271897496,12.419492047542644,3.6711027390590956,0.9821459554730192
2023-06-29,83.50753021240234,80.73448,7.786092836286779,154.24378271897496,12.419492047542644,3.6711027390590956,0.9821459554730192
2023-06-30,83.97803497314453,82.882935,7.786092836286779,154.24378271897496,12.419492047542644,3.6711027390590956,0.9821459554730192
2023-07-03,84.8503189086914,80.98478,7.786092836286779,154.24378271897496,12.419492047542644,3.6711027390590956,0.9821459554730192
2023-07-05,83.43880462646484,81.80767,7.786092836286779,154.24378271897496,12.419492047542644,3.6711027390590956,0.9821459554730192
2023-07-06,82.09696197509766,80.467354,7.786092836286779,154.24378271897496,12.419492047542644,3.6711027390590956,0.9821459554730192
2023-07-07,81.97595977783203,80.467735,7.786092836286779,154.24378271897496,12.419492047542644,3.6711027390590956,0.9821459554730192
2023-07-10,84.97520446777344,82.63593,7.786092836286779,154.24378271897496,12.419492047542644,3.6711027390590956,0.9821459554730192
2023-07-11,85.39342498779297,82.58596,7.786092836286779,154.24378271897496,12.419492047542644,3.6711027390590956,0.9821459554730192
2023-07-12,86.15826416015625,82.98364,7.786092836286779,154.24378271897496,12.419492047542644,3.6711027390590956,0.9821459554730192
2023-07-13,86.19795989990234,83.78218,7.786092836286779,154.24378271897496,12.419492047542644,3.6711027390590956,0.9821459554730192
2023-07-14,86.02562713623047,83.41389,7.786092836286779,154.24378271897496,12.419492047542644,3.6711027390590956,0.9821459554730192
2023-07-17,88.13320922851562,85.34309,7.786092836286779,154.24378271897496,12.419492047542644,3.6711027390590956,0.9821459554730192
2023-07-18,87.4632797241211,86.0404,7.786092836286779,154.24378271897496,12.419492047542644,3.6711027390590956,0.9821459554730192
2023-07-19,87.26386260986328,85.60263,7.786092836286779,154.24378271897496,12.419492047542644,3.6711027390590956,0.9821459554730192
2023-07-20,86.00238800048828,85.23081,7.786092836286779,154.24378271897496,12.419492047542644,3.6711027390590956,0.9821459554730192
2023-07-21,86.81658172607422,83.64369,7.786092836286779,154.24378271897496,12.419492047542644,3.6711027390590956,0.9821459554730192
2023-07-24,87.28514862060547,85.624794,7.786092836286779,154.24378271897496,12.419492047542644,3.6711027390590956,0.9821459554730192
2023-07-25,88.87287902832031,85.14359,7.786092836286779,154.24378271897496,12.419492047542644,3.6711027390590956,0.9821459554730192
2023-07-26,86.46224975585938,87.96412,7.786092836286779,154.24378271897496,12.419492047542644,3.6711027390590956,0.9821459554730192
2023-07-27,86.50482940673828,84.46304,7.786092836286779,154.24378271897496,12.419492047542644,3.6711027390590956,0.9821459554730192
2023-07-28,87.11087799072266,84.95034,7.786092836286779,154.24378271897496,12.419492047542644,3.6711027390590956,0.9821459554730192
2023-07-31,87.00052642822266,85.749565,7.786092836286779,154.24378271897496,12.419492047542644,3.6711027390590956,0.9821459554730192
2023-08-01,89.06745910644531,85.59245,7.786092836286779,154.24378271897496,12.419492047542644,3.6711027390590956,0.9821459554730192
2023-08-02,86.38578033447266,86.85494,7.786092836286779,154.24378271897496,12.419492047542644,3.6711027390590956,0.9821459554730192
2023-08-03,85.67710876464844,83.46568,7.786092836286779,154.24378271897496,12.419492047542644,3.6711027390590956,0.9821459554730192
2023-08-04,85.3547134399414,83.39427,7.786092836286779,154.24378271897496,12.419492047542644,3.6711027390590956,0.9821459554730192
2023-08-07,86.84659576416016,84.341965,7.786092836286779,154.24378271897496,12.419492047542644,3.6711027390590956,0.9821459554730192
2023-08-08,85.50090026855469,85.85111,7.786092836286779,154.24378271897496,12.419492047542644,3.6711027390590956,0.9821459554730192
2023-08-09,82.36126708984375,84.7198,7.786092836286779,154.24378271897496,12.419492047542644,3.6711027390590956,0.9821459554730192
2023-08-10,81.60323333740234,80.48035,7.786092836286779,154.24378271897496,12.419492047542644,3.6711027390590956,0.9821459554730192
2023-08-11,80.33111572265625,80.88096,7.786092836286779,154.24378271897496,12.419492047542644,3.6711027390590956,0.9821459554730192
2023-08-14,82.68753051757812,80.15679,7.786092836286779,154.24378271897496,12.419492047542644,3.6711027390590956,0.9821459554730192
2023-08-15,81.56643676757812,82.24996,7.786092836286779,154.24378271897496,12.419492047542644,3.6711027390590956,0.9821459554730192
2023-08-16,80.64381408691406,80.84525,7.786092836286779,154.24378271897496,12.419492047542644,3.6711027390590956,0.9821459554730192
2023-08-17,80.0735855102539,79.28479,7.786092836286779,154.24378271897496,12.419492047542644,3.6711027390590956,0.9821459554730192
2023-08-18,79.95160675048828,79.45171,7.786092836286779,154.24378271897496,12.419492047542644,3.6711027390590956,0.9821459554730192
2023-08-21,83.75633239746094,79.70185,7.786092836286779,154.24378271897496,12.419492047542644,3.6711027390590956,0.9821459554730192
2023-08-22,82.85114288330078,83.145615,7.786092836286779,154.24378271897496,12.419492047542644,3.6711027390590956,0.9821459554730192
2023-08-23,84.86387634277344,83.26921,7.786092836286779,154.24378271897496,12.419492047542644,3.6711027390590956,0.9821459554730192
2023-08-24,82.7223892211914,83.98831,7.786092836286779,154.24378271897496,12.419492047542644,3.6711027390590956,0.9821459554730192
2023-08-25,82.46680450439453,82.08316,7.786092836286779,154.24378271897496,12.419492047542644,3.6711027390590956,0.9821459554730192
2023-08-28,83.36327362060547,83.74813,7.786092836286779,154.24378271897496,12.419492047542644,3.6711027390590956,0.9821459554730192
2023-08-29,86.15630340576172,83.754974,7.786092836286779,154.24378271897496,12.419492047542644,3.6711027390590956,0.9821459554730192
2023-08-30,86.38382720947266,86.58044,7.786092836286779,154.24378271897496,12.419492047542644,3.6711027390590956,0.9821459554730192
2023-08-31,89.3472671508789,85.77088,7.786092836286779,154.24378271897496,12.419492047542644,3.6711027390590956,0.9821459554730192
2023-09-01,84.47080993652344,87.76613,7.786092836286779,154.24378271897496,12.419492047542644,3.6711027390590956,0.9821459554730192
2023-09-05,84.43692779541016,85.44845,7.786092836286779,154.24378271897496,12.419492047542644,3.6711027390590956,0.9821459554730192
2023-09-06,84.44660186767578,86.62237,7.786092836286779,154.24378271897496,12.419492047542644,3.6711027390590956,0.9821459554730192
2023-09-07,82.97119903564453,86.64377,7.786092836286779,154.24378271897496,12.419492047542644,3.6711027390590956,0.9821459554730192
2023-09-08,83.0215072631836,86.49915,7.786092836286779,154.24378271897496,12.419492047542644,3.6711027390590956,0.9821459554730192
2023-09-11,83.17546081542969,85.58846,7.786092836286779,154.24378271897496,12.419492047542644,3.6711027390590956,0.9821459554730192
2023-09-12,81.76007843017578,85.113914,7.786092836286779,154.24378271897496,12.419492047542644,3.6711027390590956,0.9821459554730192
2023-09-13,82.57426452636719,83.63469,7.786092836286779,154.24378271897496,12.419492047542644,3.6711027390590956,0.9821459554730192
2023-09-14,84.3856201171875,84.05409,7.786092836286779,154.24378271897496,12.419492047542644,3.6711027390590956,0.9821459554730192
2023-09-15,82.4532470703125,86.83741,7.786092836286779,154.24378271897496,12.419492047542644,3.6711027390590956,0.9821459554730192
2023-09-18,82.29058837890625,84.266945,7.786092836286779,154.24378271897496,12.419492047542644,3.6711027390590956,0.9821459554730192
2023-09-19,82.21314239501953,83.00259,7.786092836286779,154.24378271897496,12.419492047542644,3.6711027390590956,0.9821459554730192
2023-09-20,80.84746551513672,83.059975,7.786092836286779,154.24378271897496,12.419492047542644,3.6711027390590956,0.9821459554730192
2023-09-21,78.68556213378906,81.58792,7.786092836286779,154.24378271897496,12.419492047542644,3.6711027390590956,0.9821459554730192
2023-09-22,80.70243835449219,82.4067,7.786092836286779,154.24378271897496,12.419492047542644,3.6711027390590956,0.9821459554730192
2023-09-25,81.1706314086914,83.608055,7.786092836286779,154.24378271897496,12.419492047542644,3.6711027390590956,0.9821459554730192
2023-09-26,79.44772338867188,80.92843,7.786092836286779,154.24378271897496,12.419492047542644,3.6711027390590956,0.9821459554730192
2023-09-27,79.50807189941406,82.02503,7.786092836286779,154.24378271897496,12.419492047542644,3.6711027390590956,0.9821459554730192
2023-09-28,80.98666381835938,80.719246,7.786092836286779,154.24378271897496,12.419492047542644,3.6711027390590956,0.9821459554730192
2023-09-29,80.84844207763672,83.090744,7.786092836286779,154.24378271897496,12.419492047542644,3.6711027390590956,0.9821459554730192
2023-10-02,81.27381896972656,83.025,7.786092836286779,154.24378271897496,12.419492047542644,3.6711027390590956,0.9821459554730192
2023-10-03,79.31533813476562,83.31118,7.786092836286779,154.24378271897496,12.419492047542644,3.6711027390590956,0.9821459554730192
2023-10-04,80.18946075439453,81.26028,7.786092836286779,154.24378271897496,12.419492047542644,3.6711027390590956,0.9821459554730192
2023-10-05,80.19432067871094,81.751785,7.786092836286779,154.24378271897496,12.419492047542644,3.6711027390590956,0.9821459554730192
2023-10-06,82.27738189697266,81.86814,7.786092836286779,154.24378271897496,12.419492047542644,3.6711027390590956,0.9821459554730192
2023-10-09,83.31114196777344,84.75514,7.786092836286779,154.24378271897496,12.419492047542644,3.6711027390590956,0.9821459554730192
2023-10-10,83.55740356445312,85.498955,7.786092836286779,154.24378271897496,12.419492047542644,3.6711027390590956,0.9821459554730192
2023-10-11,85.12944793701172,85.1256,7.786092836286779,154.24378271897496,12.419492047542644,3.6711027390590956,0.9821459554730192
2023-10-12,88.15087890625,85.516205,7.786092836286779,154.24378271897496,12.419492047542644,3.6711027390590956,0.9821459554730192
2023-10-13,85.96851348876953,88.42321,7.786092836286779,154.24378271897496,12.419492047542644,3.6711027390590956,0.9821459554730192
2023-10-16,87.85594177246094,87.913345,7.786092836286779,154.24378271897496,12.419492047542644,3.6711027390590956,0.9821459554730192
2023-10-17,86.0872802734375,89.77911,7.786092836286779,154.24378271897496,12.419492047542644,3.6711027390590956,0.9821459554730192
2023-10-18,86.34327697753906,87.45797,7.786092836286779,154.24378271897496,12.419492047542644,3.6711027390590956,0.9821459554730192
2023-10-19,84.4743423461914,87.95784,7.786092836286779,154.24378271897496,12.419492047542644,3.6711027390590956,0.9821459554730192
2023-10-20,83.09211730957031,87.16894,7.786092836286779,154.24378271897496,12.419492047542644,3.6711027390590956,0.9821459554730192
2023-10-23,83.92828369140625,87.87317,7.786092836286779,154.24378271897496,12.419492047542644,3.6711027390590956,0.9821459554730192
2023-10-24,85.76702117919922,87.2162,7.786092836286779,154.24378271897496,12.419492047542644,3.6711027390590956,0.9821459554730192
2023-10-25,82.7027587890625,87.55654,7.786092836286779,154.24378271897496,12.419492047542644,3.6711027390590956,0.9821459554730192
2023-10-26,80.47563934326172,85.14957,7.786092836286779,154.24378271897496,12.419492047542644,3.6711027390590956,0.9821459554730192
2023-10-27,81.60575103759766,84.840904,7.786092836286779,154.24378271897496,12.419492047542644,3.6711027390590956,0.9821459554730192
2023-10-30,81.8870620727539,84.03437,7.786092836286779,154.24378271897496,12.419492047542644,3.6711027390590956,0.9821459554730192
2023-10-31,81.89875030517578,84.62487,7.786092836286779,154.24378271897496,12.419492047542644,3.6711027390590956,0.9821459554730192
2023-11-01,83.02495574951172,84.021774,7.786092836286779,154.24378271897496,12.419492047542644,3.6711027390590956,0.9821459554730192
2023-11-02,84.8121109008789,83.839554,7.786092836286779,154.24378271897496,12.419492047542644,3.6711027390590956,0.9821459554730192
2023-11-03,85.91983795166016,83.819496,7.786092836286779,154.24378271897496,12.419492047542644,3.6711027390590956,0.9821459554730192
2023-11-06,85.73976135253906,84.8674,7.786092836286779,154.24378271897496,12.419492047542644,3.6711027390590956,0.9821459554730192
2023-11-07,87.39356231689453,86.98305,7.786092836286779,154.24378271897496,12.419492047542644,3.6711027390590956,0.9821459554730192
2023-11-08,88.68914794921875,88.04068,7.786092836286779,154.24378271897496,12.419492047542644,3.6711027390590956,0.9821459554730192
2023-11-09,88.7135009765625,88.61328,7.786092836286779,154.24378271897496,12.419492047542644,3.6711027390590956,0.9821459554730192
2023-11-10,93.20475769042967,87.21311,7.786092836286779,154.24378271897496,12.419492047542644,3.6711027390590956,0.9821459554730192
2023-11-13,92.17391204833984,91.106125,7.786092836286779,154.24378271897496,12.419492047542644,3.6711027390590956,0.9821459554730192
2023-11-14,94.70767211914062,91.93311,7.786092836286779,154.24378271897496,12.419492047542644,3.6711027390590956,0.9821459554730192
2023-11-15,94.9451904296875,95.237015,7.786092836286779,154.24378271897496,12.419492047542644,3.6711027390590956,0.9821459554730192
2023-11-16,93.40235137939452,93.84221,7.786092836286779,154.24378271897496,12.419492047542644,3.6711027390590956,0.9821459554730192
2023-11-17,95.17198181152344,94.848465,7.786092836286779,154.24378271897496,12.419492047542644,3.6711027390590956,0.9821459554730192
2023-11-20,96.92215728759766,95.23626,7.786092836286779,154.24378271897496,12.419492047542644,3.6711027390590956,0.9821459554730192
2023-11-21,95.509765625,97.17296,7.786092836286779,154.24378271897496,12.419492047542644,3.6711027390590956,0.9821459554730192
2023-11-22,94.61422729492188,97.1584,7.786092836286779,154.24378271897496,12.419492047542644,3.6711027390590956,0.9821459554730192
2023-11-24,95.282958984375,95.76024,7.786092836286779,154.24378271897496,12.419492047542644,3.6711027390590956,0.9821459554730192
2023-11-27,92.49612426757812,96.65906,7.786092836286779,154.24378271897496,12.419492047542644,3.6711027390590956,0.9821459554730192
2023-11-28,92.11746215820312,94.5283,7.786092836286779,154.24378271897496,12.419492047542644,3.6711027390590956,0.9821459554730192
2023-11-29,91.58014678955078,93.780945,7.786092836286779,154.24378271897496,12.419492047542644,3.6711027390590956,0.9821459554730192
2023-11-30,90.11031341552734,93.1273,7.786092836286779,154.24378271897496,12.419492047542644,3.6711027390590956,0.9821459554730192
2023-12-01,90.52596282958984,91.689285,7.786092836286779,154.24378271897496,12.419492047542644,3.6711027390590956,0.9821459554730192
2023-12-04,89.9389877319336,92.021805,7.786092836286779,154.24378271897496,12.419492047542644,3.6711027390590956,0.9821459554730192
2023-12-05,88.88286590576172,91.32605,7.786092836286779,154.24378271897496,12.419492047542644,3.6711027390590956,0.9821459554730192
2023-12-06,87.9600830078125,88.6983,7.786092836286779,154.24378271897496,12.419492047542644,3.6711027390590956,0.9821459554730192
2023-12-07,89.77253723144531,89.29504,7.786092836286779,154.24378271897496,12.419492047542644,3.6711027390590956,0.9821459554730192
2023-12-08,91.91791534423828,90.604355,7.786092836286779,154.24378271897496,12.419492047542644,3.6711027390590956,0.9821459554730192
2023-12-11,100.18595886230467,90.197754,7.786092836286779,154.24378271897496,12.419492047542644,3.6711027390590956,0.9821459554730192
2023-12-12,104.37546539306642,97.49977,7.786092836286779,154.24378271897496,12.419492047542644,3.6711027390590956,0.9821459554730192
2023-12-13,106.07015228271484,98.40296,7.786092836286779,154.24378271897496,12.419492047542644,3.6711027390590956,0.9821459554730192
2023-12-14,107.7054443359375,101.56034,7.786092836286779,154.24378271897496,12.419492047542644,3.6711027390590956,0.9821459554730192
2023-12-15,109.96859741210938,103.74813,7.786092836286779,154.24378271897496,12.419492047542644,3.6711027390590956,0.9821459554730192
2023-12-18,111.648681640625,106.25865,7.786092836286779,154.24378271897496,12.419492047542644,3.6711027390590956,0.9821459554730192
2023-12-19,111.43648529052733,108.68117,7.786092836286779,154.24378271897496,12.419492047542644,3.6711027390590956,0.9821459554730192
2023-12-20,108.58110809326172,109.3449,7.786092836286779,154.24378271897496,12.419492047542644,3.6711027390590956,0.9821459554730192
2023-12-21,110.23468017578124,107.29662,7.786092836286779,154.24378271897496,12.419492047542644,3.6711027390590956,0.9821459554730192
2023-12-22,109.71541595458986,109.10753,7.786092836286779,154.24378271897496,12.419492047542644,3.6711027390590956,0.9821459554730192
2023-12-26,110.68450164794922,109.24171,7.786092836286779,154.24378271897496,12.419492047542644,3.6711027390590956,0.9821459554730192
2023-12-27,110.12516021728517,110.48186,7.786092836286779,154.24378271897496,12.419492047542644,3.6711027390590956,0.9821459554730192
2023-12-28,109.7574691772461,108.50706,7.786092836286779,154.24378271897496,12.419492047542644,3.6711027390590956,0.9821459554730192
2023-12-29,109.15511322021484,108.826225,7.786092836286779,154.24378271897496,12.419492047542644,3.6711027390590956,0.9821459554730192
2024-01-02,106.1364212036133,106.99362,7.786092836286779,154.24378271897496,12.419492047542644,3.6711027390590956,0.9821459554730192
2024-01-03,103.51571655273438,106.82952,7.786092836286779,154.24378271897496,12.419492047542644,3.6711027390590956,0.9821459554730192
2024-01-04,102.57988739013672,105.55071,7.786092836286779,154.24378271897496,12.419492047542644,3.6711027390590956,0.9821459554730192
2024-01-05,102.60629272460938,102.11376,7.786092836286779,154.24378271897496,12.419492047542644,3.6711027390590956,0.9821459554730192
2024-01-08,105.10671997070312,102.00567,7.786092836286779,154.24378271897496,12.419492047542644,3.6711027390590956,0.9821459554730192
2024-01-09,105.8538055419922,102.889465,7.786092836286779,154.24378271897496,12.419492047542644,3.6711027390590956,0.9821459554730192
2024-01-10,105.66605377197266,104.47441,7.786092836286779,154.24378271897496,12.419492047542644,3.6711027390590956,0.9821459554730192
2024-01-11,107.5641098022461,104.21488,7.786092836286779,154.24378271897496,12.419492047542644,3.6711027390590956,0.9821459554730192
2024-01-12,108.3170700073242,105.20448,7.786092836286779,154.24378271897496,12.419492047542644,3.6711027390590956,0.9821459554730192
2024-01-16,109.02896118164062,106.53525,7.786092836286779,154.24378271897496,12.419492047542644,3.6711027390590956,0.9821459554730192
2024-01-17,107.92494201660158,106.93985,7.786092836286779,154.24378271897496,12.419492047542644,3.6711027390590956,0.9821459554730192
2024-01-18,111.85990142822267,105.04315,7.786092836286779,154.24378271897496,12.419492047542644,3.6711027390590956,0.9821459554730192
2024-01-19,118.44001770019533,108.325554,7.786092836286779,154.24378271897496,12.419492047542644,3.6711027390590956,0.9821459554730192
2024-01-22,119.34944152832034,111.41356,7.786092836286779,154.24378271897496,12.419492047542644,3.6711027390590956,0.9821459554730192
2024-01-23,119.91756439208986,114.92264,7.786092836286779,154.24378271897496,12.419492047542644,3.6711027390590956,0.9821459554730192
2024-01-24,122.61259460449222,116.72912,7.786092836286779,154.24378271897496,12.419492047542644,3.6711027390590956,0.9821459554730192
2024-01-25,120.27841949462889,117.345795,7.786092836286779,154.24378271897496,12.419492047542644,3.6711027390590956,0.9821459554730192
2024-01-26,117.82199859619139,117.09068,7.786092836286779,154.24378271897496,12.419492047542644,3.6711027390590956,0.9821459554730192
2024-01-29,119.08248138427734,116.9212,7.786092836286779,154.24378271897496,12.419492047542644,3.6711027390590956,0.9821459554730192
2024-01-30,118.14274597167967,118.308,7.786092836286779,154.24378271897496,12.419492047542644,3.6711027390590956,0.9821459554730192
2024-01-31,115.38904571533205,116.63614,7.786092836286779,154.24378271897496,12.419492047542644,3.6711027390590956,0.9821459554730192
2024-02-01,117.34577941894533,113.6791,7.786092836286779,154.24378271897496,12.419492047542644,3.6711027390590956,0.9821459554730192
2024-02-02,119.72494506835939,115.61657,7.786092836286779,154.24378271897496,12.419492047542644,3.6711027390590956,0.9821459554730192
2024-02-05,121.5594253540039,116.89823,7.786092836286779,154.24378271897496,12.419492047542644,3.6711027390590956,0.9821459554730192
2024-02-06,119.55968475341797,118.655754,7.786092836286779,154.24378271897496,12.419492047542644,3.6711027390590956,0.9821459554730192
2024-02-07,122.92455291748048,117.23062,7.786092836286779,154.24378271897496,12.419492047542644,3.6711027390590956,0.9821459554730192
2024-02-08,124.65536499023438,119.97116,7.786092836286779,154.24378271897496,12.419492047542644,3.6711027390590956,0.9821459554730192
2024-02-09,125.50416564941406,120.44878,7.786092836286779,154.24378271897496,12.419492047542644,3.6711027390590956,0.9821459554730192
2024-02-12,123.7009735107422,122.67347,7.786092836286779,154.24378271897496,12.419492047542644,3.6711027390590956,0.9821459554730192
2024-02-13,122.3955078125,120.92699,7.786092836286779,154.24378271897496,12.419492047542644,3.6711027390590956,0.9821459554730192
2024-02-14,123.42913055419922,120.0478,7.786092836286779,154.24378271897496,12.419492047542644,3.6711027390590956,0.9821459554730192
2024-02-15,123.70782470703124,120.65976,7.786092836286779,154.24378271897496,12.419492047542644,3.6711027390590956,0.9821459554730192
2024-02-16,121.79216766357422,122.69852,7.786092836286779,154.24378271897496,12.419492047542644,3.6711027390590956,0.9821459554730192
2024-02-20,119.94104766845706,122.005974,7.786092836286779,154.24378271897496,12.419492047542644,3.6711027390590956,0.9821459554730192
2024-02-21,120.02906799316405,120.32247,7.786092836286779,154.24378271897496,12.419492047542644,3.6711027390590956,0.9821459554730192
2024-02-22,127.60269927978514,119.71115,7.786092836286779,154.24378271897496,12.419492047542644,3.6711027390590956,0.9821459554730192
2024-02-23,126.76854705810548,124.50237,7.786092836286779,154.24378271897496,12.419492047542644,3.6711027390590956,0.9821459554730192
2024-02-26,128.01632690429688,121.971954,7.786092836286779,154.24378271897496,12.419492047542644,3.6711027390590956,0.9821459554730192
2024-02-27,126.75486755371094,123.079735,7.786092836286779,154.24378271897496,12.419492047542644,3.6711027390590956,0.9821459554730192
2024-02-28,126.08894348144533,121.468765,7.786092836286779,154.24378271897496,12.419492047542644,3.6711027390590956,0.9821459554730192
2024-02-29,127.1714324951172,122.98327,7.786092836286779,154.24378271897496,12.419492047542644,3.6711027390590956,0.9821459554730192
2024-03-01,136.82110595703125,124.354485,7.786092836286779,154.24378271897496,12.419492047542644,3.6711027390590956,0.9821459554730192
2024-03-04,137.12326049804688,131.17606,7.786092836286779,154.24378271897496,12.419492047542644,3.6711027390590956,0.9821459554730192
2024-03-05,131.30392456054688,128.6263,7.786092836286779,154.24378271897496,12.419492047542644,3.6711027390590956,0.9821459554730192
2024-03-06,132.0128936767578,125.92888,7.786092836286779,154.24378271897496,12.419492047542644,3.6711027390590956,0.9821459554730192
2024-03-07,137.58775329589844,128.58931,7.786092836286779,154.24378271897496,12.419492047542644,3.6711027390590956,0.9821459554730192
2024-03-08,127.97623443603517,134.24937,7.786092836286779,154.24378271897496,12.419492047542644,3.6711027390590956,0.9821459554730192
2024-03-11,126.45075225830078,129.1226,7.786092836286779,154.24378271897496,12.419492047542644,3.6711027390590956,0.9821459554730192
2024-03-12,126.32948303222655,128.64307,7.786092836286779,154.24378271897496,12.419492047542644,3.6711027390590956,0.9821459554730192
2024-03-13,123.00375366210939,125.02964,7.786092836286779,154.24378271897496,12.419492047542644,3.6711027390590956,0.9821459554730192
2024-03-14,123.43402099609375,123.96339,7.786092836286779,154.24378271897496,12.419492047542644,3.6711027390590956,0.9821459554730192
2024-03-15,120.81624603271486,126.22961,7.786092836286779,154.24378271897496,12.419492047542644,3.6711027390590956,0.9821459554730192
2024-03-18,120.98640441894533,123.61684,7.786092836286779,154.24378271897496,12.419492047542644,3.6711027390590956,0.9821459554730192
2024-03-19,121.06170654296875,121.66544,7.786092836286779,154.24378271897496,12.419492047542644,3.6711027390590956,0.9821459554730192
2024-03-20,125.30802917480467,119.47004,7.786092836286779,154.24378271897496,12.419492047542644,3.6711027390590956,0.9821459554730192
2024-03-21,132.37869262695312,125.50995,7.786092836286779,154.24378271897496,12.419492047542644,3.6711027390590956,0.9821459554730192
2024-03-22,132.91587829589844,127.95193,7.786092836286779,154.24378271897496,12.419492047542644,3.6711027390590956,0.9821459554730192
2024-03-25,132.7302703857422,128.26718,7.786092836286779,154.24378271897496,12.419492047542644,3.6711027390590956,0.9821459554730192
2024-03-26,130.7573699951172,129.35759,7.786092836286779,154.24378271897496,12.419492047542644,3.6711027390590956,0.9821459554730192
2024-03-27,129.5042724609375,127.265656,7.786092836286779,154.24378271897496,12.419492047542644,3.6711027390590956,0.9821459554730192
2024-03-28,130.1602783203125,129.28731,7.786092836286779,154.24378271897496,12.419492047542644,3.6711027390590956,0.9821459554730192
2024-04-01,132.60064697265625,129.31392,7.786092836286779,154.24378271897496,12.419492047542644,3.6711027390590956,0.9821459554730192
2024-04-02,131.4713134765625,129.2808,7.786092836286779,154.24378271897496,12.419492047542644,3.6711027390590956,0.9821459554730192
2024-04-03,133.87237548828125,129.44301,7.786092836286779,154.24378271897496,12.419492047542644,3.6711027390590956,0.9821459554730192
2024-04-04,129.38348388671875,130.01813,7.786092836286779,154.24378271897496,12.419492047542644,3.6711027390590956,0.9821459554730192
2024-04-05,131.53707885742188,130.41917,7.786092836286779,154.24378271897496,12.419492047542644,3.6711027390590956,0.9821459554730192
2024-04-08,131.21009826660156,131.1738,7.786092836286779,154.24378271897496,12.419492047542644,3.6711027390590956,0.9821459554730192
2024-04-09,131.01170349121094,127.48557,7.786092836286779,154.24378271897496,12.419492047542644,3.6711027390590956,0.9821459554730192
2024-04-10,129.86172485351562,131.77821,7.786092836286779,154.24378271897496,12.419492047542644,3.6711027390590956,0.9821459554730192
2024-04-11,135.7628173828125,128.7341,7.786092836286779,154.24378271897496,12.419492047542644,3.6711027390590956,0.9821459554730192
2024-04-12,131.9927520751953,133.10745,7.786092836286779,154.24378271897496,12.419492047542644,3.6711027390590956,0.9821459554730192
2024-04-15,128.7147216796875,130.0751,7.786092836286779,154.24378271897496,12.419492047542644,3.6711027390590956,0.9821459554730192
2024-04-16,130.51873779296875,129.8265,7.786092836286779,154.24378271897496,12.419492047542644,3.6711027390590956,0.9821459554730192
2024-04-17,125.95912170410156,131.94513,7.786092836286779,154.24378271897496,12.419492047542644,3.6711027390590956,0.9821459554730192
2024-04-18,123.63758850097656,126.73977,7.786092836286779,154.24378271897496,12.419492047542644,3.6711027390590956,0.9821459554730192
2024-04-19,118.30708312988281,127.62171,7.786092836286779,154.24378271897496,12.419492047542644,3.6711027390590956,0.9821459554730192
2024-04-22,120.24659729003906,121.895775,7.786092836286779,154.24378271897496,12.419492047542644,3.6711027390590956,0.9821459554730192
2024-04-23,122.67518615722656,122.23609,7.786092836286779,154.24378271897496,12.419492047542644,3.6711027390590956,0.9821459554730192
2024-04-24,123.42447662353516,122.95491,7.786092836286779,154.24378271897496,12.419492047542644,3.6711027390590956,0.9821459554730192
2024-04-25,127.11695098876952,123.73115,7.786092836286779,154.24378271897496,12.419492047542644,3.6711027390590956,0.9821459554730192
2024-04-26,131.9927520751953,123.95649,7.786092836286779,154.24378271897496,12.419492047542644,3.6711027390590956,0.9821459554730192
2024-04-29,131.45755004882812,127.33144,7.786092836286779,154.24378271897496,12.419492047542644,3.6711027390590956,0.9821459554730192
2024-04-30,127.6914291381836,127.95541,7.786092836286779,154.24378271897496,12.419492047542644,3.6711027390590956,0.9821459554730192
2024-05-01,122.05356597900389,129.22466,7.786092836286779,154.24378271897496,12.419492047542644,3.6711027390590956,0.9821459554730192
2024-05-02,121.6322555541992,126.61789,7.786092836286779,154.24378271897496,12.419492047542644,3.6711027390590956,0.9821459554730192
2024-05-03,125.51523590087889,127.09633,7.786092836286779,154.24378271897496,12.419492047542644,3.6711027390590956,0.9821459554730192
2024-05-06,128.67739868164062,123.84736,7.786092836286779,154.24378271897496,12.419492047542644,3.6711027390590956,0.9821459554730192
2024-05-07,127.97032165527342,129.23935,7.786092836286779,154.24378271897496,12.419492047542644,3.6711027390590956,0.9821459554730192
2024-05-08,130.15635681152344,127.43715,7.786092836286779,154.24378271897496,12.419492047542644,3.6711027390590956,0.9821459554730192
2024-05-09,128.2217254638672,128.79799,7.786092836286779,154.24378271897496,12.419492047542644,3.6711027390590956,0.9821459554730192
2024-05-10,130.885986328125,131.43669,7.786092836286779,154.24378271897496,12.419492047542644,3.6711027390590956,0.9821459554730192
2024-05-13,131.34852600097656,132.00305,7.786092836286779,154.24378271897496,12.419492047542644,3.6711027390590956,0.9821459554730192
2024-05-14,135.52418518066406,130.98042,7.786092836286779,154.24378271897496,12.419492047542644,3.6711027390590956,0.9821459554730192
2024-05-15,141.037353515625,133.6449,7.786092836286779,154.24378271897496,12.419492047542644,3.6711027390590956,0.9821459554730192
2024-05-16,138.676513671875,134.54805,7.786092836286779,154.24378271897496,12.419492047542644,3.6711027390590956,0.9821459554730192
2024-05-17,137.0227508544922,136.41129,7.786092836286779,154.24378271897496,12.419492047542644,3.6711027390590956,0.9821459554730192
2024-05-20,138.86309814453125,136.60756,7.786092836286779,154.24378271897496,12.419492047542644,3.6711027390590956,0.9821459554730192
2024-05-21,137.40673828125,139.41214,7.786092836286779,154.24378271897496,12.419492047542644,3.6711027390590956,0.9821459554730192
2024-05-22,136.72323608398438,140.12315,7.786092836286779,154.24378271897496,12.419492047542644,3.6711027390590956,0.9821459554730192
2024-05-23,136.82635498046875,136.91396,7.786092836286779,154.24378271897496,12.419492047542644,3.6711027390590956,0.9821459554730192
2024-05-24,138.25521850585938,139.68303,7.786092836286779,154.24378271897496,12.419492047542644,3.6711027390590956,0.9821459554730192
2024-05-28,138.7079315185547,140.32411,7.786092836286779,154.24378271897496,12.419492047542644,3.6711027390590956,0.9821459554730192
2024-05-29,136.56906127929688,138.82747,7.786092836286779,154.24378271897496,12.419492047542644,3.6711027390590956,0.9821459554730192
2024-05-30,133.95782470703125,139.03612,7.786092836286779,154.24378271897496,12.419492047542644,3.6711027390590956,0.9821459554730192
2024-05-31,130.4686279296875,135.99463,7.786092836286779,154.24378271897496,12.419492047542644,3.6711027390590956,0.9821459554730192
2024-06-03,129.81558227539062,134.34464,7.786092836286779,154.24378271897496,12.419492047542644,3.6711027390590956,0.9821459554730192
2024-06-04,130.69155883789062,132.16716,7.786092836286779,154.24378271897496,12.419492047542644,3.6711027390590956,0.9821459554730192
2024-06-05,138.7707977294922,131.4324,7.786092836286779,154.24378271897496,12.419492047542644,3.6711027390590956,0.9821459554730192
2024-06-06,137.6100311279297,137.49779,7.786092836286779,154.24378271897496,12.419492047542644,3.6711027390590956,0.9821459554730192
2024-06-07,138.1373748779297,136.04361,7.786092836286779,154.24378271897496,12.419492047542644,3.6711027390590956,0.9821459554730192
2024-06-10,141.4595947265625,135.3185,7.786092836286779,154.24378271897496,12.419492047542644,3.6711027390590956,0.9821459554730192
2024-06-11,143.47866821289062,136.47993,7.786092836286779,154.24378271897496,12.419492047542644,3.6711027390590956,0.9821459554730192
2024-06-12,146.86473083496094,139.66513,7.786092836286779,154.24378271897496,12.419492047542644,3.6711027390590956,0.9821459554730192
2024-06-13,164.8831787109375,142.5005,7.786092836286779,154.24378271897496,12.419492047542644,3.6711027390590956,0.9821459554730192
2024-06-14,170.38748168945312,157.09802,7.786092836286779,154.24378271897496,12.419492047542644,3.6711027390590956,0.9821459554730192
2024-06-17,179.60194396972656,158.94443,7.786092836286779,154.24378271897496,12.419492047542644,3.6711027390590956,0.9821459554730192
2024-06-18,177.0142822265625,168.69868,7.786092836286779,154.24378271897496,12.419492047542644,3.6711027390590956,0.9821459554730192
2024-06-20,170.34036254882812,168.30144,7.786092836286779,154.24378271897496,12.419492047542644,3.6711027390590956,0.9821459554730192
2024-06-21,162.8837432861328,168.5136,7.786092836286779,154.24378271897496,12.419492047542644,3.6711027390590956,0.9821459554730192
2024-06-24,156.85752868652344,163.6386,7.786092836286779,154.24378271897496,12.419492047542644,3.6711027390590956,0.9821459554730192
2024-06-25,155.73248291015625,162.40257,7.786092836286779,154.24378271897496,12.419492047542644,3.6711027390590956,0.9821459554730192
2024-06-26,156.8368377685547,159.7195,7.786092836286779,154.24378271897496,12.419492047542644,3.6711027390590956,0.9821459554730192
2024-06-27,156.31077575683594,158.05902,7.786092836286779,154.24378271897496,12.419492047542644,3.6711027390590956,0.9821459554730192
2024-06-28,158.16973876953125,157.13612,7.786092836286779,154.24378271897496,12.419492047542644,3.6711027390590956,0.9821459554730192
2024-07-01,161.64439392089844,155.36836,7.786092836286779,154.24378271897496,12.419492047542644,3.6711027390590956,0.9821459554730192
2024-07-02,163.2876434326172,159.44197,7.786092836286779,154.24378271897496,12.419492047542644,3.6711027390590956,0.9821459554730192
2024-07-03,170.35516357421875,160.43361,7.786092836286779,154.24378271897496,12.419492047542644,3.6711027390590956,0.9821459554730192
2024-07-05,167.80259704589844,162.81886,7.786092836286779,154.24378271897496,12.419492047542644,3.6711027390590956,0.9821459554730192
2024-07-08,171.9944610595703,161.95549,7.786092836286779,154.24378271897496,12.419492047542644,3.6711027390590956,0.9821459554730192
2024-07-09,170.75808715820312,165.93326,7.786092836286779,154.24378271897496,12.419492047542644,3.6711027390590956,0.9821459554730192
2024-07-10,171.87916564941406,162.93393,7.786092836286779,154.24378271897496,12.419492047542644,3.6711027390590956,0.9821459554730192
2024-07-11,168.0626983642578,167.42513,7.786092836286779,154.24378271897496,12.419492047542644,3.6711027390590956,0.9821459554730192
2024-07-12,167.54254150390625,159.78416,7.786092836286779,154.24378271897496,12.419492047542644,3.6711027390590956,0.9821459554730192
2024-07-15,168.87545776367188,164.34915,7.786092836286779,154.24378271897496,12.419492047542644,3.6711027390590956,0.9821459554730192
2024-07-16,166.86575317382812,165.0818,7.786092836286779,154.24378271897496,12.419492047542644,3.6711027390590956,0.9821459554730192
2024-07-17,153.66464233398438,164.07063,7.786092836286779,154.24378271897496,12.419492047542644,3.6711027390590956,0.9821459554730192
2024-07-18,158.1372528076172,157.72272,7.786092836286779,154.24378271897496,12.419492047542644,3.6711027390590956,0.9821459554730192
2024-07-19,155.01431274414062,157.67648,7.786092836286779,154.24378271897496,12.419492047542644,3.6711027390590956,0.9821459554730192
2024-07-22,158.6692352294922,151.5322,7.786092836286779,154.24378271897496,12.419492047542644,3.6711027390590956,0.9821459554730192
2024-07-23,161.33901977539062,156.23135,7.786092836286779,154.24378271897496,12.419492047542644,3.6711027390590956,0.9821459554730192
2024-07-24,149.09352111816406,154.26395,7.786092836286779,154.24378271897496,12.419492047542644,3.6711027390590956,0.9821459554730192
2024-07-25,147.0443878173828,150.00903,7.786092836286779,154.24378271897496,12.419492047542644,3.6711027390590956,0.9821459554730192
2024-07-26,149.37921142578125,148.22827,7.786092836286779,154.24378271897496,12.419492047542644,3.6711027390590956,0.9821459554730192
2024-07-29,147.99014282226562,148.52238,7.786092836286779,154.24378271897496,12.419492047542644,3.6711027390590956,0.9821459554730192
2024-07-30,141.3896026611328,149.40709,7.786092836286779,154.24378271897496,12.419492047542644,3.6711027390590956,0.9821459554730192
2024-07-31,158.2948760986328,139.87674,7.786092836286779,154.24378271897496,12.419492047542644,3.6711027390590956,0.9821459554730192
2024-08-01,144.83766174316406,151.74109,7.786092836286779,154.24378271897496,12.419492047542644,3.6711027390590956,0.9821459554730192
2024-08-02,141.68516540527344,137.099,7.786092836286779,154.24378271897496,12.419492047542644,3.6711027390590956,0.9821459554730192
2024-08-05,139.97097778320312,143.80988,7.786092836286779,154.24378271897496,12.419492047542644,3.6711027390590956,0.9821459554730192
2024-08-06,141.78367614746094,141.59639,7.786092836286779,154.24378271897496,12.419492047542644,3.6711027390590956,0.9821459554730192
2024-08-07,134.24722290039062,143.28903,7.786092836286779,154.24378271897496,12.419492047542644,3.6711027390590956,0.9821459554730192
2024-08-08,143.57666015625,133.71275,7.786092836286779,154.24378271897496,12.419492047542644,3.6711027390590956,0.9821459554730192
2024-08-09,146.05921936035156,143.69469,7.786092836286779,154.24378271897496,12.419492047542644,3.6711027390590956,0.9821459554730192
2024-08-12,146.4138946533203,142.60794,7.786092836286779,154.24378271897496,12.419492047542644,3.6711027390590956,0.9821459554730192
2024-08-13,153.84197998046875,144.59744,7.786092836286779,154.24378271897496,12.419492047542644,3.6711027390590956,0.9821459554730192
2024-08-14,155.34925842285156,151.19592,7.786092836286779,154.24378271897496,12.419492047542644,3.6711027390590956,0.9821459554730192
2024-08-15,163.66397094726562,151.87704,7.786092836286779,154.24378271897496,12.419492047542644,3.6711027390590956,0.9821459554730192
2024-08-16,163.26007080078125,159.5877,7.786092836286779,154.24378271897496,12.419492047542644,3.6711027390590956,0.9821459554730192
2024-08-19,165.2205352783203,158.11548,7.786092836286779,154.24378271897496,12.419492047542644,3.6711027390590956,0.9821459554730192
2024-08-20,163.4866485595703,161.84213,7.786092836286779,154.24378271897496,12.419492047542644,3.6711027390590956,0.9821459554730192
2024-08-21,163.31915283203125,160.35971,7.786092836286779,154.24378271897496,12.419492047542644,3.6711027390590956,0.9821459554730192
2024-08-22,159.9302215576172,164.94063,7.786092836286779,154.24378271897496,12.419492047542644,3.6711027390590956,0.9821459554730192
2024-08-23,163.89056396484375,159.21213,7.786092836286779,154.24378271897496,12.419492047542644,3.6711027390590956,0.9821459554730192
2024-08-26,157.2506103515625,163.99213,7.786092836286779,154.24378271897496,12.419492047542644,3.6711027390590956,0.9821459554730192
2024-08-27,158.99432373046875,153.72807,7.786092836286779,154.24378271897496,12.419492047542644,3.6711027390590956,0.9821459554730192
2024-08-28,155.83197021484375,156.50444,7.786092836286779,154.24378271897496,12.419492047542644,3.6711027390590956,0.9821459554730192
2024-08-29,154.60055541992188,156.24348,7.786092836286779,154.24378271897496,12.419492047542644,3.6711027390590956,0.9821459554730192
2024-08-30,160.4031219482422,155.89667,7.786092836286779,154.24378271897496,12.419492047542644,3.6711027390590956,0.9821459554730192
2024-09-03,150.52198791503906,155.7261,7.786092836286779,154.24378271897496,12.419492047542644,3.6711027390590956,0.9821459554730192
2024-09-04,151.83226013183594,151.49883,7.786092836286779,154.24378271897496,12.419492047542644,3.6711027390590956,0.9821459554730192
2024-09-05,150.55157470703125,151.24936,7.786092836286779,154.24378271897496,12.419492047542644,3.6711027390590956,0.9821459554730192
2024-09-06,134.9663848876953,148.04712,7.786092836286779,154.24378271897496,12.419492047542644,3.6711027390590956,0.9821459554730192
2024-09-09,138.72970581054688,143.14713,7.786092836286779,154.24378271897496,12.419492047542644,3.6711027390590956,0.9821459554730192
2024-09-10,146.00997924804688,145.69789,7.786092836286779,154.24378271897496,12.419492047542644,3.6711027390590956,0.9821459554730192
2024-09-11,155.920654296875,149.03175,7.786092836286779,154.24378271897496,12.419492047542644,3.6711027390590956,0.9821459554730192
2024-09-12,162.1172637939453,154.59229,7.786092836286779,154.24378271897496,12.419492047542644,3.6711027390590956,0.9821459554730192
2024-09-13,165.2008514404297,157.82326,7.786092836286779,154.24378271897496,12.419492047542644,3.6711027390590956,0.9821459554730192
2024-09-16,161.58529663085938,160.27756,7.786092836286779,154.24378271897496,12.419492047542644,3.6711027390590956,0.9821459554730192
2024-09-17,160.05828857421875,157.33209,7.786092836286779,154.24378271897496,12.419492047542644,3.6711027390590956,0.9821459554730192
2024-09-18,159.27017211914062,159.57326,7.786092836286779,154.24378271897496,12.419492047542644,3.6711027390590956,0.9821459554730192
2024-09-19,165.47731018066406,162.29337,7.786092836286779,154.24378271897496,12.419492047542644,3.6711027390590956,0.9821459554730192
2024-09-20,169.1146240234375,161.87405,7.786092836286779,154.24378271897496,12.419492047542644,3.6711027390590956,0.9821459554730192
2024-09-23,170.93328857421875,166.56761,7.786092836286779,154.24378271897496,12.419492047542644,3.6711027390590956,0.9821459554730192
2024-09-24,172.81121826171875,166.6395,7.786092836286779,154.24378271897496,12.419492047542644,3.6711027390590956,0.9821459554730192
2024-09-25,173.48333740234375,167.51607,7.786092836286779,154.24378271897496,12.419492047542644,3.6711027390590956,0.9821459554730192
2024-09-26,176.0234832763672,177.48586,7.786092836286779,154.24378271897496,12.419492047542644,3.6711027390590956,0.9821459554730192
2024-09-27,170.68617248535156,175.67105,7.786092836286779,154.24378271897496,12.419492047542644,3.6711027390590956,0.9821459554730192
2024-09-30,170.4983673095703,174.02895,7.786092836286779,154.24378271897496,12.419492047542644,3.6711027390590956,0.9821459554730192
2024-10-01,165.5267333984375,175.02728,7.786092836286779,154.24378271897496,12.419492047542644,3.6711027390590956,0.9821459554730192
2024-10-02,168.67970275878906,166.20999,7.786092836286779,154.24378271897496,12.419492047542644,3.6711027390590956,0.9821459554730192
2024-10-03,169.8954315185547,170.89748,7.786092836286779,154.24378271897496,12.419492047542644,3.6711027390590956,0.9821459554730192
2024-10-04,174.59031677246094,171.9244,7.786092836286779,154.24378271897496,12.419492047542644,3.6711027390590956,0.9821459554730192
2024-10-07,173.04843139648438,171.36569,7.786092836286779,154.24378271897496,12.419492047542644,3.6711027390590956,0.9821459554730192
2024-10-08,178.6328582763672,170.96635,7.786092836286779,154.24378271897496,12.419492047542644,3.6711027390590956,0.9821459554730192
2024-10-09,183.7922821044922,176.77449,7.786092836286779,154.24378271897496,12.419492047542644,3.6711027390590956,0.9821459554730192
2024-10-10,183.53530883789065,178.07332,7.786092836286779,154.24378271897496,12.419492047542644,3.6711027390590956,0.9821459554730192
2024-10-11,179.37416076660156,179.57158,7.786092836286779,154.24378271897496,12.419492047542644,3.6711027390590956,0.9821459554730192
2024-10-14,180.19451904296875,177.68091,7.786092836286779,154.24378271897496,12.419492047542644,3.6711027390590956,0.9821459554730192
2024-10-15,173.93797302246094,178.60693,7.786092836286779,154.24378271897496,12.419492047542644,3.6711027390590956,0.9821459554730192
2024-10-16,174.76824951171875,170.5883,7.786092836286779,154.24378271897496,12.419492047542644,3.6711027390590956,0.9821459554730192
2024-10-17,179.423583984375,174.20152,7.786092836286779,154.24378271897496,12.419492047542644,3.6711027390590956,0.9821459554730192
2024-10-18,177.80259704589844,174.52179,7.786092836286779,154.24378271897496,12.419492047542644,3.6711027390590956,0.9821459554730192
2024-10-21,177.90145874023438,177.27914,7.786092836286779,154.24378271897496,12.419492047542644,3.6711027390590956,0.9821459554730192
2024-10-22,177.29855346679688,174.48741,7.786092836286779,154.24378271897496,12.419492047542644,3.6711027390590956,0.9821459554730192
2024-10-23,171.49664306640625,175.63673,7.786092836286779,154.24378271897496,12.419492047542644,3.6711027390590956,0.9821459554730192
2024-10-24,169.36172485351562,173.3811,7.786092836286779,154.24378271897496,12.419492047542644,3.6711027390590956,0.9821459554730192
2024-10-25,170.9925537109375,166.82994,7.786092836286779,154.24378271897496,12.419492047542644,3.6711027390590956,0.9821459554730192
2024-10-28,170.02395629882812,169.0465,7.786092836286779,154.24378271897496,12.419492047542644,3.6711027390590956,0.9821459554730192
2024-10-29,177.16014099121094,163.29492,7.786092836286779,154.24378271897496,12.419492047542644,3.6711027390590956,0.9821459554730192
2024-10-30,174.59031677246094,170.19353,7.786092836286779,154.24378271897496,12.419492047542644,3.6711027390590956,0.9821459554730192
2024-10-31,167.80006408691406,168.53986,7.786092836286779,154.24378271897496,12.419492047542644,3.6711027390590956,0.9821459554730192
2024-11-01,166.95989990234375,164.41847,7.786092836286779,154.24378271897496,12.419492047542644,3.6711027390590956,0.9821459554730192
2024-11-04,166.59420776367188,167.07794,7.786092836286779,154.24378271897496,12.419492047542644,3.6711027390590956,0.9821459554730192
2024-11-05,171.8821258544922,166.68488,7.786092836286779,154.24378271897496,12.419492047542644,3.6711027390590956,0.9821459554730192
2024-11-06,177.466552734375,167.50774,7.786092836286779,154.24378271897496,12.419492047542644,3.6711027390590956,0.9821459554730192
2024-11-07,181.67710876464844,173.10251,7.786092836286779,154.24378271897496,12.419492047542644,3.6711027390590956,0.9821459554730192
2024-11-08,181.50909423828125,173.75963,7.786092836286779,154.24378271897496,12.419492047542644,3.6711027390590956,0.9821459554730192
2024-11-11,176.833984375,174.59183,7.786092836286779,154.24378271897496,12.419492047542644,3.6711027390590956,0.9821459554730192
2024-11-12,174.17520141601562,177.43364,7.786092836286779,154.24378271897496,12.419492047542644,3.6711027390590956,0.9821459554730192
2024-11-13,171.5658416748047,175.10173,7.786092836286779,154.24378271897496,12.419492047542644,3.6711027390590956,0.9821459554730192
2024-11-14,168.4029541015625,173.14233,7.786092836286779,154.24378271897496,12.419492047542644,3.6711027390590956,0.9821459554730192
2024-11-15,162.92724609375,170.18977,7.786092836286779,154.24378271897496,12.419492047542644,3.6711027390590956,0.9821459554730192
2024-11-18,163.74761962890625,167.62846,7.786092836286779,154.24378271897496,12.419492047542644,3.6711027390590956,0.9821459554730192
2024-11-19,163.43133544921875,168.24821,7.786092836286779,154.24378271897496,12.419492047542644,3.6711027390590956,0.9821459554730192
2024-11-20,161.355712890625,165.68924,7.786092836286779,154.24378271897496,12.419492047542644,3.6711027390590956,0.9821459554730192
2024-11-21,162.0376739501953,161.30225,7.786092836286779,154.24378271897496,12.419492047542644,3.6711027390590956,0.9821459554730192
2024-11-22,162.32431030273438,160.3852,7.786092836286779,154.24378271897496,12.419492047542644,3.6711027390590956,0.9821459554730192
2024-11-25,162.90748596191406,161.2868,7.786092836286779,154.24378271897496,12.419492047542644,3.6711027390590956,0.9821459554730192
2024-11-26,162.8284149169922,160.7964,7.786092836286779,154.24378271897496,12.419492047542644,3.6711027390590956,0.9821459554730192
2024-11-27,157.81724548339844,163.28757,7.786092836286779,154.24378271897496,12.419492047542644,3.6711027390590956,0.9821459554730192
2024-11-29,160.19927978515625,158.10751,7.786092836286779,154.24378271897496,12.419492047542644,3.6711027390590956,0.9821459554730192
2024-12-02,164.57786560058594,156.45471,7.786092836286779,154.24378271897496,12.419492047542644,3.6711027390590956,0.9821459554730192
2024-12-03,166.1988067626953,157.13203,7.786092836286779,154.24378271897496,12.419492047542644,3.6711027390590956,0.9821459554730192
2024-12-04,168.58087158203125,160.70892,7.786092836286779,154.24378271897496,12.419492047542644,3.6711027390590956,0.9821459554730192
2024-12-05,168.49192810058594,164.04019,7.786092836286779,154.24378271897496,12.419492047542644,3.6711027390590956,0.9821459554730192
2024-12-06,177.44679260253906,166.76328,7.786092836286779,154.24378271897496,12.419492047542644,3.6711027390590956,0.9821459554730192
2024-12-09,176.86363220214844,174.21913,7.786092836286779,154.24378271897496,12.419492047542644,3.6711027390590956,0.9821459554730192
2024-12-10,169.8163604736328,174.31192,7.786092836286779,154.24378271897496,12.419492047542644,3.6711027390590956,0.9821459554730192
2024-12-11,181.07418823242188,171.03282,7.786092836286779,154.24378271897496,12.419492047542644,3.6711027390590956,0.9821459554730192
2024-12-12,178.5636749267578,176.36008,7.786092836286779,154.24378271897496,12.419492047542644,3.6711027390590956,0.9821459554730192
2024-12-13,222.1914825439453,173.71407,7.786092836286779,154.24378271897496,12.419492047542644,3.6711027390590956,0.9821459554730192
2024-12-16,247.09909057617188,206.67455,7.786092836286779,154.24378271897496,12.419492047542644,3.6711027390590956,0.9821459554730192
2024-12-17,237.4424591064453,218.0822,7.786092836286779,154.24378271897496,12.419492047542644,3.6711027390590956,0.9821459554730192
2024-12-18,221.02517700195312,223.98103,7.786092836286779,154.24378271897496,12.419492047542644,3.6711027390590956,0.9821459554730192
2024-12-19,215.7866973876953,212.42168,7.786092836286779,154.24378271897496,12.419492047542644,3.6711027390590956,0.9821459554730192
2024-12-20,218.2280120849609,215.08218,7.786092836286779,154.24378271897496,12.419492047542644,3.6711027390590956,0.9821459554730192
2024-12-23,230.26919555664065,221.14899,7.786092836286779,154.24378271897496,12.419492047542644,3.6711027390590956,0.9821459554730192
2024-12-24,237.53355407714844,224.53099,7.786092836286779,154.24378271897496,12.419492047542644,3.6711027390590956,0.9821459554730192
2024-12-26,243.16270446777344,227.40376,7.786092836286779,154.24378271897496,12.419492047542644,3.6711027390590956,0.9821459554730192
2024-12-27,239.58502197265625,221.88222,7.786092836286779,154.24378271897496,12.419492047542644,3.6711027390590956,0.9821459554730192
2024-12-30,233.4702911376953,223.76715,7.786092836286779,154.24378271897496,12.419492047542644,3.6711027390590956,0.9821459554730192
2024-12-31,229.7637634277344,235.45929,7.786092836286779,154.24378271897496,12.419492047542644,3.6711027390590956,0.9821459554730192
2025-01-02,229.90249633789068,229.04817,7.786092836286779,154.24378271897496,12.419492047542644,3.6711027390590956,0.9821459554730192
2025-01-03,230.46742248535156,227.42377,7.786092836286779,154.24378271897496,12.419492047542644,3.6711027390590956,0.9821459554730192
2025-01-06,234.29286193847656,220.3793,7.786092836286779,154.24378271897496,12.419492047542644,3.6711027390590956,0.9821459554730192
2025-01-07,226.59243774414065,219.83656,7.786092836286779,154.24378271897496,12.419492047542644,3.6711027390590956,0.9821459554730192
2025-01-08,227.2564239501953,223.03812,7.786092836286779,154.24378271897496,12.419492047542644,3.6711027390590956,0.9821459554730192
2025-01-10,222.3011932373047,218.80212,7.786092836286779,154.24378271897496,12.419492047542644,3.6711027390590956,0.9821459554730192
2025-01-13,223.27243041992188,213.93327,7.786092836286779,154.24378271897496,12.419492047542644,3.6711027390590956,0.9821459554730192
2025-01-14,222.68771362304688,216.13127,7.786092836286779,154.24378271897496,12.419492047542644,3.6711027390590956,0.9821459554730192
2025-01-15,225.95817565917972,212.04034,7.786092836286779,154.24378271897496,12.419492047542644,3.6711027390590956,0.9821459554730192
2025-01-16,227.3555603027344,220.68892,7.786092836286779,154.24378271897496,12.419492047542644,3.6711027390590956,0.9821459554730192
2025-01-17,235.31362915039062,218.07516,7.786092836286779,154.24378271897496,12.419492047542644,3.6711027390590956,0.9821459554730192
2025-01-21,238.1579132080078,222.04378,7.786092836286779,154.24378271897496,12.419492047542644,3.6711027390590956,0.9821459554730192
2025-01-22,238.7525329589844,225.0012,7.786092836286779,154.24378271897496,12.419492047542644,3.6711027390590956,0.9821459554730192
2025-01-23,238.1281890869141,221.25183,7.786092836286779,154.24378271897496,12.419492047542644,3.6711027390590956,0.9821459554730192
2025-01-24,242.50860595703122,219.76746,7.786092836286779,154.24378271897496,12.419492047542644,3.6711027390590956,0.9821459554730192
2025-01-27,200.31983947753903,223.98572,7.786092836286779,154.24378271897496,12.419492047542644,3.6711027390590956,0.9821459554730192
2025-01-28,205.5030059814453,207.1244,7.786092836286779,154.24378271897496,12.419492047542644,3.6711027390590956,0.9821459554730192
2025-01-29,204.5020446777344,220.4941,7.786092836286779,154.24378271897496,12.419492047542644,3.6711027390590956,0.9821459554730192
2025-01-30,213.72868347167972,203.1153,7.786092836286779,154.24378271897496,12.419492047542644,3.6711027390590956,0.9821459554730192
2025-01-31,219.28842163085935,208.29842,7.786092836286779,154.24378271897496,12.419492047542644,3.6711027390590956,0.9821459554730192
2025-02-03,215.78013610839844,199.71867,7.786092836286779,154.24378271897496,12.419492047542644,3.6711027390590956,0.9821459554730192
2025-02-04,220.43803405761722,205.30338,7.786092836286779,154.24378271897496,12.419492047542644,3.6711027390590956,0.9821459554730192
2025-02-05,229.9223480224609,209.4289,7.786092836286779,154.24378271897496,12.419492047542644,3.6711027390590956,0.9821459554730192
2025-02-06,229.28807067871094,220.28384,7.786092836286779,154.24378271897496,12.419492047542644,3.6711027390590956,0.9821459554730192
2025-02-07,222.85618591308597,225.65385,7.786092836286779,154.24378271897496,12.419492047542644,3.6711027390590956,0.9821459554730192
2025-02-10,232.93510437011722,211.80664,7.786092836286779,154.24378271897496,12.419492047542644,3.6711027390590956,0.9821459554730192
2025-02-11,232.93510437011722,221.39053,7.786092836286779,154.24378271897496,12.419492047542644,3.6711027390590956,0.9821459554730192
2025-02-12,234.23339843750003,214.02968,7.786092836286779,154.24378271897496,12.419492047542644,3.6711027390590956,0.9821459554730192
2025-02-13,233.6883087158203,223.00317,7.786092836286779,154.24378271897496,12.419492047542644,3.6711027390590956,0.9821459554730192
2025-02-14,230.95301818847656,227.25204,7.786092836286779,154.24378271897496,12.419492047542644,3.6711027390590956,0.9821459554730192
2025-02-18,226.4833984375,220.16783,7.786092836286779,154.24378271897496,12.419492047542644,3.6711027390590956,0.9821459554730192
2025-02-19,226.6816253662109,218.14705,7.786092836286779,154.24378271897496,12.419492047542644,3.6711027390590956,0.9821459554730192
2025-02-20,224.7094573974609,226.32452,7.786092836286779,154.24378271897496,12.419492047542644,3.6711027390590956,0.9821459554730192
2025-02-21,216.70181274414065,216.32594,7.786092836286779,154.24378271897496,12.419492047542644,3.6711027390590956,0.9821459554730192
2025-02-24,206.06788635253903,215.49394,7.786092836286779,154.24378271897496,12.419492047542644,3.6711027390590956,0.9821459554730192
2025-02-25,200.7261657714844,200.13924,7.786092836286779,154.24378271897496,12.419492047542644,3.6711027390590956,0.9821459554730192
2025-02-26,211.03302001953125,195.49762,7.786092836286779,154.24378271897496,12.419492047542644,3.6711027390590956,0.9821459554730192
2025-02-27,196.02862548828125,207.28485,7.786092836286779,154.24378271897496,12.419492047542644,3.6711027390590956,0.9821459554730192
2025-02-28,197.64401245117188,194.78482,7.786092836286779,154.24378271897496,12.419492047542644,3.6711027390590956,0.9821459554730192
2025-03-03,185.6920166015625,192.87955,7.786092836286779,154.24378271897496,12.419492047542644,3.6711027390590956,0.9821459554730192
2025-03-04,185.8010406494141,176.5287,7.786092836286779,154.24378271897496,12.419492047542644,3.6711027390590956,0.9821459554730192
2025-03-05,189.86431884765625,184.8528,7.786092836286779,154.24378271897496,12.419492047542644,3.6711027390590956,0.9821459554730192
2025-03-06,177.8429412841797,187.40907,7.786092836286779,154.24378271897496,12.419492047542644,3.6711027390590956,0.9821459554730192
2025-03-07,193.21405029296875,177.56293,7.786092836286779,154.24378271897496,12.419492047542644,3.6711027390590956,0.9821459554730192
2025-03-10,182.7981719970703,182.53888,7.786092836286779,154.24378271897496,12.419492047542644,3.6711027390590956,0.9821459554730192
2025-03-11,188.3876495361328,167.97171,7.786092836286779,154.24378271897496,12.419492047542644,3.6711027390590956,0.9821459554730192
2025-03-12,192.49058532714844,186.03386,7.786092836286779,154.24378271897496,12.419492047542644,3.6711027390590956,0.9821459554730192
2025-03-13,189.64630126953125,183.85187,7.786092836286779,154.24378271897496,12.419492047542644,3.6711027390590956,0.9821459554730192
2025-03-14,193.78884887695312,189.43199,7.786092836286779,154.24378271897496,12.419492047542644,3.6711027390590956,0.9821459554730192
2025-03-17,192.7581787109375,195.18439,7.786092836286779,154.24378271897496,12.419492047542644,3.6711027390590956,0.9821459554730192
2025-03-18,186.9803771972656,191.20926,7.786092836286779,154.24378271897496,12.419492047542644,3.6711027390590956,0.9821459554730192
2025-03-19,193.818603515625,193.53615,7.786092836286779,154.24378271897496,12.419492047542644,3.6711027390590956,0.9821459554730192
2025-03-20,189.405029296875,192.12865,7.786092836286779,154.24378271897496,12.419492047542644,3.6711027390590956,0.9821459554730192
2025-03-21,190.51837158203125,188.03854,7.786092836286779,154.24378271897496,12.419492047542644,3.6711027390590956,0.9821459554730192
2025-03-24,190.11080932617188,198.41107,7.786092836286779,154.24378271897496,12.419492047542644,3.6711027390590956,0.9821459554730192
2025-03-25,187.13861083984372,187.99634,7.786092836286779,154.24378271897496,12.419492047542644,3.6711027390590956,0.9821459554730192
2025-03-26,178.20216369628906,201.70407,7.786092836286779,154.24378271897496,12.419492047542644,3.6711027390590956,0.9821459554730192
2025-03-27,170.96554565429688,184.62051,7.786092836286779,154.24378271897496,12.419492047542644,3.6711027390590956,0.9821459554730192
2025-03-28,168.1126251220703,179.12677,7.786092836286779,154.24378271897496,12.419492047542644,3.6711027390590956,0.9821459554730192
2025-03-31,166.43267822265625,182.24901,7.786092836286779,154.24378271897496,12.419492047542644,3.6711027390590956,0.9821459554730192
2025-04-01,167.51620483398438,171.78586,7.786092836286779,154.24378271897496,12.419492047542644,3.6711027390590956,0.9821459554730192
2025-04-02,171.06492614746094,175.57364,7.786092836286779,154.24378271897496,12.419492047542644,3.6711027390590956,0.9821459554730192
2025-04-03,153.09262084960938,173.67644,7.786092836286779,154.24378271897496,12.419492047542644,3.6711027390590956,0.9821459554730192
2025-04-04,145.41860961914062,157.1391,7.786092836286779,154.24378271897496,12.419492047542644,3.6711027390590956,0.9821459554730192
2025-04-07,153.22186279296875,161.33768,7.786092836286779,154.24378271897496,12.419492047542644,3.6711027390590956,0.9821459554730192
2025-04-08,155.10060119628906,158.52441,7.786092836286779,154.24378271897496,12.419492047542644,3.6711027390590956,0.9821459554730192
2025-04-09,184.0471343994141,163.29305,7.786092836286779,154.24378271897496,12.419492047542644,3.6711027390590956,0.9821459554730192
2025-04-10,171.273681640625,181.91885,7.786092836286779,154.24378271897496,12.419492047542644,3.6711027390590956,0.9821459554730192
2025-04-11,180.85626220703125,162.3939,7.786092836286779,154.24378271897496,12.419492047542644,3.6711027390590956,0.9821459554730192
2025-04-14,177.29759216308594,183.84969,7.786092836286779,154.24378271897496,12.419492047542644,3.6711027390590956,0.9821459554730192
2025-04-15,177.88406372070312,170.89345,7.786092836286779,154.24378271897496,12.419492047542644,3.6711027390590956,0.9821459554730192
2025-04-16,173.56991577148438,192.20395,7.786092836286779,154.24378271897496,12.419492047542644,3.6711027390590956,0.9821459554730192
2025-04-17,169.9714813232422,179.33667,7.786092836286779,154.24378271897496,12.419492047542644,3.6711027390590956,0.9821459554730192
2025-04-21,165.219970703125,178.21893,7.786092836286779,154.24378271897496,12.419492047542644,3.6711027390590956,0.9821459554730192
2025-04-22,168.56988525390625,174.98143,7.786092836286779,154.24378271897496,12.419492047542644,3.6711027390590956,0.9821459554730192
2025-04-23,175.85621643066406,169.73485,7.786092836286779,154.24378271897496,12.419492047542644,3.6711027390590956,0.9821459554730192
2025-04-24,187.02926635742188,184.9254,7.786092836286779,154.24378271897496,12.419492047542644,3.6711027390590956,0.9821459554730192
2025-04-25,191.16448974609372,181.64723,7.786092836286779,154.24378271897496,12.419492047542644,3.6711027390590956,0.9821459554730192
2025-04-28,191.3235321044922,186.78824,7.786092836286779,154.24378271897496,12.419492047542644,3.6711027390590956,0.9821459554730192
2025-04-29,190.03128051757807,190.48831,7.786092836286779,154.24378271897496,12.419492047542644,3.6711027390590956,0.9821459554730192
2025-04-30,191.3235321044922,186.762,7.786092836286779,154.24378271897496,12.419492047542644,3.6711027390590956,0.9821459554730192
2025-05-01,196.15460205078125,198.98874,7.786092836286779,154.24378271897496,12.419492047542644,3.6711027390590956,0.9821459554730192
2025-05-02,202.427001953125,197.51465,7.786092836286779,154.24378271897496,12.419492047542644,3.6711027390590956,0.9821459554730192
2025-05-05,199.5243988037109,197.62242,7.786092836286779,154.24378271897496,12.419492047542644,3.6711027390590956,0.9821459554730192
2025-05-06,198.8981475830078,198.82878,7.786092836286779,154.24378271897496,12.419492047542644,3.6711027390590956,0.9821459554730192
2025-05-07,203.5900421142578,196.60251,7.786092836286779,154.24378271897496,12.419492047542644,3.6711027390590956,0.9821459554730192
2025-05-08,206.53240966796872,207.86128,7.786092836286779,154.24378271897496,12.419492047542644,3.6711027390590956,0.9821459554730192
2025-05-09,206.95983886718753,207.49666,7.786092836286779,154.24378271897496,12.419492047542644,3.6711027390590956,0.9821459554730192
2025-05-12,220.26013183593753,210.28552,7.786092836286779,154.24378271897496,12.419492047542644,3.6711027390590956,0.9821459554730192
2025-05-13,231.0355682373047,221.38977,7.786092836286779,154.24378271897496,12.419492047542644,3.6711027390590956,0.9821459554730192
2025-05-14,230.73736572265628,218.69453,7.786092836286779,154.24378271897496,12.419492047542644,3.6711027390590956,0.9821459554730192
2025-05-15,231.2542724609375,223.0045,7.786092836286779,154.24378271897496,12.419492047542644,3.6711027390590956,0.9821459554730192
2025-05-16,227.24826049804685,223.9186,7.786092836286779,154.24378271897496,12.419492047542644,3.6711027390590956,0.9821459554730192
2025-05-19,229.25624084472656,223.3737,7.786092836286779,154.24378271897496,12.419492047542644,3.6711027390590956,0.9821459554730192
2025-05-20,230.29997253417972,228.94925,7.786092836286779,154.24378271897496,12.419492047542644,3.6711027390590956,0.9821459554730192
2025-05-21,228.3615875244141,224.54982,7.786092836286779,154.24378271897496,12.419492047542644,3.6711027390590956,0.9821459554730192
2025-05-22,229.1568298339844,227.94316,7.786092836286779,154.24378271897496,12.419492047542644,3.6711027390590956,0.9821459554730192
2025-05-23,227.35760498046875,222.8786,7.786092836286779,154.24378271897496,12.419492047542644,3.6711027390590956,0.9821459554730192
2025-05-27,234.24633789062497,222.3671,7.786092836286779,154.24378271897496,12.419492047542644,3.6711027390590956,0.9821459554730192
2025-05-28,238.00379943847656,228.28981,7.786092836286779,154.24378271897496,12.419492047542644,3.6711027390590956,0.9821459554730192
2025-05-29,240.52870178222656,224.5533,7.786092836286779,154.24378271897496,12.419492047542644,3.6711027390590956,0.9821459554730192
2025-05-30,240.62808227539062,231.36575,7.786092836286779,154.24378271897496,12.419492047542644,3.6711027390590956,0.9821459554730192
2025-06-02,247.2285461425781,223.57204,7.786092836286779,154.24378271897496,12.419492047542644,3.6711027390590956,0.9821459554730192
2025-06-03,255.320053100586,234.8658,7.786092836286779,154.24378271897496,12.419492047542644,3.6711027390590956,0.9821459554730192
2025-06-04,259.5248107910156,243.49687,7.786092836286779,154.24378271897496,12.419492047542644,3.6711027390590956,0.9821459554730192
2025-06-05,258.3817138671875,240.91953,7.786092836286779,154.24378271897496,12.419492047542644,3.6711027390590956,0.9821459554730192
2025-06-06,245.45913696289062,247.02855,7.786092836286779,154.24378271897496,12.419492047542644,3.6711027390590956,0.9821459554730192
2025-06-09,242.82493591308597,231.65596,7.786092836286779,154.24378271897496,12.419492047542644,3.6711027390590956,0.9821459554730192
2025-06-10,243.17285156249997,237.52855,7.786092836286779,154.24378271897496,12.419492047542644,3.6711027390590956,0.9821459554730192
2025-06-11,251.40351867675778,241.71333,7.786092836286779,154.24378271897496,12.419492047542644,3.6711027390590956,0.9821459554730192
2025-06-12,254.54470825195315,243.87407,7.786092836286779,154.24378271897496,12.419492047542644,3.6711027390590956,0.9821459554730192
2025-06-13,247.21859741210935,241.32097,7.786092836286779,154.24378271897496,12.419492047542644,3.6711027390590956,0.9821459554730192
2025-06-16,250.59835815429688,235.22621,7.786092836286779,154.24378271897496,12.419492047542644,3.6711027390590956,0.9821459554730192
2025-06-17,247.8845977783203,238.23984,7.786092836286779,154.24378271897496,12.419492047542644,3.6711027390590956,0.9821459554730192
2025-06-18,249.7633514404297,242.73238,7.786092836286779,154.24378271897496,12.419492047542644,3.6711027390590956,0.9821459554730192
2025-06-20,249.08583068847653,242.37137,7.786092836286779,154.24378271897496,12.419492047542644,3.6711027390590956,0.9821459554730192
2025-06-23,252.85214233398438,237.26968,7.786092836286779,154.24378271897496,12.419492047542644,3.6711027390590956,0.9821459554730192
2025-06-24,262.81597900390625,235.98291,7.786092836286779,154.24378271897496,12.419492047542644,3.6711027390590956,0.9821459554730192
2025-06-25,263.6927795410156,241.47473,7.786092836286779,154.24378271897496,12.419492047542644,3.6711027390590956,0.9821459554730192
2025-06-26,269.1928405761719,246.455,7.786092836286779,154.24378271897496,12.419492047542644,3.6711027390590956,0.9821459554730192
2025-06-27,268.37579345703125,251.37784,7.786092836286779,154.24378271897496,12.419492047542644,3.6711027390590956,0.9821459554730192
2025-06-30,274.65301513671875,249.23225,7.786092836286779,154.24378271897496,12.419492047542644,3.6711027390590956,0.9821459554730192
2025-07-01,263.7824401855469,253.62227,7.786092836286779,154.24378271897496,12.419492047542644,3.6711027390590956,0.9821459554730192
2025-07-02,268.9237976074219,246.31792,7.786092836286779,154.24378271897496,12.419492047542644,3.6711027390590956,0.9821459554730192
2025-07-03,274.1846923828125,255.0978,7.786092836286779,154.24378271897496,12.419492047542644,3.6711027390590956,0.9821459554730192
2025-07-07,273.1883239746094,255.44994,7.786092836286779,154.24378271897496,12.419492047542644,3.6711027390590956,0.9821459554730192
2025-07-08,270.81689453125,257.85312,7.786092836286779,154.24378271897496,12.419492047542644,3.6711027390590956,0.9821459554730192
2025-07-09,276.8948669433594,253.89409,7.786092836286779,154.24378271897496,12.419492047542644,3.6711027390590956,0.9821459554730192
2025-07-10,274.4039001464844,260.236,7.786092836286779,154.24378271897496,12.419492047542644,3.6711027390590956,0.9821459554730192
2025-07-11,273.3876037597656,256.24014,7.786092836286779,154.24378271897496,12.419492047542644,3.6711027390590956,0.9821459554730192
2025-07-14,274.6031799316406,258.8219,7.786092836286779,154.24378271897496,12.419492047542644,3.6711027390590956,0.9821459554730192
2025-07-15,279.9238586425781,261.49896,7.786092836286779,154.24378271897496,12.419492047542644,3.6711027390590956,0.9821459554730192
2025-07-16,279.7943115234375,262.30838,7.786092836286779,154.24378271897496,12.419492047542644,3.6711027390590956,0.9821459554730192
2025-07-17,285.4139404296875,259.7261,7.786092836286779,154.24378271897496,12.419492047542644,3.6711027390590956,0.9821459554730192
2025-07-18,282.315185546875,263.33008,7.786092836286779,154.24378271897496,12.419492047542644,3.6711027390590956,0.9821459554730192
2025-07-21,287.1675720214844,259.6215,7.786092836286779,154.24378271897496,12.419492047542644,3.6711027390590956,0.9821459554730192
2025-07-22,277.5823669433594,267.9552,7.786092836286779,154.24378271897496,12.419492047542644,3.6711027390590956,0.9821459554730192
2025-07-23,282.6639404296875,263.49258,7.786092836286779,154.24378271897496,12.419492047542644,3.6711027390590956,0.9821459554730192
2025-07-24,287.665771484375,270.24716,7.786092836286779,154.24378271897496,12.419492047542644,3.6711027390590956,0.9821459554730192
2025-07-25,289.13043212890625,267.30243,7.786092836286779,154.24378271897496,12.419492047542644,3.6711027390590956,0.9821459554730192
2025-07-28,293.23553466796875,268.61197,7.786092836286779,154.24378271897496,12.419492047542644,3.6711027390590956,0.9821459554730192
2025-07-29,296.34429931640625,271.24597,7.786092836286779,154.24378271897496,12.419492047542644,3.6711027390590956,0.9821459554730192
2025-07-30,301.52545166015625,275.5868,7.786092836286779,154.24378271897496,12.419492047542644,3.6711027390590956,0.9821459554730192
2025-07-31,292.6377258300781,279.33057,7.786092836286779,154.24378271897496,12.419492047542644,3.6711027390590956,0.9821459554730192
2025-08-01,287.5960388183594,272.8224,7.786092836286779,154.24378271897496,12.419492047542644,3.6711027390590956,0.9821459554730192
2025-08-04,296.6431884765625,276.1307,7.786092836286779,154.24378271897496,12.419492047542644,3.6711027390590956,0.9821459554730192
2025-08-05,291.8704833984375,276.75085,7.786092836286779,154.24378271897496,12.419492047542644,3.6711027390590956,0.9821459554730192
2025-08-06,300.5788879394531,276.5404,7.786092836286779,154.24378271897496,12.419492047542644,3.6711027390590956,0.9821459554730192
2025-08-07,302.6613464355469,284.9694,7.786092836286779,154.24378271897496,12.419492047542644,3.6711027390590956,0.9821459554730192
2025-08-08,303.866943359375,280.9531,7.786092836286779,154.24378271897496,12.419492047542644,3.6711027390590956,0.9821459554730192
2025-08-11,302.8008117675781,284.1886,7.786092836286779,154.24378271897496,12.419492047542644,3.6711027390590956,0.9821459554730192
2025-08-12,311.6985168457031,282.93573,7.786092836286779,154.24378271897496,12.419492047542644,3.6711027390590956,0.9821459554730192
2025-08-13,307.9720458984375,293.97122,7.786092836286779,154.24378271897496,12.419492047542644,3.6711027390590956,0.9821459554730192
2025-08-14,310.1043395996094,289.65985,7.786092836286779,154.24378271897496,12.419492047542644,3.6711027390590956,0.9821459554730192
2025-08-15,305.2320251464844,289.96463,7.786092836286779,154.24378271897496,12.419492047542644,3.6711027390590956,0.9821459554730192
2025-08-18,304.65411376953125,285.62653,7.786092836286779,154.24378271897496,12.419492047542644,3.6711027390590956,0.9821459554730192
2025-08-19,293.8433532714844,285.8344,7.786092836286779,154.24378271897496,12.419492047542644,3.6711027390590956,0.9821459554730192
2025-08-20,290.11688232421875,279.93204,7.786092836286779,154.24378271897496,12.419492047542644,3.6711027390590956,0.9821459554730192
2025-08-21,288.55255126953125,282.3263,7.786092836286779,154.24378271897496,12.419492047542644,3.6711027390590956,0.9821459554730192
2025-08-22,292.9366149902344,275.19598,7.786092836286779,154.24378271897496,12.419492047542644,3.6711027390590956,0.9821459554730192
2025-08-25,293.1658020019531,277.5844,7.786092836286779,154.24378271897496,12.419492047542644,3.6711027390590956,0.9821459554730192
2025-08-26,296.93212890625,278.02798,7.786092836286779,154.24378271897496,12.419492047542644,3.6711027390590956,0.9821459554730192
2025-08-27,299.1640319824219,280.45392,7.786092836286779,154.24378271897496,12.419492047542644,3.6711027390590956,0.9821459554730192
2025-08-28,307.5336303710937,283.23218,7.786092836286779,154.24378271897496,12.419492047542644,3.6711027390590956,0.9821459554730192
2025-08-29,296.3143920898437,285.75732,7.786092836286779,154.24378271897496,12.419492047542644,3.6711027390590956,0.9821459554730192
2025-09-02,297.16131591796875,279.47394,7.786092836286779,154.24378271897496,12.419492047542644,3.6711027390590956,0.9821459554730192
2025-09-03,301.2962951660156,283.6796,7.786092836286779,154.24378271897496,12.419492047542644,3.6711027390590956,0.9821459554730192
2025-09-04,304.9928894042969,281.54358,7.786092836286779,154.24378271897496,12.419492047542644,3.6711027390590956,0.9821459554730192
2025-09-05,333.6787414550781,285.74783,7.786092836286779,154.24378271897496,12.419492047542644,3.6711027390590956,0.9821459554730192
2025-09-08,344.3998107910156,306.57983,7.786092836286779,154.24378271897496,12.419492047542644,3.6711027390590956,0.9821459554730192
2025-09-09,335.45233154296875,310.71048,7.786092836286779,154.24378271897496,12.419492047542644,3.6711027390590956,0.9821459554730192
2025-09-10,368.23333740234375,309.4432,7.786092836286779,154.24378271897496,12.419492047542644,3.6711027390590956,0.9821459554730192
2025-09-11,358.32928466796875,330.27042,7.786092836286779,154.24378271897496,12.419492047542644,3.6711027390590956,0.9821459554730192
2025-09-12,358.5683898925781,327.58356,7.786092836286779,154.24378271897496,12.419492047542644,3.6711027390590956,0.9821459554730192
2025-09-15,362.7731323242188,336.07516,7.786092836286779,154.24378271897496,12.419492047542644,3.6711027390590956,0.9821459554730192
2025-09-16,358.6979064941406,334.7721,7.786092836286779,154.24378271897496,12.419492047542644,3.6711027390590956,0.9821459554730192
2025-09-17,344.9179382324219,334.71936,7.786092836286779,154.24378271897496,12.419492047542644,3.6711027390590956,0.9821459554730192
2025-09-18,344.1009216308594,322.19055,7.786092836286779,154.24378271897496,12.419492047542644,3.6711027390590956,0.9821459554730192
2025-09-19,343.6923828125,329.333,7.786092836286779,154.24378271897496,12.419492047542644,3.6711027390590956,0.9821459554730192
2025-09-22,338.1430053710937,327.55432,7.786092836286779,154.24378271897496,12.419492047542644,3.6711027390590956,0.9821459554730192
2025-09-23,338.292724609375,318.57095,7.786092836286779,154.24378271897496,12.419492047542644,3.6711027390590956,0.9821459554730192
2025-09-24,338.6620178222656,322.77863,7.786092836286779,154.24378271897496,12.419492047542644,3.6711027390590956,0.9821459554730192
2025-09-25,335.4581298828125,316.334,7.786092836286779,154.24378271897496,12.419492047542644,3.6711027390590956,0.9821459554730192
2025-09-26,333.8911437988281,313.7803,7.786092836286779,154.24378271897496,12.419492047542644,3.6711027390590956,0.9821459554730192
2025-09-29,327.2738037109375,315.46564,7.786092836286779,154.24378271897496,12.419492047542644,3.6711027390590956,0.9821459554730192
2025-09-30,329.27996826171875,303.67093,7.786092836286779,154.24378271897496,12.419492047542644,3.6711027390590956,0.9821459554730192
2025-10-01,332.7533264160156,305.64554,7.786092836286779,154.24378271897496,12.419492047542644,3.6711027390590956,0.9821459554730192
2025-10-02,337.5341491699219,308.98276,7.786092836286779,154.24378271897496,12.419492047542644,3.6711027390590956,0.9821459554730192
2025-10-03,337.7237854003906,309.26352,7.786092836286779,154.24378271897496,12.419492047542644,3.6711027390590956,0.9821459554730192
2025-10-06,334.84930419921875,313.40442,7.786092836286779,154.24378271897496,12.419492047542644,3.6711027390590956,0.9821459554730192
2025-10-07,335.7675476074219,310.64944,7.786092836286779,154.24378271897496,12.419492047542644,3.6711027390590956,0.9821459554730192
2025-10-08,344.8401794433594,314.0845,7.786092836286779,154.24378271897496,12.419492047542644,3.6711027390590956,0.9821459554730192
2025-10-09,344.361083984375,320.32907,7.786092836286779,154.24378271897496,12.419492047542644,3.6711027390590956,0.9821459554730192
2025-10-10,324.0100402832031,317.49362,7.786092836286779,154.24378271897496,12.419492047542644,3.6711027390590956,0.9821459554730192
2025-10-13,356.018798828125,304.03897,7.786092836286779,154.24378271897496,12.419492047542644,3.6711027390590956,0.9821459554730192
2025-10-14,343.4728088378906,329.88864,7.786092836286779,154.24378271897496,12.419492047542644,3.6711027390590956,0.9821459554730192
2025-10-15,350.6590270996094,314.49707,7.786092836286779,154.24378271897496,12.419492047542644,3.6711027390590956,0.9821459554730192
2025-10-16,353.4736633300781,332.32092,7.786092836286779,154.24378271897496,12.419492047542644,3.6711027390590956,0.9821459554730192
2025-10-17,348.6628723144531,324.0083,7.786092836286779,154.24378271897496,12.419492047542644,3.6711027390590956,0.9821459554730192
2025-10-20,348.5730285644531,327.9551,7.786092836286779,154.24378271897496,12.419492047542644,3.6711027390590956,0.9821459554730192
2025-10-21,342.005615234375,322.3437,7.786092836286779,154.24378271897496,12.419492047542644,3.6711027390590956,0.9821459554730192
2025-10-22,339.6501159667969,326.98123,7.786092836286779,154.24378271897496,12.419492047542644,3.6711027390590956,0.9821459554730192
2025-10-23,343.63250732421875,324.77606,7.786092836286779,154.24378271897496,12.419492047542644,3.6711027390590956,0.9821459554730192
2025-10-24,353.4537048339844,317.95764,7.786092836286779,154.24378271897496,12.419492047542644,3.6711027390590956,0.9821459554730192
2025-10-27,361.3585815429688,327.3209,7.786092836286779,154.24378271897496,12.419492047542644,3.6711027390590956,0.9821459554730192
2025-10-28,372.2577209472656,328.84036,7.786092836286779,154.24378271897496,12.419492047542644,3.6711027390590956,0.9821459554730192
2025-10-29,385.2428894042969,340.47723,7.786092836286779,154.24378271897496,12.419492047542644,3.6711027390590956,0.9821459554730192
2025-10-30,375.75103759765625,350.02383,7.786092836286779,154.24378271897496,12.419492047542644,3.6711027390590956,0.9821459554730192
2025-10-31,368.9241027832031,343.28012,7.786092836286779,154.24378271897496,12.419492047542644,3.6711027390590956,0.9821459554730192
2025-11-03,361.8576049804688,346.91965,7.786092836286779,154.24378271897496,12.419492047542644,3.6711027390590956,0.9821459554730192
2025-11-04,351.26788330078125,338.92868,7.786092836286779,154.24378271897496,12.419492047542644,3.6711027390590956,0.9821459554730192
2025-11-05,358.2944641113281,335.28378,7.786092836286779,154.24378271897496,12.419492047542644,3.6711027390590956,0.9821459554730192
2025-11-06,354.9109191894531,338.19934,7.786092836286779,154.24378271897496,12.419492047542644,3.6711027390590956,0.9821459554730192
2025-11-07,348.7626647949219,327.6321,7.786092836286779,154.24378271897496,12.419492047542644,3.6711027390590956,0.9821459554730192
2025-11-10,357.7055969238281,329.22308,7.786092836286779,154.24378271897496,12.419492047542644,3.6711027390590956,0.9821459554730192
2025-11-11,351.287841796875,334.10294,7.786092836286779,154.24378271897496,12.419492047542644,3.6711027390590956,0.9821459554730192
2025-11-12,354.5416259765625,328.2785,7.786092836286779,154.24378271897496,12.419492047542644,3.6711027390590956,0.9821459554730192
2025-11-13,339.33074951171875,333.6278,7.786092836286779,154.24378271897496,12.419492047542644,3.6711027390590956,0.9821459554730192
2025-11-14,341.80596923828125,318.20456,7.786092836286779,154.24378271897496,12.419492047542644,3.6711027390590956,0.9821459554730192
2025-11-17,341.9956359863281,320.46085,7.786092836286779,154.24378271897496,12.419492047542644,3.6711027390590956,0.9821459554730192
2025-11-18,339.8497314453125,313.10928,7.786092836286779,154.24378271897496,12.419492047542644,3.6711027390590956,0.9821459554730192
2025-11-19,353.7431640625,316.15747,7.786092836286779,154.24378271897496,12.419492047542644,3.6711027390590956,0.9821459554730192
2025-11-20,346.1576843261719,323.28534,7.786092836286779,154.24378271897496,12.419492047542644,3.6711027390590956,0.9821459554730192
2025-11-21,339.5503234863281,315.39163,7.786092836286779,154.24378271897496,12.419492047542644,3.6711027390590956,0.9821459554730192
2025-11-24,377.2381896972656,319.5622,7.786092836286779,154.24378271897496,12.419492047542644,3.6711027390590956,0.9821459554730192
2025-11-25,384.2947082519531,339.38556,7.786092836286779,154.24378271897496,12.419492047542644,3.6711027390590956,0.9821459554730192
2025-11-26,396.8107604980469,343.91464,7.786092836286779,154.24378271897496,12.419492047542644,3.6711027390590956,0.9821459554730192
2025-11-28,402.1904602050781,361.23813,7.786092836286779,154.24378271897496,12.419492047542644,3.6711027390590956,0.9821459554730192
2025-12-01,385.3426818847656,355.70197,7.786092836286779,154.24378271897496,12.419492047542644,3.6711027390590956,0.9821459554730192
2025-12-02,380.84130859375,356.74896,7.786092836286779,154.24378271897496,12.419492047542644,3.6711027390590956,0.9821459554730192
2025-12-03,379.8831176757813,353.5746,7.786092836286779,154.24378271897496,12.419492047542644,3.6711027390590956,0.9821459554730192
2025-12-04,380.3023376464844,360.02646,7.786092836286779,154.24378271897496,12.419492047542644,3.6711027390590956,0.9821459554730192
2025-12-05,389.4947509765625,363.4839,7.786092836286779,154.24378271897496,12.419492047542644,3.6711027390590956,0.9821459554730192
2025-12-08,400.3340148925781,354.0757,7.786092836286779,154.24378271897496,12.419492047542644,3.6711027390590956,0.9821459554730192
2025-12-09,405.51409912109375,374.68137,7.786092836286779,154.24378271897496,12.419492047542644,3.6711027390590956,0.9821459554730192
2025-12-10,412.18133544921875,370.49496,7.786092836286779,154.24378271897496,12.419492047542644,3.6711027390590956,0.9821459554730192
2025-12-11,405.5939331054688,378.06903,7.786092836286779,154.24378271897496,12.419492047542644,3.6711027390590956,0.9821459554730192
2025-12-12,359.2426147460937,377.73865,7.786092836286779,154.24378271897496,12.419492047542644,3.6711027390590956,0.9821459554730192
2025-12-15,339.1610412597656,337.32462,7.786092836286779,154.24378271897496,12.419492047542644,3.6711027390590956,0.9821459554730192
2025-12-16,340.648193359375,335.2247,7.786092836286779,154.24378271897496,12.419492047542644,3.6711027390590956,0.9821459554730192
2025-12-17,325.3973693847656,330.7227,7.786092836286779,154.24378271897496,12.419492047542644,3.6711027390590956,0.9821459554730192
2025-12-18,329.2500305175781,310.60297,7.786092836286779,154.24378271897496,12.419492047542644,3.6711027390590956,0.9821459554730192
2025-12-19,339.7099914550781,317.37234,7.786092836286779,154.24378271897496,12.419492047542644,3.6711027390590956,0.9821459554730192
2025-12-22,341.45001220703125,308.25897,7.786092836286779,154.24378271897496,12.419492047542644,3.6711027390590956,0.9821459554730192
2025-12-23,349.32000732421875,312.88547,7.786092836286779,154.24378271897496,12.419492047542644,3.6711027390590956,0.9821459554730192
2025-12-24,350.2200012207031,322.49857,7.786092836286779,154.24378271897496,12.419492047542644,3.6711027390590956,0.9821459554730192
2025-12-26,352.1300048828125,322.49933,7.786092836286779,154.24378271897496,12.419492047542644,3.6711027390590956,0.9821459554730192
2025-12-29,349.3900146484375,324.72812,7.786092836286779,154.24378271897496,12.419492047542644,3.6711027390590956,0.9821459554730192
2025-12-30,349.8500061035156,317.894,7.786092836286779,154.24378271897496,12.419492047542644,3.6711027390590956,0.9821459554730192
2025-12-31,346.1000061035156,324.96594,7.786092836286779,154.24378271897496,12.419492047542644,3.6711027390590956,0.9821459554730192
2026-01-02,347.6199951171875,315.95486,7.786092836286779,154.24378271897496,12.419492047542644,3.6711027390590956,0.9821459554730192
2026-01-05,343.4200134277344,323.93735,7.786092836286779,154.24378271897496,12.419492047542644,3.6711027390590956,0.9821459554730192
2026-01-06,343.7699890136719,322.0554,7.786092836286779,154.24378271897496,12.419492047542644,3.6711027390590956,0.9821459554730192
2026-01-07,343.5,322.02368,7.786092836286779,154.24378271897496,12.419492047542644,3.6711027390590956,0.9821459554730192
2026-01-08,332.4800109863281,333.4381,7.786092836286779,154.24378271897496,12.419492047542644,3.6711027390590956,0.9821459554730192
