Date,Actual,Predicted,MAE,MSE,RMSE,MAPE,R2
2020-08-21,71.36687469482422,72.53193,4.178686505944065,37.174665453633246,6.097103037806828,3.0239513091571095,0.9896560185542076
2020-08-24,71.87702178955078,72.30196,4.178686505944065,37.174665453633246,6.097103037806828,3.0239513091571095,0.9896560185542076
2020-08-25,72.9155502319336,72.20584,4.178686505944065,37.174665453633246,6.097103037806828,3.0239513091571095,0.9896560185542076
2020-08-26,74.47334289550781,72.3127,4.178686505944065,37.174665453633246,6.097103037806828,3.0239513091571095,0.9896560185542076
2020-08-27,73.42570495605469,72.69727,4.178686505944065,37.174665453633246,6.097103037806828,3.0239513091571095,0.9896560185542076
2020-08-28,73.27996826171875,73.05689,4.178686505944065,37.174665453633246,6.097103037806828,3.0239513091571095,0.9896560185542076
2020-08-31,72.19586181640625,73.348854,4.178686505944065,37.174665453633246,6.097103037806828,3.0239513091571095,0.9896560185542076
2020-09-01,74.29115295410156,73.4454,4.178686505944065,37.174665453633246,6.097103037806828,3.0239513091571095,0.9896560185542076
2020-09-02,74.85596466064453,73.68098,4.178686505944065,37.174665453633246,6.097103037806828,3.0239513091571095,0.9896560185542076
2020-09-03,73.9540786743164,74.02606,4.178686505944065,37.174665453633246,6.097103037806828,3.0239513091571095,0.9896560185542076
2020-09-04,71.88613891601562,74.28068,4.178686505944065,37.174665453633246,6.097103037806828,3.0239513091571095,0.9896560185542076
2020-09-08,70.43766784667969,74.21503,4.178686505944065,37.174665453633246,6.097103037806828,3.0239513091571095,0.9896560185542076
2020-09-09,72.33251953125,73.821014,4.178686505944065,37.174665453633246,6.097103037806828,3.0239513091571095,0.9896560185542076
2020-09-10,71.87702178955078,73.527016,4.178686505944065,37.174665453633246,6.097103037806828,3.0239513091571095,0.9896560185542076
2020-09-11,71.80414581298828,73.25912,4.178686505944065,37.174665453633246,6.097103037806828,3.0239513091571095,0.9896560185542076
2020-09-14,73.3346176147461,73.02538,4.178686505944065,37.174665453633246,6.097103037806828,3.0239513091571095,0.9896560185542076
2020-09-15,78.2083969116211,73.017105,4.178686505944065,37.174665453633246,6.097103037806828,3.0239513091571095,0.9896560185542076
2020-09-16,75.73051452636719,73.704315,4.178686505944065,37.174665453633246,6.097103037806828,3.0239513091571095,0.9896560185542076
2020-09-17,75.0043716430664,74.37357,4.178686505944065,37.174665453633246,6.097103037806828,3.0239513091571095,0.9896560185542076
2020-09-18,73.46601867675781,74.87738,4.178686505944065,37.174665453633246,6.097103037806828,3.0239513091571095,0.9896560185542076
2020-09-21,73.79563903808594,75.05869,4.178686505944065,37.174665453633246,6.097103037806828,3.0239513091571095,0.9896560185542076
2020-09-22,73.69493103027344,75.09435,4.178686505944065,37.174665453633246,6.097103037806828,3.0239513091571095,0.9896560185542076
2020-09-23,71.35075378417969,75.037125,4.178686505944065,37.174665453633246,6.097103037806828,3.0239513091571095,0.9896560185542076
2020-09-24,71.77198791503906,74.65805,4.178686505944065,37.174665453633246,6.097103037806828,3.0239513091571095,0.9896560185542076
2020-09-25,72.2298355102539,74.20644,4.178686505944065,37.174665453633246,6.097103037806828,3.0239513091571095,0.9896560185542076
2020-09-28,73.04480743408203,73.81983,4.178686505944065,37.174665453633246,6.097103037806828,3.0239513091571095,0.9896560185542076
2020-09-29,73.7223892211914,73.6049,4.178686505944065,37.174665453633246,6.097103037806828,3.0239513091571095,0.9896560185542076
2020-09-30,74.2352066040039,73.5817,4.178686505944065,37.174665453633246,6.097103037806828,3.0239513091571095,0.9896560185542076
2020-10-01,75.65452575683594,73.72065,4.178686505944065,37.174665453633246,6.097103037806828,3.0239513091571095,0.9896560185542076
2020-10-02,73.98795318603516,74.097015,4.178686505944065,37.174665453633246,6.097103037806828,3.0239513091571095,0.9896560185542076
2020-10-05,77.41263580322266,74.35513,4.178686505944065,37.174665453633246,6.097103037806828,3.0239513091571095,0.9896560185542076
2020-10-06,76.11235809326172,74.934135,4.178686505944065,37.174665453633246,6.097103037806828,3.0239513091571095,0.9896560185542076
2020-10-07,79.59201049804688,75.45568,4.178686505944065,37.174665453633246,6.097103037806828,3.0239513091571095,0.9896560185542076
2020-10-08,80.39781188964844,76.30545,4.178686505944065,37.174665453633246,6.097103037806828,3.0239513091571095,0.9896560185542076
2020-10-09,81.295166015625,77.320915,4.178686505944065,37.174665453633246,6.097103037806828,3.0239513091571095,0.9896560185542076
2020-10-12,83.24559783935547,78.41377,4.178686505944065,37.174665453633246,6.097103037806828,3.0239513091571095,0.9896560185542076
2020-10-13,82.08268737792969,79.65449,4.178686505944065,37.174665453633246,6.097103037806828,3.0239513091571095,0.9896560185542076
2020-10-14,81.1303482055664,80.6903,4.178686505944065,37.174665453633246,6.097103037806828,3.0239513091571095,0.9896560185542076
2020-10-15,80.7182846069336,81.39098,4.178686505944065,37.174665453633246,6.097103037806828,3.0239513091571095,0.9896560185542076
2020-10-16,79.39053344726562,81.78961,4.178686505944065,37.174665453633246,6.097103037806828,3.0239513091571095,0.9896560185542076
2020-10-19,80.17803192138672,81.82636,4.178686505944065,37.174665453633246,6.097103037806828,3.0239513091571095,0.9896560185542076
2020-10-20,80.81900787353516,81.76268,4.178686505944065,37.174665453633246,6.097103037806828,3.0239513091571095,0.9896560185542076
2020-10-21,80.25128936767578,81.72417,4.178686505944065,37.174665453633246,6.097103037806828,3.0239513091571095,0.9896560185542076
2020-10-22,80.77323150634766,81.63013,4.178686505944065,37.174665453633246,6.097103037806828,3.0239513091571095,0.9896560185542076
2020-10-23,80.86479949951172,81.57722,4.178686505944065,37.174665453633246,6.097103037806828,3.0239513091571095,0.9896560185542076
2020-10-26,79.41802215576172,81.55884,4.178686505944065,37.174665453633246,6.097103037806828,3.0239513091571095,0.9896560185542076
2020-10-27,79.39970397949219,81.38637,4.178686505944065,37.174665453633246,6.097103037806828,3.0239513091571095,0.9896560185542076
2020-10-28,76.78081512451172,81.152016,4.178686505944065,37.174665453633246,6.097103037806828,3.0239513091571095,0.9896560185542076
2020-10-29,77.73312377929688,80.59962,4.178686505944065,37.174665453633246,6.097103037806828,3.0239513091571095,0.9896560185542076
2020-10-30,76.79914855957031,80.06028,4.178686505944065,37.174665453633246,6.097103037806828,3.0239513091571095,0.9896560185542076
2020-11-02,78.48400115966797,79.474594,4.178686505944065,37.174665453633246,6.097103037806828,3.0239513091571095,0.9896560185542076
2020-11-03,80.29707336425781,79.131294,4.178686505944065,37.174665453633246,6.097103037806828,3.0239513091571095,0.9896560185542076
2020-11-04,81.90868377685547,79.16497,4.178686505944065,37.174665453633246,6.097103037806828,3.0239513091571095,0.9896560185542076
2020-11-05,82.80608367919922,79.57987,4.178686505944065,37.174665453633246,6.097103037806828,3.0239513091571095,0.9896560185542076
2020-11-06,83.70346069335938,80.25183,4.178686505944065,37.174665453633246,6.097103037806828,3.0239513091571095,0.9896560185542076
2020-11-09,81.52410125732422,81.0893,4.178686505944065,37.174665453633246,6.097103037806828,3.0239513091571095,0.9896560185542076
2020-11-10,80.26960754394531,81.66051,4.178686505944065,37.174665453633246,6.097103037806828,3.0239513091571095,0.9896560185542076
2020-11-11,83.21814727783203,81.88598,4.178686505944065,37.174665453633246,6.097103037806828,3.0239513091571095,0.9896560185542076
2020-11-12,82.24749755859375,82.25982,4.178686505944065,37.174665453633246,6.097103037806828,3.0239513091571095,0.9896560185542076
2020-11-13,85.36085510253906,82.54756,4.178686505944065,37.174665453633246,6.097103037806828,3.0239513091571095,0.9896560185542076
2020-11-16,90.90078735351562,83.12849,4.178686505944065,37.174665453633246,6.097103037806828,3.0239513091571095,0.9896560185542076
2020-11-17,87.6409378051758,84.448135,4.178686505944065,37.174665453633246,6.097103037806828,3.0239513091571095,0.9896560185542076
2020-11-18,88.75807189941406,85.60437,4.178686505944065,37.174665453633246,6.097103037806828,3.0239513091571095,0.9896560185542076
2020-11-19,88.46504974365236,86.684135,4.178686505944065,37.174665453633246,6.097103037806828,3.0239513091571095,0.9896560185542076
2020-11-20,87.29297637939453,87.56578,4.178686505944065,37.174665453633246,6.097103037806828,3.0239513091571095,0.9896560185542076
2020-11-23,89.8569107055664,88.10533,4.178686505944065,37.174665453633246,6.097103037806828,3.0239513091571095,0.9896560185542076
2020-11-24,88.49250793457031,88.71056,4.178686505944065,37.174665453633246,6.097103037806828,3.0239513091571095,0.9896560185542076
2020-11-25,89.2708511352539,89.111595,4.178686505944065,37.174665453633246,6.097103037806828,3.0239513091571095,0.9896560185542076
2020-11-27,90.41546630859376,89.45258,4.178686505944065,37.174665453633246,6.097103037806828,3.0239513091571095,0.9896560185542076
2020-11-30,88.84048461914062,89.85473,4.178686505944065,37.174665453633246,6.097103037806828,3.0239513091571095,0.9896560185542076
2020-12-01,92.35674285888672,90.05078,4.178686505944065,37.174665453633246,6.097103037806828,3.0239513091571095,0.9896560185542076
2020-12-02,91.14804077148436,90.5346,4.178686505944065,37.174665453633246,6.097103037806828,3.0239513091571095,0.9896560185542076
2020-12-03,91.11141967773438,90.96042,4.178686505944065,37.174665453633246,6.097103037806828,3.0239513091571095,0.9896560185542076
2020-12-04,94.98477172851562,91.303535,4.178686505944065,37.174665453633246,6.097103037806828,3.0239513091571095,0.9896560185542076
2020-12-07,97.42052459716795,92.022675,4.178686505944065,37.174665453633246,6.097103037806828,3.0239513091571095,0.9896560185542076
2020-12-08,96.7337417602539,93.13545,4.178686505944065,37.174665453633246,6.097103037806828,3.0239513091571095,0.9896560185542076
2020-12-09,95.61660766601562,94.23917,4.178686505944065,37.174665453633246,6.097103037806828,3.0239513091571095,0.9896560185542076
2020-12-10,95.4426345825195,95.08177,4.178686505944065,37.174665453633246,6.097103037806828,3.0239513091571095,0.9896560185542076
2020-12-11,95.25950622558592,95.67464,4.178686505944065,37.174665453633246,6.097103037806828,3.0239513091571095,0.9896560185542076
2020-12-14,94.8291015625,96.04783,4.178686505944065,37.174665453633246,6.097103037806828,3.0239513091571095,0.9896560185542076
2020-12-15,96.23013305664064,96.21131,4.178686505944065,37.174665453633246,6.097103037806828,3.0239513091571095,0.9896560185542076
2020-12-16,96.33083343505858,96.41079,4.178686505944065,37.174665453633246,6.097103037806828,3.0239513091571095,0.9896560185542076
2020-12-17,95.54187774658206,96.61185,4.178686505944065,37.174665453633246,6.097103037806828,3.0239513091571095,0.9896560185542076
2020-12-18,95.89130401611327,96.69401,4.178686505944065,37.174665453633246,6.097103037806828,3.0239513091571095,0.9896560185542076
2020-12-21,96.39706420898438,96.74533,4.178686505944065,37.174665453633246,6.097103037806828,3.0239513091571095,0.9896560185542076
2020-12-22,95.57865905761722,96.83162,4.178686505944065,37.174665453633246,6.097103037806828,3.0239513091571095,0.9896560185542076
2020-12-23,95.41313934326172,96.82616,4.178686505944065,37.174665453633246,6.097103037806828,3.0239513091571095,0.9896560185542076
2020-12-24,97.44536590576172,96.75388,4.178686505944065,37.174665453633246,6.097103037806828,3.0239513091571095,0.9896560185542076
2020-12-28,97.61087799072266,96.89462,4.178686505944065,37.174665453633246,6.097103037806828,3.0239513091571095,0.9896560185542076
2020-12-29,97.06833648681642,97.14427,4.178686505944065,37.174665453633246,6.097103037806828,3.0239513091571095,0.9896560185542076
2020-12-30,100.1396484375,97.356834,4.178686505944065,37.174665453633246,6.097103037806828,3.0239513091571095,0.9896560185542076
2020-12-31,100.26838684082033,97.89083,4.178686505944065,37.174665453633246,6.097103037806828,3.0239513091571095,0.9896560185542076
2021-01-04,102.71440887451172,98.5403,4.178686505944065,37.174665453633246,6.097103037806828,3.0239513091571095,0.9896560185542076
2021-01-05,103.69832611083984,99.46585,4.178686505944065,37.174665453633246,6.097103037806828,3.0239513091571095,0.9896560185542076
2021-01-06,106.30987548828124,100.54195,4.178686505944065,37.174665453633246,6.097103037806828,3.0239513091571095,0.9896560185542076
2021-01-07,111.66170501708984,101.88204,4.178686505944065,37.174665453633246,6.097103037806828,3.0239513091571095,0.9896560185542076
2021-01-08,109.1421127319336,103.835945,4.178686505944065,37.174665453633246,6.097103037806828,3.0239513091571095,0.9896560185542076
2021-01-11,112.7375564575195,105.5769,4.178686505944065,37.174665453633246,6.097103037806828,3.0239513091571095,0.9896560185542076
2021-01-12,113.10539245605467,107.441124,4.178686505944065,37.174665453633246,6.097103037806828,3.0239513091571095,0.9896560185542076
2021-01-13,109.63867950439452,109.1929,4.178686505944065,37.174665453633246,6.097103037806828,3.0239513091571095,0.9896560185542076
2021-01-14,116.27786254882812,110.275154,4.178686505944065,37.174665453633246,6.097103037806828,3.0239513091571095,0.9896560185542076
2021-01-15,115.156005859375,111.67693,4.178686505944065,37.174665453633246,6.097103037806828,3.0239513091571095,0.9896560185542076
2021-01-19,120.73771667480467,112.93296,4.178686505944065,37.174665453633246,6.097103037806828,3.0239513091571095,0.9896560185542076
2021-01-20,120.13082122802733,114.62724,4.178686505944065,37.174665453633246,6.097103037806828,3.0239513091571095,0.9896560185542076
2021-01-21,123.36762237548828,116.26666,4.178686505944065,37.174665453633246,6.097103037806828,3.0239513091571095,0.9896560185542076
2021-01-22,118.75146484375,118.07026,4.178686505944065,37.174665453633246,6.097103037806828,3.0239513091571095,0.9896560185542076
2021-01-25,120.02043914794922,119.19779,4.178686505944065,37.174665453633246,6.097103037806828,3.0239513091571095,0.9896560185542076
2021-01-26,116.46176147460936,120.00335,4.178686505944065,37.174665453633246,6.097103037806828,3.0239513091571095,0.9896560185542076
2021-01-27,111.94674682617188,120.12293,4.178686505944065,37.174665453633246,6.097103037806828,3.0239513091571095,0.9896560185542076
2021-01-28,115.70773315429688,119.343185,4.178686505944065,37.174665453633246,6.097103037806828,3.0239513091571095,0.9896560185542076
2021-01-29,111.74447631835938,118.630974,4.178686505944065,37.174665453633246,6.097103037806828,3.0239513091571095,0.9896560185542076
2021-02-01,116.47098541259766,117.54997,4.178686505944065,37.174665453633246,6.097103037806828,3.0239513091571095,0.9896560185542076
2021-02-02,118.10779571533205,116.95815,4.178686505944065,37.174665453633246,6.097103037806828,3.0239513091571095,0.9896560185542076
2021-02-03,117.24340057373048,116.86346,4.178686505944065,37.174665453633246,6.097103037806828,3.0239513091571095,0.9896560185542076
2021-02-04,117.84110260009766,116.92809,4.178686505944065,37.174665453633246,6.097103037806828,3.0239513091571095,0.9896560185542076
2021-02-05,117.50086212158205,117.13974,4.178686505944065,37.174665453633246,6.097103037806828,3.0239513091571095,0.9896560185542076
2021-02-08,121.88714599609376,117.36289,4.178686505944065,37.174665453633246,6.097103037806828,3.0239513091571095,0.9896560185542076
2021-02-09,122.0066909790039,118.085785,4.178686505944065,37.174665453633246,6.097103037806828,3.0239513091571095,0.9896560185542076
2021-02-10,122.93544006347658,118.99071,4.178686505944065,37.174665453633246,6.097103037806828,3.0239513091571095,0.9896560185542076
2021-02-11,127.96543884277344,119.99788,4.178686505944065,37.174665453633246,6.097103037806828,3.0239513091571095,0.9896560185542076
2021-02-12,126.95391082763672,121.53613,4.178686505944065,37.174665453633246,6.097103037806828,3.0239513091571095,0.9896560185542076
2021-02-16,128.78378295898438,123.04461,4.178686505944065,37.174665453633246,6.097103037806828,3.0239513091571095,0.9896560185542076
2021-02-17,125.30794525146484,124.58531,4.178686505944065,37.174665453633246,6.097103037806828,3.0239513091571095,0.9896560185542076
2021-02-18,123.79984283447266,125.55465,4.178686505944065,37.174665453633246,6.097103037806828,3.0239513091571095,0.9896560185542076
2021-02-19,125.66653442382812,125.948685,4.178686505944065,37.174665453633246,6.097103037806828,3.0239513091571095,0.9896560185542076
2021-02-22,122.82513427734376,126.2208,4.178686505944065,37.174665453633246,6.097103037806828,3.0239513091571095,0.9896560185542076
2021-02-23,118.71468353271484,126.05557,4.178686505944065,37.174665453633246,6.097103037806828,3.0239513091571095,0.9896560185542076
2021-02-24,121.65725708007814,125.20095,4.178686505944065,37.174665453633246,6.097103037806828,3.0239513091571095,0.9896560185542076
2021-02-25,115.86405181884767,124.43638,4.178686505944065,37.174665453633246,6.097103037806828,3.0239513091571095,0.9896560185542076
2021-02-26,115.80887603759766,123.11083,4.178686505944065,37.174665453633246,6.097103037806828,3.0239513091571095,0.9896560185542076
2021-03-01,118.74227142333984,121.64635,4.178686505944065,37.174665453633246,6.097103037806828,3.0239513091571095,0.9896560185542076
2021-03-02,115.86405181884767,120.616554,4.178686505944065,37.174665453633246,6.097103037806828,3.0239513091571095,0.9896560185542076
2021-03-03,113.00424194335938,119.579834,4.178686505944065,37.174665453633246,6.097103037806828,3.0239513091571095,0.9896560185542076
2021-03-04,106.2914810180664,118.3256,4.178686505944065,37.174665453633246,6.097103037806828,3.0239513091571095,0.9896560185542076
2021-03-05,111.08237457275392,116.317,4.178686505944065,37.174665453633246,6.097103037806828,3.0239513091571095,0.9896560185542076
2021-03-08,104.7650146484375,114.7237,4.178686505944065,37.174665453633246,6.097103037806828,3.0239513091571095,0.9896560185542076
2021-03-09,107.01792907714844,112.77111,4.178686505944065,37.174665453633246,6.097103037806828,3.0239513091571095,0.9896560185542076
2021-03-10,104.67306518554686,111.13259,4.178686505944065,37.174665453633246,6.097103037806828,3.0239513091571095,0.9896560185542076
2021-03-11,110.88006591796876,109.56299,4.178686505944065,37.174665453633246,6.097103037806828,3.0239513091571095,0.9896560185542076
2021-03-12,108.78350067138672,108.947395,4.178686505944065,37.174665453633246,6.097103037806828,3.0239513091571095,0.9896560185542076
2021-03-15,109.500732421875,108.64069,4.178686505944065,37.174665453633246,6.097103037806828,3.0239513091571095,0.9896560185542076
2021-03-16,109.74900817871094,108.624626,4.178686505944065,37.174665453633246,6.097103037806828,3.0239513091571095,0.9896560185542076
2021-03-17,109.61794281005858,108.79678,4.178686505944065,37.174665453633246,6.097103037806828,3.0239513091571095,0.9896560185542076
2021-03-18,105.6858901977539,109.03848,4.178686505944065,37.174665453633246,6.097103037806828,3.0239513091571095,0.9896560185542076
2021-03-19,104.88284301757814,108.83138,4.178686505944065,37.174665453633246,6.097103037806828,3.0239513091571095,0.9896560185542076
2021-03-22,108.1595687866211,108.33386,4.178686505944065,37.174665453633246,6.097103037806828,3.0239513091571095,0.9896560185542076
2021-03-23,106.04585266113278,108.134125,4.178686505944065,37.174665453633246,6.097103037806828,3.0239513091571095,0.9896560185542076
2021-03-24,100.57234191894531,107.85648,4.178686505944065,37.174665453633246,6.097103037806828,3.0239513091571095,0.9896560185542076
2021-03-25,101.94763183593751,106.929375,4.178686505944065,37.174665453633246,6.097103037806828,3.0239513091571095,0.9896560185542076
2021-03-26,107.5873031616211,105.94543,4.178686505944065,37.174665453633246,6.097103037806828,3.0239513091571095,0.9896560185542076
2021-03-29,105.58435821533203,105.70718,4.178686505944065,37.174665453633246,6.097103037806828,3.0239513091571095,0.9896560185542076
2021-03-30,106.21199798583984,105.63432,4.178686505944065,37.174665453633246,6.097103037806828,3.0239513091571095,0.9896560185542076
2021-03-31,109.1749038696289,105.73553,4.178686505944065,37.174665453633246,6.097103037806828,3.0239513091571095,0.9896560185542076
2021-04-01,115.19298553466795,106.26768,4.178686505944065,37.174665453633246,6.097103037806828,3.0239513091571095,0.9896560185542076
2021-04-05,114.91608428955077,107.67173,4.178686505944065,37.174665453633246,6.097103037806828,3.0239513091571095,0.9896560185542076
2021-04-06,113.01467132568361,109.32607,4.178686505944065,37.174665453633246,6.097103037806828,3.0239513091571095,0.9896560185542076
2021-04-07,110.66096496582033,110.702354,4.178686505944065,37.174665453633246,6.097103037806828,3.0239513091571095,0.9896560185542076
2021-04-08,113.92845153808594,111.508675,4.178686505944065,37.174665453633246,6.097103037806828,3.0239513091571095,0.9896560185542076
2021-04-09,113.34696197509766,112.321175,4.178686505944065,37.174665453633246,6.097103037806828,3.0239513091571095,0.9896560185542076
2021-04-12,111.5932159423828,112.96785,4.178686505944065,37.174665453633246,6.097103037806828,3.0239513091571095,0.9896560185542076
2021-04-13,111.93473052978514,113.24711,4.178686505944065,37.174665453633246,6.097103037806828,3.0239513091571095,0.9896560185542076
2021-04-14,111.5378189086914,113.34557,4.178686505944065,37.174665453633246,6.097103037806828,3.0239513091571095,0.9896560185542076
2021-04-15,109.23951721191408,113.28787,4.178686505944065,37.174665453633246,6.097103037806828,3.0239513091571095,0.9896560185542076
2021-04-16,109.69178771972656,112.88138,4.178686505944065,37.174665453633246,6.097103037806828,3.0239513091571095,0.9896560185542076
2021-04-19,106.5166015625,112.39451,4.178686505944065,37.174665453633246,6.097103037806828,3.0239513091571095,0.9896560185542076
2021-04-20,106.1012191772461,111.54151,4.178686505944065,37.174665453633246,6.097103037806828,3.0239513091571095,0.9896560185542076
2021-04-21,108.36263275146484,110.54933,4.178686505944065,37.174665453633246,6.097103037806828,3.0239513091571095,0.9896560185542076
2021-04-22,106.44276428222658,109.861786,4.178686505944065,37.174665453633246,6.097103037806828,3.0239513091571095,0.9896560185542076
2021-04-23,109.50716400146484,109.176,4.178686505944065,37.174665453633246,6.097103037806828,3.0239513091571095,0.9896560185542076
2021-04-26,112.1654815673828,108.933685,4.178686505944065,37.174665453633246,6.097103037806828,3.0239513091571095,0.9896560185542076
2021-04-27,111.93473052978514,109.256836,4.178686505944065,37.174665453633246,6.097103037806828,3.0239513091571095,0.9896560185542076
2021-04-28,110.44867706298828,109.80536,4.178686505944065,37.174665453633246,6.097103037806828,3.0239513091571095,0.9896560185542076
2021-04-29,109.93177795410156,110.23664,4.178686505944065,37.174665453633246,6.097103037806828,3.0239513091571095,0.9896560185542076
2021-04-30,107.7534408569336,110.50403,4.178686505944065,37.174665453633246,6.097103037806828,3.0239513091571095,0.9896560185542076
2021-05-03,107.01500701904295,110.40267,4.178686505944065,37.174665453633246,6.097103037806828,3.0239513091571095,0.9896560185542076
2021-05-04,106.47968292236328,110.04025,4.178686505944065,37.174665453633246,6.097103037806828,3.0239513091571095,0.9896560185542076
2021-05-05,106.49814605712889,109.52164,4.178686505944065,37.174665453633246,6.097103037806828,3.0239513091571095,0.9896560185542076
2021-05-06,107.9934310913086,108.98283,4.178686505944065,37.174665453633246,6.097103037806828,3.0239513091571095,0.9896560185542076
2021-05-07,107.83650970458984,108.66972,4.178686505944065,37.174665453633246,6.097103037806828,3.0239513091571095,0.9896560185542076
2021-05-10,103.66445922851561,108.486565,4.178686505944065,37.174665453633246,6.097103037806828,3.0239513091571095,0.9896560185542076
2021-05-11,104.1628875732422,107.89918,4.178686505944065,37.174665453633246,6.097103037806828,3.0239513091571095,0.9896560185542076
2021-05-12,99.8800811767578,107.236916,4.178686505944065,37.174665453633246,6.097103037806828,3.0239513091571095,0.9896560185542076
2021-05-13,100.37850952148438,106.104126,4.178686505944065,37.174665453633246,6.097103037806828,3.0239513091571095,0.9896560185542076
2021-05-14,103.80290985107422,104.922554,4.178686505944065,37.174665453633246,6.097103037806828,3.0239513091571095,0.9896560185542076
2021-05-17,101.3476791381836,104.252304,4.178686505944065,37.174665453633246,6.097103037806828,3.0239513091571095,0.9896560185542076
2021-05-18,102.3076171875,103.625786,4.178686505944065,37.174665453633246,6.097103037806828,3.0239513091571095,0.9896560185542076
2021-05-19,103.74752807617188,103.21263,4.178686505944065,37.174665453633246,6.097103037806828,3.0239513091571095,0.9896560185542076
2021-05-20,104.5597915649414,103.12798,4.178686505944065,37.174665453633246,6.097103037806828,3.0239513091571095,0.9896560185542076
2021-05-21,103.23985290527344,103.31961,4.178686505944065,37.174665453633246,6.097103037806828,3.0239513091571095,0.9896560185542076
2021-05-24,104.88284301757814,103.47874,4.178686505944065,37.174665453633246,6.097103037806828,3.0239513091571095,0.9896560185542076
2021-05-25,105.48282623291016,103.803955,4.178686505944065,37.174665453633246,6.097103037806828,3.0239513091571095,0.9896560185542076
2021-05-26,107.07040405273438,104.24951,4.178686505944065,37.174665453633246,6.097103037806828,3.0239513091571095,0.9896560185542076
2021-05-27,106.8581085205078,104.8963,4.178686505944065,37.174665453633246,6.097103037806828,3.0239513091571095,0.9896560185542076
2021-05-28,108.32572937011719,105.54817,4.178686505944065,37.174665453633246,6.097103037806828,3.0239513091571095,0.9896560185542076
2021-06-01,109.38719177246094,106.304825,4.178686505944065,37.174665453633246,6.097103037806828,3.0239513091571095,0.9896560185542076
2021-06-02,109.79331970214844,107.15391,4.178686505944065,37.174665453633246,6.097103037806828,3.0239513091571095,0.9896560185542076
2021-06-03,107.82728576660156,108.001205,4.178686505944065,37.174665453633246,6.097103037806828,3.0239513091571095,0.9896560185542076
2021-06-04,110.31021881103516,108.518585,4.178686505944065,37.174665453633246,6.097103037806828,3.0239513091571095,0.9896560185542076
2021-06-07,109.11951446533206,109.10362,4.178686505944065,37.174665453633246,6.097103037806828,3.0239513091571095,0.9896560185542076
2021-06-08,106.99656677246094,109.50995,4.178686505944065,37.174665453633246,6.097103037806828,3.0239513091571095,0.9896560185542076
2021-06-09,108.11341094970705,109.52735,4.178686505944065,37.174665453633246,6.097103037806828,3.0239513091571095,0.9896560185542076
2021-06-10,109.13796234130861,109.475235,4.178686505944065,37.174665453633246,6.097103037806828,3.0239513091571095,0.9896560185542076
2021-06-11,109.14720153808592,109.508514,4.178686505944065,37.174665453633246,6.097103037806828,3.0239513091571095,0.9896560185542076
2021-06-14,111.67628479003906,109.577995,4.178686505944065,37.174665453633246,6.097103037806828,3.0239513091571095,0.9896560185542076
2021-06-15,110.25482177734378,109.95466,4.178686505944065,37.174665453633246,6.097103037806828,3.0239513091571095,0.9896560185542076
2021-06-16,108.93489074707033,110.272835,4.178686505944065,37.174665453633246,6.097103037806828,3.0239513091571095,0.9896560185542076
2021-06-17,110.37200164794922,110.37097,4.178686505944065,37.174665453633246,6.097103037806828,3.0239513091571095,0.9896560185542076
2021-06-18,107.28653717041014,110.5159,4.178686505944065,37.174665453633246,6.097103037806828,3.0239513091571095,0.9896560185542076
2021-06-21,105.75772857666016,110.300156,4.178686505944065,37.174665453633246,6.097103037806828,3.0239513091571095,0.9896560185542076
2021-06-22,105.93376922607422,109.74663,4.178686505944065,37.174665453633246,6.097103037806828,3.0239513091571095,0.9896560185542076
2021-06-23,107.52746582031251,109.10282,4.178686505944065,37.174665453633246,6.097103037806828,3.0239513091571095,0.9896560185542076
2021-06-24,108.63005065917967,108.67052,4.178686505944065,37.174665453633246,6.097103037806828,3.0239513091571095,0.9896560185542076
2021-06-25,107.97219848632812,108.521706,4.178686505944065,37.174665453633246,6.097103037806828,3.0239513091571095,0.9896560185542076
2021-06-28,110.82603454589844,108.45584,4.178686505944065,37.174665453633246,6.097103037806828,3.0239513091571095,0.9896560185542076
2021-06-29,111.40049743652344,108.77958,4.178686505944065,37.174665453633246,6.097103037806828,3.0239513091571095,0.9896560185542076
2021-06-30,111.3356246948242,109.33169,4.178686505944065,37.174665453633246,6.097103037806828,3.0239513091571095,0.9896560185542076
2021-07-01,109.72340393066406,109.93252,4.178686505944065,37.174665453633246,6.097103037806828,3.0239513091571095,0.9896560185542076
2021-07-02,110.17743682861328,110.3024,4.178686505944065,37.174665453633246,6.097103037806828,3.0239513091571095,0.9896560185542076
2021-07-06,111.23371887207033,110.5695,4.178686505944065,37.174665453633246,6.097103037806828,3.0239513091571095,0.9896560185542076
2021-07-07,109.5658950805664,110.87749,4.178686505944065,37.174665453633246,6.097103037806828,3.0239513091571095,0.9896560185542076
2021-07-08,109.21379852294922,110.97216,4.178686505944065,37.174665453633246,6.097103037806828,3.0239513091571095,0.9896560185542076
2021-07-09,111.70626068115234,110.90694,4.178686505944065,37.174665453633246,6.097103037806828,3.0239513091571095,0.9896560185542076
2021-07-12,113.62422943115236,111.06022,4.178686505944065,37.174665453633246,6.097103037806828,3.0239513091571095,0.9896560185542076
2021-07-13,114.80096435546878,111.529076,4.178686505944065,37.174665453633246,6.097103037806828,3.0239513091571095,0.9896560185542076
2021-07-14,115.2549819946289,112.242165,4.178686505944065,37.174665453633246,6.097103037806828,3.0239513091571095,0.9896560185542076
2021-07-15,108.89878845214845,113.05197,4.178686505944065,37.174665453633246,6.097103037806828,3.0239513091571095,0.9896560185542076
2021-07-16,107.240234375,113.06947,4.178686505944065,37.174665453633246,6.097103037806828,3.0239513091571095,0.9896560185542076
2021-07-19,106.87886047363281,112.49305,4.178686505944065,37.174665453633246,6.097103037806828,3.0239513091571095,0.9896560185542076
2021-07-20,107.85174560546876,111.63321,4.178686505944065,37.174665453633246,6.097103037806828,3.0239513091571095,0.9896560185542076
2021-07-21,109.21379852294922,110.83556,4.178686505944065,37.174665453633246,6.097103037806828,3.0239513091571095,0.9896560185542076
2021-07-22,108.00000762939452,110.31526,4.178686505944065,37.174665453633246,6.097103037806828,3.0239513091571095,0.9896560185542076
2021-07-23,108.21311950683595,109.84879,4.178686505944065,37.174665453633246,6.097103037806828,3.0239513091571095,0.9896560185542076
2021-07-26,107.1568374633789,109.48988,4.178686505944065,37.174665453633246,6.097103037806828,3.0239513091571095,0.9896560185542076
2021-07-27,105.20177459716795,109.102455,4.178686505944065,37.174665453633246,6.097103037806828,3.0239513091571095,0.9896560185542076
2021-07-28,106.61943817138672,108.51631,4.178686505944065,37.174665453633246,6.097103037806828,3.0239513091571095,0.9896560185542076
2021-07-29,107.62010955810548,108.06599,4.178686505944065,37.174665453633246,6.097103037806828,3.0239513091571095,0.9896560185542076
2021-07-30,108.07414245605467,107.85314,4.178686505944065,37.174665453633246,6.097103037806828,3.0239513091571095,0.9896560185542076
2021-08-02,108.27796936035156,107.84016,4.178686505944065,37.174665453633246,6.097103037806828,3.0239513091571095,0.9896560185542076
2021-08-03,109.7141571044922,107.95723,4.178686505944065,37.174665453633246,6.097103037806828,3.0239513091571095,0.9896560185542076
2021-08-04,110.01991271972658,108.300125,4.178686505944065,37.174665453633246,6.097103037806828,3.0239513091571095,0.9896560185542076
2021-08-05,110.46466827392577,108.75681,4.178686505944065,37.174665453633246,6.097103037806828,3.0239513091571095,0.9896560185542076
2021-08-06,109.52881622314453,109.27507,4.178686505944065,37.174665453633246,6.097103037806828,3.0239513091571095,0.9896560185542076
2021-08-09,109.53810119628906,109.65721,4.178686505944065,37.174665453633246,6.097103037806828,3.0239513091571095,0.9896560185542076
2021-08-10,107.81468963623048,109.93022,4.178686505944065,37.174665453633246,6.097103037806828,3.0239513091571095,0.9896560185542076
2021-08-11,107.47185516357422,109.91294,4.178686505944065,37.174665453633246,6.097103037806828,3.0239513091571095,0.9896560185542076
2021-08-12,107.20315551757812,109.71014,4.178686505944065,37.174665453633246,6.097103037806828,3.0239513091571095,0.9896560185542076
2021-08-13,107.01786041259767,109.40202,4.178686505944065,37.174665453633246,6.097103037806828,3.0239513091571095,0.9896560185542076
2021-08-16,106.21173858642578,109.05121,4.178686505944065,37.174665453633246,6.097103037806828,3.0239513091571095,0.9896560185542076
2021-08-17,102.95025634765624,108.62148,4.178686505944065,37.174665453633246,6.097103037806828,3.0239513091571095,0.9896560185542076
2021-08-18,102.33870697021484,107.81466,4.178686505944065,37.174665453633246,6.097103037806828,3.0239513091571095,0.9896560185542076
2021-08-19,102.40359497070312,106.8369,4.178686505944065,37.174665453633246,6.097103037806828,3.0239513091571095,0.9896560185542076
2021-08-20,100.17982482910156,105.88862,4.178686505944065,37.174665453633246,6.097103037806828,3.0239513091571095,0.9896560185542076
2021-08-23,102.81126403808592,104.79857,4.178686505944065,37.174665453633246,6.097103037806828,3.0239513091571095,0.9896560185542076
2021-08-24,103.87681579589844,104.07313,4.178686505944065,37.174665453633246,6.097103037806828,3.0239513091571095,0.9896560185542076
2021-08-25,108.43548583984376,103.73987,4.178686505944065,37.174665453633246,6.097103037806828,3.0239513091571095,0.9896560185542076
2021-08-26,109.42690277099608,104.186424,4.178686505944065,37.174665453633246,6.097103037806828,3.0239513091571095,0.9896560185542076
2021-08-27,109.78825378417969,105.09803,4.178686505944065,37.174665453633246,6.097103037806828,3.0239513091571095,0.9896560185542076
2021-08-30,110.25154876708984,106.1927,4.178686505944065,37.174665453633246,6.097103037806828,3.0239513091571095,0.9896560185542076
2021-08-31,110.27008819580078,107.31755,4.178686505944065,37.174665453633246,6.097103037806828,3.0239513091571095,0.9896560185542076
2021-09-01,111.61359405517578,108.33632,4.178686505944065,37.174665453633246,6.097103037806828,3.0239513091571095,0.9896560185542076
2021-09-02,111.91935729980467,109.34642,4.178686505944065,37.174665453633246,6.097103037806828,3.0239513091571095,0.9896560185542076
2021-09-03,114.86582946777344,110.27219,4.178686505944065,37.174665453633246,6.097103037806828,3.0239513091571095,0.9896560185542076
2021-09-07,115.54222106933592,111.39675,4.178686505944065,37.174665453633246,6.097103037806828,3.0239513091571095,0.9896560185542076
2021-09-08,112.93859100341795,112.569305,4.178686505944065,37.174665453633246,6.097103037806828,3.0239513091571095,0.9896560185542076
2021-09-09,113.6705551147461,113.32345,4.178686505944065,37.174665453633246,6.097103037806828,3.0239513091571095,0.9896560185542076
2021-09-10,113.93926239013672,113.86599,4.178686505944065,37.174665453633246,6.097103037806828,3.0239513091571095,0.9896560185542076
2021-09-13,114.5415267944336,114.26473,4.178686505944065,37.174665453633246,6.097103037806828,3.0239513091571095,0.9896560185542076
2021-09-14,114.05046081542967,114.61041,4.178686505944065,37.174665453633246,6.097103037806828,3.0239513091571095,0.9896560185542076
2021-09-15,112.57720947265624,114.82609,4.178686505944065,37.174665453633246,6.097103037806828,3.0239513091571095,0.9896560185542076
2021-09-16,112.3790512084961,114.77343,4.178686505944065,37.174665453633246,6.097103037806828,3.0239513091571095,0.9896560185542076
2021-09-17,109.5507354736328,114.56392,4.178686505944065,37.174665453633246,6.097103037806828,3.0239513091571095,0.9896560185542076
2021-09-20,106.71311950683595,113.96001,4.178686505944065,37.174665453633246,6.097103037806828,3.0239513091571095,0.9896560185542076
2021-09-21,106.95500946044922,112.88785,4.178686505944065,37.174665453633246,6.097103037806828,3.0239513091571095,0.9896560185542076
2021-09-22,107.80165100097656,111.725,4.178686505944065,37.174665453633246,6.097103037806828,3.0239513091571095,0.9896560185542076
2021-09-23,108.099365234375,110.74202,4.178686505944065,37.174665453633246,6.097103037806828,3.0239513091571095,0.9896560185542076
2021-09-24,107.58766174316406,109.99379,4.178686505944065,37.174665453633246,6.097103037806828,3.0239513091571095,0.9896560185542076
2021-09-27,108.06214141845705,109.389656,4.178686505944065,37.174665453633246,6.097103037806828,3.0239513091571095,0.9896560185542076
2021-09-28,104.10808563232422,108.98622,4.178686505944065,37.174665453633246,6.097103037806828,3.0239513091571095,0.9896560185542076
2021-09-29,103.84759521484375,108.266266,4.178686505944065,37.174665453633246,6.097103037806828,3.0239513091571095,0.9896560185542076
2021-09-30,103.87548828125,107.443344,4.178686505944065,37.174665453633246,6.097103037806828,3.0239513091571095,0.9896560185542076
2021-10-01,103.7917709350586,106.665794,4.178686505944065,37.174665453633246,6.097103037806828,3.0239513091571095,0.9896560185542076
2021-10-04,101.42864227294922,105.99122,4.178686505944065,37.174665453633246,6.097103037806828,3.0239513091571095,0.9896560185542076
2021-10-05,101.65193176269533,105.16896,4.178686505944065,37.174665453633246,6.097103037806828,3.0239513091571095,0.9896560185542076
2021-10-06,101.72635650634766,104.396355,4.178686505944065,37.174665453633246,6.097103037806828,3.0239513091571095,0.9896560185542076
2021-10-07,103.11260986328124,103.747406,4.178686505944065,37.174665453633246,6.097103037806828,3.0239513091571095,0.9896560185542076
2021-10-08,102.37760162353516,103.40199,4.178686505944065,37.174665453633246,6.097103037806828,3.0239513091571095,0.9896560185542076
2021-10-11,102.58229064941408,103.16616,4.178686505944065,37.174665453633246,6.097103037806828,3.0239513091571095,0.9896560185542076
2021-10-12,101.59609985351562,103.042915,4.178686505944065,37.174665453633246,6.097103037806828,3.0239513091571095,0.9896560185542076
2021-10-13,102.32179260253906,102.87858,4.178686505944065,37.174665453633246,6.097103037806828,3.0239513091571095,0.9896560185542076
2021-10-14,104.7221221923828,102.80271,4.178686505944065,37.174665453633246,6.097103037806828,3.0239513091571095,0.9896560185542076
2021-10-15,106.86196899414061,103.06671,4.178686505944065,37.174665453633246,6.097103037806828,3.0239513091571095,0.9896560185542076
2021-10-18,107.30853271484376,103.72801,4.178686505944065,37.174665453633246,6.097103037806828,3.0239513091571095,0.9896560185542076
2021-10-19,108.81574249267577,104.57159,4.178686505944065,37.174665453633246,6.097103037806828,3.0239513091571095,0.9896560185542076
2021-10-20,107.54114532470705,105.59459,4.178686505944065,37.174665453633246,6.097103037806828,3.0239513091571095,0.9896560185542076
2021-10-21,108.19239807128906,106.44365,4.178686505944065,37.174665453633246,6.097103037806828,3.0239513091571095,0.9896560185542076
2021-10-22,106.27586364746092,107.18816,4.178686505944065,37.174665453633246,6.097103037806828,3.0239513091571095,0.9896560185542076
2021-10-25,105.72693634033206,107.567116,4.178686505944065,37.174665453633246,6.097103037806828,3.0239513091571095,0.9896560185542076
2021-10-26,106.22933959960938,107.652306,4.178686505944065,37.174665453633246,6.097103037806828,3.0239513091571095,0.9896560185542076
2021-10-27,105.82926940917967,107.63421,4.178686505944065,37.174665453633246,6.097103037806828,3.0239513091571095,0.9896560185542076
2021-10-28,107.93192291259766,107.513405,4.178686505944065,37.174665453633246,6.097103037806828,3.0239513091571095,0.9896560185542076
2021-10-29,105.78274536132812,107.59928,4.178686505944065,37.174665453633246,6.097103037806828,3.0239513091571095,0.9896560185542076
2021-11-01,106.17350769042967,107.52155,4.178686505944065,37.174665453633246,6.097103037806828,3.0239513091571095,0.9896560185542076
2021-11-02,106.16419982910155,107.41655,4.178686505944065,37.174665453633246,6.097103037806828,3.0239513091571095,0.9896560185542076
2021-11-03,106.07117462158205,107.30589,4.178686505944065,37.174665453633246,6.097103037806828,3.0239513091571095,0.9896560185542076
2021-11-04,109.5879440307617,107.19242,4.178686505944065,37.174665453633246,6.097103037806828,3.0239513091571095,0.9896560185542076
2021-11-05,109.59725952148436,107.50511,4.178686505944065,37.174665453633246,6.097103037806828,3.0239513091571095,0.9896560185542076
2021-11-08,112.49069213867188,107.99636,4.178686505944065,37.174665453633246,6.097103037806828,3.0239513091571095,0.9896560185542076
2021-11-09,113.30010223388672,108.86672,4.178686505944065,37.174665453633246,6.097103037806828,3.0239513091571095,0.9896560185542076
2021-11-10,109.96941375732422,109.925354,4.178686505944065,37.174665453633246,6.097103037806828,3.0239513091571095,0.9896560185542076
2021-11-11,109.9601058959961,110.56756,4.178686505944065,37.174665453633246,6.097103037806828,3.0239513091571095,0.9896560185542076
2021-11-12,110.42528533935548,110.92859,4.178686505944065,37.174665453633246,6.097103037806828,3.0239513091571095,0.9896560185542076
2021-11-15,109.8949966430664,111.157715,4.178686505944065,37.174665453633246,6.097103037806828,3.0239513091571095,0.9896560185542076
2021-11-16,109.8577651977539,111.22707,4.178686505944065,37.174665453633246,6.097103037806828,3.0239513091571095,0.9896560185542076
2021-11-17,110.7695083618164,111.20006,4.178686505944065,37.174665453633246,6.097103037806828,3.0239513091571095,0.9896560185542076
2021-11-18,114.79801177978516,111.23127,4.178686505944065,37.174665453633246,6.097103037806828,3.0239513091571095,0.9896560185542076
2021-11-19,115.60742950439452,111.7604,4.178686505944065,37.174665453633246,6.097103037806828,3.0239513091571095,0.9896560185542076
2021-11-22,116.06330108642578,112.57253,4.178686505944065,37.174665453633246,6.097103037806828,3.0239513091571095,0.9896560185542076
2021-11-23,112.90936279296876,113.49056,4.178686505944065,37.174665453633246,6.097103037806828,3.0239513091571095,0.9896560185542076
2021-11-24,112.30462646484376,113.98647,4.178686505944065,37.174665453633246,6.097103037806828,3.0239513091571095,0.9896560185542076
2021-11-26,108.93669128417967,114.14344,4.178686505944065,37.174665453633246,6.097103037806828,3.0239513091571095,0.9896560185542076
2021-11-29,110.97418212890624,113.71001,4.178686505944065,37.174665453633246,6.097103037806828,3.0239513091571095,0.9896560185542076
2021-11-30,108.99250793457033,113.2648,4.178686505944065,37.174665453633246,6.097103037806828,3.0239513091571095,0.9896560185542076
2021-12-01,112.23018646240233,112.62194,4.178686505944065,37.174665453633246,6.097103037806828,3.0239513091571095,0.9896560185542076
2021-12-02,113.22567749023438,112.33216,4.178686505944065,37.174665453633246,6.097103037806828,3.0239513091571095,0.9896560185542076
2021-12-03,111.02072143554688,112.36603,4.178686505944065,37.174665453633246,6.097103037806828,3.0239513091571095,0.9896560185542076
2021-12-06,110.8439483642578,112.30012,4.178686505944065,37.174665453633246,6.097103037806828,3.0239513091571095,0.9896560185542076
2021-12-07,113.8025131225586,112.17418,4.178686505944065,37.174665453633246,6.097103037806828,3.0239513091571095,0.9896560185542076
2021-12-08,113.31874084472656,112.38159,4.178686505944065,37.174665453633246,6.097103037806828,3.0239513091571095,0.9896560185542076
2021-12-09,111.17889404296876,112.675125,4.178686505944065,37.174665453633246,6.097103037806828,3.0239513091571095,0.9896560185542076
2021-12-10,110.83465576171876,112.72934,4.178686505944065,37.174665453633246,6.097103037806828,3.0239513091571095,0.9896560185542076
2021-12-13,108.31334686279295,112.618546,4.178686505944065,37.174665453633246,6.097103037806828,3.0239513091571095,0.9896560185542076
2021-12-14,108.19239807128906,112.13844,4.178686505944065,37.174665453633246,6.097103037806828,3.0239513091571095,0.9896560185542076
2021-12-15,112.01622009277344,111.51191,4.178686505944065,37.174665453633246,6.097103037806828,3.0239513091571095,0.9896560185542076
2021-12-16,108.90151977539062,111.33079,4.178686505944065,37.174665453633246,6.097103037806828,3.0239513091571095,0.9896560185542076
2021-12-17,108.66797637939452,111.02393,4.178686505944065,37.174665453633246,6.097103037806828,3.0239513091571095,0.9896560185542076
2021-12-20,107.3787612915039,110.66566,4.178686505944065,37.174665453633246,6.097103037806828,3.0239513091571095,0.9896560185542076
2021-12-21,109.7143096923828,110.17016,4.178686505944065,37.174665453633246,6.097103037806828,3.0239513091571095,0.9896560185542076
2021-12-22,113.32038879394534,109.9385,4.178686505944065,37.174665453633246,6.097103037806828,3.0239513091571095,0.9896560185542076
2021-12-23,112.74114990234376,110.29124,4.178686505944065,37.174665453633246,6.097103037806828,3.0239513091571095,0.9896560185542076
2021-12-27,114.62828063964842,110.8318,4.178686505944065,37.174665453633246,6.097103037806828,3.0239513091571095,0.9896560185542076
2021-12-28,114.03036499023438,111.634865,4.178686505944065,37.174665453633246,6.097103037806828,3.0239513091571095,0.9896560185542076
2021-12-29,113.42314910888672,112.411026,4.178686505944065,37.174665453633246,6.097103037806828,3.0239513091571095,0.9896560185542076
2021-12-30,112.49827575683594,113.01744,4.178686505944065,37.174665453633246,6.097103037806828,3.0239513091571095,0.9896560185542076
2021-12-31,112.3955078125,113.361084,4.178686505944065,37.174665453633246,6.097103037806828,3.0239513091571095,0.9896560185542076
2022-01-03,120.32698059082033,113.51997,4.178686505944065,37.174665453633246,6.097103037806828,3.0239513091571095,0.9896560185542076
2022-01-04,124.62438201904295,114.50067,4.178686505944065,37.174665453633246,6.097103037806828,3.0239513091571095,0.9896560185542076
2022-01-05,118.7014617919922,116.28391,4.178686505944065,37.174665453633246,6.097103037806828,3.0239513091571095,0.9896560185542076
2022-01-06,120.01871490478516,117.57084,4.178686505944065,37.174665453633246,6.097103037806828,3.0239513091571095,0.9896560185542076
2022-01-07,115.37565612792967,118.62515,4.178686505944065,37.174665453633246,6.097103037806828,3.0239513091571095,0.9896560185542076
2022-01-10,116.78632354736328,118.88951,4.178686505944065,37.174665453633246,6.097103037806828,3.0239513091571095,0.9896560185542076
2022-01-11,120.67264556884766,118.88975,4.178686505944065,37.174665453633246,6.097103037806828,3.0239513091571095,0.9896560185542076
2022-01-12,123.53132629394531,119.20373,4.178686505944065,37.174665453633246,6.097103037806828,3.0239513091571095,0.9896560185542076
2022-01-13,130.0334930419922,119.96752,4.178686505944065,37.174665453633246,6.097103037806828,3.0239513091571095,0.9896560185542076
2022-01-14,131.4067840576172,121.63343,4.178686505944065,37.174665453633246,6.097103037806828,3.0239513091571095,0.9896560185542076
2022-01-18,125.02606964111328,123.721085,4.178686505944065,37.174665453633246,6.097103037806828,3.0239513091571095,0.9896560185542076
2022-01-19,122.3916091918945,125.03459,4.178686505944065,37.174665453633246,6.097103037806828,3.0239513091571095,0.9896560185542076
2022-01-20,119.88790893554688,125.50484,4.178686505944065,37.174665453633246,6.097103037806828,3.0239513091571095,0.9896560185542076
2022-01-21,116.33789825439452,125.195724,4.178686505944065,37.174665453633246,6.097103037806828,3.0239513091571095,0.9896560185542076
2022-01-24,117.67381286621094,124.10159,4.178686505944065,37.174665453633246,6.097103037806828,3.0239513091571095,0.9896560185542076
2022-01-25,114.4227523803711,122.88283,4.178686505944065,37.174665453633246,6.097103037806828,3.0239513091571095,0.9896560185542076
2022-01-26,114.98329162597656,121.343735,4.178686505944065,37.174665453633246,6.097103037806828,3.0239513091571095,0.9896560185542076
2022-01-27,108.72402954101562,119.87902,4.178686505944065,37.174665453633246,6.097103037806828,3.0239513091571095,0.9896560185542076
2022-01-28,109.87313079833984,117.875114,4.178686505944065,37.174665453633246,6.097103037806828,3.0239513091571095,0.9896560185542076
2022-01-31,114.56287384033205,115.963524,4.178686505944065,37.174665453633246,6.097103037806828,3.0239513091571095,0.9896560185542076
2022-02-01,114.95526123046876,114.863686,4.178686505944065,37.174665453633246,6.097103037806828,3.0239513091571095,0.9896560185542076
2022-02-02,115.98289489746094,114.344795,4.178686505944065,37.174665453633246,6.097103037806828,3.0239513091571095,0.9896560185542076
2022-02-03,111.95641326904294,114.30875,4.178686505944065,37.174665453633246,6.097103037806828,3.0239513091571095,0.9896560185542076
2022-02-04,113.05879974365234,114.05515,4.178686505944065,37.174665453633246,6.097103037806828,3.0239513091571095,0.9896560185542076
2022-02-07,114.26393127441406,113.86257,4.178686505944065,37.174665453633246,6.097103037806828,3.0239513091571095,0.9896560185542076
2022-02-08,115.5718231201172,113.86869,4.178686505944065,37.174665453633246,6.097103037806828,3.0239513091571095,0.9896560185542076
2022-02-09,117.26276397705077,114.13308,4.178686505944065,37.174665453633246,6.097103037806828,3.0239513091571095,0.9896560185542076
2022-02-10,116.50604248046876,114.701996,4.178686505944065,37.174665453633246,6.097103037806828,3.0239513091571095,0.9896560185542076
2022-02-11,113.04944610595705,115.27505,4.178686505944065,37.174665453633246,6.097103037806828,3.0239513091571095,0.9896560185542076
2022-02-14,111.89102172851562,115.38301,4.178686505944065,37.174665453633246,6.097103037806828,3.0239513091571095,0.9896560185542076
2022-02-15,116.32853698730467,115.11183,4.178686505944065,37.174665453633246,6.097103037806828,3.0239513091571095,0.9896560185542076
2022-02-16,115.46908569335938,115.20188,4.178686505944065,37.174665453633246,6.097103037806828,3.0239513091571095,0.9896560185542076
2022-02-17,111.88169860839842,115.357124,4.178686505944065,37.174665453633246,6.097103037806828,3.0239513091571095,0.9896560185542076
2022-02-18,111.4612808227539,115.107056,4.178686505944065,37.174665453633246,6.097103037806828,3.0239513091571095,0.9896560185542076
2022-02-22,109.21916198730469,114.63389,4.178686505944065,37.174665453633246,6.097103037806828,3.0239513091571095,0.9896560185542076
2022-02-23,108.27560424804688,113.8346,4.178686505944065,37.174665453633246,6.097103037806828,3.0239513091571095,0.9896560185542076
2022-02-24,104.52007293701172,112.8489,4.178686505944065,37.174665453633246,6.097103037806828,3.0239513091571095,0.9896560185542076
2022-02-25,103.91281127929688,111.43537,4.178686505944065,37.174665453633246,6.097103037806828,3.0239513091571095,0.9896560185542076
2022-02-28,99.97042083740236,109.89421,4.178686505944065,37.174665453633246,6.097103037806828,3.0239513091571095,0.9896560185542076
2022-03-01,100.9420166015625,107.9953,4.178686505944065,37.174665453633246,6.097103037806828,3.0239513091571095,0.9896560185542076
2022-03-02,102.3993911743164,106.24654,4.178686505944065,37.174665453633246,6.097103037806828,3.0239513091571095,0.9896560185542076
2022-03-03,101.63333129882812,104.942795,4.178686505944065,37.174665453633246,6.097103037806828,3.0239513091571095,0.9896560185542076
2022-03-04,98.14869689941406,103.9248,4.178686505944065,37.174665453633246,6.097103037806828,3.0239513091571095,0.9896560185542076
2022-03-07,92.7582778930664,102.762886,4.178686505944065,37.174665453633246,6.097103037806828,3.0239513091571095,0.9896560185542076
2022-03-08,93.42156982421876,101.0319,4.178686505944065,37.174665453633246,6.097103037806828,3.0239513091571095,0.9896560185542076
2022-03-09,98.04592895507812,99.29401,4.178686505944065,37.174665453633246,6.097103037806828,3.0239513091571095,0.9896560185542076
2022-03-10,97.1210708618164,98.29773,4.178686505944065,37.174665453633246,6.097103037806828,3.0239513091571095,0.9896560185542076
2022-03-11,94.73882293701172,97.68406,4.178686505944065,37.174665453633246,6.097103037806828,3.0239513091571095,0.9896560185542076
2022-03-14,92.7676239013672,97.06326,4.178686505944065,37.174665453633246,6.097103037806828,3.0239513091571095,0.9896560185542076
2022-03-15,95.3740921020508,96.28671,4.178686505944065,37.174665453633246,6.097103037806828,3.0239513091571095,0.9896560185542076
2022-03-16,99.21344757080077,95.83572,4.178686505944065,37.174665453633246,6.097103037806828,3.0239513091571095,0.9896560185542076
2022-03-17,99.96442413330078,96.06001,4.178686505944065,37.174665453633246,6.097103037806828,3.0239513091571095,0.9896560185542076
2022-03-18,100.18034362792969,96.69624,4.178686505944065,37.174665453633246,6.097103037806828,3.0239513091571095,0.9896560185542076
2022-03-21,100.36808013916016,97.50436,4.178686505944065,37.174665453633246,6.097103037806828,3.0239513091571095,0.9896560185542076
2022-03-22,100.48072052001952,98.33827,4.178686505944065,37.174665453633246,6.097103037806828,3.0239513091571095,0.9896560185542076
2022-03-23,98.89427185058594,99.109566,4.178686505944065,37.174665453633246,6.097103037806828,3.0239513091571095,0.9896560185542076
2022-03-24,101.30680084228514,99.576866,4.178686505944065,37.174665453633246,6.097103037806828,3.0239513091571095,0.9896560185542076
2022-03-25,100.18973541259764,100.12463,4.178686505944065,37.174665453633246,6.097103037806828,3.0239513091571095,0.9896560185542076
2022-03-28,99.81424713134766,100.51562,4.178686505944065,37.174665453633246,6.097103037806828,3.0239513091571095,0.9896560185542076
2022-03-29,102.55530548095706,100.73834,4.178686505944065,37.174665453633246,6.097103037806828,3.0239513091571095,0.9896560185542076
2022-03-30,100.18973541259764,101.172844,4.178686505944065,37.174665453633246,6.097103037806828,3.0239513091571095,0.9896560185542076
2022-03-31,97.87108612060548,101.38091,4.178686505944065,37.174665453633246,6.097103037806828,3.0239513091571095,0.9896560185542076
2022-04-01,96.49115753173827,101.17689,4.178686505944065,37.174665453633246,6.097103037806828,3.0239513091571095,0.9896560185542076
2022-04-04,98.36859893798828,100.62191,4.178686505944065,37.174665453633246,6.097103037806828,3.0239513091571095,0.9896560185542076
2022-04-05,96.21892547607422,100.169754,4.178686505944065,37.174665453633246,6.097103037806828,3.0239513091571095,0.9896560185542076
2022-04-06,94.97981262207033,99.56087,4.178686505944065,37.174665453633246,6.097103037806828,3.0239513091571095,0.9896560185542076
2022-04-07,94.36027526855467,98.79449,4.178686505944065,37.174665453633246,6.097103037806828,3.0239513091571095,0.9896560185542076
2022-04-08,93.20562744140622,97.96024,4.178686505944065,37.174665453633246,6.097103037806828,3.0239513091571095,0.9896560185542076
2022-04-11,91.59103393554688,97.04806,4.178686505944065,37.174665453633246,6.097103037806828,3.0239513091571095,0.9896560185542076
2022-04-12,91.46900177001952,96.00858,4.178686505944065,37.174665453633246,6.097103037806828,3.0239513091571095,0.9896560185542076
2022-04-13,95.2802200317383,95.00857,4.178686505944065,37.174665453633246,6.097103037806828,3.0239513091571095,0.9896560185542076
2022-04-14,92.33262634277344,94.59378,4.178686505944065,37.174665453633246,6.097103037806828,3.0239513091571095,0.9896560185542076
2022-04-18,92.71749877929688,94.17443,4.178686505944065,37.174665453633246,6.097103037806828,3.0239513091571095,0.9896560185542076
2022-04-19,93.35581970214844,93.85369,4.178686505944065,37.174665453633246,6.097103037806828,3.0239513091571095,0.9896560185542076
2022-04-20,92.94280242919922,93.69871,4.178686505944065,37.174665453633246,6.097103037806828,3.0239513091571095,0.9896560185542076
2022-04-21,91.675537109375,93.60036,4.178686505944065,37.174665453633246,6.097103037806828,3.0239513091571095,0.9896560185542076
2022-04-22,89.81684875488281,93.39631,4.178686505944065,37.174665453633246,6.097103037806828,3.0239513091571095,0.9896560185542076
2022-04-25,90.342529296875,92.94552,4.178686505944065,37.174665453633246,6.097103037806828,3.0239513091571095,0.9896560185542076
2022-04-26,87.0851821899414,92.48554,4.178686505944065,37.174665453633246,6.097103037806828,3.0239513091571095,0.9896560185542076
2022-04-27,84.72898864746094,91.687164,4.178686505944065,37.174665453633246,6.097103037806828,3.0239513091571095,0.9896560185542076
2022-04-28,89.38504028320314,90.53077,4.178686505944065,37.174665453633246,6.097103037806828,3.0239513091571095,0.9896560185542076
2022-04-29,87.23536682128906,89.87532,4.178686505944065,37.174665453633246,6.097103037806828,3.0239513091571095,0.9896560185542076
2022-05-02,88.01451110839842,89.29087,4.178686505944065,37.174665453633246,6.097103037806828,3.0239513091571095,0.9896560185542076
2022-05-03,87.89247131347656,88.906525,4.178686505944065,37.174665453633246,6.097103037806828,3.0239513091571095,0.9896560185542076
2022-05-04,90.10785675048828,88.65602,4.178686505944065,37.174665453633246,6.097103037806828,3.0239513091571095,0.9896560185542076
2022-05-05,86.50316619873047,88.76919,4.178686505944065,37.174665453633246,6.097103037806828,3.0239513091571095,0.9896560185542076
2022-05-06,86.01504516601561,88.62997,4.178686505944065,37.174665453633246,6.097103037806828,3.0239513091571095,0.9896560185542076
2022-05-09,81.95037841796875,88.327324,4.178686505944065,37.174665453633246,6.097103037806828,3.0239513091571095,0.9896560185542076
2022-05-10,83.3772201538086,87.49554,4.178686505944065,37.174665453633246,6.097103037806828,3.0239513091571095,0.9896560185542076
2022-05-11,82.44789123535156,86.66044,4.178686505944065,37.174665453633246,6.097103037806828,3.0239513091571095,0.9896560185542076
2022-05-12,82.31647491455078,85.80527,4.178686505944065,37.174665453633246,6.097103037806828,3.0239513091571095,0.9896560185542076
2022-05-13,85.38609313964845,85.02199,4.178686505944065,37.174665453633246,6.097103037806828,3.0239513091571095,0.9896560185542076
2022-05-16,84.86980438232422,84.72952,4.178686505944065,37.174665453633246,6.097103037806828,3.0239513091571095,0.9896560185542076
2022-05-17,87.6014633178711,84.65986,4.178686505944065,37.174665453633246,6.097103037806828,3.0239513091571095,0.9896560185542076
2022-05-18,84.9824447631836,85.041664,4.178686505944065,37.174665453633246,6.097103037806828,3.0239513091571095,0.9896560185542076
2022-05-19,84.68204498291016,85.30268,4.178686505944065,37.174665453633246,6.097103037806828,3.0239513091571095,0.9896560185542076
2022-05-20,85.21712493896484,85.44425,4.178686505944065,37.174665453633246,6.097103037806828,3.0239513091571095,0.9896560185542076
2022-05-23,85.89300537109375,85.575165,4.178686505944065,37.174665453633246,6.097103037806828,3.0239513091571095,0.9896560185542076
2022-05-24,83.28335571289062,85.76702,4.178686505944065,37.174665453633246,6.097103037806828,3.0239513091571095,0.9896560185542076
2022-05-25,84.86980438232422,85.65911,4.178686505944065,37.174665453633246,6.097103037806828,3.0239513091571095,0.9896560185542076
2022-05-26,85.42363739013672,85.60135,4.178686505944065,37.174665453633246,6.097103037806828,3.0239513091571095,0.9896560185542076
2022-05-27,88.02389526367188,85.63925,4.178686505944065,37.174665453633246,6.097103037806828,3.0239513091571095,0.9896560185542076
2022-05-31,89.46014404296875,86.03004,4.178686505944065,37.174665453633246,6.097103037806828,3.0239513091571095,0.9896560185542076
2022-06-01,88.94384765625001,86.726036,4.178686505944065,37.174665453633246,6.097103037806828,3.0239513091571095,0.9896560185542076
2022-06-02,90.43640899658205,87.43879,4.178686505944065,37.174665453633246,6.097103037806828,3.0239513091571095,0.9896560185542076
2022-06-03,88.02389526367188,88.25914,4.178686505944065,37.174665453633246,6.097103037806828,3.0239513091571095,0.9896560185542076
2022-06-06,87.40434265136719,88.75468,4.178686505944065,37.174665453633246,6.097103037806828,3.0239513091571095,0.9896560185542076
2022-06-07,88.089599609375,88.95684,4.178686505944065,37.174665453633246,6.097103037806828,3.0239513091571095,0.9896560185542076
2022-06-08,87.74227905273438,89.065544,4.178686505944065,37.174665453633246,6.097103037806828,3.0239513091571095,0.9896560185542076
2022-06-09,85.28281402587889,89.06895,4.178686505944065,37.174665453633246,6.097103037806828,3.0239513091571095,0.9896560185542076
2022-06-10,83.24580383300783,88.723724,4.178686505944065,37.174665453633246,6.097103037806828,3.0239513091571095,0.9896560185542076
2022-06-13,80.30762481689453,87.99682,4.178686505944065,37.174665453633246,6.097103037806828,3.0239513091571095,0.9896560185542076
2022-06-14,81.84711456298828,86.80612,4.178686505944065,37.174665453633246,6.097103037806828,3.0239513091571095,0.9896560185542076
2022-06-15,83.66822814941406,85.69303,4.178686505944065,37.174665453633246,6.097103037806828,3.0239513091571095,0.9896560185542076
2022-06-16,79.75862121582031,84.95586,4.178686505944065,37.174665453633246,6.097103037806828,3.0239513091571095,0.9896560185542076
2022-06-17,80.21160125732422,84.02796,4.178686505944065,37.174665453633246,6.097103037806828,3.0239513091571095,0.9896560185542076
2022-06-21,82.0517349243164,83.16578,4.178686505944065,37.174665453633246,6.097103037806828,3.0239513091571095,0.9896560185542076
2022-06-22,80.12665557861328,82.653496,4.178686505944065,37.174665453633246,6.097103037806828,3.0239513091571095,0.9896560185542076
2022-06-23,79.38115692138672,82.15054,4.178686505944065,37.174665453633246,6.097103037806828,3.0239513091571095,0.9896560185542076
2022-06-24,81.07976531982422,81.62625,4.178686505944065,37.174665453633246,6.097103037806828,3.0239513091571095,0.9896560185542076
2022-06-27,81.02313995361328,81.355896,4.178686505944065,37.174665453633246,6.097103037806828,3.0239513091571095,0.9896560185542076
2022-06-28,79.5887680053711,81.241264,4.178686505944065,37.174665453633246,6.097103037806828,3.0239513091571095,0.9896560185542076
2022-06-29,78.93762969970703,81.053215,4.178686505944065,37.174665453633246,6.097103037806828,3.0239513091571095,0.9896560185542076
2022-06-30,77.14466094970703,80.77653,4.178686505944065,37.174665453633246,6.097103037806828,3.0239513091571095,0.9896560185542076
2022-07-01,72.66224670410156,80.27592,4.178686505944065,37.174665453633246,6.097103037806828,3.0239513091571095,0.9896560185542076
2022-07-05,71.82239532470703,79.18813,4.178686505944065,37.174665453633246,6.097103037806828,3.0239513091571095,0.9896560185542076
2022-07-06,71.30338287353516,77.826256,4.178686505944065,37.174665453633246,6.097103037806828,3.0239513091571095,0.9896560185542076
2022-07-07,76.10662078857422,76.41467,4.178686505944065,37.174665453633246,6.097103037806828,3.0239513091571095,0.9896560185542076
2022-07-08,76.91818237304688,75.70692,4.178686505944065,37.174665453633246,6.097103037806828,3.0239513091571095,0.9896560185542076
2022-07-11,74.65339660644531,75.53421,4.178686505944065,37.174665453633246,6.097103037806828,3.0239513091571095,0.9896560185542076
2022-07-12,74.64395904541016,75.39106,4.178686505944065,37.174665453633246,6.097103037806828,3.0239513091571095,0.9896560185542076
2022-07-13,76.71057891845703,75.28639,4.178686505944065,37.174665453633246,6.097103037806828,3.0239513091571095,0.9896560185542076
2022-07-14,78.9565200805664,75.46401,4.178686505944065,37.174665453633246,6.097103037806828,3.0239513091571095,0.9896560185542076
2022-07-15,80.80609130859375,76.03618,4.178686505944065,37.174665453633246,6.097103037806828,3.0239513091571095,0.9896560185542076
2022-07-18,78.87157440185547,76.96898,4.178686505944065,37.174665453633246,6.097103037806828,3.0239513091571095,0.9896560185542076
2022-07-19,81.29681396484375,77.75464,4.178686505944065,37.174665453633246,6.097103037806828,3.0239513091571095,0.9896560185542076
2022-07-20,81.68370819091797,78.67053,4.178686505944065,37.174665453633246,6.097103037806828,3.0239513091571095,0.9896560185542076
2022-07-21,82.84440612792969,79.59526,4.178686505944065,37.174665453633246,6.097103037806828,3.0239513091571095,0.9896560185542076
2022-07-22,81.45722198486328,80.55878,4.178686505944065,37.174665453633246,6.097103037806828,3.0239513091571095,0.9896560185542076
2022-07-25,81.43834686279297,81.26725,4.178686505944065,37.174665453633246,6.097103037806828,3.0239513091571095,0.9896560185542076
2022-07-26,79.66425323486328,81.76301,4.178686505944065,37.174665453633246,6.097103037806828,3.0239513091571095,0.9896560185542076
2022-07-27,82.69341278076172,81.880104,4.178686505944065,37.174665453633246,6.097103037806828,3.0239513091571095,0.9896560185542076
2022-07-28,83.61822509765626,82.14752,4.178686505944065,37.174665453633246,6.097103037806828,3.0239513091571095,0.9896560185542076
2022-07-29,83.49554443359375,82.56415,4.178686505944065,37.174665453633246,6.097103037806828,3.0239513091571095,0.9896560185542076
2022-08-01,81.44779205322266,82.991875,4.178686505944065,37.174665453633246,6.097103037806828,3.0239513091571095,0.9896560185542076
2022-08-02,81.20243835449219,83.13178,4.178686505944065,37.174665453633246,6.097103037806828,3.0239513091571095,0.9896560185542076
2022-08-03,81.63651275634766,83.078896,4.178686505944065,37.174665453633246,6.097103037806828,3.0239513091571095,0.9896560185542076
2022-08-04,83.43892669677736,82.98148,4.178686505944065,37.174665453633246,6.097103037806828,3.0239513091571095,0.9896560185542076
2022-08-05,84.71287536621094,83.0825,4.178686505944065,37.174665453633246,6.097103037806828,3.0239513091571095,0.9896560185542076
2022-08-08,82.98596191406251,83.42098,4.178686505944065,37.174665453633246,6.097103037806828,3.0239513091571095,0.9896560185542076
2022-08-09,80.40975952148438,83.63573,4.178686505944065,37.174665453633246,6.097103037806828,3.0239513091571095,0.9896560185542076
2022-08-10,83.67483520507814,83.45843,4.178686505944065,37.174665453633246,6.097103037806828,3.0239513091571095,0.9896560185542076
2022-08-11,84.47694396972655,83.48899,4.178686505944065,37.174665453633246,6.097103037806828,3.0239513091571095,0.9896560185542076
2022-08-12,85.74147033691408,83.71235,4.178686505944065,37.174665453633246,6.097103037806828,3.0239513091571095,0.9896560185542076
2022-08-15,86.41146850585938,84.158195,4.178686505944065,37.174665453633246,6.097103037806828,3.0239513091571095,0.9896560185542076
2022-08-16,84.88272094726562,84.746315,4.178686505944065,37.174665453633246,6.097103037806828,3.0239513091571095,0.9896560185542076
2022-08-17,84.17497253417969,85.159454,4.178686505944065,37.174665453633246,6.097103037806828,3.0239513091571095,0.9896560185542076
2022-08-18,84.24104309082031,85.3542,4.178686505944065,37.174665453633246,6.097103037806828,3.0239513091571095,0.9896560185542076
2022-08-19,82.28764343261719,85.422455,4.178686505944065,37.174665453633246,6.097103037806828,3.0239513091571095,0.9896560185542076
2022-08-22,80.43805694580078,85.184235,4.178686505944065,37.174665453633246,6.097103037806828,3.0239513091571095,0.9896560185542076
2022-08-23,81.18356323242188,84.595894,4.178686505944065,37.174665453633246,6.097103037806828,3.0239513091571095,0.9896560185542076
2022-08-24,80.74003601074219,83.9815,4.178686505944065,37.174665453633246,6.097103037806828,3.0239513091571095,0.9896560185542076
2022-08-25,82.63680267333984,83.36635,4.178686505944065,37.174665453633246,6.097103037806828,3.0239513091571095,0.9896560185542076
2022-08-26,79.96623229980469,83.04393,4.178686505944065,37.174665453633246,6.097103037806828,3.0239513091571095,0.9896560185542076
2022-08-29,78.18270874023438,82.58857,4.178686505944065,37.174665453633246,6.097103037806828,3.0239513091571095,0.9896560185542076
2022-08-30,78.1260757446289,81.90824,4.178686505944065,37.174665453633246,6.097103037806828,3.0239513091571095,0.9896560185542076
2022-08-31,78.65453338623047,81.18449,4.178686505944065,37.174665453633246,6.097103037806828,3.0239513091571095,0.9896560185542076
2022-09-01,77.04087829589844,80.58278,4.178686505944065,37.174665453633246,6.097103037806828,3.0239513091571095,0.9896560185542076
2022-09-02,76.34255981445312,79.92014,4.178686505944065,37.174665453633246,6.097103037806828,3.0239513091571095,0.9896560185542076
2022-09-06,75.52156066894531,79.22116,4.178686505944065,37.174665453633246,6.097103037806828,3.0239513091571095,0.9896560185542076
2022-09-07,75.44607543945312,78.487,4.178686505944065,37.174665453633246,6.097103037806828,3.0239513091571095,0.9896560185542076
2022-09-08,75.71974182128906,77.811066,4.178686505944065,37.174665453633246,6.097103037806828,3.0239513091571095,0.9896560185542076
2022-09-09,76.93706512451172,77.27581,4.178686505944065,37.174665453633246,6.097103037806828,3.0239513091571095,0.9896560185542076
2022-09-12,77.52213287353516,77.02018,4.178686505944065,37.174665453633246,6.097103037806828,3.0239513091571095,0.9896560185542076
2022-09-13,74.37029266357422,77.00882,4.178686505944065,37.174665453633246,6.097103037806828,3.0239513091571095,0.9896560185542076
2022-09-14,75.17241668701172,76.75326,4.178686505944065,37.174665453633246,6.097103037806828,3.0239513091571095,0.9896560185542076
2022-09-15,74.00323486328125,76.50337,4.178686505944065,37.174665453633246,6.097103037806828,3.0239513091571095,0.9896560185542076
2022-09-16,73.9178237915039,76.14716,4.178686505944065,37.174665453633246,6.097103037806828,3.0239513091571095,0.9896560185542076
2022-09-19,74.2405014038086,75.76944,4.178686505944065,37.174665453633246,6.097103037806828,3.0239513091571095,0.9896560185542076
2022-09-20,74.16456604003906,75.46312,4.178686505944065,37.174665453633246,6.097103037806828,3.0239513091571095,0.9896560185542076
2022-09-21,73.20608520507812,75.2202,4.178686505944065,37.174665453633246,6.097103037806828,3.0239513091571095,0.9896560185542076
2022-09-22,71.7730712890625,74.92517,4.178686505944065,37.174665453633246,6.097103037806828,3.0239513091571095,0.9896560185542076
2022-09-23,70.10283660888672,74.46899,4.178686505944065,37.174665453633246,6.097103037806828,3.0239513091571095,0.9896560185542076
2022-09-26,69.28670501708984,73.78548,4.178686505944065,37.174665453633246,6.097103037806828,3.0239513091571095,0.9896560185542076
2022-09-27,69.30567169189453,72.9672,4.178686505944065,37.174665453633246,6.097103037806828,3.0239513091571095,0.9896560185542076
2022-09-28,68.4515609741211,72.17481,4.178686505944065,37.174665453633246,6.097103037806828,3.0239513091571095,0.9896560185542076
2022-09-29,65.74691772460938,71.38375,4.178686505944065,37.174665453633246,6.097103037806828,3.0239513091571095,0.9896560185542076
2022-09-30,65.0636215209961,70.36281,4.178686505944065,37.174665453633246,6.097103037806828,3.0239513091571095,0.9896560185542076
2022-10-03,65.71843719482422,69.26101,4.178686505944065,37.174665453633246,6.097103037806828,3.0239513091571095,0.9896560185542076
2022-10-04,69.09689331054688,68.32109,4.178686505944065,37.174665453633246,6.097103037806828,3.0239513091571095,0.9896560185542076
2022-10-05,70.68172454833984,67.973434,4.178686505944065,37.174665453633246,6.097103037806828,3.0239513091571095,0.9896560185542076
2022-10-06,70.55836486816406,68.15902,4.178686505944065,37.174665453633246,6.097103037806828,3.0239513091571095,0.9896560185542076
2022-10-07,66.19294738769531,68.58779,4.178686505944065,37.174665453633246,6.097103037806828,3.0239513091571095,0.9896560185542076
2022-10-10,64.00074768066406,68.58043,4.178686505944065,37.174665453633246,6.097103037806828,3.0239513091571095,0.9896560185542076
2022-10-11,60.21422958374024,68.09787,4.178686505944065,37.174665453633246,6.097103037806828,3.0239513091571095,0.9896560185542076
2022-10-12,60.84056854248047,66.97861,4.178686505944065,37.174665453633246,6.097103037806828,3.0239513091571095,0.9896560185542076
2022-10-13,63.22256088256836,65.734634,4.178686505944065,37.174665453633246,6.097103037806828,3.0239513091571095,0.9896560185542076
2022-10-14,60.66025924682617,64.84725,4.178686505944065,37.174665453633246,6.097103037806828,3.0239513091571095,0.9896560185542076
2022-10-17,61.580791473388665,63.936058,4.178686505944065,37.174665453633246,6.097103037806828,3.0239513091571095,0.9896560185542076
2022-10-18,60.4609603881836,63.228607,4.178686505944065,37.174665453633246,6.097103037806828,3.0239513091571095,0.9896560185542076
2022-10-19,60.41351699829101,62.57403,4.178686505944065,37.174665453633246,6.097103037806828,3.0239513091571095,0.9896560185542076
2022-10-20,60.337593078613274,62.018948,4.178686505944065,37.174665453633246,6.097103037806828,3.0239513091571095,0.9896560185542076
2022-10-21,60.49892807006837,61.572063,4.178686505944065,37.174665453633246,6.097103037806828,3.0239513091571095,0.9896560185542076
2022-10-24,58.164379119873054,61.254223,4.178686505944065,37.174665453633246,6.097103037806828,3.0239513091571095,0.9896560185542076
2022-10-25,58.02203369140624,60.764347,4.178686505944065,37.174665453633246,6.097103037806828,3.0239513091571095,0.9896560185542076
2022-10-26,57.73733139038087,60.229465,4.178686505944065,37.174665453633246,6.097103037806828,3.0239513091571095,0.9896560185542076
2022-10-27,57.84171295166016,59.70035,4.178686505944065,37.174665453633246,6.097103037806828,3.0239513091571095,0.9896560185542076
2022-10-28,58.84766006469728,59.24872,4.178686505944065,37.174665453633246,6.097103037806828,3.0239513091571095,0.9896560185542076
2022-10-31,58.41111755371094,59.009983,4.178686505944065,37.174665453633246,6.097103037806828,3.0239513091571095,0.9896560185542076
2022-11-01,58.439594268798835,58.85781,4.178686505944065,37.174665453633246,6.097103037806828,3.0239513091571095,0.9896560185542076
2022-11-02,57.43364334106445,58.77438,4.178686505944065,37.174665453633246,6.097103037806828,3.0239513091571095,0.9896560185542076
2022-11-03,57.20588684082031,58.618965,4.178686505944065,37.174665453633246,6.097103037806828,3.0239513091571095,0.9896560185542076
2022-11-04,59.2936897277832,58.42025,4.178686505944065,37.174665453633246,6.097103037806828,3.0239513091571095,0.9896560185542076
2022-11-07,59.55941009521486,58.472424,4.178686505944065,37.174665453633246,6.097103037806828,3.0239513091571095,0.9896560185542076
2022-11-08,61.70415878295897,58.679783,4.178686505944065,37.174665453633246,6.097103037806828,3.0239513091571095,0.9896560185542076
2022-11-09,61.68518829345703,59.20153,4.178686505944065,37.174665453633246,6.097103037806828,3.0239513091571095,0.9896560185542076
2022-11-10,67.22736358642578,59.824993,4.178686505944065,37.174665453633246,6.097103037806828,3.0239513091571095,0.9896560185542076
2022-11-11,70.06487274169922,61.094162,4.178686505944065,37.174665453633246,6.097103037806828,3.0239513091571095,0.9896560185542076
2022-11-14,69.08740234375,62.88894,4.178686505944065,37.174665453633246,6.097103037806828,3.0239513091571095,0.9896560185542076
2022-11-15,76.35675048828125,64.63604,4.178686505944065,37.174665453633246,6.097103037806828,3.0239513091571095,0.9896560185542076
2022-11-16,75.39826965332031,67.03205,4.178686505944065,37.174665453633246,6.097103037806828,3.0239513091571095,0.9896560185542076
2022-11-17,77.32475280761719,69.37069,4.178686505944065,37.174665453633246,6.097103037806828,3.0239513091571095,0.9896560185542076
2022-11-18,78.074462890625,71.64671,4.178686505944065,37.174665453633246,6.097103037806828,3.0239513091571095,0.9896560185542076
2022-11-21,75.85379028320312,73.71858,4.178686505944065,37.174665453633246,6.097103037806828,3.0239513091571095,0.9896560185542076
2022-11-22,78.33070373535156,75.182014,4.178686505944065,37.174665453633246,6.097103037806828,3.0239513091571095,0.9896560185542076
2022-11-23,77.78975677490234,76.45806,4.178686505944065,37.174665453633246,6.097103037806828,3.0239513091571095,0.9896560185542076
2022-11-25,77.24883270263672,77.41762,4.178686505944065,37.174665453633246,6.097103037806828,3.0239513091571095,0.9896560185542076
2022-11-28,75.18000793457031,78.0332,4.178686505944065,37.174665453633246,6.097103037806828,3.0239513091571095,0.9896560185542076
2022-11-29,75.28439331054688,78.14752,4.178686505944065,37.174665453633246,6.097103037806828,3.0239513091571095,0.9896560185542076
2022-11-30,78.74824523925781,77.99601,4.178686505944065,37.174665453633246,6.097103037806828,3.0239513091571095,0.9896560185542076
2022-12-01,78.46354675292969,78.1265,4.178686505944065,37.174665453633246,6.097103037806828,3.0239513091571095,0.9896560185542076
2022-12-02,77.3437271118164,78.3414,4.178686505944065,37.174665453633246,6.097103037806828,3.0239513091571095,0.9896560185542076
2022-12-05,77.45761108398438,78.43718,4.178686505944065,37.174665453633246,6.097103037806828,3.0239513091571095,0.9896560185542076
2022-12-06,75.50265502929688,78.47138,4.178686505944065,37.174665453633246,6.097103037806828,3.0239513091571095,0.9896560185542076
2022-12-07,75.19898986816406,78.233765,4.178686505944065,37.174665453633246,6.097103037806828,3.0239513091571095,0.9896560185542076
2022-12-08,76.679443359375,77.84563,4.178686505944065,37.174665453633246,6.097103037806828,3.0239513091571095,0.9896560185542076
2022-12-09,76.57502746582031,77.5964,4.178686505944065,37.174665453633246,6.097103037806828,3.0239513091571095,0.9896560185542076
2022-12-12,76.32830047607422,77.42991,4.178686505944065,37.174665453633246,6.097103037806828,3.0239513091571095,0.9896560185542076
2022-12-13,76.40422821044922,77.2942,4.178686505944065,37.174665453633246,6.097103037806828,3.0239513091571095,0.9896560185542076
2022-12-14,75.93920135498047,77.19842,4.178686505944065,37.174665453633246,6.097103037806828,3.0239513091571095,0.9896560185542076
2022-12-15,74.06956481933594,77.07856,4.178686505944065,37.174665453633246,6.097103037806828,3.0239513091571095,0.9896560185542076
2022-12-16,72.8193359375,76.73837,4.178686505944065,37.174665453633246,6.097103037806828,3.0239513091571095,0.9896560185542076
2022-12-19,72.62845611572266,76.17657,4.178686505944065,37.174665453633246,6.097103037806828,3.0239513091571095,0.9896560185542076
2022-12-20,72.17034149169922,75.54196,4.178686505944065,37.174665453633246,6.097103037806828,3.0239513091571095,0.9896560185542076
2022-12-21,73.62100982666016,74.88628,4.178686505944065,37.174665453633246,6.097103037806828,3.0239513091571095,0.9896560185542076
2022-12-22,71.84586334228516,74.46616,4.178686505944065,37.174665453633246,6.097103037806828,3.0239513091571095,0.9896560185542076
2022-12-23,71.47364807128906,74.002686,4.178686505944065,37.174665453633246,6.097103037806828,3.0239513091571095,0.9896560185542076
2022-12-27,70.92963409423828,73.5283,4.178686505944065,37.174665453633246,6.097103037806828,3.0239513091571095,0.9896560185542076
2022-12-28,69.72712707519531,73.03903,4.178686505944065,37.174665453633246,6.097103037806828,3.0239513091571095,0.9896560185542076
2022-12-29,72.53300476074219,72.456436,4.178686505944065,37.174665453633246,6.097103037806828,3.0239513091571095,0.9896560185542076
2022-12-30,71.0918960571289,72.22789,4.178686505944065,37.174665453633246,6.097103037806828,3.0239513091571095,0.9896560185542076
2023-01-03,70.65288543701172,72.03502,4.178686505944065,37.174665453633246,6.097103037806828,3.0239513091571095,0.9896560185542076
2023-01-04,72.83842468261719,71.83443,4.178686505944065,37.174665453633246,6.097103037806828,3.0239513091571095,0.9896560185542076
2023-01-05,72.27533721923828,71.91555,4.178686505944065,37.174665453633246,6.097103037806828,3.0239513091571095,0.9896560185542076
2023-01-06,74.50858306884766,72.0659,4.178686505944065,37.174665453633246,6.097103037806828,3.0239513091571095,0.9896560185542076
2023-01-09,76.64639282226562,72.5042,4.178686505944065,37.174665453633246,6.097103037806828,3.0239513091571095,0.9896560185542076
2023-01-10,77.56260681152344,73.29616,4.178686505944065,37.174665453633246,6.097103037806828,3.0239513091571095,0.9896560185542076
2023-01-11,78.04932403564453,74.2906,4.178686505944065,37.174665453633246,6.097103037806828,3.0239513091571095,0.9896560185542076
2023-01-12,83.03121185302734,75.33701,4.178686505944065,37.174665453633246,6.097103037806828,3.0239513091571095,0.9896560185542076
2023-01-13,82.84033966064453,76.886635,4.178686505944065,37.174665453633246,6.097103037806828,3.0239513091571095,0.9896560185542076
2023-01-17,84.93042755126953,78.49305,4.178686505944065,37.174665453633246,6.097103037806828,3.0239513091571095,0.9896560185542076
2023-01-18,85.38853454589845,80.197334,4.178686505944065,37.174665453633246,6.097103037806828,3.0239513091571095,0.9896560185542076
2023-01-19,84.36734771728517,81.81115,4.178686505944065,37.174665453633246,6.097103037806828,3.0239513091571095,0.9896560185542076
2023-01-20,86.87736511230469,83.07262,4.178686505944065,37.174665453633246,6.097103037806828,3.0239513091571095,0.9896560185542076
2023-01-23,91.29617309570311,84.30665,4.178686505944065,37.174665453633246,6.097103037806828,3.0239513091571095,0.9896560185542076
2023-01-24,90.24633789062501,85.903984,4.178686505944065,37.174665453633246,6.097103037806828,3.0239513091571095,0.9896560185542076
2023-01-25,88.19441223144531,87.371925,4.178686505944065,37.174665453633246,6.097103037806828,3.0239513091571095,0.9896560185542076
2023-01-26,89.18698120117188,88.36078,4.178686505944065,37.174665453633246,6.097103037806828,3.0239513091571095,0.9896560185542076
2023-01-27,89.04380798339844,89.106636,4.178686505944065,37.174665453633246,6.097103037806828,3.0239513091571095,0.9896560185542076
2023-01-30,88.88156127929689,89.61782,4.178686505944065,37.174665453633246,6.097103037806828,3.0239513091571095,0.9896560185542076
2023-01-31,88.49983215332031,89.92409,4.178686505944065,37.174665453633246,6.097103037806828,3.0239513091571095,0.9896560185542076
2023-02-01,90.41812896728516,90.037994,4.178686505944065,37.174665453633246,6.097103037806828,3.0239513091571095,0.9896560185542076
2023-02-02,92.24100494384766,90.26124,4.178686505944065,37.174665453633246,6.097103037806828,3.0239513091571095,0.9896560185542076
2023-02-03,90.3417739868164,90.723076,4.178686505944065,37.174665453633246,6.097103037806828,3.0239513091571095,0.9896560185542076
2023-02-06,87.64087677001952,91.02326,4.178686505944065,37.174665453633246,6.097103037806828,3.0239513091571095,0.9896560185542076
2023-02-07,90.23680114746094,90.88558,4.178686505944065,37.174665453633246,6.097103037806828,3.0239513091571095,0.9896560185542076
2023-02-08,89.97911071777342,90.846054,4.178686505944065,37.174665453633246,6.097103037806828,3.0239513091571095,0.9896560185542076
2023-02-09,92.27916717529294,90.82331,4.178686505944065,37.174665453633246,6.097103037806828,3.0239513091571095,0.9896560185542076
2023-02-10,91.01939392089845,91.08203,4.178686505944065,37.174665453633246,6.097103037806828,3.0239513091571095,0.9896560185542076
2023-02-13,91.7256317138672,91.3019,4.178686505944065,37.174665453633246,6.097103037806828,3.0239513091571095,0.9896560185542076
2023-02-14,93.49124145507812,91.56174,4.178686505944065,37.174665453633246,6.097103037806828,3.0239513091571095,0.9896560185542076
2023-02-15,88.52845764160156,92.02043,4.178686505944065,37.174665453633246,6.097103037806828,3.0239513091571095,0.9896560185542076
2023-02-16,86.67695617675781,91.93825,4.178686505944065,37.174665453633246,6.097103037806828,3.0239513091571095,0.9896560185542076
2023-02-17,85.98978424072266,91.37393,4.178686505944065,37.174665453633246,6.097103037806828,3.0239513091571095,0.9896560185542076
2023-02-21,83.6420211791992,90.543655,4.178686505944065,37.174665453633246,6.097103037806828,3.0239513091571095,0.9896560185542076
2023-02-22,82.8689651489258,89.38921,4.178686505944065,37.174665453633246,6.097103037806828,3.0239513091571095,0.9896560185542076
2023-02-23,85.970703125,88.1061,4.178686505944065,37.174665453633246,6.097103037806828,3.0239513091571095,0.9896560185542076
2023-02-24,84.090576171875,87.26727,4.178686505944065,37.174665453633246,6.097103037806828,3.0239513091571095,0.9896560185542076
2023-02-27,83.31754302978516,86.523796,4.178686505944065,37.174665453633246,6.097103037806828,3.0239513091571095,0.9896560185542076
2023-02-28,83.09801483154295,85.82547,4.178686505944065,37.174665453633246,6.097103037806828,3.0239513091571095,0.9896560185542076
2023-03-01,84.38643646240234,85.20644,4.178686505944065,37.174665453633246,6.097103037806828,3.0239513091571095,0.9896560185542076
2023-03-02,84.9686050415039,84.85406,4.178686505944065,37.174665453633246,6.097103037806828,3.0239513091571095,0.9896560185542076
2023-03-03,85.69393157958984,84.74952,4.178686505944065,37.174665453633246,6.097103037806828,3.0239513091571095,0.9896560185542076
2023-03-06,85.49353790283203,84.873856,4.178686505944065,37.174665453633246,6.097103037806828,3.0239513091571095,0.9896560185542076
2023-03-07,84.79681396484376,85.081726,4.178686505944065,37.174665453633246,6.097103037806828,3.0239513091571095,0.9896560185542076
2023-03-08,86.68649291992188,85.230934,4.178686505944065,37.174665453633246,6.097103037806828,3.0239513091571095,0.9896560185542076
2023-03-09,84.825439453125,85.5618,4.178686505944065,37.174665453633246,6.097103037806828,3.0239513091571095,0.9896560185542076
2023-03-10,83.26980590820312,85.72801,4.178686505944065,37.174665453633246,6.097103037806828,3.0239513091571095,0.9896560185542076
2023-03-13,83.7374496459961,85.61059,4.178686505944065,37.174665453633246,6.097103037806828,3.0239513091571095,0.9896560185542076
2023-03-14,85.21674346923828,85.41864,4.178686505944065,37.174665453633246,6.097103037806828,3.0239513091571095,0.9896560185542076
2023-03-15,82.7448959350586,85.38456,4.178686505944065,37.174665453633246,6.097103037806828,3.0239513091571095,0.9896560185542076
2023-03-16,85.66996002197266,85.13998,4.178686505944065,37.174665453633246,6.097103037806828,3.0239513091571095,0.9896560185542076
2023-03-17,85.83303833007812,85.16503,4.178686505944065,37.174665453633246,6.097103037806828,3.0239513091571095,0.9896560185542076
2023-03-20,86.3798828125,85.341576,4.178686505944065,37.174665453633246,6.097103037806828,3.0239513091571095,0.9896560185542076
2023-03-21,88.73986816406251,85.641716,4.178686505944065,37.174665453633246,6.097103037806828,3.0239513091571095,0.9896560185542076
2023-03-22,88.85499572753906,86.252266,4.178686505944065,37.174665453633246,6.097103037806828,3.0239513091571095,0.9896560185542076
2023-03-23,90.7449188232422,86.96554,4.178686505944065,37.174665453633246,6.097103037806828,3.0239513091571095,0.9896560185542076
2023-03-24,89.01809692382812,87.87694,4.178686505944065,37.174665453633246,6.097103037806828,3.0239513091571095,0.9896560185542076
2023-03-27,86.97467041015625,88.580956,4.178686505944065,37.174665453633246,6.097103037806828,3.0239513091571095,0.9896560185542076
2023-03-28,87.11856842041016,88.85919,4.178686505944065,37.174665453633246,6.097103037806828,3.0239513091571095,0.9896560185542076
2023-03-29,88.98929595947266,88.90558,4.178686505944065,37.174665453633246,6.097103037806828,3.0239513091571095,0.9896560185542076
2023-03-30,88.71109771728517,89.04621,4.178686505944065,37.174665453633246,6.097103037806828,3.0239513091571095,0.9896560185542076
2023-03-31,89.23872375488281,89.1808,4.178686505944065,37.174665453633246,6.097103037806828,3.0239513091571095,0.9896560185542076
2023-04-03,89.06604766845703,89.35769,4.178686505944065,37.174665453633246,6.097103037806828,3.0239513091571095,0.9896560185542076
2023-04-04,88.42328643798828,89.513245,4.178686505944065,37.174665453633246,6.097103037806828,3.0239513091571095,0.9896560185542076
2023-04-05,86.53336334228516,89.56269,4.178686505944065,37.174665453633246,6.097103037806828,3.0239513091571095,0.9896560185542076
2023-04-06,86.57173919677734,89.32716,4.178686505944065,37.174665453633246,6.097103037806828,3.0239513091571095,0.9896560185542076
2023-04-10,85.40132904052734,88.97676,4.178686505944065,37.174665453633246,6.097103037806828,3.0239513091571095,0.9896560185542076
2023-04-11,85.61239624023438,88.46556,4.178686505944065,37.174665453633246,6.097103037806828,3.0239513091571095,0.9896560185542076
2023-04-12,83.33872985839844,87.9537,4.178686505944065,37.174665453633246,6.097103037806828,3.0239513091571095,0.9896560185542076
2023-04-13,83.51142120361328,87.227516,4.178686505944065,37.174665453633246,6.097103037806828,3.0239513091571095,0.9896560185542076
2023-04-14,83.65531921386717,86.49514,4.178686505944065,37.174665453633246,6.097103037806828,3.0239513091571095,0.9896560185542076
2023-04-17,84.41320037841797,85.85805,4.178686505944065,37.174665453633246,6.097103037806828,3.0239513091571095,0.9896560185542076
2023-04-18,84.55709838867186,85.431564,4.178686505944065,37.174665453633246,6.097103037806828,3.0239513091571095,0.9896560185542076
2023-04-19,83.68412017822267,85.17887,4.178686505944065,37.174665453633246,6.097103037806828,3.0239513091571095,0.9896560185542076
2023-04-20,85.66036224365234,84.94254,4.178686505944065,37.174665453633246,6.097103037806828,3.0239513091571095,0.9896560185542076
2023-04-21,81.89970397949219,84.97963,4.178686505944065,37.174665453633246,6.097103037806828,3.0239513091571095,0.9896560185542076
2023-04-24,81.19937133789062,84.707016,4.178686505944065,37.174665453633246,6.097103037806828,3.0239513091571095,0.9896560185542076
2023-04-25,78.94490814208984,84.23001,4.178686505944065,37.174665453633246,6.097103037806828,3.0239513091571095,0.9896560185542076
2023-04-26,78.90653991699219,83.43605,4.178686505944065,37.174665453633246,6.097103037806828,3.0239513091571095,0.9896560185542076
2023-04-27,80.26880645751953,82.56678,4.178686505944065,37.174665453633246,6.097103037806828,3.0239513091571095,0.9896560185542076
2023-04-28,80.87320709228516,81.91816,4.178686505944065,37.174665453633246,6.097103037806828,3.0239513091571095,0.9896560185542076
2023-05-01,80.56621551513672,81.52693,4.178686505944065,37.174665453633246,6.097103037806828,3.0239513091571095,0.9896560185542076
2023-05-02,79.5876693725586,81.27717,4.178686505944065,37.174665453633246,6.097103037806828,3.0239513091571095,0.9896560185542076
2023-05-03,79.33824157714844,81.01555,4.178686505944065,37.174665453633246,6.097103037806828,3.0239513091571095,0.9896560185542076
2023-05-04,80.09613037109375,80.751945,4.178686505944065,37.174665453633246,6.097103037806828,3.0239513091571095,0.9896560185542076
2023-05-05,81.51596069335939,80.61001,4.178686505944065,37.174665453633246,6.097103037806828,3.0239513091571095,0.9896560185542076
2023-05-08,82.06278991699219,80.716934,4.178686505944065,37.174665453633246,6.097103037806828,3.0239513091571095,0.9896560185542076
2023-05-09,81.60230255126953,81.005875,4.178686505944065,37.174665453633246,6.097103037806828,3.0239513091571095,0.9896560185542076
2023-05-10,81.44881439208984,81.303566,4.178686505944065,37.174665453633246,6.097103037806828,3.0239513091571095,0.9896560185542076
2023-05-11,80.03856658935547,81.55726,4.178686505944065,37.174665453633246,6.097103037806828,3.0239513091571095,0.9896560185542076
2023-05-12,80.03856658935547,81.59424,4.178686505944065,37.174665453633246,6.097103037806828,3.0239513091571095,0.9896560185542076
2023-05-15,82.17792510986328,81.5181,4.178686505944065,37.174665453633246,6.097103037806828,3.0239513091571095,0.9896560185542076
2023-05-16,82.3889846801758,81.64622,4.178686505944065,37.174665453633246,6.097103037806828,3.0239513091571095,0.9896560185542076
2023-05-17,87.18572235107422,81.88718,4.178686505944065,37.174665453633246,6.097103037806828,3.0239513091571095,0.9896560185542076
2023-05-18,88.88377380371094,82.72909,4.178686505944065,37.174665453633246,6.097103037806828,3.0239513091571095,0.9896560185542076
2023-05-19,88.8166275024414,83.982086,4.178686505944065,37.174665453633246,6.097103037806828,3.0239513091571095,0.9896560185542076
2023-05-22,87.9915771484375,85.297134,4.178686505944065,37.174665453633246,6.097103037806828,3.0239513091571095,0.9896560185542076
2023-05-23,86.76361083984375,86.39976,4.178686505944065,37.174665453633246,6.097103037806828,3.0239513091571095,0.9896560185542076
2023-05-24,86.46622467041016,87.12445,4.178686505944065,37.174665453633246,6.097103037806828,3.0239513091571095,0.9896560185542076
2023-05-25,96.84638214111328,87.53767,4.178686505944065,37.174665453633246,6.097103037806828,3.0239513091571095,0.9896560185542076
2023-05-26,99.0145263671875,88.973404,4.178686505944065,37.174665453633246,6.097103037806828,3.0239513091571095,0.9896560185542076
2023-05-30,97.8345184326172,91.01255,4.178686505944065,37.174665453633246,6.097103037806828,3.0239513091571095,0.9896560185542076
2023-05-31,94.5823211669922,92.98736,4.178686505944065,37.174665453633246,6.097103037806828,3.0239513091571095,0.9896560185542076
2023-06-01,94.8221664428711,94.32145,4.178686505944065,37.174665453633246,6.097103037806828,3.0239513091571095,0.9896560185542076
2023-06-02,94.91809844970705,95.206276,4.178686505944065,37.174665453633246,6.097103037806828,3.0239513091571095,0.9896560185542076
2023-06-05,94.0642547607422,95.765526,4.178686505944065,37.174665453633246,6.097103037806828,3.0239513091571095,0.9896560185542076
2023-06-06,95.76231384277344,95.98568,4.178686505944065,37.174665453633246,6.097103037806828,3.0239513091571095,0.9896560185542076
2023-06-07,96.21320343017578,96.20139,4.178686505944065,37.174665453633246,6.097103037806828,3.0239513091571095,0.9896560185542076
2023-06-08,95.87744140625,96.43397,4.178686505944065,37.174665453633246,6.097103037806828,3.0239513091571095,0.9896560185542076
2023-06-09,98.62118530273438,96.60242,4.178686505944065,37.174665453633246,6.097103037806828,3.0239513091571095,0.9896560185542076
2023-06-12,102.7080078125,97.039474,4.178686505944065,37.174665453633246,6.097103037806828,3.0239513091571095,0.9896560185542076
2023-06-13,102.45858764648438,98.04152,4.178686505944065,37.174665453633246,6.097103037806828,3.0239513091571095,0.9896560185542076
2023-06-14,103.04377746582031,99.18274,4.178686505944065,37.174665453633246,6.097103037806828,3.0239513091571095,0.9896560185542076
2023-06-15,101.32704925537108,100.33541,4.178686505944065,37.174665453633246,6.097103037806828,3.0239513091571095,0.9896560185542076
2023-06-16,100.73940277099611,101.15851,4.178686505944065,37.174665453633246,6.097103037806828,3.0239513091571095,0.9896560185542076
2023-06-20,100.17102813720705,101.650375,4.178686505944065,37.174665453633246,6.097103037806828,3.0239513091571095,0.9896560185542076
2023-06-21,97.91673278808594,101.84648,4.178686505944065,37.174665453633246,6.097103037806828,3.0239513091571095,0.9896560185542076
2023-06-22,99.3521499633789,101.5979,4.178686505944065,37.174665453633246,6.097103037806828,3.0239513091571095,0.9896560185542076
2023-06-23,98.17683410644533,101.31681,4.178686505944065,37.174665453633246,6.097103037806828,3.0239513091571095,0.9896560185542076
2023-06-26,96.44278717041016,100.903984,4.178686505944065,37.174665453633246,6.097103037806828,3.0239513091571095,0.9896560185542076
2023-06-27,98.34062194824219,100.262344,4.178686505944065,37.174665453633246,6.097103037806828,3.0239513091571095,0.9896560185542076
2023-06-28,97.22310638427734,99.799,4.178686505944065,37.174665453633246,6.097103037806828,3.0239513091571095,0.9896560185542076
2023-06-29,96.95337677001952,99.341705,4.178686505944065,37.174665453633246,6.097103037806828,3.0239513091571095,0.9896560185542076
2023-06-30,97.22310638427734,98.90768,4.178686505944065,37.174665453633246,6.097103037806828,3.0239513091571095,0.9896560185542076
2023-07-03,99.37142944335938,98.566505,4.178686505944065,37.174665453633246,6.097103037806828,3.0239513091571095,0.9896560185542076
2023-07-05,97.2905502319336,98.56585,4.178686505944065,37.174665453633246,6.097103037806828,3.0239513091571095,0.9896560185542076
2023-07-06,95.7684326171875,98.49201,4.178686505944065,37.174665453633246,6.097103037806828,3.0239513091571095,0.9896560185542076
2023-07-07,96.55840301513673,98.213806,4.178686505944065,37.174665453633246,6.097103037806828,3.0239513091571095,0.9896560185542076
2023-07-10,96.11523437500001,97.95901,4.178686505944065,37.174665453633246,6.097103037806828,3.0239513091571095,0.9896560185542076
2023-07-11,97.5506591796875,97.692055,4.178686505944065,37.174665453633246,6.097103037806828,3.0239513091571095,0.9896560185542076
2023-07-12,100.0939483642578,97.62041,4.178686505944065,37.174665453633246,6.097103037806828,3.0239513091571095,0.9896560185542076
2023-07-13,101.70277404785156,97.95745,4.178686505944065,37.174665453633246,6.097103037806828,3.0239513091571095,0.9896560185542076
2023-07-14,101.28852081298828,98.655266,4.178686505944065,37.174665453633246,6.097103037806828,3.0239513091571095,0.9896560185542076
2023-07-17,100.95135498046876,99.41102,4.178686505944065,37.174665453633246,6.097103037806828,3.0239513091571095,0.9896560185542076
2023-07-18,99.37142944335938,100.07471,4.178686505944065,37.174665453633246,6.097103037806828,3.0239513091571095,0.9896560185542076
2023-07-19,99.2847213745117,100.43135,4.178686505944065,37.174665453633246,6.097103037806828,3.0239513091571095,0.9896560185542076
2023-07-20,94.27521514892578,100.58227,4.178686505944065,37.174665453633246,6.097103037806828,3.0239513091571095,0.9896560185542076
2023-07-21,93.68755340576172,100.01641,4.178686505944065,37.174665453633246,6.097103037806828,3.0239513091571095,0.9896560185542076
2023-07-24,94.65091705322266,99.081215,4.178686505944065,37.174665453633246,6.097103037806828,3.0239513091571095,0.9896560185542076
2023-07-25,96.64508056640624,98.17198,4.178686505944065,37.174665453633246,6.097103037806828,3.0239513091571095,0.9896560185542076
2023-07-26,95.7684326171875,97.60937,4.178686505944065,37.174665453633246,6.097103037806828,3.0239513091571095,0.9896560185542076
2023-07-27,95.71061706542967,97.17997,4.178686505944065,37.174665453633246,6.097103037806828,3.0239513091571095,0.9896560185542076
2023-07-28,97.16532135009766,96.862305,4.178686505944065,37.174665453633246,6.097103037806828,3.0239513091571095,0.9896560185542076
2023-07-31,95.51795959472656,96.811646,4.178686505944065,37.174665453633246,6.097103037806828,3.0239513091571095,0.9896560185542076
2023-08-01,94.7954330444336,96.708755,4.178686505944065,37.174665453633246,6.097103037806828,3.0239513091571095,0.9896560185542076
2023-08-02,92.19431304931639,96.50988,4.178686505944065,37.174665453633246,6.097103037806828,3.0239513091571095,0.9896560185542076
2023-08-03,91.50071716308594,95.9789,4.178686505944065,37.174665453633246,6.097103037806828,3.0239513091571095,0.9896560185542076
2023-08-04,92.63748931884766,95.25956,4.178686505944065,37.174665453633246,6.097103037806828,3.0239513091571095,0.9896560185542076
2023-08-07,92.82051849365234,94.65997,4.178686505944065,37.174665453633246,6.097103037806828,3.0239513091571095,0.9896560185542076
2023-08-08,91.02864837646483,94.20976,4.178686505944065,37.174665453633246,6.097103037806828,3.0239513091571095,0.9896560185542076
2023-08-09,90.53734588623048,93.67572,4.178686505944065,37.174665453633246,6.097103037806828,3.0239513091571095,0.9896560185542076
2023-08-10,91.3272933959961,93.10479,4.178686505944065,37.174665453633246,6.097103037806828,3.0239513091571095,0.9896560185542076
2023-08-11,88.62023162841797,92.675125,4.178686505944065,37.174665453633246,6.097103037806828,3.0239513091571095,0.9896560185542076
2023-08-14,89.66067504882812,92.04647,4.178686505944065,37.174665453633246,6.097103037806828,3.0239513091571095,0.9896560185542076
2023-08-15,88.32159423828125,91.51536,4.178686505944065,37.174665453633246,6.097103037806828,3.0239513091571095,0.9896560185542076
2023-08-16,88.41793060302734,90.93583,4.178686505944065,37.174665453633246,6.097103037806828,3.0239513091571095,0.9896560185542076
2023-08-17,88.2830581665039,90.41195,4.178686505944065,37.174665453633246,6.097103037806828,3.0239513091571095,0.9896560185542076
2023-08-18,87.7628402709961,89.96171,4.178686505944065,37.174665453633246,6.097103037806828,3.0239513091571095,0.9896560185542076
2023-08-21,89.16934204101562,89.54092,4.178686505944065,37.174665453633246,6.097103037806828,3.0239513091571095,0.9896560185542076
2023-08-22,88.86107635498047,89.35277,4.178686505944065,37.174665453633246,6.097103037806828,3.0239513091571095,0.9896560185542076
2023-08-23,90.76853942871094,89.26982,4.178686505944065,37.174665453633246,6.097103037806828,3.0239513091571095,0.9896560185542076
2023-08-24,89.14046478271484,89.4802,4.178686505944065,37.174665453633246,6.097103037806828,3.0239513091571095,0.9896560185542076
2023-08-25,89.68956756591797,89.6253,4.178686505944065,37.174665453633246,6.097103037806828,3.0239513091571095,0.9896560185542076
2023-08-28,90.55661010742188,89.790985,4.178686505944065,37.174665453633246,6.097103037806828,3.0239513091571095,0.9896560185542076
2023-08-29,91.59705352783203,90.05295,4.178686505944065,37.174665453633246,6.097103037806828,3.0239513091571095,0.9896560185542076
2023-08-30,91.30803680419923,90.45887,4.178686505944065,37.174665453633246,6.097103037806828,3.0239513091571095,0.9896560185542076
2023-08-31,90.14234924316406,90.85885,4.178686505944065,37.174665453633246,6.097103037806828,3.0239513091571095,0.9896560185542076
2023-09-01,89.77629089355469,91.07405,4.178686505944065,37.174665453633246,6.097103037806828,3.0239513091571095,0.9896560185542076
2023-09-05,91.13462829589844,91.12859,4.178686505944065,37.174665453633246,6.097103037806828,3.0239513091571095,0.9896560185542076
2023-09-06,88.88035583496094,91.25532,4.178686505944065,37.174665453633246,6.097103037806828,3.0239513091571095,0.9896560185542076
2023-09-07,86.75131988525392,91.13461,4.178686505944065,37.174665453633246,6.097103037806828,3.0239513091571095,0.9896560185542076
2023-09-08,86.35633087158205,90.64995,4.178686505944065,37.174665453633246,6.097103037806828,3.0239513091571095,0.9896560185542076
2023-09-11,86.31780242919922,89.98684,4.178686505944065,37.174665453633246,6.097103037806828,3.0239513091571095,0.9896560185542076
2023-09-12,87.1655502319336,89.30014,4.178686505944065,37.174665453633246,6.097103037806828,3.0239513091571095,0.9896560185542076
2023-09-13,87.87844848632811,88.777245,4.178686505944065,37.174665453633246,6.097103037806828,3.0239513091571095,0.9896560185542076
2023-09-14,88.57662963867188,88.480156,4.178686505944065,37.174665453633246,6.097103037806828,3.0239513091571095,0.9896560185542076
2023-09-15,86.4268569946289,88.41523,4.178686505944065,37.174665453633246,6.097103037806828,3.0239513091571095,0.9896560185542076
2023-09-18,86.02013397216797,88.22286,4.178686505944065,37.174665453633246,6.097103037806828,3.0239513091571095,0.9896560185542076
2023-09-19,85.38101196289062,87.94328,4.178686505944065,37.174665453633246,6.097103037806828,3.0239513091571095,0.9896560185542076
2023-09-20,84.52886199951172,87.576454,4.178686505944065,37.174665453633246,6.097103037806828,3.0239513091571095,0.9896560185542076
2023-09-21,82.65990447998047,87.10675,4.178686505944065,37.174665453633246,6.097103037806828,3.0239513091571095,0.9896560185542076
2023-09-22,82.93104553222656,86.41708,4.178686505944065,37.174665453633246,6.097103037806828,3.0239513091571095,0.9896560185542076
2023-09-25,83.5120620727539,85.72684,4.178686505944065,37.174665453633246,6.097103037806828,3.0239513091571095,0.9896560185542076
2023-09-26,81.6237564086914,85.18282,4.178686505944065,37.174665453633246,6.097103037806828,3.0239513091571095,0.9896560185542076
2023-09-27,82.73737335205078,84.55149,4.178686505944065,37.174665453633246,6.097103037806828,3.0239513091571095,0.9896560185542076
2023-09-28,83.67670440673828,84.082436,4.178686505944065,37.174665453633246,6.097103037806828,3.0239513091571095,0.9896560185542076
2023-09-29,84.15119171142577,83.86172,4.178686505944065,37.174665453633246,6.097103037806828,3.0239513091571095,0.9896560185542076
2023-10-02,84.87745666503906,83.85147,4.178686505944065,37.174665453633246,6.097103037806828,3.0239513091571095,0.9896560185542076
2023-10-03,82.70832824707033,84.03967,4.178686505944065,37.174665453633246,6.097103037806828,3.0239513091571095,0.9896560185542076
2023-10-04,83.92845916748047,84.053856,4.178686505944065,37.174665453633246,6.097103037806828,3.0239513091571095,0.9896560185542076
2023-10-05,84.27708435058595,84.12757,4.178686505944065,37.174665453633246,6.097103037806828,3.0239513091571095,0.9896560185542076
2023-10-06,86.46559143066406,84.265465,4.178686505944065,37.174665453633246,6.097103037806828,3.0239513091571095,0.9896560185542076
2023-10-09,86.1750717163086,84.68193,4.178686505944065,37.174665453633246,6.097103037806828,3.0239513091571095,0.9896560185542076
2023-10-10,87.74383544921875,85.15913,4.178686505944065,37.174665453633246,6.097103037806828,3.0239513091571095,0.9896560185542076
2023-10-11,89.08986663818358,85.80226,4.178686505944065,37.174665453633246,6.097103037806828,3.0239513091571095,0.9896560185542076
2023-10-12,89.49658203125,86.61739,4.178686505944065,37.174665453633246,6.097103037806828,3.0239513091571095,0.9896560185542076
2023-10-13,87.59857940673828,87.47668,4.178686505944065,37.174665453633246,6.097103037806828,3.0239513091571095,0.9896560185542076
2023-10-16,88.33454895019531,88.03657,4.178686505944065,37.174665453633246,6.097103037806828,3.0239513091571095,0.9896560185542076
2023-10-17,88.12149810791016,88.468864,4.178686505944065,37.174665453633246,6.097103037806828,3.0239513091571095,0.9896560185542076
2023-10-18,86.7658004760742,88.7586,4.178686505944065,37.174665453633246,6.097103037806828,3.0239513091571095,0.9896560185542076
2023-10-19,89.97109985351564,88.77923,4.178686505944065,37.174665453633246,6.097103037806828,3.0239513091571095,0.9896560185542076
2023-10-20,88.42169189453124,89.03818,4.178686505944065,37.174665453633246,6.097103037806828,3.0239513091571095,0.9896560185542076
2023-10-23,88.22801208496094,89.199265,4.178686505944065,37.174665453633246,6.097103037806828,3.0239513091571095,0.9896560185542076
2023-10-24,88.74125671386719,89.2689,4.178686505944065,37.174665453633246,6.097103037806828,3.0239513091571095,0.9896560185542076
2023-10-25,84.86779022216797,89.34264,4.178686505944065,37.174665453633246,6.097103037806828,3.0239513091571095,0.9896560185542076
2023-10-26,84.68379974365233,88.94806,4.178686505944065,37.174665453633246,6.097103037806828,3.0239513091571095,0.9896560185542076
2023-10-27,83.26997375488281,88.33817,4.178686505944065,37.174665453633246,6.097103037806828,3.0239513091571095,0.9896560185542076
2023-10-30,83.33776092529297,87.5157,4.178686505944065,37.174665453633246,6.097103037806828,3.0239513091571095,0.9896560185542076
2023-10-31,83.57984924316406,86.68344,4.178686505944065,37.174665453633246,6.097103037806828,3.0239513091571095,0.9896560185542076
2023-11-01,85.0227279663086,85.96628,4.178686505944065,37.174665453633246,6.097103037806828,3.0239513091571095,0.9896560185542076
2023-11-02,87.61795043945314,85.55919,4.178686505944065,37.174665453633246,6.097103037806828,3.0239513091571095,0.9896560185542076
2023-11-03,88.88651275634766,85.66452,4.178686505944065,37.174665453633246,6.097103037806828,3.0239513091571095,0.9896560185542076
2023-11-06,89.67089080810547,86.171524,4.178686505944065,37.174665453633246,6.097103037806828,3.0239513091571095,0.9896560185542076
2023-11-07,89.48689270019531,86.92345,4.178686505944065,37.174665453633246,6.097103037806828,3.0239513091571095,0.9896560185542076
2023-11-08,89.08986663818358,87.69789,4.178686505944065,37.174665453633246,6.097103037806828,3.0239513091571095,0.9896560185542076
2023-11-09,88.7219009399414,88.353226,4.178686505944065,37.174665453633246,6.097103037806828,3.0239513091571095,0.9896560185542076
2023-11-10,94.35779571533205,88.8323,4.178686505944065,37.174665453633246,6.097103037806828,3.0239513091571095,0.9896560185542076
2023-11-13,93.37004852294922,89.836555,4.178686505944065,37.174665453633246,6.097103037806828,3.0239513091571095,0.9896560185542076
2023-11-14,95.78128814697267,90.87229,4.178686505944065,37.174665453633246,6.097103037806828,3.0239513091571095,0.9896560185542076
2023-11-15,95.6747589111328,92.0952,4.178686505944065,37.174665453633246,6.097103037806828,3.0239513091571095,0.9896560185542076
2023-11-16,95.42301940917967,93.2599,4.178686505944065,37.174665453633246,6.097103037806828,3.0239513091571095,0.9896560185542076
2023-11-17,96.43010711669922,94.232605,4.178686505944065,37.174665453633246,6.097103037806828,3.0239513091571095,0.9896560185542076
2023-11-20,96.7980728149414,95.114494,4.178686505944065,37.174665453633246,6.097103037806828,3.0239513091571095,0.9896560185542076
2023-11-21,95.29711151123048,95.88896,4.178686505944065,37.174665453633246,6.097103037806828,3.0239513091571095,0.9896560185542076
2023-11-22,95.52951812744142,96.33852,4.178686505944065,37.174665453633246,6.097103037806828,3.0239513091571095,0.9896560185542076
2023-11-24,94.73545837402344,96.59563,4.178686505944065,37.174665453633246,6.097103037806828,3.0239513091571095,0.9896560185542076
2023-11-27,94.13507080078124,96.625244,4.178686505944065,37.174665453633246,6.097103037806828,3.0239513091571095,0.9896560185542076
2023-11-28,94.8807144165039,96.45941,4.178686505944065,37.174665453633246,6.097103037806828,3.0239513091571095,0.9896560185542076
2023-11-29,95.7522430419922,96.29593,4.178686505944065,37.174665453633246,6.097103037806828,3.0239513091571095,0.9896560185542076
2023-11-30,94.23190307617188,96.249756,4.178686505944065,37.174665453633246,6.097103037806828,3.0239513091571095,0.9896560185542076
2023-12-01,95.43268585205078,96.08449,4.178686505944065,37.174665453633246,6.097103037806828,3.0239513091571095,0.9896560185542076
2023-12-04,93.94139099121094,96.01883,4.178686505944065,37.174665453633246,6.097103037806828,3.0239513091571095,0.9896560185542076
2023-12-05,93.63150787353516,95.83156,4.178686505944065,37.174665453633246,6.097103037806828,3.0239513091571095,0.9896560185542076
2023-12-06,94.75481414794923,95.56715,4.178686505944065,37.174665453633246,6.097103037806828,3.0239513091571095,0.9896560185542076
2023-12-07,96.1492691040039,95.425255,4.178686505944065,37.174665453633246,6.097103037806828,3.0239513091571095,0.9896560185542076
2023-12-08,97.17574310302734,95.525185,4.178686505944065,37.174665453633246,6.097103037806828,3.0239513091571095,0.9896560185542076
2023-12-11,97.75675964355467,95.857956,4.178686505944065,37.174665453633246,6.097103037806828,3.0239513091571095,0.9896560185542076
2023-12-12,98.3861846923828,96.34131,4.178686505944065,37.174665453633246,6.097103037806828,3.0239513091571095,0.9896560185542076
2023-12-13,98.88975524902344,96.92269,4.178686505944065,37.174665453633246,6.097103037806828,3.0239513091571095,0.9896560185542076
2023-12-14,100.64979553222656,97.5489,4.178686505944065,37.174665453633246,6.097103037806828,3.0239513091571095,0.9896560185542076
2023-12-15,99.76443481445314,98.3361,4.178686505944065,37.174665453633246,6.097103037806828,3.0239513091571095,0.9896560185542076
2023-12-18,100.14385986328125,99.009995,4.178686505944065,37.174665453633246,6.097103037806828,3.0239513091571095,0.9896560185542076
2023-12-19,101.05842590332033,99.59585,4.178686505944065,37.174665453633246,6.097103037806828,3.0239513091571095,0.9896560185542076
2023-12-20,97.33209991455078,100.17699,4.178686505944065,37.174665453633246,6.097103037806828,3.0239513091571095,0.9896560185542076
2023-12-21,99.77415466308595,100.24591,4.178686505944065,37.174665453633246,6.097103037806828,3.0239513091571095,0.9896560185542076
2023-12-22,100.35791015625,100.3362,4.178686505944065,37.174665453633246,6.097103037806828,3.0239513091571095,0.9896560185542076
2023-12-26,101.62271881103516,100.4891,4.178686505944065,37.174665453633246,6.097103037806828,3.0239513091571095,0.9896560185542076
2023-12-27,101.81730651855467,100.80292,4.178686505944065,37.174665453633246,6.097103037806828,3.0239513091571095,0.9896560185542076
2023-12-28,101.8659439086914,101.18304,4.178686505944065,37.174665453633246,6.097103037806828,3.0239513091571095,0.9896560185542076
2023-12-29,101.18490600585938,101.55846,4.178686505944065,37.174665453633246,6.097103037806828,3.0239513091571095,0.9896560185542076
2024-01-02,98.7817611694336,101.807274,4.178686505944065,37.174665453633246,6.097103037806828,3.0239513091571095,0.9896560185542076
2024-01-03,97.45858001708986,101.67832,4.178686505944065,37.174665453633246,6.097103037806828,3.0239513091571095,0.9896560185542076
2024-01-04,96.4467315673828,101.21491,4.178686505944065,37.174665453633246,6.097103037806828,3.0239513091571095,0.9896560185542076
2024-01-05,96.91373443603517,100.51114,4.178686505944065,37.174665453633246,6.097103037806828,3.0239513091571095,0.9896560185542076
2024-01-08,99.47254180908205,99.81653,4.178686505944065,37.174665453633246,6.097103037806828,3.0239513091571095,0.9896560185542076
2024-01-09,99.13202667236328,99.50429,4.178686505944065,37.174665453633246,6.097103037806828,3.0239513091571095,0.9896560185542076
2024-01-10,98.07151794433594,99.37864,4.178686505944065,37.174665453633246,6.097103037806828,3.0239513091571095,0.9896560185542076
2024-01-11,98.48015594482423,99.23887,4.178686505944065,37.174665453633246,6.097103037806828,3.0239513091571095,0.9896560185542076
2024-01-12,98.49961853027344,99.15902,4.178686505944065,37.174665453633246,6.097103037806828,3.0239513091571095,0.9896560185542076
2024-01-16,98.91797637939452,99.12205,4.178686505944065,37.174665453633246,6.097103037806828,3.0239513091571095,0.9896560185542076
2024-01-17,100.163330078125,99.16215,4.178686505944065,37.174665453633246,6.097103037806828,3.0239513091571095,0.9896560185542076
2024-01-18,109.9704818725586,99.385506,4.178686505944065,37.174665453633246,6.097103037806828,3.0239513091571095,0.9896560185542076
2024-01-19,111.10879516601562,100.83917,4.178686505944065,37.174665453633246,6.097103037806828,3.0239513091571095,0.9896560185542076
2024-01-22,109.9704818725586,102.88262,4.178686505944065,37.174665453633246,6.097103037806828,3.0239513091571095,0.9896560185542076
2024-01-23,111.04070281982422,104.865585,4.178686505944065,37.174665453633246,6.097103037806828,3.0239513091571095,0.9896560185542076
2024-01-24,113.36599731445312,106.72554,4.178686505944065,37.174665453633246,6.097103037806828,3.0239513091571095,0.9896560185542076
2024-01-25,113.40492248535156,108.586136,4.178686505944065,37.174665453633246,6.097103037806828,3.0239513091571095,0.9896560185542076
2024-01-26,114.08599090576172,110.23567,4.178686505944065,37.174665453633246,6.097103037806828,3.0239513091571095,0.9896560185542076
2024-01-29,113.81355285644533,111.667534,4.178686505944065,37.174665453633246,6.097103037806828,3.0239513091571095,0.9896560185542076
2024-01-30,112.91846466064452,112.78745,4.178686505944065,37.174665453633246,6.097103037806828,3.0239513091571095,0.9896560185542076
2024-01-31,109.90237426757812,113.50925,4.178686505944065,37.174665453633246,6.097103037806828,3.0239513091571095,0.9896560185542076
2024-02-01,110.32072448730467,113.58356,4.178686505944065,37.174665453633246,6.097103037806828,3.0239513091571095,0.9896560185542076
2024-02-02,112.61685180664062,113.36348,4.178686505944065,37.174665453633246,6.097103037806828,3.0239513091571095,0.9896560185542076
2024-02-05,115.5745620727539,113.278305,4.178686505944065,37.174665453633246,6.097103037806828,3.0239513091571095,0.9896560185542076
2024-02-06,116.14859008789064,113.60936,4.178686505944065,37.174665453633246,6.097103037806828,3.0239513091571095,0.9896560185542076
2024-02-07,121.5970230102539,114.173965,4.178686505944065,37.174665453633246,6.097103037806828,3.0239513091571095,0.9896560185542076
2024-02-08,130.11016845703125,115.433815,4.178686505944065,37.174665453633246,6.097103037806828,3.0239513091571095,0.9896560185542076
2024-02-09,129.50697326660156,117.90145,4.178686505944065,37.174665453633246,6.097103037806828,3.0239513091571095,0.9896560185542076
2024-02-12,126.9286880493164,120.62172,4.178686505944065,37.174665453633246,6.097103037806828,3.0239513091571095,0.9896560185542076
2024-02-13,124.09744262695312,122.86191,4.178686505944065,37.174665453633246,6.097103037806828,3.0239513091571095,0.9896560185542076
2024-02-14,125.77088165283206,124.2737,4.178686505944065,37.174665453633246,6.097103037806828,3.0239513091571095,0.9896560185542076
2024-02-15,125.5373764038086,125.29957,4.178686505944065,37.174665453633246,6.097103037806828,3.0239513091571095,0.9896560185542076
2024-02-16,123.26072692871092,125.973145,4.178686505944065,37.174665453633246,6.097103037806828,3.0239513091571095,0.9896560185542076
2024-02-20,121.9375457763672,126.11405,4.178686505944065,37.174665453633246,6.097103037806828,3.0239513091571095,0.9896560185542076
2024-02-21,121.94725799560548,125.80578,4.178686505944065,37.174665453633246,6.097103037806828,3.0239513091571095,0.9896560185542076
2024-02-22,125.5762939453125,125.2964,4.178686505944065,37.174665453633246,6.097103037806828,3.0239513091571095,0.9896560185542076
2024-02-23,126.02386474609378,125.159615,4.178686505944065,37.174665453633246,6.097103037806828,3.0239513091571095,0.9896560185542076
2024-02-26,127.1038131713867,125.268425,4.178686505944065,37.174665453633246,6.097103037806828,3.0239513091571095,0.9896560185542076
2024-02-27,125.10928344726562,125.6134,4.178686505944065,37.174665453633246,6.097103037806828,3.0239513091571095,0.9896560185542076
2024-02-28,123.93205261230467,125.801796,4.178686505944065,37.174665453633246,6.097103037806828,3.0239513091571095,0.9896560185542076
2024-02-29,125.18712615966795,125.75288,4.178686505944065,37.174665453633246,6.097103037806828,3.0239513091571095,0.9896560185542076
2024-03-01,130.27557373046875,125.73597,4.178686505944065,37.174665453633246,6.097103037806828,3.0239513091571095,0.9896560185542076
2024-03-04,134.5175323486328,126.33156,4.178686505944065,37.174665453633246,6.097103037806828,3.0239513091571095,0.9896560185542076
2024-03-05,131.31658935546875,127.66201,4.178686505944065,37.174665453633246,6.097103037806828,3.0239513091571095,0.9896560185542076
2024-03-06,137.7379608154297,128.83441,4.178686505944065,37.174665453633246,6.097103037806828,3.0239513091571095,0.9896560185542076
2024-03-07,145.16140747070312,130.55637,4.178686505944065,37.174665453633246,6.097103037806828,3.0239513091571095,0.9896560185542076
2024-03-08,142.40802001953125,133.22427,4.178686505944065,37.174665453633246,6.097103037806828,3.0239513091571095,0.9896560185542076
2024-03-11,135.25698852539062,135.73471,4.178686505944065,37.174665453633246,6.097103037806828,3.0239513091571095,0.9896560185542076
2024-03-12,140.49134826660156,137.0476,4.178686505944065,37.174665453633246,6.097103037806828,3.0239513091571095,0.9896560185542076
2024-03-13,138.29254150390625,138.22572,4.178686505944065,37.174665453633246,6.097103037806828,3.0239513091571095,0.9896560185542076
2024-03-14,135.84072875976562,138.92505,4.178686505944065,37.174665453633246,6.097103037806828,3.0239513091571095,0.9896560185542076
2024-03-15,133.27218627929688,139.01003,4.178686505944065,37.174665453633246,6.097103037806828,3.0239513091571095,0.9896560185542076
2024-03-18,133.4812469482422,138.46655,4.178686505944065,37.174665453633246,6.097103037806828,3.0239513091571095,0.9896560185542076
2024-03-19,131.75216674804688,137.68307,4.178686505944065,37.174665453633246,6.097103037806828,3.0239513091571095,0.9896560185542076
2024-03-20,133.58871459960938,136.65288,4.178686505944065,37.174665453633246,6.097103037806828,3.0239513091571095,0.9896560185542076
2024-03-21,136.22628784179688,135.82397,4.178686505944065,37.174665453633246,6.097103037806828,3.0239513091571095,0.9896560185542076
2024-03-22,137.2910614013672,135.49185,4.178686505944065,37.174665453633246,6.097103037806828,3.0239513091571095,0.9896560185542076
2024-03-25,136.9882354736328,135.5689,4.178686505944065,37.174665453633246,6.097103037806828,3.0239513091571095,0.9896560185542076
2024-03-26,135.63040161132812,135.80943,4.178686505944065,37.174665453633246,6.097103037806828,3.0239513091571095,0.9896560185542076
2024-03-27,133.5301055908203,135.94958,4.178686505944065,37.174665453633246,6.097103037806828,3.0239513091571095,0.9896560185542076
2024-03-28,132.90489196777344,135.78064,4.178686505944065,37.174665453633246,6.097103037806828,3.0239513091571095,0.9896560185542076
2024-04-01,138.21914672851562,135.40417,4.178686505944065,37.174665453633246,6.097103037806828,3.0239513091571095,0.9896560185542076
2024-04-02,136.9784698486328,135.58801,4.178686505944065,37.174665453633246,6.097103037806828,3.0239513091571095,0.9896560185542076
2024-04-03,138.71734619140625,135.8813,4.178686505944065,37.174665453633246,6.097103037806828,3.0239513091571095,0.9896560185542076
2024-04-04,136.4314422607422,136.40549,4.178686505944065,37.174665453633246,6.097103037806828,3.0239513091571095,0.9896560185542076
2024-04-05,138.09210205078125,136.71837,4.178686505944065,37.174665453633246,6.097103037806828,3.0239513091571095,0.9896560185542076
2024-04-08,139.48907470703125,137.08844,4.178686505944065,37.174665453633246,6.097103037806828,3.0239513091571095,0.9896560185542076
2024-04-09,142.0387420654297,137.60632,4.178686505944065,37.174665453633246,6.097103037806828,3.0239513091571095,0.9896560185542076
2024-04-10,142.83978271484375,138.43721,4.178686505944065,37.174665453633246,6.097103037806828,3.0239513091571095,0.9896560185542076
2024-04-11,143.79713439941406,139.42278,4.178686505944065,37.174665453633246,6.097103037806828,3.0239513091571095,0.9896560185542076
2024-04-12,139.22532653808594,140.48674,4.178686505944065,37.174665453633246,6.097103037806828,3.0239513091571095,0.9896560185542076
2024-04-15,136.9003448486328,140.93274,4.178686505944065,37.174665453633246,6.097103037806828,3.0239513091571095,0.9896560185542076
2024-04-16,136.5682373046875,140.74866,4.178686505944065,37.174665453633246,6.097103037806828,3.0239513091571095,0.9896560185542076
2024-04-17,135.81600952148438,140.22516,4.178686505944065,37.174665453633246,6.097103037806828,3.0239513091571095,0.9896560185542076
2024-04-18,129.21226501464844,139.49446,4.178686505944065,37.174665453633246,6.097103037806828,3.0239513091571095,0.9896560185542076
2024-04-19,124.74791717529295,137.96367,4.178686505944065,37.174665453633246,6.097103037806828,3.0239513091571095,0.9896560185542076
2024-04-22,126.75051879882811,135.6818,4.178686505944065,37.174665453633246,6.097103037806828,3.0239513091571095,0.9896560185542076
2024-04-23,130.345458984375,133.50975,4.178686505944065,37.174665453633246,6.097103037806828,3.0239513091571095,0.9896560185542076
2024-04-24,129.89610290527344,132.05196,4.178686505944065,37.174665453633246,6.097103037806828,3.0239513091571095,0.9896560185542076
2024-04-25,133.42262268066406,131.06482,4.178686505944065,37.174665453633246,6.097103037806828,3.0239513091571095,0.9896560185542076
2024-04-26,135.10287475585938,130.84918,4.178686505944065,37.174665453633246,6.097103037806828,3.0239513091571095,0.9896560185542076
2024-04-29,135.2982635498047,131.24998,4.178686505944065,37.174665453633246,6.097103037806828,3.0239513091571095,0.9896560185542076
2024-04-30,134.16506958007812,131.94879,4.178686505944065,37.174665453633246,6.097103037806828,3.0239513091571095,0.9896560185542076
2024-05-01,131.82057189941406,132.59581,4.178686505944065,37.174665453633246,6.097103037806828,3.0239513091571095,0.9896560185542076
2024-05-02,133.08071899414062,132.8769,4.178686505944065,37.174665453633246,6.097103037806828,3.0239513091571095,0.9896560185542076
2024-05-03,138.28750610351562,133.0957,4.178686505944065,37.174665453633246,6.097103037806828,3.0239513091571095,0.9896560185542076
2024-05-06,139.52818298339844,133.86835,4.178686505944065,37.174665453633246,6.097103037806828,3.0239513091571095,0.9896560185542076
2024-05-07,137.84791564941406,134.9734,4.178686505944065,37.174665453633246,6.097103037806828,3.0239513091571095,0.9896560185542076
2024-05-08,140.28036499023438,135.92595,4.178686505944065,37.174665453633246,6.097103037806828,3.0239513091571095,0.9896560185542076
2024-05-09,139.48907470703125,136.98314,4.178686505944065,37.174665453633246,6.097103037806828,3.0239513091571095,0.9896560185542076
2024-05-10,145.80947875976562,137.87616,4.178686505944065,37.174665453633246,6.097103037806828,3.0239513091571095,0.9896560185542076
2024-05-13,143.0254364013672,139.32597,4.178686505944065,37.174665453633246,6.097103037806828,3.0239513091571095,0.9896560185542076
2024-05-14,148.43731689453125,140.55449,4.178686505944065,37.174665453633246,6.097103037806828,3.0239513091571095,0.9896560185542076
2024-05-15,151.98341369628906,142.16953,4.178686505944065,37.174665453633246,6.097103037806828,3.0239513091571095,0.9896560185542076
2024-05-16,148.71084594726562,144.19951,4.178686505944065,37.174665453633246,6.097103037806828,3.0239513091571095,0.9896560185542076
2024-05-17,148.17356872558594,145.81795,4.178686505944065,37.174665453633246,6.097103037806828,3.0239513091571095,0.9896560185542076
2024-05-20,150.00033569335938,146.9846,4.178686505944065,37.174665453633246,6.097103037806828,3.0239513091571095,0.9896560185542076
2024-05-21,150.11756896972656,147.99771,4.178686505944065,37.174665453633246,6.097103037806828,3.0239513091571095,0.9896560185542076
2024-05-22,152.54022216796875,148.82025,4.178686505944065,37.174665453633246,6.097103037806828,3.0239513091571095,0.9896560185542076
2024-05-23,153.45848083496094,149.728,4.178686505944065,37.174665453633246,6.097103037806828,3.0239513091571095,0.9896560185542076
2024-05-24,156.30123901367188,150.67119,4.178686505944065,37.174665453633246,6.097103037806828,3.0239513091571095,0.9896560185542076
2024-05-28,155.72486877441406,151.84933,4.178686505944065,37.174665453633246,6.097103037806828,3.0239513091571095,0.9896560185542076
2024-05-29,150.7720489501953,152.9346,4.178686505944065,37.174665453633246,6.097103037806828,3.0239513091571095,0.9896560185542076
2024-05-30,149.4239959716797,153.26868,4.178686505944065,37.174665453633246,6.097103037806828,3.0239513091571095,0.9896560185542076
2024-05-31,147.54833984375,153.03032,4.178686505944065,37.174665453633246,6.097103037806828,3.0239513091571095,0.9896560185542076
2024-06-03,151.36798095703125,152.30333,4.178686505944065,37.174665453633246,6.097103037806828,3.0239513091571095,0.9896560185542076
2024-06-04,148.9453125,151.85066,4.178686505944065,37.174665453633246,6.097103037806828,3.0239513091571095,0.9896560185542076
2024-06-05,159.1537322998047,151.29137,4.178686505944065,37.174665453633246,6.097103037806828,3.0239513091571095,0.9896560185542076
2024-06-06,158.32337951660156,151.9336,4.178686505944065,37.174665453633246,6.097103037806828,3.0239513091571095,0.9896560185542076
2024-06-07,160.58973693847656,152.99445,4.178686505944065,37.174665453633246,6.097103037806828,3.0239513091571095,0.9896560185542076
2024-06-10,164.27259826660153,154.41689,4.178686505944065,37.174665453633246,6.097103037806828,3.0239513091571095,0.9896560185542076
2024-06-11,161.87924194335938,156.28833,4.178686505944065,37.174665453633246,6.097103037806828,3.0239513091571095,0.9896560185542076
2024-06-12,168.98118591308594,157.89012,4.178686505944065,37.174665453633246,6.097103037806828,3.0239513091571095,0.9896560185542076
2024-06-13,169.4456787109375,160.00604,4.178686505944065,37.174665453633246,6.097103037806828,3.0239513091571095,0.9896560185542076
2024-06-14,169.05366516113284,162.1782,4.178686505944065,37.174665453633246,6.097103037806828,3.0239513091571095,0.9896560185542076
2024-06-17,173.68891906738284,164.08379,4.178686505944065,37.174665453633246,6.097103037806828,3.0239513091571095,0.9896560185542076
2024-06-18,176.08984375,166.17302,4.178686505944065,37.174665453633246,6.097103037806828,3.0239513091571095,0.9896560185542076
2024-06-20,171.86619567871094,168.37955,4.178686505944065,37.174665453633246,6.097103037806828,3.0239513091571095,0.9896560185542076
2024-06-21,170.47463989257812,169.89339,4.178686505944065,37.174665453633246,6.097103037806828,3.0239513091571095,0.9896560185542076
2024-06-24,164.44784545898438,170.72617,4.178686505944065,37.174665453633246,6.097103037806828,3.0239513091571095,0.9896560185542076
2024-06-25,169.14190673828128,170.41399,4.178686505944065,37.174665453633246,6.097103037806828,3.0239513091571095,0.9896560185542076
2024-06-26,168.6225128173828,170.10191,4.178686505944065,37.174665453633246,6.097103037806828,3.0239513091571095,0.9896560185542076
2024-06-27,168.19131469726562,169.74084,4.178686505944065,37.174665453633246,6.097103037806828,3.0239513091571095,0.9896560185542076
2024-06-28,170.3276214599609,169.33829,4.178686505944065,37.174665453633246,6.097103037806828,3.0239513091571095,0.9896560185542076
2024-07-01,168.8773193359375,169.20203,4.178686505944065,37.174665453633246,6.097103037806828,3.0239513091571095,0.9896560185542076
2024-07-02,172.17976379394528,169.03862,4.178686505944065,37.174665453633246,6.097103037806828,3.0239513091571095,0.9896560185542076
2024-07-03,178.83375549316406,169.26361,4.178686505944065,37.174665453633246,6.097103037806828,3.0239513091571095,0.9896560185542076
2024-07-05,180.30368041992188,170.42197,4.178686505944065,37.174665453633246,6.097103037806828,3.0239513091571095,0.9896560185542076
2024-07-08,182.89077758789068,172.07738,4.178686505944065,37.174665453633246,6.097103037806828,3.0239513091571095,0.9896560185542076
2024-07-09,180.8230743408203,174.09546,4.178686505944065,37.174665453633246,6.097103037806828,3.0239513091571095,0.9896560185542076
2024-07-10,187.2222137451172,175.8242,4.178686505944065,37.174665453633246,6.097103037806828,3.0239513091571095,0.9896560185542076
2024-07-11,180.80346679687503,177.95494,4.178686505944065,37.174665453633246,6.097103037806828,3.0239513091571095,0.9896560185542076
2024-07-12,183.59634399414065,179.28671,4.178686505944065,37.174665453633246,6.097103037806828,3.0239513091571095,0.9896560185542076
2024-07-15,181.5090484619141,180.3985,4.178686505944065,37.174665453633246,6.097103037806828,3.0239513091571095,0.9896560185542076
2024-07-16,182.31259155273438,181.01723,4.178686505944065,37.174665453633246,6.097103037806828,3.0239513091571095,0.9896560185542076
2024-07-17,167.76992797851562,181.4067,4.178686505944065,37.174665453633246,6.097103037806828,3.0239513091571095,0.9896560185542076
2024-07-18,168.42649841308594,179.94902,4.178686505944065,37.174665453633246,6.097103037806828,3.0239513091571095,0.9896560185542076
2024-07-19,162.44873046875,177.82133,4.178686505944065,37.174665453633246,6.097103037806828,3.0239513091571095,0.9896560185542076
2024-07-22,165.95700073242188,174.88734,4.178686505944065,37.174665453633246,6.097103037806828,3.0239513091571095,0.9896560185542076
2024-07-23,166.41758728027344,172.28305,4.178686505944065,37.174665453633246,6.097103037806828,3.0239513091571095,0.9896560185542076
2024-07-24,156.5983428955078,170.17787,4.178686505944065,37.174665453633246,6.097103037806828,3.0239513091571095,0.9896560185542076
2024-07-25,157.06871032714844,167.42561,4.178686505944065,37.174665453633246,6.097103037806828,3.0239513091571095,0.9896560185542076
2024-07-26,158.69546508789062,164.73308,4.178686505944065,37.174665453633246,6.097103037806828,3.0239513091571095,0.9896560185542076
2024-07-29,156.8041229248047,162.56366,4.178686505944065,37.174665453633246,6.097103037806828,3.0239513091571095,0.9896560185542076
2024-07-30,151.44371032714844,160.68774,4.178686505944065,37.174665453633246,6.097103037806828,3.0239513091571095,0.9896560185542076
2024-07-31,162.47811889648438,158.5629,4.178686505944065,37.174665453633246,6.097103037806828,3.0239513091571095,0.9896560185542076
2024-08-01,155.01077270507812,157.85503,4.178686505944065,37.174665453633246,6.097103037806828,3.0239513091571095,0.9896560185542076
2024-08-02,146.85748291015625,157.06589,4.178686505944065,37.174665453633246,6.097103037806828,3.0239513091571095,0.9896560185542076
2024-08-05,144.98574829101562,155.4056,4.178686505944065,37.174665453633246,6.097103037806828,3.0239513091571095,0.9896560185542076
2024-08-06,152.2766876220703,153.29706,4.178686505944065,37.174665453633246,6.097103037806828,3.0239513091571095,0.9896560185542076
2024-08-07,151.93370056152344,152.05623,4.178686505944065,37.174665453633246,6.097103037806828,3.0239513091571095,0.9896560185542076
2024-08-08,161.25314331054688,151.34903,4.178686505944065,37.174665453633246,6.097103037806828,3.0239513091571095,0.9896560185542076
2024-08-09,163.7716522216797,152.09195,4.178686505944065,37.174665453633246,6.097103037806828,3.0239513091571095,0.9896560185542076
2024-08-12,164.2714385986328,153.77429,4.178686505944065,37.174665453633246,6.097103037806828,3.0239513091571095,0.9896560185542076
2024-08-13,168.8870849609375,155.80981,4.178686505944065,37.174665453633246,6.097103037806828,3.0239513091571095,0.9896560185542076
2024-08-14,166.56457519531253,158.34195,4.178686505944065,37.174665453633246,6.097103037806828,3.0239513091571095,0.9896560185542076
2024-08-15,170.47463989257812,160.5656,4.178686505944065,37.174665453633246,6.097103037806828,3.0239513091571095,0.9896560185542076
2024-08-16,171.04299926757812,162.84518,4.178686505944065,37.174665453633246,6.097103037806828,3.0239513091571095,0.9896560185542076
2024-08-19,171.93475341796878,164.95105,4.178686505944065,37.174665453633246,6.097103037806828,3.0239513091571095,0.9896560185542076
2024-08-20,168.5930938720703,166.8297,4.178686505944065,37.174665453633246,6.097103037806828,3.0239513091571095,0.9896560185542076
2024-08-21,168.00511169433594,167.98521,4.178686505944065,37.174665453633246,6.097103037806828,3.0239513091571095,0.9896560185542076
2024-08-22,163.10530090332028,168.57568,4.178686505944065,37.174665453633246,6.097103037806828,3.0239513091571095,0.9896560185542076
2024-08-23,167.84832763671878,168.23608,4.178686505944065,37.174665453633246,6.097103037806828,3.0239513091571095,0.9896560185542076
2024-08-26,165.68260192871094,168.01326,4.178686505944065,37.174665453633246,6.097103037806828,3.0239513091571095,0.9896560185542076
2024-08-27,167.13294982910156,167.60161,4.178686505944065,37.174665453633246,6.097103037806828,3.0239513091571095,0.9896560185542076
2024-08-28,165.80999755859378,167.3065,4.178686505944065,37.174665453633246,6.097103037806828,3.0239513091571095,0.9896560185542076
2024-08-29,165.76100158691406,166.94106,4.178686505944065,37.174665453633246,6.097103037806828,3.0239513091571095,0.9896560185542076
2024-08-30,168.25990295410156,166.57468,4.178686505944065,37.174665453633246,6.097103037806828,3.0239513091571095,0.9896560185542076
2024-09-03,157.27450561523438,166.53616,4.178686505944065,37.174665453633246,6.097103037806828,3.0239513091571095,0.9896560185542076
2024-09-04,157.6468963623047,165.38698,4.178686505944065,37.174665453633246,6.097103037806828,3.0239513091571095,0.9896560185542076
2024-09-05,160.42019653320312,163.86993,4.178686505944065,37.174665453633246,6.097103037806828,3.0239513091571095,0.9896560185542076
2024-09-06,153.6780548095703,162.65321,4.178686505944065,37.174665453633246,6.097103037806828,3.0239513091571095,0.9896560185542076
2024-09-09,159.51864624023438,160.93524,4.178686505944065,37.174665453633246,6.097103037806828,3.0239513091571095,0.9896560185542076
2024-09-10,159.17564392089844,159.84995,4.178686505944065,37.174665453633246,6.097103037806828,3.0239513091571095,0.9896560185542076
2024-09-11,166.81935119628903,159.15723,4.178686505944065,37.174665453633246,6.097103037806828,3.0239513091571095,0.9896560185542076
2024-09-12,168.61537170410156,159.63751,4.178686505944065,37.174665453633246,6.097103037806828,3.0239513091571095,0.9896560185542076
2024-09-13,169.6678009033203,160.85838,4.178686505944065,37.174665453633246,6.097103037806828,3.0239513091571095,0.9896560185542076
2024-09-16,166.303955078125,162.44456,4.178686505944065,37.174665453633246,6.097103037806828,3.0239513091571095,0.9896560185542076
2024-09-17,164.60238647460938,163.651,4.178686505944065,37.174665453633246,6.097103037806828,3.0239513091571095,0.9896560185542076
2024-09-18,164.53350830078125,164.34338,4.178686505944065,37.174665453633246,6.097103037806828,3.0239513091571095,0.9896560185542076
2024-09-19,173.32675170898438,164.69295,4.178686505944065,37.174665453633246,6.097103037806828,3.0239513091571095,0.9896560185542076
2024-09-20,171.2218780517578,165.84798,4.178686505944065,37.174665453633246,6.097103037806828,3.0239513091571095,0.9896560185542076
2024-09-23,171.8907012939453,167.01382,4.178686505944065,37.174665453633246,6.097103037806828,3.0239513091571095,0.9896560185542076
2024-09-24,178.98233032226562,168.13596,4.178686505944065,37.174665453633246,6.097103037806828,3.0239513091571095,0.9896560185542076
2024-09-25,179.35607910156253,169.92772,4.178686505944065,37.174665453633246,6.097103037806828,3.0239513091571095,0.9896560185542076
2024-09-26,183.76254272460932,171.87953,4.178686505944065,37.174665453633246,6.097103037806828,3.0239513091571095,0.9896560185542076
2024-09-27,175.04800415039065,174.19907,4.178686505944065,37.174665453633246,6.097103037806828,3.0239513091571095,0.9896560185542076
2024-09-30,170.818603515625,175.4197,4.178686505944065,37.174665453633246,6.097103037806828,3.0239513091571095,0.9896560185542076
2024-10-01,169.244873046875,175.47427,4.178686505944065,37.174665453633246,6.097103037806828,3.0239513091571095,0.9896560185542076
2024-10-02,172.91363525390625,174.74982,4.178686505944065,37.174665453633246,6.097103037806828,3.0239513091571095,0.9896560185542076
2024-10-03,176.533203125,174.12769,4.178686505944065,37.174665453633246,6.097103037806828,3.0239513091571095,0.9896560185542076
2024-10-04,178.1856384277344,174.02719,4.178686505944065,37.174665453633246,6.097103037806828,3.0239513091571095,0.9896560185542076
2024-10-07,181.48062133789068,174.3793,4.178686505944065,37.174665453633246,6.097103037806828,3.0239513091571095,0.9896560185542076
2024-10-08,182.99534606933597,175.29584,4.178686505944065,37.174665453633246,6.097103037806828,3.0239513091571095,0.9896560185542076
2024-10-09,184.0674285888672,176.56111,4.178686505944065,37.174665453633246,6.097103037806828,3.0239513091571095,0.9896560185542076
2024-10-10,182.72976684570312,177.98024,4.178686505944065,37.174665453633246,6.097103037806828,3.0239513091571095,0.9896560185542076
2024-10-11,187.6771850585937,179.15916,4.178686505944065,37.174665453633246,6.097103037806828,3.0239513091571095,0.9896560185542076
2024-10-14,189.054214477539,180.65591,4.178686505944065,37.174665453633246,6.097103037806828,3.0239513091571095,0.9896560185542076
2024-10-15,184.05761718749997,182.28662,4.178686505944065,37.174665453633246,6.097103037806828,3.0239513091571095,0.9896560185542076
2024-10-16,184.40187072753903,183.21822,4.178686505944065,37.174665453633246,6.097103037806828,3.0239513091571095,0.9896560185542076
2024-10-17,202.4604339599609,183.73906,4.178686505944065,37.174665453633246,6.097103037806828,3.0239513091571095,0.9896560185542076
2024-10-18,197.48350524902344,186.06519,4.178686505944065,37.174665453633246,6.097103037806828,3.0239513091571095,0.9896560185542076
2024-10-21,198.63429260253903,188.41283,4.178686505944065,37.174665453633246,6.097103037806828,3.0239513091571095,0.9896560185542076
2024-10-22,195.22125244140625,190.65038,4.178686505944065,37.174665453633246,6.097103037806828,3.0239513091571095,0.9896560185542076
2024-10-23,197.56219482421875,192.17862,4.178686505944065,37.174665453633246,6.097103037806828,3.0239513091571095,0.9896560185542076
2024-10-24,194.68028259277344,193.44678,4.178686505944065,37.174665453633246,6.097103037806828,3.0239513091571095,0.9896560185542076
2024-10-25,200.099838256836,194.09312,4.178686505944065,37.174665453633246,6.097103037806828,3.0239513091571095,0.9896560185542076
2024-10-28,191.4836578369141,194.972,4.178686505944065,37.174665453633246,6.097103037806828,3.0239513091571095,0.9896560185542076
2024-10-29,193.7065277099609,194.8563,4.178686505944065,37.174665453633246,6.097103037806828,3.0239513091571095,0.9896560185542076
2024-10-30,191.28692626953125,194.52142,4.178686505944065,37.174665453633246,6.097103037806828,3.0239513091571095,0.9896560185542076
2024-10-31,187.4116058349609,193.81941,4.178686505944065,37.174665453633246,6.097103037806828,3.0239513091571095,0.9896560185542076
2024-11-01,189.7820587158203,192.56544,4.178686505944065,37.174665453633246,6.097103037806828,3.0239513091571095,0.9896560185542076
2024-11-04,188.4148712158203,191.44852,4.178686505944065,37.174665453633246,6.097103037806828,3.0239513091571095,0.9896560185542076
2024-11-05,192.54592895507807,190.35802,4.178686505944065,37.174665453633246,6.097103037806828,3.0239513091571095,0.9896560185542076
2024-11-06,190.0476226806641,189.87997,4.178686505944065,37.174665453633246,6.097103037806828,3.0239513091571095,0.9896560185542076
2024-11-07,197.8867645263672,189.46823,4.178686505944065,37.174665453633246,6.097103037806828,3.0239513091571095,0.9896560185542076
2024-11-08,197.89659118652344,190.04669,4.178686505944065,37.174665453633246,6.097103037806828,3.0239513091571095,0.9896560185542076
2024-11-11,190.86399841308597,191.04387,4.178686505944065,37.174665453633246,6.097103037806828,3.0239513091571095,0.9896560185542076
2024-11-12,188.62142944335935,191.33847,4.178686505944065,37.174665453633246,6.097103037806828,3.0239513091571095,0.9896560185542076
2024-11-13,183.5953216552734,191.00937,4.178686505944065,37.174665453633246,6.097103037806828,3.0239513091571095,0.9896560185542076
2024-11-14,185.40512084960935,189.82948,4.178686505944065,37.174665453633246,6.097103037806828,3.0239513091571095,0.9896560185542076
2024-11-15,182.95600891113284,188.56976,4.178686505944065,37.174665453633246,6.097103037806828,3.0239513091571095,0.9896560185542076
2024-11-18,184.40187072753903,187.12164,4.178686505944065,37.174665453633246,6.097103037806828,3.0239513091571095,0.9896560185542076
2024-11-19,186.555908203125,185.91281,4.178686505944065,37.174665453633246,6.097103037806828,3.0239513091571095,0.9896560185542076
2024-11-20,185.26742553710935,185.20601,4.178686505944065,37.174665453633246,6.097103037806828,3.0239513091571095,0.9896560185542076
2024-11-21,188.1001434326172,184.68277,4.178686505944065,37.174665453633246,6.097103037806828,3.0239513091571095,0.9896560185542076
2024-11-22,186.9591827392578,184.64606,4.178686505944065,37.174665453633246,6.097103037806828,3.0239513091571095,0.9896560185542076
2024-11-25,182.0412750244141,184.72632,4.178686505944065,37.174665453633246,6.097103037806828,3.0239513091571095,0.9896560185542076
2024-11-26,180.82162475585935,184.29932,4.178686505944065,37.174665453633246,6.097103037806828,3.0239513091571095,0.9896560185542076
2024-11-27,178.2151336669922,183.53954,4.178686505944065,37.174665453633246,6.097103037806828,3.0239513091571095,0.9896560185542076
2024-11-29,181.62815856933597,182.4008,4.178686505944065,37.174665453633246,6.097103037806828,3.0239513091571095,0.9896560185542076
2024-12-02,191.20823669433594,181.59879,4.178686505944065,37.174665453633246,6.097103037806828,3.0239513091571095,0.9896560185542076
2024-12-03,195.62451171875,182.155,4.178686505944065,37.174665453633246,6.097103037806828,3.0239513091571095,0.9896560185542076
2024-12-04,197.3949890136719,183.82529,4.178686505944065,37.174665453633246,6.097103037806828,3.0239513091571095,0.9896560185542076
2024-12-05,200.9457092285156,186.07007,4.178686505944065,37.174665453633246,6.097103037806828,3.0239513091571095,0.9896560185542076
2024-12-06,199.68673706054688,188.76152,4.178686505944065,37.174665453633246,6.097103037806828,3.0239513091571095,0.9896560185542076
2024-12-09,195.8999481201172,191.22296,4.178686505944065,37.174665453633246,6.097103037806828,3.0239513091571095,0.9896560185542076
2024-12-10,188.7886505126953,192.8594,4.178686505944065,37.174665453633246,6.097103037806828,3.0239513091571095,0.9896560185542076
2024-12-11,191.4049835205078,193.08553,4.178686505944065,37.174665453633246,6.097103037806828,3.0239513091571095,0.9896560185542076
2024-12-12,188.9145355224609,192.88448,4.178686505944065,37.174665453633246,6.097103037806828,3.0239513091571095,0.9896560185542076
2024-12-13,198.3178405761719,192.18555,4.178686505944065,37.174665453633246,6.097103037806828,3.0239513091571095,0.9896560185542076
2024-12-16,199.53146362304688,192.3902,4.178686505944065,37.174665453633246,6.097103037806828,3.0239513091571095,0.9896560185542076
2024-12-17,197.99221801757807,193.1354,4.178686505944065,37.174665453633246,6.097103037806828,3.0239513091571095,0.9896560185542076
2024-12-18,192.96002197265625,193.88821,4.178686505944065,37.174665453633246,6.097103037806828,3.0239513091571095,0.9896560185542076
2024-12-19,192.05224609375003,193.98598,4.178686505944065,37.174665453633246,6.097103037806828,3.0239513091571095,0.9896560185542076
2024-12-20,194.5880889892578,193.64854,4.178686505944065,37.174665453633246,6.097103037806828,3.0239513091571095,0.9896560185542076
2024-12-23,204.60313415527344,193.41711,4.178686505944065,37.174665453633246,6.097103037806828,3.0239513091571095,0.9896560185542076
2024-12-24,203.58683776855472,194.40291,4.178686505944065,37.174665453633246,6.097103037806828,3.0239513091571095,0.9896560185542076
2024-12-26,200.36029052734372,195.74667,4.178686505944065,37.174665453633246,6.097103037806828,3.0239513091571095,0.9896560185542076
2024-12-27,198.94932556152344,196.75476,4.178686505944065,37.174665453633246,6.097103037806828,3.0239513091571095,0.9896560185542076
2024-12-30,197.7257843017578,197.32687,4.178686505944065,37.174665453633246,6.097103037806828,3.0239513091571095,0.9896560185542076
2024-12-31,194.86436462402344,197.47507,4.178686505944065,37.174665453633246,6.097103037806828,3.0239513091571095,0.9896560185542076
2025-01-02,198.8999786376953,197.0638,4.178686505944065,37.174665453633246,6.097103037806828,3.0239513091571095,0.9896560185542076
2025-01-03,205.83651733398438,196.88086,4.178686505944065,37.174665453633246,6.097103037806828,3.0239513091571095,0.9896560185542076
2025-01-06,217.0849456787109,197.612,4.178686505944065,37.174665453633246,6.097103037806828,3.0239513091571095,0.9896560185542076
2025-01-07,208.60914611816406,199.98843,4.178686505944065,37.174665453633246,6.097103037806828,3.0239513091571095,0.9896560185542076
2025-01-08,204.36633300781253,201.92557,4.178686505944065,37.174665453633246,6.097103037806828,3.0239513091571095,0.9896560185542076
2025-01-10,205.59971618652344,202.96562,4.178686505944065,37.174665453633246,6.097103037806828,3.0239513091571095,0.9896560185542076
2025-01-13,198.68290710449222,203.58508,4.178686505944065,37.174665453633246,6.097103037806828,3.0239513091571095,0.9896560185542076
2025-01-14,198.77171325683597,203.12268,4.178686505944065,37.174665453633246,6.097103037806828,3.0239513091571095,0.9896560185542076
2025-01-15,204.0505828857422,202.18872,4.178686505944065,37.174665453633246,6.097103037806828,3.0239513091571095,0.9896560185542076
2025-01-16,211.934326171875,201.71483,4.178686505944065,37.174665453633246,6.097103037806828,3.0239513091571095,0.9896560185542076
2025-01-17,208.6880950927734,202.40636,4.178686505944065,37.174665453633246,6.097103037806828,3.0239513091571095,0.9896560185542076
2025-01-21,215.7923736572266,203.2136,4.178686505944065,37.174665453633246,6.097103037806828,3.0239513091571095,0.9896560185542076
2025-01-22,220.23252868652344,204.81003,4.178686505944065,37.174665453633246,6.097103037806828,3.0239513091571095,0.9896560185542076
2025-01-23,221.63363647460935,207.10872,4.178686505944065,37.174665453633246,6.097103037806828,3.0239513091571095,0.9896560185542076
2025-01-24,218.9300842285156,209.6479,4.178686505944065,37.174665453633246,6.097103037806828,3.0239513091571095,0.9896560185542076
2025-01-27,189.75323486328122,211.70834,4.178686505944065,37.174665453633246,6.097103037806828,3.0239513091571095,0.9896560185542076
2025-01-28,199.7090759277344,209.98584,4.178686505944065,37.174665453633246,6.097103037806828,3.0239513091571095,0.9896560185542076
2025-01-29,199.63999938964844,207.75589,4.178686505944065,37.174665453633246,6.097103037806828,3.0239513091571095,0.9896560185542076
2025-01-30,205.3826141357422,205.46188,4.178686505944065,37.174665453633246,6.097103037806828,3.0239513091571095,0.9896560185542076
2025-01-31,206.5370941162109,204.03883,4.178686505944065,37.174665453633246,6.097103037806828,3.0239513091571095,0.9896560185542076
2025-02-03,197.1436462402344,203.32777,4.178686505944065,37.174665453633246,6.097103037806828,3.0239513091571095,0.9896560185542076
2025-02-04,201.33714294433597,201.98376,4.178686505944065,37.174665453633246,6.097103037806828,3.0239513091571095,0.9896560185542076
2025-02-05,205.79705810546875,200.97974,4.178686505944065,37.174665453633246,6.097103037806828,3.0239513091571095,0.9896560185542076
2025-02-06,207.70138549804685,200.75975,4.178686505944065,37.174665453633246,6.097103037806828,3.0239513091571095,0.9896560185542076
2025-02-07,203.37960815429688,201.17087,4.178686505944065,37.174665453633246,6.097103037806828,3.0239513091571095,0.9896560185542076
2025-02-10,205.18528747558597,201.36221,4.178686505944065,37.174665453633246,6.097103037806828,3.0239513091571095,0.9896560185542076
2025-02-11,205.96478271484372,201.6456,4.178686505944065,37.174665453633246,6.097103037806828,3.0239513091571095,0.9896560185542076
2025-02-12,203.63616943359372,202.03049,4.178686505944065,37.174665453633246,6.097103037806828,3.0239513091571095,0.9896560185542076
2025-02-13,199.1466522216797,202.15804,4.178686505944065,37.174665453633246,6.097103037806828,3.0239513091571095,0.9896560185542076
2025-02-14,201.18913269042972,201.63718,4.178686505944065,37.174665453633246,6.097103037806828,3.0239513091571095,0.9896560185542076
2025-02-18,200.0445556640625,201.09315,4.178686505944065,37.174665453633246,6.097103037806828,3.0239513091571095,0.9896560185542076
2025-02-19,198.27835083007807,200.4605,4.178686505944065,37.174665453633246,6.097103037806828,3.0239513091571095,0.9896560185542076
2025-02-20,197.4396514892578,199.65564,4.178686505944065,37.174665453633246,6.097103037806828,3.0239513091571095,0.9896560185542076
2025-02-21,195.60438537597656,198.76353,4.178686505944065,37.174665453633246,6.097103037806828,3.0239513091571095,0.9896560185542076
2025-02-24,189.1020050048828,197.7206,4.178686505944065,37.174665453633246,6.097103037806828,3.0239513091571095,0.9896560185542076
2025-02-25,186.85232543945312,195.98077,4.178686505944065,37.174665453633246,6.097103037806828,3.0239513091571095,0.9896560185542076
2025-02-26,192.0325164794922,193.84438,4.178686505944065,37.174665453633246,6.097103037806828,3.0239513091571095,0.9896560185542076
2025-02-27,178.68238830566406,192.34648,4.178686505944065,37.174665453633246,6.097103037806828,3.0239513091571095,0.9896560185542076
2025-02-28,178.12983703613284,189.79756,4.178686505944065,37.174665453633246,6.097103037806828,3.0239513091571095,0.9896560185542076
2025-03-03,170.6703643798828,186.97784,4.178686505944065,37.174665453633246,6.097103037806828,3.0239513091571095,0.9896560185542076
2025-03-04,177.60688781738284,183.4819,4.178686505944065,37.174665453633246,6.097103037806828,3.0239513091571095,0.9896560185542076
2025-03-05,181.8299865722656,180.85504,4.178686505944065,37.174665453633246,6.097103037806828,3.0239513091571095,0.9896560185542076
2025-03-06,173.51206970214844,179.44023,4.178686505944065,37.174665453633246,6.097103037806828,3.0239513091571095,0.9896560185542076
2025-03-07,174.7454376220703,177.84232,4.178686505944065,37.174665453633246,6.097103037806828,3.0239513091571095,0.9896560185542076
2025-03-10,168.3811798095703,176.508,4.178686505944065,37.174665453633246,6.097103037806828,3.0239513091571095,0.9896560185542076
2025-03-11,168.6969451904297,174.73091,4.178686505944065,37.174665453633246,6.097103037806828,3.0239513091571095,0.9896560185542076
2025-03-12,174.8144989013672,172.9914,4.178686505944065,37.174665453633246,6.097103037806828,3.0239513091571095,0.9896560185542076
2025-03-13,169.3086853027344,172.18227,4.178686505944065,37.174665453633246,6.097103037806828,3.0239513091571095,0.9896560185542076
2025-03-14,171.77545166015625,171.29547,4.178686505944065,37.174665453633246,6.097103037806828,3.0239513091571095,0.9896560185542076
2025-03-17,173.8968963623047,170.77975,4.178686505944065,37.174665453633246,6.097103037806828,3.0239513091571095,0.9896560185542076
2025-03-18,171.4938201904297,170.75996,4.178686505944065,37.174665453633246,6.097103037806828,3.0239513091571095,0.9896560185542076
2025-03-19,172.1178436279297,170.72078,4.178686505944065,37.174665453633246,6.097103037806828,3.0239513091571095,0.9896560185542076
2025-03-20,175.7928009033203,170.76329,4.178686505944065,37.174665453633246,6.097103037806828,3.0239513091571095,0.9896560185542076
2025-03-21,175.05978393554688,171.27332,4.178686505944065,37.174665453633246,6.097103037806828,3.0239513091571095,0.9896560185542076
2025-03-24,179.44793701171875,171.8751,4.178686505944065,37.174665453633246,6.097103037806828,3.0239513091571095,0.9896560185542076
2025-03-25,179.1903533935547,172.9709,4.178686505944065,37.174665453633246,6.097103037806828,3.0239513091571095,0.9896560185542076
2025-03-26,171.8603057861328,174.15659,4.178686505944065,37.174665453633246,6.097103037806828,3.0239513091571095,0.9896560185542076
2025-03-27,166.6500244140625,174.41037,4.178686505944065,37.174665453633246,6.097103037806828,3.0239513091571095,0.9896560185542076
2025-03-28,163.68827819824222,173.57932,4.178686505944065,37.174665453633246,6.097103037806828,3.0239513091571095,0.9896560185542076
2025-03-31,164.43118286132812,171.95691,4.178686505944065,37.174665453633246,6.097103037806828,3.0239513091571095,0.9896560185542076
2025-04-01,167.04624938964844,170.20148,4.178686505944065,37.174665453633246,6.097103037806828,3.0239513091571095,0.9896560185542076
2025-04-02,168.77969360351562,168.87173,4.178686505944065,37.174665453633246,6.097103037806828,3.0239513091571095,0.9896560185542076
2025-04-03,155.8926544189453,168.10138,4.178686505944065,37.174665453633246,6.097103037806828,3.0239513091571095,0.9896560185542076
2025-04-04,145.4126434326172,166.20674,4.178686505944065,37.174665453633246,6.097103037806828,3.0239513091571095,0.9896560185542076
2025-04-07,144.78858947753906,162.7706,4.178686505944065,37.174665453633246,6.097103037806828,3.0239513091571095,0.9896560185542076
2025-04-08,140.03395080566406,158.8822,4.178686505944065,37.174665453633246,6.097103037806828,3.0239513091571095,0.9896560185542076
2025-04-09,157.24969482421875,154.64369,4.178686505944065,37.174665453633246,6.097103037806828,3.0239513091571095,0.9896560185542076
2025-04-10,149.7017364501953,152.71677,4.178686505944065,37.174665453633246,6.097103037806828,3.0239513091571095,0.9896560185542076
2025-04-11,155.5955047607422,151.27748,4.178686505944065,37.174665453633246,6.097103037806828,3.0239513091571095,0.9896560185542076
2025-04-14,154.36720275878906,150.96785,4.178686505944065,37.174665453633246,6.097103037806828,3.0239513091571095,0.9896560185542076
2025-04-15,155.84312438964844,151.12842,4.178686505944065,37.174665453633246,6.097103037806828,3.0239513091571095,0.9896560185542076
2025-04-16,150.23663330078125,151.70146,4.178686505944065,37.174665453633246,6.097103037806828,3.0239513091571095,0.9896560185542076
2025-04-17,150.3059539794922,151.7766,4.178686505944065,37.174665453633246,6.097103037806828,3.0239513091571095,0.9896560185542076
2025-04-21,146.46263122558594,151.62085,4.178686505944065,37.174665453633246,6.097103037806828,3.0239513091571095,0.9896560185542076
2025-04-22,149.9691619873047,150.92307,4.178686505944065,37.174665453633246,6.097103037806828,3.0239513091571095,0.9896560185542076
2025-04-23,156.31858825683594,150.44914,4.178686505944065,37.174665453633246,6.097103037806828,3.0239513091571095,0.9896560185542076
2025-04-24,162.6283721923828,150.87878,4.178686505944065,37.174665453633246,6.097103037806828,3.0239513091571095,0.9896560185542076
2025-04-25,163.53970336914062,152.44733,4.178686505944065,37.174665453633246,6.097103037806828,3.0239513091571095,0.9896560185542076
2025-04-28,161.8557586669922,154.51668,4.178686505944065,37.174665453633246,6.097103037806828,3.0239513091571095,0.9896560185542076
2025-04-29,162.92555236816406,156.41478,4.178686505944065,37.174665453633246,6.097103037806828,3.0239513091571095,0.9896560185542076
2025-04-30,165.11466979980472,158.1436,4.178686505944065,37.174665453633246,6.097103037806828,3.0239513091571095,0.9896560185542076
2025-05-01,171.08767700195312,159.84328,4.178686505944065,37.174665453633246,6.097103037806828,3.0239513091571095,0.9896560185542076
2025-05-02,177.5856781005859,162.02333,4.178686505944065,37.174665453633246,6.097103037806828,3.0239513091571095,0.9896560185542076
2025-05-05,174.73291015625,164.93797,4.178686505944065,37.174665453633246,6.097103037806828,3.0239513091571095,0.9896560185542076
2025-05-06,170.65185546875,167.54405,4.178686505944065,37.174665453633246,6.097103037806828,3.0239513091571095,0.9896560185542076
2025-05-07,172.89047241210938,169.22818,4.178686505944065,37.174665453633246,6.097103037806828,3.0239513091571095,0.9896560185542076
2025-05-08,173.56405639648438,170.51575,4.178686505944065,37.174665453633246,6.097103037806828,3.0239513091571095,0.9896560185542076
2025-05-09,174.85177612304688,171.51762,4.178686505944065,37.174665453633246,6.097103037806828,3.0239513091571095,0.9896560185542076
2025-05-12,185.21290588378903,172.3975,4.178686505944065,37.174665453633246,6.097103037806828,3.0239513091571095,0.9896560185542076
2025-05-13,192.15666198730472,174.30157,4.178686505944065,37.174665453633246,6.097103037806828,3.0239513091571095,0.9896560185542076
2025-05-14,192.91940307617188,177.27681,4.178686505944065,37.174665453633246,6.097103037806828,3.0239513091571095,0.9896560185542076
2025-05-15,192.38450622558597,180.52097,4.178686505944065,37.174665453633246,6.097103037806828,3.0239513091571095,0.9896560185542076
2025-05-16,192.38450622558597,183.4643,4.178686505944065,37.174665453633246,6.097103037806828,3.0239513091571095,0.9896560185542076
2025-05-19,191.67129516601557,185.91579,4.178686505944065,37.174665453633246,6.097103037806828,3.0239513091571095,0.9896560185542076
2025-05-20,191.6217803955078,187.74834,4.178686505944065,37.174665453633246,6.097103037806828,3.0239513091571095,0.9896560185542076
2025-05-21,189.9477386474609,189.04408,4.178686505944065,37.174665453633246,6.097103037806828,3.0239513091571095,0.9896560185542076
2025-05-22,194.33587646484372,189.71556,4.178686505944065,37.174665453633246,6.097103037806828,3.0239513091571095,0.9896560185542076
2025-05-23,190.16566467285162,190.48994,4.178686505944065,37.174665453633246,6.097103037806828,3.0239513091571095,0.9896560185542076
2025-05-27,195.8117828369141,190.72433,4.178686505944065,37.174665453633246,6.097103037806828,3.0239513091571095,0.9896560185542076
2025-05-28,194.28634643554685,191.3082,4.178686505944065,37.174665453633246,6.097103037806828,3.0239513091571095,0.9896560185542076
2025-05-29,195.2867889404297,191.8017,4.178686505944065,37.174665453633246,6.097103037806828,3.0239513091571095,0.9896560185542076
2025-05-30,191.49299621582034,192.3058,4.178686505944065,37.174665453633246,6.097103037806828,3.0239513091571095,0.9896560185542076
2025-06-02,192.99864196777347,192.31354,4.178686505944065,37.174665453633246,6.097103037806828,3.0239513091571095,0.9896560185542076
2025-06-03,195.7424468994141,192.24641,4.178686505944065,37.174665453633246,6.097103037806828,3.0239513091571095,0.9896560185542076
2025-06-04,200.48718261718753,192.45311,4.178686505944065,37.174665453633246,6.097103037806828,3.0239513091571095,0.9896560185542076
2025-06-05,201.4182891845703,193.30739,4.178686505944065,37.174665453633246,6.097103037806828,3.0239513091571095,0.9896560185542076
2025-06-06,203.24090576171872,194.48384,4.178686505944065,37.174665453633246,6.097103037806828,3.0239513091571095,0.9896560185542076
2025-06-09,205.0437164306641,195.8958,4.178686505944065,37.174665453633246,6.097103037806828,3.0239513091571095,0.9896560185542076
2025-06-10,210.4521179199219,197.46709,4.178686505944065,37.174665453633246,6.097103037806828,3.0239513091571095,0.9896560185542076
2025-06-11,212.07662963867188,199.55292,4.178686505944065,37.174665453633246,6.097103037806828,3.0239513091571095,0.9896560185542076
2025-06-12,214.17431640625,201.82922,4.178686505944065,37.174665453633246,6.097103037806828,3.0239513091571095,0.9896560185542076
2025-06-13,209.86956787109372,204.17557,4.178686505944065,37.174665453633246,6.097103037806828,3.0239513091571095,0.9896560185542076
2025-06-16,214.4228515625,205.78952,4.178686505944065,37.174665453633246,6.097103037806828,3.0239513091571095,0.9896560185542076
2025-06-17,212.6532287597656,207.37703,4.178686505944065,37.174665453633246,6.097103037806828,3.0239513091571095,0.9896560185542076
2025-06-18,212.25555419921872,208.54665,4.178686505944065,37.174665453633246,6.097103037806828,3.0239513091571095,0.9896560185542076
2025-06-20,208.288818359375,209.3248,4.178686505944065,37.174665453633246,6.097103037806828,3.0239513091571095,0.9896560185542076
2025-06-23,209.0941162109375,209.35767,4.178686505944065,37.174665453633246,6.097103037806828,3.0239513091571095,0.9896560185542076
2025-06-24,218.80714416503903,209.10426,4.178686505944065,37.174665453633246,6.097103037806828,3.0239513091571095,0.9896560185542076
2025-06-25,221.44171142578122,209.82759,4.178686505944065,37.174665453633246,6.097103037806828,3.0239513091571095,0.9896560185542076
2025-06-26,222.7042999267578,211.22473,4.178686505944065,37.174665453633246,6.097103037806828,3.0239513091571095,0.9896560185542076
2025-06-27,227.23773193359372,212.93645,4.178686505944065,37.174665453633246,6.097103037806828,3.0239513091571095,0.9896560185542076
2025-06-30,225.1698608398437,215.12117,4.178686505944065,37.174665453633246,6.097103037806828,3.0239513091571095,0.9896560185542076
2025-07-01,223.37039184570312,217.04451,4.178686505944065,37.174665453633246,6.097103037806828,3.0239513091571095,0.9896560185542076
2025-07-02,232.23841857910162,218.41776,4.178686505944065,37.174665453633246,6.097103037806828,3.0239513091571095,0.9896560185542076
2025-07-03,233.4314117431641,220.36162,4.178686505944065,37.174665453633246,6.097103037806828,3.0239513091571095,0.9896560185542076
2025-07-07,227.834228515625,222.47014,4.178686505944065,37.174665453633246,6.097103037806828,3.0239513091571095,0.9896560185542076
2025-07-08,226.5318756103516,223.78093,4.178686505944065,37.174665453633246,6.097103037806828,3.0239513091571095,0.9896560185542076
2025-07-09,230.48866271972656,224.40623,4.178686505944065,37.174665453633246,6.097103037806828,3.0239513091571095,0.9896560185542076
2025-07-10,228.4207763671875,225.05595,4.178686505944065,37.174665453633246,6.097103037806828,3.0239513091571095,0.9896560185542076
2025-07-11,229.0570526123047,225.38788,4.178686505944065,37.174665453633246,6.097103037806828,3.0239513091571095,0.9896560185542076
2025-07-14,227.33714294433597,225.593,4.178686505944065,37.174665453633246,6.097103037806828,3.0239513091571095,0.9896560185542076
2025-07-15,235.56887817382807,225.50703,4.178686505944065,37.174665453633246,6.097103037806828,3.0239513091571095,0.9896560185542076
2025-07-16,236.17532348632807,226.21152,4.178686505944065,37.174665453633246,6.097103037806828,3.0239513091571095,0.9896560185542076
2025-07-17,244.16845703125,227.26988,4.178686505944065,37.174665453633246,6.097103037806828,3.0239513091571095,0.9896560185542076
2025-07-18,238.99876403808597,229.283,4.178686505944065,37.174665453633246,6.097103037806828,3.0239513091571095,0.9896560185542076
2025-07-21,237.45782470703125,230.937,4.178686505944065,37.174665453633246,6.097103037806828,3.0239513091571095,0.9896560185542076
2025-07-22,233.2325897216797,232.06708,4.178686505944065,37.174665453633246,6.097103037806828,3.0239513091571095,0.9896560185542076
2025-07-23,238.9291839599609,232.33131,4.178686505944065,37.174665453633246,6.097103037806828,3.0239513091571095,0.9896560185542076
2025-07-24,240.19178771972656,232.77739,4.178686505944065,37.174665453633246,6.097103037806828,3.0239513091571095,0.9896560185542076
2025-07-25,244.16845703125,233.37865,4.178686505944065,37.174665453633246,6.097103037806828,3.0239513091571095,0.9896560185542076
2025-07-28,241.3350830078125,234.42722,4.178686505944065,37.174665453633246,6.097103037806828,3.0239513091571095,0.9896560185542076
2025-07-29,239.92335510253903,235.24634,4.178686505944065,37.174665453633246,6.097103037806828,3.0239513091571095,0.9896560185542076
2025-07-30,241.494140625,235.70613,4.178686505944065,37.174665453633246,6.097103037806828,3.0239513091571095,0.9896560185542076
2025-07-31,240.21165466308597,236.10936,4.178686505944065,37.174665453633246,6.097103037806828,3.0239513091571095,0.9896560185542076
2025-08-01,233.8390350341797,236.28418,4.178686505944065,37.174665453633246,6.097103037806828,3.0239513091571095,0.9896560185542076
2025-08-04,237.60693359375,235.61029,4.178686505944065,37.174665453633246,6.097103037806828,3.0239513091571095,0.9896560185542076
2025-08-05,231.1150054931641,235.02444,4.178686505944065,37.174665453633246,6.097103037806828,3.0239513091571095,0.9896560185542076
2025-08-06,230.0213928222656,233.8018,4.178686505944065,37.174665453633246,6.097103037806828,3.0239513091571095,0.9896560185542076
2025-08-07,241.20582580566406,232.29218,4.178686505944065,37.174665453633246,6.097103037806828,3.0239513091571095,0.9896560185542076
2025-08-08,240.42042541503903,232.0643,4.178686505944065,37.174665453633246,6.097103037806828,3.0239513091571095,0.9896560185542076
2025-08-11,240.67892456054688,232.3814,4.178686505944065,37.174665453633246,6.097103037806828,3.0239513091571095,0.9896560185542076
2025-08-12,242.86608886718753,232.97386,4.178686505944065,37.174665453633246,6.097103037806828,3.0239513091571095,0.9896560185542076
2025-08-13,240.03271484375003,233.88641,4.178686505944065,37.174665453633246,6.097103037806828,3.0239513091571095,0.9896560185542076
2025-08-14,239.59527587890625,234.53432,4.178686505944065,37.174665453633246,6.097103037806828,3.0239513091571095,0.9896560185542076
2025-08-15,237.4876251220703,234.9388,4.178686505944065,37.174665453633246,6.097103037806828,3.0239513091571095,0.9896560185542076
2025-08-18,240.00288391113284,234.93965,4.178686505944065,37.174665453633246,6.097103037806828,3.0239513091571095,0.9896560185542076
2025-08-19,231.34364318847656,235.02509,4.178686505944065,37.174665453633246,6.097103037806828,3.0239513091571095,0.9896560185542076
2025-08-20,227.26754760742188,234.16124,4.178686505944065,37.174665453633246,6.097103037806828,3.0239513091571095,0.9896560185542076
2025-08-21,226.00495910644534,232.48672,4.178686505944065,37.174665453633246,6.097103037806828,3.0239513091571095,0.9896560185542076
2025-08-22,231.6319580078125,230.4582,4.178686505944065,37.174665453633246,6.097103037806828,3.0239513091571095,0.9896560185542076
2025-08-25,234.21681213378903,229.11229,4.178686505944065,37.174665453633246,6.097103037806828,3.0239513091571095,0.9896560185542076
2025-08-26,237.3285522460937,228.53429,4.178686505944065,37.174665453633246,6.097103037806828,3.0239513091571095,0.9896560185542076
2025-08-27,237.89523315429688,228.75493,4.178686505944065,37.174665453633246,6.097103037806828,3.0239513091571095,0.9896560185542076
2025-08-28,236.88119506835935,229.41267,4.178686505944065,37.174665453633246,6.097103037806828,3.0239513091571095,0.9896560185542076
2025-08-29,229.52430725097656,230.10696,4.178686505944065,37.174665453633246,6.097103037806828,3.0239513091571095,0.9896560185542076
2025-09-02,227.05876159667966,229.92259,4.178686505944065,37.174665453633246,6.097103037806828,3.0239513091571095,0.9896560185542076
2025-09-03,230.04129028320312,229.06622,4.178686505944065,37.174665453633246,6.097103037806828,3.0239513091571095,0.9896560185542076
2025-09-04,233.8390350341797,228.30971,4.178686505944065,37.174665453633246,6.097103037806828,3.0239513091571095,0.9896560185542076
2025-09-05,241.99124145507807,228.10518,4.178686505944065,37.174665453633246,6.097103037806828,3.0239513091571095,0.9896560185542076
2025-09-08,245.74920654296872,229.10858,4.178686505944065,37.174665453633246,6.097103037806828,3.0239513091571095,0.9896560185542076
2025-09-09,249.45745849609372,231.00502,4.178686505944065,37.174665453633246,6.097103037806828,3.0239513091571095,0.9896560185542076
2025-09-10,258.9219665527344,233.54428,4.178686505944065,37.174665453633246,6.097103037806828,3.0239513091571095,0.9896560185542076
2025-09-11,257.40087890625,237.16977,4.178686505944065,37.174665453633246,6.097103037806828,3.0239513091571095,0.9896560185542076
2025-09-12,257.81842041015625,240.72417,4.178686505944065,37.174665453633246,6.097103037806828,3.0239513091571095,0.9896560185542076
2025-09-15,259.85650634765625,243.89085,4.178686505944065,37.174665453633246,6.097103037806828,3.0239513091571095,0.9896560185542076
2025-09-16,261.3544311523437,246.72357,4.178686505944065,37.174665453633246,6.097103037806828,3.0239513091571095,0.9896560185542076
2025-09-17,262.0824890136719,249.21725,4.178686505944065,37.174665453633246,6.097103037806828,3.0239513091571095,0.9896560185542076
2025-09-18,267.916748046875,251.32256,4.178686505944065,37.174665453633246,6.097103037806828,3.0239513091571095,0.9896560185542076
2025-09-19,264.1568603515625,253.62695,4.178686505944065,37.174665453633246,6.097103037806828,3.0239513091571095,0.9896560185542076
2025-09-22,271.89599609375,255.31781,4.178686505944065,37.174665453633246,6.097103037806828,3.0239513091571095,0.9896560185542076
2025-09-23,281.9488525390625,257.36966,4.178686505944065,37.174665453633246,6.097103037806828,3.0239513091571095,0.9896560185542076
2025-09-24,279.9542236328125,260.436,4.178686505944065,37.174665453633246,6.097103037806828,3.0239513091571095,0.9896560185542076
2025-09-25,275.9151306152344,263.39044,4.178686505944065,37.174665453633246,6.097103037806828,3.0239513091571095,0.9896560185542076
2025-09-26,272.6239929199219,265.5088,4.178686505944065,37.174665453633246,6.097103037806828,3.0239513091571095,0.9896560185542076
2025-09-29,272.494384765625,266.61206,4.178686505944065,37.174665453633246,6.097103037806828,3.0239513091571095,0.9896560185542076
2025-09-30,278.5380554199219,267.06735,4.178686505944065,37.174665453633246,6.097103037806828,3.0239513091571095,0.9896560185542076
2025-10-01,287.6933288574219,267.7959,4.178686505944065,37.174665453633246,6.097103037806828,3.0239513091571095,0.9896560185542076
2025-10-02,287.33428955078125,269.54617,4.178686505944065,37.174665453633246,6.097103037806828,3.0239513091571095,0.9896560185542076
2025-10-03,291.4033203125,271.52313,4.178686505944065,37.174665453633246,6.097103037806828,3.0239513091571095,0.9896560185542076
2025-10-06,301.5858154296875,273.83014,4.178686505944065,37.174665453633246,6.097103037806828,3.0239513091571095,0.9896560185542076
2025-10-07,293.2383728027344,277.12665,4.178686505944065,37.174665453633246,6.097103037806828,3.0239513091571095,0.9896560185542076
2025-10-08,303.7001037597656,279.58188,4.178686505944065,37.174665453633246,6.097103037806828,3.0239513091571095,0.9896560185542076
2025-10-09,299.0726318359375,282.5065,4.178686505944065,37.174665453633246,6.097103037806828,3.0239513091571095,0.9896560185542076
2025-10-10,279.90435791015625,284.77277,4.178686505944065,37.174665453633246,6.097103037806828,3.0239513091571095,0.9896560185542076
2025-10-13,302.07452392578125,284.3886,4.178686505944065,37.174665453633246,6.097103037806828,3.0239513091571095,0.9896560185542076
2025-10-14,295.1432189941406,285.19708,4.178686505944065,37.174665453633246,6.097103037806828,3.0239513091571095,0.9896560185542076
2025-10-15,303.8896179199219,285.64328,4.178686505944065,37.174665453633246,6.097103037806828,3.0239513091571095,0.9896560185542076
2025-10-16,299.03271484375,286.8308,4.178686505944065,37.174665453633246,6.097103037806828,3.0239513091571095,0.9896560185542076
2025-10-17,294.2855224609375,287.6805,4.178686505944065,37.174665453633246,6.097103037806828,3.0239513091571095,0.9896560185542076
2025-10-20,296.89849853515625,287.76917,4.178686505944065,37.174665453633246,6.097103037806828,3.0239513091571095,0.9896560185542076
2025-10-21,293.71710205078125,287.76334,4.178686505944065,37.174665453633246,6.097103037806828,3.0239513091571095,0.9896560185542076
2025-10-22,288.10223388671875,287.34708,4.178686505944065,37.174665453633246,6.097103037806828,3.0239513091571095,0.9896560185542076
2025-10-23,289.947265625,286.1731,4.178686505944065,37.174665453633246,6.097103037806828,3.0239513091571095,0.9896560185542076
2025-10-24,294.1658630371094,284.96994,4.178686505944065,37.174665453633246,6.097103037806828,3.0239513091571095,0.9896560185542076
2025-10-27,297.447021484375,284.33157,4.178686505944065,37.174665453633246,6.097103037806828,3.0239513091571095,0.9896560185542076
2025-10-28,300.7181701660156,284.38443,4.178686505944065,37.174665453633246,6.097103037806828,3.0239513091571095,0.9896560185542076
2025-10-29,304.2685852050781,285.1194,4.178686505944065,37.174665453633246,6.097103037806828,3.0239513091571095,0.9896560185542076
2025-10-30,302.40362548828125,286.48526,4.178686505944065,37.174665453633246,6.097103037806828,3.0239513091571095,0.9896560185542076
2025-10-31,299.6211242675781,287.7972,4.178686505944065,37.174665453633246,6.097103037806828,3.0239513091571095,0.9896560185542076
2025-11-03,304.0391845703125,288.64362,4.178686505944065,37.174665453633246,6.097103037806828,3.0239513091571095,0.9896560185542076
2025-11-04,293.25830078125,289.65067,4.178686505944065,37.174665453633246,6.097103037806828,3.0239513091571095,0.9896560185542076
2025-11-05,292.84942626953125,289.43738,4.178686505944065,37.174665453633246,6.097103037806828,3.0239513091571095,0.9896560185542076
2025-11-06,288.46124267578125,288.63925,4.178686505944065,37.174665453633246,6.097103037806828,3.0239513091571095,0.9896560185542076
2025-11-07,285.7286376953125,287.15778,4.178686505944065,37.174665453633246,6.097103037806828,3.0239513091571095,0.9896560185542076
2025-11-10,294.4750061035156,285.2183,4.178686505944065,37.174665453633246,6.097103037806828,3.0239513091571095,0.9896560185542076
2025-11-11,290.3860778808594,284.22305,4.178686505944065,37.174665453633246,6.097103037806828,3.0239513091571095,0.9896560185542076
2025-11-12,289.8375549316406,283.33026,4.178686505944065,37.174665453633246,6.097103037806828,3.0239513091571095,0.9896560185542076
2025-11-13,281.44024658203125,282.55167,4.178686505944065,37.174665453633246,6.097103037806828,3.0239513091571095,0.9896560185542076
2025-11-14,284.0531616210937,281.01004,4.178686505944065,37.174665453633246,6.097103037806828,3.0239513091571095,0.9896560185542076
2025-11-17,281.250732421875,279.58148,4.178686505944065,37.174665453633246,6.097103037806828,3.0239513091571095,0.9896560185542076
2025-11-18,277.1617736816406,278.05453,4.178686505944065,37.174665453633246,6.097103037806828,3.0239513091571095,0.9896560185542076
2025-11-19,281.6097717285156,276.21936,4.178686505944065,37.174665453633246,6.097103037806828,3.0239513091571095,0.9896560185542076
2025-11-20,276.7528686523437,274.9416,4.178686505944065,37.174665453633246,6.097103037806828,3.0239513091571095,0.9896560185542076
2025-11-21,274.3194274902344,273.5422,4.178686505944065,37.174665453633246,6.097103037806828,3.0239513091571095,0.9896560185542076
2025-11-24,283.8736572265625,271.9997,4.178686505944065,37.174665453633246,6.097103037806828,3.0239513091571095,0.9896560185542076
2025-11-25,283.9135437011719,271.6199,4.178686505944065,37.174665453633246,6.097103037806828,3.0239513091571095,0.9896560185542076
2025-11-26,289.1793212890625,271.83768,4.178686505944065,37.174665453633246,6.097103037806828,3.0239513091571095,0.9896560185542076
2025-11-28,290.72515869140625,272.91617,4.178686505944065,37.174665453633246,6.097103037806828,3.0239513091571095,0.9896560185542076
2025-12-01,286.90545654296875,274.45807,4.178686505944065,37.174665453633246,6.097103037806828,3.0239513091571095,0.9896560185542076
2025-12-02,291.3035888671875,275.6411,4.178686505944065,37.174665453633246,6.097103037806828,3.0239513091571095,0.9896560185542076
2025-12-03,294.6545715332031,277.01114,4.178686505944065,37.174665453633246,6.097103037806828,3.0239513091571095,0.9896560185542076
2025-12-04,292.1413269042969,278.66635,4.178686505944065,37.174665453633246,6.097103037806828,3.0239513091571095,0.9896560185542076
2025-12-05,293.926513671875,279.98914,4.178686505944065,37.174665453633246,6.097103037806828,3.0239513091571095,0.9896560185542076
2025-12-08,301.0572509765625,281.20026,4.178686505944065,37.174665453633246,6.097103037806828,3.0239513091571095,0.9896560185542076
2025-12-09,302.5931091308594,282.9815,4.178686505944065,37.174665453633246,6.097103037806828,3.0239513091571095,0.9896560185542076
2025-12-10,309.3050231933594,284.97702,4.178686505944065,37.174665453633246,6.097103037806828,3.0239513091571095,0.9896560185542076
2025-12-11,304.8500061035156,287.5701,4.178686505944065,37.174665453633246,6.097103037806828,3.0239513091571095,0.9896560185542076
2025-12-12,292.0400085449219,289.65063,4.178686505944065,37.174665453633246,6.097103037806828,3.0239513091571095,0.9896560185542076
2025-12-15,287.739990234375,289.87326,4.178686505944065,37.174665453633246,6.097103037806828,3.0239513091571095,0.9896560185542076
2025-12-16,286.8699951171875,288.72568,4.178686505944065,37.174665453633246,6.097103037806828,3.0239513091571095,0.9896560185542076
2025-12-17,276.9599914550781,286.93103,4.178686505944065,37.174665453633246,6.097103037806828,3.0239513091571095,0.9896560185542076
2025-12-18,284.67999267578125,283.93024,4.178686505944065,37.174665453633246,6.097103037806828,3.0239513091571095,0.9896560185542076
2025-12-19,288.95001220703125,281.5317,4.178686505944065,37.174665453633246,6.097103037806828,3.0239513091571095,0.9896560185542076
2025-12-22,293.2799987792969,280.1295,4.178686505944065,37.174665453633246,6.097103037806828,3.0239513091571095,0.9896560185542076
2025-12-23,296.95001220703125,279.84048,4.178686505944065,37.174665453633246,6.097103037806828,3.0239513091571095,0.9896560185542076
2025-12-24,298.79998779296875,280.52817,4.178686505944065,37.174665453633246,6.097103037806828,3.0239513091571095,0.9896560185542076
2025-12-26,302.8399963378906,281.81934,4.178686505944065,37.174665453633246,6.097103037806828,3.0239513091571095,0.9896560185542076
2025-12-29,300.9200134277344,283.70316,4.178686505944065,37.174665453633246,6.097103037806828,3.0239513091571095,0.9896560185542076
2025-12-30,299.5799865722656,285.4484,4.178686505944065,37.174665453633246,6.097103037806828,3.0239513091571095,0.9896560185542076
2025-12-31,303.8900146484375,286.79352,4.178686505944065,37.174665453633246,6.097103037806828,3.0239513091571095,0.9896560185542076
2026-01-02,319.6099853515625,288.258,4.178686505944065,37.174665453633246,6.097103037806828,3.0239513091571095,0.9896560185542076
2026-01-05,322.25,291.29108,4.178686505944065,37.174665453633246,6.097103037806828,3.0239513091571095,0.9896560185542076
2026-01-06,327.4299926757813,294.96915,4.178686505944065,37.174665453633246,6.097103037806828,3.0239513091571095,0.9896560185542076
2026-01-07,318.67999267578125,299.0914,4.178686505944065,37.174665453633246,6.097103037806828,3.0239513091571095,0.9896560185542076
2026-01-08,318.010009765625,301.9993,4.178686505944065,37.174665453633246,6.097103037806828,3.0239513091571095,0.9896560185542076
